lon,lat,label,cause,year,doy,vcf_tree,vcf_herb,vcf_bare,vcf_herb_2km
-83.86770741045302,31.393332695265897,0,-1,2019,19,16,67,17,64.91288806382812
-79.45719524888275,36.103885548978546,0,-1,2018,111,7,72,21,65.0300774152777
-89.27084997139794,37.79397501088034,0,-1,2019,133,17,67,16,66.23759306436007
-92.60919308049844,32.59275306514083,0,-1,2020,84,38,52,10,51.51305189163573
-84.12590668911652,32.81401950701,0,-1,2018,115,62,27,11,40.87316321693788
-85.74602413891294,30.161885241237343,0,-1,2018,80,45,39,16,63.312034483851555
-78.69282662894787,36.25749200777208,0,-1,2017,127,43,43,14,54.25861932783065
-83.20828751033721,31.255764062557535,0,-1,2019,1,31,55,14,57.169951030724256
-83.21244787218413,29.48439880306272,0,-1,2020,115,66,27,7,36.02138372230779
-75.83937959873042,35.71161998356862,0,-1,2018,61,56,34,10,40.744569939183314
-80.60985396298874,36.80217514670406,0,-1,2019,266,60,33,7,37.5950547063238
-81.12319726739909,35.43891691619263,0,-1,2019,76,58,30,12,45.00181681740984
-84.94836450242877,35.05041231766747,0,-1,2019,313,40,49,11,56.551843295223414
-82.69568943284283,37.23234709492413,0,-1,2017,62,71,18,11,29.329345100594285
-91.88184145288845,32.35324893609127,0,-1,2017,73,13,70,17,70.45494935134177
-86.27250145801537,35.482186036633166,0,-1,2019,204,26,53,21,54.13869247481732
-85.98982394490258,35.25186526391312,0,-1,2018,175,8,70,22,58.5293502083045
-78.22227528587082,35.305850456639035,0,-1,2019,338,10,76,14,66.21385696797377
-87.53608862919516,35.1669786291578,0,-1,2019,190,57,35,8,36.32640890960074
-79.96900205097917,34.134696231364394,0,-1,2018,78,19,65,16,59.67757286154331
-85.43051268046909,31.634175647416992,0,-1,2020,337,46,41,13,42.326651525624584
-87.89310066956679,36.09763539827191,0,-1,2019,76,59,33,8,33.51610418847133
-91.53215392323474,32.10644996325007,0,-1,2017,67,10,65,25,58.175607637174934
-79.90261604097905,36.20163617047928,0,-1,2019,232,30,58,12,53.0351909633082
-89.72370219405543,31.912202857030213,0,-1,2017,320,43,47,10,42.55343601895731
-85.2388064227163,31.63392022923289,0,-1,2020,255,43,46,11,52.57960668906963
-80.75404019438788,34.476940506275106,0,-1,2020,96,55,35,10,35.92071641555262
-77.48287687320364,35.372765724383726,0,-1,2017,112,50,38,12,64.08591173857239
-80.90404626006459,34.27923655510791,0,-1,2018,263,49,39,12,47.86184769088003
-80.53423561925707,35.18152690303506,0,-1,2019,341,25,62,13,62.3775842663349
-80.85996278760898,28.327731033768256,0,-1,2017,46,30,55,15,54.176888524165335
-88.4506243766195,33.892707123404534,0,-1,2018,106,50,39,11,52.60782416367158
-81.5224875165923,34.7022596539931,0,-1,2019,125,59,30,11,41.777962085308054
-81.08926967595006,36.58282231656989,0,-1,2017,8,32,58,10,41.47495409402333
-80.20295333780098,36.50462178059571,0,-1,2019,83,24,65,11,51.805130939684794
-84.3858501270454,36.480749371095115,0,-1,2019,346,66,26,8,22.101832471071457
-85.99192437591898,32.42592655631337,0,-1,2017,160,48,42,10,52.51741774951617
-87.8836109216763,34.19546036546814,0,-1,2018,71,60,31,9,43.18459867706587
-80.0854940631554,34.85829221105242,0,-1,2020,74,31,57,12,57.371618152375646
-89.7224634199739,32.19993929794204,0,-1,2019,289,51,37,12,34.61561401429868
-88.71616973882782,33.389021413274754,0,-1,2018,9,32,57,11,57.95658786119179
-81.93120146540234,37.86707978515127,0,-1,2018,69,69,27,4,24.423526623479226
-91.19655721918127,36.794897195876935,0,-1,2017,9,49,44,7,46.53922730504861
-90.85166773875257,29.419269552854473,0,-1,2017,295,31,48,21,54.65488229795189
-76.94120697927785,35.81410689686701,0,-1,2019,123,54,35,11,47.025694197574744
-86.75773620214369,32.03149169428643,0,-1,2018,128,33,55,12,37.14892692846849
-86.94600797053576,36.86331338370432,0,-1,2019,67,45,45,10,58.59626171968905
-93.74089528823612,33.12293737826869,0,-1,2017,352,3,71,26,73.45112054496987
-79.28326459183735,34.79084518814736,0,-1,2019,315,20,66,14,69.97786028874445
-78.3257338586122,36.31216810559518,0,-1,2018,172,36,53,11,55.379571123923874
-84.24224089317514,31.59655590084192,0,-1,2019,345,22,63,15,61.425414255525055
-83.85031854142866,35.30183129035989,0,-1,2017,116,62,25,13,30.237674005331236
-91.71992688393003,30.38629218750212,0,-1,2018,195,58,30,12,26.616786447638606
-78.79401122502227,37.10710627722421,0,-1,2018,294,21,64,15,49.41176122114492
-81.32699398313784,32.23074579851622,0,-1,2019,39,38,49,13,44.61586762499013
-76.12584894244442,36.609541929085935,0,-1,2020,142,43,44,13,53.29499457004639
-94.09907248684418,35.71477021813401,0,-1,2020,113,65,23,12,32.241431898275046
-85.78852352835497,32.33553035271717,0,-1,2020,101,37,53,10,40.38713817478181
-81.39968441826642,31.777054518465928,0,-1,2017,307,39,51,10,48.66764740729038
-85.34259462565821,37.0908942642657,0,-1,2017,275,21,67,12,65.44540320669775
-94.12080530959807,35.28622330174973,0,-1,2019,141,44,47,9,53.801973051010535
-78.74705517667887,37.209221770349856,0,-1,2017,40,50,40,10,47.79124047233525
-90.54117963283326,36.14994628664127,0,-1,2020,279,14,71,15,52.58748938355486
-82.32040243180731,28.077979719276183,0,-1,2017,120,38,55,7,53.506181128796555
-94.48874125766687,32.37323471496282,0,-1,2018,35,38,51,11,51.1242595371614
-81.20236782358444,28.137925928980895,0,-1,2017,77,64,33,3,50.01012933162208
-90.86473785748127,29.374704164913997,0,-1,2018,283,27,59,14,55.29026539444183
-80.99798798102744,26.805012051914677,0,-1,2020,279,30,66,4,62.613554234711
-93.65817401238041,31.910304108355785,0,-1,2019,203,69,20,11,26.112695246934322
-83.87837784136754,32.733578841736495,0,-1,2017,26,47,43,10,59.85759987361519
-84.85232566573615,34.25804676637016,0,-1,2018,265,30,59,11,50.10662243809974
-90.68743010471394,29.890073933623356,0,-1,2019,215,47,46,7,40.818722227708115
-93.05204059625575,31.922984967269702,0,-1,2018,112,44,46,10,41.14114208988233
-84.71717242904437,33.74931978609176,0,-1,2019,76,27,62,11,61.05994351286764
-90.54802496645213,31.37052364278151,0,-1,2017,52,21,63,16,41.41043818250034
-77.42075140378273,36.728368060477834,0,-1,2018,12,52,35,13,43.59910754832465
-88.9563509861723,31.67759114092374,0,-1,2019,82,44,46,10,44.36801263698291
-89.48443496381772,36.284797676412474,0,-1,2017,64,4,81,15,77.22823232024014
-91.48803818720921,35.71567889597808,0,-1,2017,224,17,72,11,70.16567264396876
-81.16221854303085,35.98637714399853,0,-1,2017,32,54,38,8,54.27990440072684
-94.26610814967124,33.275450591736856,0,-1,2017,100,56,32,12,33.45492621527778
-83.07777481874703,32.2013338126022,0,-1,2017,114,5,74,21,55.29452771688689
-76.08634279034618,36.15566393285093,0,-1,2017,113,50,37,13,43.1914228456914
-76.71728802064877,35.576845455859605,0,-1,2018,95,20,65,15,64.05284777628566
-90.15569520803521,37.3568399633891,0,-1,2018,349,51,39,10,46.32869949844005
-84.85532833559594,35.2305524843683,0,-1,2018,127,32,58,10,56.475417604549236
-94.42735656669562,30.061967280932567,0,-1,2017,56,26,57,17,55.10056075504481
-83.76205849241872,30.05713394802324,0,-1,2020,290,22,61,17,42.75793776163019
-83.30624057535711,29.68658417346926,0,-1,2020,78,7,78,15,37.195584343773454
-90.06621291041758,33.61033594129635,0,-1,2017,122,57,30,13,43.48620375985446
-86.22032158719483,32.2295211335898,0,-1,2019,128,10,70,20,62.48238667121118
-86.93957488997204,34.66449373042023,0,-1,2017,39,32,56,12,61.609233077955906
-85.25611545411752,36.66102924491164,0,-1,2020,105,,,,37.80033924658987
-85.99092476673655,34.308046514480466,0,-1,2020,16,48,42,10,59.60980570255112
-91.80543430574535,32.17982437031745,0,-1,2018,7,5,76,19,71.81869878566489
-85.02623809913293,31.396156596434807,0,-1,2019,82,16,76,8,64.009756097561
-86.96632469064984,37.44753993733352,0,-1,2017,106,0,59,41,72.9478860167065
-88.94657455055928,31.66796985158538,0,-1,2019,212,56,28,16,44.274263936336155
-81.46823793957408,36.86444854101203,0,-1,2018,125,30,54,16,52.04286701550006
-86.39819359890267,33.775922453399936,0,-1,2017,56,37,53,10,47.7453109575518
-91.85006814765745,35.01345269870203,0,-1,2019,14,42,48,10,47.34779571880524
-77.61206892146478,36.42156365397693,0,-1,2017,133,36,53,11,56.96321598515213
-93.54613341703475,36.25847036962466,0,-1,2019,285,34,53,13,42.96354660347552
-84.9717717136472,30.24057925666301,0,-1,2018,105,35,55,10,54.96700302126738
-80.63162708172447,27.211376625275513,0,-1,2020,79,20,73,7,61.96661533601832
-91.06915470343219,33.90861848928333,0,-1,2020,8,58,31,11,29.608093199770522
-94.43014286915579,34.262520533546734,0,-1,2019,125,58,32,10,38.10577967340007
-92.9319899188529,35.88691427457731,0,-1,2018,92,57,33,10,29.873528714748396
-88.64121626004757,30.59328873959314,0,-1,2020,230,34,51,15,35.599473695030944
-76.37345010820428,36.632593044727415,0,-1,2020,124,66,25,9,35.100426506595035
-91.1052490489923,36.97889467454206,0,-1,2017,54,59,35,6,40.904823963825194
-85.10124185516378,36.70992230891939,0,-1,2020,3,24,60,16,47.673439968404416
-84.90340668490657,32.59491959045298,0,-1,2018,32,22,62,16,49.75190343917987
-84.77977230921509,34.530230370523086,0,-1,2020,78,29,60,11,51.734556999702356
-86.11769899571208,35.469304824293225,0,-1,2020,258,46,44,10,42.26424184981145
-88.1535189044653,31.957472853518244,0,-1,2019,311,55,36,9,39.63404280524402
-90.77347676389135,35.552130128272594,0,-1,2020,85,5,74,21,63.583660814787024
-91.56824546492507,32.22464572584599,0,-1,2020,122,4,72,24,68.27729067930487
-90.36483709392189,32.027116411458906,0,-1,2018,281,17,70,13,47.23177957732568
-85.36443905322403,35.978918099161895,0,-1,2017,163,71,22,7,27.003850254709164
-93.30995975875355,35.00230874839161,0,-1,2019,59,21,69,10,60.34751535014116
-85.88304497923428,33.78577142748027,0,-1,2020,159,36,54,10,63.76714519855453
-86.39884421551557,34.036826954026274,0,-1,2019,167,27,61,12,53.90622716410246
-89.03254727589422,37.39587279326922,0,-1,2020,74,61,33,6,59.32793034688358
-84.16510044797708,30.237831687700208,0,-1,2018,79,40,48,12,52.69167884364756
-81.09147917162905,33.59695543391899,0,-1,2017,77,27,60,13,50.490372272143766
-80.7514190876898,36.83841780700647,0,-1,2017,38,46,46,8,40.15886337157638
-93.02615111685265,32.04802073557049,0,-1,2017,205,52,42,6,37.43857605433582
-81.53334377067233,28.18373732056748,0,-1,2020,130,60,33,7,41.491144589018106
-76.29200630112835,36.24503302770272,0,-1,2019,47,4,73,23,65.86073374930893
-79.16941948620565,35.50972702432737,0,-1,2018,227,31,57,12,51.676936445866396
-76.02845072871067,36.88519779688306,0,-1,2019,306,37,53,10,51.95686141304347
-91.24969215110922,35.77791072622156,0,-1,2019,8,3,77,20,62.26611772604309
-81.67679319297393,36.25756608398643,0,-1,2017,71,52,41,7,33.16167641017538
-84.63334899378883,36.04595913958054,0,-1,2017,83,69,24,7,29.75662117591294
-93.42691121170132,35.8003776657564,0,-1,2017,318,64,29,7,32.943271793859225
-84.03496685879564,31.556367799429278,0,-1,2018,345,37,52,11,58.06122852063996
-90.14384715858381,31.988852139992073,0,-1,2018,156,46,44,10,33.05481940796619
-84.8088524840702,31.04863286145523,0,-1,2020,204,24,61,15,69.25826323895274
-87.41582067275071,32.76810766358744,0,-1,2020,324,48,45,7,39.10801311164645
-91.80203088717654,30.20917413493034,0,-1,2019,82,14,68,18,67.27814085730644
-87.49132474929321,37.56615753123458,0,-1,2019,98,56,33,11,58.00444268930794
-83.871115153543,33.90666504565854,0,-1,2018,359,47,43,10,47.62855732201047
-80.28008569457235,32.98857134241744,0,-1,2018,64,53,36,11,41.34292428610924
-86.07320821367439,32.721601875301836,0,-1,2019,43,37,52,11,37.66711382520772
-92.23225417701046,37.59089730772622,0,-1,2020,229,53,39,8,36.70881876703131
-94.00013457834973,34.81045647223161,0,-1,2018,343,14,70,16,58.366325684268695
-82.52831201629095,37.0785102410158,0,-1,2019,82,8,74,18,44.994490521327
-89.08185458275545,35.39352103123099,0,-1,2018,56,45,45,10,40.93628447884376
-90.09469692411363,29.760240292741543,0,-1,2017,162,43,49,8,56.91896589180967
-82.26751440297863,35.82203879106435,0,-1,2018,24,72,19,9,19.803771721958924
-81.97794972643818,30.06928768249272,0,-1,2019,283,58,36,6,43.13256984894859
-86.75010985715662,33.48093159413918,0,-1,2019,84,32,60,8,61.961332622390735
-81.51354473293041,32.509096260457504,0,-1,2019,26,36,52,12,56.217304577951545
-84.28968166935087,30.759187830197632,0,-1,2020,249,10,70,20,59.31252715137635
-88.8805093363482,32.65356684274392,0,-1,2020,99,55,34,11,38.39935225230563
-91.82339039290018,29.993557863524146,0,-1,2017,120,4,67,29,65.77745088360153
-91.04703380068823,35.28656818040915,0,-1,2020,71,19,67,14,67.42184784326116
-88.661932766597,35.47565730715058,0,-1,2018,111,8,69,23,54.68103005647933
-77.98407634261319,35.64224276808461,0,-1,2020,321,34,53,13,62.28370586841483
-87.29612494833437,34.637784016199724,0,-1,2017,56,16,63,21,58.3124740822653
-89.63479374890389,30.21302550877621,0,-1,2020,12,24,59,17,55.63912166969721
-94.12957416221163,29.913071668280775,0,-1,2019,38,9,69,22,65.69357670057849
-87.23759231949755,32.430328937788474,0,-1,2017,36,44,49,7,62.891522009597736
-88.01997946930341,36.70647031727904,0,-1,2019,56,66,27,7,25.90466599530044
-81.63296021450167,26.333930252847885,0,-1,2019,295,51,43,6,43.24103546323355
-78.72950821094932,36.88910638390235,0,-1,2020,81,40,50,10,44.11229365768897
-89.11075465447662,36.18324895691909,0,-1,2020,194,5,77,18,68.9511135681567
-82.38030707736559,35.447035555607854,0,-1,2019,359,56,35,9,28.823745482552297
-83.4109018820224,31.387767512307008,0,-1,2018,52,55,32,13,58.37673545966229
-94.04722271719457,35.56204404504759,0,-1,2020,294,38,52,10,58.098690835850945
-85.16828758710572,35.30482589836113,0,-1,2020,82,37,51,12,43.89958374628345
-82.3334556498868,30.014386029034277,0,-1,2020,288,31,56,13,55.305468449695525
-93.17706007075482,30.78446627758188,0,-1,2020,138,17,69,14,44.36835350563705
-91.36770098433018,32.000973017085926,0,-1,2020,112,41,48,11,56.2367916888863
-83.72184276893414,34.017159002614754,0,-1,2017,49,36,54,10,55.8671274809914
-92.17521120576667,34.70242943563018,0,-1,2018,79,19,65,16,57.052031227108166
-91.26924883564458,36.00223577812072,0,-1,2017,93,27,64,9,65.84928423338928
-82.59709459480939,29.49171029914979,0,-1,2020,286,19,66,15,67.91296793555519
-80.0914568802527,26.780199352610865,0,-1,2019,108,2,59,39,56.37330674143992
-88.84096073058862,36.41804864793179,0,-1,2019,133,24,61,15,63.20411629928102
-85.5313248807974,36.074622921089855,0,-1,2020,2,39,49,12,56.6921770386902
-91.38400076178593,30.60702055220778,0,-1,2019,167,18,52,30,63.21028101980766
-93.31565319758667,32.62062580835824,0,-1,2017,284,45,45,10,49.885689457676676
-82.53748848135842,30.176347985632244,0,-1,2017,230,58,32,10,38.876927633527494
-82.96111051329748,37.486579554459205,0,-1,2018,269,61,27,12,29.421267772511833
-82.20147637282882,33.835718930598844,0,-1,2019,116,46,43,11,32.41587520979367
-79.2391170198403,37.58718905677432,0,-1,2020,137,41,48,11,43.719704598858655
-84.50527981234421,32.06715017504154,0,-1,2017,64,33,54,13,53.017770757231695
-78.20575742215595,35.37608051962706,0,-1,2019,258,57,34,9,42.53431597423058
-79.58019539717637,34.03436672466076,0,-1,2018,76,36,52,12,58.49113419161204
-81.13500783555811,28.924968493152587,0,-1,2018,113,47,45,8,57.71202875367816
-81.23638576578959,33.93285946964822,0,-1,2017,263,7,71,22,63.97921445811976
-93.69443813087355,35.44846480061261,0,-1,2020,65,32,56,12,62.467637124967894
-93.60593418370699,35.08023597009978,0,-1,2020,107,19,67,14,58.471899684044196
-83.277110064966,34.44727607287556,0,-1,2020,72,49,41,10,51.8959995261038
-84.40491647911487,31.57741107682327,0,-1,2017,152,37,52,11,48.81063523093024
-86.56720044265526,32.01564436347206,0,-1,2017,215,19,66,15,37.09928909952608
-80.14617813576575,35.31972707004332,0,-1,2017,154,26,63,11,51.34572241093296
-82.95611281162034,37.18876964106113,0,-1,2017,84,42,44,14,36.399269424424894
-81.98524373542152,28.24454041528577,0,-1,2018,61,52,46,2,52.8919783561752
-94.22215467714116,34.74250580553839,0,-1,2020,278,53,36,11,45.43732348468388
-84.60836732451308,34.5675835841045,0,-1,2017,139,60,32,8,32.74633703250266
-80.4136000772166,25.731482605062237,0,-1,2020,186,7,45,48,56.1835558012795
-82.61900597242494,33.007861522599725,0,-1,2020,95,35,56,9,57.47282887721651
-91.99384245943081,30.972997482131195,0,-1,2018,228,19,74,7,68.57806390457762
-85.32232684864842,30.202863538117647,0,-1,2018,131,47,45,8,46.28688508402947
-90.80275577978053,36.42987770647481,0,-1,2019,122,35,54,11,60.07435421439296
-83.46166616835377,32.15435460765329,0,-1,2017,41,5,74,21,70.73171406003159
-87.41914838764455,35.911957584810494,0,-1,2017,335,45,49,6,44.141627172195896
-88.46430836723053,36.23369060927931,0,-1,2018,75,52,39,9,42.410898030928436
-88.6877179782902,34.50910425391479,0,-1,2019,141,28,61,11,61.3929981833978
-90.75169283778635,36.83888760570464,0,-1,2018,14,41,49,10,48.61949139156533
-88.48944530769904,34.962829769165346,0,-1,2018,143,11,71,18,58.99747215419858
-87.72496404065285,30.735971398161638,0,-1,2020,351,41,49,10,47.58396034520212
-88.11968466860063,37.59064252638495,0,-1,2020,344,27,51,22,51.62139667609057
-87.77454750665333,33.56794435437231,0,-1,2020,283,61,31,8,38.172103309375245
-81.54945595221632,32.66791778610881,0,-1,2017,268,5,73,22,57.9070626098288
-93.14540379102067,35.26664130449745,0,-1,2018,31,17,72,11,64.41970968697541
-90.63639241796139,35.59967493546983,0,-1,2020,61,1,78,21,72.54799660340838
-83.699071858219,30.47689401455789,0,-1,2019,262,56,35,9,41.51013113200095
-93.05115113159813,33.68064281117305,0,-1,2019,75,38,52,10,36.90364300523252
-88.7298847571257,32.185260742517585,0,-1,2018,94,54,34,12,33.45948187346971
-80.5544908407459,27.356285326397302,0,-1,2019,229,19,75,6,70.30088862559238
-85.60846292801743,36.33290105509989,0,-1,2019,0,57,34,9,37.58183721435484
-87.43212243096131,34.010224003338216,0,-1,2019,198,2,73,25,55.9381146084278
-79.68063791350731,35.600179763834774,0,-1,2018,252,24,64,12,48.32514368099856
-89.69917878895646,30.325055220093397,0,-1,2017,319,70,12,18,30.143386996531607
-90.73408751869042,36.60568921240198,0,-1,2017,280,52,41,7,56.8481695035741
-83.0822981734463,31.776084206724413,0,-1,2019,248,16,67,17,52.65572054816162
-86.55476772356745,35.998818260279215,0,-1,2017,61,21,60,19,60.829861591012275
-83.99329696837776,32.547006286753884,0,-1,2020,311,53,35,12,42.53147156992477
-78.47402489945269,34.99851465426357,0,-1,2020,141,52,39,9,57.340278875019756
-84.07950750064062,37.76381393925162,0,-1,2020,139,36,51,13,51.009557661927325
-90.5072974690807,30.413539602318647,0,-1,2019,72,41,50,9,44.85277624200298
-85.22765092051222,33.302686381133384,0,-1,2017,126,60,29,11,39.04830650735657
-84.81202686739809,35.982013612335734,0,-1,2020,51,65,28,7,28.465337150755275
-81.50871402324911,32.77152549214162,0,-1,2020,330,2,72,26,59.737943836644384
-79.30684187876555,35.34792625548327,0,-1,2019,191,31,56,13,56.550048379771326
-92.49946521122433,34.837828330540155,0,-1,2019,244,24,62,14,48.304199270242336
-88.28424173052024,33.14506852668221,0,-1,2020,139,51,38,11,41.81454700993971
-92.2712486606433,37.27061565016582,0,-1,2018,77,19,64,17,52.543914382750195
-84.20369695940882,34.68037117812355,0,-1,2020,84,71,22,7,21.429307791053617
-92.00900754571073,30.234930001224747,0,-1,2019,130,6,73,21,69.05437380261108
-85.12641541771784,32.46314634416361,0,-1,2019,49,24,63,13,56.76701591779166
-94.03641590733268,35.981735881416775,0,-1,2019,104,36,54,10,49.249437270465556
-84.88288072984263,33.43194525448849,0,-1,2017,73,35,54,11,50.37517772511851
-77.2522408593762,36.34685162790195,0,-1,2020,266,53,38,9,48.45537124802527
-83.70046892939494,36.1599180297174,0,-1,2018,64,15,71,14,52.752976484293214
-85.99467915244607,35.97985488875148,0,-1,2019,49,22,68,10,50.70040685732345
-79.82415375447253,34.61352817765616,0,-1,2018,93,43,38,19,32.579723425524826
-88.03400148923721,37.85367188051768,0,-1,2018,135,22,55,23,54.27106970061902
-93.44710682193863,34.2003419298696,0,-1,2017,142,69,23,8,35.38864094158534
-87.17875946329133,37.58865040194202,0,-1,2019,172,4,73,23,71.71348181495084
-83.9226922166184,36.677725033069,0,-1,2017,81,57,37,6,31.916296340186843
-81.1868633943373,34.94041934047002,0,-1,2017,67,11,71,18,57.94554035108505
-81.00941850082987,33.794687434024986,0,-1,2018,159,27,62,11,56.945878171586564
-86.53665225067775,33.355508117573265,0,-1,2019,108,29,59,12,54.28326815973457
-85.24833815213718,29.968917096322766,0,-1,2018,277,44,45,11,52.7203451748583
-80.36398920178631,36.33587052831523,0,-1,2019,278,36,53,11,55.878272716502785
-91.47688812483354,36.46617500315906,0,-1,2018,218,15,70,15,61.27541469194311
-80.75868835632738,27.524096857679847,0,-1,2017,19,13,72,15,61.41426907051601
-94.13376240314747,32.01795547750467,0,-1,2019,93,66,23,11,28.376708000947797
-82.74466871095507,34.324322834124764,0,-1,2020,316,48,43,9,53.73799695850534
-79.1394505591954,35.79580898975999,0,-1,2017,85,49,42,9,39.71969741857756
-81.89962006669666,31.31468667813757,0,-1,2019,190,57,31,12,38.338356407876276
-93.44103819394607,35.380687306598574,0,-1,2018,61,15,72,13,62.31187749847549
-82.06236864839917,33.14005362175629,0,-1,2017,162,49,38,13,51.89487194676462
-87.88416522932954,33.665594109807344,0,-1,2017,107,58,32,10,39.454001540193126
-91.68923129211753,31.366505940388443,0,-1,2019,16,4,71,25,65.39156364785339
-86.00957182807836,37.058296755153435,0,-1,2019,0,5,65,30,66.41235830799003
-93.77041880652285,34.36804818678021,0,-1,2020,99,53,41,6,31.117506516072975
-93.23773513328432,33.93597312272605,0,-1,2020,127,50,38,12,36.896133644010916
-89.34938426345593,30.647328286778972,0,-1,2019,38,60,28,12,35.92700311969355
-90.55068157557467,37.41992461587409,0,-1,2017,195,61,33,6,32.46180432120708
-90.8140170673279,30.022520574290677,0,-1,2019,56,20,63,17,63.10935017315136
-77.6511228223353,35.8908431748899,0,-1,2019,107,3,78,19,63.5959043425028
-92.58740255813623,34.097685822115594,0,-1,2017,95,64,24,12,32.36474212147539
-83.23929987293882,30.72397391899823,0,-1,2020,100,,,,55.31393342066413
-92.21957949791818,30.863913140976646,0,-1,2019,54,3,78,19,66.31741611864841
-92.61918301843035,30.336523119346072,0,-1,2019,44,59,36,5,44.363239678559445
-80.88924598206654,33.50689879916051,0,-1,2020,99,46,44,10,50.558686465779374
-91.63007893584833,37.517167413539724,0,-1,2019,77,42,46,12,48.69730423620025
-78.95043103000822,37.029724885592145,0,-1,2020,72,49,40,11,41.55346036133873
-87.21639760221822,33.30175635911205,0,-1,2018,46,51,41,8,45.78914841945228
-85.25616667368948,32.935702300028986,0,-1,2018,62,48,41,11,45.18402133122654
-88.49219726215547,33.34761491860739,0,-1,2020,294,4,76,20,66.36446568201566
-92.14711003154954,35.265056776786885,0,-1,2019,32,37,52,11,56.284086645735826
-94.49760702177689,35.3005618209981,0,-1,2020,83,2,61,37,68.59662579815989
-83.24656414814704,34.49806127315557,0,-1,2018,347,27,61,12,53.169627086351625
-83.67479764471285,32.512661816872836,0,-1,2019,199,18,70,12,62.84457846204511
-86.55806309537634,35.88241073992804,0,-1,2017,0,10,68,22,56.96516725247818
-92.81386706075745,30.42341851643141,0,-1,2020,261,39,52,9,46.10281573335439
-80.61237093263561,25.512195474020437,0,-1,2019,235,10,55,35,50.38108401619114
-84.52810021596932,31.237187451454833,0,-1,2020,50,9,63,28,64.66730514800258
-94.45452668344912,31.933047100825014,0,-1,2018,82,58,28,14,49.393175894479114
-81.85401535670991,37.6054827713215,0,-1,2017,78,62,28,10,30.418907712356344
-80.43500792672809,25.947195948598203,0,-1,2017,78,14,48,38,58.98778865436927
-77.89460677868769,34.126320099222774,0,-1,2017,80,21,63,16,58.79558512843802
-81.28249110465279,31.88883832651052,0,-1,2017,76,41,48,11,43.30410823622356
-84.6676294142205,32.28247242517145,0,-1,2019,360,59,31,10,37.38877260879866
-86.32001497895723,33.87733068335744,0,-1,2019,151,28,62,10,50.50957627453304
-89.72309506850725,36.66439104301609,0,-1,2019,79,2,50,48,57.53964618543674
-78.6137748285073,37.72534956799914,0,-1,2019,35,54,38,8,50.725296208530814
-85.17129296057159,32.765265084244,0,-1,2018,142,54,34,12,43.774464892188604
-83.16126129080212,30.21521084218798,0,-1,2018,76,9,76,15,67.449017478029
-80.3616614999554,35.69285947505222,0,-1,2020,114,21,67,12,53.45607738167662
-88.43967371080264,34.90582846463086,0,-1,2018,26,39,52,9,50.19849137079893
-91.80573463500242,29.523578151101496,0,-1,2019,129,26,58,16,53.07373908922155
-93.94289839067774,34.88993591948506,0,-1,2020,198,25,59,16,42.91417571569594
-86.58548985759735,30.951870751454717,0,-1,2020,109,49,38,13,43.67918156143229
-83.93318096944043,36.47180573935556,0,-1,2020,94,72,17,11,25.55629282935404
-92.25514216684691,33.28115378113423,0,-1,2019,292,51,40,9,37.931398104265405
-84.3814798424754,32.180962673325006,0,-1,2017,35,34,50,16,51.934983908862975
-82.36324362450618,36.91559933755057,0,-1,2018,356,55,37,8,35.7891286749462
-93.1985512410446,35.026528363342095,0,-1,2018,73,21,66,13,60.02286639548202
-85.78838565256522,36.9230471189222,0,-1,2017,63,19,66,15,64.22610842302755
-94.42185006339271,33.05371499677279,0,-1,2020,346,48,42,10,39.53877752542707
-84.15667750451266,36.56617721276321,0,-1,2020,182,20,66,14,47.32420370845757
-82.87398286279837,31.806148384179924,0,-1,2017,136,67,22,11,28.700391026147404
-84.30963491768325,31.06036468283933,0,-1,2017,54,7,75,18,70.36389667838385
-77.8323757552854,36.64652222224028,0,-1,2017,33,31,56,13,45.16628152712762
-87.7701014240139,32.26328731484812,0,-1,2019,83,62,22,16,43.47234454295925
-89.59336424452708,36.460703254428324,0,-1,2018,73,1,60,39,69.52948958436174
-83.43545522750273,30.001745313176652,0,-1,2018,95,53,38,9,35.44022114720109
-93.94332801938593,32.391551436601624,0,-1,2019,39,64,24,12,45.8757676889354
-87.40023729360948,32.613901332947606,0,-1,2018,26,36,53,11,56.561232349165586
-90.93524085712882,37.14168222149764,0,-1,2020,96,24,64,12,49.68564600861081
-86.58056164042809,37.86648861331495,0,-1,2018,47,67,26,7,36.791860410502096
-79.14590426073353,37.537925621541284,0,-1,2017,93,19,68,13,56.4916268415024
-86.697973719066,35.29209268549082,0,-1,2019,103,61,33,6,40.96356778958177
-91.5804910452246,36.62196040697125,0,-1,2020,42,44,48,8,55.37430895593112
-81.85931719967977,29.844321026764273,0,-1,2018,305,54,39,7,44.35285406835548
-77.42742609754295,34.954006109742615,0,-1,2017,64,58,34,8,34.828663942032414
-90.00115041059911,36.86641771141334,0,-1,2017,110,1,69,30,73.82007542103497
-86.10293050167732,33.94886308937139,0,-1,2019,73,45,44,11,47.46771199494449
-92.84180965580218,31.863384381679996,0,-1,2018,95,52,36,12,35.9567809828427
-83.82504586890562,33.64008769454897,0,-1,2020,74,12,71,17,55.69145407155831
-88.25560858327825,35.41383052791508,0,-1,2018,283,19,68,13,50.26367854674698
-90.46726992242603,35.93186339607222,0,-1,2018,64,2,71,27,72.46071964610155
-79.66795656424661,34.9273036083192,0,-1,2017,72,40,50,10,53.99610994826428
-90.01862106348082,36.080135806061875,0,-1,2017,193,3,79,18,67.7889073174584
-83.60500744111592,33.71580917462095,0,-1,2018,152,10,75,15,56.22583193443275
-78.39320710596772,34.376829479299246,0,-1,2018,173,44,45,11,47.973556363061874
-85.70378680123304,32.823881845542516,0,-1,2018,60,52,37,11,43.764087983256324
-78.59476984372284,33.97987102403149,0,-1,2017,316,40,51,9,51.25946255454418
-93.8401149891492,37.37120028143666,0,-1,2019,69,13,72,15,67.02803775224102
-79.66243470970434,35.370963024549475,0,-1,2018,56,50,40,10,46.975140194297445
-86.64946797033564,33.2297842050102,0,-1,2020,176,58,28,14,34.857788835574524
-86.6060345954296,30.591998791187315,0,-1,2019,265,41,51,8,64.8740620804044
-94.32949037313321,35.88795890335697,0,-1,2017,75,35,55,10,54.85333438654001
-91.20145325781827,37.0721188625657,0,-1,2020,265,41,50,9,42.37977607961613
-78.93532231510514,37.34501213921922,0,-1,2018,91,52,39,9,42.17692003948666
-87.96823209251039,35.70837695928461,0,-1,2017,305,58,36,6,36.62325709997235
-82.92583900706663,29.322512448709205,0,-1,2020,85,59,31,10,49.149319748040185
-92.09498922320734,31.929745099072836,0,-1,2019,323,65,25,10,35.476947378813314
-82.25501778179435,33.47124221696075,0,-1,2019,71,27,63,10,52.84134976108677
-83.6041494780469,33.101555877784534,0,-1,2020,86,35,54,11,47.2959401287469
-77.07898235894599,35.90019776312697,0,-1,2017,182,65,27,8,37.669009773916486
-87.16484578800497,34.24167989040686,0,-1,2017,298,14,67,19,56.67049831131126
-89.16742495640301,36.302880265928245,0,-1,2018,62,10,67,23,73.12827297500102
-90.31982308564925,32.06081492478589,0,-1,2019,72,26,60,14,50.45743063098646
-85.5991014899893,32.633969142844954,0,-1,2017,100,49,42,9,40.40656715239112
-77.25220665496066,36.11921900197758,0,-1,2018,74,54,17,29,26.2061403508772
-89.66240860182329,30.66576139469575,0,-1,2020,49,33,56,11,50.124471740590074
-82.0498456519221,27.73126015835417,0,-1,2020,2,39,53,8,67.8323089203752
-82.77064842846752,34.68849011451441,0,-1,2019,49,40,52,8,52.78517406844255
-80.33625129645952,36.30505815867412,0,-1,2019,267,29,57,14,53.143920840575106
-86.61335240310997,32.623462146262305,0,-1,2019,9,1,75,24,60.648997728843675
-90.09408230655734,33.961509892719015,0,-1,2019,321,7,76,17,65.89308002211867
-82.8394123747758,35.12949394845685,0,-1,2020,299,61,30,9,39.64095676391001
-89.88736556462575,33.67273697691882,0,-1,2020,109,54,34,12,45.36538119779633
-93.60639782880756,30.79458810444526,0,-1,2020,50,34,59,7,42.06360647946454
-81.42704135866512,30.86221849294847,0,-1,2017,247,3,66,31,38.99899816807878
-89.27590153847733,36.85492505684923,0,-1,2017,247,7,79,14,72.2791928286538
-79.52729471611646,33.76331072687624,0,-1,2017,104,41,48,11,60.16028830963662
-94.09472071288143,30.525067635648643,0,-1,2018,273,66,23,11,27.119443950792814
-87.51090756791346,35.093382254459556,0,-1,2020,103,60,30,10,44.935290865289645
-86.60406411600394,34.062692744079236,0,-1,2019,283,56,34,10,45.26256442662767
-94.21986453567663,37.22563552650241,0,-1,2019,55,12,75,13,73.35881284309467
-84.90829915693912,36.323694114377496,0,-1,2017,77,67,27,6,42.3145226577155
-83.38699787355607,32.35415407932236,0,-1,2017,8,28,61,11,69.55750167844874
-84.57738919706895,34.10507129150969,0,-1,2018,122,11,60,29,59.84485652783541
-87.18792233740344,34.90798346556137,0,-1,2019,276,18,67,15,60.788782462723454
-79.810152973981,33.413099552106516,0,-1,2017,69,48,43,9,39.768673366635724
-87.57480972185958,35.01723705681953,0,-1,2017,124,29,57,14,49.97366030881018
-86.23900516145852,36.44002064419822,0,-1,2018,195,56,36,8,45.785553493147944
-85.32916607743958,33.27616291841541,0,-1,2020,69,36,54,10,48.57264434088936
-80.21721985892626,36.97713420360164,0,-1,2020,316,46,37,17,42.37289942931616
-80.60997332415785,35.91566322695365,0,-1,2017,318,14,64,22,59.79991311731138
-92.90571086340572,32.134561573776246,0,-1,2020,49,57,30,13,39.41582907130587
-85.00889934607815,33.15558960530083,0,-1,2019,162,33,55,12,45.99533992851925
-87.83409530379066,37.26726540876978,0,-1,2020,78,25,58,17,48.14346083213207
-75.80496132824148,35.79704827652064,0,-1,2017,22,58,29,13,29.16874321255799
-80.64273614350485,27.9387152196753,0,-1,2020,132,6,65,29,68.58445378980832
-89.42113920015879,34.42733705578524,0,-1,2018,114,38,51,11,55.23920856206309
-79.59688139994955,33.38253688891999,0,-1,2020,290,53,38,9,35.640663572627595
-90.01795571789313,29.674736212418228,0,-1,2017,80,21,64,15,57.827179021365666
-81.01148837141123,27.652381720621936,0,-1,2018,254,22,62,16,63.97142913556847
-76.72931760125505,37.03723485211416,0,-1,2019,248,14,69,17,47.41631782639604
-84.42254376605719,34.405061432797055,0,-1,2018,158,28,58,14,48.74428845052622
-89.33187086733739,33.166103796109304,0,-1,2018,167,55,34,11,36.01972904652816
-84.61502043340677,36.24205826734008,0,-1,2018,24,68,25,7,27.631667292008142
-80.08980087550971,35.90998506835289,0,-1,2018,111,46,42,12,62.07198846920843
-80.75149712478803,26.14245130868693,0,-1,2020,112,33,54,13,54.857292386689096
-93.60010950468337,29.93878755990206,0,-1,2019,250,31,53,16,60.003354057591615
-84.26944047526617,31.26444548499482,0,-1,2017,127,0,79,21,71.13263956083014
-92.86188006056081,37.58197366659233,0,-1,2017,135,36,57,7,58.19874807472061
-80.48177859334945,35.32851601573842,0,-1,2019,45,48,42,10,47.112769780621214
-83.23510240205707,37.101609573433564,0,-1,2018,71,62,31,7,26.221664955374763
-86.28204622519385,36.98189980946028,0,-1,2018,355,12,71,17,66.17418004462608
-81.11630644919009,33.0652408213816,0,-1,2019,282,31,58,11,46.86312380275293
-85.60629080503368,31.92166859940029,0,-1,2019,35,41,48,11,42.572954720483416
-92.7970733134363,35.37391074606303,0,-1,2018,161,18,66,16,43.162440758293855
-87.50420686505481,37.853724447479806,0,-1,2020,263,14,68,18,70.30880407526601
-79.74778870789153,32.92239142651381,0,-1,2020,337,43,44,13,40.56712919751933
-90.74205984594914,35.8459461365874,0,-1,2020,42,3,79,18,68.27167344681861
-84.92642673637197,31.50384863642088,0,-1,2019,107,51,37,12,55.720305681167446
-92.27238971957436,36.56502865299127,0,-1,2020,33,42,49,9,42.03383302719677
-94.21985783494164,33.40910334056721,0,-1,2019,162,50,40,10,49.33363609438246
-94.02281860064616,33.495444424308666,0,-1,2019,4,32,55,13,61.89323934762863
-85.17256501737428,34.25243072574746,0,-1,2019,151,6,51,43,59.271456218650066
-94.00520735488044,31.198239509245248,0,-1,2020,0,23,43,34,42.71416916616676
-84.75453564274441,34.24858370891962,0,-1,2020,16,60,28,12,40.390495287748145
-88.79333935435221,33.375937348116835,0,-1,2017,59,43,46,11,53.09244195229823
-92.20631306014886,32.94780489162906,0,-1,2019,43,50,36,14,38.80385109114246
-81.81399889810837,28.102737510925586,0,-1,2020,355,,,,70.25572606504812
-94.00965701455469,34.01447590741553,0,-1,2020,259,61,30,9,35.32218953022254
-86.3462677281104,35.16492782671968,0,-1,2017,37,36,51,13,50.90021918998441
-86.80853146624874,33.53960560606551,0,-1,2017,103,14,67,19,56.632509182827114
-77.12612437381682,35.16968311003519,0,-1,2017,76,21,63,16,58.82434727653357
-91.47033374383292,32.44526430076628,0,-1,2019,134,39,52,9,58.656836142526075
-81.47640340327433,35.00401525662126,0,-1,2017,127,44,45,11,49.1790629257409
-93.2304441513857,37.20705264213596,0,-1,2019,12,7,53,40,65.08540004738964
-80.96403986093453,33.2900736332208,0,-1,2019,214,43,46,11,46.21258862796993
-85.44617554063538,33.133815214634936,0,-1,2017,197,21,66,13,51.673954259983425
-76.83364176673965,36.68054884170399,0,-1,2018,104,28,64,8,58.303927957817415
-82.81511148735005,31.708543081794684,0,-1,2019,108,23,65,12,65.56416837782342
-84.17155928588132,30.19314517128078,0,-1,2017,263,58,39,3,47.015224517199165
-81.76697449360763,30.014528590566346,0,-1,2017,253,7,73,20,58.75364808561894
-77.77582246669093,34.298858724191334,0,-1,2017,4,13,63,24,55.14771156656005
-88.33408522819344,30.626507423568846,0,-1,2020,137,18,68,14,53.34306814367234
-80.59685394206748,25.71314173399554,0,-1,2019,251,11,50,39,53.08644827518119
-85.8415284933751,36.78392616522448,0,-1,2017,172,20,68,12,61.79101736090538
-84.46178774657308,31.32989568694761,0,-1,2020,82,24,63,13,67.80740448217988
-87.91314743011822,34.75399137774504,0,-1,2018,90,25,56,19,62.876760215669606
-86.93153698250241,31.441292636491557,0,-1,2018,279,34,56,10,39.9077284574678
-89.82042181733759,37.268670055791524,0,-1,2019,62,36,52,12,53.02199755143953
-81.55391746328726,35.30294527424191,0,-1,2017,40,17,70,13,57.45666554767872
-87.11417296328725,32.8619223769037,0,-1,2020,251,53,38,9,40.3813529202701
-85.37909888652977,36.9953334089266,0,-1,2019,256,23,63,14,45.08034832747523
-90.58651553747566,35.516875304068485,0,-1,2017,39,3,64,33,66.21484567840287
-87.38771551095762,34.70743079060833,0,-1,2018,143,8,74,18,72.181064078903
-90.6774956587873,32.132219105182664,0,-1,2019,204,52,37,11,37.25549564496058
-91.17556351483395,30.237511011960272,0,-1,2017,136,39,52,9,61.3406066111133
-75.94451841041611,35.70230426541966,0,-1,2017,262,47,42,11,37.87641181581234
-85.69418242295923,33.22859568471058,0,-1,2018,97,54,36,10,41.619178411756444
-81.10963486596016,26.977454357817564,0,-1,2018,3,34,58,8,66.26199358728752
-76.43438755890485,34.87249682356081,0,-1,2019,190,9,77,14,67.7354724059631
-89.1892191321467,37.6820967203827,0,-1,2019,340,55,36,9,52.43045298368944
-91.41654839559408,30.959636179453906,0,-1,2019,60,54,35,11,35.9373222748815
-85.06136294851184,34.259982310014756,0,-1,2019,248,24,63,13,56.46328843951186
-82.59505433378413,30.401745013442472,0,-1,2018,245,43,47,10,43.83047032342139
-93.39053358456542,33.93056831568455,0,-1,2020,80,56,34,10,33.17702243640385
-82.0741406862721,37.847490106610216,0,-1,2017,52,68,24,8,29.628025905303467
-90.3744102450104,35.22055994240736,0,-1,2020,141,6,67,27,68.59409499358148
-82.26517767506569,37.012622639627274,0,-1,2019,120,56,36,8,32.36772690477601
-88.18873512222213,33.45311306837259,0,-1,2018,234,58,31,11,36.327974721042764
-80.88126515113598,34.846796843492285,0,-1,2018,106,12,42,46,49.67604887044723
-90.52127647856764,31.76509066984913,0,-1,2020,76,68,20,12,31.30650001974489
-82.51694002641065,31.82703722511357,0,-1,2019,153,5,74,21,68.25888114373727
-81.2108614900006,33.43120968598901,0,-1,2017,266,65,25,10,42.24433299107493
-88.84773102430158,36.3468300507674,0,-1,2019,163,7,75,18,68.74195395490267
-88.02129513936083,31.78598972398797,0,-1,2020,5,48,43,9,51.65674618848251
-92.15056506546715,36.078674606649905,0,-1,2020,305,38,52,10,48.92844449709751
-89.41372011168345,30.75942107230807,0,-1,2018,154,51,42,7,36.32865351578697
-88.2446702967227,33.54674661714419,0,-1,2019,21,57,33,10,44.105578043242176
-89.561505705591,37.22834190219776,0,-1,2017,125,5,58,37,66.68382498124237
-85.9046945064885,37.57902570262117,0,-1,2017,80,5,77,18,74.93721609985388
-82.38574301178049,33.16114651038565,0,-1,2019,85,10,80,10,61.17491064905317
-78.18008546521564,36.29939204534952,0,-1,2017,161,53,37,10,39.10308260431682
-86.51757273117735,31.17196774704606,0,-1,2017,53,18,67,15,50.556090914476435
-88.20161064392116,30.91509457632413,0,-1,2019,280,52,36,12,39.83597914938988
-88.3512867867476,37.569634600004264,0,-1,2017,34,22,67,11,55.60928891609566
-92.87367145547546,34.0430946445578,0,-1,2020,99,45,46,9,48.366889143398765
-90.12291186333506,35.31569880336844,0,-1,2018,177,20,48,32,57.85777300906055
-90.2551117834803,31.92265385492502,0,-1,2019,45,21,65,14,43.21090356211988
-81.85338932968716,36.04400152341338,0,-1,2017,76,71,23,6,22.64528614874205
-76.42077336593684,36.75896835550407,0,-1,2020,83,61,27,12,33.359762238590804
-93.97093224106773,31.305496951925004,0,-1,2018,10,39,47,14,39.1776426215912
-83.01709755070759,29.734209515180073,0,-1,2019,297,43,51,6,56.53335176335848
-90.77635929569246,29.632502339029685,0,-1,2019,59,20,64,16,62.70573019508728
-92.27787928099163,29.585919534233426,0,-1,2017,42,17,30,53,57.278830837846485
-90.94555910943741,36.14988676576504,0,-1,2017,61,1,75,24,67.67515848095269
-89.91416028162524,29.678014078859444,0,-1,2018,53,,,,35.11050123986515
-92.30601608364252,31.271729119523826,0,-1,2017,187,50,40,10,47.11240991213346
-93.38929521567415,31.356318649110165,0,-1,2019,92,66,22,12,43.977430692678304
-79.85502910540526,35.20733166283944,0,-1,2020,68,41,43,16,36.73993679636579
-89.04784417029421,33.31982000041808,0,-1,2019,137,56,33,11,38.64895339652449
-80.88846570053049,27.36838872555228,0,-1,2018,348,14,55,31,65.61230896813176
-77.46513069698794,35.26065363681883,0,-1,2018,138,33,57,10,46.691959878371435
-83.09931859854747,30.607724841063355,0,-1,2020,44,24,64,12,62.97916748943565
-82.81287745849201,30.291856347187043,0,-1,2020,44,46,46,8,52.87981519142297
-92.20907955362371,30.63845622662531,0,-1,2018,83,16,68,16,66.85679587685868
-85.36587600733543,30.27055272345505,0,-1,2020,122,31,59,10,55.79242861092461
-91.56562891147101,34.00039323216353,0,-1,2020,280,4,72,24,71.92178737856412
-77.95602683805156,36.61083716246854,0,-1,2018,35,54,35,11,40.205742949680086
-87.48478409329005,32.72830145080025,0,-1,2020,270,56,33,11,35.36715910886395
-75.98460256417751,36.32099744947278,0,-1,2020,69,48,42,10,39.062393286065685
-79.29742010609054,36.61637243139381,0,-1,2017,104,31,55,14,56.764763954429675
-88.05908889573811,31.94182539681365,0,-1,2017,66,55,37,8,39.34119441753077
-91.7588527622693,37.66463456556191,0,-1,2020,40,47,42,11,58.35161016447175
-81.5442434026806,34.704971120010256,0,-1,2020,61,57,33,10,39.320097932750215
-85.97713312264186,31.178653938004683,0,-1,2019,130,63,23,14,45.71371294266357
-91.5699728955322,36.800285518867256,0,-1,2017,327,45,45,10,50.453439696706425
-84.73845094168497,37.682905926165716,0,-1,2019,56,10,72,18,65.03131756130706
-84.39730401933201,37.06638322528813,0,-1,2020,80,58,35,7,36.31466377011949
-81.53033056232904,26.586426975698927,0,-1,2019,22,37,52,11,64.64403064649898
-77.78473140680093,36.793792498749745,0,-1,2019,114,48,44,8,54.21672493136614
-90.47993765473922,30.664616338512282,0,-1,2020,248,28,60,12,40.1277873239715
-81.22496204560316,28.06777679881851,0,-1,2017,273,3,80,17,67.03611626713004
-78.7941632816685,37.00732805331694,0,-1,2019,222,53,39,8,46.43041924208614
-81.2878859881088,26.58899620305512,0,-1,2018,43,26,56,18,60.770108813713314
-83.23649059632012,30.405775938243114,0,-1,2017,90,1,67,32,69.95396646720779
-87.08181466844671,33.435262328905985,0,-1,2017,121,23,62,15,48.01074122339372
-85.90989813646091,34.085106599293084,0,-1,2017,97,48,41,11,49.08511898884172
-91.77207894439853,34.82277654581808,0,-1,2017,232,3,83,14,74.8059274177625
-83.78194708838356,30.2047054086511,0,-1,2017,3,46,46,8,50.71309824672245
-91.70013496816846,37.68937114454257,0,-1,2018,124,21,66,13,60.00784011691057
-82.97782138905626,36.28107473629075,0,-1,2019,81,19,68,13,45.782000908247284
-80.99875784496085,32.99530777354123,0,-1,2017,314,21,66,13,50.18568550776156
-91.15654338269505,35.83674483311014,0,-1,2020,14,3,59,38,58.94512460013431
-83.85418032473778,32.468830117813546,0,-1,2017,283,10,72,18,56.677902843601885
-93.81700612296572,34.27051704114177,0,-1,2018,295,18,71,11,47.842716376058924
-89.28349835288809,37.27584716443257,0,-1,2018,65,58,31,11,40.182114366953634
-84.84584709107165,36.515626087859275,0,-1,2020,285,68,25,7,27.716313877260873
-89.72073106096472,30.45261651818807,0,-1,2017,84,60,32,8,36.25456019456831
-89.51617634434977,36.83232427831752,0,-1,2018,62,3,77,20,74.43862559241703
-79.53748506919891,34.54584315724709,0,-1,2018,205,39,49,12,66.91014452693099
-88.79448775820866,37.25666529243816,0,-1,2018,36,5,76,19,77.05237897730638
-83.18076890465596,31.89616373285921,0,-1,2017,13,53,37,10,40.985840393388216
-89.6426048461322,36.946411904051594,0,-1,2017,74,1,78,21,73.18160810570599
-87.47651966763058,32.30451695624969,0,-1,2020,76,57,32,11,38.993937598736174
-84.73216733112616,32.81270537802665,0,-1,2020,116,27,67,6,46.25700464014215
-81.95678015874931,30.37616470000898,0,-1,2017,108,50,42,8,42.89077339230363
-76.57859129149757,34.70508763964042,0,-1,2019,73,25,61,14,48.971464330413006
-79.61308865916655,36.58778781318859,0,-1,2017,177,34,57,9,48.35362192906231
-78.41068324795935,36.388412425903084,0,-1,2019,103,37,52,11,37.53064794769185
-83.94360649481102,30.957571675321294,0,-1,2019,171,53,33,14,41.40757049206224
-88.35422139177852,37.31916017545318,0,-1,2018,280,14,67,19,60.509645953043844
-76.47053792975203,37.095371764734494,0,-1,2020,6,6,62,32,59.7698262243286
-94.45629125440398,34.04813467573405,0,-1,2018,219,8,76,16,58.714195446557284
-86.37639698881924,37.75187905714052,0,-1,2019,73,20,60,20,62.91757341179723
-78.32635648461681,37.27497970504664,0,-1,2018,90,41,50,9,43.3732512812395
-77.68184126034232,36.65066996891757,0,-1,2018,97,32,57,11,47.5397906793049
-81.16952880219756,36.46632907208884,0,-1,2018,70,44,48,8,35.93501826438939
-85.44709107505155,36.27380381389183,0,-1,2017,343,21,68,11,62.86045179890209
-82.63896084177672,36.01799091004177,0,-1,2019,63,67,27,6,29.104114836314835
-82.82932356022388,36.86858387278924,0,-1,2019,84,72,21,7,26.07744254008372
-89.143386811443,36.31940508293914,0,-1,2020,51,12,70,18,70.3271251382525
-84.62190528340082,32.151346040833474,0,-1,2019,7,62,25,13,51.9581103233069
-92.60882439325948,33.35489691947101,0,-1,2019,67,50,34,16,39.14818024263432
-81.19017456298799,36.017003553092074,0,-1,2019,186,41,48,11,36.01552316625193
-75.76662658414949,35.85438627896503,0,-1,2017,32,34,53,13,42.647798303706296
-81.82337967798574,31.6864907950148,0,-1,2019,326,54,34,12,34.912525675462156
-84.13954636216664,37.176151370963495,0,-1,2017,135,26,64,10,56.80445785284718
-86.03102672848647,34.85097059020917,0,-1,2017,64,72,20,8,33.29893343867271
-85.0636081829749,30.25887188698126,0,-1,2020,21,,,,38.875054873842416
-77.64433117760933,37.499670288348746,0,-1,2020,350,34,55,11,52.69862171541895
-83.30695875462409,30.83165609131877,0,-1,2019,129,14,73,13,67.77036071788193
-89.0149874513574,36.12395697990762,0,-1,2018,75,2,75,23,73.45904002211387
-81.32207234125657,32.257339662150386,0,-1,2019,246,40,48,12,45.90399083746373
-84.24494658176998,35.06286940219022,0,-1,2019,69,68,23,9,27.024923964134775
-94.12233886945363,35.223687071292076,0,-1,2018,317,20,66,14,63.99996050942839
-82.31021317424073,28.140696338456046,0,-1,2020,125,18,69,13,61.98021366086766
-81.56353815503877,31.99820430468566,0,-1,2017,318,25,57,18,52.77673564489379
-93.86700173433198,37.2288623654368,0,-1,2019,62,16,69,15,65.8114768665706
-89.34640926373092,33.12204884365732,0,-1,2020,254,56,32,12,36.26390836378
-81.31766774774051,26.473589288134704,0,-1,2018,102,34,60,6,56.57626917836624
-79.93624058228157,34.98282304786304,0,-1,2019,77,53,36,11,38.9581564345096
-93.96127176089648,36.69487140985665,0,-1,2018,40,22,61,17,60.85631616369097
-83.92098564760964,31.10919782819357,0,-1,2018,190,27,58,15,55.71895179604655
-83.57763310465339,30.445029410413785,0,-1,2019,121,55,33,12,37.808947503504385
-81.28289238693426,32.35207326701086,0,-1,2017,53,45,42,13,52.99976306124865
-81.37136111426113,34.50233616034239,0,-1,2020,37,61,29,10,32.72960432791028
-91.37942062437284,36.03338455420576,0,-1,2019,80,36,57,7,56.012163576407396
-81.45721013816409,29.3347210502645,0,-1,2019,34,33,55,12,48.85454186413902
-92.50391611009118,33.280049804196274,0,-1,2020,299,58,32,10,40.640826159071175
-83.43588721471579,31.0913876063824,0,-1,2018,66,2,73,25,69.37891203475172
-88.02938845840507,33.630832036092805,0,-1,2019,94,51,34,15,45.46569905213272
-93.47069092170766,31.11543302130607,0,-1,2019,304,64,24,12,38.12192616879654
-88.75559000152946,34.01994085122334,0,-1,2020,49,12,67,21,69.84758048587797
-88.78527659303235,34.40756523224434,0,-1,2017,9,29,59,12,66.84407890839438
-84.07674426601824,33.711653336754864,0,-1,2017,38,11,71,18,55.01375128794484
-81.9017849342822,35.54406829472083,0,-1,2019,8,63,29,8,33.11345865255511
-89.41672676326174,36.41532287819126,0,-1,2020,135,52,33,15,39.9071688270629
-84.30109524510573,33.238510928010236,0,-1,2020,61,32,59,9,58.21016882219368
-84.489645021046,31.432357647649866,0,-1,2017,61,28,61,11,54.92966590316722
-91.48603479938757,31.79009564231822,0,-1,2017,256,47,43,10,45.17474577944515
-93.49076419267426,37.24843391303398,0,-1,2019,326,19,64,17,64.52480154812213
-91.3339969088579,36.95221555018213,0,-1,2020,24,24,61,15,44.8285313691029
-89.2219331246695,33.18657862629416,0,-1,2018,72,52,37,11,38.46611374407583
-85.84109935628909,33.01651389221402,0,-1,2020,285,54,36,10,44.50453172205438
-80.28414340652094,37.637329121149314,0,-1,2017,334,68,26,6,29.775206350460092
-87.06782239938816,31.55156146718959,0,-1,2018,122,47,42,11,41.37342997077179
-86.93785704866065,33.92754893410552,0,-1,2017,326,58,31,11,40.4335446162352
-89.55874617321938,36.07404502013779,0,-1,2017,48,7,58,35,66.47928105866086
-81.94687218988186,31.59319477756049,0,-1,2017,121,21,64,15,57.67028105310975
-94.00550088881461,36.73132461614764,0,-1,2017,39,27,61,12,67.4009714296997
-86.33593164975544,34.01359130742671,0,-1,2020,48,58,35,7,47.30581498667192
-89.69943000249117,37.754278751267684,0,-1,2020,196,49,44,7,53.00714849921012
-80.94704377847923,34.909646575380805,0,-1,2019,67,53,37,10,53.45574644549761
-88.15981376016863,32.11100232810874,0,-1,2019,31,31,56,13,42.28428410639181
-91.13222935714857,35.692658163230625,0,-1,2017,23,9,66,25,62.739794205360134
-90.44186487823998,34.59699385519104,0,-1,2018,80,1,71,28,65.25733638930951
-87.48082581960696,34.26533265124121,0,-1,2019,249,59,30,11,36.93618197614721
-89.62539114100187,32.077579859851475,0,-1,2020,75,28,60,12,30.251303111672737
-93.98787288253905,36.12383108853597,0,-1,2019,255,24,55,21,47.0493039786751
-80.66412138807839,33.758018159222345,0,-1,2017,155,58,31,11,39.805625191073055
-89.34834788407404,31.43144863220741,0,-1,2017,102,64,34,2,48.4729577631657
-85.90195061793013,35.74745977099513,0,-1,2019,290,12,70,18,67.26111429304996
-85.06523828350304,33.76494542163845,0,-1,2017,288,23,61,16,50.03633204328251
-92.82410639966491,32.04250455190322,0,-1,2018,244,42,44,14,38.11512638230646
-90.20237149142731,34.85404700733314,0,-1,2018,76,6,71,23,68.01378547587542
-91.16297464108233,29.38842871366822,0,-1,2018,94,28,56,16,56.17568556545693
-86.72583162454207,33.685869463372946,0,-1,2018,183,53,38,9,40.64021801378386
-93.62472724244007,33.039924846560424,0,-1,2019,67,60,31,9,36.73889086384643
-90.10871899290024,32.0319784918551,0,-1,2020,97,59,31,10,38.48559581399941
-82.26281012287419,30.560617294874056,0,-1,2019,176,52,39,9,43.01429728075196
-93.2770362966779,33.12179655569348,0,-1,2019,44,47,42,11,39.0323434167917
-90.21409844287115,30.867314049083966,0,-1,2018,21,17,66,17,48.50882631703657
-94.45871477388444,32.82119452177587,0,-1,2020,248,58,32,10,39.01020790964914
-87.13528406152415,37.28077070331778,0,-1,2017,49,22,64,14,59.180764293472905
-88.91238463415708,34.46022258324698,0,-1,2018,90,48,40,12,45.94103591951188
-93.01100385481031,30.167663663055198,0,-1,2018,236,13,61,26,68.61128843599451
-80.33012993791188,34.538076078781955,0,-1,2018,70,32,57,11,62.58738146314077
-94.35294328262016,36.35267360743421,0,-1,2017,352,15,71,14,68.98216965484559
-80.6698770108492,37.28911603977749,0,-1,2017,315,55,39,6,36.96959466129636
-87.32805384544761,31.797537579017906,0,-1,2019,200,45,44,11,30.59595560646157
-92.46484491889684,32.704979126594374,0,-1,2020,61,56,34,10,47.97560879268461
-83.33471481538483,36.51779084901512,0,-1,2020,57,69,23,8,24.455060728744925
-88.07690378951574,34.55885786163323,0,-1,2017,219,44,45,11,43.62058957095189
-89.29270746046154,31.464142386106502,0,-1,2017,56,62,34,4,39.77114309973737
-77.30017608516486,35.60776982283064,0,-1,2020,117,36,52,12,60.55485998657133
-80.59266080574272,26.41381776529611,0,-1,2020,290,19,45,36,47.46746041148366
-90.98178632607323,33.061994307251695,0,-1,2020,290,53,34,13,53.053678289316196
-84.17154993652504,30.265759861501483,0,-1,2020,12,33,56,11,44.313803317535516
-80.41576873254067,26.16580467984515,0,-1,2017,31,10,68,22,65.62791065115637
-93.07719454125093,31.23168929831252,0,-1,2018,282,56,30,14,38.453527634618794
-78.53457396693754,37.17842205462481,0,-1,2018,151,58,33,9,39.44782514265405
-81.52627477610868,37.68402578856239,0,-1,2018,162,68,24,8,26.476985960547378
-90.82934984053921,30.771645406632977,0,-1,2017,134,51,37,12,43.341471444852495
-86.09057312281104,36.53550527686416,0,-1,2018,116,34,55,11,59.64780582217478
-87.66601845736616,34.790459507276715,0,-1,2019,98,7,29,64,55.8601504449133
-94.03017653239193,32.7697630208064,0,-1,2019,311,51,40,9,35.3084401028763
-78.53716137693101,36.04387398483699,0,-1,2017,62,40,51,9,44.96220677671593
-88.87508268347642,31.276040728893978,0,-1,2020,255,51,38,11,25.31021206018244
-91.50591482282456,32.38383044228397,0,-1,2017,340,9,73,18,68.10945244160105
-84.60120371195534,30.71938812385155,0,-1,2019,203,24,63,13,61.82109566316455
-91.84185057427095,30.039359547205652,0,-1,2017,358,57,33,10,60.89354701761835
-85.66182575211916,36.84937878121247,0,-1,2018,341,23,65,12,53.66162473835947
-90.17711482764747,31.090611240074956,0,-1,2018,93,18,68,14,54.728358739436054
-88.26922950659379,32.415599118568835,0,-1,2017,98,51,39,10,39.11742057772425
-85.7678939624759,33.496451956188324,0,-1,2019,182,57,31,12,37.36805939499249
-92.42666639976846,34.504586256092274,0,-1,2017,350,44,47,9,43.97693705078587
-86.62594847054497,36.78495590344429,0,-1,2018,63,9,69,22,74.08230810245068
-91.70267110487731,37.448297828763465,0,-1,2019,65,46,44,10,40.190634196440904
-89.11056090325006,34.70521701861225,0,-1,2018,73,45,45,10,33.817320222722444
-92.54743176407808,29.81137430285665,0,-1,2020,77,,,,51.56460554371003
-81.58578622550863,33.06241894678091,0,-1,2020,94,58,28,14,34.82307403677151
-89.47075669575258,29.3900577245749,0,-1,2020,121,23,54,23,41.74421856512853
-83.05829959117945,36.86650735795821,0,-1,2019,65,64,29,7,22.754581720515034
-91.0699472785448,36.825526564221974,0,-1,2020,66,52,41,7,41.22368369080065
-78.69229631656606,37.146877954180326,0,-1,2017,321,46,46,8,59.70762000671366
-94.02403220228288,30.424779937162892,0,-1,2019,104,61,30,9,36.810552505825214
-81.6892595883834,37.44168661950933,0,-1,2017,10,58,34,8,29.190419776487786
-80.49165250296875,32.636252221717164,0,-1,2017,44,48,40,12,50.466561358475694
-81.56696324361863,31.326334556417127,0,-1,2018,224,49,39,12,40.30371598941672
-82.95830698879273,30.500187236546612,0,-1,2018,253,48,43,9,58.9301710178127
-88.25923114167118,30.530973175756646,0,-1,2017,315,51,37,12,60.4519982623805
-89.3150439828155,36.54392169314146,0,-1,2017,296,1,74,25,71.60494875491223
-91.84425258504768,29.579234160520112,0,-1,2018,296,23,60,17,51.7989905054144
-89.38901265986348,31.451879383184867,0,-1,2020,45,38,52,10,51.86596635336862
-77.42473035527962,37.44770171439922,0,-1,2019,136,26,59,15,55.79811270871044
-89.40417300135667,33.85242757554252,0,-1,2020,43,27,61,12,62.67163678015641
-83.57574861490986,35.750614380391106,0,-1,2017,280,48,44,8,43.44157895776149
-84.1859555114397,34.65153974951464,0,-1,2020,164,74,16,10,22.70549094714396
-80.12253050066754,33.76578813310857,0,-1,2017,165,58,30,12,45.31384512103621
-87.60806859282158,36.13165563380869,0,-1,2019,0,33,55,12,54.31408255974718
-79.5180629140405,34.325169029402474,0,-1,2019,43,29,59,12,52.106443904654725
-88.40242707112371,30.793714975620603,0,-1,2017,282,29,61,10,56.46416934894653
-82.90487215325103,30.439280631326778,0,-1,2017,266,4,56,40,55.00100706923104
-83.82773810696747,33.34245197686283,0,-1,2019,24,30,59,11,51.192298243459035
-92.36375057239637,32.33386274235222,0,-1,2019,64,67,23,10,35.61680489731438
-81.97851544947089,30.433570529592515,0,-1,2020,233,52,39,9,39.247122010939336
-87.70020820537192,36.31736920260879,0,-1,2019,19,34,54,12,48.70448845796882
-78.86651390234042,36.44613059221895,0,-1,2019,59,38,53,9,47.32304118268214
-92.92526942111095,34.9481528463863,0,-1,2018,206,45,44,11,54.20162723646273
-80.97076722804206,25.39949264212733,0,-1,2018,56,50,47,3,50.726661640909676
-88.31635354383465,30.814835287852215,0,-1,2017,96,46,44,10,48.797583081571005
-90.75678743826502,30.921375109499813,0,-1,2018,40,19,69,12,42.98017573304372
-88.94326606546558,31.100114792720365,0,-1,2017,80,49,41,10,32.82005212446692
-80.9367799845172,26.519959921170436,0,-1,2019,282,31,62,7,66.6627107934126
-82.2737022572723,28.867095457454376,0,-1,2017,33,37,55,8,58.76293546093687
-82.17642904537134,27.142988456755294,0,-1,2020,84,37,56,7,57.28424170616112
-82.64596006195532,29.96220689684358,0,-1,2018,114,2,73,25,69.85593571696512
-90.50317527006685,35.74566350980945,0,-1,2017,251,0,56,44,71.93748519074326
-78.33233740261785,34.786034082939274,0,-1,2019,62,47,41,12,51.338975017280525
-88.3417605122584,36.10943001803815,0,-1,2017,159,10,74,16,65.22108319506991
-82.46535604860776,35.15899787229241,0,-1,2017,36,72,21,7,26.416776946019088
-80.52166603794923,35.24325070209584,0,-1,2019,226,30,58,12,56.601101961016674
-91.11382173400963,29.873891696967412,0,-1,2020,103,52,40,8,41.00611979712455
-93.0214686025845,35.03111370053177,0,-1,2020,136,48,42,10,44.84169464744223
-91.85396826166549,34.73622199841866,0,-1,2018,79,0,69,31,68.09075650164885
-84.38940166977302,37.263424231188495,0,-1,2020,64,69,24,7,34.28240777312583
-82.5703909300617,30.99854918339615,0,-1,2017,125,63,26,11,35.15231513476158
-93.46334372498262,36.38177818282302,0,-1,2017,73,12,69,19,68.90813565347923
-88.97397288752721,34.024441813990556,0,-1,2017,10,56,31,13,41.870985581670936
-81.07294753008308,27.477553957185442,0,-1,2019,48,17,73,10,68.24728019428595
-87.14318264189347,32.603093895501125,0,-1,2018,257,54,34,12,35.861845613065036
-94.20499884577538,31.686884439227875,0,-1,2017,69,13,69,18,53.985684950440316
-90.97550448932252,29.930792089066763,0,-1,2017,201,18,57,25,61.1328080257519
-89.68717341943936,33.18627775422056,0,-1,2017,140,57,34,9,35.19829424307038
-94.21740464084479,34.948069713924866,0,-1,2018,55,25,63,12,49.25511916750588
-86.68571173916074,32.0075034994811,0,-1,2017,54,60,31,9,29.626843861693093
-84.32418369620491,31.179660304652895,0,-1,2018,104,55,32,13,56.95383916760447
-82.89720819673613,34.79308479570345,0,-1,2017,229,14,26,60,44.18707080941123
-83.58932518173387,37.38169138471238,0,-1,2017,285,71,17,12,21.723071453963744
-81.01010716154568,27.082670568252798,0,-1,2018,5,24,69,7,68.14418843412501
-87.65469705565002,34.69092955081396,0,-1,2018,13,2,60,38,70.44569702473792
-82.53852274155838,33.79437311433644,0,-1,2020,107,53,37,10,38.42959248144054
-82.10005936952787,34.094825033041325,0,-1,2020,57,28,61,11,42.57421265672821
-86.63233657055135,32.46284327537327,0,-1,2017,79,45,43,12,42.81361688683531
-88.65640760095079,30.657484939656715,0,-1,2018,291,53,33,14,30.434796526749626
-89.78836756634738,37.10605439668669,0,-1,2019,32,1,55,44,67.59194755444982
-84.22583157824153,32.79734896736994,0,-1,2019,80,53,33,14,35.691949211113524
-91.13809776258044,34.377355871294434,0,-1,2019,206,39,50,11,48.60203068778692
-88.11451474174099,35.59272806004588,0,-1,2018,74,33,56,11,52.48695720858593
-78.0800574139727,35.42960745731528,0,-1,2018,53,27,61,12,67.07178970652132
-83.4689552814776,30.741317654451432,0,-1,2019,10,59,28,13,37.334472068087116
-84.15557682776164,31.750286307577305,0,-1,2019,69,14,66,20,66.64324932848793
-85.6583506243701,34.81855375562061,0,-1,2019,49,10,69,21,62.9507779181804
-88.83393084300155,36.8473122504846,0,-1,2019,340,13,69,18,65.69259932074873
-88.23563340621797,33.5281692243353,0,-1,2017,110,45,43,12,43.55964534665588
-92.27566223680074,30.78479317138615,0,-1,2019,171,64,26,10,27.288785125357556
-89.52977011211402,37.59335212309821,0,-1,2019,80,67,21,12,29.21687892035734
-91.04663443734266,32.544256016226264,0,-1,2019,263,1,66,33,58.97895379948172
-82.41899290390118,37.17439016313323,0,-1,2018,154,56,35,9,38.74279790699971
-92.79310770363854,30.95399651249459,0,-1,2019,83,30,57,13,31.52350676276039
-77.412381520212,36.94543100132221,0,-1,2018,285,19,66,15,52.52430788673436
-93.2025664138542,32.17822196118378,0,-1,2019,61,49,42,9,39.22973186431308
-84.56517865370105,35.75154527209135,0,-1,2019,53,56,36,8,45.05696739924569
-79.88629928726964,35.48359619667709,0,-1,2020,187,52,37,11,43.493590883055816
-83.39982070826082,29.55193054331787,0,-1,2017,318,,,,46.900663413949246
-87.71037687860762,33.248706612969286,0,-1,2018,51,59,28,13,43.795975592899055
-93.78187615624236,29.735234906885267,0,-1,2018,5,31,57,12,58.34582715093651
-87.4445003758553,34.693654947687406,0,-1,2017,2,18,69,13,71.35912725836708
-78.68061322441795,36.310174575693395,0,-1,2020,79,26,59,15,53.438018323987045
-79.53641099235118,35.743243897975276,0,-1,2020,73,33,54,13,47.33652592914413
-76.38638744404567,35.494326891586496,0,-1,2020,24,66,23,11,29.502724795640326
-86.58727298562177,34.834220312412505,0,-1,2017,100,16,72,12,64.56514355673154
-80.61094904007255,33.41523290146965,0,-1,2017,185,39,50,11,51.22019272540577
-84.83212245484059,29.88163055755476,0,-1,2020,75,51,39,10,36.561043526344896
-86.9142480091869,32.44081641557366,0,-1,2018,172,25,62,13,58.517974703746575
-84.99457361239106,35.270683989928614,0,-1,2019,159,15,71,14,59.79070318516617
-85.97330057818083,31.89192196641043,0,-1,2017,195,51,41,8,53.16344425792436
-89.55709113556331,37.147606287406326,0,-1,2020,231,20,67,13,70.00001974801529
-90.93721332002917,37.615375144957724,0,-1,2017,265,63,31,6,35.47655432486327
-82.38504066643141,36.358918404083894,0,-1,2018,12,6,40,54,60.734915495182435
-79.27868337485192,34.86282029576806,0,-1,2019,338,3,81,16,70.68918945601735
-94.05976104198776,31.99875082959211,0,-1,2018,100,42,42,16,38.42719481853006
-82.08467369788512,36.87453634186747,0,-1,2020,81,27,59,14,49.54204020378342
-85.68301015932444,34.469970026226356,0,-1,2020,221,50,43,7,47.89992496346907
-91.3107946642254,34.062016413398716,0,-1,2018,164,49,36,15,50.84821199376023
-81.1648136492429,37.3511698012054,0,-1,2019,297,63,27,10,45.446208497886424
-81.3896125406504,32.7108238907009,0,-1,2017,79,64,25,11,35.468187203791466
-89.86882239021783,30.56921158606354,0,-1,2020,246,28,59,13,39.08232459864538
-79.84510054743275,33.826815416614494,0,-1,2019,356,50,41,9,44.10868663730967
-83.75709915773922,34.00286571793968,0,-1,2018,127,46,41,13,58.112986987342794
-82.43473218791591,33.0040790153769,0,-1,2017,121,14,68,18,49.9279042672933
-82.45090693279614,31.837176242542384,0,-1,2020,279,46,41,13,51.22545418641391
-94.2147037897213,30.770083157163484,0,-1,2020,17,60,33,7,31.53695622124367
-82.63209712024111,35.67445298118899,0,-1,2019,69,26,59,15,57.876611708954435
-89.3744810364213,35.74164806782401,0,-1,2020,81,8,76,16,74.677448657188
-78.76518726157609,36.240830139438096,0,-1,2017,12,57,34,9,42.223009793081665
-94.097509904432,35.77727943494487,0,-1,2018,342,37,52,11,36.29762774803958
-81.14153589247401,29.41031546762632,0,-1,2020,26,30,61,9,58.04259731026719
-84.3172116062099,30.12714064629596,0,-1,2018,65,33,58,9,49.49720604205747
-84.80258258722978,37.03288053221832,0,-1,2019,360,22,68,10,65.20599909164511
-80.13862099721894,34.60264058460778,0,-1,2018,289,21,68,11,57.66812778896653
-90.28194089678517,32.2926030579517,0,-1,2017,136,12,67,21,53.28391453734058
-90.67066604477836,31.754305976072434,0,-1,2017,96,58,33,9,30.53263166209199
-80.36025123168223,26.02812697081614,0,-1,2018,317,11,51,38,59.73546275171113
-77.42455191414192,35.56384525584224,0,-1,2018,316,4,75,21,68.07976780460838
-79.90196966355795,33.55330377834842,0,-1,2018,115,43,45,12,46.345943491223544
-81.39594332285654,26.843442777870155,0,-1,2017,23,41,52,7,61.659834932669874
-92.65458652703317,31.768126581996352,0,-1,2019,76,66,23,11,32.10328759008785
-77.26082393073901,35.44660216048541,0,-1,2018,11,51,37,12,51.56175825911807
-82.34910296515595,30.989536961041413,0,-1,2017,106,62,26,12,36.212267224866196
-91.14992094894234,29.965748932815625,0,-1,2017,38,44,47,9,42.86154332201247
-84.79940163832923,32.72007903632282,0,-1,2020,185,57,32,11,41.370095377263475
-88.44499765496802,36.08915346435045,0,-1,2017,116,26,57,17,70.68067376236645
-83.82675993027772,33.559030555608786,0,-1,2019,9,31,58,11,55.92078601757678
-88.191272409487,35.60678769353132,0,-1,2020,108,18,66,16,51.923568268830216
-85.87721369819627,30.70830177351755,0,-1,2020,50,2,62,36,53.394009398570475
-86.517901145014,36.83028920651019,0,-1,2018,321,3,76,21,72.40862593309375
-81.67230964579606,29.65558765415669,0,-1,2020,328,9,50,41,65.03617407787695
-88.18230329884283,34.171113645712296,0,-1,2017,134,54,38,8,41.40050949879538
-90.0251990084499,31.86568485968214,0,-1,2020,38,63,25,12,38.549145046005606
-83.62415771639508,31.592953225523384,0,-1,2018,269,20,63,17,67.79564796714256
-82.42491630006721,36.26425905781693,0,-1,2018,325,34,54,12,57.71291176238248
-79.74225295562606,33.94847473087878,0,-1,2020,155,35,55,10,55.28299502408973
-83.79360702923722,37.2585512974318,0,-1,2020,48,51,41,8,38.99121317431485
-83.61467844206794,37.02428508886996,0,-1,2019,36,73,20,7,24.323789024703316
-82.03658346390716,30.34088543546201,0,-1,2020,69,57,37,6,41.248977898915676
-86.60311258802565,33.072939060736395,0,-1,2017,294,51,38,11,37.72643260534734
-82.21297368411985,30.85442912958204,0,-1,2020,182,45,47,8,38.524906192300826
-87.14438416553129,34.13230054732349,0,-1,2018,310,19,70,11,48.85325829383885
-83.0672793044729,37.86722689939847,0,-1,2020,203,61,31,8,28.438240404359494
-82.89492935458212,35.9113639343812,0,-1,2019,111,36,53,11,41.8450526232648
-89.17702186594624,36.32133112950159,0,-1,2017,205,8,85,7,74.68263059148813
-86.57627752020174,36.54784064480432,0,-1,2017,282,20,70,10,66.99210016984632
-93.6716450659942,29.976394331533804,0,-1,2019,111,29,49,22,55.10686129588571
-81.78819594857997,29.77119645354795,0,-1,2018,116,12,71,17,56.36716435596637
-80.43737270108842,26.43656328012401,0,-1,2018,14,19,64,17,64.10656320341192
-79.16406762078113,35.989863197201956,0,-1,2019,256,49,41,10,48.69190064368359
-90.02241493312906,36.74227078244362,0,-1,2017,53,4,76,20,75.1674927430343
-80.96060857680628,27.938719025817882,0,-1,2019,315,31,62,7,67.77747941635242
-84.2487876957451,34.74799812403942,0,-1,2019,251,70,19,11,33.85342495507769
-81.51839223887045,29.81751668456601,0,-1,2019,249,19,62,19,50.723289564616444
-87.13863347857729,30.618098251608963,0,-1,2018,122,11,74,15,66.4500019746455
-89.03536912703727,33.705108320862536,0,-1,2019,78,23,64,13,52.789364559061646
-89.3775012110042,31.334103980512957,0,-1,2020,83,34,55,11,56.060112958647665
-80.308567990626,37.03438723993914,0,-1,2020,288,49,41,10,37.29845382200194
-80.46605937018572,33.921781372386086,0,-1,2020,221,47,40,13,54.16653831724034
-84.63332153956965,30.18774902348232,0,-1,2017,41,61,34,5,42.97306530281785
-89.4213814756728,30.534370152684307,0,-1,2017,61,58,34,8,46.5447814240019
-79.37562810576487,37.343315927736306,0,-1,2020,67,27,58,15,51.07829933450503
-84.60014005112762,37.83175604541967,0,-1,2018,19,15,70,15,69.24265940011455
-81.0934021602265,34.67506973431517,0,-1,2018,38,32,57,11,48.13010249422358
-81.46330765182222,31.957960795147745,0,-1,2017,43,52,39,9,40.57589462042815
-88.99338369574951,34.29473362077379,0,-1,2017,8,18,69,13,59.295371065207924
-82.37932891165086,37.76493105509295,0,-1,2020,60,65,28,7,30.376081033052948
-90.6506498968899,34.92014544408002,0,-1,2017,108,0,73,27,66.52167301881948
-82.42190262177088,32.25979226522234,0,-1,2020,22,23,65,12,56.09892366939862
-85.97450526225239,37.82707007639176,0,-1,2019,341,10,74,16,66.31127697806208
-78.70801840789932,35.451516164495274,0,-1,2019,78,12,71,17,67.39884667035311
-93.07828140611534,37.60521436896147,0,-1,2017,284,34,58,8,64.8429897314376
-87.71617511180844,37.402564622747605,0,-1,2018,80,7,72,21,70.41675551869841
-80.42484124348377,33.90711940590053,0,-1,2017,65,20,64,16,56.971842110459505
-91.4316951060327,35.91023516963081,0,-1,2019,323,19,68,13,57.276960445506404
-84.41077261788118,32.71707644489508,0,-1,2020,347,55,36,9,41.64585884118646
-79.0479893790732,36.55384730779842,0,-1,2017,65,15,62,23,54.3380857408029
-79.46157551369996,36.70275318285901,0,-1,2017,247,16,70,14,56.46538172913621
-84.2300476454973,30.952240588216043,0,-1,2018,299,45,43,12,56.120172182292066
-94.09123380431993,36.02728576154275,0,-1,2020,84,55,38,7,50.60474253672406
-82.96094368211347,29.6273256057972,0,-1,2019,83,54,37,9,48.236401343077226
-89.58758821338255,36.925606426820174,0,-1,2017,25,2,82,16,76.90046410585563
-93.15116840846979,35.40980190844119,0,-1,2017,110,39,54,7,57.627102914461744
-79.25176240039545,35.902578051606916,0,-1,2018,67,57,33,10,46.59968801216359
-83.64145339576724,35.072728166274416,0,-1,2020,64,54,27,19,25.258066427076347
-94.45575930571411,34.07497271464031,0,-1,2020,23,39,50,11,45.00858953853448
-87.94950966955997,32.50127677695547,0,-1,2018,80,22,67,11,46.71594023163242
-94.04609304554177,30.812222998839356,0,-1,2017,69,57,31,12,36.94489977288436
-82.35763264348907,35.01102940800597,0,-1,2017,318,37,51,12,58.2138767128697
-81.45387479022595,31.420628234477057,0,-1,2017,297,33,55,12,51.063238140379994
-90.45990894847502,31.114088890723867,0,-1,2020,131,49,43,8,43.39236420523178
-79.03685334571946,33.58234800664866,0,-1,2019,249,21,64,15,58.015799660307295
-84.97679621243527,37.39935448512997,0,-1,2018,108,57,31,12,47.89628956774154
-92.90751110582286,34.8403652790723,0,-1,2017,51,63,28,9,27.455432249911144
-88.5039093319672,32.65627778853058,0,-1,2020,86,57,32,11,32.07225513428119
-85.17066781706613,34.42330213877304,0,-1,2019,63,62,26,12,37.41076118076811
-92.09916466177798,35.33502062787715,0,-1,2019,273,12,70,18,59.31701585671693
-84.84442017027106,36.830071872538426,0,-1,2017,319,17,68,15,61.39085703001582
-91.63122696729546,30.680147064595676,0,-1,2018,60,59,27,14,43.9773714556512
-81.18315052021913,37.31729588592013,0,-1,2019,273,58,33,9,36.30027721009288
-90.3078923033408,31.178446713248636,0,-1,2018,69,45,44,11,40.2379447889104
-88.30707810131595,35.34548987220485,0,-1,2020,204,48,30,22,35.502489823341115
-91.75098944364532,33.60418583254203,0,-1,2019,244,52,38,10,42.53939417874488
-90.84688985437812,33.97061556909153,0,-1,2017,84,3,72,25,69.29460900473933
-94.37460229218244,33.77851165578093,0,-1,2019,277,18,56,26,47.808227023184195
-81.90252385099443,36.627596655625,0,-1,2018,69,53,37,10,32.294619409615954
-87.84259574656727,34.793948499125676,0,-1,2017,70,33,53,14,64.51783245783798
-90.47897866841703,35.00171626152387,0,-1,2018,23,3,76,21,72.94189191857363
-93.31991418160705,31.85784522393709,0,-1,2018,349,20,66,14,55.0035539409256
-93.30024531065804,33.7046557051197,0,-1,2020,63,55,30,15,33.89923582726141
-89.59334034851763,33.67469304308323,0,-1,2017,165,67,18,15,46.56070927867623
-92.58324418458811,34.93869117813768,0,-1,2017,97,39,53,8,44.79690369463476
-88.83328245238566,30.91270926925664,0,-1,2020,112,50,36,14,41.42769692541616
-81.30480168205135,36.47408391042812,0,-1,2018,172,30,53,17,42.8811159815188
-91.79644799697185,34.37614042050402,0,-1,2018,169,3,77,20,71.07988311713954
-83.67623522312681,34.37314941109897,0,-1,2018,169,31,56,13,51.74932364383185
-76.60148329366476,35.849547263532244,0,-1,2018,41,35,55,10,58.64582181502256
-88.43243139681594,34.08002208960558,0,-1,2019,298,54,36,10,40.3396792903446
-93.51450622845704,36.19529583443438,0,-1,2019,217,25,63,12,49.75451655576836
-89.4399722890476,32.7771446357394,0,-1,2017,71,43,46,11,43.0403286329344
-85.17541657512795,33.838433107808775,0,-1,2020,60,18,68,14,45.48518116299732
-94.06128979188149,33.69309964658815,0,-1,2018,123,28,58,14,43.76712951075472
-82.00158448084085,28.393057346837978,0,-1,2018,10,56,43,1,47.29801939140222
-89.84091511384253,33.57157826587587,0,-1,2019,111,44,45,11,37.859181656453856
-87.66132651163043,31.254748025358438,0,-1,2020,48,54,35,11,45.43762341047312
-84.55159896129928,33.23686606192946,0,-1,2019,31,41,48,11,52.63319906804091
-86.18430762140468,35.90591059848075,0,-1,2017,65,59,34,7,50.47719194312797
-80.87791324152997,35.371325561563985,0,-1,2019,129,44,47,9,49.94945206831869
-81.64756575855753,37.83384971062792,0,-1,2020,256,74,18,8,20.178130615952757
-93.3551980424697,37.218768846004835,0,-1,2020,128,3,77,20,69.82434246899929
-79.75508153242184,37.45858896913219,0,-1,2019,339,68,25,7,32.674222976975635
-87.69610182021141,37.78633901317041,0,-1,2020,158,3,74,23,72.77453942301997
-87.44727082471739,31.97796207251553,0,-1,2018,144,44,39,17,41.78000310855519
-85.8914944662221,31.94776083945411,0,-1,2017,290,51,39,10,45.427130022707075
-90.16351894989674,33.47178972717405,0,-1,2019,66,15,65,20,65.24165712254651
-92.08627303638886,32.979623019597256,0,-1,2018,262,30,38,32,24.15174801384804
-89.47380778533673,32.10487143138611,0,-1,2020,114,41,49,10,45.37136425567206
-79.97393631717898,36.34716778312086,0,-1,2017,49,16,71,13,58.99437159333281
-77.76669437987779,34.85305405772631,0,-1,2017,15,52,38,10,60.47122827804106
-93.00863453237957,30.518949514114315,0,-1,2020,247,45,48,7,43.26325454653159
-92.49397799697941,31.07091503996976,0,-1,2017,168,37,53,10,58.42099755153622
-85.68703533642095,31.37805682044602,0,-1,2017,48,65,30,5,45.46945223332413
-80.596162655593,36.14911702958171,0,-1,2019,319,32,56,12,55.42190276845306
-82.70109349270354,28.391569840600457,0,-1,2017,37,25,56,19,57.978745111375616
-88.19140349953788,36.475913964646615,0,-1,2018,71,46,46,8,52.10142981278144
-85.99490969699073,34.36235462603106,0,-1,2019,60,10,60,30,66.73455364018719
-79.18457816826813,34.47682765977418,0,-1,2020,99,23,63,14,59.59554511166841
-81.25504303528038,34.87669637802224,0,-1,2018,73,43,45,12,46.07515352566003
-93.78073719556683,37.45046031837068,0,-1,2017,299,30,58,12,55.04195361740441
-86.21526913135034,32.70691741809823,0,-1,2018,130,22,63,15,49.361747511455214
-92.39093089506753,31.02262472891756,0,-1,2020,76,38,52,10,55.918384676145365
-90.69982762615113,36.130274459711735,0,-1,2017,110,2,54,44,64.90077421393586
-85.73623146716754,34.06980595836399,0,-1,2017,283,41,50,9,53.77236735580435
-81.40676479424262,33.43833225649286,0,-1,2020,75,42,49,9,57.679651713789305
-84.40116730886265,35.50156448125426,0,-1,2019,146,33,57,10,64.3530631591421
-80.9543884117694,36.855103827903385,0,-1,2019,84,34,51,15,57.32769276335273
-77.62005983251078,37.13223455075891,0,-1,2018,97,53,38,9,40.450342809029294
-90.51246387091811,32.205190858602094,0,-1,2020,117,14,57,29,64.2328956461645
-78.353129626906,36.82489538264714,0,-1,2020,61,54,37,9,48.82483956955275
-79.88260219977764,37.14075070965213,0,-1,2019,129,52,39,9,48.37735476481971
-83.29750525900455,32.77835557062954,0,-1,2020,46,53,40,7,46.205173264883
-88.41915085283463,37.01885849607349,0,-1,2020,56,14,70,16,63.917239336492905
-86.21626341576965,34.354258469583066,0,-1,2017,4,39,51,10,49.35922499563623
-91.5813833805632,31.793891941166088,0,-1,2019,164,16,68,16,61.84418822684564
-85.05162445633032,31.443884030665927,0,-1,2020,77,53,33,14,38.91885700744488
-88.59416159164854,30.418587131992574,0,-1,2020,296,20,35,45,36.9429089261441
-92.79525662139716,30.098472701941365,0,-1,2020,74,6,68,26,67.13143500325826
-90.98045508926717,33.761402958570216,0,-1,2018,82,1,71,28,71.14274864004928
-87.78951774243153,32.28271211012507,0,-1,2018,111,23,63,14,58.55531423381448
-90.66191441008988,30.92585089690579,0,-1,2017,99,43,45,12,36.49645558122546
-82.74056943057754,37.17421828626221,0,-1,2018,23,55,38,7,33.67536775594827
-86.64838168294533,35.33305077459301,0,-1,2019,176,22,66,12,57.72074242274657
-81.76604255523438,35.90708643988713,0,-1,2020,80,67,24,9,22.437598736176927
-82.88912695592575,36.65887264518784,0,-1,2020,62,53,41,6,43.216712090690066
-85.60012046170544,30.899676458615854,0,-1,2019,78,17,70,13,64.35255207819135
-88.19836730091137,33.247090144174386,0,-1,2019,101,59,29,12,44.556189761415716
-88.54616215891993,34.15022248239591,0,-1,2017,205,18,68,14,58.0145914781029
-79.85890149090608,37.354858321260764,0,-1,2017,130,37,54,9,52.3208411491756
-80.06676787241035,34.46579790498091,0,-1,2017,32,22,64,14,58.625629380985266
-89.55146806171108,31.803461817589554,0,-1,2017,77,48,40,12,48.99235751806945
-93.30754368631784,33.17629075075859,0,-1,2017,37,44,48,8,46.109522492989456
-87.06820715974041,33.6500350180354,0,-1,2017,1,48,41,11,49.2251293392836
-80.40034006223785,25.470615640516332,0,-1,2019,21,15,58,27,63.63110093192228
-85.15400466237227,34.070599303451566,0,-1,2020,260,45,42,13,62.645123709100965
-91.05433667296185,29.654530309487054,0,-1,2017,31,39,44,17,42.34297223994894
-90.78008207531525,35.2929407930628,0,-1,2019,217,14,67,19,62.37562403512639
-88.11097638404708,36.59604455301578,0,-1,2018,26,55,37,8,37.24245603517188
-81.53269100101149,30.09295787286173,0,-1,2019,290,18,68,14,56.57613631876156
-92.53459726496821,34.30200690758266,0,-1,2019,133,17,69,14,59.53960826126445
-89.42684158541756,30.336161522862273,0,-1,2017,109,28,59,13,51.74726533191171
-91.99273862577587,32.060895798962434,0,-1,2018,110,38,50,12,55.70196729947119
-91.85174279780817,36.00608006757559,0,-1,2019,228,31,58,11,50.90636415694172
-82.62293032168311,30.296027694627004,0,-1,2019,18,60,31,9,45.37009832958177
-86.71248076853576,32.60460967969887,0,-1,2018,5,33,56,11,49.20229467406541
-81.71524031488373,37.42671672738234,0,-1,2020,80,69,23,8,23.374945697247334
-81.8662128624296,28.40255650518661,0,-1,2018,49,47,45,8,51.474553174681574
-80.07919024837345,37.61951841864422,0,-1,2020,114,60,30,10,26.400193511442847
-86.64470672902758,36.54424073348505,0,-1,2018,103,18,66,16,63.72118650762302
-88.63903907458976,31.314751804184194,0,-1,2020,137,41,49,10,41.17243966981318
-89.9658766812267,36.319036593693376,0,-1,2018,33,1,69,30,65.79955764445671
-86.02056903413285,35.27245145317643,0,-1,2017,273,11,63,26,65.3996524417939
-91.00038484612709,36.00018686627707,0,-1,2019,72,6,41,53,52.70692889441779
-84.2175005055218,35.024082034002305,0,-1,2019,39,49,43,8,45.63990599202116
-88.76130686112018,37.24573476616763,0,-1,2018,306,26,56,18,70.80900762152986
-81.05332570600832,29.20618442555778,0,-1,2017,66,8,60,32,61.791382816973716
-85.64484351034038,34.17864626323962,0,-1,2019,75,25,60,15,61.10088373198506
-86.21136518607373,34.218959337323284,0,-1,2020,342,12,58,30,59.98451908457241
-88.58068850214991,30.336395702005436,0,-1,2019,204,20,58,22,43.69923703832148
-87.78591389870435,36.35914373739666,0,-1,2018,72,60,30,10,37.704195873235264
-85.99244240508716,32.507134247627285,0,-1,2020,80,58,32,10,41.56102136735257
-79.61747638196734,34.48459568425729,0,-1,2017,287,19,65,16,60.539509536784735
-82.43591772492331,28.7599857820275,0,-1,2017,63,36,56,8,54.30246060270941
-87.4477618366686,37.44662639776738,0,-1,2017,99,3,57,40,68.84946279033024
-83.36615269737412,36.19686437494739,0,-1,2017,134,20,66,14,68.60809022496983
-86.46273672301903,34.2309441223365,0,-1,2020,68,36,52,12,53.73031888636587
-86.74038356272229,31.07336657982248,0,-1,2017,218,38,52,10,38.29368668417623
-86.40651794011269,34.68472633099148,0,-1,2020,80,16,70,14,53.92292958413966
-77.95482454084626,37.18322850817152,0,-1,2018,262,48,45,7,48.046326099405626
-87.30328123991741,30.64930148123651,0,-1,2018,16,58,32,10,48.13148645446644
-83.03117946332637,32.22312655488251,0,-1,2017,96,32,56,12,53.61621386826722
-92.90441515915722,35.46616324987992,0,-1,2018,94,52,38,10,43.58996642306935
-78.64949642304123,36.296535986978434,0,-1,2019,120,24,62,14,57.918412981102215
-91.67071732542489,36.42865294236032,0,-1,2017,14,22,68,10,60.91087016629142
-93.79212718296594,36.68295637277388,0,-1,2017,83,11,74,15,64.35714003633203
-88.21019970366044,34.002428939884204,0,-1,2020,17,12,69,19,46.650615017078316
-85.96997381604054,35.402914943764465,0,-1,2017,92,19,65,16,66.95252202077654
-80.60492115922702,26.17590670953622,0,-1,2019,295,25,58,17,57.69044374666745
-83.50936205638196,37.310436597146676,0,-1,2020,158,69,24,7,26.68617577947595
-81.7150757528367,30.37212571974249,0,-1,2020,33,22,64,14,60.64068640034756
-92.93559199243936,34.966308357036304,0,-1,2018,254,18,70,12,60.169766615329934
-87.4939546710271,36.544852957384826,0,-1,2017,116,14,74,12,61.38976323532317
-91.42978291692847,33.89656118931817,0,-1,2018,338,6,69,25,71.3076983891689
-86.4479588433916,31.671695749395646,0,-1,2019,33,49,38,13,41.4790000592382
-89.74232626792532,33.0366777595454,0,-1,2018,68,26,64,10,47.98665086887838
-84.50570026754623,35.106780931263025,0,-1,2017,134,61,33,6,30.716330680988005
-91.660440249157,36.60700511440404,0,-1,2020,63,9,65,26,68.37369688832727
-86.39016544679147,35.25834842595502,0,-1,2017,71,28,59,13,56.59337361292109
-87.57578254065986,34.60447060900102,0,-1,2017,108,20,66,14,53.49680082151742
-87.22966540315284,35.512383846456075,0,-1,2019,80,41,50,9,63.27434641813442
-93.31448248565556,33.60647747947448,0,-1,2019,101,67,22,11,37.4156875135765
-83.85371104997888,32.260783462827085,0,-1,2017,69,9,70,21,64.74295079377615
-86.27653032524489,30.888956923910495,0,-1,2019,62,51,40,9,60.50424532027489
-89.43255778280913,32.86655972063636,0,-1,2019,260,42,46,12,47.2266047797748
-81.75612772045471,30.07689480213201,0,-1,2020,16,59,34,7,42.63697926949653
-76.93885477914755,36.40600059476528,0,-1,2019,348,,,,47.34482313729705
-87.68991171237393,32.00519293293318,0,-1,2019,98,41,48,11,36.51995891682631
-82.94215662018667,35.31240580169745,0,-1,2020,126,74,15,11,16.236220005924746
-86.32159772788616,33.68852599493955,0,-1,2017,144,57,34,9,38.29971961140509
-81.18804721279264,28.044271562178796,0,-1,2017,68,24,55,21,64.5082740916272
-90.36613503718067,35.93605906084936,0,-1,2018,151,2,77,21,69.88500207399214
-81.63328436477444,35.35790155602123,0,-1,2017,140,16,71,13,63.12853729339047
-91.47089376421934,31.870378523097752,0,-1,2019,45,30,57,13,58.842863912803104
-90.85374840845253,36.67345566192839,0,-1,2020,298,57,36,7,39.26073304632884
-91.41254315509433,37.15179572036731,0,-1,2017,73,63,30,7,38.1285646575559
-80.29955849211551,32.94585248010253,0,-1,2018,36,65,26,9,31.283987915407852
-82.60262152360917,29.20070372044968,0,-1,2019,62,47,45,8,45.07735908677964
-85.40897634984205,30.908651002504275,0,-1,2019,76,22,67,11,60.04057816480068
-85.41374855401219,36.109124581694275,0,-1,2018,203,50,43,7,39.82189616698594
-82.7576886761944,35.02099610719603,0,-1,2019,197,62,28,10,22.9449985188111
-91.10955879935727,29.94590153939473,0,-1,2020,64,50,43,7,38.76745839009655
-86.11424736032549,33.859857523689676,0,-1,2017,267,51,40,9,40.90997109163495
-82.95709831798547,29.453839136631142,0,-1,2020,81,32,58,10,57.538493434692484
-82.36340697472328,28.887703810295978,0,-1,2019,281,19,58,23,63.162679009931104
-90.60937081852906,29.814014720711302,0,-1,2017,79,38,45,17,50.767543340046636
-92.00682217894696,30.279921240762995,0,-1,2020,18,10,71,19,69.26002211777717
-78.88690312157077,35.55955294705992,0,-1,2019,19,18,68,14,61.3625449231863
-88.87751575857682,33.165632536251564,0,-1,2020,34,57,34,9,39.983709817549965
-82.39841432171478,27.657875981268578,0,-1,2018,126,27,63,10,63.18677434641811
-82.80065450189792,33.5446246397755,0,-1,2019,24,51,34,15,46.266787766304056
-85.42891524138652,35.679137711804366,0,-1,2017,79,57,36,7,47.99247585757451
-88.23301386193775,36.72940023940169,0,-1,2017,170,42,52,6,54.38778411895973
-81.71492746877986,32.95188027433186,0,-1,2017,108,44,45,11,60.32894996643368
-85.49157117997507,34.497791255929435,0,-1,2018,92,70,20,10,35.00122418354854
-86.21264725337214,32.29198650979279,0,-1,2017,183,43,48,9,49.364045653805135
-89.93688350289564,31.203859268347962,0,-1,2017,172,44,45,11,40.267124775388496
-89.63700145489044,33.00391132061486,0,-1,2017,167,52,38,10,37.20206654432299
-91.12253817133443,30.25320275281348,0,-1,2018,256,10,72,18,60.78847032311114
-89.05375010945059,35.57997708058015,0,-1,2019,78,2,77,21,71.82402085678737
-93.29739309796435,31.264226245230965,0,-1,2020,133,47,46,7,43.46411152577849
-89.76495692258382,30.283687837177588,0,-1,2020,35,3,41,56,61.411918019192015
-77.55691717698357,35.9033909492284,0,-1,2019,83,14,68,18,64.80390569465288
-85.81484893512663,37.81381263098926,0,-1,2019,78,60,30,10,34.952201382033564
-90.88413188599684,36.22774276498048,0,-1,2019,283,2,74,24,64.68962044314544
-81.72164081670047,34.708837666521475,0,-1,2017,174,31,60,9,52.827771415031
-89.64426312234293,34.654828062382755,0,-1,2017,85,38,52,10,58.39727866974739
-79.79856515038976,35.20857134987802,0,-1,2018,82,63,27,10,30.886291389420897
-83.76161312759587,32.16032286887049,0,-1,2017,62,3,78,19,71.79856612419027
-78.13792955505811,34.41941911091725,0,-1,2017,334,44,46,10,45.52208597436961
-88.76590951619218,32.25956147117562,0,-1,2019,74,52,35,13,44.158475663935235
-85.29274641165813,31.069384774475786,0,-1,2019,104,15,74,11,65.54072465198935
-91.8152468325924,31.380300562698878,0,-1,2019,13,11,68,21,57.32888273082252
-88.61128823599749,36.45780308355303,0,-1,2018,7,27,55,18,55.50220177326673
-86.33638315507567,37.35406095229456,0,-1,2019,212,20,60,20,56.32704799889428
-79.47991718384009,34.86440987130402,0,-1,2020,220,46,44,10,60.66660084124885
-83.15104268963834,34.207693008954436,0,-1,2018,17,57,32,11,46.83472233193776
-92.45414152212057,36.061284846386314,0,-1,2017,201,52,40,8,40.94524307886735
-82.50478841316401,32.97622814362761,0,-1,2019,85,49,42,9,49.11549017672032
-84.5373125760488,34.5245652626724,0,-1,2018,62,55,35,10,38.66920069504779
-90.0823424745403,36.70052006133639,0,-1,2020,72,2,82,16,74.16246371373842
-90.00514554295803,29.565585341484653,0,-1,2019,163,17,19,64,52.29014255559088
-92.99182674847347,34.94093527786079,0,-1,2019,137,13,72,15,53.66823334254907
-83.4340527204462,37.21258967555885,0,-1,2017,257,70,18,12,21.768565504985673
-86.9943438648463,32.49227216503015,0,-1,2020,123,29,60,11,53.93759873617696
-82.09861710070443,29.729469341630207,0,-1,2020,83,32,58,10,51.49097388409113
-86.12296363543912,36.97791855782901,0,-1,2017,56,16,71,13,61.25862443474652
-80.53197273603413,27.591902778394704,0,-1,2019,183,13,63,24,72.39925365766977
-85.13386751707134,34.52787965361205,0,-1,2020,127,56,34,10,33.59716847010505
-80.8513505174204,37.52902261373894,0,-1,2019,110,59,29,12,38.637840803578975
-77.51271835582345,35.805415964538476,0,-1,2017,71,3,76,21,67.09555875905923
-93.95503774450387,32.768437744739984,0,-1,2017,121,39,50,11,47.8749728459427
-88.53125666292885,32.936802415155924,0,-1,2018,132,8,75,17,59.101198822902035
-82.00893217545966,33.62236662760481,0,-1,2017,299,41,47,12,47.31877418845272
-92.96434983301098,37.59349975354142,0,-1,2017,105,27,61,12,59.04394953503523
-88.95032204233321,36.33502246117426,0,-1,2017,124,3,76,21,75.74216096674832
-83.01508124955005,33.50590555510171,0,-1,2018,105,71,20,9,46.75843273560312
-90.01910227307336,32.09019400536524,0,-1,2018,266,73,24,3,32.396746105396154
-90.6080365805704,33.161610366181584,0,-1,2018,67,,,,69.2444091814894
-91.77293065099468,36.414432020669466,0,-1,2020,144,25,64,11,60.3224328593997
-84.62889016773667,32.92876734300208,0,-1,2018,275,54,35,11,44.70755257182348
-78.21025975542062,37.275963563430274,0,-1,2017,337,22,62,16,50.65085508906353
-78.55915445310555,34.529423863728816,0,-1,2018,35,45,43,12,54.37383731263698
-86.20011973597565,34.04711847912038,0,-1,2020,80,40,49,11,51.92824704813805
-84.18704054329493,30.231130081535056,0,-1,2019,80,19,63,18,55.328555351537055
-84.95358395908329,32.69912288834757,0,-1,2019,60,52,41,7,40.312422249866735
-81.69559775356133,34.669460458277605,0,-1,2020,176,57,32,11,37.274759121781706
-87.15723181801161,30.737077560871533,0,-1,2018,102,54,35,11,41.462294887743624
-81.48033864654808,31.569529073555376,0,-1,2019,61,27,62,11,39.81841341311689
-92.75512385505841,31.905825195250035,0,-1,2018,91,55,33,12,32.32211120764552
-93.35872184734713,35.51293533302221,0,-1,2019,66,16,67,17,59.624057181218625
-87.83230022519406,33.536120896889514,0,-1,2017,21,40,49,11,37.739209414366385
-86.22896152592739,36.43022461480494,0,-1,2020,76,49,44,7,50.71554379590872
-83.76726051785778,30.30295569370235,0,-1,2019,262,56,31,13,42.29461834699319
-88.8217932045675,35.19875723621668,0,-1,2020,21,35,55,10,38.60780364512371
-86.18218826498213,36.61485728944665,0,-1,2019,243,50,39,11,48.29473559496071
-78.8901371526453,34.49715076139836,0,-1,2019,106,50,42,8,40.05494331871864
-80.98821189224978,28.47422480655382,0,-1,2019,316,33,61,6,58.970020736644635
-87.90314243402116,31.480048122486068,0,-1,2017,7,38,46,16,45.6340756526372
-81.59742614052199,27.56934081399479,0,-1,2018,98,36,60,4,70.59754363794326
-78.82774340204548,35.02407024646929,0,-1,2019,94,16,67,17,62.34775653685126
-90.17394974358109,29.665133294230376,0,-1,2018,109,35,52,13,49.23347232752085
-93.90314908497923,35.94373414060489,0,-1,2019,45,57,33,10,30.695705400335658
-83.22098421327242,29.631051603381874,0,-1,2019,110,50,45,5,41.68756541142551
-91.8854978976979,34.558347203430046,0,-1,2020,96,2,78,20,70.58241671439009
-82.30759738035758,29.792546740088405,0,-1,2020,133,22,71,7,58.23361311345906
-87.18386971451264,32.62427802823822,0,-1,2019,34,56,31,13,43.366972114701014
-86.82180322842352,35.93003792109702,0,-1,2019,71,18,62,20,61.160999881530635
-94.35324651563978,30.13296369147322,0,-1,2019,259,63,24,13,40.544704209778054
-84.33223744557137,32.004062974563915,0,-1,2020,134,45,46,9,51.28273791891307
-87.09265986714104,37.63613649349445,0,-1,2017,109,3,70,27,72.27335558144586
-85.44595485512954,31.11124204265593,0,-1,2018,345,14,71,15,70.13606745122819
-92.76151643662091,30.692059341254936,0,-1,2020,78,29,57,14,47.6004304302328
-79.41591114325209,37.42137156137357,0,-1,2018,335,37,52,11,44.43985148025991
-90.84322613172831,37.15566705540539,0,-1,2017,44,54,40,6,37.16476465013426
-86.25876128406996,31.212785309841138,0,-1,2019,181,36,52,12,59.72268293646089
-81.25654255250858,36.025300950712165,0,-1,2019,76,72,21,7,24.46602957727011
-82.16372594936455,30.584529685696186,0,-1,2017,192,38,49,13,52.365293467098496
-82.12097797657037,27.17232011106153,0,-1,2020,312,16,74,10,69.05901865929509
-82.20688976869315,32.070340692968905,0,-1,2017,59,50,37,13,49.96735781990523
-75.79640469986887,35.78643381749706,0,-1,2017,81,69,21,10,25.26049872652965
-81.22517312855209,32.371727730729134,0,-1,2020,73,42,47,11,40.19456182615219
-89.51377306903095,37.252625935105435,0,-1,2018,78,,,,45.70683900893764
-92.77604260852337,30.8545114750478,0,-1,2020,124,41,50,9,40.76591039235433
-77.46301054180967,37.526385763687344,0,-1,2019,326,,,,56.281668668576174
-91.80436275527666,34.02720522724408,0,-1,2019,71,8,60,32,65.72538062044589
-89.3769377256638,33.01604805988955,0,-1,2019,295,30,58,12,38.225458638598695
-85.78127369245973,36.392736770138605,0,-1,2020,65,54,35,11,38.85252118267464
-81.23266944599511,32.56333872956775,0,-1,2018,59,53,36,11,39.792586595047204
-77.9533579091343,35.62841657870761,0,-1,2018,318,34,56,10,62.47038382561996
-90.43213583838273,31.211751903124412,0,-1,2018,42,47,39,14,60.391907902531486
-89.12089094177342,32.236791427830994,0,-1,2019,41,11,63,26,42.548683924727996
-87.20972644468884,32.77933949049176,0,-1,2017,59,58,33,9,35.90477883096366
-85.55835371286052,35.879348661126194,0,-1,2017,73,24,61,15,54.522787409659976
-85.75563103867206,33.75648874322692,0,-1,2019,54,43,45,12,45.6260687558004
-89.31682758407746,34.74408924190435,0,-1,2020,244,51,41,8,34.16994177583696
-86.94560128167687,31.316067130478146,0,-1,2020,67,55,35,10,34.87545671795074
-82.02825463279669,36.93112126631486,0,-1,2018,45,25,62,13,43.80074638654134
-92.28312052303941,35.66281286763654,0,-1,2019,20,42,48,10,43.30289268437161
-80.68238579877537,28.622916276377588,0,-1,2020,252,37,55,8,52.18515080289953
-87.79396602275149,33.901758598349,0,-1,2020,330,39,50,11,49.23372956322566
-79.52628007616124,35.478834905457916,0,-1,2017,80,50,43,7,43.891618126172375
-82.12176187465954,30.706559886274956,0,-1,2017,338,41,49,10,52.791868249047226
-89.73369290018105,30.146506560109696,0,-1,2018,329,,,,29.197317790855585
-89.79762674670529,36.31042075712198,0,-1,2018,44,0,66,34,72.34112140303755
-91.42024220751532,36.28526205709996,0,-1,2019,50,34,53,13,46.13851044504997
-85.14811015217461,35.995269367670794,0,-1,2020,54,31,54,15,44.785174068442586
-89.53811707432259,30.514218469802007,0,-1,2019,206,37,50,13,54.036056315779085
-79.14692778281963,36.26862672793206,0,-1,2018,324,53,38,9,55.0947434935429
-79.32607318141858,33.415881531139995,0,-1,2017,67,33,54,13,45.612396824769945
-89.63166679854379,33.60504144119071,0,-1,2017,198,49,42,9,42.52490126382305
-77.1301636542718,35.37997062562719,0,-1,2020,32,28,60,12,58.74936318938448
-80.82593587672645,34.169314714340445,0,-1,2020,298,4,73,23,55.5005725567621
-77.61972365066426,37.504999301628665,0,-1,2020,157,12,62,26,49.87791971883824
-90.08880717405795,32.01294951807207,0,-1,2018,128,81,8,11,31.481765228551673
-87.46108944231347,34.344707778142705,0,-1,2017,32,52,38,10,38.17877734776085
-85.90855269349854,32.066634748023944,0,-1,2019,158,65,24,11,35.638654134744485
-82.99605445477187,31.64822099572521,0,-1,2018,317,39,53,8,61.022096720048964
-91.73174454875573,30.359712516727132,0,-1,2017,60,48,32,20,32.04151219627383
-93.21495671769935,33.657849919657295,0,-1,2020,310,58,32,10,35.09868693849341
-91.14994691885599,35.76493213358761,0,-1,2018,101,2,73,25,65.5959115149121
-91.4421452742035,35.177268179511216,0,-1,2018,92,57,22,21,30.4595702212596
-82.47640087657071,31.876545791213953,0,-1,2018,162,7,72,21,55.73413897280968
-81.20187731341082,36.07270349384913,0,-1,2020,108,31,53,16,42.70977805860517
-88.94237680288023,35.45692463768724,0,-1,2019,90,62,26,12,34.42720056865299
-92.4104056593218,36.27442156395055,0,-1,2018,287,21,66,13,60.594817199628665
-80.20672701730983,26.48445049969082,0,-1,2019,310,3,68,29,62.11523194502045
-87.54577258595215,35.48164009965879,0,-1,2019,263,44,44,12,39.445778611632285
-85.05212201688072,33.313039670279146,0,-1,2019,158,51,40,9,37.81300025692209
-87.89775176033432,32.587577311639606,0,-1,2018,314,65,25,10,29.624087071508505
-81.3301831364705,33.845258921307725,0,-1,2017,13,50,44,6,60.02855111953559
-82.31478893865871,27.41795766775884,0,-1,2020,137,20,74,6,66.50424548793492
-93.73057937528718,36.47644055584952,0,-1,2019,74,45,47,8,43.40451834590627
-90.07749667617627,31.733518818534662,0,-1,2017,77,59,29,12,31.899397768782702
-81.60900500863245,28.76130866488192,0,-1,2018,249,18,72,10,65.75132082346512
-82.61751411806378,29.494244721079472,0,-1,2020,61,10,74,16,66.7220258663244
-85.26841396192025,30.614388898488073,0,-1,2018,121,26,63,11,56.79168723467271
-84.1916468972167,36.560643463285345,0,-1,2020,84,64,25,11,31.876930063578552
-79.44612024005578,34.968504030705766,0,-1,2018,64,34,55,11,53.037711262043935
-91.588274137793,31.668313914395895,0,-1,2019,59,28,58,14,56.70627125446213
-83.42205967102663,34.37287697033978,0,-1,2018,142,34,54,12,52.98744075829382
-81.0224284112487,36.57443465913657,0,-1,2020,228,58,34,8,34.71819833339915
-93.57385100293422,34.6950868291807,0,-1,2018,347,52,36,12,39.663349131121656
-82.11515573949303,32.65736920460944,0,-1,2018,81,6,78,16,61.68593262509377
-90.15797781023676,36.89201274476859,0,-1,2017,192,12,76,12,73.57798400631846
-86.87597720777967,35.85346890230835,0,-1,2020,25,39,49,12,57.98734152217701
-80.62882943467064,33.43579431017589,0,-1,2019,3,50,42,8,54.49732461942465
-81.40014523680863,27.174844563872067,0,-1,2020,142,31,60,9,70.24187910981219
-81.35482914236444,34.88025465093832,0,-1,2019,283,34,53,13,45.82763999684071
-86.4600906983132,31.031499277943116,0,-1,2017,7,49,42,9,55.70801247877424
-88.65188525108388,33.95954779594741,0,-1,2020,49,20,66,14,57.29088898105904
-92.2473198090476,36.84116830893378,0,-1,2017,190,11,72,17,65.18629677164579
-81.74859533089221,29.93920583371228,0,-1,2017,2,41,48,11,50.09129327198408
-93.20692313316817,30.217885753488687,0,-1,2020,141,7,69,24,66.31387115258677
-81.35842042311228,34.745007831576224,0,-1,2017,83,54,38,8,48.48854524627719
-85.14310764606817,30.212400154829105,0,-1,2020,249,55,33,12,48.15121835630504
-86.64860335759158,31.959322333772658,0,-1,2020,351,58,31,11,33.809719397326276
-82.69249367991826,29.093330686518883,0,-1,2018,81,77,22,1,43.57035076631379
-92.36690303283967,33.43710822382348,0,-1,2019,143,24,58,18,46.1173729315588
-94.33432188755987,32.09290600963523,0,-1,2018,5,20,56,24,55.06462632046599
-91.80622774803292,35.20869470172063,0,-1,2020,282,14,71,15,59.55227299656386
-83.15522291166067,35.84078144343142,0,-1,2017,76,61,30,9,30.83421879011712
-84.79161601634947,33.61237925848937,0,-1,2018,83,50,24,26,35.32968724005988
-89.38395259485745,33.44745046403563,0,-1,2017,112,55,34,11,35.2775638367202
-93.48390664135053,37.114384988097385,0,-1,2019,102,4,73,23,70.2536532385466
-88.73489988625163,34.592771267441655,0,-1,2019,183,53,35,12,35.95829383886256
-82.91683440505993,31.67520464899773,0,-1,2018,224,12,66,22,62.977034418751636
-90.23583619879561,31.89468679072751,0,-1,2019,257,10,29,61,40.853106117451915
-88.94232796164441,30.50468948161806,0,-1,2018,196,25,57,18,50.44850806690492
-94.36697619753662,34.66414007131814,0,-1,2018,82,63,27,10,33.956022038349886
-88.42536778550325,36.28496419410674,0,-1,2020,97,40,45,15,58.843005243088655
-92.40517754848916,37.328242514221444,0,-1,2018,65,28,60,12,50.846431815489105
-81.15064007547812,34.78196715887794,0,-1,2018,84,16,69,15,61.172014137066384
-89.57900034830774,31.192769331606694,0,-1,2020,122,,,,55.566767044652494
-82.54840414951478,35.32201927578619,0,-1,2019,160,54,41,5,41.231654818325445
-85.25780231789682,30.694859545006288,0,-1,2017,91,48,42,10,50.182022826902575
-89.63448811335807,35.17389437428262,0,-1,2020,34,25,61,14,59.64915468478434
-84.80141261734647,30.41368013874805,0,-1,2020,39,17,71,12,56.75399443050975
-90.45683780866673,37.29947218648827,0,-1,2017,269,21,64,15,46.03295553273832
-83.76198758937824,30.82873893586808,0,-1,2020,79,32,55,13,58.55502449044085
-81.37867288120864,26.11389585068029,0,-1,2020,112,38,54,8,52.63181692532483
-78.57323703065998,36.7211255522341,0,-1,2018,80,44,47,9,46.77040634995853
-89.24608169990766,36.933784361173345,0,-1,2017,77,11,68,21,66.56968823424882
-83.94675294305145,35.25773157667967,0,-1,2017,197,72,20,8,23.853154309408634
-94.46811505792445,37.32720183001175,0,-1,2019,126,12,70,18,64.28325400430548
-87.36838176119056,31.818684786537005,0,-1,2018,192,57,31,12,38.86831348853741
-84.34386074509324,35.1448019999491,0,-1,2017,247,62,26,12,35.39627596556355
-77.68779750756642,37.651761811665516,0,-1,2018,51,51,38,11,53.03413354851726
-83.21448854999306,31.283688244576407,0,-1,2018,318,25,59,16,46.629213483146074
-80.06081424920717,35.779254805861235,0,-1,2017,263,55,37,8,53.888647495654936
-90.45312671867376,35.20639386789321,0,-1,2019,33,4,72,24,61.985584802827766
-89.42632278226239,37.59674702888442,0,-1,2019,39,68,20,12,23.679955768813063
-81.6526871188115,28.02600199326204,0,-1,2017,66,29,51,20,68.90530983513361
-90.10937102283215,30.7175744206052,0,-1,2019,31,57,32,11,39.589041366373756
-86.46715499354264,35.53400353555886,0,-1,2017,99,33,57,10,64.85609351552012
-84.9965450633625,37.652679599711036,0,-1,2017,104,16,68,16,61.77132249846959
-88.90756892904635,36.789023603924534,0,-1,2020,12,36,52,12,60.022317460944485
-92.73591887087392,35.765519444034695,0,-1,2017,111,51,42,7,44.847806342060565
-87.97143090040859,33.24036791308788,0,-1,2017,14,57,32,11,32.99490521327014
-94.03823997877683,29.83032719330931,0,-1,2017,41,21,63,16,54.754216672072644
-88.07432351732608,36.94294124361617,0,-1,2019,67,67,22,11,26.184322243064482
-85.96854909258921,32.270510944713585,0,-1,2017,159,13,69,18,65.33553839774098
-76.29841265984581,36.43769178612859,0,-1,2018,329,5,68,27,62.62916954675619
-90.96806817912851,34.62982232374287,0,-1,2018,140,1,70,29,69.36744608578876
-93.40189292168508,34.244083012362985,0,-1,2019,68,42,48,10,50.98971229982427
-82.1358642809172,29.26007891019781,0,-1,2020,196,25,61,14,66.11621616285268
-89.73712819185795,34.59712270431755,0,-1,2020,141,39,51,10,49.8555180380309
-81.33940303739367,28.294412799515623,0,-1,2018,256,15,71,14,66.64371470321078
-83.586756226969,29.900947937275713,0,-1,2020,141,28,60,12,52.459917861232896
-91.37391352204874,35.38930624954424,0,-1,2020,282,26,52,22,59.80343689683083
-91.97695792180119,31.314298232657208,0,-1,2019,195,10,59,31,51.3304703234214
-91.52265866126282,29.602579987697037,0,-1,2020,298,31,59,10,54.25594422750598
-91.9613555795041,33.73719558757195,0,-1,2017,85,65,26,9,30.421151377505677
-78.73548312035871,34.29223987115359,0,-1,2017,344,37,46,17,57.17162719965241
-87.05583545746359,32.61423923018462,0,-1,2019,43,45,47,8,36.53621499940761
-91.0174613920226,36.081380631823805,0,-1,2020,277,0,82,18,68.57559000691218
-88.09232481323777,35.591245262411896,0,-1,2017,299,49,44,7,50.67637161356279
-85.20928014260794,33.436155567687315,0,-1,2017,48,42,48,10,53.94820300157976
-84.29854889911674,33.328499161366395,0,-1,2020,262,25,55,20,58.58564997630706
-85.58812628429571,34.19155374959663,0,-1,2018,264,,,,45.65424365800189
-85.94241973454864,37.55524053208368,0,-1,2017,146,9,73,18,72.62467668371274
-80.76379245150204,32.46447899068199,0,-1,2019,132,26,60,14,50.970402985369326
-86.87452099626668,37.727510792557204,0,-1,2017,73,7,75,18,72.92848398688942
-89.73825779497746,37.702628800837985,0,-1,2018,256,25,64,11,69.44971267205118
-85.56891869105,35.39500473100001,0,-1,2020,344,35,53,12,41.769446474061496
-85.6194293685091,36.9085711622791,0,-1,2018,41,51,39,10,46.781312323519565
-92.3652469174684,33.47289974695769,0,-1,2020,60,50,37,13,54.069540150453115
-87.00493144514635,35.145429631442155,0,-1,2020,52,26,63,11,65.09295207251328
-84.96593778018641,35.16003876668069,0,-1,2018,99,24,64,12,57.896649092668255
-80.96904515107977,25.814815067787908,0,-1,2020,82,16,67,17,56.68782086723009
-88.66030624122644,32.36070528219587,0,-1,2017,252,,,,49.02031834205744
-82.13570539631924,36.6007864371453,0,-1,2020,110,55,37,8,59.289773512627626
-84.68042019896947,31.36145655118632,0,-1,2020,197,2,80,18,63.87111295385891
-84.55220731371185,31.366413688472782,0,-1,2018,164,10,70,20,66.3767205798132
-88.20418973826176,30.888203428497086,0,-1,2017,101,40,51,9,40.66082217746713
-93.84262504761418,34.530424521860525,0,-1,2020,117,54,37,9,34.232193985348424
-89.44064471341837,34.97511197921214,0,-1,2018,129,21,64,15,60.38268630780772
-86.45301681674701,31.897732339466614,0,-1,2019,74,49,40,11,40.087491361437465
-77.39457157172048,34.76647392239601,0,-1,2020,268,19,63,18,62.985763648928824
-84.36942290471204,33.80480631974104,0,-1,2018,79,26,63,11,59.553820027250644
-92.97011156866085,34.93143369305733,0,-1,2018,128,48,42,10,48.888193361110574
-90.66563550777262,34.544747353997174,0,-1,2018,5,29,53,18,68.87149673228822
-76.7440056706757,35.16168042113756,0,-1,2017,277,13,60,27,63.50941722121395
-87.33810670096707,31.013355585146634,0,-1,2020,132,33,55,12,59.808929523508624
-77.3943335083372,35.73206000265789,0,-1,2020,323,54,37,9,44.480727459421026
-78.5657096507415,34.15744643771785,0,-1,2020,9,57,32,11,35.888393033450505
-84.49508701712172,36.87798154515928,0,-1,2020,77,46,44,10,34.729319299354245
-90.1742263315543,36.39198709181791,0,-1,2018,92,1,74,25,69.80672932627755
-81.02182518777443,25.914834335829305,0,-1,2020,39,37,49,14,52.3841990914478
-89.60932327323812,37.06987956888667,0,-1,2020,64,65,24,11,49.0848257478527
-91.72715585698062,35.035883557977776,0,-1,2018,182,29,58,13,58.99954890301415
-85.69732752612929,33.94933351154198,0,-1,2020,60,44,46,10,48.68325961614407
-82.60124340770629,29.27347440485603,0,-1,2019,5,44,47,9,51.03521279747208
-80.46068347069001,37.51547920073721,0,-1,2017,285,56,30,14,28.34779517762989
-92.00147523042028,33.16499799204662,0,-1,2019,113,60,29,11,44.09510268562402
-93.12789934118439,30.990163037916652,0,-1,2020,20,46,46,8,45.057242713845675
-80.0937223237963,36.480997221228534,0,-1,2020,36,20,65,15,50.94069202512146
-93.86990694716751,36.7290004250895,0,-1,2020,122,36,52,12,62.757014512785055
-78.98084828369895,36.99778069579415,0,-1,2017,125,18,71,11,45.94841512787597
-83.24929325906076,34.94943037796973,0,-1,2019,80,65,30,5,25.959011214658023
-86.77272918440532,36.240239319055654,0,-1,2019,166,20,61,19,64.49663329581583
-79.46354201976098,34.37184187601165,0,-1,2019,18,37,50,13,56.41108522233633
-94.42074522952561,32.569628610603,0,-1,2017,255,50,41,9,48.43115534229804
-93.16135886815464,33.03831379265919,0,-1,2018,77,30,58,12,39.442015678376094
-84.28357704208634,32.11654223628013,0,-1,2017,96,54,37,9,47.17885986217249
-88.96302642916696,31.479862400345134,0,-1,2018,47,55,32,13,34.06514484311131
-82.09621780899437,35.95543659583604,0,-1,2018,296,71,21,8,32.61812221037249
-86.92430259692148,34.8878233697083,0,-1,2020,113,24,63,13,63.259572283327735
-79.35879539158782,36.75188235268407,0,-1,2018,268,19,70,11,53.49730444913999
-81.95404857911888,28.615367657687575,0,-1,2017,70,18,69,13,71.89856045496734
-89.54304552031698,31.77597895665969,0,-1,2018,79,54,36,10,42.0616052917366
-89.02828317082407,35.61430533895192,0,-1,2017,172,9,76,15,69.49248632530953
-92.1660757620418,36.43659926626798,0,-1,2019,55,38,52,10,53.298925495773105
-88.9453322749703,37.47135901293016,0,-1,2019,1,17,67,16,55.560326423113
-84.41757411835589,36.34892063643801,0,-1,2020,233,38,49,13,29.888520251989657
-77.79130870664913,35.876265117886305,0,-1,2017,256,25,62,13,61.28512192713986
-87.87082247558759,34.84077665237434,0,-1,2019,62,3,69,28,68.8668022670274
-83.8485642960224,30.95621113516416,0,-1,2018,15,38,51,11,60.21583145756823
-77.60746862872557,35.929517300346994,0,-1,2017,56,41,48,11,59.57755879855445
-90.54783885246736,35.434561551961494,0,-1,2020,190,8,61,31,66.22521472998322
-91.60981408962579,36.50686581502326,0,-1,2019,108,49,45,6,49.108302393554006
-92.69495024795431,31.301933253499346,0,-1,2018,215,53,33,14,38.513810191309155
-82.0894378963932,30.092712834171447,0,-1,2019,75,49,41,10,38.93565334176014
-81.71641582429588,27.649797573127287,0,-1,2019,76,35,55,10,59.61317063465748
-78.75587642201795,36.87477327642729,0,-1,2020,19,25,62,13,46.51410800671338
-80.04384792615073,34.843510895721465,0,-1,2020,323,32,58,10,56.310745172372954
-81.48441989276559,31.0153973693025,0,-1,2020,134,,,,42.928150572831434
-80.41769335511613,27.657659150230742,0,-1,2020,152,4,72,24,67.46838842159302
-81.27345857205391,35.47597025141426,0,-1,2019,82,30,58,12,56.82878808823238
-84.44656702711791,35.86597081727524,0,-1,2017,95,37,51,12,53.034216553467076
-85.29449714524085,30.816137667452328,0,-1,2017,189,30,60,10,54.88741211786083
-77.83311560634876,37.5828953964457,0,-1,2017,296,58,35,7,40.94229629922195
-88.2046115062156,31.21301127055225,0,-1,2020,200,68,21,11,34.30699970382072
-90.33073626947396,32.959707024815486,0,-1,2019,3,59,31,10,43.39111462138414
-82.42853982852206,34.486411474296126,0,-1,2017,95,13,62,25,54.06317140600316
-92.37276253826585,37.291557088448705,0,-1,2018,251,17,67,16,52.00031593704952
-80.12786176066857,35.353485114345716,0,-1,2017,92,33,56,11,55.05760951139548
-89.44010248933137,33.94417957382594,0,-1,2019,53,28,60,12,58.344108528662524
-82.63043927050911,29.350033061920957,0,-1,2019,278,32,57,11,51.98017729866333
-89.77721906949625,30.672297715733368,0,-1,2019,97,54,34,12,44.1258466459983
-82.29868845408501,29.28095172909634,0,-1,2017,14,19,67,14,57.85583682173604
-88.78166107440745,30.783059578655656,0,-1,2018,111,59,29,12,31.100481775461027
-79.31111903761754,33.331829170041665,0,-1,2019,278,29,58,13,47.026629790596616
-81.08076933025791,26.329053695564582,0,-1,2017,36,37,53,10,54.97140430910204
-93.50870390988325,37.05240645172622,0,-1,2017,43,16,70,14,70.55360069506156
-79.17124990300866,36.61671519092584,0,-1,2020,100,35,51,14,45.351041769527015
-77.85530779807874,34.575587492912696,0,-1,2018,267,50,40,10,40.96261995971722
-82.6964657449146,29.585994919213842,0,-1,2017,263,25,61,14,63.193155337888555
-77.59755303906935,36.61943879700575,0,-1,2018,224,51,31,18,48.22839823078748
-82.56553495513454,37.50631571692365,0,-1,2019,8,43,47,10,48.188757478231665
-84.69533981978313,37.813686249196834,0,-1,2017,109,22,65,13,55.85087598016946
-81.7288771973877,26.60483088976948,0,-1,2020,257,5,68,27,72.68047629391202
-82.2447016876865,35.57566820480029,0,-1,2019,308,70,22,8,24.888057343706812
-92.01106958652764,32.7617359429545,0,-1,2017,198,28,59,13,53.44715688017223
-88.32877982640984,36.12651094381708,0,-1,2019,90,13,69,18,56.05179802128793
-92.18384946677565,33.41324748988259,0,-1,2018,59,30,51,19,37.436574384897916
-91.24263649196101,34.28316720891032,0,-1,2017,15,55,37,8,58.082783810463944
-86.65553801799285,32.99621955513568,0,-1,2019,158,51,40,9,45.76669430952097
-83.05633277635877,32.59718994645478,0,-1,2020,311,32,58,10,61.35151730537622
-87.54418363092864,37.60568331753592,0,-1,2019,85,26,61,13,61.290318758146675
-86.58029918032635,32.629726944768734,0,-1,2017,327,54,37,9,53.90461240769261
-91.97044628718818,31.233104307365537,0,-1,2019,330,10,69,21,63.719202016137565
-92.1044414888562,30.418607127520705,0,-1,2019,263,35,51,14,60.74677170951311
-78.01212555559505,34.52730642168289,0,-1,2019,311,51,34,15,48.4934641813443
-88.0830467608402,31.267547951040672,0,-1,2019,338,39,49,12,42.64703327080658
-78.6746220947318,35.64641261760617,0,-1,2017,73,4,78,18,60.98001737619459
-88.00930693091442,31.478691457358906,0,-1,2020,187,23,63,14,47.49507355118966
-86.49535806129816,31.72086521052147,0,-1,2018,164,27,59,14,42.847492101105836
-82.93488017394826,33.98472043696249,0,-1,2020,234,25,64,11,40.817797697790596
-80.8828942514603,33.37001994250891,0,-1,2020,85,57,37,6,40.70268135686923
-89.66910663577919,35.15785122735338,0,-1,2017,112,30,61,9,60.081557692687475
-94.46670149762154,30.737871660766476,0,-1,2019,187,60,28,12,40.14511097069742
-81.67908358426084,34.75785221838935,0,-1,2019,260,17,60,23,49.10541799944712
-91.57823918619371,34.93194792473037,0,-1,2017,114,2,74,24,75.53431800285185
-83.77305372803352,35.08656175225964,0,-1,2018,142,41,49,10,35.84355192227948
-84.12279574400644,33.40963094910957,0,-1,2020,1,25,58,17,49.34433651794086
-88.53696981041288,36.865064228248656,0,-1,2017,78,66,28,6,46.707633979700624
-92.73664299978677,35.4884668294445,0,-1,2018,35,52,37,11,39.68271300227072
-91.176377045149,35.52452351395389,0,-1,2019,56,1,75,24,68.63472474528078
-93.3652517541241,36.29034644369719,0,-1,2018,81,40,49,11,52.13368614363856
-91.40809129401607,30.923271133269864,0,-1,2018,129,59,27,14,42.664705185419216
-83.10318326060171,32.376281132254924,0,-1,2020,280,3,77,20,64.90159532459326
-85.21374002870454,30.391602277492485,0,-1,2019,250,5,80,15,66.38920807913287
-84.35214701403163,36.405505797192305,0,-1,2017,25,73,17,10,22.14229295841396
-83.7753367447958,32.83998794706925,0,-1,2020,106,39,50,11,48.42512982955159
-85.43516088276445,31.6797987643017,0,-1,2019,101,47,41,12,47.55583861603178
-93.36817630087185,31.032104027289765,0,-1,2018,298,53,34,13,42.628561274655
-87.7064516460711,30.608124351133124,0,-1,2017,74,40,52,8,53.496326724069824
-89.74000564163035,31.976082045743215,0,-1,2017,59,43,47,10,47.25633836189873
-94.16350989104903,31.1829833013263,0,-1,2018,158,54,36,10,33.228221280494786
-82.6325843927168,35.99021399176778,0,-1,2017,97,76,15,9,22.871396414185284
-83.05563648959782,30.484476266814394,0,-1,2019,62,49,41,10,55.551331924725034
-82.34694262426915,31.316258510586458,0,-1,2019,63,8,76,16,64.08790427674447
-93.6830674920114,36.92196470949983,0,-1,2017,112,14,69,17,68.37984557356977
-78.9743499511382,37.67700487970223,0,-1,2020,275,25,59,16,50.93392966451432
-82.44316060165897,30.428488496233204,0,-1,2020,114,55,39,6,40.15483641676701
-93.14706758268058,35.221983538458645,0,-1,2018,77,27,51,22,62.73738400640263
-93.41131326686498,36.586063399050545,0,-1,2018,37,45,45,10,39.795576245190105
-87.77027774483989,36.08920333277144,0,-1,2018,83,50,39,11,49.62380519788293
-83.69717699521614,30.14067723745533,0,-1,2017,146,27,60,13,56.30166660084511
-82.39802001862915,32.08466147665188,0,-1,2020,278,48,41,11,54.204814280918605
-79.38908765183038,35.640872047288475,0,-1,2017,132,23,58,19,59.03271858462996
-82.50653721909299,30.872649285682037,0,-1,2019,93,66,24,10,32.96013033175353
-88.81526935905211,35.38653512694409,0,-1,2019,222,50,40,10,29.869278464515595
-83.75631430956646,36.37275664801964,0,-1,2018,126,37,54,9,57.27703062977662
-80.91325791734585,33.1563456548547,0,-1,2018,134,47,41,12,53.17283731216551
-82.65467476613107,31.644086143667128,0,-1,2020,92,23,62,15,63.06820156385749
-82.06734372038157,31.45399702159431,0,-1,2017,309,45,44,11,42.16896708330864
-94.20124276430165,36.58263781940061,0,-1,2019,11,49,40,11,40.95635947157442
-80.4473254924619,34.454194054495574,0,-1,2018,247,25,64,11,62.69835502280852
-90.68192086621453,35.905881320191796,0,-1,2018,99,44,46,10,57.23062493829599
-87.7920345042021,34.85321696581245,0,-1,2017,112,4,73,23,68.48245215570871
-87.30921694556493,37.55325604103951,0,-1,2019,287,3,74,23,68.21847976307994
-90.29272594455452,34.23140970813333,0,-1,2020,74,2,77,21,62.16241138953062
-86.8884998713223,30.50725210426319,0,-1,2018,41,33,58,9,56.7349659326553
-83.85600983609596,31.047691586254707,0,-1,2020,260,4,78,18,61.729297916460965
-86.71735820393782,37.330091228409515,0,-1,2019,36,60,32,8,36.962681409813406
-82.60147998966926,35.08441063448154,0,-1,2018,275,69,22,9,23.30096550634785
-87.68726745543863,37.149762726560404,0,-1,2018,38,28,63,9,44.60392559535563
-82.91262501600454,29.603277857720464,0,-1,2018,183,4,78,18,71.94409778444769
-84.6696625055681,37.15525307274991,0,-1,2017,107,45,45,10,55.52139486207376
-84.47921733237749,31.802239556930676,0,-1,2020,91,10,71,19,67.59889024920028
-91.39644225974342,37.04396668317342,0,-1,2019,99,63,29,8,33.18381815668385
-84.08229412904961,32.529324067326854,0,-1,2017,81,29,60,11,69.72657645144649
-80.9101573296126,33.908542635565084,0,-1,2018,183,53,36,11,44.41708294667012
-86.6188672086191,31.848591139152415,0,-1,2020,322,13,70,17,55.48089568153546
-91.2938250019789,35.967446056589324,0,-1,2018,104,11,74,15,68.72158047509032
-90.35843599923075,34.834805664062294,0,-1,2017,91,46,38,16,57.620854737634794
-88.33278811551938,33.20226213980848,0,-1,2020,262,34,56,10,56.38500090211094
-83.41132494207204,35.589008679530515,0,-1,2020,235,67,28,5,21.68876996899746
-88.71202452369685,33.433664788179144,0,-1,2018,354,18,68,14,60.07907261488638
-81.38008466045488,32.528131113396384,0,-1,2020,73,54,36,10,48.692277313745244
-91.29608551507715,32.13277886284313,0,-1,2020,246,29,60,11,66.9368568663467
-88.52134014808568,32.58547994168146,0,-1,2019,41,62,21,17,35.57269244440933
-91.42218534943888,33.654316166093786,0,-1,2018,33,2,73,25,72.09128119535842
-82.54696761126817,28.070470340257398,0,-1,2017,197,29,59,12,64.45108491776739
-78.19404212075239,37.05556226933445,0,-1,2018,78,53,39,8,39.7421469328121
-85.50446464002951,37.40139678119941,0,-1,2017,64,10,75,15,65.3597613968555
-93.52288415730553,35.59691205646706,0,-1,2017,115,69,25,6,27.455670958060196
-83.95945143987686,37.50910762210982,0,-1,2020,177,70,23,7,23.70537477292473
-84.55600040835358,35.29173109793832,0,-1,2020,217,20,63,17,59.561507779796244
-86.32069103200358,31.579483871314036,0,-1,2017,47,64,27,9,33.23627783920392
-77.91508829416831,34.512123485349974,0,-1,2019,142,16,69,15,54.318346957311526
-81.46039587066953,37.08022193650366,0,-1,2020,99,51,36,13,34.73328989198902
-83.39047949097063,37.06398253539051,0,-1,2020,74,70,24,6,33.02114928909953
-81.23108081448652,26.332309545783662,0,-1,2019,186,43,48,9,55.76386503188613
-85.89546625980391,31.577887753720017,0,-1,2019,282,36,53,11,47.61771906962052
-81.54591954937862,35.934546365895145,0,-1,2019,3,29,58,13,55.296487174930384
-80.67078575975772,27.10678924146285,0,-1,2019,304,51,43,6,54.71207811629477
-93.59516346936469,35.77710107854781,0,-1,2019,0,61,29,10,30.193540107796494
-85.78347801593279,32.87615666219736,0,-1,2020,328,59,29,12,42.972790458889484
-83.62566153906458,37.439417555218704,0,-1,2020,299,48,40,12,40.63969194312796
-80.87167399483708,33.540842252238015,0,-1,2019,121,41,46,13,57.66691678843648
-83.68416009610768,33.56183349917667,0,-1,2019,16,18,74,8,59.551869186563195
-89.14084186551243,34.98483582713408,0,-1,2020,62,52,37,11,43.66736166800322
-86.35785464209793,36.39583280172988,0,-1,2019,32,18,68,14,61.740179982974574
-80.64361764118028,25.221009978163114,0,-1,2017,41,21,64,15,53.110652962033384
-80.36977722880643,34.45279246352709,0,-1,2019,83,43,49,8,67.53225392437554
-82.87231412066954,29.39800325647921,0,-1,2020,297,6,83,11,71.90395212419271
-85.4313334402666,35.74226629163931,0,-1,2019,53,60,33,7,38.77144380380695
-90.20954985339199,33.14212041508309,0,-1,2020,247,3,81,16,67.81686609011571
-82.24816136407861,30.52239595559349,0,-1,2020,53,53,38,9,41.98961213365983
-94.45941140133077,32.78534667798293,0,-1,2019,51,69,20,11,32.748459472270504
-92.26033148925626,31.575922218773655,0,-1,2019,130,44,45,11,45.70829713292791
-81.28437921920683,25.84226663273107,0,-1,2020,67,40,58,2,48.76289494470773
-84.01588658751044,32.540368398930696,0,-1,2017,53,37,51,12,42.393271072324126
-88.2402971898419,36.11181808370816,0,-1,2017,190,58,36,6,51.45918407645831
-81.55797107521245,36.10766512256373,0,-1,2017,66,71,23,6,27.657247793377167
-82.78813160715103,35.231988958964486,0,-1,2020,50,72,21,7,24.092693522906792
-85.46169272768927,33.01805973749182,0,-1,2018,135,31,59,10,46.006951850535195
-90.3426952317189,35.04894441574117,0,-1,2019,56,3,74,23,68.87599960509428
-83.85270012528014,35.7073917020852,0,-1,2018,38,61,29,10,32.72727452219238
-84.71048242793297,35.15370329575718,0,-1,2020,0,50,40,10,53.17353185103274
-83.69990639928035,37.33901474207116,0,-1,2018,62,58,35,7,34.89443643473623
-83.10827987792248,33.670060589919764,0,-1,2017,83,24,65,11,37.74359126278786
-88.07065235318534,34.190456011433945,0,-1,2017,71,30,59,11,47.190209127352425
-85.55807994004697,31.799769579886046,0,-1,2020,268,41,48,11,51.09508505455361
-87.91762266415,33.23657617379937,0,-1,2020,60,43,48,9,41.121312640682376
-86.14908406726367,35.83115641451898,0,-1,2018,22,21,66,13,54.24545813586097
-80.47289437260115,34.60263954014104,0,-1,2018,345,2,70,28,60.34901767203082
-92.54031438571572,32.20474908107613,0,-1,2019,77,45,45,10,36.449131121642964
-90.37482629676438,32.03660674074805,0,-1,2019,174,36,51,13,41.66065716203942
-84.62810376523333,34.209193903671256,0,-1,2017,336,42,48,10,38.114959323908046
-89.19729452846171,35.5972795772311,0,-1,2019,67,12,62,26,69.6548190273088
-94.35046999282719,30.790186026032295,0,-1,2020,281,63,28,9,40.99798574221451
-92.77870389961542,31.05254925315087,0,-1,2018,34,50,38,12,32.32493483927019
-76.84898269545391,35.86288142243017,0,-1,2019,25,51,26,23,26.65231466494011
-78.29160461489322,35.44368570985449,0,-1,2020,82,68,21,11,53.65594201181094
-92.7645537607996,32.4627038364802,0,-1,2018,243,59,29,12,41.87478769206463
-93.88154939124685,30.28703182741978,0,-1,2019,6,63,25,12,36.328528267609265
-77.65183640290914,37.23713989732996,0,-1,2020,217,31,51,18,42.168936282147264
-81.6043774176459,28.78811119481888,0,-1,2018,143,6,74,20,71.58658213848406
-88.16523501767246,31.18318306337192,0,-1,2019,311,52,34,14,43.20458539860579
-91.86317207074744,33.536580465427775,0,-1,2017,85,47,42,11,42.77879811205245
-90.48488163961471,35.07361337432455,0,-1,2018,340,11,65,24,66.11311663177851
-77.20097993849822,37.36733449388796,0,-1,2020,73,47,41,12,36.16375735555469
-84.47480728634832,31.313142659727593,0,-1,2019,46,36,52,12,54.85813012143351
-78.90584913975054,34.326768533537425,0,-1,2019,36,2,79,19,65.00477864223373
-81.25170266290596,34.60480663377828,0,-1,2018,34,25,62,13,45.48101115828974
-82.83483807297127,31.39344593100176,0,-1,2018,67,56,34,10,57.24488103465298
-79.2837722812776,35.29925258520875,0,-1,2017,62,7,76,17,56.510674856319
-90.58116299075218,36.06233215739932,0,-1,2020,57,39,50,11,58.24784755134283
-85.50215548119752,33.12095879536549,0,-1,2018,26,53,37,10,43.664764537466695
-85.20133090959888,33.65168006281594,0,-1,2018,133,60,27,13,40.650680198234845
-90.59812869845993,31.885722940954725,0,-1,2020,280,30,57,13,40.74135950504825
-82.44425534991103,35.968781564046,0,-1,2018,139,66,26,8,24.608347977175352
-82.67039080544052,28.131818480797865,0,-1,2020,68,42,49,9,52.116290548678144
-75.89841931397243,37.447426412747305,0,-1,2020,126,45,43,12,48.25393471435064
-86.44819094469278,34.61625823780878,0,-1,2019,123,50,45,5,60.42950806722358
-83.22810826364075,30.45930587381524,0,-1,2018,82,1,59,40,60.26195553449432
-87.93925927368302,36.718991718448294,0,-1,2019,121,59,32,9,32.688817953182436
-79.43892577116439,35.92904839747117,0,-1,2019,98,39,49,12,44.829742273131224
-80.37396038805755,33.06515071380795,0,-1,2019,22,42,46,12,36.94167242570838
-82.01508486351769,35.78335203178084,0,-1,2019,216,49,41,10,41.49737392883939
-89.95730712875351,34.035136280061906,0,-1,2019,74,54,36,10,51.44973534523623
-92.54477391303153,31.854639685520333,0,-1,2019,278,65,24,11,28.14340717924418
-87.49154675298519,31.25992304427468,0,-1,2018,23,56,34,10,42.54651897484502
-89.08403362219521,34.6319325455414,0,-1,2019,74,44,46,10,48.464222248548694
-94.15602862721488,37.04616404561966,0,-1,2020,290,10,66,24,67.91387994548361
-88.81426332357057,37.051999427482215,0,-1,2017,340,20,68,12,70.49267406500533
-83.99907788808245,34.073418124403865,0,-1,2017,225,30,56,14,53.838088656333284
-94.20267996522753,37.46635796627979,0,-1,2017,70,5,81,14,74.61814125219654
-85.36067238079062,29.90739440936325,0,-1,2020,239,28,57,15,57.38287585377709
-87.52302158699902,32.371061831421756,0,-1,2019,22,45,47,8,47.801726010624634
-78.25104247979223,37.154865897301775,0,-1,2019,11,52,41,7,38.07741374883981
-82.66723698383664,31.953887559384544,0,-1,2018,68,24,62,14,64.65585389930897
-82.60458064007736,36.40188253641707,0,-1,2019,25,34,62,4,62.24652503553941
-83.29623628206191,36.34255144456794,0,-1,2017,351,25,66,9,57.26660480176907
-90.71205566695463,33.865939458670354,0,-1,2019,105,2,65,33,69.29003397061147
-82.73275186514549,31.17254132252022,0,-1,2020,70,45,48,7,50.84253756392282
-94.03378881189457,36.94604438004367,0,-1,2019,269,14,55,31,64.08042890148296
-93.19285814004878,32.15105130584173,0,-1,2017,49,77,12,11,26.37912511108917
-81.58727406674224,32.93570549603863,0,-1,2018,278,1,82,17,73.86031125330804
-90.07998421170434,35.152395119534305,0,-1,2017,31,6,76,18,63.80655060310516
-90.42876476195309,33.404234164256,0,-1,2019,75,2,74,24,66.58075662441256
-87.13657877386997,32.85467052071966,0,-1,2018,66,71,19,10,32.66810149076908
-86.55747458053203,31.464366181501088,0,-1,2017,38,20,67,13,57.30682042573363
-94.26754659792988,32.22651229423744,0,-1,2018,327,47,42,11,40.79909559447877
-79.74845547438466,35.337615941411805,0,-1,2018,296,49,38,13,45.91973065834681
-92.44576414050249,36.239739936116734,0,-1,2017,2,15,72,13,59.06433014117877
-92.26840537572572,36.645304773760344,0,-1,2019,259,58,35,7,45.960074243740614
-81.17340023646499,36.159526886376675,0,-1,2020,213,44,45,11,55.76862930932354
-79.93286167738431,36.80345121278986,0,-1,2018,65,44,45,11,49.5263521652416
-86.08613906455501,34.424141999673004,0,-1,2019,39,47,46,7,54.47266157218175
-87.24580387225673,32.1607019477914,0,-1,2017,81,35,44,21,33.70867736750556
-94.04123176532504,30.578144654439125,0,-1,2020,104,61,31,8,38.05045219383123
-91.2276311030337,35.06138711957096,0,-1,2020,37,3,63,34,67.46084878646052
-82.40652687322518,29.130456257462164,0,-1,2018,341,5,81,14,74.94485918552749
-81.17610003719159,27.52893340180933,0,-1,2020,129,39,54,7,56.58649764034518
-89.24205560153042,36.978295863051265,0,-1,2020,104,3,74,23,75.17133944084661
-90.2178440844436,35.3830538129371,0,-1,2019,105,1,56,43,70.66432351315062
-92.12337707975158,36.82831027118271,0,-1,2018,330,19,61,20,57.93832329416411
-94.21340842604427,37.02024763695425,0,-1,2017,72,10,74,16,69.64655121344367
-92.55340990173259,31.40554759364027,0,-1,2019,33,58,33,9,43.11880503889743
-84.53181722647123,37.82533062640709,0,-1,2018,10,46,44,10,55.62694965449158
-79.59232028013442,34.08151261253869,0,-1,2018,114,22,64,14,51.28200114554327
-86.01411648486464,37.87518475155858,0,-1,2020,285,47,44,9,48.143412842587466
-82.23205341468785,27.04942679945858,0,-1,2017,334,15,67,18,66.2147356780347
-86.26341796265923,34.591963440978176,0,-1,2017,248,52,39,9,58.55780660703353
-84.49312164776077,36.74292357739769,0,-1,2019,280,57,35,8,34.825022217833514
-81.00868902929281,33.912399242492754,0,-1,2019,26,29,59,12,54.3579669988834
-76.4572376767144,36.664680094161575,0,-1,2018,78,63,30,7,25.36337427431776
-91.83713611901364,30.543974977126172,0,-1,2017,359,46,49,5,37.58638149463201
-89.85669501539742,31.98252041793299,0,-1,2018,60,60,22,18,37.22743518353968
-84.09163603891544,31.317948617182832,0,-1,2019,93,48,41,11,51.07023259487423
-94.19505766992822,34.01751309149294,0,-1,2020,317,47,39,14,50.399218071242416
-91.46199502649927,35.96503887495086,0,-1,2017,55,26,65,9,58.25561326250522
-81.27610516115095,29.76658078015091,0,-1,2019,116,20,30,50,46.99044266955462
-93.02848919873617,31.697798812599764,0,-1,2017,248,4,77,19,71.5974449095648
-89.07394080687907,34.989864082297906,0,-1,2017,295,15,70,15,55.50357396730113
-83.65845018619349,31.161793934875615,0,-1,2020,43,54,36,10,60.27931504414289
-94.29375823170527,35.98570135337359,0,-1,2018,130,5,70,25,68.58965701084058
-86.37919662977485,32.95517852400266,0,-1,2017,320,57,34,9,36.694415922912896
-79.06793738888533,34.55063040717054,0,-1,2019,65,21,65,14,65.40576934467981
-78.00520959008725,34.69920498696684,0,-1,2019,100,19,56,25,55.421649382716026
-90.01365807689535,31.307079868651588,0,-1,2020,104,49,42,9,45.904471303866956
-81.55186282962103,33.719468845087654,0,-1,2017,84,15,76,9,63.58909141175773
-88.99789076446697,37.035949560185195,0,-1,2017,98,5,77,18,73.59913903753876
-82.62898791939088,31.477705611315045,0,-1,2019,261,39,50,11,55.797330121052966
-85.2304395317918,32.806985572158915,0,-1,2019,48,31,57,12,58.482648969998614
-82.20041122352879,33.717996963392714,0,-1,2020,282,52,37,11,34.95738435275012
-79.30133581945103,35.62841253835634,0,-1,2017,98,50,40,10,44.84693152199666
-91.19226932769504,30.84206731194122,0,-1,2018,291,36,52,12,56.41194124151001
-90.59493896791693,37.43977915170508,0,-1,2018,122,58,33,9,36.64669878376244
-92.31527452741348,30.371808731747436,0,-1,2018,11,9,72,19,67.09999407501034
-81.97718745395963,35.56212188912642,0,-1,2020,176,67,23,10,30.258466459983033
-90.09352224558913,32.23796166887681,0,-1,2017,80,20,66,14,45.59731053275939
-88.29665959228741,36.66185726692557,0,-1,2019,78,21,64,15,67.05200394866736
-92.47362166192121,36.124411318086274,0,-1,2019,190,63,29,8,30.77763516448798
-78.68703523636903,34.45774956781251,0,-1,2020,121,44,44,12,56.173008945674304
-91.98568220046057,33.263065819199014,0,-1,2020,69,56,34,10,38.75937043327146
-92.08526054765659,36.907472427276446,0,-1,2019,90,62,30,8,31.675881133379395
-84.55972966151838,35.49008384546456,0,-1,2017,78,20,66,14,61.66230278616984
-88.14275966141183,33.261257897006125,0,-1,2018,47,58,32,10,40.97738896897647
-87.89666820487331,30.911223450324172,0,-1,2017,50,62,25,13,26.729179504735814
-94.4766723086291,35.23773764989613,0,-1,2019,177,16,67,17,65.99125232020857
-82.13948724043102,32.64223743064648,0,-1,2018,76,45,44,11,53.639905222628116
-91.48045447939569,30.75514647478206,0,-1,2019,249,48,23,29,23.994244468556875
-80.04198912627244,35.38710795853134,0,-1,2017,32,52,40,8,36.980820732561504
-77.13849318693352,35.66379818733597,0,-1,2020,93,32,56,12,40.410607795900624
-84.16441159390624,33.42297356189168,0,-1,2019,351,20,63,17,61.83194770828807
-86.18955207219975,32.47933995025379,0,-1,2019,343,29,63,8,53.03990443470361
-93.63116850193285,36.054756425027534,0,-1,2018,357,40,47,13,41.19529630141585
-82.93043026309593,29.95130017238877,0,-1,2018,124,47,46,7,51.13717050054296
-92.27012232793463,34.10581894384223,0,-1,2018,32,53,37,10,37.974014177675095
-79.3318830134582,37.53662170708768,0,-1,2018,156,56,36,8,39.578511570231406
-89.38773119834313,30.820993060811364,0,-1,2017,292,36,54,10,40.05364794155397
-81.13126660613672,35.34044720207376,0,-1,2019,192,50,40,10,49.83322802306295
-80.79083918518543,36.029576237347996,0,-1,2020,67,35,54,11,51.49279225908374
-86.48452103364808,32.26117610113201,0,-1,2019,109,15,58,27,53.95775982938047
-89.32918401195197,34.601389722797734,0,-1,2020,91,26,57,17,51.95410198680728
-85.51727983602979,32.274517145803614,0,-1,2020,117,22,65,13,57.14474697415444
-88.56981836810517,31.607535567453084,0,-1,2020,158,32,57,11,40.18767650834403
-83.02085073165951,35.11368782060674,0,-1,2018,228,63,28,9,30.088462373872
-82.4776712448815,29.13944312465741,0,-1,2019,322,14,73,13,69.7276910922378
-88.65582587106577,37.04245729172279,0,-1,2017,171,8,70,22,65.05615891947392
-92.18841375181567,34.65812111345645,0,-1,2019,72,21,66,13,60.709254267744846
-93.69923767832557,30.103162526270257,0,-1,2018,284,25,59,16,45.86758511996957
-90.19120729416623,29.566659287422034,0,-1,2019,246,,,,55.24203791013182
-83.75618065858531,30.446981467304656,0,-1,2020,257,45,46,9,45.987284538077276
-84.46233669634286,30.732102988281625,0,-1,2020,159,31,53,16,40.81430207757326
-86.18991721120918,30.383702871495704,0,-1,2018,26,59,33,8,43.72764766534102
-82.36723535168507,27.534754848115874,0,-1,2018,92,12,79,9,65.9449490561567
-80.57963299109376,26.43030346138048,0,-1,2020,97,12,50,38,51.01504590778954
-87.0709535392974,37.625580883247444,0,-1,2019,143,4,72,24,68.95318022945831
-85.42302888882283,32.25667333042577,0,-1,2019,84,46,43,11,51.73199968246407
-93.92450643680395,34.34405903091345,0,-1,2020,300,52,40,8,38.12671550719772
-91.38890981939136,33.85013810287312,0,-1,2019,104,38,50,12,58.25567350691689
-86.58948905422002,37.616120477132945,0,-1,2017,34,14,61,25,49.055383278358256
-88.36601704548315,31.62983759081238,0,-1,2017,45,56,35,9,40.09920143051633
-88.42767814138503,31.87724097831357,0,-1,2018,90,63,24,13,30.479030092409776
-79.6851385649396,33.69510273128028,0,-1,2018,204,5,81,14,54.67149119342862
-83.32685080517571,30.298176381219704,0,-1,2018,71,47,45,8,59.2082387608012
-82.52110608063167,27.334759747646906,0,-1,2018,322,7,74,19,62.91201390397567
-80.41420397077347,32.69825452540001,0,-1,2017,291,31,34,35,44.7088747580868
-82.60182552372147,28.433913309990487,0,-1,2018,230,5,75,20,71.36318100179606
-87.0564340775402,32.704336928089226,0,-1,2018,35,72,18,10,29.91055208909248
-91.05530795776113,30.331353093623136,0,-1,2019,79,57,34,9,40.137643666811506
-90.56506937375566,36.91106501496507,0,-1,2018,315,43,43,14,41.5392362071008
-81.99460438505373,26.953479642644965,0,-1,2018,68,19,68,13,69.2582804020345
-92.70880292210931,34.84389616415726,0,-1,2020,48,45,45,10,39.08551059501946
-90.27782282213605,32.49905779105053,0,-1,2020,64,65,25,10,42.910369068541314
-77.96062146598223,36.16608161570287,0,-1,2017,103,33,49,18,45.80788974885485
-84.54617815103717,34.09296652912351,0,-1,2019,66,39,50,11,59.215909315322776
-85.36498263577845,34.05421074947579,0,-1,2018,222,43,46,11,37.97081012758227
-78.42504780032533,34.77285975807672,0,-1,2020,5,56,33,11,48.03487568378852
-78.79267157205969,34.68263981363008,0,-1,2018,93,18,68,14,52.81167773206795
-94.11146898694554,36.56340264687301,0,-1,2019,213,53,36,11,51.062596263970605
-85.25269863420344,35.33955606915393,0,-1,2018,169,62,27,11,32.46881232105834
-92.8215331676094,35.05270127517386,0,-1,2019,49,38,48,14,43.90108219123977
-91.35455636906194,36.25590975123909,0,-1,2018,65,26,63,11,57.49252522858778
-79.07484333156168,36.83883011828445,0,-1,2017,218,61,30,9,47.3843981993366
-79.13839435089987,34.78802146860909,0,-1,2018,82,8,75,17,61.96233160826452
-82.1027381026369,35.92009665403566,0,-1,2019,139,54,40,6,44.579660347551325
-89.82445097621782,29.49217679577092,0,-1,2019,184,12,61,27,55.89587982832616
-83.01568437703497,37.438413614649036,0,-1,2020,105,25,62,13,36.20222323138586
-93.50292085771032,34.50575736902288,0,-1,2017,325,72,20,8,30.397014394881836
-82.98945360174514,36.86806014491751,0,-1,2019,276,68,23,9,22.40828133638733
-81.58522541547131,26.198363446109582,0,-1,2019,306,21,64,15,65.35093609289832
-84.23255604525342,32.89739594496721,0,-1,2017,83,48,47,5,46.723149226911005
-89.0110698366346,33.24573411009143,0,-1,2019,82,65,24,11,29.06344160331722
-92.38347891915178,36.83640124342159,0,-1,2017,85,17,72,11,47.15811712672275
-81.74448395607322,27.54358778765759,0,-1,2019,54,21,72,7,70.30869316274753
-92.53791179789592,31.027306999260276,0,-1,2020,106,18,65,17,52.05020752711891
-81.36289356809024,37.05030165347429,0,-1,2018,216,70,23,7,26.041130242476896
-81.95352474262678,31.067081949428115,0,-1,2018,136,46,44,10,48.483272109649626
-86.66558814351876,31.996813105382195,0,-1,2019,330,58,30,12,33.82932464454978
-83.11109902492156,34.645523737510175,0,-1,2019,123,41,48,11,51.283510753856184
-93.7404472178958,35.02031949989484,0,-1,2020,269,60,30,10,26.55431820874304
-93.46678653717348,35.27398575991468,0,-1,2017,170,56,31,13,47.656688715569125
-85.62320297752692,32.20310344146418,0,-1,2017,110,36,53,11,42.65699786746702
-81.24499564433769,29.123046175391057,0,-1,2019,247,56,38,6,43.03062493829597
-81.71422969211369,37.670262569412095,0,-1,2017,15,55,36,9,27.889461524791187
-90.96744446203813,35.989855953876926,0,-1,2019,350,2,55,43,54.59145390280985
-85.28618943560947,35.657284788180206,0,-1,2018,262,37,52,11,42.25139234506457
-83.17378567585713,34.33659914796766,0,-1,2020,48,37,54,9,50.668226605848794
-83.60435358695857,32.34212162209048,0,-1,2019,170,5,68,27,68.61891971956155
-94.38511646313412,36.951256918364514,0,-1,2020,111,20,60,20,64.80514197701514
-78.34909233530152,36.55182964764964,0,-1,2017,125,32,54,14,48.842683969228375
-83.60629344250212,30.048602372131857,0,-1,2018,69,52,45,3,53.682723071453985
-84.7698218135428,32.31981833901174,0,-1,2019,175,56,32,12,52.595905151138226
-85.11378666157533,34.67000785916022,0,-1,2019,57,43,46,11,57.079569467759434
-87.2518249702738,34.347087001577634,0,-1,2017,125,43,47,10,40.206786222152
-93.74792840604252,35.896232986988345,0,-1,2019,6,46,48,6,42.039827814308005
-91.43268082085977,35.150061400905976,0,-1,2020,83,31,40,29,44.73723954990801
-92.34447009356059,32.05489833121785,0,-1,2018,40,54,33,13,31.81729306973713
-81.78962613489914,26.420064753409367,0,-1,2019,7,27,60,13,63.41796998420224
-90.77359038385816,33.76117745395924,0,-1,2018,199,1,65,34,68.83984282442144
-90.47529934164851,32.74236411685818,0,-1,2018,42,35,54,11,47.595592155933396
-83.1443032941359,34.71236481218878,0,-1,2019,326,36,54,10,48.470377977013335
-80.34622923253836,37.67252897982447,0,-1,2018,290,48,43,9,29.473954425180665
-91.8397876820208,31.92957451580078,0,-1,2017,264,53,37,10,47.99324950630719
-90.94972924193036,36.08747082943625,0,-1,2019,83,13,68,19,70.75871806010822
-80.12607840110766,36.11410600340701,0,-1,2020,35,31,46,23,60.818691625693596
-89.58558607720823,33.503770639695006,0,-1,2017,18,23,62,15,43.167031968880195
-81.46005939780841,28.072928435882126,0,-1,2018,195,37,57,6,50.04280155642023
-88.57433842112876,35.34471576481583,0,-1,2018,52,45,44,11,49.40300187617259
-87.91029864050961,30.668446021594804,0,-1,2017,81,18,63,19,53.60018048505355
-77.55119197211148,36.111811313920406,0,-1,2018,95,57,33,10,45.418664349749235
-83.72733070452838,35.162877703935635,0,-1,2018,39,74,20,6,20.478997570946138
-85.27950997534423,37.686984039706886,0,-1,2017,183,15,67,18,67.6998064923782
-90.44661303041657,36.82519949978467,0,-1,2017,265,31,58,11,58.88985427115834
-93.56506543682615,32.177649988454995,0,-1,2020,48,48,40,12,46.85103862254165
-85.97806550377692,33.04667727161745,0,-1,2017,62,53,36,11,44.3252626589778
-91.26025823283187,30.21414903467343,0,-1,2019,60,37,51,12,40.49561559426474
-85.69150604829677,31.757957408485684,0,-1,2018,24,26,62,12,42.55927885944471
-77.68644153740455,35.93275063726953,0,-1,2019,124,16,68,16,57.36996228501472
-81.5971363254695,32.34744737965226,0,-1,2019,137,9,75,16,58.29542447520685
-88.64417383242568,33.11490374729029,0,-1,2020,4,54,36,10,43.152383397180195
-81.14762918109304,26.992086370450668,0,-1,2019,79,21,73,6,61.34121921838901
-81.31218100566102,34.11463666915247,0,-1,2019,345,46,44,10,49.96394409169622
-93.09457634724866,33.68174552042712,0,-1,2018,130,57,30,13,39.462935253987965
-87.91313152316238,32.85858137846735,0,-1,2017,90,42,51,7,39.52772292867862
-90.08905549825909,30.418906474403563,0,-1,2019,316,32,55,13,57.200256688715584
-86.45754656397901,32.7546002323769,0,-1,2017,158,27,60,13,40.09012833168807
-80.87571694661636,27.44003814107328,0,-1,2020,67,11,75,14,76.41286016154194
-83.0297483853278,36.43994917343292,0,-1,2020,24,71,17,12,31.28842583448548
-86.91170054017796,30.58150898810236,0,-1,2018,250,48,40,12,41.87844081987284
-90.21869000494817,35.81266353371184,0,-1,2018,63,3,79,18,73.90514278943
-90.3212687566119,29.781321121548594,0,-1,2020,47,21,64,15,64.7557453067228
-83.02890070554275,34.212092814925164,0,-1,2019,51,31,56,13,58.407831598902064
-90.7894758892622,34.01285069598797,0,-1,2020,234,4,77,19,72.01887649323727
-83.0232769341194,33.58817279175124,0,-1,2020,68,52,40,8,39.59087318826271
-82.57717849923576,32.10627933989777,0,-1,2018,44,12,70,18,47.36091146039018
-85.5705261357488,34.648839628077305,0,-1,2018,184,68,23,9,27.73964216596232
-83.80201565153878,36.440457417134375,0,-1,2018,141,60,32,8,34.79393939393939
-92.28212301811618,34.312109987503995,0,-1,2017,10,50,40,10,41.6584590474686
-87.15303430845138,31.549330333246502,0,-1,2020,337,59,40,1,36.50583634532203
-90.70508716081522,35.092696227114295,0,-1,2017,120,17,72,11,56.246100075036516
-82.21159565108952,28.42968031958535,0,-1,2017,305,3,78,19,73.35423166541605
-91.32750930292117,36.692813984555535,0,-1,2020,136,46,47,7,48.05062791248718
-85.36618506248668,36.44628503479569,0,-1,2019,71,63,30,7,38.46371803731856
-87.1756141126303,33.18166935011107,0,-1,2018,144,54,35,11,44.93772090910886
-84.28245726657933,34.381970627273304,0,-1,2017,26,51,40,9,40.72864420836461
-89.94002242525507,30.879679460600062,0,-1,2019,228,52,37,11,35.952885887486936
-83.36135567019869,35.484514114850704,0,-1,2020,352,57,36,7,34.78677777338968
-80.49333403539579,25.8452479571038,0,-1,2020,138,23,49,28,48.783935869844214
-83.22067309633739,37.78441847379246,0,-1,2019,36,62,32,6,37.83594999703776
-82.7650475635242,28.116275111699228,0,-1,2017,279,41,36,23,61.69709498890972
-85.07231086415261,36.75221201349531,0,-1,2018,111,25,65,10,43.85467148527756
-94.01667212614495,34.596119334011064,0,-1,2018,9,35,54,11,55.374274317759955
-84.58428633696641,35.17747874693502,0,-1,2018,33,68,23,9,25.79075094287464
-81.5872203012699,31.510757080293164,0,-1,2017,85,33,57,10,47.88493740373603
-88.29799935346564,32.561518857036894,0,-1,2018,357,59,38,3,35.840655543488985
-93.31272021736316,37.44993718928322,0,-1,2017,134,21,65,14,56.25928632081992
-89.01735544624565,33.78479305976758,0,-1,2018,200,23,65,12,62.90589582592899
-84.4239623868061,36.60136697933703,0,-1,2018,85,52,39,9,37.400398878401326
-86.34752042235296,36.03600344066258,0,-1,2018,61,48,43,9,49.88467006278877
-88.96392128450927,30.49704647300487,0,-1,2020,12,27,61,12,53.42373383354727
-83.70975355011865,35.34124938610529,0,-1,2020,60,59,34,7,27.280199818346972
-91.86626118694238,37.17708388525603,0,-1,2017,106,25,64,11,52.77810253574532
-80.99251562728108,34.109616103270476,0,-1,2018,60,53,36,11,52.58482851698951
-81.0472252205377,33.25569750691694,0,-1,2018,22,38,50,12,50.74940272869073
-84.1846054486547,35.09281565022057,0,-1,2020,257,57,34,9,35.94275615583594
-91.20839924899238,31.994300581954462,0,-1,2017,99,2,77,21,69.75722891566267
-85.76038321514625,36.79498215865577,0,-1,2017,95,16,68,16,58.963093874649495
-92.16963939047048,32.14787791055702,0,-1,2019,50,63,27,10,33.397152617341
-77.88198249494461,35.45362579594429,0,-1,2017,80,10,72,18,64.55627085842929
-81.3000803765499,28.9295120585674,0,-1,2017,102,12,77,11,66.84622980605917
-81.03285140681795,25.676506842931637,0,-1,2020,262,37,39,24,48.032409053205356
-83.6571304322513,30.962162973446553,0,-1,2017,7,39,52,9,56.95560794744692
-94.37543430751484,35.30787877635659,0,-1,2017,65,9,63,28,65.04103151409836
-75.83062474842797,37.481661691738516,0,-1,2018,91,46,44,10,45.8423364596937
-90.84627015116934,35.13477249477105,0,-1,2019,74,6,71,23,71.42199842022116
-79.77408667887153,37.16232996108543,0,-1,2018,79,31,60,9,51.80656372181195
-82.84263841320684,32.58152321871367,0,-1,2020,41,8,74,18,64.21569479275684
-81.13889399817387,27.450215156171453,0,-1,2019,151,34,59,7,62.61883882993369
-83.64327495692545,30.497849581087237,0,-1,2017,64,42,52,6,45.495705230732774
-84.93676916665545,29.8015688402301,0,-1,2020,73,22,61,17,45.17383467471495
-84.45355600039436,33.163809460718,0,-1,2018,218,10,77,13,61.42136650868879
-90.24932284998715,31.706486094724767,0,-1,2017,73,52,39,9,35.15633268828244
-82.02537302059571,37.61638731476288,0,-1,2020,134,72,21,7,28.791780226725134
-84.3933992623546,37.677351761567905,0,-1,2020,282,43,36,21,54.7003930243122
-84.63796691706806,37.73644515721008,0,-1,2020,79,28,56,16,55.536093669786354
-93.784921972125,34.62772881589991,0,-1,2017,33,16,71,13,63.17865534603615
-92.3190840418004,32.1438751529603,0,-1,2017,172,63,35,2,35.461161789677355
-93.77341544600743,34.64539727046562,0,-1,2019,213,16,61,23,59.7498913944947
-90.09974160833974,31.140570263525817,0,-1,2018,142,18,70,12,42.70148075024679
-94.34899314447449,34.47608140518656,0,-1,2019,218,42,46,12,52.37863406541319
-85.97762832339235,31.26004509286096,0,-1,2017,18,41,47,12,62.461872605931354
-81.57190140430905,28.97567301967748,0,-1,2017,277,59,35,6,50.45121036212137
-90.95275064156976,34.19031336470548,0,-1,2019,337,2,72,26,62.619273301737756
-81.27854056854389,34.87062525852814,0,-1,2018,250,44,45,11,40.67826533433391
-89.57883620853036,34.91109238230592,0,-1,2019,102,59,28,13,44.32579587645154
-79.97497942142779,33.572671030185646,0,-1,2017,142,35,54,11,52.343726551084096
-81.27319446904195,28.788630553982976,0,-1,2017,320,11,62,27,65.27287984993586
-87.22396891354488,33.4282520972903,0,-1,2019,81,58,30,12,41.48610014215763
-87.42514079453741,37.642133399169936,0,-1,2019,17,26,59,15,54.86625989771539
-90.16943118654315,35.43437708943914,0,-1,2018,54,1,71,28,64.97602533777014
-79.4368845631099,37.07088143396635,0,-1,2018,57,58,31,11,36.66398727465534
-87.66651008048514,32.74179258295484,0,-1,2020,15,57,32,11,39.56952125138251
-82.97511941251837,35.05447262563161,0,-1,2020,93,70,20,10,22.543226698262245
-91.26325813030984,33.22649652296119,0,-1,2018,202,4,73,23,68.4787219336875
-86.21032784095235,35.27044831324402,0,-1,2020,63,34,53,13,56.528060821485006
-83.69535160327436,30.013269613452547,0,-1,2017,130,31,61,8,55.45434082966413
-83.66753806122408,36.705689741852694,0,-1,2018,224,42,41,17,29.98155863131084
-81.62529265174973,26.259217749752676,0,-1,2019,122,27,69,4,64.67213567888805
-93.28868867694963,31.839133321750367,0,-1,2018,202,28,59,13,60.68164135779308
-88.27604245455785,35.87223453239046,0,-1,2020,309,58,31,11,37.54351093706737
-92.84875386831047,33.03908190785533,0,-1,2020,73,59,26,15,40.77941902486225
-84.34054070580011,35.53157858766435,0,-1,2019,203,10,71,19,67.87518018996467
-81.29838434557387,27.64709685176721,0,-1,2018,284,15,68,17,67.81565955766193
-93.32486650811035,33.302147472212106,0,-1,2020,184,45,46,9,45.25766215253031
-80.3195578892767,26.031135144271733,0,-1,2017,56,19,75,6,66.30936018957347
-89.51036375996044,33.625180453769204,0,-1,2019,61,57,32,11,41.19258337776199
-85.7788072763513,32.5781974875344,0,-1,2020,95,4,73,23,62.24744751861289
-79.92933243323756,35.65262830240196,0,-1,2018,245,29,60,11,49.230337855182356
-93.69743903257043,32.76351739433277,0,-1,2019,252,60,31,9,33.97243721371032
-92.22140139385517,33.08281500791595,0,-1,2018,356,52,33,15,38.924635220249954
-83.08011600842623,32.31931418376381,0,-1,2020,48,26,65,9,52.2593996840442
-89.75602475940576,35.18041090912791,0,-1,2018,24,14,70,16,66.94933059515817
-83.79753871418818,30.73290504809576,0,-1,2020,52,40,48,12,49.69696072042182
-77.77045419593551,35.39986151118518,0,-1,2019,202,29,57,14,66.77444707740918
-84.19136470844677,34.25554019202382,0,-1,2019,273,27,60,13,55.62746569256591
-91.93598970632115,32.75907823769536,0,-1,2019,92,43,47,10,49.243118360254336
-81.97629239433549,34.35113022915579,0,-1,2018,65,50,38,12,53.46642048932684
-84.6683245376801,33.48303354470407,0,-1,2018,57,19,67,14,56.81022330154593
-84.8772101248463,33.70183532950318,0,-1,2019,307,43,47,10,48.504423555432666
-90.44438744609631,30.87911474280031,0,-1,2017,269,34,50,16,56.71220677671589
-77.79052687053776,36.67648098453253,0,-1,2017,74,60,26,14,40.1626093308851
-84.48889825423471,35.366176856710005,0,-1,2018,39,67,26,7,36.85641228156776
-93.50602326166802,37.13269759311448,0,-1,2017,44,17,68,15,68.23093634586137
-86.72054574339452,35.93113329786653,0,-1,2018,170,54,37,9,51.06498301871889
-87.67975112517159,31.075653567764117,0,-1,2018,105,60,27,13,37.61878245759531
-88.18276832868408,34.601898636568066,0,-1,2018,35,48,44,8,44.311376654157606
-93.34593782114109,31.39125171220032,0,-1,2019,68,76,13,11,30.719859416340885
-93.5706030189808,33.047749444710625,0,-1,2017,51,52,45,3,37.64506447090417
-90.05316162231297,31.057013610883676,0,-1,2020,103,50,41,9,49.34270705794069
-86.39566408833547,36.5424476754405,0,-1,2020,5,13,70,17,57.37603917774133
-85.6824620252274,31.413786090330667,0,-1,2017,11,53,33,14,49.499289183745994
-88.06361543425345,31.68086618750167,0,-1,2019,319,60,19,21,29.80152367276933
-82.90747838169024,34.66788033631909,0,-1,2020,84,41,49,10,52.30851399913123
-77.3780272803903,36.394046947976705,0,-1,2017,37,38,52,10,48.7147934602322
-81.91181973706666,32.278520028383994,0,-1,2019,35,10,70,20,64.83569623252507
-83.0378406931234,36.45885199769508,0,-1,2018,22,54,38,8,29.064983018718888
-80.84376644691515,26.303626143767545,0,-1,2018,59,23,65,12,61.453102168160825
-76.99563006030006,35.91406657781418,0,-1,2017,81,46,42,12,56.84589717264256
-91.36931974193142,35.648501822931955,0,-1,2018,43,0,76,24,68.60344621989032
-77.5226973200851,36.134647081578514,0,-1,2017,54,15,69,16,54.179856257157496
-91.35158341661983,32.27880439649206,0,-1,2017,42,41,49,10,45.14372321728311
-83.67072002467465,30.66431230396532,0,-1,2019,39,27,60,13,54.26218404423382
-86.42755080817932,32.82414475511067,0,-1,2018,25,34,54,12,42.851356275303644
-93.05521994426361,35.88109528665261,0,-1,2020,311,56,34,10,36.728487935868564
-86.22249038753795,30.549511931155,0,-1,2020,130,55,39,6,48.79847563383618
-85.68111965477453,31.34135158973118,0,-1,2018,37,39,49,12,43.33035150078988
-85.66573900877592,30.715807227155747,0,-1,2019,34,44,45,11,56.32952189110729
-81.8967400553656,35.38990075232945,0,-1,2018,142,35,55,10,50.38703626922547
-82.73396653451628,30.51868288913435,0,-1,2018,105,49,40,11,45.67907279799396
-87.69322853403726,35.35759062089077,0,-1,2018,130,51,38,11,43.052189881916185
-85.59558057267384,36.017385420956444,0,-1,2018,26,26,60,14,55.77000394944707
-94.02821400403582,33.28056405038159,0,-1,2017,84,67,21,12,31.14155656930704
-93.17218375405176,35.14212855916233,0,-1,2019,85,45,47,8,60.44871035272746
-83.53266820863914,32.52417199938303,0,-1,2018,53,48,38,14,37.783894790885036
-90.00567136592633,36.5267787697394,0,-1,2017,142,1,77,22,76.61151377505679
-81.4916581969024,28.42521500421681,0,-1,2017,66,31,57,12,59.568127143369004
-89.97713806328231,37.446453049726195,0,-1,2017,1,57,36,7,45.09736784945598
-84.67811362334635,34.394269745703674,0,-1,2017,222,53,38,9,40.61839116781544
-82.33423794027559,32.330729618554585,0,-1,2020,78,39,48,13,60.297016605129606
-85.95035152885242,30.968277435208254,0,-1,2020,84,11,72,17,56.39131550886618
-82.61127301874747,35.410432608936105,0,-1,2018,291,54,38,8,35.40571439854673
-87.69316509598528,36.58572305897786,0,-1,2017,8,45,47,8,44.18449113384151
-92.07906374291258,30.949041933440665,0,-1,2020,40,29,60,11,59.23550438423253
-82.48629276599007,29.404968480209412,0,-1,2020,4,14,78,8,73.13736448192103
-94.10416927708954,31.469610634275476,0,-1,2019,82,67,23,10,28.12743394288874
-87.3370096948828,32.897122330145685,0,-1,2020,110,60,30,10,34.63581075744413
-89.63594731587504,32.21307315489206,0,-1,2018,82,54,38,8,27.534802440613696
-80.87990199995807,27.817064289294738,0,-1,2019,23,20,72,8,63.953043856011675
-89.39232434134668,32.31596630599738,0,-1,2018,59,58,31,11,35.8338862559242
-92.89731606613947,33.17486723893529,0,-1,2019,269,55,35,10,44.2919093978949
-82.45791042252037,28.305989188171402,0,-1,2020,274,27,62,11,57.12696218777766
-83.1233725643722,31.853322760387957,0,-1,2017,1,16,68,16,50.226280975417126
-90.35364273500085,35.95335852498624,0,-1,2020,344,2,79,19,75.15630676881763
-84.63572123763888,32.95652819183737,0,-1,2019,238,46,42,12,47.66839858224583
-85.08681780931363,33.298328960861475,0,-1,2019,213,53,36,11,40.318569269521404
-87.76130919387946,32.03747858085466,0,-1,2019,65,49,39,12,34.45900312018642
-88.19060227577806,37.3534827868247,0,-1,2019,94,29,59,12,50.646740632526544
-79.98176402883152,32.7921612933928,0,-1,2019,131,20,46,34,54.07691773207337
-87.29507826130035,36.40504720636746,0,-1,2018,111,39,52,9,58.58283221558598
-86.52177885124951,30.955464735006707,0,-1,2019,50,34,53,13,45.325369244135544
-81.00915498423014,33.16905103097663,0,-1,2019,125,56,29,15,44.45999526103785
-90.78528827784214,34.07538823365642,0,-1,2017,116,28,64,8,61.01281443746788
-80.11529727753081,36.00398835103039,0,-1,2018,186,21,69,10,59.669161203696376
-93.61894518678899,31.08273477775404,0,-1,2017,83,26,56,18,45.91967776329818
-81.73738507063868,26.127516199913973,0,-1,2019,100,33,55,12,61.96077961976578
-82.65358367812227,31.008649972162722,0,-1,2020,99,33,57,10,44.104506497097056
-80.79747098463274,33.07736860130723,0,-1,2018,175,22,62,16,48.30783814207
-87.44042814947052,37.31171379171527,0,-1,2019,66,2,70,28,62.70890568913309
-78.16214320644377,36.99629828778542,0,-1,2018,152,53,38,9,43.28496969457662
-84.45768023758052,37.7823597984895,0,-1,2019,114,47,42,11,53.8632298063064
-89.17706562910773,32.33014308562921,0,-1,2019,280,57,29,14,50.44293499723561
-87.36171211424983,35.03761832115072,0,-1,2018,291,21,67,12,67.79999999999997
-93.62987003037516,37.52794349005164,0,-1,2019,50,17,68,15,58.624709688945345
-93.10785823942089,36.847038382625016,0,-1,2018,228,52,38,10,39.7484697705643
-83.91241092853478,32.51125130612219,0,-1,2017,265,35,53,12,59.316345470342
-82.0499246922926,27.978534144118886,0,-1,2020,32,25,68,7,70.24672221783432
-92.61358671853364,35.002176477825834,0,-1,2018,125,25,64,11,62.14218613844552
-83.13319957578449,33.51926042481219,0,-1,2019,294,45,44,11,44.38875397342493
-88.25211506713718,34.13092357255678,0,-1,2019,248,44,46,10,37.33167446728676
-87.97865121096876,34.97380972983072,0,-1,2017,217,57,34,9,41.92693090032979
-91.62120017986506,35.72961281827246,0,-1,2019,152,55,36,9,59.67598505844079
-80.1533390976785,37.22208397915142,0,-1,2018,57,60,33,7,30.621379726468216
-93.55990276813597,37.223065694734565,0,-1,2020,61,9,69,22,63.83693097659717
-91.375391134938,31.128965791917945,0,-1,2019,115,60,30,10,28.4406990521327
-83.05840756394512,31.791439984258382,0,-1,2017,293,58,29,13,31.057180089640063
-79.20271730166615,34.343195167470185,0,-1,2018,111,45,44,11,63.30023696682463
-85.7607499033282,35.87904969213277,0,-1,2018,31,35,54,11,61.004798104452576
-91.09994913319916,31.504100524491854,0,-1,2017,224,39,47,14,35.692139047995255
-85.86492582253273,37.70134000661014,0,-1,2020,97,11,68,21,68.46811690803692
-90.74185570136912,34.87951073237733,0,-1,2020,108,5,78,17,70.90305256091303
-86.57733930649623,33.01678645727903,0,-1,2020,16,54,36,10,38.47929317336582
-92.83065281108833,37.509741783629345,0,-1,2019,324,27,59,14,63.11246470669538
-87.3484801415684,31.212772407075388,0,-1,2020,189,47,43,10,35.175110567051
-79.38816249616153,37.390357312067344,0,-1,2019,3,15,68,17,53.247487213917566
-89.25767426329372,34.03235512257368,0,-1,2017,112,60,31,9,57.62232446094306
-93.05664618343799,31.797361199762864,0,-1,2020,74,13,70,17,62.75405273333761
-85.67530477506008,35.76382295395977,0,-1,2018,291,18,65,17,65.86484084985388
-83.034344272308,30.618231385537584,0,-1,2019,312,26,60,14,49.88778956099294
-83.52352673948583,34.42896180808377,0,-1,2019,181,28,53,19,53.63274292597204
-82.97319562723963,37.87518653935086,0,-1,2019,106,46,38,16,34.00957759829382
-88.56929700696483,34.82446430899284,0,-1,2019,82,19,66,15,61.29403866279646
-87.42052481577254,32.42635825601453,0,-1,2017,79,46,44,10,51.82240739278097
-76.52975250623744,34.85207646950819,0,-1,2017,3,4,72,24,68.0123820056085
-89.06304809982443,37.19183095818955,0,-1,2019,292,54,27,19,53.104273958056794
-77.98955472976186,37.0885066671179,0,-1,2018,5,22,66,12,55.32532927864773
-91.29016088537432,34.22241070898977,0,-1,2019,64,1,73,26,72.85906119789095
-83.04515818312159,31.146065489028274,0,-1,2017,10,57,31,12,48.1896044394415
-76.0207094996494,35.58748477879119,0,-1,2020,13,56,33,11,44.038957448909045
-76.92443705139728,36.686073701167345,0,-1,2017,74,36,50,14,55.706579259142266
-77.21083616544468,35.101384029298345,0,-1,2020,132,43,45,12,38.97090772633907
-81.68561405673242,36.032848862315376,0,-1,2020,130,69,23,8,25.717786202266716
-92.63605974674701,34.993879117307955,0,-1,2020,76,22,65,13,64.83759552913759
-93.50540087601041,36.81128163275901,0,-1,2019,335,36,54,10,52.10631281717119
-87.7970019387184,35.221367618136185,0,-1,2020,85,47,42,11,31.573691487260525
-88.71034662006038,33.21797827824315,0,-1,2019,103,57,31,12,39.755908776779535
-85.80858751009278,31.7596628434735,0,-1,2017,8,16,70,14,51.42910455128839
-79.1348456153298,36.92893904592822,0,-1,2019,329,51,41,8,35.67133378095502
-79.80320966428275,37.55561597737269,0,-1,2018,341,68,23,9,34.275868878357024
-82.98950095322608,29.51239494443342,0,-1,2019,72,47,43,10,45.96863705488517
-82.25171267355161,29.876567910763168,0,-1,2020,11,54,38,8,45.64628174242725
-84.11414790459885,37.19163613544953,0,-1,2020,130,6,77,17,58.60646868335833
-92.35689189607334,36.451488352203754,0,-1,2018,22,26,65,9,56.806715386134655
-88.02228721162396,31.668912973050357,0,-1,2020,109,41,46,13,37.260010266940455
-87.09346553772879,35.05344362342672,0,-1,2018,71,32,57,11,56.54945402128622
-83.56184510408772,30.479556537352437,0,-1,2018,80,32,59,9,56.69451300175727
-82.81221666810637,37.80376113753217,0,-1,2018,288,58,35,7,43.6713859763442
-81.35135347685426,34.490755423032944,0,-1,2017,126,57,31,12,34.542070654212985
-80.88010083954752,26.612970414801975,0,-1,2017,123,22,53,25,67.02513723786582
-78.64126657913748,35.49613174129904,0,-1,2020,77,31,57,12,54.55953955811799
-87.94026562009837,37.131089730403296,0,-1,2018,62,20,70,10,65.30846085497086
-91.75166352874825,30.981986023847046,0,-1,2017,219,4,75,21,70.43549342494963
-81.2461044261669,26.362092546646814,0,-1,2017,116,36,57,7,58.376757226346584
-89.87086440896869,30.262581693720072,0,-1,2017,0,10,58,32,43.29536959011257
-80.65869356151765,36.51001561003324,0,-1,2017,16,51,42,7,56.21484143596226
-91.42603549270311,35.632819960403104,0,-1,2017,154,5,79,16,68.8806153342607
-93.26200218582991,29.813610354099183,0,-1,2017,168,18,52,30,46.56034239677748
-90.30451131951948,35.86154896969221,0,-1,2017,60,1,58,41,73.17254452825716
-82.23154474848685,31.056695479337318,0,-1,2020,259,65,26,9,35.837283248410166
-88.46757493323472,30.771104175307876,0,-1,2019,121,59,28,13,31.930233017377567
-84.6781377059986,35.672467290800185,0,-1,2017,129,24,67,9,62.127128016747626
-84.15372203492765,33.27745322771028,0,-1,2020,194,28,60,12,51.28974029821274
-90.89130216870272,30.954679515765175,0,-1,2020,306,34,48,18,45.82055535805977
-87.507972744111,37.621074140913315,0,-1,2019,258,26,52,22,54.586746179060896
-80.69962404745569,27.285737851482505,0,-1,2018,66,26,42,32,63.86904573820996
-80.93929319255109,27.311417381939997,0,-1,2020,146,21,74,5,68.19721591470032
-82.02659748416649,29.045115425099223,0,-1,2019,76,6,70,24,71.88545985862659
-83.49832726225254,35.74243856282859,0,-1,2018,69,57,36,7,42.51584934726364
-92.05399386892434,35.995079623763125,0,-1,2019,224,54,40,6,43.423952758082685
-94.43648401525789,33.403300267297524,0,-1,2018,53,25,62,13,65.36183405078788
-79.85690178217541,35.19852436057558,0,-1,2017,289,49,40,11,48.553609509517415
-81.89377329655403,31.104908746050437,0,-1,2019,269,56,33,11,37.96653041881404
-78.87346336776099,36.66490212821561,0,-1,2018,5,49,42,9,48.90106244322447
-91.30296881324159,32.92314107624238,0,-1,2018,32,2,74,24,70.80584843817877
-80.12602123255984,33.802579573513015,0,-1,2017,48,13,69,18,61.72915021323643
-77.18531956356541,37.383078459702446,0,-1,2017,330,55,36,9,39.374674144877154
-78.64917893119011,35.21564979980706,0,-1,2017,31,16,67,17,60.84213797389684
-89.84660831737406,34.19068090023268,0,-1,2018,139,35,52,13,52.66731820963891
-80.30662888105209,32.5833413781264,0,-1,2019,206,33,55,12,47.28170293432329
-78.05255849298564,37.352376792169785,0,-1,2017,47,32,57,11,49.64391919909954
-82.94005095087803,34.084666581064575,0,-1,2020,80,23,66,11,42.00355408126999
-92.90852830293642,37.011752865733605,0,-1,2020,64,20,66,14,58.3382561996525
-91.61987507521405,32.45114787047757,0,-1,2018,247,1,70,29,68.59980252764612
-85.2052781961731,35.91060489955598,0,-1,2020,72,52,39,9,38.307671043538335
-90.72709358341848,30.243927745281148,0,-1,2019,107,45,45,10,46.32387328672435
-88.56511746451713,32.92104061794954,0,-1,2019,68,57,33,10,42.01285671966033
-89.89066438467907,32.51477521897839,0,-1,2020,60,49,43,8,45.4537272006344
-91.23858803256942,29.328525178561545,0,-1,2019,25,,,,56.00996659696386
-81.11484919580997,26.656249073365384,0,-1,2018,321,10,77,13,78.2227334663007
-84.51297935677017,32.01369601389704,0,-1,2020,16,23,65,12,60.65257483611091
-77.5967251535894,35.50914208544464,0,-1,2020,109,14,68,18,55.687699964450786
-90.00445098729467,32.14336220993745,0,-1,2017,60,32,55,13,39.269138874079346
-92.6195163010868,30.075158784682,0,-1,2019,8,33,57,10,50.19747650264591
-91.46366765982081,35.56272391499901,0,-1,2019,185,50,39,11,46.05254013070864
-84.93940531547695,34.41948804694016,0,-1,2020,19,12,73,15,63.827238982783186
-93.11133883015071,31.160637859572734,0,-1,2020,78,58,35,7,41.34990224539369
-83.07125772126078,33.43093326564923,0,-1,2018,50,66,24,10,37.68332609296632
-83.72943217474428,34.1081903677789,0,-1,2019,318,41,47,12,59.19524044633158
-79.53452738345106,33.573508242547,0,-1,2019,329,38,50,12,39.79726341145576
-84.77352948059577,37.452534349577114,0,-1,2018,42,12,69,19,65.13998459320128
-81.94845094537621,29.874140899380233,0,-1,2020,86,34,54,12,60.91228750433666
-82.16279643244731,31.829024160681584,0,-1,2019,92,5,73,22,61.480550509438395
-82.12359960991475,28.46393277534761,0,-1,2019,64,49,44,7,45.18613880935929
-86.3383524181369,33.464951509835224,0,-1,2019,77,27,61,12,50.924203311376175
-85.65266877418253,36.669012383354584,0,-1,2020,17,53,36,11,50.6400695212514
-84.3682435961823,37.83675602671191,0,-1,2019,59,48,46,6,56.680924170616116
-90.51400237704178,36.524296143324655,0,-1,2019,90,9,58,33,65.03625735613572
-84.86176221851579,30.04800748949824,0,-1,2019,63,50,40,10,42.39516973083987
-90.13387640528487,33.57792688434547,0,-1,2019,68,41,48,11,54.08017723600054
-90.78490780117929,32.77494383667191,0,-1,2018,104,46,32,22,29.750192554557113
-80.6483940475837,36.28255363218341,0,-1,2017,84,31,58,11,57.318397251076256
-87.97449360413383,31.295840816553415,0,-1,2020,197,43,22,35,29.38832548993616
-81.34609663358532,31.542798993413136,0,-1,2018,328,,,,45.86815728604472
-82.2298568290425,34.91472197180294,0,-1,2019,142,28,59,13,69.59089652448657
-81.25866728703585,33.410211577579155,0,-1,2019,83,9,75,16,59.20136640075827
-89.32330262027627,31.862104564010867,0,-1,2020,45,43,49,8,54.886984340133104
-86.2209481487386,33.445986636757155,0,-1,2019,72,46,43,11,51.82347017356794
-87.66627954922252,32.129564477286365,0,-1,2019,243,51,36,13,38.645630109395356
-87.88917678087817,30.77525561573667,0,-1,2020,286,45,46,9,42.68432379072063
-92.33115046036987,35.36034657629131,0,-1,2019,91,52,39,9,50.706330713636895
-80.21541038068769,36.93164852328929,0,-1,2020,253,49,44,7,44.057993049522146
-93.29012917342037,30.53523517785893,0,-1,2017,140,29,60,11,44.490808206464855
-94.01990386094477,30.595767459286133,0,-1,2019,109,65,23,12,33.99624795118386
-83.03545860385609,35.421960710292325,0,-1,2017,341,75,20,5,21.17796559963665
-77.07120039797174,37.41972264190304,0,-1,2020,340,37,50,13,36.35904926568494
