lon,lat,label,cause,year,doy,vcf_tree,vcf_herb,vcf_bare,vcf_herb_2km
-89.27328410867162,31.697092791689833,0,-1,2019,129,35,53,12,45.33086507513377
-79.31949579415998,34.932240969067465,0,-1,2017,253,14,65,21,59.71952375310982
-82.17771957994444,36.12744358387551,0,-1,2018,262,74,17,9,23.766348679662652
-82.35474034035158,28.11900840897505,0,-1,2020,338,35,53,12,55.46409385368937
-82.64157853640276,28.05503418090541,0,-1,2018,146,18,68,14,65.43024128262844
-84.26777513916949,35.857372107638156,0,-1,2020,49,16,63,21,57.59567236439087
-83.49043708884203,37.21845925354591,0,-1,2019,281,65,27,8,27.40012639728246
-88.93760240368945,32.495293848712414,0,-1,2018,213,52,37,11,36.24459849113245
-81.94562152915769,34.51919968130038,0,-1,2017,135,19,66,15,54.56553589763842
-81.1634748776564,27.426159877583384,0,-1,2018,46,21,67,12,56.303122453441446
-90.15330440932102,32.15118402342189,0,-1,2017,139,29,56,15,51.12677865612648
-88.03247682719943,34.241699373902456,0,-1,2017,25,52,37,11,42.05898965163126
-88.26405070941087,36.75827022533909,0,-1,2017,69,39,55,6,62.743158393555284
-81.43886094728195,37.01439814220395,0,-1,2017,16,70,24,6,24.552422141912054
-85.38948281522794,30.734794468457107,0,-1,2018,70,13,68,19,60.84227465692564
-78.56547126574534,37.53687825185324,0,-1,2018,126,32,58,10,51.18297258867208
-91.20925703296412,37.30474680883277,0,-1,2020,300,61,33,6,30.333563699549806
-89.92207082647421,33.22593172871619,0,-1,2019,33,40,50,10,38.49320695102685
-83.8230616513346,34.07300661068286,0,-1,2018,90,28,59,13,53.343260002369796
-92.0764733893802,37.29125887147768,0,-1,2018,44,18,67,15,62.28300620038703
-87.00950397143912,32.35834524325837,0,-1,2020,67,66,23,11,53.69725224853536
-82.35647541580116,36.328581842325775,0,-1,2020,293,18,69,13,62.69495843124866
-81.37156521567809,35.43399965035001,0,-1,2018,335,46,42,12,60.062548125333166
-80.48915440073556,32.31780499634832,0,-1,2018,200,34,53,13,50.144317425754544
-82.65423999313923,29.653658757735766,0,-1,2020,105,26,64,10,69.89860595529574
-87.97291146909174,37.357157426882786,0,-1,2018,194,26,63,11,60.85357135804418
-81.77805373361376,30.25285169820572,0,-1,2017,18,20,65,15,65.21467219589255
-84.15741114271154,34.33319920262592,0,-1,2019,131,51,40,9,45.83105266275695
-81.1398508331945,33.11367836855416,0,-1,2018,268,40,49,11,47.790110779802944
-76.68017694231256,37.35729595720318,0,-1,2017,310,56,37,7,40.19313260466076
-92.21251644619888,34.16662577391497,0,-1,2019,219,47,46,7,32.5328606974999
-90.80920478248972,33.22474560274524,0,-1,2019,260,22,61,17,61.364017403585514
-85.9303405617422,30.278659708260665,0,-1,2019,68,39,48,13,45.55765737303526
-84.37741803699012,36.46193968757772,0,-1,2019,234,51,41,8,25.552545318115403
-76.48669432198268,36.37774382108897,0,-1,2019,66,54,31,15,37.86501589558282
-80.98606659063134,28.830944915602565,0,-1,2018,85,51,46,3,51.91965484558881
-92.61474319152133,34.72492608711488,0,-1,2018,24,46,44,10,47.32964060031592
-80.18793876761167,36.62934816194736,0,-1,2020,319,41,47,12,50.65650980469598
-83.89687493134828,33.882311346832125,0,-1,2020,322,26,54,20,51.825214729983195
-89.19391352524165,36.134314143971565,0,-1,2020,337,9,74,17,72.25349999012695
-81.96555052630494,32.58446998507567,0,-1,2019,114,17,69,14,61.414481478556155
-87.85376935269048,37.60892263742542,0,-1,2017,298,10,73,17,60.9388796630078
-83.52836378484136,35.62849218002918,0,-1,2018,92,75,15,10,19.563381115981517
-92.88044205206496,34.419183831975474,0,-1,2019,35,48,46,6,45.42743079479591
-83.50533234567938,29.95525230725439,0,-1,2019,106,41,49,10,45.659821499091706
-81.15596039368921,28.168071126398715,0,-1,2020,82,44,53,3,54.857788835574496
-83.09884557066061,32.402941154587985,0,-1,2017,285,16,69,15,56.5650225100703
-92.21868582312129,36.28637991014208,0,-1,2017,105,52,41,7,38.88444390154522
-76.28330921126353,35.54084317262376,0,-1,2019,170,20,66,14,51.347305104491106
-86.04054699432827,37.85043453216742,0,-1,2017,143,41,53,6,71.7352923751407
-91.54255261073978,37.45145933145313,0,-1,2017,66,65,28,7,37.15392362071008
-91.16245129074213,36.97226556079093,0,-1,2020,62,49,45,6,51.30412371134021
-77.66946033013492,37.5853313716702,0,-1,2019,128,41,49,10,50.413999224758754
-81.92772686429691,27.421642744238035,0,-1,2017,103,31,64,5,63.33424159854676
-89.30958425701859,33.173781617416005,0,-1,2018,19,55,37,8,42.48992003159243
-90.8079434845208,31.436922445839013,0,-1,2019,188,60,31,9,28.515118001382433
-78.41239467009322,35.36194478464664,0,-1,2017,101,24,64,12,63.37814943527367
-80.83621315654413,26.403885385014267,0,-1,2020,292,13,74,13,54.22921849701855
-88.78313690668844,30.64780473445884,0,-1,2020,37,55,34,11,41.57462185537696
-84.18187281083743,31.934025311032528,0,-1,2017,326,21,67,12,66.04130958492946
-92.22780844264845,35.42861941637692,0,-1,2017,344,48,45,7,55.90806413395464
-89.37944532102728,32.34218760511945,0,-1,2020,207,47,41,12,46.79391845196958
-77.62595181319247,35.24972358443464,0,-1,2019,341,61,25,14,47.96748664380829
-92.3274465013434,33.12213485237561,0,-1,2017,85,51,37,12,40.425914224784776
-91.22619306340324,31.158659547202134,0,-1,2017,60,67,25,8,29.36573516342452
-84.78270687148732,34.206278352834254,0,-1,2019,34,13,66,21,56.17584088799355
-93.86271805781637,34.99578787751608,0,-1,2020,140,57,33,10,34.096481181627894
-93.17953041182732,29.802490074510295,0,-1,2019,259,26,61,13,57.85864349886464
-82.48363743453439,28.72038532955758,0,-1,2017,304,25,66,9,70.12964060031598
-82.25432554064382,29.047183122120018,0,-1,2020,91,30,58,12,62.61778120002368
-83.95819866177007,30.85943348429256,0,-1,2019,57,22,65,13,60.28055209999407
-88.36732852168089,32.287286278161226,0,-1,2017,45,67,32,1,33.898823157728465
-81.99767254976534,32.76972740305756,0,-1,2020,77,17,67,16,55.56429192006949
-77.66395510167459,35.04629277312076,0,-1,2020,81,36,51,13,46.76748824900265
-94.3447169387938,36.727542098593446,0,-1,2018,14,8,75,17,57.48474676670942
-92.21148917878939,36.205732494290146,0,-1,2017,163,28,59,13,53.15910751308125
-82.85732058738222,35.284882628016526,0,-1,2019,49,78,17,5,18.232675711436308
-82.36483727916108,37.718226619064644,0,-1,2017,207,66,22,12,29.814627596556345
-92.13662820523221,33.492325009082286,0,-1,2018,144,48,40,12,41.4839958138341
-84.88600098150519,36.47442752107643,0,-1,2019,124,56,36,8,35.30862344740428
-81.44090732212224,30.372336936759883,0,-1,2019,177,19,50,31,53.18952316991268
-87.72212783382827,37.34922765431983,0,-1,2020,50,6,75,19,52.728337850835025
-79.73456441367259,33.774822131679606,0,-1,2020,142,4,79,17,54.04024804486927
-79.24072393985733,34.06704956583042,0,-1,2020,65,45,44,11,39.8102798017495
-89.86207630780986,36.072169983738156,0,-1,2019,73,1,73,26,71.7170444672617
-90.99411773710867,34.227937318136036,0,-1,2018,145,3,73,24,71.74371075391967
-91.3741686421553,35.201455393655785,0,-1,2020,73,45,37,18,42.04965954207896
-85.14782643621035,34.664186515948,0,-1,2019,126,49,40,11,46.919026181732015
-89.04051781571658,33.157711812286905,0,-1,2020,43,56,33,11,45.392984812276595
-88.03412931493209,34.43927770481887,0,-1,2020,249,20,64,16,52.7897750834304
-86.8181860240402,32.06350007581154,0,-1,2017,105,20,68,12,33.123000671379494
-81.87713031917275,27.909748858243574,0,-1,2017,1,5,69,26,65.53749269491968
-87.0539907307164,30.719711381350823,0,-1,2017,257,49,44,7,52.780009479796206
-89.56727868058582,37.425416685714026,0,-1,2020,85,61,28,11,36.8462009319959
-82.57245373268144,33.915864530129916,0,-1,2020,255,46,44,10,41.67248701098431
-83.59342467196477,31.308628387704783,0,-1,2019,65,6,76,18,67.20125177697045
-91.71223331530624,32.72394307683078,0,-1,2018,334,8,71,21,63.02484546123113
-84.91064289316253,34.5427967673141,0,-1,2018,84,10,74,16,59.42036254492323
-93.4946407049861,33.06403452850967,0,-1,2017,76,61,29,10,38.90054174190861
-82.88144632296992,34.755206529837714,0,-1,2019,38,54,37,9,41.65599404318689
-92.49022157936702,32.373762134391285,0,-1,2019,346,51,41,8,31.137827537863096
-80.28216641888386,25.84991116064112,0,-1,2020,7,4,53,43,42.63045109811977
-83.33073159606428,29.798619888025968,0,-1,2017,267,35,53,12,56.44884097460805
-85.6208380758796,30.820188520278823,0,-1,2018,94,46,43,11,43.860714003633205
-93.39220691446833,35.83535881128786,0,-1,2019,250,53,38,9,35.26356635071089
-91.11137560566537,34.626957483149475,0,-1,2017,31,4,74,22,73.14903532850177
-85.73232692713417,33.60133909667247,0,-1,2018,50,55,33,12,44.990799241825925
-92.06653218256749,31.425415943126946,0,-1,2018,70,47,41,12,38.414173135035846
-91.863991710647,34.9602662248422,0,-1,2017,72,8,82,10,59.71122434871913
-87.56327185751816,36.93508480120267,0,-1,2018,45,21,70,9,60.78984262385722
-93.97295587419627,31.224628155312907,0,-1,2019,250,48,43,9,41.06965724214185
-81.36482769799822,28.85610865646967,0,-1,2018,164,43,51,6,46.404989489549045
-82.750741770133,33.77388254009903,0,-1,2019,2,15,73,12,53.216625530654575
-91.32239303469164,32.412310060113676,0,-1,2019,103,31,56,13,63.83616689374641
-81.24952382075494,37.677681329669554,0,-1,2017,75,72,22,6,25.944806477093206
-86.63127126135524,35.744623143806294,0,-1,2019,218,12,68,20,70.58577719849123
-91.20994506899476,31.076946982393945,0,-1,2018,32,20,62,18,55.34825625024685
-78.29837345042444,36.09001501007449,0,-1,2017,125,28,54,18,55.07513971444935
-78.16622172266406,37.50556921145421,0,-1,2020,109,48,38,14,45.71866361266882
-81.73066133869585,27.8075508007575,0,-1,2020,92,16,71,13,72.66022906793044
-88.52518001735757,31.973822658909356,0,-1,2017,136,72,16,12,30.868059394992493
-89.59652896281025,31.905021944095076,0,-1,2017,135,55,34,11,32.59271765100804
-91.37087578186421,33.786692310356116,0,-1,2020,101,2,77,21,72.02004740272568
-81.06339864073668,26.022365988805838,0,-1,2019,96,35,53,12,55.41261378670299
-83.28904646190965,37.65655531798418,0,-1,2019,90,53,40,7,28.907884341918134
-80.86339734415292,37.13286705468855,0,-1,2018,317,64,26,10,27.401544020376328
-84.86271980616442,32.65411131419284,0,-1,2017,267,49,42,9,39.11491823998737
-82.29976789243005,36.70091904578303,0,-1,2018,216,50,39,11,39.9078129010603
-92.8106688347744,33.1814483851437,0,-1,2020,82,54,38,8,37.96538514700947
-93.6377590789328,30.435178576463287,0,-1,2020,44,46,45,9,46.21658604008293
-81.66024185512202,30.683593471357696,0,-1,2019,96,30,57,13,47.85543643507278
-93.03703354333592,30.88879908190695,0,-1,2020,74,30,62,8,47.369807297425375
-80.57173975227109,36.54399426804653,0,-1,2019,57,48,42,10,52.21118000157964
-91.22888543185071,30.93370772063287,0,-1,2020,359,58,33,9,41.54353020160732
-89.93304426584469,33.50470355489246,0,-1,2019,56,32,54,14,46.634381849416506
-94.29961164153424,34.72577361573216,0,-1,2020,61,57,32,11,33.01658604008294
-84.18846419544764,31.961858600759715,0,-1,2020,21,48,41,11,62.961966073579674
-92.06369737675072,32.35074721090639,0,-1,2019,266,44,46,10,46.582717902136544
-79.45914480616393,35.269792042038056,0,-1,2017,83,59,30,11,50.005430168038984
-88.68527081818844,34.18600707380452,0,-1,2018,340,39,49,12,61.662118399747236
-93.12484613432107,33.745191816995614,0,-1,2020,53,46,45,9,43.61861227391199
-81.30026708632994,35.56974532620432,0,-1,2020,278,48,40,12,56.257103366571215
-78.59393619812195,34.67107941717578,0,-1,2017,24,63,26,11,41.11000081906792
-84.78329592419081,37.08500523427272,0,-1,2019,359,15,64,21,67.32066194040166
-92.0701108690657,35.468185316314916,0,-1,2020,76,41,43,16,47.65763098405585
-93.47213737792751,31.744613605079994,0,-1,2019,139,18,53,29,44.41027210615696
-83.4238013888544,30.00948933468568,0,-1,2019,14,53,33,14,33.2685282094828
-82.93861637279613,37.222907244782306,0,-1,2018,32,58,34,8,37.37889122417416
-85.34607898342084,30.422669234570773,0,-1,2019,325,49,43,8,56.69949834097013
-87.47193234195763,31.646302399781423,0,-1,2019,93,43,45,12,39.36230223784787
-83.90452590653513,30.58143150068144,0,-1,2017,62,68,23,9,38.54526245112366
-80.40198235542367,26.96556669788635,0,-1,2019,59,35,52,13,51.207780410742494
-84.75796036000523,32.32766777175418,0,-1,2019,298,56,34,10,50.20240116899018
-80.86124413920899,28.776691534958296,0,-1,2019,265,16,72,12,63.36140683591225
-87.18818948999011,35.195229539689144,0,-1,2017,143,50,40,10,46.15779287463463
-85.39976414806473,35.32593886722305,0,-1,2017,124,22,64,14,57.93484229029646
-92.68788534253768,33.27655179347081,0,-1,2020,84,54,35,11,50.50601338941881
-93.11046600816078,32.9563563764088,0,-1,2017,47,43,55,2,39.61314719007938
-87.43117172802421,32.42716633083991,0,-1,2017,112,16,67,17,56.39762652291529
-82.13271105965966,30.580608196533394,0,-1,2020,223,28,60,12,48.33177311687798
-85.30186419424551,37.85058146519559,0,-1,2020,100,12,72,16,68.59953004363882
-88.38649769379718,30.964061401726685,0,-1,2017,10,26,66,8,48.333497877381745
-90.85579757313774,35.32311495104844,0,-1,2018,74,3,74,23,63.7008254996445
-88.76391255451053,32.87093367812211,0,-1,2018,231,41,48,11,37.372297364004346
-90.49835080813784,36.73816987341933,0,-1,2018,243,41,43,16,54.403937676494394
-92.48273738268209,34.96255370608928,0,-1,2020,39,28,59,13,52.90793128736191
-85.06337862668641,34.5572718120188,0,-1,2018,166,69,22,9,30.07487342400476
-85.30626391590529,30.72674355729075,0,-1,2020,54,12,68,20,71.43611873679218
-88.70712898750647,35.70243862089513,0,-1,2019,140,38,52,10,50.74928915567491
-81.41999438025337,31.60706442148411,0,-1,2017,12,43,46,11,41.640161911343654
-89.28839590119432,35.45023921195022,0,-1,2018,314,9,72,19,65.74134049528027
-88.73572072401609,32.47352038782517,0,-1,2020,188,34,56,10,44.51209398756049
-82.57933252021428,29.15219990270134,0,-1,2019,91,50,45,5,48.6298724378974
-81.985205982374,31.679752404389852,0,-1,2017,65,40,49,11,59.01678647602497
-84.06490711206227,31.713473619847658,0,-1,2017,293,26,62,12,61.12611598325037
-82.21760092275072,28.7685503748658,0,-1,2020,6,44,50,6,47.28111918489851
-90.00748033597334,32.53000051966525,0,-1,2017,317,19,65,16,59.90589768396942
-78.57842895611005,35.76841644443005,0,-1,2020,156,16,64,20,59.98351301188644
-92.6256947738599,31.191935900419736,0,-1,2019,249,66,24,10,33.095695102685625
-78.43563945731415,35.45633525181395,0,-1,2019,104,24,64,12,60.48012165978709
-86.80048206980703,32.7739186895417,0,-1,2017,34,53,37,10,46.25023694810837
-83.63053761830847,35.828428903016786,0,-1,2020,122,18,70,12,48.066483635860855
-93.04783426328821,37.220594674195176,0,-1,2018,15,35,51,14,49.61747166383638
-80.84694324978679,32.53930001036919,0,-1,2020,19,,,,40.233097529862015
-93.72417480662199,30.328923134970864,0,-1,2018,66,67,14,19,25.809233260272897
-88.7341307063898,32.60831616303874,0,-1,2020,39,57,32,11,34.753159807251755
-93.52594155544593,29.991224455133345,0,-1,2017,142,19,67,14,60.66875987361771
-84.37805419704937,31.321157178373007,0,-1,2019,21,7,74,19,68.12153648661992
-79.7265017462059,37.27361140108161,0,-1,2018,146,31,56,13,46.99336558396685
-81.02337709723733,25.905836211550483,0,-1,2019,304,20,58,22,55.58921342101627
-94.46323162491466,32.588146889359535,0,-1,2017,31,63,36,1,38.486997729292135
-79.94524117834152,36.16213914382756,0,-1,2017,306,15,71,14,58.201792836551746
-82.04059073065675,32.956233479218355,0,-1,2017,273,23,65,12,53.1526293963151
-84.78055235546456,35.511334494799726,0,-1,2017,14,24,66,10,55.797420858265696
-86.01626272164164,31.118909102122284,0,-1,2020,252,15,63,22,61.8715199620898
-87.90193303268823,32.335855324290605,0,-1,2018,207,52,36,12,37.633310297166524
-77.23455088229689,36.917547492956274,0,-1,2020,96,19,63,18,46.113024247689765
-89.22269288310005,34.182792411601845,0,-1,2018,215,48,41,11,44.19480828768755
-93.6350873007747,31.97267321478213,0,-1,2020,112,52,40,8,52.089579055441455
-77.34156401270553,37.180040990806205,0,-1,2020,63,47,44,9,51.38204399162816
-80.3814534601424,35.32421665714396,0,-1,2019,90,21,67,12,65.0645428870499
-92.78180139128317,33.8883707894908,0,-1,2020,72,29,61,10,48.674295983253664
-83.56954295993279,32.907989123963084,0,-1,2020,18,40,49,11,45.31933420210877
-94.39342922074928,30.73683130367125,0,-1,2019,32,70,18,12,26.99924957541767
-82.93754348953803,37.03359870500145,0,-1,2018,207,73,19,8,21.967220883851347
-82.50810249408445,29.90875271839515,0,-1,2018,71,15,71,14,70.12536281962684
-76.50531287248818,37.183099229151225,0,-1,2017,143,60,30,10,41.36258268338434
-84.52237477631995,36.70077366230676,0,-1,2020,43,56,35,9,37.387482224680056
-77.9844941561242,37.25130643175364,0,-1,2017,103,46,45,9,52.46371859693473
-80.45596806410636,27.727642589970014,0,-1,2020,45,14,70,16,69.36928878884808
-77.16120539012573,36.933274338636885,0,-1,2018,73,40,49,11,41.25879193570681
-90.29680117556703,32.83232214338586,0,-1,2020,255,17,70,13,48.96242249516208
-76.43792443053079,36.60678113675374,0,-1,2019,105,65,26,9,28.63820106326931
-89.26175428467168,36.003890635247195,0,-1,2017,256,32,58,10,53.1636916515283
-87.64292504754884,36.52846047686571,0,-1,2020,46,46,42,12,47.60969685000492
-94.26911999455791,31.66094710693348,0,-1,2017,23,57,31,12,42.70449205252248
-89.84826891152368,29.7285252755584,0,-1,2017,63,15,39,46,32.986732886465454
-83.63087773379743,36.92694414265951,0,-1,2019,62,68,21,11,26.18252730109205
-80.59508460989886,33.93918419993758,0,-1,2018,162,67,21,12,30.086584787931447
-89.65190923720273,33.48950787840352,0,-1,2020,37,54,35,11,46.73040851383105
-92.13799080743114,30.149396737935596,0,-1,2019,103,27,60,13,66.09750607191518
-79.90293059523177,36.835636503384855,0,-1,2017,5,59,33,8,48.01108016827637
-82.05160802931368,32.89417843008989,0,-1,2020,98,8,73,19,62.96283643687922
-94.05848329237759,31.172209414424707,0,-1,2019,230,,,,24.933274564318168
-88.90808665510838,32.82608625510324,0,-1,2017,0,61,29,10,31.80706258764045
-86.07960779844765,33.10061119831551,0,-1,2018,7,54,36,10,36.12597258975473
-79.70263036658716,36.754095230175416,0,-1,2019,25,64,26,10,42.0048577239786
-79.74236137353174,33.68509475778747,0,-1,2018,62,5,77,18,58.40023300357406
-88.83688782035269,33.612132634310015,0,-1,2018,135,55,36,9,52.084472270500875
-81.95942443405556,35.83994351254765,0,-1,2020,64,68,23,9,29.755856211732173
-85.17076551477452,37.093528026959035,0,-1,2020,270,40,48,12,50.687912174702866
-79.67794484618534,35.03756303893014,0,-1,2017,261,29,60,11,48.539202907137486
-80.54351730646341,33.47869362431038,0,-1,2018,95,21,65,14,67.63801173055276
-80.83456078290314,32.26509869282649,0,-1,2018,323,53,39,8,45.15783553855907
-77.5549494175381,35.957689694799235,0,-1,2019,339,47,43,10,60.8567563297389
-92.54190457181355,35.36671050265437,0,-1,2018,66,41,49,10,62.8165123121581
-92.69802104707051,29.67168459971249,0,-1,2018,90,31,54,15,55.192276636117704
-86.5079925524203,31.794131517606274,0,-1,2019,205,33,57,10,46.475600845231746
-93.63576518801639,33.03119111107025,0,-1,2018,107,56,35,9,38.478345018267994
-77.22180757251124,34.601752791677534,0,-1,2018,12,49,28,23,32.0961242886221
-94.43052065539526,35.32649692705424,0,-1,2020,81,5,52,43,64.43620635171435
-81.84313943648395,27.5019424567804,0,-1,2020,254,13,78,9,74.8647277178849
-92.82349514610739,31.251718059626732,0,-1,2020,9,72,19,9,30.699817280083543
-91.15050988246865,32.42303508998903,0,-1,2017,227,4,60,36,60.56230126597282
-78.30284655935442,37.66195401638003,0,-1,2020,134,32,55,13,49.23428706830165
-84.44584380821226,33.659215473659685,0,-1,2020,115,18,63,19,58.363042233498504
-88.47354103741283,30.933927826376785,0,-1,2019,31,25,62,13,41.95004442689308
-90.3242450562456,33.650258084529085,0,-1,2018,69,0,58,42,67.84935936796427
-76.85431264028018,34.81502692672353,0,-1,2018,12,3,76,21,56.66520537124803
-88.85558253300984,34.24148316475198,0,-1,2018,45,32,56,12,58.45325303583769
-82.1969788792597,33.42803991031789,0,-1,2019,71,25,63,12,62.71975276949509
-83.55242889761746,31.367479498676797,0,-1,2018,104,13,68,19,66.83469278928762
-87.17181760492818,34.95165444659822,0,-1,2019,10,21,65,14,56.21985703566209
-89.97209111246485,36.94545368893691,0,-1,2017,32,51,42,7,63.188693402839476
-91.17319974832454,36.98163238742203,0,-1,2019,255,34,55,11,44.685694540428464
-84.11881696632024,35.01409320179056,0,-1,2020,65,56,34,10,42.6372055367968
-76.68188610249028,37.1297873623413,0,-1,2018,48,48,44,8,39.17935895501476
-80.34435947861543,26.892434943522797,0,-1,2018,254,36,45,19,53.65002171938558
-86.78320126547473,31.71789945857935,0,-1,2018,74,54,37,9,39.700264623405346
-89.51865054494259,30.89185640029383,0,-1,2017,68,63,35,2,32.01873790625123
-85.05675555316577,31.796998544143946,0,-1,2017,84,41,49,10,51.88884281200632
-83.84373981506694,34.92271535680564,0,-1,2018,120,60,29,11,39.62405465710959
-84.90764742147303,33.64168846701425,0,-1,2019,110,45,47,8,47.53165814277863
-91.7603791975171,34.6344215158281,0,-1,2018,293,8,28,64,58.453712642497706
-84.42749266909203,32.52910270408409,0,-1,2017,144,39,50,11,64.59234687833197
-83.14009793300724,37.649838916800256,0,-1,2017,120,50,39,11,29.704513580246903
-82.69877280017737,35.87141289834413,0,-1,2018,213,75,19,6,23.384440669932076
-77.39418226000251,36.74240882873137,0,-1,2018,62,72,19,9,35.95639982623119
-80.46738031739241,33.69518522708543,0,-1,2017,62,38,51,11,60.715210867161574
-88.38405412946359,34.23839684916676,0,-1,2018,145,36,52,12,51.34439989730017
-86.991130534344,37.054970535075405,0,-1,2019,80,45,45,10,50.05866556088701
-76.18051021551564,35.715159358180706,0,-1,2019,18,46,47,7,48.197934153615215
-87.79564882192761,32.53522571122658,0,-1,2019,82,51,39,10,42.79357706854225
-92.16708328226017,36.19537926427457,0,-1,2018,74,16,68,16,52.02179965641844
-90.96532622084644,35.51572376260905,0,-1,2020,131,1,79,20,69.02027067669171
-82.93228218811544,31.187227008930623,0,-1,2020,96,58,32,10,39.1132436861955
-77.46075850387737,34.49457302026956,0,-1,2020,96,33,55,12,47.24714942988595
-92.48276876810682,37.61625175431433,0,-1,2018,138,35,53,12,57.215089645367634
-82.52811363431594,35.942280480019406,0,-1,2020,193,66,24,10,22.421950593392715
-75.6657067368882,37.44463277662079,0,-1,2017,63,53,23,24,23.406102779098415
-81.01275785837589,35.94037777665361,0,-1,2019,93,15,62,23,60.59617738814514
-83.5701689108382,34.55122988189712,0,-1,2018,66,28,60,12,54.145793432977285
-83.35244059588503,34.527701826124755,0,-1,2019,48,35,53,12,58.089149965445756
-82.5382971488211,33.03451664669414,0,-1,2018,245,13,71,16,50.34322552620147
-87.85999860694324,35.67408699922936,0,-1,2020,20,66,23,11,34.970121252814096
-81.7508834019469,30.167318604276343,0,-1,2019,106,26,59,15,59.735517118824795
-82.83234660871156,30.757699835485862,0,-1,2020,227,52,42,6,44.56997018344094
-90.91530323391396,33.25641803925611,0,-1,2020,133,6,54,40,61.30715058392389
-82.07090097016393,33.52132983947141,0,-1,2017,83,27,64,9,60.82461787590347
-83.42101751720293,36.13963525479374,0,-1,2018,45,42,45,13,59.055994313694505
-94.28365287303505,36.43206128042834,0,-1,2018,3,45,43,12,53.897351843440816
-86.4616607569532,30.389578121909445,0,-1,2018,267,3,78,19,56.75941206807634
-88.66774568371149,30.414493009345733,0,-1,2018,57,42,47,11,52.82632223407197
-89.34481952478056,36.080180476221734,0,-1,2018,100,4,76,20,72.99334518167456
-86.29385708925447,36.45346491732442,0,-1,2017,290,32,57,11,59.94015878658608
-86.03668815475197,32.41185068649263,0,-1,2018,243,55,36,9,46.684171027945084
-85.27183582864033,36.392918239682956,0,-1,2018,143,47,46,7,46.38955910517897
-82.51694446888698,32.01745624393907,0,-1,2018,4,35,52,13,59.10740945534973
-86.92748449816943,33.17121584502471,0,-1,2020,6,25,62,13,43.6164921983014
-80.31765727581565,35.578329866350984,0,-1,2018,77,31,57,12,52.391895894630814
-93.21769394808888,36.93891390542994,0,-1,2017,106,7,74,19,65.98307829005826
-81.93805378316154,27.789661283090048,0,-1,2020,35,33,55,12,58.531836535475
-87.99037631634141,33.1607903155689,0,-1,2019,20,54,33,13,39.89892167318402
-81.37681101059414,36.979749185849656,0,-1,2019,62,48,45,7,52.30725032579076
-89.15973504277153,34.026605299449486,0,-1,2018,8,16,73,11,58.31060830421136
-93.35424296562765,30.16747108926239,0,-1,2017,108,10,69,21,62.2119877555051
-89.47147552778644,35.263481780270304,0,-1,2020,309,19,65,16,63.20194320470796
-89.16014288845949,33.524099034352695,0,-1,2020,34,58,32,10,37.90877677954389
-80.11017860880074,34.417360764765185,0,-1,2018,3,9,76,15,69.84658978713323
-91.58180544609945,36.40753120723847,0,-1,2018,123,16,72,12,59.37637232446096
-76.75174890284104,37.35060527285067,0,-1,2018,78,52,41,7,54.323078745754714
-91.2445122863561,31.923936398780487,0,-1,2019,187,10,74,16,64.22540857861685
-89.03141520150288,35.94584379462528,0,-1,2019,353,7,67,26,68.83009478672982
-81.05305900252708,27.474714849344704,0,-1,2020,83,34,55,11,66.05648680131887
-93.51563018579435,31.709654736903936,0,-1,2017,25,33,55,12,42.78032502023971
-81.79661329139246,26.255398135426066,0,-1,2018,68,12,53,35,64.61124057032269
-91.1633322386565,34.32467383645388,0,-1,2020,86,3,75,22,68.34716161516437
-92.02965633361289,33.89185036174982,0,-1,2017,97,63,27,10,40.05200908283146
-87.54864932437509,33.54254981344769,0,-1,2017,104,50,39,11,39.253450761240885
-92.32555234196384,37.093661345867424,0,-1,2019,207,13,69,18,55.73085658983625
-91.52419953970264,31.48592900934557,0,-1,2017,144,26,50,24,54.294661434328006
-82.62080046938577,28.63724025250278,0,-1,2019,37,64,28,8,32.39751945333175
-92.60033605385235,33.30087499337641,0,-1,2018,151,43,46,11,44.946745912645135
-85.03566217713633,33.897274061619036,0,-1,2017,65,35,55,10,48.804165844027615
-88.9999977963126,31.175821359762207,0,-1,2017,279,63,34,3,32.30858102103288
-86.17197222545819,33.31574482440953,0,-1,2020,37,14,73,13,59.35019055705854
-91.53693019941406,32.40301632331796,0,-1,2020,249,47,42,11,55.06395245522934
-85.14747383459803,34.74514537482929,0,-1,2020,147,45,43,12,37.240882254210845
-82.50793188449435,31.88036089468836,0,-1,2019,61,31,58,11,58.140380324243175
-84.40358251532815,37.759229481249456,0,-1,2019,99,24,64,12,57.30830437529617
-92.5985054378221,35.84209360428992,0,-1,2017,74,18,67,15,59.62558493099298
-92.7036584347412,34.19056578203068,0,-1,2020,22,42,47,11,48.54515472875564
-85.74862773579503,32.39506212846817,0,-1,2019,337,30,64,6,53.85518262586377
-82.61858183339817,28.00639670407063,0,-1,2020,77,,,,51.43372997600757
-81.88808281240019,27.782970134342452,0,-1,2019,42,31,59,10,55.89035629646133
-87.22808079346575,37.2696150051835,0,-1,2017,105,15,28,57,44.237276919991984
-87.63004709575938,32.57710752328195,0,-1,2017,324,13,70,17,67.35237133008437
-92.7946913760201,35.69562631470043,0,-1,2018,55,33,55,12,48.72438099751214
-83.7567229121996,30.09287466384776,0,-1,2018,138,29,59,12,48.32072267746075
-92.73635628306863,33.67215908362116,0,-1,2019,92,30,61,9,50.087685351550924
-81.19439596667631,32.13155981666881,0,-1,2018,32,2,43,55,55.67580161111989
-81.70203249169614,29.6047930124218,0,-1,2019,68,37,53,10,50.17633110154631
-89.894430956386,37.200887110891465,0,-1,2019,77,21,65,14,53.66933859822309
-81.25479456761899,34.41512634653965,0,-1,2019,79,46,43,11,38.98094579919043
-86.2285497175886,33.9955564034201,0,-1,2018,233,43,48,9,43.48493285939969
-82.52012776361559,34.78612252638686,0,-1,2020,259,36,54,10,61.32986453931518
-85.37872830288998,35.47687614043556,0,-1,2019,26,59,33,8,32.48813191153236
-82.58559692390452,29.690709898407764,0,-1,2020,71,13,68,19,57.39344877287892
-86.51759626659127,30.991256559949804,0,-1,2017,123,40,49,11,45.87338822739569
-82.77056438648606,33.72194082340983,0,-1,2020,79,53,35,12,55.42202740591555
-90.35714963391099,32.28739962073941,0,-1,2019,43,49,40,11,47.18173658069535
-91.76009114764616,31.827749430102315,0,-1,2017,263,69,23,8,19.61551523288645
-92.75203442706602,33.55615220717261,0,-1,2020,263,32,55,13,39.213147888733246
-80.8057969550982,35.50677910026773,0,-1,2019,131,44,47,9,52.17263644261911
-91.80853957279669,33.543564278115994,0,-1,2020,139,42,48,10,44.84118018800854
-87.22065338991804,32.19478590091934,0,-1,2018,161,35,53,12,39.84210634577806
-89.99258596236184,34.85242670083288,0,-1,2020,78,8,60,32,67.0968563642826
-79.12082257906157,37.34403038608653,0,-1,2017,338,46,47,7,53.244233351765544
-81.53551404592767,34.04334634988759,0,-1,2017,99,30,59,11,50.792259847961255
-85.87754120160567,30.53637322315496,0,-1,2018,161,48,34,18,33.73612400039491
-84.9481075222955,33.510386595504485,0,-1,2017,94,51,38,11,46.17162941315852
-78.37639186239545,34.255950142688846,0,-1,2020,73,49,40,11,45.601749639605856
-89.29713804479266,37.124518470101584,0,-1,2017,114,60,28,12,37.49587234969216
-76.91562165754296,36.67554684280323,0,-1,2018,53,7,70,23,59.40020983450789
-77.73383510961497,36.813266611798994,0,-1,2020,38,34,42,24,42.393014393744934
-82.11786508969037,33.93418022748558,0,-1,2020,60,43,48,9,41.46402195805854
-93.95784567141355,35.15838394420477,0,-1,2018,82,31,58,11,62.4698947451569
-84.45844940621386,31.501527645675157,0,-1,2018,34,56,31,13,45.545942850372256
-84.19293084477133,35.75991754284031,0,-1,2020,112,,,,48.38206602659546
-88.39972584504869,31.947393408161695,0,-1,2017,60,66,32,2,32.2458388453413
-81.6054661277342,33.07398133221216,0,-1,2017,310,48,35,17,41.64273723708895
-88.70372173447558,33.17263443015309,0,-1,2017,76,47,43,10,38.17818066911561
-89.65914021222362,29.491680130826545,0,-1,2018,246,25,57,18,53.463726121485315
-81.95050337791778,36.61520765850907,0,-1,2018,21,64,26,10,33.02122574898435
-77.90489675070505,36.584870626106756,0,-1,2017,7,52,41,7,42.64730970480798
-89.45311755937459,36.515752350348365,0,-1,2018,64,18,55,27,38.998909460430745
-82.2649751839987,35.153687560089104,0,-1,2019,3,54,35,11,31.63907428616561
-93.42920486210289,31.096494095568694,0,-1,2019,93,68,19,13,40.8098416334268
-77.9415314207007,36.717709780847024,0,-1,2018,66,56,33,11,48.20567908060503
-84.61975534996179,32.24149650481662,0,-1,2019,297,42,47,11,46.74647497926459
-88.23376195164191,34.533533663363286,0,-1,2019,105,45,44,11,53.709941751406845
-87.61520036492152,36.472750322876664,0,-1,2020,62,56,35,9,45.65048083568648
-91.28515250507327,31.41312443560795,0,-1,2018,97,47,42,11,41.16603810840162
-93.82870757625176,35.80840267277519,0,-1,2019,347,60,31,9,38.494017296528845
-83.38889981439277,37.47794795285629,0,-1,2019,176,69,21,10,30.276590702634376
-84.72051921526536,32.66710605513084,0,-1,2018,121,21,65,14,49.24930386871262
-83.51880314483519,34.66296579771103,0,-1,2019,216,16,59,25,54.53407340101924
-93.5837417348766,33.67512643573088,0,-1,2019,319,22,63,15,60.01406197539151
-89.01275025531365,32.61684028479795,0,-1,2019,158,48,40,12,51.13637799628795
-79.37615566341643,37.75114163037047,0,-1,2020,324,46,42,12,54.81803822460903
-84.34375525865369,37.699561800831574,0,-1,2017,132,32,57,11,60.98635465916571
-89.26229153481842,30.81341730883821,0,-1,2018,173,47,44,9,44.43466413931999
-83.29055516868077,35.17035625906596,0,-1,2018,80,67,26,7,30.674097622620653
-84.96953891003203,34.4403651541248,0,-1,2018,78,12,71,17,53.5625
-91.01052870368937,31.581097962050862,0,-1,2019,141,55,33,12,38.58815280082169
-81.41823671500681,33.49416443135923,0,-1,2020,266,33,58,9,62.242101105845194
-87.19207755411071,35.644154962235646,0,-1,2019,114,29,61,10,55.91388400702987
-84.56478255944815,36.49802827652693,0,-1,2020,65,20,63,17,47.71206287147287
-80.87295762906024,26.02209048869525,0,-1,2018,114,40,44,16,51.673465760998326
-81.94488818907966,31.238666537313183,0,-1,2019,50,29,59,12,45.95030111560866
-83.01795281941112,34.67125068651235,0,-1,2017,44,49,41,10,54.13446805149672
-86.78744017259241,32.05196630049634,0,-1,2017,56,69,21,10,33.17446682464456
-94.4236877932951,33.50163796212145,0,-1,2019,51,18,63,19,57.70258688783571
-78.55532830764915,37.090681620273116,0,-1,2017,252,53,34,13,45.6950384015479
-89.61639358044229,31.78918004717521,0,-1,2018,135,42,46,12,40.95151036525173
-91.47996561869697,31.14226870278289,0,-1,2019,140,58,32,10,33.575196951448234
-82.64500881379578,30.289635949354466,0,-1,2019,17,47,42,11,51.39854285545048
-81.15982918017538,26.395744917075476,0,-1,2018,109,19,73,8,66.62509378084894
-92.66667265003426,30.70724458593996,0,-1,2017,43,53,38,9,34.687430895593124
-78.92807446884785,36.92675588001414,0,-1,2019,275,44,46,10,49.608210576201564
-86.77955845788664,31.564199838296968,0,-1,2018,134,60,27,13,34.871521949485576
-87.18192961224027,31.479442538499722,0,-1,2018,49,44,44,12,47.75825911810589
-77.51499410576228,37.04325739751639,0,-1,2020,62,34,55,11,43.02829611199969
-89.63124074070909,30.39333029252491,0,-1,2017,92,55,35,10,38.706632703433854
-81.10423863711155,34.84842854390438,0,-1,2020,245,20,66,14,58.202626382306484
-88.62338821645055,30.790646946742235,0,-1,2020,6,48,42,10,57.35384828021956
-84.10224036379685,31.17414750689381,0,-1,2018,39,37,50,13,60.01202725387578
-81.64248826422426,36.614627791845145,0,-1,2017,353,50,40,10,30.823852305262122
-91.0438985262139,37.04788399542203,0,-1,2019,55,58,32,10,38.41065081747096
-75.88379946393557,35.67359462645367,0,-1,2018,23,41,45,14,40.43689397081189
-86.65585645430912,35.18100442569209,0,-1,2019,13,38,53,9,52.3224194790576
-80.81585970598545,34.276716038735366,0,-1,2019,91,28,59,13,51.29215701761314
-82.42644110401982,36.318553285351996,0,-1,2017,102,38,51,11,65.54615293467096
-86.25639888607239,30.3534253163731,0,-1,2019,202,11,27,62,50.59956860026192
-82.26564921954224,36.39029336234212,0,-1,2017,260,57,35,8,40.706638496169354
-90.73686399126433,29.928577055702007,0,-1,2018,305,49,44,7,42.924910631406405
-91.7375804530051,33.45132701739386,0,-1,2017,39,62,28,10,30.323611303094335
-89.8567383306422,34.47803219328289,0,-1,2017,59,17,69,14,61.756512808358515
-89.53708220441423,35.27605794036768,0,-1,2020,265,26,61,13,62.02146482099486
-83.78101145349999,35.66396277519561,0,-1,2020,109,55,36,9,46.25118492771941
-90.5850513528476,33.96761518318098,0,-1,2019,306,2,58,40,67.46617291286448
-88.69315700907782,31.768784109608887,0,-1,2020,81,36,52,12,38.94648393530681
-84.84174506143478,33.49105460540283,0,-1,2017,140,49,42,9,48.49481604360448
-88.75498105031109,33.086048791115644,0,-1,2018,145,33,55,12,35.39421348869359
-91.91313436273259,33.619017345761364,0,-1,2019,131,42,48,10,48.41424791691349
-92.84656558075693,34.98183592073179,0,-1,2019,129,36,49,15,55.98068949176639
-90.76153630096503,33.77855889750184,0,-1,2019,33,2,71,27,66.6259687991871
-82.77599326737895,29.80518177700695,0,-1,2019,14,43,50,7,46.12390883595999
-88.14173874110898,34.67988521643456,0,-1,2020,74,40,52,8,47.7676223196304
-83.94638143190414,35.82504417213391,0,-1,2018,323,15,68,17,60.03089260671181
-82.87327774377245,34.673047833274005,0,-1,2017,63,35,53,12,51.48139119128879
-89.76334469277072,35.77169781894563,0,-1,2019,59,2,60,38,57.19830517923846
-89.81444048336093,36.10549817628109,0,-1,2019,226,2,78,20,72.01469310372066
-77.84433968380658,37.58459021990103,0,-1,2020,266,57,33,10,42.3292121738787
-91.0070882600531,29.580118283871954,0,-1,2017,37,32,39,29,36.461851393929706
-89.38644140806585,29.800855454448925,0,-1,2020,100,30,57,13,48.99177215189873
-80.25087986807135,34.273412150964724,0,-1,2019,311,35,53,12,56.94960505529227
-90.92057879262035,36.35447169028516,0,-1,2017,103,17,73,10,64.85297312242038
-80.16362916112864,37.712058521222446,0,-1,2020,99,53,31,16,22.997985861537853
-94.17499028170867,36.26972540174953,0,-1,2018,113,4,75,21,69.89212511354208
-82.1660361237463,32.11971571403245,0,-1,2018,69,48,40,12,69.65335176226675
-82.79119592169289,33.47120472937778,0,-1,2018,92,66,24,10,37.151245902934065
-91.91068318158848,31.58166529916003,0,-1,2017,249,2,80,18,71.35079299243544
-91.52548074444897,36.21774257788887,0,-1,2017,107,52,40,8,50.01792907353292
-83.05900636091218,34.757044802562646,0,-1,2019,287,25,63,12,58.475548328243335
-83.06199328479741,35.39783415998246,0,-1,2017,84,67,26,7,23.526077769220134
-82.4668648906271,32.75441346914487,0,-1,2020,245,25,63,12,55.083756295052865
-90.35800557719799,31.97282780113484,0,-1,2018,145,24,63,13,58.61650571716335
-87.13344505664763,33.84387483525507,0,-1,2018,35,57,32,11,39.93521443803804
-89.28513074720607,34.34783725780891,0,-1,2020,47,60,29,11,32.22474971861855
-80.17653369470911,25.8797944255287,0,-1,2020,65,14,79,7,63.42783209960338
-82.45253632175017,29.737897993118427,0,-1,2017,81,64,26,10,27.8031155600308
-83.29321087787794,32.805005547944866,0,-1,2020,69,46,45,9,49.15404668799619
-76.43620439909908,37.18090950057863,0,-1,2018,93,39,51,10,47.64327361838769
-86.58012252673394,32.35935694529573,0,-1,2017,133,36,53,11,59.628134123304136
-89.66796053929542,30.864443131327253,0,-1,2019,111,64,25,11,28.424925933241163
-81.54135595739406,36.78301116851628,0,-1,2018,183,76,17,7,24.574252147299827
-83.7001925549127,31.16644256748116,0,-1,2017,123,26,61,13,61.38995399530086
-78.21348848706988,37.69419891567144,0,-1,2020,123,61,32,7,48.20651250962658
-81.58976159438853,33.63368972300619,0,-1,2019,79,46,43,11,52.02515309277324
-77.78837576029453,36.685243675477224,0,-1,2019,78,60,32,8,42.3091382987126
-86.4536555625547,36.887992855833325,0,-1,2017,72,12,67,21,73.64707160064768
-86.42823876760377,35.66552577712247,0,-1,2019,137,32,57,11,58.11249333570283
-82.19783329842654,31.315933969915275,0,-1,2020,17,41,51,8,48.29906800410713
-90.38602225699621,30.506612088981516,0,-1,2018,189,53,33,14,51.761112098414415
-90.90598260881147,32.06189996187017,0,-1,2020,288,51,38,11,37.42188518277148
-83.4837124229665,34.46977315500027,0,-1,2017,290,18,62,20,45.73302399052224
-91.90416602614285,36.901455691986214,0,-1,2020,45,31,57,12,62.183263234800464
-82.29325617265556,31.318706421906345,0,-1,2018,223,23,62,15,55.73004996149212
-86.21329597345914,31.588170726547034,0,-1,2017,174,56,34,10,39.3944359981835
-88.07702078648065,30.89721444144538,0,-1,2018,251,24,67,9,51.97071889746678
-80.41915732011928,34.921632425423134,0,-1,2020,43,25,63,12,65.26593875254208
-93.6563621930501,32.69991062475476,0,-1,2018,206,24,63,13,43.1063519737698
-92.90236004266947,34.41976881205179,0,-1,2020,280,54,37,9,42.699557435304904
-94.379802835704,31.949950393887192,0,-1,2020,72,17,71,12,49.34821499091696
-92.45984906333895,33.538572911260005,0,-1,2018,297,18,64,18,49.724587315377946
-87.97984709377425,35.38642235396802,0,-1,2019,184,23,48,29,54.11857191751518
-86.21991017718776,35.6305035432153,0,-1,2018,145,46,48,6,52.77090779833727
-85.62908365002038,34.78897751104382,0,-1,2018,33,39,45,16,45.68187831993838
-93.48448120966277,31.34951692678566,0,-1,2020,69,51,38,11,37.9258205948572
-80.81194951810697,27.5685740776838,0,-1,2020,52,8,69,23,60.32958853261728
-81.90595646370012,30.66995057457521,0,-1,2017,62,34,55,11,51.307528240777316
-81.44546805655192,29.342264367510978,0,-1,2018,4,55,41,4,47.26714979661151
-82.32540109003463,33.506835967837645,0,-1,2020,126,5,39,56,50.43972513476692
-84.65322105916907,32.30812500076336,0,-1,2019,50,46,43,11,51.369295179414266
-88.11174551110209,35.61943393731077,0,-1,2017,338,32,61,7,54.412715048447716
-82.01437883473719,27.203956012512602,0,-1,2018,99,37,58,5,67.20704637017143
-92.5770680621374,29.595750392109213,0,-1,2018,84,14,30,56,53.37956220293901
-91.72751313200426,33.038507431516535,0,-1,2017,113,60,36,4,32.92069666870717
-81.4662277931864,32.883959083281326,0,-1,2018,11,55,38,7,29.910423002488248
-80.77386179133747,35.66551545692114,0,-1,2018,193,43,46,11,62.593941907075006
-81.4996108702868,31.22659848708983,0,-1,2018,116,40,49,11,61.045888950319885
-91.08042769310019,33.729859150901184,0,-1,2020,94,54,36,10,38.44165576305461
-89.29196247939616,31.473103966881997,0,-1,2018,19,48,41,11,35.25078493710628
-89.35789248925046,36.698423934302,0,-1,2017,341,8,66,26,69.24423954034789
-83.38134294888626,37.52217044540822,0,-1,2020,42,69,24,7,27.25690138620119
-92.19447000370101,35.87452769884618,0,-1,2018,75,58,33,9,50.36391286315248
-83.4149052153493,30.135713011936684,0,-1,2017,132,52,41,7,42.35523691019337
-88.31774927140113,34.24299783871243,0,-1,2020,44,25,62,13,47.60433615038304
-84.5045248771427,37.112635995798655,0,-1,2020,360,56,38,6,40.7818565984084
-83.78645207594492,36.74488908789124,0,-1,2019,246,69,24,7,30.24281509866277
-85.0094016868752,31.285933655526524,0,-1,2018,216,16,68,16,61.18443035724863
-93.26836477729722,36.17205377495916,0,-1,2017,267,48,43,9,56.945002863405655
-80.39469418739088,34.16603511968049,0,-1,2018,354,22,64,14,54.625074049208166
-81.82162140586438,36.5728726510434,0,-1,2017,145,74,18,8,18.179185842106303
-81.6254868641176,30.342148358484454,0,-1,2020,353,7,62,31,53.0989762076424
-83.50056151642,35.18395180385699,0,-1,2018,16,72,18,10,20.405596477023636
-86.75879892325935,34.2369643307514,0,-1,2017,359,15,65,20,60.13870184238068
-93.34239714680768,30.212239886431153,0,-1,2020,99,2,56,42,64.76332833109551
-85.6474018750429,35.968017913188326,0,-1,2018,95,40,50,10,53.43886014455546
-91.10560086686355,35.93302427189285,0,-1,2020,54,7,32,61,53.08176199972358
-94.09145866359809,36.018357775205594,0,-1,2018,141,47,41,12,39.39399265373828
-81.27639059704569,33.54844292266848,0,-1,2019,69,48,41,11,55.77728412613787
-82.08296447403403,32.163842398435534,0,-1,2018,244,26,62,12,52.735269725930024
-92.2728179796857,37.0116648476188,0,-1,2018,356,16,67,17,63.77223538704578
-88.95118147169417,37.65064775498454,0,-1,2019,47,14,68,18,54.10595088475271
-91.49762952114735,29.682805621905988,0,-1,2020,297,25,60,15,52.995229663576694
-83.49344427939134,35.97614961754066,0,-1,2018,142,16,66,18,54.694322559931486
-92.35773167879334,30.355201950138284,0,-1,2018,80,9,76,15,65.40538352160517
-92.28739375661331,32.36728786739506,0,-1,2020,189,56,33,11,38.28639693541062
-90.77878775060958,30.742237592748964,0,-1,2019,102,67,23,10,35.472543095788154
-92.37772606587224,35.549532973055726,0,-1,2017,54,50,33,17,42.11296989873768
-78.47159644628228,36.470096433367736,0,-1,2017,51,63,28,9,40.72493040336433
-90.96086261583439,34.06523928375215,0,-1,2019,63,12,63,25,62.64432948981205
-79.19666451360423,33.50598103167528,0,-1,2020,255,55,36,9,41.87169513278706
-83.18114149748718,30.490154367235803,0,-1,2018,159,19,71,10,66.31508796872222
-80.5526261859575,33.54344186735161,0,-1,2017,69,30,58,12,60.07334123222751
-77.02657732933226,36.60227096100069,0,-1,2020,213,28,55,17,52.52019035207234
-90.42432227179378,33.46680910769633,0,-1,2017,43,8,46,46,57.02412001374821
-83.87101288719116,34.610091850052406,0,-1,2020,61,42,48,10,43.555020143771216
-85.44108375675678,33.73703156520031,0,-1,2018,344,43,47,10,44.419073946095345
-88.72318824448496,34.9506851149929,0,-1,2018,268,53,39,8,44.29937198830873
-83.21377194018466,37.22541902356188,0,-1,2019,292,53,39,8,41.39533505816363
-91.90381416322968,32.75792405668217,0,-1,2020,108,23,63,14,55.47604849537953
-93.80365699745843,33.5810250433719,0,-1,2017,110,31,56,13,53.80978378612593
-93.65892109773027,35.519257417821535,0,-1,2017,318,26,58,16,58.466760151682685
-83.69315056846682,30.167475727092835,0,-1,2020,72,33,56,11,45.90154642229377
-87.76441760952046,35.73023021332618,0,-1,2019,138,61,32,7,32.27521867040495
-93.05005429388754,30.529071419293015,0,-1,2017,258,38,51,11,53.77903486948622
-78.4437501483317,34.44823584452707,0,-1,2019,49,29,58,13,52.471944065888486
-94.26651816478103,35.70840168357016,0,-1,2019,104,65,25,10,28.4150917313427
-94.42013256785171,30.98010826000634,0,-1,2018,113,53,35,12,34.45406259255603
-77.54344826094145,36.374483852628195,0,-1,2017,202,29,57,14,50.70417695270069
-84.75610135158135,31.884683199813463,0,-1,2020,83,66,19,15,47.44674591264508
-90.63827931405227,32.87585074177815,0,-1,2020,245,5,73,22,66.86765723007942
-93.10918540680518,30.629683570054382,0,-1,2018,34,38,50,12,44.06979958534899
-90.66755847098688,30.358303836329522,0,-1,2020,268,34,55,11,44.620691698433674
-91.2459786986463,33.51271598175423,0,-1,2019,47,8,47,45,60.24775860026068
-81.34010312297558,28.761261902377946,0,-1,2017,13,32,56,12,60.950889708401306
-81.6111365121322,35.770859081126424,0,-1,2019,34,43,46,11,47.687423955320654
-89.55265391969893,35.223174829337744,0,-1,2018,253,12,70,18,65.02572963153115
-82.7835638588568,36.61118457282579,0,-1,2020,213,53,35,12,41.41786624015163
-92.51547165929954,36.92067223108484,0,-1,2020,153,40,50,10,53.15612597492349
-82.33099296294813,27.82310621727319,0,-1,2017,37,7,52,41,67.86057303082359
-94.40348111490114,34.494728039871504,0,-1,2020,342,38,51,11,53.03013249610017
-85.22154908642408,34.05891518508426,0,-1,2018,123,19,69,12,53.77934643103959
-93.16884930653747,34.63231281152249,0,-1,2019,129,31,57,12,36.71039892150254
-90.03329640103665,33.04328487851928,0,-1,2018,14,47,41,12,43.511108039258296
-88.66435855236959,30.802398477217388,0,-1,2019,72,14,68,18,51.43891795833745
-83.95463599226271,35.84389224770213,0,-1,2017,12,10,71,19,64.50519086090873
-88.5695310205893,37.10878546391245,0,-1,2017,96,7,67,26,62.79890595995106
-85.75341099474267,34.85391194176235,0,-1,2017,84,54,39,7,48.59773058505101
-93.78588896867953,31.131150301344213,0,-1,2020,116,45,46,9,50.39939566299325
-94.11131446292467,37.01869457630633,0,-1,2020,286,3,69,28,71.62100627937285
-82.68444600879914,35.82470205337115,0,-1,2018,249,68,26,6,41.83256989417153
-91.07336492877005,31.592878037686788,0,-1,2017,206,65,24,11,25.419049687969018
-81.95599485734863,36.94974102615966,0,-1,2020,24,30,57,13,48.64988743631265
-90.14484804979561,30.953780491732378,0,-1,2017,90,21,66,13,45.46354516371106
-93.29307424486295,30.129930039955763,0,-1,2020,72,35,57,8,62.01464035646083
-92.93182868428438,31.73113226072791,0,-1,2020,31,73,21,6,37.37912239819897
-83.74507025061392,34.218104183748856,0,-1,2020,16,48,42,10,54.551928431779146
-80.74527104010978,34.521078579514324,0,-1,2017,105,40,49,11,42.466421815453266
-88.24287599546321,31.585310748058056,0,-1,2017,330,57,41,2,41.19447077409162
-81.69352585993266,33.547111548587864,0,-1,2018,72,35,52,13,69.24533070088846
-88.74695042566081,31.997361794658957,0,-1,2020,253,48,42,10,42.02144211025113
-89.83009036618488,30.666250004366827,0,-1,2020,344,54,33,13,30.759518167456545
-88.1450000132124,30.95620975325791,0,-1,2018,310,55,33,12,49.34440341974846
-83.23236858213724,36.98424582010199,0,-1,2019,237,66,24,10,32.37352157172474
-86.34425334996288,37.38159835959405,0,-1,2020,190,43,46,11,47.43126221643073
-92.67694435289039,36.60370816952367,0,-1,2019,75,25,62,13,56.49159838088659
-76.73753635193411,37.13878262655624,0,-1,2018,112,56,32,12,50.26702427056019
-86.1649410135424,35.5361285538937,0,-1,2019,113,12,70,18,60.713941500602395
-90.33874498974663,30.585340579180777,0,-1,2017,233,62,28,10,43.05332280043447
-81.84215136799025,32.48742573126003,0,-1,2018,293,19,68,13,62.85262866848362
-81.61781704067172,34.668889438830504,0,-1,2017,140,56,36,8,46.462776461295405
-81.30061360060022,36.437426092861344,0,-1,2017,115,68,26,6,35.08614934923865
-78.13742329461923,36.04755115039571,0,-1,2019,31,23,65,12,53.70054500217211
-84.02785251488693,32.53259977091188,0,-1,2020,4,57,33,10,38.170622383697946
-87.69301528560342,33.31038337650371,0,-1,2019,81,58,30,12,34.5299453726225
-91.0810033397533,35.44902888281488,0,-1,2019,34,2,56,42,57.53558873484219
-86.65049771921818,31.120020230413168,0,-1,2020,54,54,34,12,35.23331622176591
-80.32754515602849,25.43165646845319,0,-1,2020,135,10,51,39,41.79837866108787
-85.01421510671639,37.45665898152767,0,-1,2017,306,70,24,6,35.66135528965762
-80.71308448990804,34.23594581701579,0,-1,2020,79,38,51,11,46.00598258534564
-93.61979966409619,29.975278188104337,0,-1,2019,16,,,,57.080353573490875
-85.7354479400571,34.573557569495875,0,-1,2018,244,17,70,13,58.673651571109744
-86.40358152572242,33.11033752098225,0,-1,2019,216,12,72,16,53.41374407582941
-93.63591830759977,34.105900829272244,0,-1,2019,73,23,65,12,50.874360645377905
-80.99675123401605,33.57548502132134,0,-1,2020,323,4,78,18,48.835077603570156
-82.82358907902209,36.6426479729155,0,-1,2019,107,45,45,10,37.33661763254025
-78.01875603064647,36.25677438442411,0,-1,2018,75,57,32,11,34.81292208048654
-93.74153473709715,35.73530499792331,0,-1,2018,47,61,27,12,31.482860076616245
-85.96630028623868,32.28835273241929,0,-1,2019,85,8,68,24,58.41554774504384
-79.29887798100964,34.56608133834881,0,-1,2019,328,41,47,12,67.1121006279373
-92.97517227135336,35.083581163751596,0,-1,2020,17,40,50,10,50.03735808075821
-90.02987641349935,35.93754009768077,0,-1,2019,93,8,43,49,60.40819791892909
-84.93837335746392,32.49903999354306,0,-1,2020,68,14,65,21,61.34293612400039
-91.08382430368614,30.377714818917287,0,-1,2020,4,16,58,26,62.18819486956693
-89.58708552470587,31.490455187450276,0,-1,2020,156,48,40,12,31.883136883255347
-82.92223494177594,34.516084906110194,0,-1,2019,136,27,61,12,61.205327629788044
-91.31258065938493,35.6641563343941,0,-1,2019,84,16,69,15,55.98838908415939
-82.32486919085159,36.252777825688156,0,-1,2018,161,15,66,19,44.0198882151956
-87.28816707554287,37.829512007989436,0,-1,2018,196,1,77,22,80.03481162625386
-82.41158748752993,27.384744257161366,0,-1,2019,350,16,60,24,62.11872614024514
-83.39842494560881,30.106542641194864,0,-1,2017,292,52,41,7,47.62987243789739
-84.72878585449291,37.142824421132744,0,-1,2019,9,55,36,9,47.588471108653565
-80.48152842535048,35.21981318398634,0,-1,2020,276,32,51,17,56.34824161285865
-88.62816986296978,35.132995125612304,0,-1,2017,9,47,46,7,50.2445308797978
-91.89560072413795,33.33159235955556,0,-1,2017,3,53,36,11,45.59012735709351
-78.67694794136239,37.50761145903929,0,-1,2020,76,35,54,11,47.669326486272965
-90.42825247639588,30.039645599050594,0,-1,2018,45,57,28,15,35.681957307320154
-80.72183500679685,35.19717294399808,0,-1,2017,99,17,67,16,60.90315190773362
-88.69244351169829,36.66870863987804,0,-1,2018,40,26,64,10,63.642267430377245
-77.67765428627426,35.5491665331481,0,-1,2017,329,6,74,20,62.315472547432435
-79.59121865775316,35.179583711422715,0,-1,2017,114,30,57,13,52.78525123172364
-82.01369381318865,30.228705759626095,0,-1,2018,51,31,58,11,54.772853842052264
-91.73625624469268,33.67533026481625,0,-1,2020,48,56,33,11,38.311837298844885
-92.88158422693628,36.84139433038689,0,-1,2018,23,53,38,9,46.903169118373
-91.73199911968672,36.34148661830711,0,-1,2019,61,40,51,9,56.05993285939967
-84.47210103221884,33.111538698566875,0,-1,2018,129,35,54,11,50.997985901309185
-91.72958600843883,32.401472385835916,0,-1,2020,1,6,63,31,69.505815675665
-82.24925388348818,30.64076786112807,0,-1,2020,91,50,42,8,40.20434482077614
-81.32912736058952,28.41202194996514,0,-1,2020,174,3,78,19,59.74596153086619
-87.0242872281576,33.367803159950086,0,-1,2017,137,10,52,38,47.71062972690115
-79.7604548979949,35.70190008287397,0,-1,2018,214,30,60,10,50.26401942974487
-94.2550350721697,37.181520163367836,0,-1,2018,44,23,61,16,61.48831055998738
-80.6080576004294,26.6096318369801,0,-1,2020,1,26,70,4,64.24797614816569
-82.27740754327813,36.698352287743276,0,-1,2019,285,66,27,7,34.73023834442446
-80.78655681807942,32.740027272860914,0,-1,2019,310,54,34,12,41.08137996405933
-80.6799392359405,28.072579333591392,0,-1,2020,77,20,69,11,65.54097713179827
-83.16782436119546,37.49069331371429,0,-1,2020,109,56,36,8,32.3644926248445
-93.39164742625067,32.91830738414882,0,-1,2019,60,66,22,12,38.88678053114818
-87.20243610365856,34.684625134581744,0,-1,2020,3,26,62,12,63.8988764044944
-82.16307433718983,31.765537290414287,0,-1,2020,12,52,39,9,41.17467024721583
-82.17548204108076,27.023575920383465,0,-1,2017,39,34,58,8,59.36052044462868
-92.05058021844857,34.55510228417162,0,-1,2020,75,13,72,15,70.89639034793255
-94.48507169786055,33.69049281229614,0,-1,2017,353,7,68,25,57.51597488250862
-88.67219988832917,31.298913446837826,0,-1,2018,284,61,28,11,33.53834304334946
-87.91090198695721,32.66950113512401,0,-1,2019,26,29,59,12,53.81497205821367
-90.50167556015482,29.718322814261096,0,-1,2017,69,46,48,6,47.390596923562974
-93.31780293343009,34.14372999957805,0,-1,2018,124,54,33,13,37.78903720085299
-77.53543345034045,37.146471552418944,0,-1,2018,7,25,63,12,56.67936635251654
-83.8325097045827,37.091528665611236,0,-1,2019,129,42,46,12,32.90669799770941
-82.53479608160092,31.212159717654785,0,-1,2018,70,33,57,10,49.318773325961146
-87.54061522456206,30.487067417576657,0,-1,2017,204,66,26,8,41.51631947872446
-91.71355633015087,37.45761470485804,0,-1,2019,74,39,52,9,39.20371687008731
-86.71356614791922,36.262555932910416,0,-1,2018,69,5,50,45,63.772683292853934
-88.28828789918877,35.20082348255018,0,-1,2020,175,6,76,18,68.79859146073066
-86.53699552411433,36.410166683759606,0,-1,2017,146,14,62,24,63.659187865381575
-80.00904095994876,36.82273818104089,0,-1,2017,227,56,38,6,43.70365396010267
-84.42680005541798,34.89190485081977,0,-1,2020,117,57,34,9,33.11258539667496
-78.12771319311597,37.28184591184815,0,-1,2017,282,22,59,19,55.88327047998894
-89.48973337581148,31.646880154645025,0,-1,2018,49,49,40,11,40.751841684277046
-89.6449350445212,30.89016640933554,0,-1,2019,66,52,37,11,38.93407049067037
-90.38683678496072,35.05106300329276,0,-1,2017,340,2,70,28,63.45824939763797
-81.17082878242047,34.15990217811233,0,-1,2018,64,46,41,13,44.64814891160948
-92.31541601698157,33.14864377176214,0,-1,2018,7,51,35,14,37.99832161756573
-90.10824146570891,36.37086553969011,0,-1,2017,25,1,75,24,68.96307485733469
-88.48824880163758,31.457904560510567,0,-1,2017,74,50,49,1,45.76725312481489
-92.84860880468399,36.00982608436363,0,-1,2017,357,41,52,7,62.27955927651844
-85.02267516313017,36.70274672323469,0,-1,2017,4,73,21,6,32.26991368924177
-94.09187056025405,29.750121309230718,0,-1,2019,327,35,55,10,53.88954033303424
-83.03908966779188,33.88811433424867,0,-1,2017,105,44,48,8,39.30529662690576
-80.26018665574459,33.73943714604612,0,-1,2017,139,12,70,18,53.85200545055988
-81.52634005451453,30.010070213145806,0,-1,2020,32,32,58,10,53.660663507109014
-89.49962033741686,37.15347344584874,0,-1,2017,105,13,74,13,69.72006951850531
-90.53039846733067,35.988454753616466,0,-1,2020,53,20,68,12,69.79529658004897
-90.36033988486685,29.51231638309944,0,-1,2017,280,26,58,16,54.915759957346836
-85.69371331924451,32.15543430845215,0,-1,2019,82,47,41,12,47.145680718728364
-83.08937160670853,36.95093171541786,0,-1,2017,31,46,45,9,30.354611329397606
-83.0681389162216,32.98756141697308,0,-1,2020,56,51,40,9,48.36660875059232
-87.68690763581607,30.696981783878854,0,-1,2019,46,44,45,11,39.437006319115326
-88.64716154723003,34.703852098637974,0,-1,2018,325,15,68,17,58.54546352058445
-77.28046741470288,35.50441466178468,0,-1,2018,207,12,71,17,55.3454193573869
-81.51183722866585,28.6658451659478,0,-1,2019,219,16,74,10,64.54917061611376
-81.02256172254218,36.004917434799324,0,-1,2018,142,56,32,12,42.305065666041266
-84.27147574444167,30.739117575723956,0,-1,2019,222,28,58,14,52.61376967590309
-81.52944015693996,35.254722338851245,0,-1,2017,181,47,46,7,56.20704906703523
-84.87086430702178,34.818067155870125,0,-1,2018,194,42,48,10,49.89532931766564
-88.79262476927927,37.15810849293522,0,-1,2018,0,10,74,16,58.162109970525464
-84.78330534615853,34.809678553659495,0,-1,2019,75,26,61,13,65.69029939173708
-80.05583889185674,36.177100558931926,0,-1,2017,310,38,54,8,58.32442092375742
-79.8092439950628,34.6840216545532,0,-1,2017,138,9,74,17,55.727051899834116
-87.44570824175526,31.193230370837917,0,-1,2020,342,8,74,18,67.63483223729682
-93.44433985309387,31.61821290347362,0,-1,2020,312,58,31,11,41.50707062727128
-83.23364770466983,33.44016378449553,0,-1,2018,66,49,41,10,45.62604934588995
-92.87631136088248,37.510923313984314,0,-1,2018,76,13,63,24,56.48197148611825
-83.06461712354161,32.48048133136137,0,-1,2018,71,14,69,17,51.24788721270038
-83.03339064475934,29.29907521418484,0,-1,2017,325,55,33,12,35.89451335124029
-93.96448445628857,34.90819393956188,0,-1,2017,38,39,52,9,51.419939577039266
-84.92757666062651,34.88646494333438,0,-1,2020,46,48,41,11,55.369609004739324
-92.41371610343207,30.744341314846498,0,-1,2018,75,34,56,10,60.93308190506279
-84.71133751574085,35.67564753215559,0,-1,2018,84,69,20,11,36.10865602386344
-84.62618377483814,33.39768049060068,0,-1,2019,45,35,54,11,55.18008552229688
-80.2746383212786,33.342022256663085,0,-1,2017,326,63,30,7,43.17312401263823
-80.45437485344519,33.43026433853972,0,-1,2018,138,36,51,13,52.07160206157067
-86.81395337074626,32.65792653559399,0,-1,2017,188,50,40,10,33.78139994076413
-86.38484941785923,32.19860406948375,0,-1,2019,353,19,67,14,59.95402662032466
-80.45338540435883,26.236093299497085,0,-1,2019,70,11,46,43,46.204790490107015
-86.52161888833231,32.94011725182735,0,-1,2018,75,48,41,11,40.89070253036661
-85.67057974135706,32.82987977516765,0,-1,2017,143,38,52,10,42.6126172376345
-82.59133232245803,34.31566988751847,0,-1,2020,91,38,52,10,48.74378745423679
-83.30585465158516,31.176300637074043,0,-1,2019,131,13,71,16,58.068002764340015
-87.53552846334578,33.86511481237284,0,-1,2020,20,35,55,10,39.9442722012678
-77.7335750000115,35.08458179427397,0,-1,2019,63,15,65,20,69.64416051186856
-91.48562027980883,32.7420918985336,0,-1,2019,43,4,67,29,69.44039179288696
-82.79003733127713,32.70211434286309,0,-1,2018,265,11,74,15,56.20564770932067
-90.51716347957397,34.93188353791355,0,-1,2019,75,6,70,24,62.37687722971096
-90.11235338253964,31.402373765435858,0,-1,2018,75,16,70,14,50.222588672090986
-89.57825791317259,34.78562703581411,0,-1,2018,9,19,68,13,48.18530073851741
-84.52333767565517,33.20695562514528,0,-1,2018,306,49,41,10,45.36979917458185
-87.22991918065384,36.382349557981286,0,-1,2017,160,46,48,6,56.59925345130646
-80.66868770469178,26.609438068225238,0,-1,2020,67,26,72,2,65.87600939801378
-93.21882035501302,33.85494362490447,0,-1,2017,56,53,35,12,38.783120396516644
-89.22347125050989,33.420128767621215,0,-1,2017,77,51,41,8,38.25625987361773
-82.54750595885588,29.47642554735093,0,-1,2019,81,15,70,15,66.74861747511453
-79.55994519850059,33.71349277835775,0,-1,2019,187,59,35,6,51.26506595055686
-89.46968190985167,33.7215802892424,0,-1,2018,101,52,36,12,59.06172376345148
-93.40905044330516,34.029450363679175,0,-1,2020,245,55,35,10,39.68283338928493
-77.86160770428862,36.43278660177093,0,-1,2020,31,56,32,12,42.27568368052126
-82.57832647076265,31.65304592785493,0,-1,2019,164,6,72,22,65.31602646390839
-83.49441667324096,37.39890017232406,0,-1,2018,350,52,41,7,35.61584330450579
-80.77560605525129,34.76055806919249,0,-1,2017,183,29,58,13,50.774129215701734
-89.10301771916397,36.02165028549679,0,-1,2019,54,22,58,20,55.68278304219668
-77.93542146801788,34.37870585162692,0,-1,2020,192,51,39,10,44.01757059994074
-81.22738334666724,33.17044693071457,0,-1,2018,204,28,59,13,48.57707572317109
-84.11957943493242,34.07687499798702,0,-1,2017,274,26,61,13,59.79659979464499
-86.82319632025315,33.135876434338655,0,-1,2018,81,34,53,13,56.938316945069694
-88.95370110154825,32.918790329352504,0,-1,2020,97,55,31,14,40.50347565069709
-89.13009325321005,34.114553911356346,0,-1,2020,231,32,56,12,62.6042333056905
-79.91802590695083,34.27277967516207,0,-1,2018,82,27,61,12,69.2573154839474
-94.11622103334318,30.49842807865657,0,-1,2018,111,61,30,9,28.922106385499355
-89.47334277510514,36.80316872231241,0,-1,2020,105,3,77,20,74.3944629845382
-80.78915657751455,35.47747452223247,0,-1,2019,37,32,57,11,51.166054574892385
-81.83460719046982,27.85823976498766,0,-1,2017,109,30,62,8,66.30928410432546
-80.6209662503744,32.363228246380345,0,-1,2020,224,40,50,10,59.37289733917825
-82.12761763193654,32.278197001924546,0,-1,2020,193,0,75,25,68.69128709352604
-82.19510177167633,27.842002445190655,0,-1,2019,33,17,72,11,66.17160008688613
-84.95117205500937,33.411514997640786,0,-1,2018,45,55,33,12,38.55195433627618
-91.00056987523479,29.85973502709285,0,-1,2019,121,2,78,20,69.45523124925946
-81.35862558143872,34.62741210621779,0,-1,2019,233,15,61,24,38.30216622894493
-85.39719798770764,37.58957560248948,0,-1,2020,207,21,66,13,63.23345443057968
-91.00899261007059,33.31435338467605,0,-1,2019,112,6,68,26,58.73410536820656
-79.6823560460799,32.92205282409286,0,-1,2020,25,37,51,12,40.98068535825545
-85.2901544508539,35.54976759312642,0,-1,2019,78,74,16,10,31.974154951824357
-87.18268378120557,30.793327764000963,0,-1,2020,40,40,49,11,56.137155383521616
-81.8127748704074,26.340450306875542,0,-1,2017,169,15,73,12,63.724382393017194
-90.37935647901703,35.75775273429279,0,-1,2019,124,2,68,30,62.93100997136934
-79.65091162300303,34.79788570377444,0,-1,2019,69,24,64,12,54.32998301804828
-80.01839528878973,34.37747222219812,0,-1,2017,77,3,76,21,69.23547762903287
-82.24093033631719,26.931293412122493,0,-1,2017,295,11,61,28,64.43856149774868
-89.5545808967169,32.55905898303384,0,-1,2020,43,29,59,12,53.579222779511106
-84.25886468567714,36.639229995075624,0,-1,2019,154,63,28,9,28.106452313708434
-91.25416224732533,36.24302347276402,0,-1,2017,114,9,77,14,66.09389254191106
-82.44961487820828,33.42212957657533,0,-1,2017,91,28,59,13,58.494441043464505
-82.67834068287438,34.45218219895829,0,-1,2017,63,6,55,39,58.70341476902418
-94.31922585317835,37.36092981221095,0,-1,2020,129,3,76,21,75.18510764368953
-85.07630367047348,35.55711646955328,0,-1,2017,257,38,50,12,46.61540891679501
-76.9793383564842,37.45980922105931,0,-1,2020,236,55,34,11,36.119451026856254
-85.63278749191926,34.18656559117416,0,-1,2018,106,20,65,15,58.061421270851405
-92.42101433356436,36.5248879240915,0,-1,2018,122,27,62,11,49.456272337736685
-78.92085583845835,36.20897102355741,0,-1,2020,126,49,42,9,50.83562076660283
-83.79074391247347,36.99730941671736,0,-1,2017,74,61,32,7,30.522343555616995
-87.245676187282,35.56740041195573,0,-1,2018,49,54,35,11,58.60048966375109
-89.34188028313672,31.63817586485255,0,-1,2018,255,63,28,9,41.34065283071031
-87.49409791623576,37.34237714291444,0,-1,2017,82,9,59,32,66.91106941838653
-81.46010590279724,27.953821412313687,0,-1,2017,12,28,63,9,62.520525224602615
-84.18604646961374,36.452133093924154,0,-1,2019,233,56,36,8,26.23035305268146
-89.0084879698288,37.28711566541086,0,-1,2018,264,4,76,20,65.78995794420204
-92.66833711098846,31.43600863731682,0,-1,2017,37,22,64,14,65.86581368716186
-78.5479947244423,36.92622066100563,0,-1,2020,110,54,37,9,42.82085809623472
-77.96240780314574,34.73805149630612,0,-1,2018,184,10,74,16,56.63630439933656
-88.8774677295092,36.1516291468238,0,-1,2018,22,43,48,9,62.82106676672131
-85.45920707819877,33.360333406851936,0,-1,2019,92,14,60,26,58.706324758971064
-87.56781201772286,31.23866696941234,0,-1,2020,22,45,45,10,48.61781779410025
-84.68533450432362,31.09944477734102,0,-1,2018,200,13,70,17,72.51511441941278
-81.12792885895583,31.968290505363292,0,-1,2019,39,29,59,12,51.62033419865415
-82.88762309606362,29.563822175676968,0,-1,2020,318,26,63,11,64.10263448929618
-90.01145765319337,36.31238391017359,0,-1,2017,76,1,77,22,73.07618013035756
-86.42514708060699,36.31151652235846,0,-1,2019,18,19,66,15,56.23124209405027
-81.50186469593142,37.338045129505296,0,-1,2019,101,64,24,12,32.32715318090274
-80.87239209351193,27.687491944684293,0,-1,2019,232,25,66,9,57.6869520574994
-93.24369987416996,35.00077230469776,0,-1,2020,71,56,26,18,40.175318005846584
-83.77705185363324,37.706743048920956,0,-1,2020,69,64,30,6,27.76567343956717
-83.09823773791075,34.58994986196517,0,-1,2019,74,54,37,9,45.0890578059157
-80.98232863739756,33.763948259587586,0,-1,2020,141,29,60,11,47.41151263823068
-90.2407591988206,34.48869481270112,0,-1,2020,98,10,74,16,69.33534767067553
-82.21114836451372,37.673776066464846,0,-1,2017,59,70,25,5,26.383416926661653
-90.96847489812512,36.31179419771742,0,-1,2018,41,36,55,9,59.85979222626006
-84.58113301562051,37.20981503028782,0,-1,2017,80,16,68,16,65.69587710291444
-80.99408389448067,25.90154224467877,0,-1,2017,110,25,54,21,56.92662796667062
-81.15311845108161,32.698094331428116,0,-1,2017,20,2,74,24,61.26417739515044
-79.27594218055731,36.55895396317733,0,-1,2020,314,52,39,9,44.618642394566436
-82.30533449012606,27.792305875837084,0,-1,2018,325,11,69,20,71.42916378714582
-81.31369607723231,35.61662776298937,0,-1,2017,105,17,71,12,62.63273567394652
-84.8841703665559,33.57631718459412,0,-1,2020,74,43,48,9,49.21961574156349
-81.47751023182543,29.57481870952605,0,-1,2020,10,54,38,8,46.81881553743159
-78.05869800833948,37.70758468125085,0,-1,2019,312,62,28,10,32.58714454976303
-80.64683236529538,36.345671987028425,0,-1,2019,99,15,63,22,67.0156577024839
-82.02615933655497,36.51580702619041,0,-1,2019,59,68,26,6,21.61696178937559
-92.76934866514233,31.816408867942535,0,-1,2019,129,51,41,8,30.021897954347992
-92.74182397633464,33.01815113198548,0,-1,2019,71,52,36,12,47.08111363411982
-89.58194054537154,31.688212996510106,0,-1,2019,260,61,25,14,44.143136403127684
-80.89958894884049,25.869174224436456,0,-1,2020,202,15,55,30,48.39998025471417
-92.45815587492935,31.168737576895534,0,-1,2019,10,15,64,21,52.16997485639525
-81.40791253298892,33.13939377390958,0,-1,2020,80,35,53,12,50.21951026856237
-85.42051658233956,35.4177106719652,0,-1,2019,100,55,38,7,36.48721644192611
-81.57341542362394,29.74277500156084,0,-1,2018,134,74,18,8,53.73999703396116
-83.22537025849402,32.3540155058358,0,-1,2020,296,3,77,20,65.9438608269816
-93.6149948594087,33.36230146153983,0,-1,2018,51,54,34,12,48.76557716994174
-80.53895700877175,27.721532488706046,0,-1,2020,247,25,62,13,65.16360584518166
-81.401234237278,28.293796024419528,0,-1,2019,18,8,51,41,58.05950447855011
-86.04335123511025,32.0155005953485,0,-1,2017,154,33,55,12,47.68788375352904
-83.43068890824512,30.101181174642022,0,-1,2020,258,56,30,14,33.76485456448333
-93.69453563275843,34.3397300715129,0,-1,2017,335,49,41,10,45.19616865804288
-84.4686987429901,32.542352788439565,0,-1,2018,318,23,64,13,59.123464834340304
-90.21540082587697,31.58776991924762,0,-1,2019,80,23,64,13,41.03331029716656
-81.91397197907364,32.99492209755934,0,-1,2018,260,25,63,12,53.60644893768264
-89.07033324470187,36.01079695243197,0,-1,2018,120,4,77,19,71.44197520959526
-80.43315212196929,25.78990368994395,0,-1,2017,64,6,31,63,47.094876660341555
-85.47925592674075,37.74036271224871,0,-1,2018,83,31,58,11,50.985644610311375
-85.61674662720624,30.439576642026378,0,-1,2020,309,41,55,4,61.47191233093096
-90.90818181533017,35.87107259149007,0,-1,2020,146,4,58,38,56.862838883816906
-80.47134640251473,37.245538800082045,0,-1,2019,169,61,32,7,39.31002073255012
-92.72724483531735,30.240674296360606,0,-1,2019,262,9,67,24,64.21413339651703
-80.62132149513639,27.549938627135823,0,-1,2020,61,21,70,9,68.09715644585958
-89.98979842674328,34.888110821674275,0,-1,2019,61,17,67,16,59.09638244935034
-85.68824284010259,32.77738927220859,0,-1,2018,107,51,39,10,36.79685617804457
-94.00952496822981,36.579612644342646,0,-1,2018,34,24,54,22,52.23518375891148
-81.48472943890513,28.048839538941127,0,-1,2018,65,22,70,8,61.39373716632444
-85.69367694850547,31.24307613635857,0,-1,2019,133,46,39,15,56.17615229669419
-77.69542626648428,34.86912995256892,0,-1,2020,34,17,69,14,63.20256688715568
-81.63460692799364,33.331382665312056,0,-1,2020,166,43,48,9,39.516184457391134
-84.75727613712917,37.181434327154754,0,-1,2019,73,38,56,6,56.86219765031097
-85.16345649497781,33.53096335927764,0,-1,2017,190,18,67,15,57.52403428390865
-81.4568661701413,28.328914234465802,0,-1,2019,70,28,60,12,56.17951997441996
-90.21721960922376,31.85775423188894,0,-1,2017,280,42,47,11,37.80378334616826
-86.69824001302712,30.427988663036377,0,-1,2018,137,5,60,35,53.4268815293165
-92.59265700300426,37.217572279411314,0,-1,2017,65,12,73,15,67.36037050203419
-87.2724949331758,34.45641930699417,0,-1,2020,111,13,69,18,64.31713241828771
-87.5403677527574,33.82054357525372,0,-1,2017,278,59,34,7,30.80061997749126
-94.06282845770744,33.19156314265888,0,-1,2019,136,52,40,8,43.54433254344389
-88.64040301977732,37.77542842801635,0,-1,2017,176,22,67,11,62.22686520004737
-82.01987741645269,27.727279306635822,0,-1,2020,306,5,76,19,67.53673121856558
-80.36475818703099,37.31312170872021,0,-1,2018,85,68,25,7,26.599699824239188
-86.94146637766009,36.24421703268192,0,-1,2017,253,58,36,6,28.793080978615
-83.27770541812163,37.65536492163828,0,-1,2020,107,65,28,7,27.511403803242438
-84.5913399316694,35.727085179562344,0,-1,2019,47,53,38,9,38.19893768264752
-85.5411841072014,32.74588216123979,0,-1,2017,134,72,20,8,31.501806622307324
-82.72555351406136,30.117545238274253,0,-1,2018,177,4,76,20,70.08101810714211
-85.72299783157563,30.929275350891363,0,-1,2017,36,33,54,13,52.80060816681144
-89.08209361543327,34.4076662603701,0,-1,2019,65,11,70,19,58.85396963294964
-90.40890847213413,35.05211607934231,0,-1,2018,172,7,72,21,65.45797456355162
-93.40731296761334,36.702061536667685,0,-1,2020,34,60,33,7,41.676625069109875
-93.47720652691868,30.56668617189285,0,-1,2019,132,49,39,12,28.90504679540339
-93.34502909278481,37.50420670638799,0,-1,2020,205,11,69,20,70.723775671406
-81.4563248759176,27.79747712646932,0,-1,2018,168,20,64,16,59.10225671397939
-90.87003573449184,30.12441557583134,0,-1,2020,47,42,55,3,47.34189063765085
-83.79720692580361,37.65479268002021,0,-1,2019,133,58,36,6,36.06158311449837
-94.3328278820797,32.16468028529794,0,-1,2019,269,29,60,11,60.916036413183036
-80.71678224596117,35.612861234225605,0,-1,2017,113,14,71,15,67.4359126278785
-93.51590929433297,30.32441336244378,0,-1,2020,85,48,46,6,53.77490818623387
-83.1282148823445,32.48776474166092,0,-1,2017,10,48,40,12,59.832655398467736
-93.76919006736978,33.266856792465475,0,-1,2020,117,17,50,33,66.83532130020927
-81.36606175678504,35.6954726733003,0,-1,2020,33,31,56,13,58.235474187304995
-93.31251639527062,32.396276918606965,0,-1,2020,12,39,50,11,41.20749501451222
-91.4609266755335,35.982878724992574,0,-1,2019,3,36,55,9,48.8596505084411
-84.79323687316112,37.0949179395642,0,-1,2020,105,18,63,19,56.96826995221732
-84.79740177155239,36.23239887377517,0,-1,2020,115,52,38,10,36.10597085653358
-90.59821795760325,32.20034352514953,0,-1,2020,144,48,40,12,42.57528728823601
-92.06895426855802,36.138568984444426,0,-1,2020,295,41,51,8,53.487520240116915
-80.652543653909,25.850827154708856,0,-1,2017,95,15,54,31,49.80622741722116
-87.09230456191878,32.19371461029704,0,-1,2017,269,65,26,9,31.498627104574204
-93.2392072633548,35.125839598735574,0,-1,2017,144,14,69,17,68.36887221015209
-82.81649967323881,34.874229426202994,0,-1,2018,349,50,41,9,39.961814879166006
-89.90743729486586,29.487829103472727,0,-1,2019,294,,,,47.00655913978493
-85.92814073125099,31.571811281146626,0,-1,2017,68,57,40,3,35.63223589358719
-85.17839038820102,31.844985852883227,0,-1,2019,70,6,73,21,58.59372397134768
-86.96241655016125,35.22295312563138,0,-1,2019,43,12,71,17,55.275071576661084
-81.6754854354025,33.943206301757755,0,-1,2020,189,18,66,16,53.96897586792528
-84.84317580563211,33.0222020403203,0,-1,2019,21,56,32,12,44.05872479908378
-82.80244807929425,37.793690022096996,0,-1,2020,71,65,28,7,42.08467781749244
-90.64256614511194,35.03615389024233,0,-1,2020,77,24,62,14,58.45327250464117
-85.71438618434908,36.054687516263,0,-1,2019,51,56,31,13,30.72650477912684
-91.91293257617896,36.74094695575504,0,-1,2017,4,26,65,9,65.6275133320166
-91.75540940820603,34.12393690960219,0,-1,2019,183,2,73,25,71.41127789847917
-84.89730116478526,31.17522296033716,0,-1,2018,152,5,81,14,65.55445192630478
-91.29401117732246,33.25466938888235,0,-1,2018,74,34,54,12,66.5098751777532
-81.0157146699339,35.470455713783494,0,-1,2018,13,46,46,8,58.45937407443972
-80.0794893641847,33.81426908445487,0,-1,2017,336,50,38,12,61.72682529917248
-86.84568826476267,34.98945360901849,0,-1,2018,356,5,63,32,67.33357028612046
-82.5413592590918,33.08013096439144,0,-1,2020,14,56,35,9,51.585717953275264
-87.9470393600722,31.46519492683924,0,-1,2019,129,63,22,15,34.55698376969554
-84.37704561782363,36.3179870851026,0,-1,2017,111,63,31,6,28.0360260714991
-81.4407552560375,26.877319705743314,0,-1,2017,37,40,51,9,57.845382200193505
-84.88690884666903,31.481818718943384,0,-1,2018,19,10,66,24,67.84205537343496
-90.37606823067817,30.80357711722868,0,-1,2019,97,36,52,12,45.48007739999211
-79.42258578667487,33.22082804932848,0,-1,2020,173,45,46,9,36.36467767714439
-94.2748705090573,30.896991563333692,0,-1,2017,145,46,43,11,44.30827409162718
-86.93328786795185,34.71789352672282,0,-1,2017,72,7,70,23,63.49003889667701
-91.6926980402968,36.438382100378576,0,-1,2019,73,26,62,12,53.28861684272882
-87.11721857989227,37.43180785452336,0,-1,2019,16,1,60,39,68.57650381136693
-86.22895243670494,37.56072152005262,0,-1,2019,64,33,55,12,58.63839074103334
-88.9760850492863,36.78409642555655,0,-1,2018,3,14,70,16,64.03787295381393
-88.90798436020296,30.53858562443858,0,-1,2017,269,61,38,1,43.89007582339468
-89.21947369658348,36.2252872920485,0,-1,2018,19,63,28,9,46.97440960429665
-86.69456948581055,33.21546680835394,0,-1,2019,71,46,44,10,43.42786619801747
-88.09239732654531,34.73038052817838,0,-1,2018,175,12,71,17,56.81162854998618
-85.28601435908135,33.35324256612396,0,-1,2019,90,54,36,10,46.46836617827099
-79.3367094722366,37.31073551374783,0,-1,2020,20,41,47,12,59.75805082235869
-91.02911336739523,32.30998573105281,0,-1,2017,1,6,50,44,61.943414480048965
-78.59234087280792,34.57990551494719,0,-1,2018,323,16,69,15,52.662710793412586
-83.44900268285527,30.93867295193061,0,-1,2020,61,59,28,13,37.186011610915834
-91.41052965122869,34.59433992234393,0,-1,2017,74,45,42,13,67.57636557525964
-84.78435656189494,36.168231000602205,0,-1,2017,69,63,30,7,37.69664474593675
-83.50244894861916,29.83672560043392,0,-1,2017,102,36,55,9,51.50506546596361
-86.4522924147857,36.008571220603265,0,-1,2017,126,46,42,12,42.38361719383615
-88.75540933403165,31.196195898169137,0,-1,2020,346,53,36,11,40.57064154967123
-87.43092649605155,35.31187707440076,0,-1,2017,126,4,81,15,70.52619832915293
-81.91445173165776,28.299196514905915,0,-1,2018,102,16,67,17,57.52504887344246
-89.05942907610147,34.78286511315049,0,-1,2018,111,48,41,11,34.17775408249906
-82.20517326983179,36.78023767163904,0,-1,2017,326,48,43,9,49.25680772496594
-88.00101209190336,36.1407813187016,0,-1,2018,266,48,43,9,40.82585689464539
-78.20426891376782,34.566214872583416,0,-1,2018,229,53,36,11,40.10223143759874
-84.04703415837189,30.61518601859374,0,-1,2019,31,34,56,10,48.70909090909092
-94.43736446074045,30.629470207699864,0,-1,2017,325,42,44,14,49.148324413989236
-79.25760937394632,33.47858226694065,0,-1,2018,284,49,40,11,43.51424875785325
-88.19815718382625,35.21280734776685,0,-1,2018,134,22,65,13,63.14030446028391
-92.35528534744402,29.94043066327019,0,-1,2020,359,8,71,21,63.549098592105544
-83.45743812157066,34.22332353472669,0,-1,2019,50,42,47,11,58.02786114840849
-86.80359432633877,32.74715331335776,0,-1,2019,260,30,65,5,64.77383937915913
-87.25412093683597,31.791786059965844,0,-1,2017,96,63,27,10,37.273195774508814
-80.83277320337264,27.452190154388763,0,-1,2017,322,47,35,18,57.69476198937787
-81.290832657015,37.52919068948306,0,-1,2017,47,27,55,18,32.659650092808334
-81.74569734635628,28.989828220153687,0,-1,2017,103,32,58,10,57.197360088656716
-87.53308107832824,32.578899577712804,0,-1,2018,73,19,68,13,62.507785915492974
-82.65770021824733,29.116369502451683,0,-1,2020,160,41,53,6,45.450480873669434
-81.01343494254905,26.485077556168665,0,-1,2019,100,32,63,5,66.95085592433905
-83.39508632132797,36.09184161774839,0,-1,2019,12,32,59,9,61.95817452951285
-90.1651995837227,29.34831373482539,0,-1,2020,80,24,49,27,35.422649164677786
-82.19843668602185,29.632880263086694,0,-1,2017,113,62,37,1,41.880792058126865
-89.95419384150166,33.371226857525514,0,-1,2020,285,51,38,11,42.75479819919438
-85.32500690808244,31.786791989550302,0,-1,2017,100,36,54,10,51.29208135860977
-84.34164046307124,31.425980636028125,0,-1,2017,200,0,67,33,59.92555207564484
-92.06912895458713,33.973806287870865,0,-1,2020,276,54,37,9,41.99770923022237
-90.24670979958952,37.06616478447808,0,-1,2018,100,58,29,13,41.225671406003144
-85.45068168456979,30.91264414082089,0,-1,2019,72,12,77,11,66.43399020614484
-79.72607960866482,37.32789043037106,0,-1,2020,41,58,33,9,35.02880894084194
-82.85631968513611,29.760334085298243,0,-1,2017,97,46,45,9,69.37523941159048
-93.50411262387344,35.14963678310529,0,-1,2019,102,42,47,11,40.495389293683225
-90.84756775198451,33.630037112710504,0,-1,2018,61,6,68,26,70.49612984756337
-90.4241235026934,31.481396880685253,0,-1,2017,63,61,28,11,34.77283677579874
-84.14127682958542,36.59163868086503,0,-1,2020,361,30,57,13,42.68932288066981
-91.08902833877742,30.11641272717289,0,-1,2017,54,10,60,30,66.94469236237262
-87.91046979575863,37.72017088083947,0,-1,2017,64,1,79,20,80.42981260983747
-80.80399161969203,32.987485538257076,0,-1,2020,46,71,18,11,36.139714883702574
-88.21434291533137,33.74230319517255,0,-1,2017,297,40,50,10,45.589611928507956
-79.64892146950575,34.18039162659308,0,-1,2017,264,28,59,13,49.5821187344472
-89.77793706117808,34.500733626758134,0,-1,2020,112,58,32,10,39.30244268478111
-90.502354101426,30.954079086419167,0,-1,2017,66,71,22,7,43.8721596009975
-88.93288793704866,33.9950208105045,0,-1,2018,340,28,60,12,42.65466716692009
-89.7033921699408,36.224959545486485,0,-1,2017,15,3,77,20,64.55602297166351
-78.93590880344354,36.192996352325544,0,-1,2017,259,65,27,8,49.92251949846976
-81.8229812180853,35.90490530297579,0,-1,2018,224,63,29,8,25.35811197788092
-93.02653378509677,36.898636283875334,0,-1,2020,74,30,54,16,43.35008590217024
-92.09365440896416,32.61207183814961,0,-1,2020,114,32,57,11,45.23052952852539
-80.82145654292128,37.28123041609149,0,-1,2018,107,74,17,9,22.52844196102433
-84.48052877846715,30.380398594677192,0,-1,2019,132,49,41,10,41.104430754649925
-82.10094181864953,32.18421234952824,0,-1,2020,102,18,69,13,58.79578535737557
-88.02544514801907,33.02838346379834,0,-1,2020,79,59,29,12,36.347439720373636
-79.45974678831993,34.38945916048228,0,-1,2017,56,23,64,13,56.33695351684375
-87.02931641504647,35.506290741672714,0,-1,2017,34,20,69,11,55.867033987005534
-93.17929089493747,34.34627555114025,0,-1,2019,48,31,58,11,42.44479327093948
-89.71569994197269,31.470760519373687,0,-1,2020,256,16,66,18,47.824714175700485
-91.40387014102922,30.625869972017558,0,-1,2020,135,12,63,25,56.07177978317965
-85.9525673324082,30.950392046637766,0,-1,2018,308,30,57,13,53.653897039947836
-86.44535470439395,36.241349251391505,0,-1,2019,67,43,47,10,59.73726303317535
-92.77747926281509,30.287216884804984,0,-1,2020,327,10,59,31,60.65124913597314
-93.47931639053365,29.818847621828514,0,-1,2019,105,26,58,16,58.786787767903846
-93.8623470990951,31.024730038248848,0,-1,2018,75,58,33,9,33.86426822525868
-92.46436698164824,31.267874838603202,0,-1,2017,63,6,74,20,63.95278715715893
-91.87845986383707,30.968768720858492,0,-1,2019,273,6,39,55,53.99895347918806
-79.61559373080362,34.49340573497735,0,-1,2018,206,7,74,19,58.204225908372806
-83.12050610486163,32.866896495272755,0,-1,2020,101,43,48,9,43.47080313592291
-92.5988203672639,36.58365616818133,0,-1,2019,167,43,49,8,52.33998104415134
-90.42122203896481,34.730353108740275,0,-1,2020,133,4,46,50,59.504304897314405
-93.26896066245615,34.911944565855464,0,-1,2020,264,54,38,8,31.758442943476716
-91.72638276184793,37.234754781391274,0,-1,2020,213,30,59,11,64.37688342976759
-79.78449597443726,37.009789159881045,0,-1,2017,278,35,56,9,59.660097938551424
-84.47566794202814,34.78867681686028,0,-1,2019,158,74,16,10,27.88723689926153
-93.45792663867005,31.18708338478399,0,-1,2019,65,47,43,10,38.882996583121
-86.52004837971802,37.79902697861893,0,-1,2020,39,38,52,10,53.72928351370572
-90.18956235135302,34.14562769334792,0,-1,2017,224,1,72,27,70.83284955472624
-86.65159603400414,31.842306759995385,0,-1,2017,99,32,57,11,44.92360548918945
-87.95475395089811,36.46919093116756,0,-1,2019,84,62,30,8,31.77413493442883
-87.28229606374869,31.53244445835617,0,-1,2018,326,24,64,12,36.32062169207678
-87.91424645763713,35.0590820656178,0,-1,2019,70,22,65,13,42.307617881683925
-79.11939061920143,37.19876773174045,0,-1,2019,69,44,45,11,48.55199383776742
-88.79264493441067,30.54011919402066,0,-1,2018,65,32,57,11,43.253940040289116
-91.05851909158497,34.24861100081598,0,-1,2019,102,51,17,32,24.665647431310052
-79.77447320949653,35.79447152611601,0,-1,2017,66,46,46,8,51.755064965838635
-88.7552077108618,33.436400874218364,0,-1,2018,282,47,43,10,57.27414896137746
-87.21760451412426,33.19390332950534,0,-1,2019,77,29,61,10,48.537657977883086
-88.91840350959326,35.11500393307321,0,-1,2020,289,45,46,9,46.23121421520241
-78.98111132838243,35.191933636570326,0,-1,2020,259,32,55,13,53.72595869041506
-81.08673174410436,28.442323368340812,0,-1,2020,0,27,54,19,70.07396876172423
-87.13666928683885,31.890751200426894,0,-1,2017,37,64,26,10,29.808824110281638
-79.40693259226349,33.03659855702714,0,-1,2020,74,,,,
-82.68544585425103,33.449882318952824,0,-1,2020,112,58,33,9,40.67909887853419
-92.50256419659101,35.74099638737639,0,-1,2019,41,50,43,7,43.45977170392606
-77.07275064190954,35.744301767455894,0,-1,2019,328,18,65,17,53.541795849049166
-94.36690574068112,33.626207169354885,0,-1,2017,70,12,69,19,68.0912232886993
-91.55847119432556,36.61221171598197,0,-1,2017,276,36,57,7,56.48204905407008
-92.54970986361094,30.25326118366167,0,-1,2017,113,43,45,12,48.73644578313253
-78.1549464533575,34.58590213660797,0,-1,2019,187,30,57,13,54.107754279959686
-83.15559060051194,36.63376278260588,0,-1,2018,80,49,40,11,44.76598349326701
-87.53352500450094,31.26312950136212,0,-1,2018,131,55,35,10,50.02397125029615
-76.690443759908,35.06154032840903,0,-1,2018,74,56,35,9,45.20602697525624
-81.60278116165031,32.91048252608141,0,-1,2019,110,10,72,18,68.53978439425052
-82.54510320147004,30.89554127390434,0,-1,2017,52,42,47,11,31.654299535985793
-84.16098263558102,36.179715160529135,0,-1,2017,59,27,54,19,47.150368365956226
-90.90708047908271,32.54705175517134,0,-1,2017,157,11,38,51,51.29646306060785
-83.90349040569501,35.81165798053231,0,-1,2019,103,16,69,15,63.25319379998024
-76.4634114281088,35.853979067658436,0,-1,2018,243,52,40,8,55.531983805667984
-92.5503453569335,31.47737560392523,0,-1,2020,109,58,33,9,28.820910850416723
-80.09793622758934,37.64008812663842,0,-1,2019,340,71,23,6,23.815444457607715
-80.24690244988936,37.162014663741026,0,-1,2020,49,34,43,23,43.08866158524544
-80.68898228516841,37.36387546856796,0,-1,2020,34,64,24,12,31.213803242212336
-86.2910866116653,33.05577910480176,0,-1,2019,269,51,39,10,41.25224620366896
-80.58708976030721,35.19757225281099,0,-1,2018,128,25,62,13,58.58725488260037
-84.4916390288692,34.682181545657514,0,-1,2017,60,8,39,53,53.72344542959264
-94.1336269690995,30.19251305950391,0,-1,2017,63,29,58,13,34.531391330107624
-82.91520427723168,30.440516746178886,0,-1,2017,35,4,79,17,54.80668154086126
-79.58171154327977,33.8710779250221,0,-1,2019,64,11,73,16,57.228402740753914
-76.75175028323456,36.33009450205092,0,-1,2018,85,64,22,14,33.88327939040239
-82.08306287474643,27.093859572978488,0,-1,2019,72,40,52,8,53.59034812313647
-81.63869559709296,26.601539642160635,0,-1,2020,10,5,72,23,73.25756259379196
-81.06794461143764,32.45989190202937,0,-1,2020,140,64,24,12,42.66131453173755
-85.68255154427133,30.50011854000161,0,-1,2018,124,21,63,16,62.04687531206935
-89.90536390049631,36.09228900245357,0,-1,2018,74,0,60,40,70.98135787353372
-77.99475096781806,37.16198412901118,0,-1,2017,253,63,29,8,42.51740532158015
-82.12851067766225,37.06905830264973,0,-1,2017,97,60,34,6,35.532182909492995
-87.92210642105886,34.03652866141191,0,-1,2019,2,53,38,9,39.31501194872908
-94.09442624065454,31.882629720039734,0,-1,2020,38,48,42,10,49.323762317581306
-85.60940414647911,36.89872591966308,0,-1,2017,235,60,34,6,42.761428035463936
-86.65638511023951,36.81423540039318,0,-1,2020,113,35,55,10,65.96081916385253
-78.0004467905392,34.43442828541135,0,-1,2017,348,58,27,15,44.763561681707756
-83.66194974472985,32.04081047056199,0,-1,2018,127,61,28,11,52.12455572229684
-85.4317765956451,35.09504564233762,0,-1,2019,165,59,34,7,26.123957354029553
-76.21370321899568,35.84858043320819,0,-1,2018,54,49,40,11,51.807685472245765
-92.14618327587347,35.944474850307294,0,-1,2017,130,61,31,8,39.9371308933615
-78.47085315666983,36.424579956070076,0,-1,2019,107,66,24,10,39.28522065356895
-84.22846208783076,30.453378650212834,0,-1,2017,311,4,74,22,62.14444795450955
-83.95996224080571,33.54603859658607,0,-1,2019,47,28,61,11,61.33703228354229
-88.13369793648725,35.0829716578421,0,-1,2020,164,55,35,10,42.55533834883398
-83.48231101974845,35.22707210215146,0,-1,2020,42,65,26,9,33.641264637927286
-83.64490299200132,34.775615012950844,0,-1,2019,19,71,26,3,25.549135002764846
-86.38523024387709,33.17182303050485,0,-1,2020,116,51,38,11,43.05461216143067
-84.64434578925643,37.62021548505636,0,-1,2017,78,33,56,11,62.83396189159838
-91.62284972031608,30.44555914350474,0,-1,2019,64,62,28,10,32.859120167436735
-82.3129245005031,37.748435485364915,0,-1,2017,107,66,27,7,39.49321642277386
-91.84699397897903,30.9675945917753,0,-1,2019,66,8,74,18,70.85735163424509
-84.33655032945022,36.287039201634975,0,-1,2019,2,71,19,10,26.918697420909215
-91.3591527629106,36.72978642762469,0,-1,2018,183,50,40,10,57.516389558074295
-91.07375572524917,29.501864860032452,0,-1,2017,32,25,65,10,58.88589181438457
-81.44802471421409,26.05925609609323,0,-1,2020,283,27,58,15,56.06003515216145
-90.78252809411237,34.44256392436289,0,-1,2018,146,1,67,32,68.82742497833489
-82.51066459146041,36.79704580301572,0,-1,2020,13,56,38,6,40.85582561652222
-77.5056068273167,35.649532576497194,0,-1,2020,44,11,74,15,59.29897924934351
-94.469502432524,34.48666936825328,0,-1,2020,46,52,38,10,42.16219044985977
-80.8422595856899,33.40996811825111,0,-1,2018,11,20,66,14,52.41741036171221
-85.39906714049842,34.84925531026429,0,-1,2019,193,70,23,7,27.42077614298412
-78.10137099677627,35.387400906306425,0,-1,2017,51,11,71,18,58.41926664522357
-84.37565418919235,31.411439285362484,0,-1,2019,355,38,52,10,58.16594288458847
-81.43650548643298,37.844787520596995,0,-1,2018,71,76,13,11,28.04231748978099
-93.74476741494031,33.36492487822284,0,-1,2017,319,6,78,16,73.29403052862303
-81.35969324899307,36.42664674314556,0,-1,2018,21,35,47,18,36.897364004343956
-93.67589710291657,30.562049172126084,0,-1,2018,143,65,24,11,28.187213619845146
-80.74132930460374,28.01726692960438,0,-1,2017,45,18,52,30,59.82840891136045
-82.48233832347027,28.345666677364143,0,-1,2019,196,19,65,16,61.65102274522194
-87.41933046419497,36.30646485693298,0,-1,2018,277,26,62,12,54.34113441561003
-94.24911653756315,31.606740153730573,0,-1,2018,196,54,33,13,44.1231018344819
-81.61912529500233,34.958420196848756,0,-1,2018,109,49,40,11,42.5182340513752
-87.51121843998786,36.4923027541957,0,-1,2019,231,23,65,12,53.30915661223118
-82.71110550935495,27.74363506316488,0,-1,2017,9,12,69,19,61.60401206636501
-79.34179669633062,35.03528766129494,0,-1,2018,177,25,62,13,55.21699119238515
-83.3611186944692,31.90764672137873,0,-1,2019,347,19,62,19,53.7409243531503
-83.62552794315201,36.13411905687516,0,-1,2018,267,37,54,9,55.26112624886465
-91.03719381398109,35.43824988281376,0,-1,2018,128,2,72,26,65.26163961615921
-89.49378694573603,36.43743558223342,0,-1,2017,35,1,79,20,72.76531318605252
-78.9687902857246,34.64509512116426,0,-1,2017,132,12,70,18,63.5866869396943
-80.47707283446215,34.856903172562845,0,-1,2020,41,24,64,12,60.52976954521218
-88.27790540831045,32.32620090762022,0,-1,2020,94,67,22,11,37.310347551342815
-89.0830121576851,36.48599705033731,0,-1,2017,249,6,73,21,75.20366092056159
-88.11230728279625,33.56468271936619,0,-1,2020,192,42,48,10,44.680768699018394
-84.55177112438662,35.84021198317514,0,-1,2018,74,55,0,45,41.542539377858084
-84.63523720073417,31.003749617241024,0,-1,2020,67,2,78,20,69.81836670220747
-83.30464733839396,37.2980595947603,0,-1,2017,62,44,42,14,43.09156069820708
-89.59444391245106,34.72379250053001,0,-1,2017,122,55,38,7,47.97746973915449
-84.82498633515678,32.92116159109768,0,-1,2019,44,27,60,13,48.64557786860967
-87.21135947432401,34.703255848063534,0,-1,2017,2,8,58,34,62.273244219795835
-86.53675040969559,34.25499439684387,0,-1,2020,95,59,28,13,50.68364627139728
-87.34740556925547,35.6556268771587,0,-1,2018,38,30,55,15,35.45973856725377
-83.35582663509695,32.549715828944215,0,-1,2020,251,14,70,16,67.98029537197921
-93.37340275225075,30.870290723040448,0,-1,2019,316,10,56,34,45.02863642161657
-80.08202560610322,36.053844162931476,0,-1,2017,41,4,55,41,60.890363349131114
-76.73272116062358,36.53661211966636,0,-1,2020,72,46,43,11,43.56198526652576
-90.4519988183761,31.383786924831877,0,-1,2017,112,72,20,8,29.65797685349765
-92.28033200210317,29.992018454791864,0,-1,2020,13,2,72,26,65.989693164317
-91.20301893280424,32.97281386915831,0,-1,2019,315,24,38,38,33.48525054409104
-85.98275645351214,37.17273177149442,0,-1,2017,159,39,48,13,51.95873153779321
-82.82845815121416,30.130039801176245,0,-1,2017,106,20,61,19,61.556011927094644
-82.43607405040723,33.185262717739235,0,-1,2020,35,53,41,6,58.68784563122135
-91.5982578156703,36.31876416437993,0,-1,2017,24,47,43,10,46.53224376284714
-93.66141528499931,34.34801596980037,0,-1,2019,53,45,44,11,49.57494619197122
-89.12259203536112,32.09295678423379,0,-1,2018,137,60,29,11,32.032200110558314
-75.82980003699434,35.87442140625214,0,-1,2020,141,56,35,9,28.64611101238078
-90.0682432200482,33.296423198203044,0,-1,2020,340,54,36,10,35.02347853560286
-79.26639463896657,37.51847603373265,0,-1,2020,74,53,37,10,38.416610155969536
-80.25598810639008,37.552241216650756,0,-1,2019,32,72,21,7,27.194774675145162
-85.92972729425814,32.49254352317208,0,-1,2019,292,50,38,12,58.21713631247405
-89.05835477379725,35.28463552656313,0,-1,2018,85,11,72,17,61.10711958131728
-90.77144831688305,35.25676252733957,0,-1,2018,81,12,74,14,62.2239533205005
-90.8347029138915,35.63533409767028,0,-1,2018,71,8,53,39,57.712875002468735
-94.49400584908767,32.66029388762118,0,-1,2018,53,40,48,12,41.70568020224363
-84.31882739729026,37.27459282880033,0,-1,2020,69,70,23,7,22.625634342357287
-92.21695953689368,34.5248188425287,0,-1,2017,98,58,33,9,44.76140267740787
-85.79728306279097,36.358189436941764,0,-1,2019,126,57,35,8,42.726588140541644
-87.11749646529456,31.004903570445126,0,-1,2020,115,57,33,10,41.37607124521149
-82.65707590871088,27.89235494779432,0,-1,2017,194,23,65,12,49.43704503726104
-82.12634671922474,31.297914675251207,0,-1,2019,95,54,37,9,39.93833790747724
-87.81305713114756,34.863662957660964,0,-1,2020,75,20,68,12,67.58812377811567
-92.65967178316694,37.24622730210103,0,-1,2020,71,11,73,16,65.60790741764754
-92.650991749521,34.90486883367891,0,-1,2017,218,42,47,11,42.79021917698441
-93.32773736619384,32.898897269039026,0,-1,2018,74,36,53,11,43.76158783450184
-87.14449662146558,36.340178300190615,0,-1,2017,9,26,65,9,55.331167420457014
-78.00485976321244,35.317972963223724,0,-1,2019,15,35,52,13,61.6209190211753
-88.18865636533047,35.741051750436746,0,-1,2019,125,39,52,9,45.3450897529572
-79.01964423899817,33.761715805203096,0,-1,2019,109,15,67,18,53.50777948900208
-87.41180765237111,32.40768486903772,0,-1,2017,26,16,64,20,59.18938077561013
-88.7353710459995,35.75792254574623,0,-1,2019,141,32,56,12,49.55145040579766
-82.99429824452253,31.856486694176716,0,-1,2019,116,34,55,11,53.54920509528982
-85.09165189884018,35.91817428516654,0,-1,2020,288,21,65,14,43.29065305960998
-83.42065149828348,31.325417061624062,0,-1,2017,344,4,76,20,63.28014849627773
-79.69938504217878,36.92575850014132,0,-1,2017,70,25,49,26,46.19603893924133
-89.96555227387198,29.825430774314437,0,-1,2017,130,57,34,9,37.07124647182009
-90.51090329323533,35.63865770502615,0,-1,2019,23,3,71,26,72.52192887186271
-86.61879599249771,37.38525544396354,0,-1,2019,45,51,39,10,47.91065787395357
-81.00575403804682,33.98450392109759,0,-1,2018,262,24,65,11,60.00862988269679
-90.40476430661347,32.37063962057569,0,-1,2018,37,1,59,40,58.7135889740147
-81.52672470136372,30.95727971552504,0,-1,2017,85,10,46,44,48.78672194701701
-80.63275808047602,34.80513530650883,0,-1,2019,54,14,71,15,57.29463809617851
-81.78206222295239,31.617641563704,0,-1,2017,95,65,25,10,29.53924230399733
-90.42977050745583,31.859511206057583,0,-1,2020,198,47,42,11,42.77145452391296
-85.76868125591199,31.069184201070023,0,-1,2019,258,38,53,9,63.55635415843925
-80.99420116074616,37.33905461121837,0,-1,2018,109,67,26,7,30.663651981595933
-82.54150263014357,28.93763663852329,0,-1,2018,152,20,69,11,67.83472233193775
-91.40077217137704,34.94301919580556,0,-1,2018,63,24,57,19,48.650633811159786
-81.24059669057132,27.216674656270786,0,-1,2020,136,19,72,9,72.31493000019745
-89.43923664456464,34.47318080696801,0,-1,2017,296,63,30,7,40.94785270016786
-78.54538031404302,35.37281685942009,0,-1,2020,48,20,64,16,64.67022116903631
-83.44226055802501,37.096412482003494,0,-1,2018,298,69,25,6,29.790497442682536
-92.75426366740086,37.42737198008514,0,-1,2017,223,35,56,9,62.37785807368796
-81.89233080996598,30.32233418354139,0,-1,2020,115,26,63,11,57.205593650666735
-81.42675128570856,36.082545433385974,0,-1,2019,116,41,49,10,35.72612911507398
-80.8938496687694,26.707044444311762,0,-1,2017,281,12,76,12,70.34311556995023
-93.42638124197929,30.853538378533095,0,-1,2019,5,24,60,16,48.03793069404681
-90.72122605980654,31.95450899179075,0,-1,2017,290,28,56,16,47.84844595395128
-87.8856616702959,35.43377463797458,0,-1,2018,254,56,36,8,36.52844533085841
-83.97446835618928,37.204759706554086,0,-1,2018,346,45,46,9,42.619088988488954
-94.10602812579877,30.939211933645897,0,-1,2017,19,41,46,13,54.84944303997474
-86.83698973381945,37.47368611990358,0,-1,2017,96,14,70,16,54.820429279466076
-81.43113189293774,26.51728086654537,0,-1,2020,52,23,71,6,69.0350070092997
-89.80796930112757,33.71334692946221,0,-1,2019,335,41,49,10,50.84641361876926
-88.89287541881782,36.46590665202381,0,-1,2019,176,9,71,20,69.1539737387698
-87.02951289913848,31.990422196799,0,-1,2020,74,58,31,11,33.14722666508698
-83.87145142521611,33.48253098407336,0,-1,2019,133,47,42,11,55.559816408035125
-87.71133451418844,37.24099730967076,0,-1,2020,141,56,36,8,41.18144301397993
-91.50440547496449,30.891205447226827,0,-1,2019,292,51,41,8,28.48840542852519
-92.50958355718755,31.19734837673512,0,-1,2020,16,20,66,14,43.69086290007383
-92.04516861565455,36.80790095024763,0,-1,2017,83,16,70,14,48.48127962085306
-92.49980263803589,36.28600723370363,0,-1,2019,10,15,70,15,57.44632701421801
-87.56679888964403,32.05908681473234,0,-1,2020,64,56,34,10,44.431964930987505
-92.71067972844915,37.12261248667897,0,-1,2018,356,14,62,24,58.427567140600296
-82.9864591433384,35.118886049431865,0,-1,2020,206,68,24,8,28.096708590834602
-84.3406027785893,32.899520151756526,0,-1,2017,192,22,67,11,52.42743177599622
-88.56090722940432,33.42396061997396,0,-1,2020,33,36,52,12,55.711028983469596
-81.57738593592207,30.554374079037288,0,-1,2019,107,18,62,20,54.29942648916129
-83.25554649983647,35.112444783615416,0,-1,2018,114,64,29,7,24.563995734934043
-83.19715580131394,31.526501209409297,0,-1,2020,143,6,78,16,65.96550362340301
-88.14766403991548,31.0376059879023,0,-1,2018,99,39,52,9,37.10629097227709
-85.13061275234318,29.911869524878416,0,-1,2018,80,26,60,14,50.48402574836112
-86.96959015447158,37.2326496864359,0,-1,2020,270,57,32,11,38.7534520879396
-86.26624774790722,37.626508454721446,0,-1,2017,196,30,61,9,56.92350838386032
-77.54198455983952,35.454980761895904,0,-1,2020,248,17,70,13,67.33641371956637
-88.77740482606032,33.19528337055988,0,-1,2018,101,58,33,9,35.84630572996881
-87.55638531223737,31.2468224490044,0,-1,2017,82,62,29,9,45.58502004304811
-94.29295418361617,36.02141524432759,0,-1,2018,99,22,65,13,69.85422015087481
-85.23563496830364,33.79904359879377,0,-1,2018,291,51,39,10,39.29374123595283
-92.03147839904521,30.63221250103593,0,-1,2019,76,46,42,12,49.0530961219493
-93.09319825295782,31.079217029380942,0,-1,2018,280,20,65,15,54.85966748282126
-92.93992230587922,35.967534153822065,0,-1,2017,310,57,36,7,39.84121748405062
-91.15486026147939,33.23092870297711,0,-1,2019,31,2,51,47,65.6347108811735
-84.35127627736772,32.90061639599346,0,-1,2018,93,48,42,10,44.43876309226934
-85.44530908959449,37.333398273992074,0,-1,2017,42,8,75,17,63.947427668608654
-83.22927113190472,33.801027687899165,0,-1,2018,40,70,21,9,24.253441295546565
-81.38130095808592,33.39882224751114,0,-1,2018,330,27,61,12,60.50202421154493
-92.70246269752779,35.76459460327696,0,-1,2018,100,55,37,8,43.09665060431315
-88.27090597170982,36.47211943528762,0,-1,2020,228,51,36,13,48.3681435848833
-85.08511586101154,31.510479572276125,0,-1,2019,72,22,65,13,57.988034356797336
-93.70227909723442,32.2254002133459,0,-1,2020,20,21,66,13,58.526231612202615
-82.97287307110197,33.88966104132615,0,-1,2018,336,49,40,11,46.95979939185722
-91.3107955687404,29.69297333658724,0,-1,2019,52,4,72,24,58.12266740388219
-87.39704545995187,30.855405405125982,0,-1,2019,45,49,39,12,42.50591394664613
-92.81690157001907,30.882692457529988,0,-1,2017,78,58,35,7,41.844167086059386
-93.941071665003,30.40524885506051,0,-1,2017,60,15,69,16,58.026208721757015
-89.73971429487774,33.34176416652265,0,-1,2018,109,50,38,12,53.9257262476055
-78.94191203760948,33.91385819910615,0,-1,2017,61,28,59,13,53.02140262201862
-93.53240576305973,29.77496871892797,0,-1,2018,191,26,58,16,59.85462429800242
-87.15599249451247,37.58699417934252,0,-1,2017,2,5,84,11,73.16532074950143
-82.97578354223239,30.720296387207416,0,-1,2018,198,45,44,11,44.547644909647474
-83.4936501683442,33.044267293617516,0,-1,2019,92,14,63,23,54.08168302169917
-90.99322515842755,36.786608456128825,0,-1,2019,99,61,32,7,33.911305927417764
-82.34837024733828,29.168690137000812,0,-1,2020,64,6,77,17,69.31320970831607
-92.35349010208452,32.3245556257689,0,-1,2020,10,54,36,10,41.010819989337975
-86.59168427024225,33.53102061272673,0,-1,2017,25,44,47,9,51.131891785150074
-81.60313358961106,35.51687574670299,0,-1,2020,194,24,66,10,56.27559381602067
-83.54822678619072,36.396197677216556,0,-1,2018,106,48,44,8,42.479149231491505
-84.39884011919737,30.290121363551407,0,-1,2018,46,36,53,11,51.59423437654261
-91.29350446197057,34.34792645342939,0,-1,2017,320,1,77,22,65.98811028598513
-90.93352592782297,34.485053989923436,0,-1,2017,43,9,80,11,76.89163407986726
-86.349944765472,33.10580927293239,0,-1,2018,106,63,24,13,31.538918726798826
-93.31828850192797,31.588308551615807,0,-1,2017,51,53,37,10,33.857969354711315
-92.89820604074212,36.43992669547594,0,-1,2017,278,41,49,10,56.75993072606104
-83.42659196154571,37.391856159743796,0,-1,2018,76,59,33,8,33.0599853838709
-91.33962036102304,34.49304868424739,0,-1,2019,268,47,43,10,46.149852891811314
-86.85017878764354,34.48682585519533,0,-1,2017,284,46,43,11,57.21039017455176
-91.43154039683535,34.425062121821746,0,-1,2017,62,5,72,23,77.77347313547777
-91.83112483164811,36.38072788285229,0,-1,2017,259,18,70,12,68.3338796627239
-84.80127621423568,37.724658604273635,0,-1,2018,75,15,70,15,70.64203625449235
-76.99505850318164,37.444092250275055,0,-1,2020,39,51,42,7,39.36353582431473
-83.75648562389124,33.867449277826175,0,-1,2019,74,31,57,12,55.26172376345145
-81.8128255806658,36.31905054283552,0,-1,2017,31,73,21,6,31.99790679304896
-90.69898354314255,29.71004687288969,0,-1,2018,74,37,52,11,46.78648579270577
-81.80350912432078,33.42501039013594,0,-1,2020,122,25,63,12,53.36719459694301
-90.51736421440796,29.637817538062826,0,-1,2018,95,9,71,20,68.77132984499951
-81.17119666256971,26.388172323470624,0,-1,2017,263,36,55,9,57.49290213034813
-92.02838312308053,30.911232400981678,0,-1,2019,37,62,27,11,37.782622432859405
-85.68102815069739,30.34601816314365,0,-1,2017,70,64,30,6,40.52492743894011
-81.05396705540379,26.251451388436973,0,-1,2017,284,30,59,11,57.04535760830932
-93.28414547740765,31.65936514950187,0,-1,2020,196,67,25,8,34.410237168980416
-90.0309976294226,33.64439409026286,0,-1,2019,138,62,28,10,39.114441416893705
-93.52152714754833,33.9244970668948,0,-1,2018,72,36,50,14,43.15507947477539
-87.38471169394838,31.96416518887894,0,-1,2020,295,52,37,11,45.793253401254894
-94.30334206079314,33.05201696950835,0,-1,2019,78,52,39,9,48.70496692011451
-83.02138328684455,30.434986940874413,0,-1,2019,78,65,25,10,36.976086570170416
-84.6466653404524,36.631713662234475,0,-1,2020,153,68,25,7,27.349221079234702
-83.2102966581832,33.91632096639118,0,-1,2020,142,40,48,12,51.550805623568415
-91.69305508840955,35.2493334198287,0,-1,2020,48,5,45,50,62.39023282450286
-94.3643258407365,34.78928511786368,0,-1,2018,80,51,38,11,39.919220440723464
-82.01770643977204,33.20701285818482,0,-1,2017,31,45,43,12,57.057325092316496
-80.88923677972605,28.451018615077295,0,-1,2019,244,44,48,8,54.32128188926622
-91.62655143583795,33.30371390755526,0,-1,2019,100,54,36,10,43.28824168229837
-86.39622097133403,34.94445105373358,0,-1,2020,324,38,46,16,45.56314667087908
-81.78827563473486,34.40955714967137,0,-1,2020,256,35,55,10,43.13481814950836
-90.51573969122674,34.33175666255747,0,-1,2020,86,0,52,48,58.93014255814873
-80.13204606207448,34.311528623752416,0,-1,2018,22,5,75,20,67.44461119229094
-79.29367983503282,33.72029475658955,0,-1,2020,205,38,50,12,43.13331358609796
-88.54970479596166,31.939437989113824,0,-1,2019,134,53,35,12,34.30976597215366
-84.47867366087846,33.43703142515203,0,-1,2017,95,38,53,9,55.78675250809703
-79.83540783254824,37.51467040751723,0,-1,2020,328,43,48,9,51.257119159524485
-84.16855684939046,32.74621392644599,0,-1,2020,311,55,34,11,43.221504739336496
-89.38489926432219,32.40544536449061,0,-1,2019,245,64,23,13,41.134132375009855
-82.94876262686097,34.816925999724674,0,-1,2017,45,50,41,9,43.048535433775626
-87.26057482137563,31.341269128224788,0,-1,2018,43,55,34,11,29.267115578286372
-91.61156190431575,36.28350278159384,0,-1,2019,114,48,43,9,47.12104577228387
-89.78810879820468,31.492820711369603,0,-1,2017,22,47,43,10,40.61090053066273
-87.02062911514244,34.15870745852164,0,-1,2018,244,43,48,9,42.54927825279913
-81.97682753037655,28.66407010977321,0,-1,2019,177,11,59,30,58.457223527553424
-82.84459940103304,37.42890251734991,0,-1,2017,113,70,25,5,20.851940357460247
-77.74708432002029,37.460786463109535,0,-1,2017,286,57,37,6,37.691902138498904
-85.76162141234296,31.04140046143669,0,-1,2018,351,36,52,12,54.505321564678255
-89.70205572802534,36.645397450518736,0,-1,2018,250,3,65,32,65.66105109316061
-83.92105024275499,30.6830451018155,0,-1,2019,22,52,36,12,41.824013742447576
-80.60603902505468,37.705902956425284,0,-1,2018,307,70,20,10,31.989890014414634
-86.31625911607021,31.262992412027007,0,-1,2017,110,66,29,5,46.320339652448645
-94.47482426479439,36.443575471212775,0,-1,2018,34,38,49,13,56.75085910652922
-92.39306925280053,36.166679711133256,0,-1,2020,145,52,40,8,40.45123516518233
-86.72220943586349,37.01662827355233,0,-1,2019,285,11,68,21,51.86070349376891
-93.464299618107,34.34388770776956,0,-1,2018,90,42,47,11,56.392393815532245
-93.34255173206803,35.97720351836651,0,-1,2019,248,64,26,10,29.646097035998494
-94.28781176247796,34.76136770530408,0,-1,2017,44,61,28,11,38.81816207250612
-76.8823872231997,35.284855215671186,0,-1,2019,82,35,52,13,40.73929699842023
-91.85619784733302,33.0522178444461,0,-1,2017,53,66,24,10,34.39659189637469
-93.69151196627647,35.913017664506846,0,-1,2020,21,47,40,13,41.39858593040249
-86.55603224665707,33.37510952112137,0,-1,2019,175,41,51,8,45.07491065610993
-93.65833939404774,37.34997732449803,0,-1,2018,213,10,74,16,65.65604818801226
-94.38669386831279,30.547731430302306,0,-1,2018,70,50,39,11,35.97785985147734
-92.85466955336956,32.34858180354441,0,-1,2019,68,50,40,10,34.303678982602335
-85.35483272689176,35.08807797631289,0,-1,2020,73,66,23,11,34.46608871924262
-83.9898028381499,33.99127747064676,0,-1,2020,121,28,61,11,60.707522761835186
-77.28286907376044,35.90555479812847,0,-1,2017,70,26,58,16,59.8435457435675
-79.37323856001814,34.84009592671582,0,-1,2019,81,15,69,16,62.12677229371988
-91.00548310439943,30.293028386879744,0,-1,2018,115,47,46,7,44.57782836781155
-81.63575646346239,26.196229986192783,0,-1,2020,40,28,63,9,65.41128399186812
-82.48327487905362,29.677974990880486,0,-1,2017,67,57,41,2,56.55156888687033
-86.45197196707436,37.43498756978446,0,-1,2018,280,49,43,8,51.51625133288575
-87.8686614242317,34.33805684097007,0,-1,2017,139,54,36,10,38.724698355022795
-93.0546026081637,33.87773573838137,0,-1,2019,51,67,23,10,39.80874975311082
-91.7523356634478,31.773531893252873,0,-1,2020,60,3,74,23,67.14643971407133
-90.29090235865061,29.770701806415623,0,-1,2019,249,24,54,22,55.66300112356862
-80.71250661313803,36.52598849458418,0,-1,2018,48,31,56,13,56.48362824867683
-92.65346664060252,31.79504604041219,0,-1,2019,291,67,22,11,31.433378090198246
-82.44788310651882,35.44582983155725,0,-1,2017,80,48,46,6,48.21707018444645
-80.34616948519479,37.56397966783859,0,-1,2017,54,69,25,6,42.11673412972653
-86.92874177841414,34.475014560294454,0,-1,2019,266,40,50,10,48.482979227549166
-92.02047661500237,37.48591842549418,0,-1,2019,355,54,37,9,36.0612744614048
-81.65213577058572,35.495764898127774,0,-1,2017,35,56,36,8,51.89013506042177
-90.2786026183854,35.314409107182854,0,-1,2017,198,2,82,16,71.05141119077246
-92.92208049124984,32.816929032352505,0,-1,2019,22,55,34,11,38.73315300017772
-91.78330168734016,34.21450264744818,0,-1,2018,114,23,63,14,66.41809196390201
-78.14385657180462,36.40297789746535,0,-1,2020,70,46,42,12,46.15805999328581
-85.95163170862574,30.78749539554764,0,-1,2017,166,63,29,8,40.59589676756907
-93.58891589403609,32.447358762225136,0,-1,2019,62,9,69,22,63.1797053945186
-91.86753904153059,30.355889090836786,0,-1,2019,92,6,72,22,67.42124903745531
-94.28112612567678,34.07251514398161,0,-1,2020,166,46,43,11,47.111205466466565
-84.59527614966554,32.11249209078228,0,-1,2018,33,40,49,11,50.179644147791215
-85.04279300489176,31.352562015259036,0,-1,2020,266,49,38,13,61.42678567902205
-89.35629568263337,33.51766052898267,0,-1,2020,144,48,43,9,40.20971563981045
-94.48228680593665,31.02594218146863,0,-1,2018,173,40,50,10,33.97324566599534
-86.62241494767815,31.27120262488818,0,-1,2019,67,60,28,12,42.580917779006406
-84.84288822493514,30.263772910117673,0,-1,2017,26,51,38,11,37.160436782971004
-88.66920298864278,30.748581332191637,0,-1,2017,125,69,26,5,29.378943407271134
-93.74611425614536,36.33385350676884,0,-1,2019,110,40,48,12,47.720530742802964
-86.47031665735993,37.20324936554104,0,-1,2019,48,60,31,9,33.51855362679463
-84.47196046601513,35.25650204291098,0,-1,2018,47,61,30,9,28.291074990618764
-91.48378600762892,35.59926556111243,0,-1,2017,107,21,68,11,66.50893438900624
-93.49836280040465,30.900175491780505,0,-1,2018,125,57,26,17,37.13509617283463
-90.56672785115332,33.76058125346256,0,-1,2017,69,1,73,26,71.98899548532734
-90.60990880012031,33.9239617960908,0,-1,2020,82,15,72,13,59.520612857368505
-89.12056691587296,32.4885793374147,0,-1,2019,45,48,40,12,43.71462995516403
-82.19371709257737,30.09689070549651,0,-1,2020,233,56,38,6,42.16515265215845
-77.43901931798797,36.9313876170467,0,-1,2020,325,48,43,9,44.849919045926626
-83.57214906862113,29.79017246447667,0,-1,2017,257,45,42,13,48.00556666746992
-82.53419304877966,34.959309281615916,0,-1,2020,101,44,45,11,46.298574362214694
-90.58027526893495,37.17098208528618,0,-1,2018,108,39,49,12,52.706008965067824
-80.30114054697823,36.418075818509614,0,-1,2020,93,56,37,7,39.94834633231318
-93.77341035998072,33.499841657795905,0,-1,2019,9,,,,68.83875081000853
-83.9056931509489,35.58676240293567,0,-1,2018,260,69,22,9,23.593250794779156
-79.65602927090605,36.3399942065951,0,-1,2017,93,9,66,25,57.38046719191206
-94.2341086488394,35.663255363718704,0,-1,2017,93,44,47,9,48.377147257433975
-93.79505804891188,37.352538581292094,0,-1,2020,283,10,71,19,69.90219773710088
-84.88770224634447,32.322482355823716,0,-1,2018,324,46,43,11,44.49278110248661
-85.26123505498906,34.08962741768648,0,-1,2020,106,48,41,11,41.16795702322641
-82.35844065089265,35.38130727545596,0,-1,2018,107,21,66,13,61.50427569862742
-87.14345028571776,36.349067395427426,0,-1,2018,94,15,73,12,56.26942063899532
-85.31636850472077,35.363343778030774,0,-1,2017,77,61,32,7,35.771398108476305
-93.29931916594609,33.73149842053773,0,-1,2017,44,51,38,11,38.76314022825102
-80.44292535126368,37.051915171445444,0,-1,2018,91,38,51,11,62.81273570934937
-90.58191938171093,33.698536771371124,0,-1,2019,146,29,57,14,65.80159822510734
-87.7744858056387,31.181983760268377,0,-1,2020,32,37,53,10,36.903467888458835
-84.98690806810662,31.916671921762763,0,-1,2019,102,33,56,11,41.191172114150284
-82.41846618938328,33.852557851870074,0,-1,2017,227,54,36,10,45.96923076923075
-92.67305494593367,32.60361454531648,0,-1,2020,132,53,36,11,44.045713947196916
-92.89620967642004,35.3944374172867,0,-1,2020,74,34,54,12,53.82978849457905
-82.12125210969644,27.731549784658426,0,-1,2019,264,1,53,46,53.87233916511986
-94.49125950926873,37.30964256002714,0,-1,2019,122,8,74,18,69.81428825306561
-91.76720504178968,33.102763958736794,0,-1,2019,1,26,65,9,35.47948343272383
-88.0916814837574,32.583287486768974,0,-1,2020,112,44,45,11,36.076450606311965
-84.95223873283747,30.773298075957843,0,-1,2020,138,20,69,11,65.24037339556594
-93.05351777404051,32.46161467725597,0,-1,2018,275,40,50,10,40.29710889055649
-93.59942111386674,33.87242831881017,0,-1,2020,268,28,62,10,49.28023616294454
-90.3755593705713,35.50702363918507,0,-1,2017,324,8,71,21,65.83632809414738
-92.71319098893154,36.03297101260298,0,-1,2019,62,28,61,11,56.38382541720146
-92.55177864779394,32.68073758552504,0,-1,2019,20,43,47,10,46.604924863253075
-94.3357948868548,31.50924040264428,0,-1,2020,61,19,63,18,59.9618308552021
-90.27353290215828,29.2727189905981,0,-1,2017,45,15,53,32,43.0862149475288
-93.18988936169022,31.32450226262954,0,-1,2019,279,57,32,11,37.32235256941978
-83.11292969795173,31.054176880305963,0,-1,2020,309,30,58,12,53.52929791646096
-79.39436915464914,34.1257243016017,0,-1,2020,46,37,50,13,49.54973935708081
-91.58643821705402,34.789078663864814,0,-1,2019,56,3,61,36,65.43433525554947
-82.13455700118865,37.77324620555931,0,-1,2019,42,54,34,12,32.38090442338071
-83.3436901796752,30.79958200963347,0,-1,2020,326,24,65,11,53.836374047308794
-85.17681564509839,29.798526149873382,0,-1,2019,347,40,53,7,43.661876122783724
-77.10878931818273,35.148634276138715,0,-1,2018,256,21,64,15,60.28167705382435
-88.53235655520614,31.668100496571906,0,-1,2019,151,34,53,13,44.37631797180427
-92.46037876540812,31.600407233877306,0,-1,2020,54,58,34,8,33.11401828557887
-92.03998419882087,36.90599373418545,0,-1,2017,217,53,40,7,41.96475536073924
-82.12513207665859,32.16907167287958,0,-1,2018,38,35,55,10,61.11940917438436
-88.02585645735707,34.51947923657354,0,-1,2017,356,54,35,11,36.037379302174024
-92.67022496410563,36.75535856205366,0,-1,2019,127,19,68,13,64.16115082342723
-91.37073735461625,37.275285393699455,0,-1,2020,185,59,35,6,35.86601236201347
-89.1252092551482,31.814132899323315,0,-1,2020,61,23,63,14,51.611400702918296
-84.51644738873529,34.738668602754,0,-1,2020,193,58,32,10,29.998834936118957
-76.23170952807047,36.47216608870595,0,-1,2019,72,72,15,13,27.26023772854717
-81.61091563922784,32.33106657472449,0,-1,2017,145,25,63,12,59.110518729143216
-93.98153924953716,32.993012746695975,0,-1,2018,330,32,55,13,47.43822332819841
-81.81504793252249,29.190813008740367,0,-1,2017,189,53,41,6,47.947356954704794
-91.49989739970975,32.67983631062167,0,-1,2020,287,6,71,23,64.32305960866388
-82.52837949130861,37.457110995620354,0,-1,2017,136,46,44,10,40.69010524652964
-87.05573965181168,34.04460140854173,0,-1,2020,26,46,44,10,46.31530705774519
-84.48319010232161,36.3642766160594,0,-1,2017,357,55,35,10,31.381698985032195
-81.15708544718282,36.18459958725105,0,-1,2018,135,41,48,11,53.6699180570639
-94.38361499242872,36.49595063722168,0,-1,2020,99,31,56,13,54.56472028593428
-87.72838604979307,31.322908102789086,0,-1,2020,77,54,34,12,35.42675532137332
-87.85964308255963,32.53984668253226,0,-1,2019,293,45,24,31,25.42860169491526
-86.22718655873447,30.685635314479377,0,-1,2018,233,53,35,12,43.548626606899546
-83.98164513827966,30.843858871079124,0,-1,2017,249,29,60,11,60.94859896131594
-89.44155618464669,34.18641173812914,0,-1,2017,311,26,62,12,50.16223687848033
-83.17991519252311,33.96712145700072,0,-1,2017,101,33,53,14,49.59345499071765
-78.290632658595,34.57950012689951,0,-1,2019,9,27,62,11,60.13586269552854
-90.40561427959365,35.40105788702391,0,-1,2019,131,13,71,16,68.31111286628227
-92.96855683978907,30.472823505314675,0,-1,2017,232,58,31,11,38.902655740941825
-93.16866756073819,34.33706942789694,0,-1,2018,67,30,57,13,51.23115806101294
-83.71872156276851,34.31452834087805,0,-1,2018,262,32,55,13,51.89358635124994
-80.37125707278817,36.19202196975505,0,-1,2017,17,37,55,8,57.26537785588749
-79.99901459909272,37.45504771643615,0,-1,2020,281,56,32,12,35.442298578199065
-89.5688215466886,29.85695143316236,0,-1,2018,44,27,49,24,53.64737797905966
-84.20021648917735,37.299019000153606,0,-1,2020,74,68,22,10,32.05693127962085
-81.84464661962328,27.309529227616153,0,-1,2020,64,23,69,8,65.69775478367333
-89.65025716721298,36.58898991929736,0,-1,2020,321,2,63,35,69.54589610440894
-84.17107067631295,33.81161835093224,0,-1,2018,40,14,67,19,58.76204016349742
-84.37829163738733,35.72430499624326,0,-1,2018,60,23,64,13,61.8046088227163
-81.44445227274238,35.05428943771389,0,-1,2018,5,42,48,10,43.965566261254125
-82.87142401589355,36.62989189618751,0,-1,2020,47,45,47,8,39.85777760224336
-87.00992425574704,35.765020032111195,0,-1,2018,72,18,67,15,64.38677829555328
-85.24848354802891,37.50463712818112,0,-1,2020,117,22,63,15,61.679670559213754
-90.69552278596743,29.764062911558423,0,-1,2018,84,33,54,13,52.194178974804515
-90.45873865170974,33.59403706434228,0,-1,2020,112,5,66,29,64.95684423465948
-86.36176594316237,35.13027168124482,0,-1,2018,139,22,65,13,55.22031120413885
-85.93897957787148,35.55299736829039,0,-1,2017,164,37,48,15,65.88289426912596
-90.02280919888003,33.751599117933864,0,-1,2019,69,19,69,12,53.869596982801156
-82.50966049861611,28.49534638364991,0,-1,2018,67,5,67,28,73.83608790948404
-88.04263871309908,32.750788531256674,0,-1,2019,283,46,46,8,43.627587736096295
-77.54073236564163,34.58032628947731,0,-1,2019,57,39,53,8,45.26711435907565
-82.02362220598222,31.766283046930113,0,-1,2019,91,41,51,8,62.63012264728538
-83.61230264923066,34.56475270610001,0,-1,2020,284,52,39,9,41.01751441434326
-90.20738944170891,36.10735765032296,0,-1,2019,235,1,68,31,73.16464618543675
-80.90629269563733,33.87178125654877,0,-1,2017,120,50,38,12,41.52360735372525
-82.1047595598321,27.894219042594717,0,-1,2017,68,17,71,12,59.35920520261827
-94.04802995363346,30.73127281464806,0,-1,2019,51,62,28,10,36.226329403866295
-89.72860124898023,37.00458282795875,0,-1,2018,307,1,67,32,68.032489334808
-93.60699736433244,36.465107485003884,0,-1,2018,80,25,61,14,65.81078092605388
-91.75332569295801,32.357474388901316,0,-1,2020,135,16,62,22,64.29761880839949
-93.90447406727854,37.51513357927329,0,-1,2020,60,14,73,13,70.33996169111981
-81.18461798764133,32.35730355979847,0,-1,2019,116,51,39,10,42.84921794770517
-94.41444250835023,35.031348120499786,0,-1,2017,26,21,68,11,57.307154564663605
-91.18305438428649,36.123952904162095,0,-1,2020,64,57,36,7,50.71634748272459
-92.41008405653233,34.86195975216565,0,-1,2019,53,28,61,11,60.53625554212014
-89.8675129137125,35.86662848796314,0,-1,2018,123,0,68,32,68.45721169987947
-88.32524151325435,34.94321988508197,0,-1,2019,5,60,26,14,27.969906996031057
-89.15053447126363,31.3924456115169,0,-1,2018,111,61,26,13,43.575783903325174
-88.190909471271,30.697711057879722,0,-1,2020,8,9,54,37,63.02274612012794
-94.15351870782531,35.769230479758974,0,-1,2019,64,55,33,12,33.606353782060125
-84.01826152379225,30.739032215570983,0,-1,2020,325,52,39,9,46.45096955096559
-87.34851125897082,35.44939184761953,0,-1,2018,34,32,56,12,49.185585941356514
-90.26663641639666,37.10287499045008,0,-1,2019,66,56,35,9,39.81306897845535
-86.93162827783863,33.98099531178932,0,-1,2019,10,15,53,32,52.10429665903165
-93.34138234130832,35.691271556326235,0,-1,2019,306,55,37,8,37.25946042028758
-92.95306433595177,35.08301026947574,0,-1,2017,63,19,72,9,56.905791521039454
-90.42644613182783,30.220038288853466,0,-1,2017,318,39,49,12,44.908724349590344
-90.47860829084405,34.544997123342945,0,-1,2020,132,2,76,22,72.55978754491966
-81.70649799302973,26.132430079797007,0,-1,2018,285,12,83,5,70.04107100544981
-84.0446249734252,31.276657032311586,0,-1,2020,99,23,65,12,59.2320071083029
-85.82932071525313,31.680268768863183,0,-1,2020,86,30,61,9,47.039473944037454
-91.61094741402579,35.32680557057187,0,-1,2017,75,33,58,9,63.185703831167565
-92.56789247786473,31.064226978242047,0,-1,2018,121,49,39,12,36.34865211810011
-93.44746493632982,37.51532632629044,0,-1,2017,52,31,58,11,62.21771152137427
-80.7282714120045,34.382939463993544,0,-1,2020,321,38,52,10,42.770062020962555
-83.58765740029261,34.580157378815095,0,-1,2017,191,64,29,7,44.46755785482979
-81.01654491110622,32.21690212361696,0,-1,2019,281,55,32,13,38.929955172890466
-80.65290706892654,33.647682027578966,0,-1,2020,159,40,49,11,63.180997887337845
-89.81274541152585,36.400671964877894,0,-1,2018,324,2,57,41,62.04191924178102
-88.63887761409958,33.51880389140965,0,-1,2017,109,18,66,16,56.29086277375144
-87.42932242343943,37.7051412428062,0,-1,2019,92,14,63,23,63.889430862198324
-81.95125185029255,28.386406777047593,0,-1,2017,55,37,56,7,55.7470676513566
-79.872667467097,33.69448718330234,0,-1,2019,32,49,43,8,40.19324577861164
-78.32581073032081,37.0842069764892,0,-1,2020,166,59,28,13,38.17952059392646
-76.78516399829186,35.17761992934644,0,-1,2019,140,42,47,11,58.720423313852464
-89.32121458794224,36.347379700537466,0,-1,2017,306,27,63,10,49.678560145328184
-82.12243784784029,27.163339931767883,0,-1,2017,74,34,52,14,59.82199056249875
-84.59985993193803,30.20240569678858,0,-1,2018,323,46,43,11,46.889310113335696
-92.78732265868759,33.754198250393664,0,-1,2020,85,59,30,11,29.092321664791005
-91.24805850124663,35.08905987656185,0,-1,2019,78,1,73,26,67.0066939162372
-83.70663998767864,31.402793133499337,0,-1,2020,353,5,77,18,69.56520365653815
-82.71302849606175,35.277631247716904,0,-1,2017,255,61,30,9,37.02448512133958
-92.26549865397077,31.692940020047345,0,-1,2018,4,35,54,11,57.020540369726625
-84.45450196058945,36.919039965758856,0,-1,2019,141,65,29,6,27.41686247408432
-87.47601868828735,32.709642210472474,0,-1,2018,166,63,26,11,33.47046046915725
-91.99649549960772,30.91908642022062,0,-1,2017,286,37,51,12,57.86750651607298
-87.19501224841007,32.427017876310074,0,-1,2017,68,27,60,13,59.71404589801317
-89.5931013128737,34.60722320507187,0,-1,2018,82,69,21,10,37.180593949924976
-92.45483021565079,34.129519076454834,0,-1,2018,79,56,35,9,28.325717783657826
-90.47465225806307,36.137937780774365,0,-1,2020,140,14,71,15,63.21887835703002
-79.46777107640581,36.31387208014984,0,-1,2018,111,55,36,9,46.18393460103076
-91.38219160053819,30.45374853771374,0,-1,2019,234,63,29,8,27.629136719058536
-82.07965477948748,28.04653523196786,0,-1,2018,77,16,76,8,69.57505627739816
-93.76939475368054,32.4959079161979,0,-1,2020,73,11,69,20,62.199285164195025
-83.19465076240111,30.87310948790716,0,-1,2017,75,39,50,11,48.43457999289128
-93.15746566727941,37.33034912562082,0,-1,2018,78,50,42,8,50.700742466727235
-82.99765459671825,33.41353606953021,0,-1,2018,66,60,29,11,32.77448463786432
-88.80349424482657,36.80969113863864,0,-1,2020,77,8,73,19,70.5035538005923
-79.24243429967977,36.96221615532287,0,-1,2019,343,44,45,11,54.76198562514807
-82.34451593784534,29.63320719370763,0,-1,2017,65,15,52,33,58.00843273560312
-89.21358739066963,32.27838354326961,0,-1,2020,161,34,55,11,52.993681009458705
-83.56672531991187,35.668583788027256,0,-1,2018,189,70,23,7,20.615390691337055
-92.31622553241887,31.04716508916069,0,-1,2020,310,3,79,18,73.67890995260663
-82.29593125979024,28.669031346605987,0,-1,2019,71,31,53,16,60.572421418417306
-93.11225973678714,37.320353706827014,0,-1,2019,33,26,60,14,53.581134981439085
-81.95701456353974,28.167595745771926,0,-1,2019,226,39,46,15,52.968384051817765
-81.41987380613486,27.296983492670446,0,-1,2017,14,29,64,7,70.93675630652068
-84.40809006944237,33.17724167247166,0,-1,2020,289,13,61,26,57.09683661782712
-93.24072572857105,36.314333126815406,0,-1,2020,336,12,63,25,62.33320826256962
-85.41017965073877,34.68834242885544,0,-1,2019,35,27,61,12,41.02031629449741
-92.1325706873303,34.67418256708848,0,-1,2020,76,11,76,13,62.72829221403399
-81.80414140976235,29.618263758085778,0,-1,2018,71,38,56,6,56.455983412322254
-84.46585648550041,32.117344005455045,0,-1,2020,244,49,40,11,44.7952287852756
-83.00494574867348,34.09200239480762,0,-1,2020,199,42,48,10,46.31198167601292
-91.7564339273464,33.102364547260734,0,-1,2018,281,53,37,10,38.51423041219806
-89.65002435842692,32.57343382127672,0,-1,2019,40,64,24,12,34.104469064123066
-81.31627422472802,27.897210369933127,0,-1,2018,75,39,58,3,67.35981407783213
-90.1583157832513,37.759254901973115,0,-1,2018,354,48,42,10,51.25712311185703
-92.65738840300168,33.23085353471909,0,-1,2018,245,28,61,11,58.74052132701427
-90.96793695923559,31.075244265941652,0,-1,2020,19,22,66,12,43.31295177153693
-81.31436829936824,28.43744445802937,0,-1,2020,93,10,52,38,59.1019094445432
-92.76340419018213,30.115564916250065,0,-1,2017,59,13,62,25,63.803992417959975
-81.11687110393567,32.60255244499033,0,-1,2018,136,40,49,11,42.39990916989182
-83.25546409030896,35.914718503846885,0,-1,2019,111,51,45,4,41.106353563881264
-94.20837865382263,30.580985869447847,0,-1,2018,15,56,33,11,33.65947237470873
-81.87937431385727,30.092969546708808,0,-1,2019,63,42,49,9,52.67822652315593
-88.5456333493596,31.524834545260337,0,-1,2019,187,57,34,9,41.81186437330909
-89.89801819907086,30.31824049769348,0,-1,2017,18,33,58,9,50.021759734618115
-93.94963735456243,33.80755599755225,0,-1,2018,64,40,50,10,41.052901268728604
-87.11544051254421,37.63780453397052,0,-1,2017,276,10,71,19,71.56972748815167
-84.963505435619,30.457316388714197,0,-1,2019,26,16,70,14,67.60174544880145
-83.1055058345191,30.235905440272848,0,-1,2017,34,26,63,11,58.144459363399406
-84.01914355466262,30.947669331458247,0,-1,2020,132,30,58,12,51.43307335373682
-81.01451420509778,35.93155822769247,0,-1,2018,56,33,55,12,58.732008847460314
-83.84618585655016,30.901543961542735,0,-1,2017,263,5,78,17,66.75656673381522
-77.25008671222866,36.76526234982091,0,-1,2018,155,54,38,8,45.866242792828366
-81.92388947032822,37.3610267926529,0,-1,2018,77,70,23,7,25.40868792575773
-89.19749283849592,30.331214176665814,0,-1,2017,329,12,51,37,54.57842449311223
-80.82706844613202,37.815171878009814,0,-1,2020,188,47,40,13,29.87048811310325
-80.91252533263564,25.390852646164145,0,-1,2020,79,25,46,29,51.786869384934356
-81.50174530449138,28.664471821526753,0,-1,2019,214,33,52,15,64.08311939650065
-93.03600121620197,30.051166711309122,0,-1,2017,343,11,65,24,65.71286972317654
-85.44131890618272,35.50947130598402,0,-1,2019,46,47,44,9,44.99204154982425
-88.28712859904316,36.974667068401686,0,-1,2018,298,48,43,9,40.04916275954456
-92.58064929828537,36.734983232500554,0,-1,2019,52,12,61,27,62.650191540618465
-90.49361211451311,36.64854275068357,0,-1,2018,183,2,77,21,65.1063056658175
-80.61653398832513,35.27388722081486,0,-1,2017,107,22,67,11,56.71814214340727
-85.61066206769465,33.202999534485016,0,-1,2020,140,43,47,10,38.51271772186893
-93.18652324558046,35.053064726226665,0,-1,2019,227,59,23,18,40.34647892886764
-83.0289714118703,29.526249442982007,0,-1,2017,104,32,59,9,53.52673564489378
-82.93102122034934,35.57271966952056,0,-1,2019,21,46,47,7,43.072607716914824
-83.16326811615725,30.469891582090057,0,-1,2020,33,49,43,8,64.25757396215981
-91.72807089328631,31.430960255815336,0,-1,2019,224,6,72,22,63.8217307652523
-91.09257393833118,33.36280185754439,0,-1,2020,4,24,65,11,56.840953658788344
-77.91311675000141,35.27647448930747,0,-1,2018,18,23,59,18,51.29125736738705
-85.53194141993528,33.141725789429834,0,-1,2020,23,55,34,11,44.18894045620614
-77.78994502306618,34.47419574143883,0,-1,2019,316,65,24,11,34.09470026064292
-89.65755049572186,34.09083152403636,0,-1,2019,79,46,45,9,48.739149322696576
-90.2449092381565,29.38874426959136,0,-1,2018,49,16,60,24,52.70497153016902
-84.11455522762664,35.18479631500266,0,-1,2018,105,53,38,9,25.453427065026357
-80.9726318089017,27.98629095481513,0,-1,2020,76,39,53,8,53.639451081054396
-88.53637768882551,34.023948375452385,0,-1,2020,189,51,40,9,41.64143119483442
-77.69227165668273,35.06897315463792,0,-1,2017,39,10,72,18,64.28169737179869
-83.44508258339414,34.095634736163085,0,-1,2019,48,47,41,12,46.95278529254952
-84.42666999953147,36.14291921433295,0,-1,2020,188,56,34,10,18.672644322872433
-80.50086109170702,25.57845013024205,0,-1,2017,269,2,69,29,65.91416554774504
-86.1684474672744,34.55700954704627,0,-1,2019,236,15,73,12,58.01502913004842
-77.54569307607123,37.47545808679221,0,-1,2019,258,39,49,12,55.925244347911935
-82.14707879576794,28.695471146076173,0,-1,2017,268,6,80,14,59.0800852979505
-77.26115043540715,36.67598501393229,0,-1,2019,38,28,60,12,56.48954321938505
-88.62063948284508,36.59268769339466,0,-1,2020,268,10,70,20,67.80667772380835
-81.24851425511766,35.083941796538696,0,-1,2020,77,43,47,10,52.292824554126895
-87.19853618113198,34.23525969433696,0,-1,2017,59,51,38,11,49.19153305426111
-87.06740739502008,33.84776397872955,0,-1,2020,94,54,34,12,41.09272203135489
-92.77977215862147,33.673380354137024,0,-1,2018,6,56,33,11,50.713179825427524
-92.71261600878945,34.75455410637153,0,-1,2019,84,46,43,11,42.20060826289594
-88.09787688419537,35.21507546200171,0,-1,2020,5,45,44,11,40.03153446675746
-86.9602048268235,33.26379357625673,0,-1,2017,112,30,56,14,47.76642710472279
-80.67625093133803,36.313293907398716,0,-1,2020,5,18,64,18,49.629546262291186
-93.81050332722464,33.72442509613929,0,-1,2020,13,58,32,10,34.50651607298002
-85.30182833612896,31.160737099943347,0,-1,2019,290,9,74,17,69.71849701852074
-83.06168878836891,35.79451450288418,0,-1,2020,64,69,24,7,23.28093282255835
-86.36406992132991,37.1409938232097,0,-1,2017,263,43,46,11,44.75154506861488
-81.98873072734698,30.68055636886984,0,-1,2019,294,29,57,14,52.79299790687569
-89.26447449598332,32.18249662269717,0,-1,2019,144,51,39,10,35.87645397634142
-84.365972299508,31.184058888328043,0,-1,2017,177,1,76,23,67.68325961614404
-82.71384089440946,31.351791966565216,0,-1,2018,73,49,38,13,55.266120272538785
-94.22695540102546,36.44909344605202,0,-1,2019,130,39,49,12,52.5592386994449
-82.43027849800073,35.732586403451975,0,-1,2019,50,73,19,8,25.186740920670662
-80.32797788465389,33.349385794069526,0,-1,2019,126,19,69,12,56.67536981810281
-84.90043939016371,36.37689622693411,0,-1,2019,54,45,46,9,52.70229233715718
-91.23151293728719,34.99890387118478,0,-1,2018,3,4,76,20,69.78201887761146
-92.82585798691694,36.018156711774246,0,-1,2019,328,30,58,12,54.73299763033177
-84.92714309108034,29.873197373551186,0,-1,2017,72,24,63,13,48.52119991310699
-83.12285554667662,30.592324628364725,0,-1,2019,73,16,72,12,51.466869372926865
-81.41054031367715,27.470084697854045,0,-1,2020,78,3,77,20,77.02385984317289
-79.95224202210115,37.03240405448868,0,-1,2020,132,40,51,9,56.93442072628897
-81.6774904434195,29.866024937253744,0,-1,2019,57,50,42,8,49.454290565888726
-80.3894814208696,27.64427362016044,0,-1,2017,56,18,54,28,60.463665343829284
-80.09452610555408,32.880833402942535,0,-1,2017,113,50,40,10,44.62536902577197
-82.32710430902068,28.28920315094753,0,-1,2020,158,20,76,4,64.36878270312963
-82.73095151781581,34.40403543909624,0,-1,2017,100,52,39,9,51.86748153706412
-93.48200229055375,33.798306579676066,0,-1,2019,188,19,67,14,51.952056552731875
-88.01899819837608,35.86418149432878,0,-1,2018,226,69,22,9,39.27314732539539
-90.17532237813019,36.66929278892915,0,-1,2018,128,4,74,22,70.43405616779242
-93.78507857643629,32.316788369308696,0,-1,2019,97,45,46,9,56.1178445194795
-93.03596186428436,34.94205851166368,0,-1,2020,67,23,65,12,55.52661202725383
-93.22353179795802,30.650624322448408,0,-1,2018,273,54,37,9,49.536827139528405
-93.5370131747907,32.74222439943831,0,-1,2020,101,54,34,12,42.44394857921447
-92.5374027427737,35.956503554541555,0,-1,2019,44,62,29,9,43.349511304176104
-85.50962747608291,34.12145422862618,0,-1,2020,33,25,63,12,61.791240472335176
-81.91937930866455,32.4789799954917,0,-1,2019,115,30,57,13,57.64520015008785
-85.26153284344348,35.67302360574332,0,-1,2017,313,21,61,18,58.44479557574562
-81.16656502829926,32.7996798644125,0,-1,2019,76,46,42,12,52.33316217710719
-87.47076207568995,30.55396790609059,0,-1,2018,0,53,37,10,37.00854920233771
-77.43576763555824,34.82777457740627,0,-1,2018,292,46,45,9,50.26682725531619
-85.79673098186983,33.52604048093552,0,-1,2019,273,55,35,10,32.28327442889017
-79.33063368189707,35.3422493654181,0,-1,2017,221,24,63,13,59.94750666535005
-82.8004336984882,32.63996399806099,0,-1,2018,256,24,64,12,63.82689915286035
-90.12567342158881,29.76191559594063,0,-1,2017,161,36,49,15,56.21745603239509
-93.22383663138864,36.162093814994094,0,-1,2018,5,35,53,12,43.24141471987992
-94.20621464549586,30.202732888368534,0,-1,2020,84,17,70,13,57.169648145954284
-87.60276651228273,32.53007821492313,0,-1,2019,325,18,65,17,54.73154250437976
-77.38984512088537,34.556065364593586,0,-1,2019,23,33,55,12,59.22558679990707
-83.67628512691162,36.031340807656036,0,-1,2017,192,28,62,10,60.588715092625534
-89.34322464300463,34.56633747955594,0,-1,2019,142,23,65,12,62.25437349445169
-91.32778541031033,33.59674629564262,0,-1,2018,83,3,61,36,65.37518265471344
-84.54170461994954,36.05513153402595,0,-1,2019,138,71,20,9,35.62146792251644
-82.25764529950398,35.93821398574758,0,-1,2020,10,72,19,9,32.872265223915974
-82.29033222716922,29.1430468017567,0,-1,2020,281,3,84,13,73.89326408499376
-92.01398795148629,33.34473231728777,0,-1,2018,205,24,65,11,42.66435637699188
-89.4284774826713,33.952488958562384,0,-1,2018,83,48,39,13,51.83868546826243
-77.46861381554731,34.96970953808665,0,-1,2017,31,54,35,11,40.66661401153146
-83.97506780915595,36.9889102996138,0,-1,2020,102,45,45,10,52.62524927438942
-92.82098735024844,31.584271171985783,0,-1,2020,355,32,51,17,44.734885444327816
-83.67880865736039,37.74179192150284,0,-1,2017,82,74,19,7,23.479127172195895
-77.77827908158719,35.27366130190077,0,-1,2019,116,34,55,11,70.74623269409284
-86.79902150997137,35.47059601630112,0,-1,2020,23,9,72,19,63.6498686834778
-93.67614707891664,33.85609196081756,0,-1,2017,114,24,63,13,50.73961727590493
-86.92946020756204,36.718603742028364,0,-1,2020,355,18,59,23,66.98432193349655
-89.53856382375768,30.243504325147196,0,-1,2019,337,33,55,12,43.42830624617394
-81.25975937030685,35.25721409164814,0,-1,2017,358,17,63,20,55.217316615658014
-93.70142813202338,36.32407286363026,0,-1,2020,141,48,44,8,48.881718731487695
-92.36689728177363,31.795118336491157,0,-1,2019,337,48,31,21,37.75250261614707
-94.16679239883881,30.571300939344848,0,-1,2019,84,63,26,11,37.269806477093205
-91.62047044233685,34.77245862608751,0,-1,2020,112,1,78,21,69.47679699842023
-79.84878152805261,33.809173375820095,0,-1,2020,101,24,65,11,47.83661860556981
-84.7084037166763,37.051038826175294,0,-1,2020,128,18,56,26,54.37748804349984
-81.55505606886794,36.71242919611133,0,-1,2020,81,60,25,15,19.884862965010672
-81.38288382030157,35.20032656264942,0,-1,2020,224,6,37,57,56.82944940358637
-79.80227402370576,32.975680560319205,0,-1,2019,43,48,40,12,37.96611508234272
-83.20186979542049,33.83410348076658,0,-1,2018,321,23,63,14,36.19734217957071
-81.48548793388848,36.54142331393734,0,-1,2020,115,71,21,8,31.736175843273575
-86.18672272235015,37.099775523085796,0,-1,2018,39,49,40,11,56.98534697262923
-90.80515888190878,30.986699466125682,0,-1,2017,123,62,28,10,28.901986728809547
-79.09293552188396,35.14465345114867,0,-1,2020,78,51,41,8,49.905934630196505
-80.33557817415246,34.620395175780196,0,-1,2017,319,46,43,11,58.59214215202368
-78.38310765012157,34.42078148645038,0,-1,2020,43,41,45,14,37.991074602108924
-91.50858320645835,32.71607867658394,0,-1,2017,57,44,47,9,60.5477107149204
-82.36554986533507,34.153671568925866,0,-1,2018,95,13,73,14,52.87954662138145
-78.28411287588395,36.969050437039336,0,-1,2020,274,55,38,7,43.34842022116902
-77.3404411460928,34.66659162665043,0,-1,2019,287,9,57,34,59.473551910200015
-92.64124444216866,35.1281687644257,0,-1,2018,57,14,59,27,66.4846792243548
-90.7121814505946,29.66553030070894,0,-1,2018,3,19,65,16,53.69866503416405
-82.87712252033036,29.498793171124913,0,-1,2017,96,25,62,13,66.23296408190667
-80.42545898117525,27.281932742257162,0,-1,2019,246,32,43,25,64.15811712672277
-86.2417615773332,30.388329566950095,0,-1,2017,78,52,37,11,49.10125266254184
-90.06205823590878,34.81118736579016,0,-1,2018,224,3,79,18,63.210855743790226
-79.2238625060038,35.925819837112115,0,-1,2020,84,52,38,10,42.700485762805584
-89.34206671671353,32.27704341228461,0,-1,2017,324,70,21,9,25.983155275578117
-83.94731750118412,31.927099931414347,0,-1,2019,243,27,61,12,58.84923378029482
-87.6823185542931,36.683536960778696,0,-1,2017,4,47,47,6,56.650237940090435
-92.59134035421314,32.00875750846683,0,-1,2019,75,47,45,8,40.107716914813786
-91.37988314316422,30.309420891882024,0,-1,2017,45,59,30,11,31.800955917206522
-88.24448681944065,31.01735976266347,0,-1,2019,162,28,57,15,50.365302575446364
-92.21395943923072,37.5010299422559,0,-1,2020,80,13,72,15,58.275870239105984
-85.16852835994136,32.864237539482104,0,-1,2017,16,38,52,10,54.82844293867346
-85.59296764997946,31.61330697818328,0,-1,2017,142,33,55,12,51.921510939104344
-83.51888079770534,31.309324512395893,0,-1,2019,51,12,63,25,60.92891566265062
-79.90919904445305,32.82729662636911,0,-1,2019,223,8,57,35,53.343344864375574
-82.93519377998255,32.61038271532405,0,-1,2020,193,42,50,8,51.84664139319989
-77.82070693146161,35.707970384109466,0,-1,2020,75,52,40,8,52.724039885477325
-87.37241423019182,37.011169967133824,0,-1,2020,281,35,55,10,54.04179911939506
-76.7214630595525,35.604894175662366,0,-1,2020,156,13,72,15,67.81006160164272
-87.33621098645013,32.60902187034618,0,-1,2017,356,27,61,12,50.81891955929393
-77.1650503804374,35.330935674906826,0,-1,2017,138,25,62,13,53.24265940011452
-93.37419396648754,32.14644175544988,0,-1,2019,181,19,64,17,39.78710632836411
-84.45561454066485,33.371554702966044,0,-1,2020,222,37,53,10,52.69272849356185
-94.27239674857495,35.94073509208675,0,-1,2018,131,35,57,8,55.61341783648249
-92.73724452129457,36.77505634369004,0,-1,2020,113,60,33,7,47.964261032678465
-84.89224567485624,32.98189609392155,0,-1,2020,80,57,32,11,42.42451228181027
-85.76925290278096,31.23199001582023,0,-1,2018,103,9,73,18,69.53725389521907
-81.85327727927093,32.969241303442615,0,-1,2017,16,28,60,12,55.75170806840171
-88.91884856997261,36.789688581979206,0,-1,2019,314,16,65,19,62.003041134303615
-80.2652819951741,34.2572420505195,0,-1,2017,145,1,81,18,65.44542941757157
-92.70487979206018,30.79841181029579,0,-1,2017,289,39,57,4,36.19971953941261
-81.6999408702023,31.59802032854244,0,-1,2019,78,59,30,11,35.787084915569224
-88.51790581946486,31.59506166116041,0,-1,2020,63,44,45,11,46.71794719902059
-84.6523347231526,30.806222383666814,0,-1,2018,4,63,27,10,48.13559751615767
-81.93378973149441,33.613149419442536,0,-1,2018,64,13,70,17,59.12139641418532
-78.45079010555726,36.41252756057141,0,-1,2017,16,39,51,10,43.295349985191024
-80.00791978832676,37.573891384786464,0,-1,2017,137,28,59,13,46.329146423351894
-80.56329221458952,35.701402974937594,0,-1,2020,110,34,56,10,51.10106256912627
-80.82034375276243,32.50846534311435,0,-1,2019,21,19,64,17,53.17946161515453
-89.44593697126504,35.17249159087612,0,-1,2019,62,42,46,12,54.20131152721811
-87.47506282220229,37.80689812334564,0,-1,2020,68,9,69,22,69.1790806050314
-88.86588857448075,32.33789575356438,0,-1,2017,94,34,56,10,45.593258160706156
-89.98310687949262,35.962026291131444,0,-1,2019,315,2,66,32,65.6210207681822
-92.10395609275722,29.769362652825848,0,-1,2020,263,10,74,16,64.591646530894
-93.31322181785785,36.173071811251695,0,-1,2020,113,67,21,12,33.64564985585086
-85.92217751360259,36.69198951523881,0,-1,2018,276,48,40,12,57.24800063189904
-90.40813826995674,30.02959263734141,0,-1,2017,286,47,44,9,46.1426286481577
-88.43329322833512,35.75693271808534,0,-1,2020,142,18,65,17,63.045808158590994
-78.51699538849464,33.931612021705405,0,-1,2020,234,71,17,12,42.358755109698045
-91.45956573656244,32.821817621009345,0,-1,2018,278,25,61,14,61.51598507138485
-85.47063477377624,36.42859666506539,0,-1,2018,97,61,31,8,33.30364300523248
-85.97074485100326,30.888735663928212,0,-1,2020,109,35,53,12,54.753642933301755
-81.87470530403805,36.895062005008015,0,-1,2019,166,71,22,7,27.496752028747988
-92.43290522591941,35.56014876821638,0,-1,2017,107,46,47,7,56.75975359342917
-93.72353297465733,32.602628775108734,0,-1,2018,269,7,72,21,68.09383308861463
-80.12421438532543,36.12291089111235,0,-1,2020,267,41,47,12,60.15238941548179
-84.43037048426585,33.02606757005999,0,-1,2019,65,52,37,11,51.6087317102067
-78.07715527117332,34.96519920881199,0,-1,2017,111,29,58,13,66.35398527118005
-87.74203631784988,31.603482425043982,0,-1,2017,102,43,48,9,39.566791707798636
-87.42703175710803,37.32868510240736,0,-1,2017,146,16,73,11,72.14712793475897
-93.17512676403113,32.653094956745136,0,-1,2017,109,33,55,12,32.83340902359562
-90.7196053175665,30.03605123751407,0,-1,2017,75,13,71,16,67.72051155505012
-87.69568462871725,33.490365559579004,0,-1,2017,91,39,50,11,35.149488607195046
-93.91457679923965,35.93500245561924,0,-1,2019,190,67,23,10,31.913673610425516
-92.30755552073413,35.6188808277028,0,-1,2020,130,35,53,12,50.044093835156595
-93.28852779956236,35.609650585067016,0,-1,2019,110,45,46,9,36.453665857077965
-89.72019530568612,35.6172431826914,0,-1,2017,351,0,76,24,74.34719425028631
-85.07923976831623,36.39340829351184,0,-1,2019,134,68,25,7,33.039354685833906
-80.32542468922169,37.280859920745755,0,-1,2018,125,51,41,8,43.19876757781639
-83.15135307164346,37.45292237383628,0,-1,2018,127,59,32,9,30.556450657505025
-85.20099679327345,36.72794091730282,0,-1,2020,25,31,57,12,58.12950932964756
-78.5448167972796,34.445394935605805,0,-1,2017,68,38,51,11,44.75601808882484
-87.98923466401207,37.84178472173672,0,-1,2017,17,3,81,16,68.60243724200589
-91.17484502799692,34.84443839543815,0,-1,2017,116,1,57,42,67.69046208530806
-90.15720323272353,33.26510133558429,0,-1,2018,326,9,65,26,63.54653711712778
-80.28194396443118,26.680310011994553,0,-1,2017,330,12,60,28,68.88235874953098
-92.78882213944537,35.570341023176496,0,-1,2017,305,49,44,7,37.39616941455225
-91.27656048130982,32.64383977946507,0,-1,2018,43,9,67,24,66.80484144848558
-84.05395355831811,36.92481431595144,0,-1,2020,81,10,72,18,56.30905321354526
-83.9200282432893,34.22750699829399,0,-1,2017,84,28,60,12,55.81484478611729
-88.50489199815655,36.845163869013874,0,-1,2019,262,40,52,8,56.798424201733766
-85.22795971789859,30.999747552335467,0,-1,2020,191,4,78,18,68.89333807210834
-86.68860992574781,31.33998171769232,0,-1,2020,60,52,41,7,33.67511998577946
-89.86321228607808,29.94617187009232,0,-1,2017,129,25,59,16,49.8754958029702
-90.9578472566919,36.302405715181536,0,-1,2018,20,19,64,17,60.42337539245306
-85.2525415266609,36.606806294216675,0,-1,2018,323,62,31,7,31.65638009049774
-86.5743129272058,31.501904797742423,0,-1,2020,41,39,49,12,53.93844908275903
-80.56487122793392,37.239506388116055,0,-1,2019,322,71,22,7,31.127579737335825
-80.80055394278634,33.286478708526495,0,-1,2017,129,37,52,11,43.63368545759701
-81.82681087233165,34.26052873440359,0,-1,2017,297,62,29,9,38.131932374782735
-82.08017049035621,29.900239418556392,0,-1,2020,135,44,47,9,50.08692733017376
-84.60407272244669,31.52558613497846,0,-1,2019,156,30,59,11,67.72610773240656
-82.56937247372,29.47003711737637,0,-1,2018,134,1,73,26,73.16581436215371
-84.55494596577225,33.66113496649013,0,-1,2020,106,23,63,14,56.423105415957544
-87.27411355372625,31.215978716755767,0,-1,2020,72,60,39,1,36.88265961018188
-92.1102371224574,30.07628222739463,0,-1,2018,1,9,74,17,71.72703759279736
-81.9602441517046,33.34481858341932,0,-1,2017,137,18,68,14,54.946891527791585
-89.64413560522772,31.16948626646708,0,-1,2017,320,67,24,9,31.183717394309195
-85.96421298158893,36.63268445687964,0,-1,2017,100,41,45,14,60.21946644023616
-91.96390834878967,33.89853033320436,0,-1,2018,79,58,28,14,44.161489088575074
-90.79049414922686,37.42151851676531,0,-1,2019,334,62,26,12,31.820459661177576
-92.67635707478279,35.08445496690081,0,-1,2019,39,4,58,38,60.40118803326495
-85.16291118938719,30.141832726831225,0,-1,2017,16,61,28,11,26.512696203139264
-85.08051492840511,36.851792073458185,0,-1,2019,25,65,24,11,26.13046895467646
-86.72377463809104,31.126177229490903,0,-1,2018,249,52,39,9,42.26264660585238
-77.35990969319232,36.09989730503441,0,-1,2019,167,16,65,19,57.46661268342779
-94.46088617182676,33.815499753452094,0,-1,2018,259,50,34,16,40.76314490493022
-91.07076618881747,31.80857506224621,0,-1,2020,66,58,33,9,35.82383255997629
-82.65003997134554,35.12607204195531,0,-1,2017,52,76,18,6,23.914645758625582
-84.50387316760185,32.37429100702516,0,-1,2018,123,48,40,12,54.20405987125312
-91.75192624439724,32.98560308005912,0,-1,2020,52,42,50,8,41.97703713941598
-81.80223418319902,27.624770882222304,0,-1,2019,358,31,60,9,55.71031432633078
-80.68269563656372,33.16175614790519,0,-1,2020,283,53,36,11,41.66479090155197
-86.06576301761228,37.834552038403736,0,-1,2017,186,11,76,13,71.66790411121202
-85.93497227339712,35.49875352311845,0,-1,2020,144,13,73,14,55.8749777804112
-89.77583108499415,31.78914837685095,0,-1,2020,93,65,24,11,41.75670339217312
-84.46422022597501,34.274059676110994,0,-1,2017,36,47,44,9,45.72256446708522
-87.64866007097183,33.21723824504252,0,-1,2020,65,33,55,12,60.16450121557534
-86.64970591229753,34.77635375624054,0,-1,2020,79,50,38,12,61.42259472052753
-83.83133092690592,33.74003466198074,0,-1,2017,287,35,56,9,54.71928507949046
-81.09233834661602,25.620600614318363,0,-1,2018,17,32,59,9,53.414130131248236
-92.0508088921056,36.70088486083266,0,-1,2019,132,13,70,17,62.216669299423465
-84.97088781641038,30.013745381336175,0,-1,2017,212,38,53,9,46.42909342287183
-93.94909038287487,33.41354431067928,0,-1,2019,72,30,59,11,54.80574885339238
-87.48614015199682,31.51211244694698,0,-1,2017,67,47,42,11,44.00254724246192
-87.9943849488501,32.16238725441429,0,-1,2020,292,53,36,11,38.62677024200775
-90.08900711649936,35.32295518710439,0,-1,2017,157,61,28,11,26.072338386969513
-91.16977378328004,35.98035720899353,0,-1,2019,112,3,33,64,45.69488981912962
-80.30486787402562,32.592185619966116,0,-1,2020,17,32,55,13,46.160381714637516
-82.80349348326335,35.98234532283506,0,-1,2017,32,66,25,9,24.048241543413436
-82.13511405333837,34.822169502401685,0,-1,2020,316,10,52,38,63.023063404616664
-81.05077910746886,37.00274354148579,0,-1,2020,263,44,46,10,37.41914465110768
-84.94894403402087,31.804468708684237,0,-1,2019,252,50,38,12,52.10375197472355
-82.81299768042204,31.136758955935964,0,-1,2018,35,58,32,10,42.150725782561466
-84.39012999787141,35.500476334029756,0,-1,2018,246,26,60,14,61.44184209486946
-80.19635740138048,35.94242982652023,0,-1,2018,68,23,64,13,58.29012894180834
-87.80238574120929,36.20793004554758,0,-1,2020,344,68,21,11,34.64470202598634
-84.39923254129701,36.76084321114113,0,-1,2020,224,67,25,8,29.490897602969625
-80.07448126579396,37.32025158138448,0,-1,2019,38,59,31,10,39.834294289550606
-90.23899677942053,29.32514051216465,0,-1,2018,102,17,47,36,48.13442332264206
-77.32221309478733,35.79343815556568,0,-1,2020,296,19,65,16,54.51942821039333
-87.68877401048219,35.50076989717334,0,-1,2020,104,61,29,10,32.20944651778133
-82.91206745532894,32.22741440644841,0,-1,2018,37,22,64,14,52.87115692198331
-83.74760611963687,37.88371204916389,0,-1,2019,60,65,28,7,30.665014611800004
-82.95735325510996,36.855559844894266,0,-1,2017,59,70,24,6,27.606441802598823
-76.73983146467538,36.46486130976418,0,-1,2018,134,64,24,12,36.55292932883122
-88.87640729150877,35.685872153830225,0,-1,2018,17,28,58,14,59.12383002251099
-90.74379798697454,35.33607124500324,0,-1,2017,80,55,38,7,58.14103171781805
-91.06857327149032,32.53623347901845,0,-1,2019,31,41,50,9,47.501783311620365
-87.6182252140492,33.502708972863104,0,-1,2019,73,36,53,11,50.317182008450835
-82.98267523740485,31.664788807252453,0,-1,2020,78,8,75,17,68.522195892575
-85.67168605356804,35.29621810509666,0,-1,2020,14,46,38,16,30.713665086887836
-78.82999204152668,36.70400196543011,0,-1,2018,25,56,35,9,43.324336064764545
-88.55242148447375,31.79553893194653,0,-1,2017,62,56,33,11,42.10789193032349
-94.37473842702579,30.09724315109551,0,-1,2018,265,64,28,8,38.78414140416709
-80.62590874284089,32.28210603766373,0,-1,2020,328,,,,37.593770955964544
-81.64552488105633,33.45051836393351,0,-1,2018,66,31,59,10,65.19177297681583
-80.1073441522424,33.40957979213167,0,-1,2018,319,52,38,10,49.85722222222222
-94.48806142397727,32.40910675042871,0,-1,2020,75,9,73,18,59.60185624012636
-84.41067879363673,31.758966546323315,0,-1,2019,120,14,78,8,63.99958528348837
-85.61550669711579,33.2484962677387,0,-1,2017,62,67,25,8,36.55293005671079
-79.38544604894822,37.76148032931603,0,-1,2020,176,43,47,10,52.21927572861543
-82.00568193027475,35.77320714971406,0,-1,2018,297,59,34,7,36.1852268688544
-78.16086021552192,34.1771517912096,0,-1,2017,109,39,49,12,49.21620234169841
-82.25474626573612,27.977952450378087,0,-1,2018,142,32,64,4,69.45538505841701
-93.74795306937459,32.11862019904229,0,-1,2020,69,22,67,11,51.31762800892555
-88.53745164997427,37.42905286182127,0,-1,2018,105,52,40,8,36.09663724502891
-88.28670573234236,34.554995792152184,0,-1,2020,72,34,54,12,50.39502504104237
-85.03636029933215,32.72521791941611,0,-1,2018,156,43,44,13,44.22277081070405
-78.79461559511897,34.02825825425118,0,-1,2018,55,15,66,19,48.56010583682171
-88.67095264291584,34.33762090227198,0,-1,2019,73,36,53,11,47.28304194402119
-91.05675881709169,36.681980649889105,0,-1,2017,3,62,32,6,33.46251061392944
-84.89302193797282,35.737848106448475,0,-1,2017,254,65,28,7,37.15435194692365
-79.59853959635659,33.791727246431385,0,-1,2017,32,22,63,15,55.4347413946324
-79.62383280250025,32.94087075313219,0,-1,2018,61,,,,
-81.24628236501029,26.831453444792675,0,-1,2020,19,7,84,9,71.19242540923723
-90.18868541601273,29.159655779508135,0,-1,2019,95,16,25,59,36.308669208710164
-89.02218359814368,32.50953148961931,0,-1,2017,124,71,21,8,37.63439819933658
-80.80589314825818,28.796278273171346,0,-1,2017,259,38,57,5,55.307170041817436
-93.67694529616604,33.82925086881456,0,-1,2020,64,22,65,13,56.4155905698377
-83.8893511887947,33.36706383415031,0,-1,2017,5,48,45,7,46.934407207699124
-92.37585135341455,35.120290738949926,0,-1,2020,305,39,50,11,54.09914303767478
-88.73472411610102,32.01457474715639,0,-1,2018,50,56,34,10,44.042120872074385
-81.14573420947276,29.155038198964487,0,-1,2020,105,53,40,7,46.866087507173525
-82.68944772271874,36.62776900904155,0,-1,2017,114,60,31,9,46.43427183699257
-93.97922122220061,30.55001919191176,0,-1,2018,115,63,28,9,40.50006910850033
-86.93169251138922,35.6693252146653,0,-1,2019,122,21,67,12,60.17900661597712
-90.83189961592022,35.840945870726365,0,-1,2020,55,2,59,39,62.92747126890724
-81.45407168357528,29.352560131784703,0,-1,2017,212,63,27,10,41.08336295067724
-81.6763787743806,31.84929985125446,0,-1,2020,135,39,51,10,50.56955002270614
-84.72814436502559,37.825717608272925,0,-1,2018,140,27,62,11,58.385106046842274
-91.57244117050026,32.34155721800288,0,-1,2019,120,15,75,10,70.2680070309877
-88.57925743315342,35.98115887793195,0,-1,2020,353,19,65,16,65.87589842824418
-85.3248162715713,30.103387499169926,0,-1,2017,261,16,73,11,58.89075182179036
-81.05827086091936,25.99395219263927,0,-1,2017,283,26,62,12,60.75858392402314
-78.38445070999326,34.657533858100614,0,-1,2018,101,52,38,10,42.40061850512766
-81.14024586012691,34.49098742938351,0,-1,2020,41,45,45,10,43.39689184652752
-85.30335026744433,37.760920895732085,0,-1,2020,3,14,69,17,63.98148038460781
-88.74625067843763,33.768048427258755,0,-1,2017,285,32,55,13,43.62156452377192
-91.60784419936607,31.309354664296595,0,-1,2019,85,6,79,15,57.47724938778736
-81.2432622330723,27.611831599733307,0,-1,2019,74,31,62,7,63.153862860076195
-89.29131600503757,33.38820757754051,0,-1,2017,163,62,30,8,30.9662533075313
-85.26281908227756,30.97598932036997,0,-1,2017,250,4,75,21,61.53934869759265
-81.01843415689086,36.935444501694874,0,-1,2020,277,21,60,19,47.6255257805249
-81.31202003105989,36.321376437047164,0,-1,2018,4,74,20,6,24.047658549110235
-88.30598365479487,33.91906770910136,0,-1,2017,32,52,37,11,45.12125760328621
-85.4017246955451,31.20651800736315,0,-1,2018,104,6,60,34,67.12606137198367
-86.71558720474204,37.52720626194544,0,-1,2017,308,50,44,6,45.515727120150046
-83.29323836891842,36.36024769692845,0,-1,2020,357,52,41,7,47.90084113256722
-78.92831299701557,34.07552787765875,0,-1,2017,158,20,66,14,58.88145032288641
-82.00566670113128,30.336926164647167,0,-1,2019,76,43,47,10,48.61990717882889
-76.4029876952127,36.564525570718985,0,-1,2018,207,68,21,11,29.36807187284037
-80.36844902323735,32.81912719282555,0,-1,2020,223,52,37,11,32.63309835515274
-84.02732761092979,35.52715116055394,0,-1,2020,61,66,24,10,25.47441386764218
-87.44424826381147,30.50672107177429,0,-1,2018,69,29,62,9,44.931253085810184
-84.44686820631564,36.747462636937684,0,-1,2018,153,46,44,10,30.661012933162198
-83.77073759422171,35.51878089737969,0,-1,2019,254,78,17,5,20.153850710900464
-91.07550823317409,29.64646019919867,0,-1,2018,296,47,42,11,43.199460971476405
-92.00011315374623,33.19184821737711,0,-1,2020,124,58,33,9,43.72344416363922
-87.01060127291056,37.271563452172245,0,-1,2017,102,25,53,22,49.02336559352162
-81.89337594792657,32.32155421874561,0,-1,2020,266,30,59,11,66.08778166163081
-79.3798481309124,36.40129126958105,0,-1,2017,136,51,41,8,49.91606444734038
-81.04535921295049,25.428985730861157,0,-1,2017,80,42,54,4,55.04874822302956
-93.71237707219774,35.59178855639814,0,-1,2020,354,26,61,13,44.05609433328726
-89.81675309209939,37.72452213752946,0,-1,2018,70,30,59,11,66.2418348406461
-86.00538406919284,33.94044977772892,0,-1,2018,157,35,54,11,61.01077887629614
-84.88912401506782,33.08082825079354,0,-1,2018,136,46,46,8,40.200963550922104
-81.30538622911159,27.253378554367586,0,-1,2018,85,2,84,14,74.60058061458253
-80.88513708001625,35.84269720209891,0,-1,2017,64,27,60,13,57.70837529869459
-86.88733610905615,35.1991986358221,0,-1,2020,70,30,58,12,52.765542301919595
-85.54136368414157,31.35540391211021,0,-1,2017,182,42,50,8,50.00092824837558
-76.7524273536953,34.861981328644205,0,-1,2020,339,50,41,9,39.44245623331364
-92.17875032059499,34.630960614841634,0,-1,2017,32,27,60,13,65.11197339246121
-86.72831089347841,37.608868733581815,0,-1,2020,221,61,32,7,48.7310084713967
-82.3833277106664,30.02974940646493,0,-1,2019,329,28,60,12,49.68125444347897
-79.17079512267519,35.90917472458123,0,-1,2020,71,62,28,10,39.185352657767936
-93.48692802061066,29.909195605318192,0,-1,2018,299,37,36,27,44.35171324182878
-85.98300339035141,33.263311364781735,0,-1,2020,199,55,35,10,36.38215780744017
-91.9226367640579,33.018736266652965,0,-1,2020,70,55,34,11,35.506032423039706
-85.10036169236139,36.63796112099322,0,-1,2017,204,19,65,16,63.02266669299264
-87.11257802190663,31.33856605772199,0,-1,2018,48,33,56,11,48.11380829169055
-77.02023044224397,37.25688698485273,0,-1,2019,299,15,67,18,56.21357056813917
-86.3291039747883,31.155689797116338,0,-1,2017,74,61,35,4,36.99727482770195
-87.93734620111647,33.67831871247898,0,-1,2020,147,37,54,9,54.94448173741361
-84.60123962944793,29.966604206283304,0,-1,2019,124,47,46,7,37.42466186198045
-89.788020547156,33.41618930303875,0,-1,2017,69,53,36,11,43.84196185286105
-83.56879806955008,37.29857627901537,0,-1,2017,48,72,17,11,21.20603858533599
-91.59416847827033,29.813122134390724,0,-1,2019,127,39,51,10,53.052073459715615
-93.07432156097218,35.09503141949655,0,-1,2020,187,26,58,16,60.997867382804785
-93.72221183964574,34.14342390471679,0,-1,2018,288,53,34,13,44.09653858367735
-89.43705234866103,35.66455004311228,0,-1,2020,54,6,76,18,73.29003337348685
-84.19371139080526,31.78147259159863,0,-1,2017,299,7,74,19,69.24587217569916
-85.32185282881112,32.7705283437828,0,-1,2018,61,17,66,17,46.68235224422897
-84.34327796449948,36.82735583543785,0,-1,2017,46,59,34,7,31.899474765026458
-90.18693487343512,32.42254954270458,0,-1,2017,185,21,62,17,50.43973688917152
-81.35319216146864,26.02732005580894,0,-1,2018,247,38,55,7,58.657308140338394
-89.3316208199891,30.73645597867362,0,-1,2018,72,34,56,10,43.541437793191925
-83.45627596864303,34.63819572357726,0,-1,2019,23,13,64,23,58.220260314826895
-85.2174761398532,37.00789741319423,0,-1,2018,279,26,60,14,59.37948738201492
-87.26443044233754,37.73821056513795,0,-1,2019,79,13,68,19,66.46056944279906
-94.11571782883512,33.237242179234485,0,-1,2020,270,38,51,11,41.42981278142033
-90.45083256178722,31.55471519643085,0,-1,2019,83,33,54,13,51.13789320407714
-80.13627732828404,34.02180271653386,0,-1,2019,172,40,50,10,53.90457103366572
-85.23453848854129,34.51925059884653,0,-1,2020,201,23,64,13,46.470539451860034
-88.33157930601291,36.43124170155962,0,-1,2017,41,7,80,13,65.11324630181898
-91.90033993153864,35.93625591684888,0,-1,2020,317,55,37,8,43.04723445429594
-82.1029895999928,33.83287828878746,0,-1,2019,123,56,37,7,34.566060462452874
-89.72824384797478,37.55009697484367,0,-1,2018,194,10,71,19,69.0198049127241
-90.09010770729643,36.745618110032595,0,-1,2019,0,2,68,30,62.63212036250908
-84.8039687987343,37.70693737169648,0,-1,2017,113,10,73,17,68.83192812715961
-86.38129038987276,34.70960666968107,0,-1,2020,264,39,49,12,60.95230477544731
-87.7893560763832,37.568762035301845,0,-1,2019,71,15,64,21,59.49577475912179
-81.486456693423,35.30364000325844,0,-1,2017,40,38,50,12,59.339911486622405
-91.90757970236524,36.83903722552623,0,-1,2017,43,39,53,8,71.40977681216668
-92.67286226152963,30.040730155357515,0,-1,2020,80,28,53,19,60.689300536491515
-93.1258502475645,34.0138181147514,0,-1,2020,155,57,33,10,44.4535581707606
-76.78244032934512,35.63317540936007,0,-1,2017,79,2,65,33,63.91844874908669
-81.17652737423678,36.43105377821613,0,-1,2017,130,28,57,15,27.071263550737513
-92.44432022429535,30.763335952000613,0,-1,2019,64,41,47,12,36.64531990521327
-82.79532596499622,33.769985518007864,0,-1,2018,114,18,57,25,51.79116561025215
-83.85024817458067,32.7757499058667,0,-1,2017,131,47,43,10,49.993088604095476
-84.81188665358587,31.94450972177442,0,-1,2019,65,24,66,10,42.97653982108653
-82.24110653838875,37.45175527489387,0,-1,2019,79,36,52,12,42.166205916038074
-80.01303094952802,37.2306290942381,0,-1,2018,103,20,65,15,62.63982465147506
-89.64761188548424,33.40849930203474,0,-1,2017,80,41,48,11,54.442272377228846
-83.55148280532471,31.992377413179458,0,-1,2019,102,6,70,24,67.5587259586904
-89.28934162250573,33.791972652482755,0,-1,2019,152,3,69,28,70.47479116061375
-94.29603400996157,30.888323410872033,0,-1,2017,74,59,34,7,48.50938030727913
-84.45832860130007,30.3145614162394,0,-1,2020,45,54,35,11,37.778628968567354
-81.88451180717696,31.34002014522473,0,-1,2019,32,56,34,10,39.664172031120444
-80.20527719339732,33.359650519538555,0,-1,2017,252,32,56,12,51.55210678039729
-76.1213373632992,35.72337477629433,0,-1,2020,104,13,72,15,55.281590015994915
-88.79470945657926,33.12450309813193,0,-1,2018,137,50,39,11,35.797773102572236
-84.38184248211041,34.968488033628745,0,-1,2019,62,46,45,9,48.29921011058451
-83.05160197426501,37.49630934493993,0,-1,2019,18,57,37,6,33.440266972078525
-88.4243265974465,32.138121106087205,0,-1,2020,256,48,44,8,41.64827872252177
-81.0902689141709,33.83242344023445,0,-1,2017,97,29,59,12,66.64324078827852
-81.32032171456548,28.932293852281497,0,-1,2017,68,4,72,24,67.25871363968483
-85.1708523057003,33.4775891678373,0,-1,2019,192,18,66,16,57.89290439796988
-85.95293237781688,35.02404794870359,0,-1,2018,85,70,22,8,33.301564104589616
-90.52775122577587,31.04540735577993,0,-1,2020,305,50,40,10,40.57562639642516
-82.17356483116737,31.766839532420246,0,-1,2018,8,55,35,10,38.956712350408786
-77.53610881189975,35.06245808873818,0,-1,2018,107,47,43,10,45.13082709736014
-84.85772855540299,32.53625436594605,0,-1,2018,106,10,70,20,58.42020257863248
-93.14662842684862,29.855747599376848,0,-1,2019,83,26,50,24,56.7095480362863
-81.42531595964915,36.73278454446533,0,-1,2020,134,77,15,8,14.328099695856542
-83.44755948790767,32.107517099864886,0,-1,2018,90,24,48,28,65.76729857819905
-88.12566068302108,33.10727263195261,0,-1,2018,137,40,51,9,44.1867459173397
-83.23359993639016,36.11060338221037,0,-1,2017,246,38,54,8,59.25820898480073
-86.46559906365839,36.081438662571976,0,-1,2018,248,39,51,10,53.3153249215094
-87.32689891253989,30.72344823768506,0,-1,2017,244,34,55,11,49.16583728278042
-81.61205402251332,36.358108444762095,0,-1,2019,40,60,33,7,28.1850549971366
-81.69937561325365,31.06169197132275,0,-1,2020,200,32,56,12,43.75946442324781
-83.98319773012562,34.45949379095548,0,-1,2020,170,54,37,9,39.896168279676054
-92.01009014418896,34.06134162744861,0,-1,2020,73,54,37,9,46.079834919631914
-77.99932795504878,35.19884241907894,0,-1,2019,71,12,66,22,61.82421358188025
-84.23339767296366,34.196723749880896,0,-1,2020,134,33,55,12,60.903652057121406
-90.36227887205392,36.74080648360414,0,-1,2018,35,5,72,23,71.15849540922105
-83.73705562103187,35.380143040117886,0,-1,2019,120,73,21,6,25.03916340798673
-88.34308095107124,32.762450754224,0,-1,2019,91,23,65,12,48.607482724580436
-81.91220498766167,34.82249889103675,0,-1,2019,16,49,39,12,54.442915251559924
-93.2289757410855,35.71550531917971,0,-1,2018,66,52,39,9,36.67934364077958
-82.69364979579386,34.363623959774884,0,-1,2020,131,40,50,10,58.55304526583096
-81.93265157531906,32.525973011213544,0,-1,2020,71,27,60,13,69.76322597207684
-91.80731443170914,32.14396871720869,0,-1,2019,14,2,74,24,69.30673755281082
-87.75942230814701,30.60306835039558,0,-1,2018,106,17,63,20,62.69862660262768
-81.88849115372743,28.698108805124367,0,-1,2018,42,20,70,10,69.44140586434986
-81.15665136573871,36.47375955593293,0,-1,2017,37,70,24,6,43.43065895223237
-80.69604388962598,33.7078818764267,0,-1,2019,104,16,67,17,54.92963058029107
-83.17160305912851,37.004786225407805,0,-1,2020,282,73,19,8,23.520694285375775
-87.34103692087031,34.434603896607285,0,-1,2019,213,58,34,8,48.11245606413645
-92.59970975008677,31.811398257271456,0,-1,2019,156,68,21,11,24.306743015105134
-91.69875483909739,33.5663977985507,0,-1,2020,79,19,66,15,48.34121201350629
-91.85163929957345,36.41718489252859,0,-1,2020,246,24,64,12,61.9647837250642
-91.30273393664788,30.017536648615884,0,-1,2019,247,45,47,8,43.34620548053384
-78.83757655866646,35.08003254347151,0,-1,2020,244,55,35,10,55.3672610936667
-83.60211260313451,37.37400536853762,0,-1,2017,137,69,25,6,24.163954820109804
-86.1008121851343,34.137600771678116,0,-1,2018,356,21,68,11,52.35250562729532
-88.58315751649107,33.533179611986064,0,-1,2019,85,48,43,9,37.99646447688084
-82.17956974622943,36.42543440203768,0,-1,2018,21,74,17,9,20.450630812059455
-82.57373775649816,35.62270376881142,0,-1,2017,68,31,57,12,55.15056242856855
-76.43828710763795,36.78009271986259,0,-1,2018,194,21,62,17,46.14950041467558
-82.50251024510167,37.72462761925565,0,-1,2019,154,45,46,9,45.583700310037734
-84.68955184659629,36.348076704214634,0,-1,2018,78,48,42,10,32.55599881504888
-78.14452685677536,34.24745772838675,0,-1,2017,66,49,40,11,43.2329153914503
-94.4989402782582,36.36352239852961,0,-1,2019,78,32,56,12,56.20430171238965
-94.26264529346486,35.87806891310473,0,-1,2019,250,45,43,12,44.72000631861623
-91.08624351684969,33.29078639823007,0,-1,2017,279,30,58,12,54.90418368001366
-83.46560817285652,35.396539293197954,0,-1,2020,200,66,28,6,35.95782323671116
-81.4970038599458,26.784078758784684,0,-1,2020,50,20,68,12,68.67855450236965
-77.95946134098044,36.738610653304406,0,-1,2019,230,42,49,9,42.25054302752653
-86.16503106492273,37.60937969032926,0,-1,2017,248,13,73,14,60.37998657081917
-92.47463615507115,29.818067041937667,0,-1,2020,145,27,53,20,52.261955534494355
-84.59415163071264,30.092925948045693,0,-1,2019,68,54,40,6,40.23831997156511
-80.21715581641088,37.03142069652825,0,-1,2017,120,41,51,8,45.67126046438161
-88.71949903488895,37.67279582914189,0,-1,2020,222,11,69,20,59.55871141045647
-82.95598546148209,37.71121305873859,0,-1,2020,94,57,35,8,29.89069009773916
-81.05827360079911,27.50300502450394,0,-1,2017,250,29,61,10,63.02857424960503
-91.92234845657461,31.141381199411505,0,-1,2018,66,42,45,13,49.65237136200292
-78.15070942716166,36.42218591860526,0,-1,2017,276,31,52,17,56.83816124637164
-86.28888823072403,33.07360470783173,0,-1,2020,256,53,37,10,43.00242871811072
-89.28101037443514,33.00145363383229,0,-1,2020,108,49,41,10,37.64885842945172
-87.45678955642008,37.16951092629993,0,-1,2018,92,22,68,10,56.34153615231171
-92.26807403733343,30.721511808208103,0,-1,2020,38,13,71,16,65.36584595336348
-82.42327578745649,32.37777168977219,0,-1,2020,97,23,66,11,56.03390600315957
-89.3402366151522,30.50242074239975,0,-1,2017,122,24,67,9,50.61015007898892
-84.53020510985189,32.638935802259255,0,-1,2019,203,38,54,8,47.96549681038059
-93.75840470906488,31.364346905348686,0,-1,2020,320,37,53,10,35.68734079734614
-91.33753605283343,37.07744744802753,0,-1,2018,185,49,42,9,36.63535126169886
-86.3733511357138,35.391686290587124,0,-1,2020,106,52,38,10,44.490984852973114
-79.56946967049677,33.460391752042256,0,-1,2019,153,4,78,18,56.01562068012167
-88.72259546343034,36.00793390913295,0,-1,2019,71,56,33,11,55.800355450236985
-81.93060722747009,32.59824383905776,0,-1,2018,194,24,62,14,59.070647237689016
-93.78329052418616,30.068847277307928,0,-1,2020,103,16,68,16,67.49898283660207
-80.65311940624994,35.70411051279622,0,-1,2019,70,12,72,16,67.09724553262909
-79.41344168879434,34.65521393896798,0,-1,2019,59,20,69,11,69.94224161762968
-86.2476877186025,34.10511068394032,0,-1,2018,73,42,48,10,50.163908200347585
-92.83117779501116,32.6709317331002,0,-1,2020,322,53,35,12,40.38356867779205
-83.62027367125378,29.88659139035272,0,-1,2018,121,36,56,8,59.813865648606914
-84.53865555788747,35.40703995389126,0,-1,2019,353,32,56,12,63.12390656161761
-80.68731046380155,37.03818533707091,0,-1,2017,65,54,31,15,41.52081307369372
-86.33465286814274,31.463308501336467,0,-1,2017,77,33,56,11,37.06469960895842
-77.1186973330063,35.74260630124386,0,-1,2019,260,29,59,12,60.136857278256045
-91.44088466852646,30.149662575687337,0,-1,2018,346,49,44,7,41.315292723862186
-82.03771885067924,34.43993635266805,0,-1,2017,6,28,43,29,54.08306185709491
-83.29389488822758,33.33845060224894,0,-1,2018,102,14,70,16,53.87254882600368
-83.27015919867952,35.961356463900444,0,-1,2018,65,41,50,9,51.02282960739393
-88.39349378041547,31.451479758992747,0,-1,2019,75,29,59,12,43.713484588195804
-89.94693630966496,31.069287122464345,0,-1,2017,32,59,32,9,40.318568692114766
-91.40352552938323,31.004112144462123,0,-1,2018,32,58,29,13,35.60234229964057
-80.18612147544863,34.26454053819392,0,-1,2017,56,14,67,19,67.11489554950046
-81.97488566460046,30.760652849353836,0,-1,2018,304,12,66,22,53.5120954138636
-88.45208686061812,34.215923636214534,0,-1,2017,296,35,53,12,49.025511916750574
-91.7816966995955,29.793464592966615,0,-1,2018,75,48,40,12,43.56595316140753
-90.92426370053327,31.10026635724947,0,-1,2019,110,53,35,12,36.57252044081054
-93.52828065862515,37.490217621584776,0,-1,2019,42,39,50,11,55.10354497876963
-88.10056541956772,32.06183324620507,0,-1,2018,107,50,37,13,35.25920676977427
-92.93559589543956,37.45886576281264,0,-1,2017,68,31,61,8,66.60116497186297
-88.03600482110805,30.993541481448297,0,-1,2020,259,46,43,11,48.0816121006279
-86.44128657454418,31.99597037524874,0,-1,2017,258,45,51,4,43.291414919243365
-79.7530395459417,36.47110613463422,0,-1,2018,23,38,54,8,54.66604127579735
-76.44582825051972,35.440425732911926,0,-1,2020,107,16,63,21,51.23289953975559
-83.49941114280554,34.85025746798555,0,-1,2019,90,75,15,10,29.05526804803486
-79.25705847098837,36.18450324301843,0,-1,2017,94,33,52,15,57.493976617426334
-89.8572724169664,33.77877336686881,0,-1,2019,276,53,37,10,47.8223293109237
-85.46415351533881,37.44278389232744,0,-1,2020,41,66,27,7,39.6356114610691
-78.65300882278895,34.36168880099655,0,-1,2019,145,43,45,12,52.580163526484164
-83.75127313618604,33.343301200539386,0,-1,2018,111,24,49,27,54.65514177395154
-83.57410368360264,33.70343720383226,0,-1,2017,132,30,57,13,55.89729665685906
-89.95643226894435,35.59374149759601,0,-1,2019,352,17,65,18,64.99790654500929
-87.9410547277878,37.65056232840168,0,-1,2017,78,9,76,15,74.06213718753702
-81.49830493600284,35.94677919960774,0,-1,2018,121,53,38,9,51.077524584337105
-91.84503401913166,37.149559093925106,0,-1,2017,285,4,80,16,65.87541721801986
