lon,lat,label,cause,year,doy,vcf_tree,vcf_herb,vcf_bare,vcf_herb_2km
-89.43506373179642,31.796705022240484,0,-1,2019,138,46,42,12,42.526094425685656
-79.7759608530851,34.26192566059892,0,-1,2017,93,29,59,12,53.99383788908203
-86.90041763251399,33.12406272956388,0,-1,2018,124,4,78,18,62.08879981043401
-85.12542395065844,31.369727609267617,0,-1,2018,77,2,68,30,66.92274728963844
-80.972741643883,28.84736970752684,0,-1,2018,142,30,61,9,51.259083010820625
-79.91807312658604,35.70545627044364,0,-1,2019,79,39,50,11,51.54118859362305
-91.05877270789748,36.99487361446917,0,-1,2018,71,51,37,12,41.2852460311192
-90.86246728098864,30.078948438624728,0,-1,2020,275,3,73,24,71.35022539689454
-92.64082694287065,32.35140820208239,0,-1,2020,61,51,39,10,45.133281987479485
-92.89811319971919,35.8949706696527,0,-1,2017,110,26,64,10,41.52974744782104
-81.29821411672752,33.7234021538656,0,-1,2017,285,35,58,7,55.0863924488063
-83.74909208919014,30.564185854705183,0,-1,2018,120,49,43,8,59.21001401804576
-89.82545361743517,32.66398718191301,0,-1,2020,68,48,39,13,43.38633940207735
-87.71128103528878,36.52425266676682,0,-1,2018,233,46,46,8,51.24962967352018
-94.00469922595063,37.186579188863455,0,-1,2020,296,15,71,14,71.08757380092014
-92.96994607035425,32.97064197213126,0,-1,2020,42,34,54,12,35.872416039803355
-77.27598788376662,35.248594937556035,0,-1,2019,36,12,67,21,65.67300590477319
-91.34802017023979,31.973202436205483,0,-1,2020,9,41,46,13,57.70744670341614
-88.22594081092566,31.430904821208244,0,-1,2019,17,56,27,17,33.01656825766702
-85.37264999018575,37.12049124749649,0,-1,2019,74,32,58,10,60.54398815399803
-80.9127827059542,33.5553519941486,0,-1,2020,205,47,42,11,52.75168845531024
-82.96345802136103,29.281516149720535,0,-1,2017,80,57,30,13,38.06736825478311
-92.26006942680696,34.08758763124203,0,-1,2017,14,50,43,7,35.02985369320988
-93.2413386171716,36.912670679122456,0,-1,2019,106,39,49,12,48.954494282159175
-82.39451406124263,31.412899079881296,0,-1,2017,310,16,70,14,64.69981438331817
-93.5902709470081,29.92053979115169,0,-1,2019,78,24,59,17,57.117464141640525
-83.66226725089311,33.00848349670933,0,-1,2018,127,47,42,11,41.93119112041553
-75.4626948030265,35.545376149954535,0,-1,2017,60,,,,45.40756697477675
-92.1293314381556,33.42038476291063,0,-1,2017,336,57,39,4,43.40214450741495
-89.4195333056715,32.245616384749525,0,-1,2020,34,56,33,11,37.16110178694836
-91.424161565477,36.03511214705673,0,-1,2020,138,36,56,8,50.27138992555732
-90.97324553148424,31.669367086909965,0,-1,2018,232,55,32,13,33.70733200371238
-83.92918271884349,31.4090915069725,0,-1,2017,102,30,57,13,64.92874439283871
-86.91985710261952,35.95552518743856,0,-1,2017,122,24,67,9,69.9117960666614
-84.44163086864923,36.8548605579404,0,-1,2017,31,73,19,8,23.29857436221467
-80.35080659121331,32.85302506420869,0,-1,2018,57,54,36,10,31.756946227216197
-76.35918469835613,35.772676815108674,0,-1,2018,120,1,76,23,68.4647039077464
-88.2157994156124,33.508858564663775,0,-1,2017,291,59,29,12,34.27876944949056
-79.56857884577256,37.72311743075924,0,-1,2019,243,23,64,13,36.13097048079769
-85.36315654571888,31.338483552870024,0,-1,2020,9,2,75,23,72.46483295158359
-88.26631893163136,31.45174282150776,0,-1,2018,9,36,54,10,48.581459176621564
-80.53284083814316,37.777936685816556,0,-1,2018,113,66,22,12,26.481210134481326
-86.43510753537862,32.76171953299225,0,-1,2020,109,52,38,10,44.73847095767584
-80.38422529988665,27.340144432969893,0,-1,2019,83,11,63,26,64.6910667035267
-77.38888525179826,36.30473868287526,0,-1,2020,78,13,69,18,54.28762984320075
-90.90234004716358,36.29110992105913,0,-1,2019,102,5,78,17,56.06269623427657
-90.25004978028247,34.36371864627736,0,-1,2019,22,12,67,21,67.91666666666667
-85.68631490265561,35.27053876800606,0,-1,2020,158,64,23,13,29.697809901850434
-80.51267222083189,26.466347662631073,0,-1,2020,78,20,77,3,66.75980334083643
-90.23666217943952,32.919078598203505,0,-1,2019,77,57,32,11,34.1093580300547
-90.64603994700934,36.41402936722476,0,-1,2020,108,1,65,34,63.999743306215954
-86.90180587714191,32.73706167113325,0,-1,2018,64,33,62,5,50.197622526756426
-88.01905514400686,31.38020936390678,0,-1,2020,71,59,31,10,36.02053671925911
-92.30198590138035,33.435036378093415,0,-1,2020,5,44,44,12,43.98609822080924
-89.53305250782405,35.06086959632177,0,-1,2017,37,52,22,26,47.7151178863394
-90.25857785629071,31.428001327014915,0,-1,2018,181,52,40,8,45.77475467451178
-86.33659001133772,32.86148421341968,0,-1,2020,4,39,49,12,42.52599146784643
-90.5229087575975,31.117213804838002,0,-1,2020,37,57,34,9,38.41133841475455
-83.90054565562914,30.6082120865515,0,-1,2017,218,54,43,3,45.167988865692436
-93.4360474278941,37.51508615401322,0,-1,2019,14,27,61,12,61.08139488961728
-85.41625790438455,37.45656221403293,0,-1,2017,130,25,63,12,51.32332267108954
-93.56903920823326,30.289568749260685,0,-1,2019,44,52,34,14,37.41343495774426
-78.922403824897,33.8017964517962,0,-1,2020,2,54,36,10,38.23531270364739
-82.46546012288287,32.573108697415,0,-1,2019,9,57,28,15,42.43552018326881
-82.08081340444704,36.71168884630001,0,-1,2020,335,18,66,16,49.62593068035942
-78.48360851322079,36.66256143592742,0,-1,2017,76,30,60,10,56.56361190313642
-81.45658575023474,34.286843986524254,0,-1,2019,296,50,37,13,41.837769528473274
-77.49236914955081,35.61102140883572,0,-1,2017,318,27,60,13,56.817923354853974
-87.53176801617907,35.005161355808035,0,-1,2020,42,17,70,13,57.135336861227366
-87.74553143616387,32.81054879804818,0,-1,2019,107,62,27,11,39.83321307300508
-84.40675845912564,36.932422406514924,0,-1,2017,269,66,27,7,25.779627835634127
-80.11214119171647,26.34074597204565,0,-1,2020,143,7,57,36,59.279673063255146
-92.45985229761988,32.09450496396621,0,-1,2019,80,51,37,12,34.02565165876776
-86.51899540365932,37.090489122816535,0,-1,2020,13,55,35,10,39.95863607644921
-88.85579985311335,36.499508421928844,0,-1,2019,61,13,69,18,69.55799348276885
-90.35492146680659,35.1838198608609,0,-1,2020,310,8,54,38,68.97964261032676
-84.52545341887871,34.307178777944145,0,-1,2020,117,28,59,13,45.515810471845306
-87.56216819324155,36.03876339133736,0,-1,2017,65,64,30,6,38.61404651897484
-93.56660225223546,37.01787638648096,0,-1,2018,4,14,69,17,63.176540284360186
-84.24160783550505,37.833563272330785,0,-1,2020,125,30,50,20,57.26745265319826
-78.22522866240534,35.197171213229254,0,-1,2019,279,2,67,31,67.67719194312792
-83.12756538800039,30.629207785400393,0,-1,2018,315,32,57,11,53.41546695104369
-82.75944454674656,31.139432206031202,0,-1,2018,174,53,43,4,40.70706711687696
-82.14696217745632,36.90882228979659,0,-1,2018,137,27,60,13,48.73495379511886
-82.19635034303593,28.27225615547472,0,-1,2020,121,13,59,28,71.86402227136314
-82.80090266373891,30.235847291697986,0,-1,2020,227,54,40,6,53.27324961497451
-90.3199650470417,35.0568001862866,0,-1,2019,83,1,75,24,64.84292314983017
-91.37169671239519,34.3241999220423,0,-1,2018,260,14,67,19,62.90146324124721
-84.69226480705235,31.57981253074118,0,-1,2017,277,47,43,10,55.97922877959207
-80.29565617059082,35.90137095851753,0,-1,2019,73,33,55,12,60.84041461006908
-93.15072110818178,35.12372969578643,0,-1,2020,3,10,70,20,65.69307478130372
-87.6353835737253,32.42446181035376,0,-1,2017,90,30,58,12,65.14976007582788
-83.57462831148612,30.326632834149013,0,-1,2017,255,28,60,12,50.10092612705119
-84.75817691474877,32.174104372120645,0,-1,2018,98,49,48,3,38.35942252241576
-91.18308799031473,31.17480145849404,0,-1,2020,246,59,33,8,37.78483137192957
-80.89349278571069,33.598136598826315,0,-1,2017,77,39,54,7,57.78317674984543
-93.64112439602539,30.31816443774492,0,-1,2017,159,60,28,12,39.205670958060175
-84.46434159528262,31.312054979663657,0,-1,2017,325,31,58,11,50.84446945464596
-77.62069052825244,35.503811540989055,0,-1,2018,73,4,78,18,65.49022396018486
-81.83815437563882,34.379501343956996,0,-1,2019,177,16,66,18,59.02031910272103
-87.396097574516,30.86436330681717,0,-1,2019,286,61,28,11,48.129637307745476
-86.20236093331393,34.290140295226266,0,-1,2020,12,27,62,11,63.1983730526981
-90.70252446002254,35.4505513953421,0,-1,2018,7,41,47,12,43.38326817517671
-78.43479977046627,34.146584318217386,0,-1,2017,64,49,43,8,41.70695782656766
-91.29892820261242,32.44725591934241,0,-1,2019,325,1,62,37,63.8878574814346
-79.43074245157239,33.28568446159396,0,-1,2017,90,51,37,12,48.41515283152991
-90.66205948374994,36.66508959158273,0,-1,2020,47,18,69,13,63.02662347922263
-91.10088304401461,30.441582846309107,0,-1,2019,63,12,74,14,63.9792464752577
-88.32742933875213,32.59050362976641,0,-1,2020,60,56,34,10,36.481657716000626
-80.88763474970759,36.16860223979757,0,-1,2017,244,63,30,7,52.344568179125694
-93.40054706634183,31.005881088903223,0,-1,2018,18,47,41,12,32.02551090927041
-90.76895810945179,33.01654841350933,0,-1,2020,183,7,59,34,63.52053550272492
-80.47318394897052,26.349765315616747,0,-1,2018,231,17,63,20,60.746332313160245
-92.67667483609254,31.49019436747591,0,-1,2017,276,1,80,19,70.2817877725386
-81.06287743379251,25.209752987272235,0,-1,2018,69,25,63,12,61.112799509309305
-90.61391647417031,30.698274471738024,0,-1,2019,73,42,49,9,54.231484589412986
-77.05750779298162,35.7145007667844,0,-1,2018,284,24,65,11,47.1030642868425
-89.58683793076764,29.7586188671559,0,-1,2017,268,20,57,23,50.71731654897143
-79.9871902029392,36.71116166851948,0,-1,2017,246,42,48,10,49.2825769245961
-81.69518385562662,28.07756059206593,0,-1,2018,263,26,61,13,62.04020875645935
-90.68087281745498,37.67593284929754,0,-1,2019,66,25,63,12,47.65363194691316
-93.43621135061503,34.86206765057668,0,-1,2019,105,55,35,10,34.11853329120922
-86.06151869650326,31.439258191111797,0,-1,2017,92,32,55,13,54.42636255924172
-90.48525895984702,32.59916551795893,0,-1,2017,112,60,32,8,30.874666771983183
-91.04373367224038,30.17751658421282,0,-1,2020,97,21,65,14,71.58984637257616
-89.28097575917802,30.841608375883574,0,-1,2017,226,18,66,16,37.78617407787693
-93.75148024996804,31.993015077718294,0,-1,2018,126,58,28,14,39.99277265456845
-81.21508136541573,34.563935732672675,0,-1,2018,67,49,41,10,42.61847405418211
-78.16077825453264,36.52365750962812,0,-1,2017,102,45,45,10,48.038131158547415
-81.68039311162099,33.91666452066278,0,-1,2017,326,53,36,11,51.328949706770906
-88.7625796813304,34.41512404729524,0,-1,2019,74,17,68,15,67.8610529641771
-78.23785811356163,34.999003680962645,0,-1,2019,184,25,62,13,57.73568847376631
-92.4622296484971,32.04069755468903,0,-1,2019,258,19,61,20,30.94774984696195
-86.54786588987999,35.15439635130765,0,-1,2018,39,23,67,10,59.75343060793331
-92.70256008283336,31.3740915581195,0,-1,2020,61,8,71,21,66.86369978251057
-89.59754098160244,34.553694863460876,0,-1,2018,130,50,39,11,42.36731211808586
-90.64180977579929,31.231053466381923,0,-1,2018,249,52,36,12,45.20955258065789
-85.42501441330819,35.94839209023954,0,-1,2018,20,28,57,15,56.896182633252366
-84.93395848720961,36.38001258498564,0,-1,2017,186,20,67,13,50.31291590150661
-84.19770824094833,32.04423670168876,0,-1,2020,13,38,52,10,59.88440801816923
-78.31426131937599,34.574024130876815,0,-1,2020,96,45,43,12,44.325698489485625
-81.19019626263388,32.38527807529687,0,-1,2017,67,56,34,10,37.33833547240596
-86.13203313574553,30.342295875879316,0,-1,2019,339,32,56,12,47.01691591561851
-88.24633174965061,36.81981522307289,0,-1,2017,287,36,57,7,62.97754916673252
-82.85805378220877,37.547485310456636,0,-1,2017,80,60,30,10,36.391378186773046
-75.86435117118593,35.661106849162046,0,-1,2020,18,59,30,11,34.10033761772196
-77.54233189942669,34.990577880077986,0,-1,2019,167,46,42,12,60.31013170625749
-77.2565813973672,36.010642706944196,0,-1,2020,194,5,79,16,48.71163415212068
-83.33765568714705,33.135458454817865,0,-1,2020,115,49,39,12,41.95033864502495
-93.36845976259035,37.165493497393946,0,-1,2018,337,17,63,20,66.76564783003593
-88.4565410140624,30.43631642017246,0,-1,2018,197,33,59,8,45.90358376937505
-91.3274418014279,33.238102360990574,0,-1,2017,201,1,76,23,69.82783087494684
-89.0835889530331,35.74293453706632,0,-1,2019,324,3,72,25,72.10345168042336
-82.92037920493064,31.784404527418385,0,-1,2019,358,44,37,19,39.6690427296422
-91.86044745324871,32.76532623403582,0,-1,2018,63,11,71,18,55.43767646652315
-81.3841473833199,26.55665047343936,0,-1,2020,11,36,56,8,55.43572528731094
-81.8445344142556,35.97070335105574,0,-1,2017,83,73,21,6,21.81069926341357
-89.90692921301961,37.326706434279075,0,-1,2019,235,52,37,11,44.74683069389042
-92.35248402319749,29.768939577303016,0,-1,2019,50,25,52,23,55.0485218318621
-83.22313430057886,35.83913319506787,0,-1,2017,126,17,65,18,50.37678955786812
-92.05832294333922,34.40320712240716,0,-1,2017,34,4,61,35,59.072544990348085
-90.61965943320507,37.41406479974538,0,-1,2018,252,54,39,7,36.08696010041772
-93.22468960604935,34.3026265238427,0,-1,2017,79,36,52,12,50.40023246027133
-89.87141952752745,36.511042120273366,0,-1,2018,261,1,70,29,70.3170543860342
-91.06393369916455,36.744841414620645,0,-1,2017,82,62,31,7,31.791741543079443
-86.9700573269203,31.76020660541414,0,-1,2018,164,60,26,14,40.10439744880832
-81.16283100377123,29.17568558899228,0,-1,2018,328,37,55,8,45.37452856405572
-88.91836078346257,36.315226376426985,0,-1,2017,153,20,68,12,72.83681165715639
-83.64866474578254,33.44061845925132,0,-1,2017,131,56,33,11,45.055182625863786
-84.32471968551184,35.925995670197636,0,-1,2017,66,6,60,34,49.05284464543139
-81.51914715086201,27.191444205227345,0,-1,2018,2,22,62,16,69.2413119026933
-89.44481178107189,35.05597487685051,0,-1,2017,103,9,71,20,58.636449797610815
-79.42107761859668,34.6199925549381,0,-1,2020,293,6,80,14,58.46724063030687
-92.89431076647371,36.26117434320254,0,-1,2019,71,60,31,9,42.78671722258429
-90.02699266564727,37.39527157196762,0,-1,2020,73,50,39,11,44.10453567126752
-79.50218534524741,36.72651061398145,0,-1,2018,108,14,72,14,62.7202179965642
-91.14896046871395,34.02847429882483,0,-1,2017,95,59,25,16,32.31755531374683
-91.95880267121993,31.043727452349287,0,-1,2020,0,3,75,22,72.28356470053909
-86.58082261851796,31.809308496373088,0,-1,2018,135,56,32,12,43.55685027551201
-86.86874180878496,35.727293109961394,0,-1,2020,356,12,68,20,60.603277717444975
-82.50937105983836,32.75949422331575,0,-1,2018,169,22,65,13,55.10249131513649
-91.05856045991236,35.10809065042587,0,-1,2019,143,9,48,43,47.73026119179963
-78.92398127504406,36.744742183297774,0,-1,2018,11,33,55,12,54.03573826165937
-89.08940274190437,31.982943031302845,0,-1,2018,195,58,28,14,28.193692359341988
-76.42524706209464,37.57110413310775,0,-1,2020,297,37,53,10,51.850377649987145
-81.57487162254016,37.55443228602573,0,-1,2017,291,74,16,10,21.24667785566195
-94.09062367517146,29.804205652857608,0,-1,2020,60,28,62,10,62.19170319472416
-82.33154103266827,32.84680956141712,0,-1,2017,11,65,22,13,39.796655016487975
-87.54992141645035,37.856902167117994,0,-1,2019,265,4,78,18,70.62219325789438
-91.34968160147612,33.77687894152764,0,-1,2020,127,4,78,18,67.05734979814771
-79.16424773608072,34.26488358411553,0,-1,2018,146,40,50,10,59.141610566007934
-88.96760954682583,32.883704768124964,0,-1,2020,227,55,36,9,45.22803310094206
-94.2314642854383,29.99589237234724,0,-1,2020,254,16,69,15,69.98254309919236
-84.8530107879644,36.84884470533831,0,-1,2020,238,17,62,21,67.0206592798878
-79.3016678518364,33.37591866016899,0,-1,2018,75,19,67,14,59.37999031925417
-83.33248068099425,35.72474877524755,0,-1,2017,55,70,17,13,23.60372440214064
-90.11406887146198,32.10418935221233,0,-1,2020,14,38,51,11,46.15014908279526
-83.96760966906491,32.71599199368845,0,-1,2018,8,36,52,12,60.61212803348932
-88.20924393588875,36.52186234828664,0,-1,2018,83,24,66,10,55.89058921096281
-82.63050317956562,36.70231866583849,0,-1,2018,35,51,38,11,37.30192516536677
-78.84806652600015,35.581112393028874,0,-1,2020,289,3,75,22,62.573849496346014
-90.5528550047665,32.39583906767613,0,-1,2020,40,47,40,13,42.31471464170666
-80.89688610576893,32.39161416094678,0,-1,2020,26,52,39,9,40.439852929422116
-84.84046221757603,31.89312865536212,0,-1,2017,104,56,33,11,42.41748454748316
-88.45180219458297,32.75174379882232,0,-1,2018,264,34,48,18,36.499703814864546
-86.80749567562661,36.8796995844095,0,-1,2020,85,15,71,14,56.89187481488798
-90.69288200127622,33.506437422361984,0,-1,2018,59,,,,70.18093998355712
-76.87395725822269,35.2287523522548,0,-1,2019,97,71,14,15,31.594506536076775
-76.7894977743492,35.91696599330094,0,-1,2019,144,51,41,8,44.96762861225786
-82.8450317481122,31.33114763183452,0,-1,2017,68,13,75,12,65.04649831184474
-86.49223457084184,33.99059623828024,0,-1,2020,40,29,59,12,49.07526605721959
-84.77126028668648,34.66447240409528,0,-1,2017,110,41,51,8,46.90612905773636
-93.41829272345356,30.114926972471512,0,-1,2019,78,39,51,10,57.40273334123312
-84.23792189926013,31.04369543056366,0,-1,2019,296,7,72,21,62.84094544162077
-93.96877866466683,30.549827325266254,0,-1,2018,84,70,22,8,36.25133278047625
-80.42401581380524,35.719244831954356,0,-1,2017,90,30,59,11,52.43027848305319
-89.57621698319406,31.75988639878428,0,-1,2018,304,39,48,13,42.94184783681853
-86.24914703744639,33.39437786610277,0,-1,2018,347,47,43,10,48.72277736087524
-76.40371795051456,36.30014993405472,0,-1,2019,312,12,65,23,59.43504531722056
-90.62338353439293,30.554519873501892,0,-1,2018,102,24,65,11,43.01524426365467
-81.85526045669866,30.536019975729623,0,-1,2020,92,28,61,11,50.26944949056158
-77.2104753747627,36.01239115628186,0,-1,2019,141,51,28,21,33.72875533091138
-88.99991168447207,34.46552049344258,0,-1,2020,63,12,71,17,54.93179304897314
-91.30493187059864,35.064502021161886,0,-1,2018,67,20,53,27,46.78710505529225
-89.16437073609949,30.97873515148734,0,-1,2019,80,63,23,14,30.167199778857178
-84.88823940565334,34.77471858954603,0,-1,2018,70,37,55,8,52.9850675138999
-80.8323655451622,36.44186741864539,0,-1,2020,137,44,46,10,39.235366142665285
-81.22698057668109,28.40700206805626,0,-1,2017,95,23,65,12,59.81076791345569
-94.13813066038027,31.37133028961059,0,-1,2017,80,58,30,12,45.29888643184329
-81.63475962721272,31.12604540263451,0,-1,2020,166,31,56,13,42.2011058451817
-87.38862296668874,33.11697507464699,0,-1,2020,32,56,33,11,42.134293276447785
-92.40438657347248,36.872753818329116,0,-1,2017,26,34,51,15,41.66324293361251
-87.61065149809474,35.29791707098868,0,-1,2019,212,54,38,8,41.64150310019352
-76.55977169083549,35.61458621419159,0,-1,2019,123,51,39,10,51.943445034655696
-93.19169408448806,35.214116173800164,0,-1,2019,63,13,70,17,57.72555292259082
-81.13439905856022,36.47098013806597,0,-1,2017,85,36,54,10,50.82536485178819
-78.9037932392366,36.13390128730645,0,-1,2019,65,26,61,13,50.53865414710484
-82.8791910654266,36.58568471933164,0,-1,2017,44,54,40,6,39.99026634286953
-84.72260324465132,31.21188639308724,0,-1,2019,353,42,47,11,67.44969689789308
-90.79462539378882,35.731979916709676,0,-1,2017,85,3,51,46,65.97865281699882
-89.38797998116695,33.52846415308746,0,-1,2020,41,54,37,9,38.68389249817343
-85.06054100518392,31.300034020475863,0,-1,2020,41,50,39,11,49.27186901305522
-83.56013478107921,31.386469914619116,0,-1,2020,317,45,45,10,62.930334504956356
-85.10371625469482,30.036179304405103,0,-1,2017,122,64,25,11,28.99166988358154
-79.60881672880437,35.045989620341764,0,-1,2019,34,32,58,10,54.48136590760966
-86.74365647473097,34.27170614227445,0,-1,2017,325,16,61,23,61.74823269223173
-87.25282931997168,33.75412727469332,0,-1,2020,92,56,34,10,43.14410678672274
-84.77335761385724,37.07509167047868,0,-1,2018,203,31,53,16,67.07861529651059
-91.68920166824665,37.48354959726069,0,-1,2017,44,61,33,6,39.44750508461188
-82.32120652398936,33.343462914894786,0,-1,2020,16,40,48,12,56.23502577166888
-81.9991930606114,27.60540242610404,0,-1,2017,260,46,46,8,61.73012132862074
-89.51286106065656,33.463785565763835,0,-1,2018,335,51,38,11,38.550113557815735
-81.45658829286607,37.80205929761973,0,-1,2018,96,72,18,10,15.041326067211628
-92.16890971321095,35.051121534394575,0,-1,2019,314,18,68,14,55.8676104726928
-84.25924848048012,30.166304079590336,0,-1,2019,108,47,42,11,39.44831944389591
-90.05499754542765,35.9030073629789,0,-1,2020,160,8,72,20,59.98441973894674
-94.28544878330743,37.34260761830026,0,-1,2020,91,3,72,25,71.42040405237275
-82.31155800802969,34.707558079509454,0,-1,2017,260,21,64,15,62.288735314443684
-79.87851951386376,33.93140369671129,0,-1,2018,253,40,49,11,57.589927915473496
-83.4500741018996,33.99689262515068,0,-1,2017,319,30,59,11,53.89390737632073
-86.8119792794476,30.907673019126324,0,-1,2018,129,53,35,12,44.4629161565499
-90.00733983785777,37.07240494859276,0,-1,2020,238,0,74,26,75.171217595609
-84.36680119418118,34.40849103494879,0,-1,2018,116,16,49,35,38.4394265516084
-82.37184434379084,34.93141428820712,0,-1,2018,85,47,42,11,44.25958614698101
-94.22318394629862,34.69781204367007,0,-1,2017,141,55,37,8,34.84902231878332
-86.42149047205938,37.3159850556938,0,-1,2020,99,54,36,10,43.52680740140997
-78.00766607860128,35.16373696367156,0,-1,2019,237,19,67,14,66.78642943186087
-85.24569644507079,34.43928150827087,0,-1,2019,24,28,59,13,47.71727024999013
-81.67081346505675,31.521583201819915,0,-1,2017,70,56,32,12,42.503365973072206
-93.30703013743133,31.29143221001967,0,-1,2018,312,58,30,12,36.355494125777454
-85.28320631588515,36.78921834662794,0,-1,2019,254,65,26,9,35.16081513368352
-80.42686214454795,25.936721963133117,0,-1,2020,140,31,63,6,51.134584263678626
-84.13601916791828,33.75388123846404,0,-1,2019,281,26,64,10,62.02450341586697
-93.02495112491087,34.65557329247214,0,-1,2018,217,43,47,10,49.48194364917958
-84.71163386498881,30.531389463251593,0,-1,2017,3,60,31,9,53.8793253278559
-79.82704637410852,35.022101902161126,0,-1,2020,193,22,66,12,48.69564530463118
-87.96559441394047,34.039559002809575,0,-1,2020,175,44,45,11,46.937913973346085
-84.931894781021,31.386799460315466,0,-1,2017,18,20,67,13,67.47635302756666
-92.72632477703641,36.5068126953587,0,-1,2019,55,50,37,13,44.35841779975276
-87.78322184871638,31.408146720021332,0,-1,2018,80,61,26,13,34.99099632744935
-91.3288902115906,30.83891273444868,0,-1,2020,235,22,59,19,51.320077403048714
-85.95398838002829,33.998972528379106,0,-1,2020,258,33,56,11,60.19466129950394
-81.33916398149223,28.001224601579878,0,-1,2019,248,37,55,8,57.66406651131562
-84.32610343932772,33.72826551239186,0,-1,2020,115,24,63,13,61.017772511848335
-87.84918778196713,36.712908481458705,0,-1,2018,21,59,33,8,38.09002231305413
-81.1859238754135,26.712459660303637,0,-1,2019,214,20,67,13,65.67130022707079
-82.56221661874798,29.706025751046308,0,-1,2018,144,31,61,8,56.46938815815459
-83.0847924827675,29.369018211120387,0,-1,2017,125,44,53,3,44.864448638663546
-85.94405467556822,31.6996906737805,0,-1,2020,42,49,41,10,51.885827178882465
-90.67448737795658,33.1378071880914,0,-1,2020,50,1,74,25,71.71601697869464
-85.18715268925455,33.59628149549866,0,-1,2019,59,46,44,10,49.38488271068637
-91.9394883907291,36.250411317499896,0,-1,2019,69,14,63,23,53.88959090191121
-81.78112709437502,26.593639657839745,0,-1,2018,1,12,71,17,69.14529121421519
-80.9257357107645,25.66071994940204,0,-1,2018,330,8,50,42,49.591188261547885
-91.88204055761966,30.482594302443303,0,-1,2018,124,17,58,25,57.91217123449962
-92.69654140410627,35.12973466801103,0,-1,2019,44,8,70,22,66.16047648136838
-83.41916674788878,34.39060793631957,0,-1,2017,22,35,54,11,50.536703860965766
-87.20520194838711,36.497085474863894,0,-1,2020,12,14,69,17,66.70553273833026
-89.28215784622833,32.480304743045956,0,-1,2017,231,61,27,12,36.717349235812165
-77.98118618997646,33.99419404579491,0,-1,2018,190,52,38,10,48.76802179793471
-82.64192577840385,32.104956038918715,0,-1,2019,71,23,71,6,54.44427106994014
-92.3714028049876,34.511828444999125,0,-1,2019,171,46,44,10,42.190391564480784
-86.47427118071109,31.719070025016574,0,-1,2017,349,63,28,9,40.963562753036435
-93.6925977036746,35.87730565931081,0,-1,2019,80,47,46,7,39.45630492742175
-90.62209932758473,32.47999778061491,0,-1,2020,281,53,36,11,38.20603798917979
-80.72619001380424,27.987552323608334,0,-1,2020,70,31,66,3,65.80957551826262
-82.82568179021007,37.53495330242616,0,-1,2018,10,55,38,7,36.56263575688164
-84.28095733289135,32.13435241854823,0,-1,2018,73,55,33,12,46.71744238857845
-81.49566246048174,33.0781233968236,0,-1,2019,123,2,73,25,52.99160808782878
-82.09295538365487,35.97310608337571,0,-1,2019,306,64,30,6,29.425383597622385
-80.14662289714296,27.138645863650297,0,-1,2018,91,,,,35.40686695278971
-90.73976205113686,33.45478611447322,0,-1,2019,341,2,68,30,65.56488338566659
-78.46644950034019,36.83254876528742,0,-1,2019,96,57,34,9,48.45049172558157
-84.04957425230292,32.24560451650487,0,-1,2020,127,57,34,9,43.98144398065876
-81.12581379053054,27.466719199188603,0,-1,2020,31,19,69,12,71.95779599091537
-80.57492316550355,36.91524116066101,0,-1,2019,290,59,34,7,41.241563826636394
-89.58100529218821,35.54709949878306,0,-1,2020,228,15,69,16,73.34611206573048
-86.2965704192053,35.20574265387706,0,-1,2017,70,32,56,12,55.38444149487741
-85.00324800685958,34.66861835652596,0,-1,2017,131,18,59,23,47.04503988626491
-79.7598430519402,32.96959300743365,0,-1,2020,313,53,38,9,38.53301346601905
-86.51550956832669,37.65520010761807,0,-1,2020,295,12,72,16,58.05754571665546
-86.28804798191202,31.937694989705275,0,-1,2017,176,28,61,11,44.730747745590946
-94.24890404542762,36.95828381358911,0,-1,2017,219,40,53,7,58.65823559609843
-89.99017716259918,35.872900170206705,0,-1,2018,103,6,73,21,68.14399399695897
-86.33505968880263,33.050512718529205,0,-1,2020,112,58,30,12,34.0066929911155
-83.5352311388203,34.49336420389145,0,-1,2020,16,19,66,15,55.20317497926788
-92.75885759265606,32.07656350726758,0,-1,2020,269,39,50,11,39.84726583328397
-85.08136891774112,37.39087729414171,0,-1,2018,80,18,70,12,44.07355118965348
-93.20950781679501,33.200827797042585,0,-1,2017,85,24,57,19,45.10018164586954
-90.71549465714244,35.26321435967031,0,-1,2017,84,50,43,7,56.3859143246499
-84.97385115067233,32.86353266105271,0,-1,2018,96,46,43,11,50.55148786604269
-83.87407407754321,32.127297107188916,0,-1,2019,56,5,81,14,61.853021896657246
-92.30230207248556,34.34855756958177,0,-1,2017,181,76,15,9,36.395126574779816
-80.23376060574905,35.27721386802753,0,-1,2018,114,28,58,14,62.1180838039572
-79.83069420285901,35.90189239796546,0,-1,2017,45,14,73,13,58.355601192709486
-82.3322353661891,37.1465250299471,0,-1,2019,145,63,29,8,29.847997788484328
-81.53288228669783,33.762350016497734,0,-1,2020,310,29,60,11,58.66919416306303
-89.54770171959672,35.5452860258317,0,-1,2018,15,7,71,22,69.85389597567234
-84.2533658153018,36.74662557168795,0,-1,2019,1,46,46,8,42.39311175622569
-89.63024587401172,36.15843506875296,0,-1,2017,113,3,80,17,69.20872486168443
-93.04918610761929,35.46092797649258,0,-1,2020,48,21,66,13,58.0270889274996
-90.94377357786361,31.632065475196615,0,-1,2019,97,55,33,12,38.914262583180296
-77.1345149061719,36.947256323567416,0,-1,2018,339,60,30,10,30.660663151450525
-92.40147472043734,36.46176928472531,0,-1,2017,190,45,43,12,48.45774425400838
-84.00936074740385,34.93083681049486,0,-1,2019,164,39,53,8,56.819145785202295
-88.80355079786442,31.604816530367916,0,-1,2020,330,62,26,12,27.387548376905446
-84.65647277356167,35.96722757774945,0,-1,2019,276,38,53,9,50.41060178144686
-93.36495765421182,36.620774513429744,0,-1,2018,235,36,53,11,42.9603666408469
-77.89095213127364,37.01906611236099,0,-1,2017,9,52,39,9,41.95511453396525
-89.43759477082345,31.895843439414996,0,-1,2017,90,60,29,11,32.71400920384744
-91.25350957029063,30.511364909881298,0,-1,2020,18,12,38,50,49.15278428347063
-93.32556440214339,37.09313154756718,0,-1,2017,107,16,67,17,64.90590442338072
-93.7834342159443,36.97741441825546,0,-1,2017,14,25,67,8,68.75613079019072
-76.26099611904657,35.409250191425514,0,-1,2020,20,9,72,19,52.235877184322256
-81.3495050881524,27.351404296961764,0,-1,2018,320,21,70,9,67.84790317925037
-82.50912909282985,35.985220238030074,0,-1,2017,82,64,25,11,27.148132788277337
-81.4446518321299,37.39434556462855,0,-1,2017,137,63,31,6,32.78695583471597
-88.74749211539118,37.50444009660922,0,-1,2018,68,58,35,7,34.94038662796437
-87.35477903194003,32.24119984326515,0,-1,2018,268,32,54,14,50.8756096116256
-79.32024516283367,33.59689656969321,0,-1,2019,113,71,17,12,30.120258288738366
-79.28107875489768,33.72754176248419,0,-1,2019,80,67,18,15,31.231785333491285
-86.80620909431381,33.188510401747635,0,-1,2017,360,34,52,14,58.12757177269678
-84.39347838764405,36.21164673982159,0,-1,2018,114,66,30,4,20.20200604181886
-81.77484289423627,34.84193946969071,0,-1,2020,103,63,25,12,38.137559241706164
-80.55058427505767,32.889604832996795,0,-1,2019,349,66,23,11,30.617507060891555
-79.37886468173569,35.27653368338607,0,-1,2017,62,17,65,18,57.9773951158422
-86.96894558964762,32.904489395434545,0,-1,2020,318,56,32,12,40.616640992218656
-80.40461692916178,26.39472507851024,0,-1,2019,13,32,54,14,57.092812095564824
-79.25838743125622,37.55361550027009,0,-1,2019,65,44,46,10,49.03220583298778
-87.49206032209504,37.360152535986565,0,-1,2017,260,7,56,37,66.69039532403934
-78.68439072263915,36.392430129909464,0,-1,2017,243,58,28,14,41.21826368591515
-85.59358088980905,32.92202214451672,0,-1,2020,36,56,33,11,40.726919128099816
-85.51332799259262,34.33779211091266,0,-1,2019,108,55,35,10,40.44632946892344
-91.08728741447915,36.90666987674787,0,-1,2019,320,54,39,7,34.09803340836396
-86.73656185260133,32.029746820178595,0,-1,2020,83,58,33,9,39.90948582260485
-89.6513312021193,35.50613154465579,0,-1,2017,102,21,68,11,72.04967913910556
-94.33119903745424,29.68189968095109,0,-1,2017,289,25,56,19,66.767429462752
-81.47007127096487,36.50341429625802,0,-1,2020,69,57,34,9,33.566827283858
-93.25594055192714,34.34810834529954,0,-1,2018,261,64,22,14,37.12704869475928
-81.92047600833325,31.317341688745515,0,-1,2020,34,48,41,11,39.543530201607346
-81.43154385716349,37.51916744374686,0,-1,2019,133,69,24,7,26.498923711910273
-86.5989700637826,36.81872339781717,0,-1,2017,85,11,76,13,74.9493493414427
-82.3698720558471,37.628641809099285,0,-1,2019,69,18,63,19,40.862372640391754
-86.95812452752085,37.79649473655959,0,-1,2017,64,23,66,11,65.61827553519237
-93.58129005736583,35.16018744411779,0,-1,2017,103,58,34,8,36.18203538425085
-92.9754139121485,37.60270241666834,0,-1,2019,80,26,59,15,54.15931440306464
-87.08283758799362,34.19047299805572,0,-1,2020,126,48,41,11,52.452307145536764
-86.9394056074082,31.748708041312355,0,-1,2020,78,25,62,13,40.4630649843019
-93.7587438993426,33.6338895717385,0,-1,2020,73,58,30,12,44.71815579030506
-89.23049596703952,34.34466719806446,0,-1,2020,40,56,33,11,42.80832033486679
-89.8295840508967,34.40490052157741,0,-1,2017,110,59,33,8,51.85207412513684
-87.82764583946859,30.969330648663973,0,-1,2020,106,56,30,14,34.58135218387175
-89.16680553874666,36.06114284800362,0,-1,2020,106,3,81,16,72.59053205356084
-87.39092269391058,37.24547799584435,0,-1,2017,46,,,,27.765730098773908
-83.03418963077304,34.77232919823374,0,-1,2019,106,31,56,13,55.2866318267044
-83.68720804436926,34.996438839191185,0,-1,2019,341,71,22,7,26.98228847862573
-82.01461527376844,32.49085466681217,0,-1,2017,264,19,65,16,60.27258545447365
-91.3077314706347,36.6473582937871,0,-1,2018,80,58,36,6,50.67061681578478
-81.86152567107858,31.04623369549315,0,-1,2017,266,30,58,12,42.85164487974406
-85.6503353733555,31.663818005032066,0,-1,2017,74,54,43,3,40.29046796513588
-91.77130154204701,32.82485216584079,0,-1,2019,90,4,77,19,68.905043045573
-79.81065892543279,35.3099837558605,0,-1,2019,69,31,59,10,44.255370823789576
-81.04170211386521,27.8860667880515,0,-1,2020,44,12,78,10,70.56172679642212
-78.61000773741819,37.64314015240251,0,-1,2019,73,58,32,10,45.21583145756822
-84.16007167903852,34.53175856241456,0,-1,2020,76,65,26,9,39.31853636381587
-85.6811412034902,35.63854356289036,0,-1,2020,66,19,67,14,53.58481922476947
-85.35737690580783,36.508383632987325,0,-1,2017,130,67,27,6,32.47534313944651
-79.77962589631011,33.454184526647126,0,-1,2018,71,35,53,12,46.11671538036178
-86.28610626300171,36.075878321650336,0,-1,2019,80,44,48,8,45.82956834248251
-91.88425858893164,32.92766716019498,0,-1,2019,205,26,62,12,38.335584251471005
-86.50922005012696,31.062832015761078,0,-1,2019,93,52,35,13,40.528863434383304
-81.21932887166238,31.707807450064294,0,-1,2020,9,,,,40.60443187175861
-91.64481784435573,36.09701878884929,0,-1,2017,327,12,77,11,64.06684307181926
-92.36405928665317,29.976797994360098,0,-1,2019,56,12,74,14,63.787733986257
-82.00926650671033,31.664622904799216,0,-1,2020,343,51,39,10,50.06905062791244
-90.03015002307193,29.792855859553683,0,-1,2019,72,44,47,9,52.93842009938238
-85.00689322989892,30.52511020971799,0,-1,2018,184,36,50,14,46.25268839021221
-87.7745758065844,31.596868330598394,0,-1,2017,159,22,64,14,47.08467280123217
-87.51678806984143,34.438584996652416,0,-1,2018,127,27,61,12,59.80318676328309
-93.40762343753737,30.123687347033236,0,-1,2020,113,14,71,15,66.4483521257479
-79.61358970127579,33.303130641218246,0,-1,2017,59,46,38,16,37.8470798665541
-81.2624653481236,28.732262139649844,0,-1,2020,99,38,57,5,56.18551890587286
-91.29395056218472,34.15986721563402,0,-1,2019,236,2,79,19,57.65486393617441
-81.36064333951113,33.45054274979614,0,-1,2020,94,3,78,19,67.98090216060358
-88.62065621878163,32.67292573405501,0,-1,2019,107,35,55,10,42.81996839818288
-88.13974971937184,34.374672364963274,0,-1,2020,317,57,31,12,40.592702286458966
-86.33701991537978,32.23959860645161,0,-1,2017,59,12,69,19,64.14668536108533
-85.2311464345556,37.781484335901666,0,-1,2020,225,43,47,10,55.78897796382593
-76.61129222280825,35.45894414365536,0,-1,2020,5,41,48,11,36.89026328718824
-81.79407817244997,36.11816544304133,0,-1,2017,293,72,17,11,17.85889231255431
-91.7504187401139,31.20692548155936,0,-1,2020,104,51,39,10,38.88231253086023
-82.22619476025224,35.058809634725584,0,-1,2019,96,16,64,20,59.97608893101132
-92.42264387989383,31.25754855284591,0,-1,2020,63,17,63,20,62.59206239510313
-81.75408350585985,27.425663361929573,0,-1,2017,1,18,60,22,59.33187195133994
-93.52930327529954,34.02312674443152,0,-1,2018,76,50,37,13,52.83143782332266
-84.41197797907228,33.592663992160965,0,-1,2018,323,32,55,13,64.10249777865536
-92.9054023211714,30.20979572264653,0,-1,2017,173,11,74,15,60.461851354553374
-83.84938975732418,36.148243409493716,0,-1,2018,84,22,65,13,55.19155869805657
-80.62335505850128,27.65128015834121,0,-1,2019,274,11,76,13,71.26116500411825
-91.67150630019252,34.64906212243535,0,-1,2017,68,8,73,19,58.19548133595286
-88.68374209035125,33.620446770928574,0,-1,2020,96,38,51,11,60.169677941670116
-91.37494333578034,31.875455517543656,0,-1,2017,68,5,75,20,67.4318940156765
-77.68375181467015,36.223464294681584,0,-1,2020,346,48,39,13,58.10725215708728
-82.17112427543563,29.17337905250954,0,-1,2017,93,13,69,18,60.41706984735085
-92.75479461472946,35.84646519689094,0,-1,2020,125,55,34,11,47.4740718799368
-87.31129948823947,33.326992645730876,0,-1,2020,267,18,62,20,49.44785167048417
-87.97234217271748,33.231442607633426,0,-1,2020,14,55,35,10,34.95073064770933
-87.26121705596987,32.80131734850698,0,-1,2018,191,49,39,12,46.04533875713356
-79.84270502423168,35.74042794001084,0,-1,2019,36,57,34,9,42.4003864537781
-78.56898163068345,34.97644307181511,0,-1,2019,39,33,56,11,60.53399016723599
-85.99913812093614,35.18077456098813,0,-1,2018,115,11,74,15,65.36987897095693
-87.63598805858663,36.895361306778156,0,-1,2020,46,15,59,26,63.741484509211524
-93.00463713870039,29.770766617593175,0,-1,2019,82,28,58,14,58.285880456298564
-85.21298795450119,36.1719449459343,0,-1,2020,291,70,22,8,36.43096911776321
-78.27435228830484,34.1674243338604,0,-1,2017,275,25,61,14,49.045873733683536
-90.571470640748,31.96535683301874,0,-1,2018,251,61,27,12,48.65075917625922
-85.24099415758016,34.39384073041494,0,-1,2017,67,49,40,11,51.261866213868274
-90.0521062577934,33.080175313072374,0,-1,2019,139,49,39,12,47.250918282712576
-91.9134884645787,33.4039417764104,0,-1,2018,100,57,29,14,37.36605450236968
-89.15621638694059,32.697497760125074,0,-1,2018,90,55,33,12,38.18600197433367
-87.01177601957231,30.625890578844906,0,-1,2020,254,45,46,9,51.721331923890105
-82.95157485466444,30.344880437740088,0,-1,2020,52,28,61,11,59.770880227461184
-85.59814012445015,37.714690965850544,0,-1,2017,21,51,43,6,45.4170221169036
-84.28408931424003,34.58938960519134,0,-1,2018,95,71,21,8,23.884182464454973
-89.8500458576941,34.4239083520652,0,-1,2019,46,54,37,9,38.20901946846738
-80.17983574676812,33.70111706727257,0,-1,2019,62,63,31,6,43.938890753647776
-89.31455522850484,30.81659115947734,0,-1,2020,39,30,59,11,54.874639655649005
-88.72717053626803,31.27548019410404,0,-1,2020,263,32,57,11,44.014118158123345
-90.42332661483866,36.52905357535743,0,-1,2018,195,8,59,33,58.61097724759048
-89.73801738000515,33.90689626401986,0,-1,2017,266,61,30,9,40.5355397290881
-88.89288830117412,30.591764720525557,0,-1,2020,173,56,35,9,32.87325000493651
-83.71020752546112,31.240069336097175,0,-1,2018,49,22,63,15,58.26198985132384
-78.7932448046541,37.60594111886067,0,-1,2018,360,42,49,9,40.216616974756526
-93.9248468001398,33.51163001065634,0,-1,2017,60,25,61,14,64.08574080290676
-80.74832746718266,33.161520991899714,0,-1,2017,97,33,56,11,41.846383222417515
-82.81666015276183,33.32043199744706,0,-1,2019,290,49,42,9,39.951019118344114
-93.88471897204433,31.780096523126197,0,-1,2018,78,19,66,15,50.715426826569896
-84.95094558609662,31.325366949737024,0,-1,2020,45,12,71,17,64.6074144298947
-84.4716485524397,34.445993138293105,0,-1,2019,342,54,36,10,42.0240568832708
-91.19646983058907,30.058030977149674,0,-1,2020,132,51,42,7,43.710500335663205
-85.91176660872337,33.98629027059485,0,-1,2018,144,18,69,13,61.24728337142632
-92.34692731273296,33.167584238550155,0,-1,2017,322,61,28,11,32.99764993976737
-79.67603123871703,36.82292625914266,0,-1,2019,203,72,19,9,22.38112350676274
-93.5620038284151,34.721670558806025,0,-1,2017,269,61,31,8,35.09751762545173
-81.80605414958906,26.992189462867763,0,-1,2017,235,15,74,11,64.03190964200382
-81.21984230101395,32.97901952816315,0,-1,2017,70,2,73,25,53.92267593397047
-92.1944516282054,36.09795700500991,0,-1,2020,263,41,48,11,54.10056483785599
-80.47126076841916,33.8408552495865,0,-1,2020,103,49,41,10,47.07190110389225
-83.7352402670647,31.9130963186354,0,-1,2018,255,21,66,13,64.32265771547044
-84.89646853776011,30.486803037111798,0,-1,2018,34,32,56,12,59.117918846875305
-94.02010981279308,33.6028601287621,0,-1,2019,285,27,60,13,45.36710310642414
-91.45938855422597,33.57512489435886,0,-1,2017,32,3,78,19,72.15061704018163
-82.76973454827153,32.04762950244439,0,-1,2018,50,20,68,12,53.29051117958443
-81.17462533308786,35.46351921684628,0,-1,2017,39,30,60,10,58.1197551584559
-82.97291897214404,31.001433756706774,0,-1,2020,232,60,30,10,31.21991865102872
-82.72567874056271,29.015360044679408,0,-1,2019,2,57,33,10,49.52611812905427
-83.14956855769397,34.21655689124548,0,-1,2017,1,45,43,12,49.938235526419724
-92.09564929442075,36.925674398605516,0,-1,2019,137,51,41,8,36.06628361568535
-91.7680240213355,30.66746062973937,0,-1,2017,48,18,67,15,49.09273014618726
-86.29749571175094,37.82633129834857,0,-1,2020,165,2,74,24,62.368543720002386
-79.11107653596292,37.134128410086184,0,-1,2020,65,53,38,9,45.799399601050695
-90.09727086186591,35.21593777412786,0,-1,2019,93,45,31,24,46.130353903038376
-87.86034473472289,32.0086642486892,0,-1,2020,24,56,35,9,38.93910313370062
-93.31908938458145,30.60797289755682,0,-1,2017,278,22,63,15,52.5095863362622
-88.7136973962682,33.532556096475375,0,-1,2020,246,16,72,12,60.046461574915085
-83.65543856597547,32.42914695475473,0,-1,2017,54,53,38,9,56.37787927318741
-87.76323182348098,33.05470100127854,0,-1,2018,63,9,75,16,46.830838796303624
-83.45219036918705,35.07059701478058,0,-1,2020,85,75,21,4,20.04416758805876
-82.1272102206007,29.86982290794934,0,-1,2018,3,16,70,14,55.87810272308996
-91.73526803905513,30.693221526069763,0,-1,2018,285,,,,67.61767565978423
-81.69974394750707,28.050704711482034,0,-1,2020,163,33,61,6,64.99925103651199
-78.51973601263838,33.968438785294055,0,-1,2020,106,28,60,12,49.87663632594232
-87.39498238159308,36.815625912618806,0,-1,2018,116,6,79,15,72.57428741092636
-83.93253566339561,30.321326593995785,0,-1,2020,81,63,30,7,32.279694318832554
-89.57093476159008,33.682416156048525,0,-1,2020,249,29,59,12,40.980428943834426
-77.18237254382574,35.44308518829924,0,-1,2019,336,60,29,11,51.9761039576586
-77.06391796209017,35.779321462667966,0,-1,2019,115,8,79,13,64.53741039868878
-89.03631232998201,36.868145125490685,0,-1,2020,61,16,68,16,56.61292870258851
-84.75955411666725,35.65326391083213,0,-1,2017,330,31,60,9,49.257988526452905
-79.54731694284345,33.35719084220087,0,-1,2017,50,62,26,12,37.97638323920857
-89.87110478339231,31.515412492979348,0,-1,2019,49,34,54,12,34.81321090047392
-79.59132233546376,34.19034679496349,0,-1,2017,72,33,55,12,54.410764704720904
-92.2935557462736,37.28023047855445,0,-1,2020,268,21,67,12,63.245067640959824
-87.96863330101915,31.674084038573294,0,-1,2020,351,16,67,17,39.06593601895734
-85.39267436496085,33.04770934993095,0,-1,2020,101,57,32,11,35.15449770968252
-90.29034167615985,35.30602727921972,0,-1,2020,184,3,78,19,72.20658261919371
-92.54824289244682,31.77388937850921,0,-1,2019,34,65,21,14,27.054473632233865
-82.13136731853807,35.88735482271751,0,-1,2019,309,69,24,7,31.286444861289382
-93.41958227317136,36.34511890489524,0,-1,2020,80,12,66,22,62.15251091056302
-81.69602961209357,30.36052482455382,0,-1,2019,347,7,67,26,67.32594742974504
-82.61397669171635,36.28571707591515,0,-1,2020,203,12,71,17,63.60662309196106
-93.48056672058618,31.475261590892867,0,-1,2017,26,48,41,11,35.58189680706121
-93.19152532979125,36.125606184734224,0,-1,2020,34,64,29,7,39.08516309928127
-87.39663886601934,34.429753200060844,0,-1,2019,42,14,75,11,58.52338921469896
-91.95594987499963,36.572649770707535,0,-1,2019,129,13,68,19,64.4971171313482
-92.5089093319526,32.67942864552423,0,-1,2019,277,41,48,11,47.47273122186241
-90.89057142233321,35.46778347392744,0,-1,2018,298,3,72,25,64.7521769177609
-82.10431116548648,37.38196285214241,0,-1,2017,15,64,29,7,26.002034246440072
-94.45461847895734,30.269566870675604,0,-1,2017,129,54,37,9,24.632197298791564
-92.68686047256753,30.725857502972556,0,-1,2019,73,58,31,11,36.07494371815631
-85.41491434852131,37.54623104400219,0,-1,2017,84,37,55,8,58.49471813604503
-81.69358730301414,33.248218333159116,0,-1,2020,220,42,47,11,45.75640924353151
-88.74238814037305,34.395926300291244,0,-1,2019,268,3,70,27,67.60107822034401
-92.36921265625254,37.13070359899548,0,-1,2019,356,31,58,11,58.14934039023622
-80.36130244784786,35.20377206190115,0,-1,2019,247,29,59,12,60.95744470774093
-79.43657791908134,33.72293099978793,0,-1,2019,189,6,80,14,53.626021879072695
-80.42523650282351,35.33005586832509,0,-1,2018,25,20,65,15,66.17047115042851
-91.33993306125629,29.910853606453998,0,-1,2018,65,39,34,27,37.569642751347814
-76.42258972828736,36.79574168896983,0,-1,2017,164,32,52,16,58.419464412670855
-91.4482305300141,31.707661747790493,0,-1,2018,164,22,64,14,63.62108201515351
-93.55538125965347,30.748475927064558,0,-1,2019,350,45,43,12,37.22315240784252
-93.01518237544923,32.05670938474479,0,-1,2018,245,45,41,14,45.44128275507987
-76.67911319622993,36.60990178788644,0,-1,2019,181,45,45,10,49.68605615448407
-87.85262281846558,35.95146741342787,0,-1,2020,190,26,62,12,59.84581054128239
-77.56651306186812,36.09600982011834,0,-1,2018,72,61,30,9,45.21216848673947
-88.01860010538958,34.48308543415118,0,-1,2018,139,56,34,10,41.709870447902674
-92.08053355196975,32.2256352759693,0,-1,2017,100,49,46,5,56.2996564523772
-83.0254060986933,33.44381003431661,0,-1,2018,115,47,42,11,47.23140577477584
-84.57943455491888,34.24043791624805,0,-1,2019,25,51,41,8,40.17397314375986
-94.36350491271645,32.22794342908304,0,-1,2020,248,52,38,10,55.208470727613765
-90.24360726989644,30.59844483296045,0,-1,2018,327,63,27,10,36.56360333320169
-86.0504016866394,36.32570933400796,0,-1,2019,54,7,72,21,65.18919452617443
-81.69223656352467,26.158069769862653,0,-1,2017,65,11,59,30,64.58671660225508
-92.97703940402364,31.93895509894303,0,-1,2019,78,16,61,23,45.45345760436
-88.20343063417448,35.706177437748885,0,-1,2017,80,47,46,7,48.12035153549917
-83.24327541978582,33.98319176007896,0,-1,2017,76,48,41,11,51.77788309636652
-88.42297610829898,35.07510827204672,0,-1,2017,138,32,60,8,58.03291279196034
-88.65550063389792,32.18043619107362,0,-1,2019,68,66,20,14,35.139714883702574
-86.53481277446026,37.05585693659909,0,-1,2018,21,24,59,17,50.17214555075124
-84.98173557321701,30.86681522931524,0,-1,2017,92,27,58,15,53.83403095877427
-79.7118863708288,34.40719072465548,0,-1,2019,67,67,22,11,31.073978987281798
-91.98837023028644,30.65767407114104,0,-1,2019,151,49,38,13,37.18481952452413
-91.04940417724282,34.39152720220456,0,-1,2019,329,1,75,24,63.64219509774734
-80.99556578166118,35.06072049275897,0,-1,2020,312,8,47,45,60.01145158742692
-77.95487725772058,34.39086654042625,0,-1,2019,1,42,49,9,48.87256730457345
-82.60560843136923,33.27772728403968,0,-1,2020,82,46,46,8,46.242020856375426
-85.74964215723122,33.05337339378989,0,-1,2018,83,22,65,13,43.78712187031041
-81.94844599496511,30.30226115304323,0,-1,2017,177,8,55,37,52.3247507157666
-86.22843472322289,35.999332687573165,0,-1,2017,8,25,65,10,56.03986651923231
-91.04538310917393,36.51167803859664,0,-1,2018,206,53,40,7,46.217875550465074
-87.21080905512146,32.28411741487985,0,-1,2019,69,49,44,7,46.91801271671733
-93.52199811307285,33.56635064248611,0,-1,2018,115,50,39,11,35.83621030178544
-80.77012557691026,34.451883844303566,0,-1,2020,348,57,33,10,37.1346993754847
-91.80610164279788,31.352973661342062,0,-1,2019,85,2,65,33,65.96469562114699
-93.50361410181581,31.071209298543444,0,-1,2018,39,38,51,11,43.83312421580928
-89.68184856256535,37.288346994560555,0,-1,2017,104,6,73,21,74.78172268077883
-92.50543494047378,35.6785151235032,0,-1,2018,101,49,41,10,35.35016289860798
-92.3082081059059,30.06510346334699,0,-1,2017,273,7,56,37,56.24194376431563
-78.47831687704928,34.0531265047438,0,-1,2020,190,27,61,12,44.38221353240907
-80.42374373981772,27.23568795862832,0,-1,2019,299,13,58,29,65.85423035567457
-92.4476941148589,33.80693811892597,0,-1,2019,40,58,32,10,43.54948353840383
-82.45343541826827,32.45389471285019,0,-1,2018,81,35,54,11,49.502981479287605
-83.59641999919424,35.76179667916987,0,-1,2018,65,61,31,8,33.6943265072375
-84.59737001831206,30.22029041055838,0,-1,2020,260,53,36,11,36.37152167473093
-94.3989233203108,35.24564387841913,0,-1,2018,32,10,71,19,66.64230564167373
-90.30066528076829,32.7786402422726,0,-1,2017,99,54,35,11,45.09781428317571
-82.1708611843252,29.237216475459267,0,-1,2019,32,15,79,6,63.979758284292416
-87.16905554042373,35.93844931823082,0,-1,2017,292,26,63,11,54.997531888006954
-89.35986083283571,33.34731099334206,0,-1,2018,5,49,42,9,40.69813220660242
-89.75906091414797,34.598298318803614,0,-1,2017,11,22,66,12,60.431215311382815
-79.06523076098372,37.08231302452283,0,-1,2017,62,29,58,13,57.69810054101012
-81.97882128331318,26.988078885054442,0,-1,2019,345,36,55,9,53.46658881233214
-82.95139320109122,36.106918074012064,0,-1,2017,90,10,64,26,64.48573121358746
-79.87907519460774,37.10405974650656,0,-1,2020,65,50,42,8,54.184859676495556
-83.7208641199799,33.95389180443534,0,-1,2017,80,38,51,11,56.08140972377035
-86.16339270706993,37.01712143750267,0,-1,2019,75,22,67,11,64.82340165067329
-87.15094511223752,31.27844498585625,0,-1,2020,244,39,54,7,49.159876774817846
-82.09481435362324,37.06515952614177,0,-1,2017,258,72,20,8,21.430283762169005
-76.56038512456186,37.50193575280386,0,-1,2020,112,62,15,23,36.3611752858243
-83.51440264352422,35.64503379968476,0,-1,2018,32,72,18,10,22.442991982939063
-86.45883328055265,37.38171785030592,0,-1,2018,102,21,67,12,55.117055733301726
-94.39854503718186,30.475883876271045,0,-1,2020,116,50,43,7,42.93323855221847
-82.17221242640412,32.08420085081186,0,-1,2018,16,37,52,11,58.933849374037344
-91.34765825262264,30.326092070457957,0,-1,2017,255,58,31,11,31.689162240606542
-85.29061696742444,31.964192755279903,0,-1,2020,346,37,53,10,37.86442886760785
-86.13820058421204,35.56982108559435,0,-1,2020,347,33,57,10,62.06518691127391
-91.50092988579084,36.252573889712025,0,-1,2017,282,23,66,11,64.07219589257505
-88.92250858248659,34.4698064864905,0,-1,2019,85,30,58,12,44.115553975870284
-84.48745973236444,33.96994699090887,0,-1,2019,34,13,55,32,59.00171807733318
-79.98330407394988,35.451588536272816,0,-1,2017,126,54,37,9,35.136176935229074
-92.2163570774383,35.88416432588302,0,-1,2019,85,42,51,7,47.60018562034716
-87.70123115376795,35.59131995159796,0,-1,2018,75,51,40,9,34.40130331753554
-92.15820689016573,32.829593978334444,0,-1,2020,112,55,34,11,44.701247926704056
-80.51323661211296,36.16543725778958,0,-1,2020,114,28,59,13,50.641819043481696
-83.01517338142456,29.415304919672273,0,-1,2017,112,53,37,10,46.07565254951973
-91.98092265570392,31.871815620280014,0,-1,2019,62,59,31,10,39.953913592923136
-89.14641376725935,37.27710916037388,0,-1,2017,66,14,75,11,64.54008530468779
-82.68297265482406,29.4112230549839,0,-1,2018,261,63,27,10,41.647234235835484
-84.84943882390891,33.131073054359106,0,-1,2017,80,45,46,9,44.75503070755742
-83.90501400834016,34.25299120074521,0,-1,2018,9,54,34,12,48.26077494441027
-93.68971284893163,37.07385649224777,0,-1,2018,7,7,66,27,61.770281742976195
-89.58896050075538,36.37993759713383,0,-1,2020,92,9,71,20,63.20523655319486
-88.61427161223628,37.57695624418577,0,-1,2020,249,61,32,7,33.21543230596087
-91.17057352915691,33.679893208668325,0,-1,2018,292,58,36,6,34.812698726177544
-93.49122722317081,33.17150290327716,0,-1,2019,20,36,53,11,41.839413031027185
-84.88806791580076,34.00926359785968,0,-1,2019,162,42,49,9,45.566296705900896
-86.99849628164678,32.83481220306697,0,-1,2019,144,51,37,12,43.77544289297496
-85.87187041713293,35.88860147559581,0,-1,2018,55,14,70,16,62.82267332793583
-82.09796488074235,32.754927007492526,0,-1,2020,103,26,62,12,58.79100675382124
-85.51041654413648,32.89634090927748,0,-1,2020,112,50,40,10,42.53308976004741
-89.50376009036901,35.66822948049745,0,-1,2018,346,4,76,20,70.29403863627387
-92.95347797658955,32.279486984708974,0,-1,2019,80,49,41,10,42.83066682468197
-78.73393388015316,34.54661135263314,0,-1,2017,73,53,29,18,52.38778170613679
-92.5080315590168,30.008543598501717,0,-1,2018,172,20,64,16,62.891802242931625
-85.92112085374393,37.79574279780197,0,-1,2017,137,11,72,17,66.12511354211922
-86.13108839578318,35.02122774132866,0,-1,2020,103,65,26,9,20.43055473270533
-83.1298975505589,34.46711678660216,0,-1,2020,223,44,47,9,54.48283253284643
-77.48886635477439,36.54793579332069,0,-1,2019,142,59,33,8,44.71048318622513
-92.62001857557586,33.346265828094516,0,-1,2018,280,39,54,7,42.21214503093697
-82.60594098385408,30.9120432395682,0,-1,2017,39,59,31,10,36.816700892504535
-93.58033204601475,37.29488840431388,0,-1,2019,82,12,70,18,66.76367766146558
-86.4915256483662,33.18973343728344,0,-1,2018,115,32,56,12,47.95132958599071
-86.83810806109013,33.3800411602346,0,-1,2020,102,10,61,29,56.64314316298617
-81.93427635086009,27.505048227092317,0,-1,2017,146,44,51,5,56.070664192070744
-92.79296363203373,33.35123083852058,0,-1,2019,129,52,35,13,40.00712790743592
-87.90885402381409,34.269048456022105,0,-1,2019,144,9,76,15,50.03220519706186
-90.49916190033376,30.84581154174252,0,-1,2020,35,31,61,8,53.90727583058788
-78.80800990027737,35.756848680560864,0,-1,2019,40,35,55,10,58.793301589215076
-81.13402423681217,32.05087624266001,0,-1,2020,145,14,69,17,60.700134265292434
-94.01244656714555,35.61507401228311,0,-1,2019,294,72,17,11,27.916607424960493
-93.83007493482971,36.93362589725299,0,-1,2020,7,10,58,32,60.80959996840819
-93.90770936002696,33.34113721227653,0,-1,2018,281,20,69,11,50.296852787869206
-88.61010971736052,33.93893191074695,0,-1,2020,80,29,58,13,53.85273384278182
-84.77131180532278,31.623986885087067,0,-1,2017,75,16,68,16,56.654089167950076
-84.36958508210265,37.2435330920137,0,-1,2018,320,68,25,7,30.72981617864829
-81.59817167448215,26.301455219334525,0,-1,2019,39,33,59,8,61.16139984330111
-81.22800438151191,26.35028809442003,0,-1,2020,258,42,49,9,57.88440653199847
-79.5977817936551,37.228915592452346,0,-1,2017,280,15,66,19,61.08350611140732
-89.76203644812067,35.92378302758813,0,-1,2020,72,7,70,23,63.472934529218826
-87.91680925764835,35.139981954585714,0,-1,2019,266,38,47,15,44.11159815187774
-82.54068138945688,30.9858429485677,0,-1,2020,38,76,13,11,29.086564098512834
-88.05736457307204,33.56988060128398,0,-1,2017,75,46,44,10,47.20058053432855
-86.88240443511589,33.6534281177044,0,-1,2018,195,58,37,5,37.1520262264002
-93.2766922816154,33.44435986316534,0,-1,2017,18,49,40,11,37.02602994035628
-87.06235171675459,37.2216206383386,0,-1,2020,299,39,49,12,46.97515380035719
-92.75499612493007,33.48456514582676,0,-1,2020,274,43,36,21,35.235732058928086
-83.55985919392909,34.477969089176504,0,-1,2018,64,46,42,12,51.184325882631704
-84.25728168774589,35.05510251903554,0,-1,2020,23,70,24,6,25.899338532925263
-89.38944081481822,35.312644707069985,0,-1,2020,250,5,68,27,68.40554041780197
-82.35716628980194,28.35707054272439,0,-1,2018,81,41,55,4,65.17092869414107
-83.73668331267237,31.41517612490511,0,-1,2017,276,4,71,25,66.0875651555836
-82.1396791436873,36.763641587147816,0,-1,2019,355,71,22,7,42.057485337388194
-84.10011209914944,34.56167812206908,0,-1,2018,167,59,32,9,30.94291975991155
-81.37547452973776,29.03126234113983,0,-1,2018,130,35,58,7,55.574791641979694
-88.62820683363229,37.667298516092764,0,-1,2020,328,43,44,13,69.46639220805302
-86.43614635585234,37.379926965103145,0,-1,2020,97,40,49,11,46.92909187844321
-81.31999405262019,32.093617357296885,0,-1,2019,64,46,43,11,44.46918626463678
-92.64647904792457,32.2169306250109,0,-1,2019,31,17,56,27,46.27337163616258
-94.06732506836515,36.964439512643764,0,-1,2020,105,6,66,28,65.75121440701396
-87.88684126515136,33.00960782380707,0,-1,2020,114,57,32,11,33.957795157404114
-89.08706659179055,37.79263670934218,0,-1,2020,268,53,38,9,59.085579448294915
-88.08061176440533,34.307828737229,0,-1,2018,351,51,42,7,42.1138975553888
-78.59460266938804,37.41404820214903,0,-1,2017,276,47,44,9,46.03965793059864
-81.6425776895081,26.215598257262695,0,-1,2017,112,24,59,17,60.513752048492506
-84.84821110145312,37.414516424001064,0,-1,2019,116,43,49,8,47.301593570427116
-81.44219527691796,34.656029168534964,0,-1,2018,329,25,48,27,36.74077363127569
-94.20658490213165,33.516367961989715,0,-1,2019,292,53,37,10,52.0387433107561
-89.63030802159206,32.14980697655356,0,-1,2020,65,58,34,8,38.8068516141771
-87.7612539405281,31.00051359014145,0,-1,2020,289,12,65,23,53.17294287237613
-88.80085233562113,33.4123334017195,0,-1,2017,15,15,66,19,64.48297384846329
-89.74522530621796,35.44846886129471,0,-1,2020,33,33,54,13,61.23012659727847
-90.90028763374353,34.322388753532124,0,-1,2020,222,2,73,25,71.11763776729124
-91.93579745563072,34.228894203377074,0,-1,2018,9,32,56,12,61.91992539633196
-80.56923844213307,33.18269178416558,0,-1,2018,168,10,73,17,61.46852166357282
-91.03587211519525,32.373157869273534,0,-1,2019,145,3,53,44,55.09319991087165
-86.45256093761672,35.7393114126185,0,-1,2020,64,16,71,13,67.16991230842154
-78.41636256151311,35.053446278202685,0,-1,2017,92,12,66,22,68.55915974018284
-91.79493833245103,30.55138229518848,0,-1,2017,107,59,30,11,39.09885422247867
-93.66304670195329,32.107916330208795,0,-1,2018,80,58,28,14,40.684424611010186
-91.84325165354083,31.246419505423056,0,-1,2020,134,69,21,10,39.88619685975484
-78.14524759516019,35.9669288051385,0,-1,2018,347,64,21,15,41.11772836775798
-91.48445745813528,37.27957724378289,0,-1,2018,356,53,37,10,42.37645363185851
-82.26185042355715,27.99718071221271,0,-1,2020,57,12,70,18,63.811919971073856
-92.37139693243238,30.517820771963148,0,-1,2018,215,10,62,28,66.29459384749038
-78.32686829724335,34.857968757028054,0,-1,2017,191,2,59,39,66.82948262243286
-82.43438353961565,30.354631108564192,0,-1,2019,38,56,33,11,28.65211209194858
-89.11086155692209,33.960903957934356,0,-1,2019,319,51,40,9,59.95105668575941
-81.33917703339036,36.41508355561343,0,-1,2020,8,51,38,11,31.5661539676585
-82.12477701478899,27.5854268482312,0,-1,2017,225,9,69,22,63.465268728033784
-82.92392803604338,32.4823442930053,0,-1,2020,282,31,56,13,63.26945634787419
-80.82232020991121,25.164713129497876,0,-1,2020,70,11,35,54,40.59988198691127
-77.02341743498977,35.399096319126635,0,-1,2020,190,63,28,9,41.82669904829602
-91.5933812767742,33.123099514666364,0,-1,2019,137,15,70,15,65.51877887919117
-86.66339294677944,33.203920763444884,0,-1,2019,136,51,36,13,41.336900507433775
-80.53570317369258,35.063989972246496,0,-1,2020,69,17,65,18,66.37469389367251
-93.99118787275216,31.764091100236048,0,-1,2018,121,55,32,13,31.21539859007524
-78.36445853482338,36.09991857348235,0,-1,2020,110,33,54,13,44.78938397369055
-84.34592334808902,34.18108533553697,0,-1,2018,266,41,47,12,51.46712474825259
-83.85047494537841,30.166946996307185,0,-1,2017,60,22,61,17,60.90755771471455
-86.65943447215584,34.69628104851694,0,-1,2017,189,11,67,22,58.8132872655479
-77.34731647242523,34.959364803476134,0,-1,2017,238,48,41,11,40.639601927177935
-91.92669678613252,35.445444537732364,0,-1,2017,97,50,44,6,49.15418484806602
-84.7268876346158,30.877286656354727,0,-1,2019,165,27,64,9,73.06036133873039
-91.89200859261506,35.67671988742834,0,-1,2020,113,50,42,8,43.01506654555508
-79.70576658189549,37.524369102478545,0,-1,2020,103,24,61,15,51.93525392938948
-86.89271187737747,37.486850054783645,0,-1,2019,340,3,75,22,56.75355993127012
-81.86063814170146,32.26301069462502,0,-1,2019,75,5,78,17,65.17888314047627
-85.35784749552732,32.503253012552356,0,-1,2019,145,50,40,10,55.133552944911905
-91.71528190980762,35.446907849429905,0,-1,2018,281,15,72,13,57.62521967497975
-84.49387098664853,31.84897059659687,0,-1,2020,171,17,70,13,65.23648355120257
-87.58965310178912,30.8250837289944,0,-1,2019,158,45,45,10,42.74493927125506
-89.54974467180084,30.632171691965414,0,-1,2017,79,38,58,4,54.319808079611406
-82.45608500513366,37.0343228256703,0,-1,2018,286,67,25,8,23.470329192914544
-82.19824835924459,35.768824633162566,0,-1,2017,144,46,42,12,31.41980526534077
-79.71333973327548,33.03565101081152,0,-1,2020,95,52,38,10,40.55927651844245
-87.84725141666388,36.730694596202234,0,-1,2019,309,61,29,10,34.423916906915196
-80.17632991565122,34.743794459578695,0,-1,2020,326,16,69,15,58.815340572556764
-83.43869927315454,34.338593006811365,0,-1,2018,18,15,67,18,45.18120421019371
-86.42102045701823,35.2788298970146,0,-1,2019,50,45,47,8,51.520732959481876
-89.24055863816821,37.49710547428571,0,-1,2019,137,46,43,11,57.25100207325506
-84.24775564789701,31.922872400775482,0,-1,2018,276,47,40,13,61.315982781090796
-82.06874115943499,33.90109636110662,0,-1,2019,294,42,46,12,42.24404115405122
-91.32899902076151,35.94200917040148,0,-1,2019,71,40,50,10,57.54316575174758
-84.04906625197182,30.959979197009652,0,-1,2017,141,24,63,13,57.829979263355405
-85.10153161274818,37.87770726431112,0,-1,2019,196,54,38,8,45.908024642603266
-94.14397676504106,34.32987440505022,0,-1,2019,231,49,42,9,39.10454392859259
-85.84518543165346,36.505934639321815,0,-1,2017,80,47,47,6,53.30217404182214
-89.29919554527734,35.961244627764806,0,-1,2017,65,4,78,18,63.372455326290854
-78.12821555610658,37.13657605038606,0,-1,2017,72,59,32,9,43.50241917965125
-81.6963181389074,36.21476885304236,0,-1,2018,62,42,49,9,43.67113603601827
-89.88048993476984,36.53834195116896,0,-1,2017,154,0,59,41,71.62062767869485
-78.6427347866758,35.93233374922028,0,-1,2020,96,41,48,11,41.246662717219586
-85.20789810268548,31.78458207951401,0,-1,2019,217,54,34,12,57.2291876518339
-90.71289327004344,36.10402557122807,0,-1,2019,73,3,77,20,67.78821508264053
-91.13751531260358,37.355500606981394,0,-1,2019,351,32,58,10,49.14944407450007
-81.40500090181747,29.86614470441741,0,-1,2020,7,59,33,8,46.33573572387646
-93.86023091855014,35.08513869718855,0,-1,2019,68,28,61,11,53.469284994964795
-77.81683751209928,37.50772552893835,0,-1,2017,4,26,60,14,51.697311721684095
-85.44715712190154,31.020889523233212,0,-1,2018,81,3,75,22,67.3103019292668
-91.40857551123587,34.44206605470479,0,-1,2017,138,1,89,10,76.17128969409683
-84.19740972971708,37.388671604792876,0,-1,2019,226,57,34,9,28.58687495062801
-89.60307723883122,31.68942304227519,0,-1,2018,39,10,69,21,44.69198570497758
-90.79289182297106,36.572495410351195,0,-1,2020,38,11,74,15,58.86123561119118
-91.70167880543552,31.331005647615445,0,-1,2019,71,7,59,34,59.31450068129309
-76.81614409368288,35.85751412822898,0,-1,2019,329,49,37,14,39.1133108163099
-80.59555876280554,26.79196642074699,0,-1,2018,79,41,56,3,62.14236063113407
-80.55493779805319,37.066407545289266,0,-1,2017,78,46,43,11,57.65938536893664
-84.62645503100248,33.9206597032614,0,-1,2020,43,28,58,14,56.7064073452463
-81.74252116533435,36.509265882102525,0,-1,2018,18,74,20,6,19.409403262114445
-88.18735982000747,33.03060498643046,0,-1,2019,143,49,43,8,47.372283540830125
-89.11799948699745,36.720711035819804,0,-1,2020,11,56,34,10,48.56948655499776
-82.91828764857704,31.666309062915545,0,-1,2018,74,9,72,19,58.27823631624673
-79.66081723503119,37.726573421040655,0,-1,2017,65,76,18,6,21.723177787871016
-82.65150029550847,35.94725474874869,0,-1,2019,342,67,25,8,25.688719488111232
-85.76008551170275,36.71415664194737,0,-1,2018,354,18,64,18,57.633394546136685
-81.94407727884152,30.08313253047337,0,-1,2017,75,4,76,20,61.48551511680721
-82.37826729192227,35.70853786329274,0,-1,2019,40,73,4,23,19.0833777567178
-86.75218593831319,37.60172438532559,0,-1,2019,60,34,54,12,43.25928120063189
-80.03922280135764,35.13296722557046,0,-1,2019,140,52,39,9,38.331299609051065
-83.07037244848178,34.82146970097298,0,-1,2019,13,49,41,10,37.702776899984194
-84.53366347931089,34.92045945311481,0,-1,2017,126,71,20,9,20.00847089487403
-86.6650078661825,37.83712601853877,0,-1,2020,143,65,29,6,40.95445861970535
-82.82157654149434,34.97407910687107,0,-1,2017,291,59,31,10,34.27002527845799
-90.95984948043161,30.696585953541593,0,-1,2017,96,43,44,13,42.90685045123324
-81.63281031735272,31.852775190032247,0,-1,2019,94,35,54,11,57.65078487511106
-84.83619290207697,34.598693618900946,0,-1,2020,32,20,65,15,60.740546944417005
-80.92105071275341,26.379486611145897,0,-1,2017,243,26,59,15,54.864485427691356
-80.47753743160835,27.72165015934002,0,-1,2019,24,25,66,9,70.72739658406556
-87.20414413587356,34.37941279058867,0,-1,2018,132,56,35,9,34.57179816332577
-92.94746803155537,35.78008467058207,0,-1,2017,66,68,25,7,33.67107784076319
-90.23869761439367,35.1065613935821,0,-1,2019,23,3,77,20,69.24464366817404
-91.10285385962896,29.35861918064566,0,-1,2017,193,20,54,26,51.425885710740225
-88.56587664402275,35.31729522103084,0,-1,2018,54,43,45,12,45.56111790533087
-90.36879438900654,32.728157006641354,0,-1,2017,98,17,66,17,50.50249787729792
-77.07404870788035,35.15209531154745,0,-1,2019,127,,,,46.947392098973715
-83.51798234966729,34.59974560645734,0,-1,2017,206,12,55,33,58.04548237385203
-93.72100226121401,34.9305388858213,0,-1,2019,25,57,36,7,32.75427025532672
-92.49775602016041,30.49488724493923,0,-1,2020,104,17,61,22,56.848751777531994
-77.56924120575262,35.20433148787586,0,-1,2019,107,25,63,12,66.58277060379892
-81.9320039941254,28.25578151974696,0,-1,2020,103,17,76,7,66.65181850491643
-90.06275631311763,34.658942740427854,0,-1,2020,206,8,72,20,66.5986534246846
-83.18363694039755,36.73586164098415,0,-1,2017,260,77,16,7,27.117125478889356
-92.51273273849785,33.32513046603864,0,-1,2020,134,43,36,21,37.58863817807468
-91.64943393997461,36.01673695851084,0,-1,2019,280,5,74,21,66.55079189541449
-92.84921864229607,33.56781243218092,0,-1,2018,114,15,68,17,54.92388342613436
-83.82307038024936,32.6010910015805,0,-1,2019,135,5,75,20,57.50556828054654
-83.04885581596174,35.54066340937563,0,-1,2017,60,64,29,7,36.93732722533766
-87.38186021319288,30.8000269942011,0,-1,2019,94,33,55,12,44.78953396524489
-77.75584154679336,34.523457651684296,0,-1,2020,175,66,19,15,26.74198835028137
-81.16044766689171,36.97120421254242,0,-1,2019,44,13,60,27,56.807626231709506
-81.79338514547968,33.360355963764974,0,-1,2019,97,5,80,15,63.1926373582968
-81.14617186484554,33.540636067952434,0,-1,2018,137,25,62,13,56.94747753973738
-87.67831419657995,30.678268295105937,0,-1,2017,144,69,28,3,37.5517227761872
-81.61413599191066,32.31333141009717,0,-1,2019,19,5,79,16,64.78480037910197
-83.84779917433953,36.50813794324694,0,-1,2017,261,71,22,7,21.88959090191124
-90.23484716769794,32.05649427236039,0,-1,2018,45,48,43,9,40.099263471753225
-83.43944740556553,32.83940532822616,0,-1,2018,80,31,57,12,51.12220723044565
-94.26499882137084,36.753200776725805,0,-1,2017,83,37,53,10,59.947003652877854
-76.9419703273923,37.28997087623274,0,-1,2020,102,66,24,10,32.731963037554785
-81.1542552892014,26.661913645347465,0,-1,2020,95,17,74,9,66.54068516141768
-90.39038165806717,30.29037468828781,0,-1,2018,47,27,60,13,53.10217501264541
-87.56374533072243,35.42014245582718,0,-1,2020,100,66,25,9,29.979859808470746
-83.15257376261222,35.52498961206173,0,-1,2017,62,63,23,14,28.57790284360191
-90.70370245368463,33.506936676191046,0,-1,2020,8,0,75,25,71.25489816547301
-76.62886534997264,35.169901090657675,0,-1,2018,205,,,,40.08118516997022
-87.6674379377933,31.092779214634525,0,-1,2019,39,41,49,10,40.45361740778771
-81.51651826170036,31.546990988950366,0,-1,2018,200,56,34,10,43.69360635020929
-77.23224919376771,37.6088339976011,0,-1,2020,249,56,36,8,45.05542501727712
-87.89720476608703,35.95451774329835,0,-1,2019,137,65,26,9,28.1613503836317
-84.49329346377782,36.446192858957005,0,-1,2017,60,56,31,13,35.92593104537736
-79.97559788244111,35.96698108602633,0,-1,2018,100,17,64,19,65.2651287723179
-94.44538012138186,34.04798882887073,0,-1,2019,106,51,37,12,50.094831842328716
-87.55321197253501,37.023980401527176,0,-1,2017,72,29,60,11,57.67621793479332
-91.73802075259604,29.836886804894238,0,-1,2020,80,32,57,11,57.58162862333148
-90.96348200019376,31.147064874454557,0,-1,2019,75,46,43,11,36.66552806681541
-94.24792127849365,35.547315345525874,0,-1,2018,81,40,49,11,56.3002408877305
-90.95893447156863,34.43242300729024,0,-1,2018,104,3,82,15,72.85010863124621
-94.44165409478056,29.85486399431919,0,-1,2019,352,23,60,17,64.38237036451956
-88.912709695087,31.449649694773807,0,-1,2018,12,63,24,13,33.656839319918646
-81.11570996652411,34.560257467758895,0,-1,2017,61,47,44,9,42.902934091537325
-88.47079784736059,33.570774160071934,0,-1,2020,82,40,45,15,39.64961287078933
-84.05640135713095,31.268867746112175,0,-1,2018,68,30,58,12,59.40764733765206
-82.73730743830843,33.91693086669074,0,-1,2018,40,11,72,17,60.341067056314685
-78.31344438335732,35.44699394239605,0,-1,2019,83,40,50,10,52.23204059871251
-90.3881855129414,29.558943131259177,0,-1,2019,69,17,62,21,63.26045445485347
-91.89186238544083,33.40316982516319,0,-1,2019,103,61,28,11,36.96444014452976
-91.85097981295982,35.201335826607426,0,-1,2019,83,13,73,14,56.88022982605094
-91.2784535776394,31.8894165027968,0,-1,2020,74,57,32,11,43.983406269182765
-86.04292444402252,37.662225389515406,0,-1,2018,70,41,49,10,51.96980707332005
-78.64756579916529,37.73021467803237,0,-1,2018,4,36,52,12,44.88606244939069
-93.42721340924561,35.79144961742826,0,-1,2020,239,71,21,8,27.811676900902313
-84.34812668923455,35.84731735549631,0,-1,2020,155,47,42,11,53.32807440170601
-93.35652194525936,30.743900391540215,0,-1,2019,145,51,36,13,34.852222002765146
-88.17543643788369,36.41216735427963,0,-1,2018,274,49,42,9,51.45287937435818
-80.5776006894729,25.25723289877358,0,-1,2020,86,6,15,79,38.34624817056287
-84.53408545039487,32.31412173286934,0,-1,2019,113,47,43,10,52.702357913029765
-78.36758814718743,34.53669228613787,0,-1,2019,80,54,34,12,33.482839652448654
-83.00436267093386,35.472632157397875,0,-1,2020,104,6,71,23,56.32246341029844
-80.34015647442085,32.74251300807638,0,-1,2020,42,55,37,8,44.403072305808955
-87.95462473496714,36.04804161146077,0,-1,2020,159,67,21,12,35.93035354301692
-82.02487626261721,34.99873631173297,0,-1,2019,108,11,71,18,61.783925750394936
-92.32900717567416,35.4049854863651,0,-1,2017,7,41,50,9,54.66806208285614
-88.14371321268241,33.36018000833894,0,-1,2019,207,52,38,10,38.7611854835525
-87.81637371573757,34.208688488628724,0,-1,2020,117,47,43,10,35.66389558074325
-92.52527269045538,36.46542288003189,0,-1,2018,283,43,48,9,48.72147849780833
-85.27358526827638,34.87377602057892,0,-1,2018,47,32,57,11,64.08767568217817
-86.36547316352518,31.294374387663293,0,-1,2019,93,19,56,25,52.26538712161606
-87.01189961850092,32.05211922440996,0,-1,2019,125,28,58,14,40.503011750765296
-93.44197870708362,33.35857535768112,0,-1,2017,72,14,72,14,52.96895795896606
-83.68675916169147,32.29689443621305,0,-1,2018,31,29,60,11,50.9271226275354
-79.38235723822064,34.07856042149685,0,-1,2020,95,35,55,10,45.92615408916794
-94.28295920279474,31.508441391645825,0,-1,2017,339,35,53,12,56.42626964694731
-78.81195640018427,36.58343223682557,0,-1,2019,114,55,36,9,50.26814627596556
-93.42099826441611,34.986917522567055,0,-1,2017,17,57,35,8,31.050315955766173
-79.38676965326229,34.160964275634555,0,-1,2019,99,32,56,12,61.02839596374477
-82.60651204437143,31.420550608476493,0,-1,2017,26,24,61,15,49.59112989218434
-91.92669105072028,31.47435505652569,0,-1,2018,47,2,68,30,61.17414055249493
-92.0607961230544,33.27463767932888,0,-1,2017,85,58,32,10,31.60816495822718
-93.99146356669365,33.450119983750014,0,-1,2018,4,46,45,9,62.93594376320518
-82.65647873696699,37.76871006575782,0,-1,2018,50,40,50,10,43.878570420689805
-82.09039696159559,28.477876474214852,0,-1,2019,53,54,40,6,46.59169003515149
-79.74467791702327,35.35522470204453,0,-1,2020,191,55,30,15,41.921647611713375
-77.67184505054759,35.29337435759761,0,-1,2017,121,34,53,13,64.24405608214852
-85.16688454238218,32.0878002991635,0,-1,2020,319,20,67,13,51.09787502962317
-77.44594292390073,36.213602834238955,0,-1,2017,115,52,35,13,48.0416197753164
-93.96694434553616,37.31983787020465,0,-1,2018,95,5,75,20,70.76906670879578
-88.0265601509115,33.76538130980789,0,-1,2017,73,47,42,11,46.32792970678251
-80.06285042620718,35.71611944304868,0,-1,2017,313,27,59,14,54.201429474016734
-82.26222614567386,29.312784725902237,0,-1,2018,78,40,55,5,65.36940939517798
-94.28640276369201,35.81588675229541,0,-1,2020,22,41,50,9,42.830506466581085
-82.02285559123966,36.28979566396872,0,-1,2019,96,73,20,7,24.978902028037563
-88.72814301738914,34.54750977692192,0,-1,2019,299,21,67,12,56.485673097809986
-92.35812353244489,33.15897637013226,0,-1,2020,17,34,57,9,40.96153694270031
-76.25023040133095,36.575617503405965,0,-1,2018,116,14,71,15,50.82708711792119
-83.72576476253919,34.9644449799811,0,-1,2017,257,68,25,7,38.544783268140804
-82.20490720982994,31.02610618741636,0,-1,2019,76,40,50,10,47.27266624545884
-94.38547739818478,30.079380239774185,0,-1,2017,125,52,37,11,51.38655213270144
-81.64854923558741,28.29097082992671,0,-1,2017,65,5,79,16,67.99338454550842
-77.8340837589852,34.61778392811077,0,-1,2020,61,18,64,18,43.48119187251941
-91.87418518601055,37.650733212783216,0,-1,2019,108,29,58,13,53.04478407677271
-85.50224981341285,33.52646432735919,0,-1,2017,135,69,21,10,28.83986334373397
-81.42281784678076,37.56325836893683,0,-1,2018,90,68,26,6,25.152506221116262
-94.43385855815761,29.719499013471996,0,-1,2017,100,9,72,19,69.72855478085683
-88.68987711645077,31.92164334430273,0,-1,2018,52,58,32,10,34.127660834880125
-92.34299523500344,37.433542716256085,0,-1,2018,91,25,57,18,53.8118076809162
-89.3366999789987,34.386669225473405,0,-1,2020,80,58,31,11,32.04079859396906
-80.51264173414759,27.138561360585474,0,-1,2018,40,30,65,5,67.11434043477401
-87.48740672952039,32.50345036441901,0,-1,2018,100,20,67,13,65.73064997136257
-84.32413402259566,37.095271502805126,0,-1,2018,330,53,40,7,32.5741113744076
-83.3768524542614,37.41367320503215,0,-1,2020,203,64,29,7,29.257879146919425
-81.3850891758591,30.03673999728091,0,-1,2020,62,31,60,9,56.35887174028736
-82.0707778768242,31.372687840296646,0,-1,2017,338,54,35,11,39.7543094086287
-80.5910409951198,37.722074397806985,0,-1,2018,112,70,23,7,24.69426286165696
-88.48804391218806,30.32105861897454,0,-1,2018,232,13,34,53,53.14050460794681
-84.12210799237343,32.55159633061652,0,-1,2018,226,33,57,10,57.346774352797105
-80.9445274896472,33.73178985000237,0,-1,2020,48,46,41,13,49.67019470005132
-90.4599551866621,32.346402865160364,0,-1,2020,140,27,61,12,62.10668588579101
-77.43765744140639,37.25867813900634,0,-1,2019,284,40,49,11,56.351479967616484
-84.38373784444043,31.502801585258734,0,-1,2017,275,68,25,7,35.26018876865967
-85.70449678581764,32.652624674501794,0,-1,2019,315,54,35,11,35.69451630102093
-88.63233155434904,36.127764483409265,0,-1,2017,316,30,57,13,67.17209991114623
-81.34566469996946,31.77904441988132,0,-1,2020,141,51,43,6,46.98778822365166
-81.91071238894911,37.79253262359722,0,-1,2019,1,39,50,11,34.63518957345971
-88.97858970789245,36.75739256003599,0,-1,2020,72,7,76,17,53.4171504166173
-79.11050354253801,33.54780815730689,0,-1,2018,138,45,33,22,40.48420990263268
-87.47929499027498,30.57270237658232,0,-1,2020,145,61,38,1,32.289452376720575
-85.67727808224993,30.70783878281517,0,-1,2017,350,42,47,11,51.165119860984966
-81.45468785031096,26.31810544897168,0,-1,2019,49,28,62,10,61.33754640966904
-88.39681029936683,37.79627205134949,0,-1,2017,100,1,69,30,73.66576484063347
-82.15201168671857,34.54405228501314,0,-1,2018,183,24,63,13,50.59801327119046
-83.81857984264332,30.38131928000324,0,-1,2018,17,30,59,11,45.69511641225146
-91.07467353195116,32.437721238954936,0,-1,2018,113,22,62,16,56.90580815488411
-91.92644904092765,33.7807625862834,0,-1,2017,351,58,32,10,33.106935502981955
-84.45340688420829,35.45270014456907,0,-1,2020,117,33,40,27,60.32495309568481
-82.56061282286711,34.745656512619426,0,-1,2019,134,39,49,12,58.9634924082374
-91.35326468493828,34.448826025872116,0,-1,2019,33,2,57,41,63.54626537427706
-88.07824793723447,32.9331548370803,0,-1,2018,342,56,37,7,49.166455996207944
-80.21383982395675,33.642282732598574,0,-1,2018,34,26,61,13,61.57421851859164
-82.22849855727627,34.860360926386825,0,-1,2019,235,8,79,13,62.08371835880423
-90.18440555060972,34.799419578184825,0,-1,2019,142,55,34,11,41.04403246818319
-93.85291009873968,30.187377931240015,0,-1,2019,72,40,47,13,53.305545602930074
-88.30431192951903,32.939669405763674,0,-1,2018,57,51,34,15,32.173272508244956
-93.77289496737734,36.950438663963276,0,-1,2018,124,12,66,22,63.852071239584546
-87.16473979481341,30.76478673323642,0,-1,2019,53,48,42,10,46.544372273005465
-84.37339026270405,35.97577231542759,0,-1,2018,53,45,45,10,43.29746273077302
-82.87444213167034,37.26097523939683,0,-1,2017,6,71,18,11,24.282546452619336
-93.46889738681205,36.55157197952215,0,-1,2020,54,51,42,7,40.34655989885153
-85.19363133199371,30.543651646757702,0,-1,2019,52,27,64,9,66.67274322868882
-82.70973710672693,36.44973375113647,0,-1,2019,78,67,26,7,38.528781027230906
-93.8313788132857,32.57783427564828,0,-1,2020,62,14,71,15,55.69064307856341
-83.31103995689834,36.38917061104606,0,-1,2020,96,64,22,14,32.97529962287994
-81.47700844216183,36.115828089209025,0,-1,2020,128,69,25,6,26.722372499851904
-80.47045585744594,33.459684796607405,0,-1,2018,216,32,57,11,60.273152719086966
-80.34538160541898,32.606918692105495,0,-1,2018,221,42,47,11,49.659406409826076
-79.47632460609378,37.04914998188608,0,-1,2019,165,61,28,11,41.04842031242152
-82.52014440614266,35.0389417005545,0,-1,2019,74,49,44,7,49.764726791603316
-89.82467395950265,34.87952047982624,0,-1,2017,114,37,54,9,60.862947971171884
-92.03629051784351,30.317041898268215,0,-1,2020,126,9,75,16,69.2052882052092
-87.30431477336911,37.30200558510262,0,-1,2019,280,54,35,11,44.64082129945874
-79.60245458069798,33.35606941696327,0,-1,2018,360,56,32,12,49.44360635020929
-94.4584015001882,35.594914562491915,0,-1,2020,73,27,62,11,52.0812385221461
-90.55022259419695,34.93342508271629,0,-1,2017,77,31,53,16,65.17614421591738
-93.41065029786958,30.35801545097459,0,-1,2020,10,15,65,20,55.52792589959317
-78.91688945447675,36.625785757211155,0,-1,2017,60,26,58,16,54.40997492447726
-89.66997134147034,32.592521993113294,0,-1,2018,266,57,33,10,43.21580361022236
-81.66874054645679,36.83446593431662,0,-1,2018,354,31,55,14,41.95969589257504
-91.35697967831433,32.73691125044725,0,-1,2019,76,10,68,22,53.555189163573196
-86.51603805135818,34.42408990468799,0,-1,2020,64,38,51,11,51.54139347499805
-93.7052642375906,31.749625406080998,0,-1,2018,321,48,41,11,36.97972039018996
-81.79613669717308,35.5674776814166,0,-1,2020,8,73,17,10,21.312133478132107
-89.60923812075072,34.54537453743064,0,-1,2018,73,28,58,14,48.53836004585467
-83.52884553945815,32.34282341557426,0,-1,2019,97,52,34,14,41.48860719504005
-77.3577906137536,37.573780201337236,0,-1,2018,98,42,50,8,51.30272276738996
-78.4265074800108,37.53481158303512,0,-1,2020,70,33,54,13,41.20707359939967
-90.56674228525138,36.419397593580925,0,-1,2020,348,2,73,25,70.0908677963424
-89.43850133100467,31.10346245681455,0,-1,2019,264,45,43,12,42.24081898594217
-82.97470790321452,30.265826059890237,0,-1,2020,109,13,70,17,61.45213973971598
-87.14040033657449,36.66264740187259,0,-1,2018,18,6,77,17,69.4434194465011
-91.04118169300381,30.565100050334507,0,-1,2018,188,17,63,20,62.991824644549745
-85.18809560043638,34.298897775553364,0,-1,2018,123,18,69,13,50.36458646767367
-91.51608270407267,37.70060192465499,0,-1,2017,39,20,64,16,59.588216711419996
-82.61222417530334,33.6854713171164,0,-1,2020,49,57,32,11,42.01927596626707
-81.45442813674833,36.935015252580484,0,-1,2019,217,22,69,9,43.77063423110339
-93.97186578663333,30.84687717025907,0,-1,2018,85,60,28,12,42.88405568170597
-91.24306232294872,30.69113121549718,0,-1,2017,253,33,55,12,54.66681802925904
-91.573753197037,33.857369513614884,0,-1,2017,161,3,76,21,71.66389574489095
-81.41966881135382,26.644469288773408,0,-1,2017,176,38,53,9,63.509645572119666
-80.36442868430248,34.533653533406806,0,-1,2017,102,49,42,9,56.39210674609561
-84.59411154442354,33.16894557201542,0,-1,2018,93,57,31,12,40.67635035054805
-81.75667761720902,30.49592294851046,0,-1,2019,65,42,47,11,43.356561747166396
-85.47374375434838,31.791861572139123,0,-1,2019,20,26,63,11,45.07453048166362
-92.68170923416041,33.67955575040514,0,-1,2018,284,46,45,9,34.88361209296814
-81.47334324452032,33.845372237936175,0,-1,2017,127,22,64,14,55.92200304089411
-86.57711631138926,32.65649116550594,0,-1,2020,238,48,41,11,49.71156656004427
-87.50877470290368,31.29733377983504,0,-1,2019,75,7,78,15,63.34428625027152
-79.38850571687954,35.23253739715214,0,-1,2018,281,16,67,17,60.979260523547744
-77.1102770114249,35.5499003448122,0,-1,2019,139,51,41,8,45.42332403141023
-77.0785240353009,35.089007182569,0,-1,2020,298,35,62,3,57.240527953468515
-86.48329913335608,30.653803126032233,0,-1,2017,92,26,62,12,65.66415906488177
-84.3075376360907,35.600314412697536,0,-1,2017,62,19,63,18,63.75555336163487
-89.78013177981852,35.56669738771656,0,-1,2020,352,22,62,16,59.959300947867305
-78.48323156059162,36.37192276189759,0,-1,2017,42,59,33,8,41.24685019155575
-93.49528310097251,36.7753570603365,0,-1,2017,80,53,35,12,47.99866921733344
-79.11915514522089,36.037874007011446,0,-1,2018,49,51,42,7,45.753110066743005
-81.45482905634863,29.40744847440766,0,-1,2017,123,29,59,12,46.36287429056039
-88.10577881493288,31.034629685883996,0,-1,2020,15,26,60,14,44.049598199301045
-88.85608530359313,33.64025995463306,0,-1,2020,76,57,32,11,42.07429790259511
-90.48367968325445,29.988298261832675,0,-1,2020,136,27,60,13,57.37370291400145
-91.03946073037032,31.62735465317662,0,-1,2019,133,61,27,12,31.056801579466935
-80.83002125075818,36.90266320667873,0,-1,2019,77,41,45,14,44.973463383813446
-89.31155266121503,31.4922921281689,0,-1,2020,105,23,65,12,45.90381576868381
-82.36307829728162,35.41795493310857,0,-1,2017,9,20,64,16,50.90393349393784
-85.97215482314373,32.66763070709573,0,-1,2019,115,45,45,10,41.96961020496822
-89.90681198712073,31.463354174734114,0,-1,2017,115,52,38,10,37.67222310001579
-78.532853423755,37.722733437038215,0,-1,2018,167,54,38,8,41.42776746573992
-86.2251261719908,35.154897151350696,0,-1,2017,108,49,39,12,55.395857193633745
-87.30319938422775,36.43253350828811,0,-1,2018,170,6,57,37,63.56511242206037
-89.37654721191404,30.829340726069244,0,-1,2019,18,63,26,11,34.43405356296412
-84.94906994909753,30.020606714879175,0,-1,2020,108,42,48,10,40.5832954882022
-83.14045983299764,33.27605735539098,0,-1,2019,298,36,53,11,44.960799415447205
-82.19301178018254,31.778325322865307,0,-1,2018,85,53,36,11,40.23678442368833
-89.918969912188,31.301948158019542,0,-1,2019,116,46,43,11,50.256475804357805
-90.69415654737158,33.32711851564514,0,-1,2019,261,5,74,21,68.16265616840076
-77.83274031986122,36.97385732364833,0,-1,2017,106,55,33,12,48.00766162473838
-90.48578778171904,31.04332958760301,0,-1,2019,347,61,27,12,35.786502655636056
-86.59710982791556,36.020126621825604,0,-1,2020,41,4,59,37,56.458125160449434
-85.13024050060282,31.334018747196676,0,-1,2019,47,5,63,32,68.88161766157855
-82.67004019680769,34.18023278981448,0,-1,2018,255,46,44,10,44.44085936574385
-87.61408726887586,35.77347413904475,0,-1,2018,109,37,53,10,43.45459571527299
-77.56633227971464,35.03082868207265,0,-1,2017,49,53,35,12,47.633568339356565
-94.04037001152032,30.614135631440856,0,-1,2018,75,74,15,11,26.7910512597741
-82.27953445841736,32.95824399015445,0,-1,2017,13,41,47,12,45.24382972001739
-90.33660552835279,31.521988042392547,0,-1,2019,319,53,34,13,47.10198641497512
-88.2779715831628,33.5400077914678,0,-1,2017,291,28,58,14,51.8934367965881
-83.85801591881359,37.70587838222541,0,-1,2018,257,55,36,9,34.58057573842996
-82.01255701478351,30.17392534319188,0,-1,2018,292,57,34,9,54.11348106015719
-84.82974875207385,34.64309175874842,0,-1,2020,129,31,58,11,52.1638298712582
-86.44768844746203,31.942388278615997,0,-1,2018,45,43,46,11,47.375515845591906
-93.24365152277673,31.604466153345665,0,-1,2020,57,59,33,8,36.97359951029757
-91.03589430632353,36.48446787082925,0,-1,2017,102,12,76,12,51.73950990265191
-88.50098147843305,31.548875608642877,0,-1,2018,135,57,30,13,38.256649750202406
-91.21250598696936,35.48126779724717,0,-1,2019,80,1,76,23,69.76823271520828
-88.68324919554985,32.34420111916322,0,-1,2020,44,37,55,8,46.41287392635008
-92.91566535383919,32.15278959342191,0,-1,2020,308,59,30,11,42.174163737609106
-88.77509246611153,30.620202698349463,0,-1,2019,37,64,24,12,33.851675586010785
-93.6408720906128,34.302865960526184,0,-1,2020,97,46,45,9,49.45707120571858
-94.2545346238709,32.33398003353264,0,-1,2019,251,72,18,10,40.81237903385076
-83.62741991566968,32.263237477553695,0,-1,2019,93,56,30,14,46.605931952370604
-89.59889418346138,36.926207656838606,0,-1,2019,160,5,77,18,73.8233226710895
-93.10171210268444,31.430121237097985,0,-1,2019,356,54,36,10,30.546307266982616
-89.25498626810227,35.0720977105674,0,-1,2018,49,57,31,12,49.51645009676527
-86.4658069322922,34.47390624860601,0,-1,2018,321,40,35,25,47.852570553489414
-94.40769877036516,31.078852591312923,0,-1,2017,247,29,59,12,47.16795370608102
-85.64688129451577,32.268460493196706,0,-1,2019,266,51,37,12,40.119732216912205
-80.75955885877302,26.43864560370364,0,-1,2017,141,17,61,22,61.15415909629514
-92.39026982049664,35.04918694613115,0,-1,2019,83,21,66,13,56.09887869520896
-82.61461879088951,29.51210931094346,0,-1,2020,278,30,58,12,66.49295885919693
-80.02540229757504,34.93163978242893,0,-1,2019,105,24,60,16,50.691203191657465
-88.08270238528104,32.996409276838435,0,-1,2019,81,51,37,12,43.072979004957425
-92.75258380303907,31.968621910145004,0,-1,2020,337,73,20,7,30.696465244865713
-89.9485530819973,37.51656049064517,0,-1,2020,46,5,76,19,65.93552272996563
-94.46548013809102,32.47159005130714,0,-1,2020,280,41,48,11,51.68881090836176
-91.3218108449025,32.96877600385441,0,-1,2017,55,22,58,20,67.61114840849855
-85.07546032187159,35.48509667660825,0,-1,2017,176,65,28,7,32.04911040461286
-94.02390700874153,32.590317602668954,0,-1,2019,12,52,38,10,41.600920330212915
-90.05186957353943,34.22827762100627,0,-1,2020,133,36,48,16,46.04843422975158
-81.59547637944918,27.22037856113696,0,-1,2019,73,9,83,8,72.20860482565256
-93.87828774300914,36.03261591242958,0,-1,2020,66,31,57,12,59.066682463519115
-88.82226989741723,34.9567969162369,0,-1,2020,123,40,50,10,46.898469740349476
-90.83088710667356,29.255586817855217,0,-1,2019,231,,,,55.859018326010066
-81.15856365399601,28.095123041536493,0,-1,2020,319,4,79,17,66.36118571767122
-83.45201846298735,34.800075023223904,0,-1,2019,280,74,22,4,29.466454683704313
-79.43364837643807,37.18823306063102,0,-1,2018,84,40,49,11,55.02689307927733
-87.18287682843582,32.633205107581226,0,-1,2017,63,62,28,10,32.10640944633127
-82.19762550984352,37.80749550379884,0,-1,2019,24,72,17,11,23.73675166406606
-92.53744176773883,33.746969523798995,0,-1,2019,202,33,57,10,39.46047668884895
-88.96235463055864,33.54806068890041,0,-1,2017,78,29,61,10,46.215972825657644
-86.26352424687285,34.24134228996183,0,-1,2019,253,17,67,16,65.06267648743112
-81.84150943363271,28.792414308127164,0,-1,2018,95,15,79,6,61.96467671968602
-87.97568468789123,35.108146016482266,0,-1,2019,72,44,47,9,47.52022276641122
-81.35378462955354,33.60369765974871,0,-1,2020,353,40,48,12,56.15591365997198
-92.7371999462557,36.516041279735944,0,-1,2019,112,44,49,7,44.82444749350714
-83.2600516481987,33.47925335430625,0,-1,2017,85,50,38,12,56.01304557511454
-91.32129302999599,36.06687665609139,0,-1,2018,11,31,57,12,58.77913819661126
-91.87439660172997,31.876938872662144,0,-1,2018,14,38,33,29,37.039754149248786
-84.40971712132011,30.953132936974615,0,-1,2020,72,23,66,11,62.04478407677271
-79.52433202103383,33.88100368406072,0,-1,2017,78,17,66,17,60.39956956976723
-85.98929016889478,35.17094875690878,0,-1,2017,74,16,66,18,61.76914267661811
-84.95599817445014,31.443473041598846,0,-1,2018,102,37,50,13,65.59727899216078
-80.09964691838036,36.345982152403955,0,-1,2018,321,48,43,9,49.37650310988254
-94.31150027519212,30.141338585686167,0,-1,2017,21,51,36,13,46.52408413152958
-92.94901274484386,34.349413813899496,0,-1,2018,52,51,35,14,48.88407313798277
-84.63893194592586,31.429618010344566,0,-1,2017,327,36,53,11,60.08742791689704
-85.23807993585596,36.07536509371629,0,-1,2019,62,58,34,8,37.678974804517814
-91.86634557318851,35.73841042286828,0,-1,2019,266,54,38,8,43.54630543817386
-89.66390915926657,35.488900022282444,0,-1,2018,144,6,74,20,71.40566373079506
-94.38743846765149,36.317426624833466,0,-1,2017,141,14,71,15,67.61243433266189
-91.0239777710274,34.10380469553438,0,-1,2018,136,12,62,26,63.00100700957651
-78.15279584323532,34.403517447087005,0,-1,2017,114,38,52,10,42.44148200813682
-92.29756767838481,29.839265523974287,0,-1,2018,63,20,66,14,57.91578136724458
-82.21682737613119,31.82664126345763,0,-1,2020,2,19,68,13,55.41916628818548
-92.67676541144807,30.716551595197057,0,-1,2017,293,70,25,5,36.56612231196065
-84.21137349860646,33.328554485421115,0,-1,2017,169,,,,52.7768438177874
-82.71055486444914,29.36906248518132,0,-1,2020,143,55,37,8,42.67226940549079
-88.64039391396551,31.648239030689695,0,-1,2017,157,38,51,11,55.02294810016591
-94.18387596995755,33.5607867414388,0,-1,2020,318,3,80,17,72.89855366041407
-91.96074219989426,36.483462127485026,0,-1,2018,6,21,67,12,60.633439308070585
-85.91684935616068,35.55110736091781,0,-1,2018,292,26,62,12,65.72242407487859
-89.39904464293876,37.77415149054361,0,-1,2018,80,36,53,11,54.33214844305418
-83.50714127959364,31.93311338185431,0,-1,2020,189,29,53,18,68.1049856846678
-81.47182059316584,36.377170780724,0,-1,2018,78,16,68,16,47.76798831055999
-84.00458650625488,35.81295986465771,0,-1,2018,90,17,62,21,60.4814141813154
-89.58271083661347,32.875124814185654,0,-1,2019,249,48,42,10,35.436715109391045
-94.41420288078601,30.205935887136906,0,-1,2018,78,46,43,11,35.805347656944264
-80.47726676903375,25.935152580487014,0,-1,2017,42,11,49,40,56.849072995439016
-88.91985292969979,37.1387840334515,0,-1,2019,130,3,75,22,72.10336248938731
-88.89438607758372,37.4057492289971,0,-1,2017,191,23,65,12,63.1262415829071
-81.3575043005591,30.014786729097043,0,-1,2020,68,20,47,33,46.985213612506335
-86.7120603614642,32.88379113840757,0,-1,2020,11,11,72,17,59.99217994036218
-78.59348239967883,35.50720093245398,0,-1,2020,67,28,61,11,63.881870790622365
-81.89213096579786,34.99178725923435,0,-1,2018,263,55,35,10,54.0655303853218
-84.92195994648586,30.29901456809494,0,-1,2020,196,50,40,10,39.73430495487491
-80.31200471960727,33.701185216643125,0,-1,2017,18,3,75,22,64.51593476028752
-90.41789009293416,30.039117128589798,0,-1,2019,321,46,44,10,39.472494273754045
-79.4873692048044,34.6748636141578,0,-1,2019,129,12,74,14,64.79079869681112
-80.06894714336056,36.70401303558572,0,-1,2019,42,53,38,9,45.097780586051655
-77.23678585201095,36.681238300601755,0,-1,2020,12,18,69,13,52.316253998341416
-91.72913179080463,31.610843709103545,0,-1,2018,109,10,74,16,56.93142191418358
-84.18975420986851,31.663410808188868,0,-1,2018,237,33,55,12,61.43176791215736
-93.24625653849075,30.59717599189579,0,-1,2017,136,41,56,3,53.4400595533499
-89.00810792283477,33.76628293889626,0,-1,2018,139,54,34,12,54.732329015953255
-90.59850497305635,34.246040371822424,0,-1,2017,60,4,74,22,72.4939183318853
-78.62202235411701,36.11998181102495,0,-1,2018,54,32,58,10,52.638297032049124
-93.11960338619998,32.409478511983146,0,-1,2018,308,43,51,6,44.53686080947682
-79.07910383849587,37.37442550333811,0,-1,2019,69,23,64,13,49.354955171791346
-86.08487718622764,37.69257166877138,0,-1,2018,82,25,62,13,58.036022514071284
-85.72534430175546,36.387933134625015,0,-1,2019,102,67,24,9,32.40332009816636
-89.21894087217326,31.711819134444042,0,-1,2020,78,32,56,12,53.08394881314427
-82.73167215865759,30.20925657279289,0,-1,2017,353,26,63,11,58.82928515007901
-90.79726707893803,29.958549560588114,0,-1,2018,278,38,49,13,55.11421745740295
-82.97850601920736,34.83830389858871,0,-1,2019,67,56,33,11,40.32425959926561
-82.15104459274865,31.77311783217663,0,-1,2017,1,42,46,12,38.79635078296243
-90.35057029349538,34.18943272646989,0,-1,2017,282,40,52,8,56.4133225373252
-85.7444535342316,36.165065727605445,0,-1,2017,73,67,27,6,35.63733659808065
-93.94940011399859,32.571059347566134,0,-1,2020,137,43,46,11,45.53669371557187
-89.43471277738591,33.100217733137654,0,-1,2017,127,51,39,10,39.56454606484225
-91.63518615770442,30.4099996614479,0,-1,2017,122,56,37,7,31.541565444095504
-91.52208855974517,30.378412253593563,0,-1,2017,257,52,37,11,39.8201259848739
-86.75193155340168,33.741934844575,0,-1,2017,70,46,42,12,45.92377416615654
-80.7562121223399,36.08843331311802,0,-1,2019,306,29,60,11,59.849610994826406
-91.56888850601054,32.790234354077704,0,-1,2018,22,1,77,22,71.17923149830189
-94.12630305942322,33.24637468751728,0,-1,2017,50,65,25,10,42.95853489979269
-89.9083428167633,31.022125542120385,0,-1,2017,172,48,50,2,42.93690010664771
-78.36386739566446,35.76363275093613,0,-1,2020,217,31,56,13,57.39986179664359
-87.71098039854252,32.21392686814216,0,-1,2018,121,45,44,11,39.424909654614034
-75.93359796103597,35.95618056845654,0,-1,2018,321,45,47,8,45.059440421069304
-89.23186377313945,32.567207930628975,0,-1,2017,51,42,47,11,42.854014021921614
-92.02962068034137,34.1067863150561,0,-1,2018,142,44,45,11,38.70938499822253
-79.4955464200073,37.6859818605922,0,-1,2017,267,10,73,17,54.276918823924326
-92.57708133072116,34.5806814787817,0,-1,2018,44,7,39,54,60.24231966166613
-91.22396860121864,36.009368622618126,0,-1,2019,59,36,52,12,49.622334123222764
-82.35742844279395,28.987347766583,0,-1,2019,78,22,59,19,51.27811129981436
-94.28831045621807,35.235152263546425,0,-1,2018,42,42,48,10,60.38995583647339
-80.27097439498326,37.64466048238646,0,-1,2019,106,47,45,8,33.29984598981166
-77.4215182316625,37.04693374855823,0,-1,2017,7,54,38,8,42.24205205165673
-90.2547503854801,31.481808022015716,0,-1,2019,90,53,35,12,45.03960591522041
-86.47321070285214,31.728004619136353,0,-1,2018,41,45,44,11,45.61002626019309
-83.92027124253393,34.155384276209915,0,-1,2018,276,46,40,14,52.188909867832635
-91.73529666610125,36.68116961375896,0,-1,2019,61,23,66,11,59.799818339783606
-80.65042884019259,27.783798852381487,0,-1,2019,10,28,64,8,61.11521829275516
-82.1080273807994,35.52348003363616,0,-1,2017,321,50,42,8,42.24167012304715
-83.40396448250864,35.227689141372174,0,-1,2019,154,31,58,11,54.44861086428528
-91.29871899088656,32.08796652521744,0,-1,2019,85,1,60,39,68.60299344443565
-78.78443883166649,36.751864979040086,0,-1,2020,278,30,59,11,50.57052864393055
-86.17026335848655,35.58147760388604,0,-1,2018,122,50,38,12,41.98752073295949
-80.9149633487228,33.147499932964585,0,-1,2019,204,32,58,10,54.5088554109819
-82.42222601062227,30.680498484570194,0,-1,2020,82,52,36,12,36.52682397077699
-79.87939813308955,35.410134340630954,0,-1,2018,356,60,31,9,38.414121270756404
-93.25384688215503,35.64459666972182,0,-1,2017,170,62,31,7,32.35700886598346
-90.55190860377675,31.46970873618868,0,-1,2019,236,28,59,13,44.26313607013802
-85.13368968053358,36.17371076970799,0,-1,2017,187,57,37,6,41.74152977412732
-89.04975277482953,37.334229339482896,0,-1,2017,337,15,71,14,62.34320192763471
-82.9413892720193,31.786866267340017,0,-1,2020,225,46,30,24,32.72032777174451
-83.42209263137673,34.508210813025975,0,-1,2018,92,58,32,10,28.08110509893756
-84.83883172147284,34.42786343242325,0,-1,2018,41,31,58,11,55.12132280355381
-87.41849565206991,36.709761260459096,0,-1,2018,61,5,77,18,75.95538394691103
-90.91187137704009,31.801480360754777,0,-1,2019,113,33,56,11,42.23311611374405
-94.19079631268217,33.731015701245326,0,-1,2019,250,30,56,14,36.08373819962871
-80.58246601735571,36.43683506753653,0,-1,2020,61,20,68,12,50.41854770227306
-83.9689377508279,36.17841921887569,0,-1,2019,76,37,53,10,48.110040477835945
-85.11001327177188,34.69665402975567,0,-1,2018,90,21,61,18,48.80509478672984
-92.73395703897995,32.42593128474611,0,-1,2019,0,63,26,11,33.885670280196685
-77.03135125643664,35.682926552295626,0,-1,2018,46,52,42,6,41.65006022550006
-81.14909932298937,33.8128804087526,0,-1,2019,90,15,70,15,67.64280072664087
-81.49813099267801,33.24158335941677,0,-1,2019,321,29,57,14,50.97038517816293
-77.00766984757233,36.9908354140488,0,-1,2019,338,59,30,11,56.133565025078
-80.55500720031442,35.41063865843145,0,-1,2018,140,37,51,12,58.60016979604726
-81.94654552215194,28.230262228892823,0,-1,2019,42,37,50,13,52.638313419571446
-81.36242879510755,28.398312494496192,0,-1,2018,34,12,59,29,61.64360326205004
-81.82105906964223,32.303372773526405,0,-1,2020,49,36,51,13,53.208864134621074
-80.20534646181721,33.305173379621365,0,-1,2018,65,48,41,11,40.253613744075835
-84.46819774593251,34.61681022463247,0,-1,2017,79,37,53,10,44.466028235758685
-77.9587664240019,37.592719066666305,0,-1,2017,96,54,38,8,39.111490689362356
-89.04565200110319,37.01186694348673,0,-1,2020,325,24,65,11,60.44953095684804
-76.37313714484928,36.85141122937664,0,-1,2020,17,37,54,9,56.292049810829084
-93.35709605683255,37.165245882277624,0,-1,2018,60,13,69,18,67.10520496011375
-81.61737383093943,28.11278460537701,0,-1,2020,360,6,72,22,69.41648822269805
-76.18551972615938,36.30017483196344,0,-1,2017,91,50,37,13,40.63555031027524
-87.9077944601947,34.6997839924774,0,-1,2018,8,56,35,9,40.764906875234544
-80.83951956790587,36.406611503109865,0,-1,2017,42,34,57,9,48.11964377394259
-88.45739622932163,32.80606620485129,0,-1,2018,171,54,34,12,40.11283570300159
-93.30423482865248,36.11034079634622,0,-1,2018,36,48,42,10,42.15856908771443
-86.87631078655187,35.19834256907337,0,-1,2018,8,45,44,11,50.79006615977091
-88.57036485963977,36.643304300104866,0,-1,2019,83,14,63,23,70.17887462981244
-93.24763492216941,31.487740931236676,0,-1,2020,358,40,50,10,34.453949447077406
-90.2470675149394,34.25604038625119,0,-1,2020,33,2,67,31,68.25101790726173
-89.99726820496515,36.49057903491463,0,-1,2020,55,1,82,17,75.29236359327793
-83.71179945943697,36.575223610907926,0,-1,2019,26,62,30,8,23.44372260179298
-82.84794430283338,33.848321877197094,0,-1,2019,173,52,38,10,39.05641339546639
-89.35772453772633,31.188773313971137,0,-1,2018,47,55,31,14,42.41753401931546
-82.57045452866446,37.60600224855782,0,-1,2020,111,57,35,8,34.3751826835723
-78.07688834070103,35.53826004508001,0,-1,2020,111,50,42,8,61.8687598736177
-84.9593912136352,33.97107039274635,0,-1,2019,100,57,33,10,33.83017675520884
-78.74651068758396,34.639401465855855,0,-1,2020,79,38,51,11,56.696054813995744
-83.7031333965278,31.77376886040389,0,-1,2020,65,63,23,14,57.86669957547637
-77.45297927649689,37.15189463866937,0,-1,2017,1,45,46,9,54.12413861190643
-80.64197238825194,34.42585982364736,0,-1,2020,141,54,37,9,41.713512873163786
-82.54275831362374,37.06210050195401,0,-1,2017,98,48,44,8,29.26126624274261
-94.3209997917996,36.27186506577208,0,-1,2019,163,17,65,18,62.3236043365785
-92.73243870443314,35.58667429506182,0,-1,2017,125,49,44,7,48.52054821573158
-88.4380164218763,36.608168435300406,0,-1,2019,354,5,77,18,71.15896210580355
-87.88885282897435,33.93541200503742,0,-1,2017,202,39,51,10,39.755529225908354
-84.07366417730394,33.016283427706526,0,-1,2020,102,28,61,11,49.806994332655336
-84.13933991156922,37.535866050930196,0,-1,2019,103,57,37,6,26.61522361536184
-80.61655435787448,34.830163240057914,0,-1,2018,97,13,72,15,61.3898017220949
-87.84059352198307,30.73555471396639,0,-1,2019,280,48,40,12,41.193266857537786
-91.48356758224487,32.58943135320341,0,-1,2019,359,3,86,11,73.86907324394241
-88.01097370848376,33.171223079390636,0,-1,2019,21,36,53,11,40.180209362038305
-81.09426963890667,33.69701589868616,0,-1,2020,261,27,62,11,55.3855818661797
-92.62782259599017,33.669034375245204,0,-1,2018,103,44,46,10,37.190897423240195
-92.31342227390898,32.96028479338731,0,-1,2020,78,32,58,10,39.4709169167588
-83.52024344006404,34.65410187297347,0,-1,2017,115,19,68,13,56.756219887844566
-92.22082991310629,37.59054310699712,0,-1,2018,73,58,34,8,32.10530681571308
-89.87253507694159,36.081656673763334,0,-1,2020,34,7,76,17,70.39341154165187
-83.06140393583222,34.21573982939856,0,-1,2019,125,15,66,19,59.81916196042813
-88.58289793506052,31.00445193660732,0,-1,2017,322,57,32,11,43.761979979070844
-94.39058511293855,30.349705453914833,0,-1,2017,123,69,20,11,39.998775792279574
-88.4941887871727,35.70704827098039,0,-1,2019,71,23,64,13,57.46532659347601
-80.67745071214357,35.80682181698237,0,-1,2020,45,35,53,12,56.999308914996526
-92.05514063909253,31.658765723059425,0,-1,2018,112,49,36,15,43.65554348899203
-80.72728535065579,37.17889898884784,0,-1,2020,56,60,28,12,30.727988942639957
-86.2602869927016,33.917278846652536,0,-1,2017,2,54,36,10,46.92865887370666
-87.65118650977593,36.55592099160886,0,-1,2018,12,35,52,13,46.342093312535766
-92.71197833220997,33.993853077003706,0,-1,2020,223,37,53,10,41.0903167206382
-82.83701205883571,36.04919187899652,0,-1,2017,186,12,61,27,58.93209328041388
-86.55489756303756,33.203997470974265,0,-1,2019,76,27,61,12,51.17677026973659
-81.69484796495236,28.26062134260372,0,-1,2018,258,45,46,9,57.04289438344262
-92.60808069729427,36.628578819009974,0,-1,2018,92,29,60,11,49.62607373472088
-92.77143161948726,35.98095340378413,0,-1,2020,135,33,53,14,43.07391098297856
-88.39739962490819,32.98188147278412,0,-1,2019,81,50,40,10,38.803506901249925
-82.7484810167579,27.830696871397027,0,-1,2017,60,52,44,4,58.14822357999549
-92.25407905788595,31.71053284138294,0,-1,2020,47,35,52,13,52.4169727125538
-82.6898035005935,32.654134856616515,0,-1,2020,38,24,63,13,54.76069743103685
-77.18917442058512,35.05230105769237,0,-1,2020,69,46,46,8,52.123630333063545
-86.38909052916003,34.02702221394736,0,-1,2020,43,29,59,12,51.89152154168149
-87.03831571451914,36.85230079623578,0,-1,2020,314,54,35,11,55.75181170151849
-81.7125970867247,30.926983125028368,0,-1,2018,68,52,35,13,41.61563215667694
-91.97819310736617,33.621308224429825,0,-1,2019,70,58,30,12,46.26860042650662
-91.16848314137022,31.06614782798468,0,-1,2020,5,60,28,12,42.0913650455147
-94.43411901207097,35.69286600443286,0,-1,2017,97,52,41,7,38.27686839767004
-93.74856223603935,34.743294966119336,0,-1,2019,4,54,37,9,38.46331733712503
-89.41065277278028,34.93759157314819,0,-1,2020,68,18,67,15,57.288535207930174
-90.52769010451834,33.695973685530674,0,-1,2020,187,7,65,28,68.79110855452376
-87.29061446687079,35.07723081078338,0,-1,2020,166,33,53,14,50.77216264786622
-82.1385653708088,29.306043322572396,0,-1,2020,106,6,88,6,69.48837989929903
-85.47852860284216,30.290506338238412,0,-1,2019,122,52,39,9,53.53970103275999
-77.54182205101296,36.5198035081249,0,-1,2019,162,46,45,9,50.42777591279793
-93.4047498979269,32.84688336145667,0,-1,2019,155,66,24,10,36.4555059641362
-83.33657091311828,36.10362459132678,0,-1,2019,116,34,57,9,66.24915100300113
-76.83882739192178,36.125546867106756,0,-1,2018,21,50,41,9,51.1397006555564
-77.0372666126907,36.74058376944119,0,-1,2017,335,51,37,12,49.493760366479755
-88.5596659600305,32.29113575642248,0,-1,2018,79,43,46,11,40.67139895349986
-84.81571812144509,33.59670286650051,0,-1,2017,102,52,40,8,46.53512359595394
-87.9833482996163,36.73090215793792,0,-1,2017,286,60,34,6,34.87616836164836
-93.71738912167282,31.695979160602292,0,-1,2018,293,51,40,9,40.06527404833359
-80.32124434680195,26.354387153347993,0,-1,2017,25,22,66,12,61.34772526036173
-82.28070748591622,26.872296392081708,0,-1,2017,53,32,55,13,60.779098998443814
-89.04744043447542,32.46612670802518,0,-1,2018,228,28,60,12,40.04324302977646
-90.26165919102111,30.788685209561848,0,-1,2020,126,23,70,7,47.933973067961915
-75.9888836251124,36.8602861077477,0,-1,2018,182,30,48,22,52.10867475513759
-90.43994787318206,36.76230587849495,0,-1,2017,294,25,60,15,68.797946084724
-80.44002286161391,27.090921365362156,0,-1,2020,32,3,80,17,60.44999605024095
-93.37075280238851,30.62722133720522,0,-1,2017,165,32,55,13,46.423879771708435
-82.68774610827438,37.27652897895209,0,-1,2020,42,28,62,10,33.22638417186636
-93.11119415974726,32.34644982625803,0,-1,2019,8,51,39,10,41.125044178977866
-83.05018477381392,35.73014708899613,0,-1,2017,97,72,22,6,23.37999052244995
-79.77633767467069,34.47072259430713,0,-1,2019,84,59,30,11,35.53666436259503
-88.04665358353648,32.06703803644183,0,-1,2020,84,42,47,11,32.35060950327554
-85.87935647182051,33.05596647562945,0,-1,2018,65,32,57,11,42.22728080744237
-78.11227082540066,36.72534717930102,0,-1,2018,129,47,44,9,55.4575073059
-91.29498290405778,35.04620762714006,0,-1,2019,83,16,67,17,62.03538634703108
-92.39005905676275,33.16895317624619,0,-1,2018,70,46,43,11,43.955106555272486
-87.75174123822109,30.367562567589598,0,-1,2020,165,3,65,32,70.78051622331499
-81.7747402013166,28.820092504639526,0,-1,2017,255,15,58,27,58.04319972296773
-90.10068912677522,36.75508084626246,0,-1,2018,198,2,61,37,62.72138851591503
-87.21585389821234,37.66302706572749,0,-1,2018,193,34,56,10,53.578270658871865
-84.4587068864204,36.15503188735992,0,-1,2017,268,74,19,7,18.255568720379145
-90.10289700715104,35.431071642956596,0,-1,2017,16,3,65,32,60.36891940585336
-92.1238250120608,35.067531967968904,0,-1,2019,133,53,38,9,54.905481183114155
-84.06149277053544,32.23782849715788,0,-1,2020,34,60,31,9,48.58119861789587
-81.96101640873127,29.31038660183315,0,-1,2018,18,29,56,15,52.368436642246415
-87.70813178039587,34.604988219709156,0,-1,2017,31,39,49,12,51.53057678257605
-82.62332878278586,33.93987337252862,0,-1,2018,94,49,40,11,46.40770042194091
-86.2161803614722,33.832571156975334,0,-1,2019,243,19,61,20,50.59530438560118
-89.48984184184457,31.907883606670993,0,-1,2017,268,21,70,9,38.29755134281201
-81.82160981230957,32.239940225821535,0,-1,2020,183,51,40,9,55.24958530805686
-93.65634921544482,36.68931507906416,0,-1,2019,108,59,32,9,39.19836521945152
-92.25184750605462,31.530690719468335,0,-1,2018,249,46,32,22,38.50501482113127
-83.34469076828728,31.33490441482149,0,-1,2019,75,25,60,15,60.51410175383157
-89.41302630024161,32.065349609338114,0,-1,2019,41,23,62,15,35.14858993601391
-83.40531328450797,31.01534034010629,0,-1,2018,344,42,47,11,57.06074609475285
-90.04688033321574,35.00745040674771,0,-1,2017,326,14,67,19,63.21504739336496
-92.97787791880518,34.17117639727441,0,-1,2017,72,30,57,13,50.57144831944387
-82.5943690358506,37.284197978223034,0,-1,2019,35,39,50,11,42.77268866899724
-89.94741863211532,35.14564456613335,0,-1,2017,74,13,70,17,59.75234466009832
-92.6729258536573,33.37469579485691,0,-1,2017,71,28,59,13,48.04250360451106
-81.20632008213957,27.881818422953135,0,-1,2018,76,22,67,11,62.035272603291695
-85.26056184317996,33.06236901140735,0,-1,2019,59,58,32,10,33.62427186383115
-93.21538765161466,34.561868446661634,0,-1,2017,110,49,42,9,38.110269208411026
-79.32760107634391,35.15124445626094,0,-1,2018,125,32,59,9,51.698495438929044
-80.15850493241776,36.498705239983465,0,-1,2019,10,39,53,8,50.37838211478449
-92.5469122263919,33.03932079535283,0,-1,2020,71,55,33,12,37.4121236054892
-90.99766172940778,32.81142703111919,0,-1,2020,107,17,28,55,38.080497606882474
-80.64871376727467,25.702490006403284,0,-1,2018,134,17,66,17,57.023377956798164
-77.07631758299551,37.12921645109649,0,-1,2018,250,60,32,8,38.49558710288862
-94.41198203516983,36.21953022779424,0,-1,2019,103,49,38,13,54.17970894299313
-89.9481223674941,32.041438824685464,0,-1,2020,108,44,46,10,31.787419768934523
-88.66195422377494,36.98017124912944,0,-1,2018,123,19,66,15,64.11989574283228
-82.00698900171561,29.40761100214297,0,-1,2017,95,31,58,11,58.55544804707557
-94.19373221728476,34.54533160869713,0,-1,2019,258,16,68,16,61.33954475997698
-78.50450972739667,35.40305101879493,0,-1,2019,113,27,59,14,60.88528668456796
-90.859170215162,29.464806268259764,0,-1,2017,202,16,69,15,66.40748772504094
-80.74313155030457,25.448724623924345,0,-1,2017,213,21,52,27,51.52215464813208
-82.54098512721382,31.938754610069452,0,-1,2019,107,47,43,10,47.438636677790704
-80.60027194679897,28.17105751094348,0,-1,2017,101,4,67,29,59.637152121048366
-79.72706925585632,33.33762437258345,0,-1,2019,314,60,25,15,22.122514660295778
-78.97901728035882,37.20611506047222,0,-1,2020,92,30,57,13,50.8272845746781
-85.38957689398283,30.653315845616852,0,-1,2017,6,38,47,15,56.53472345635132
-90.18644046477166,34.333673188362795,0,-1,2020,71,7,67,26,60.219517011235496
-84.17924694530662,31.662297112967355,0,-1,2017,82,8,78,14,67.56137059346302
-81.450319904934,25.98585654947612,0,-1,2018,4,12,66,22,52.10114533965244
-87.27163538389132,37.7745682687402,0,-1,2018,169,9,59,32,69.93538576986117
-79.29949343154283,36.0454049867535,0,-1,2018,244,32,58,10,57.151151309293446
-87.85568530569559,33.834272659495994,0,-1,2019,33,59,29,12,52.06725908372829
-80.21123059707483,32.84268121157864,0,-1,2018,32,49,40,11,38.74869637354822
-93.48802367295315,29.87315407262629,0,-1,2017,290,21,59,20,54.67180064372177
-89.98963906724103,32.34033973184105,0,-1,2019,310,17,62,21,53.6802914519282
-80.93749196860709,32.86012178604271,0,-1,2018,134,59,31,10,36.72213444979855
-87.836324126303,32.87108310883736,0,-1,2018,317,75,15,10,24.66040574138687
-90.90049308419576,31.980761304580714,0,-1,2020,91,56,32,12,31.043344325743952
-86.90877530784948,35.29960262127412,0,-1,2017,284,22,63,15,64.09304713572006
-82.77002224084876,34.498811654364424,0,-1,2019,306,9,80,11,65.10843635214658
-91.50886492735263,30.810341782879277,0,-1,2019,48,57,12,31,21.239756487198314
-84.81254446091202,30.179044586756568,0,-1,2017,67,43,45,12,38.95403388224146
-76.8710655717936,34.92727766524273,0,-1,2019,298,45,43,12,52.39906259764609
-87.80658142067486,32.22092034630803,0,-1,2020,84,51,36,13,39.34100781928758
-87.36091897394414,34.355257597563984,0,-1,2017,108,55,39,6,36.998834959124835
-91.58258868878104,36.586293204407966,0,-1,2018,265,23,67,10,51.46490136840236
-81.23546411589037,29.176569583535972,0,-1,2017,73,42,49,9,51.34786042929642
-82.23273352877933,29.427575019446227,0,-1,2019,82,18,76,6,56.344325092804695
-92.04060793614275,31.091669263053177,0,-1,2017,126,57,31,12,54.497867635444656
-80.35310416286157,36.66021287493164,0,-1,2017,79,70,24,6,28.330410915625073
-93.92083999887797,34.889546898263625,0,-1,2018,167,49,44,7,42.36343173067431
-89.18312410522127,32.384465628252265,0,-1,2018,263,44,46,10,39.85235058345017
-91.44900381888108,33.75395679907088,0,-1,2018,53,5,70,25,69.34806215325081
-79.70887561989133,36.20229368629761,0,-1,2018,78,24,61,15,53.54833359658819
-77.0259267156648,36.82983726862848,0,-1,2017,51,53,40,7,47.56677987520733
-93.33277379752609,37.20934971177025,0,-1,2019,49,5,76,19,68.04898708683807
-85.55072749476115,34.22418113499054,0,-1,2020,300,50,39,11,48.96867562564607
-87.98795011512924,35.521459416408966,0,-1,2020,12,25,62,13,50.661741448646715
-84.6270254283454,37.807314051890096,0,-1,2020,125,40,54,6,50.572438441640514
-89.6685360169306,32.745186710087154,0,-1,2017,93,64,25,11,32.42211908758765
-91.73373333461109,35.11663702601795,0,-1,2018,75,13,68,19,56.08013269880134
-92.61379286272394,32.73642339005503,0,-1,2019,42,59,30,11,35.02411327908999
-86.12687088250597,33.93292094930147,0,-1,2019,72,30,59,11,44.957623269682685
-80.20339473171816,36.17878564799486,0,-1,2017,140,30,57,13,53.93935863512499
-82.67121976248562,27.80264953332144,0,-1,2017,189,4,75,21,67.10113136019903
-77.72522194139259,34.791871750661045,0,-1,2020,259,58,29,13,34.682988469436104
-88.35365761584161,36.325176125590325,0,-1,2020,64,13,71,16,49.8490018363841
-93.81562494703141,32.3712158802858,0,-1,2019,39,21,65,14,57.805524840060016
-88.88585506583264,33.55232700593429,0,-1,2017,81,46,42,12,43.95706866249333
-90.73572789945518,34.80761252477513,0,-1,2018,19,29,51,20,57.123511640305665
-82.05634287832346,27.319646673736017,0,-1,2018,310,23,64,13,69.01099790704103
-81.50734335075147,29.64270632229323,0,-1,2017,181,37,49,14,53.549798594107884
-85.2714313421002,31.230167826362987,0,-1,2017,11,20,67,13,70.12479267040521
-93.48539355708195,34.031132601757186,0,-1,2020,297,35,55,10,50.44231832543444
-90.86499745242696,29.871492240741038,0,-1,2018,283,39,54,7,47.26097002251273
-86.06017991297566,32.39588600878201,0,-1,2020,67,22,66,12,52.20688671556645
-84.33599895394063,37.38414788992468,0,-1,2018,98,,,,49.23418248783269
-80.91924848674681,32.55809598467786,0,-1,2017,110,59,28,13,37.08649478207489
-93.88825208345166,32.04952639024948,0,-1,2017,256,30,60,10,40.77742451470212
-85.76675518832532,35.8346539958677,0,-1,2020,140,13,71,16,68.26714452145409
-82.81321871727583,36.443208460925106,0,-1,2019,143,59,32,9,40.830239721969896
-88.49784080499475,34.990265163020204,0,-1,2020,144,46,43,11,57.69337703882156
-92.60092337788524,35.538277413280646,0,-1,2019,8,55,37,8,42.840040281178425
-94.29902056359143,34.7525897182857,0,-1,2019,20,76,14,10,24.85141886688126
-90.13957154453432,36.1129874359669,0,-1,2017,264,1,70,29,72.02521522786513
-93.69284317974319,33.65945278283816,0,-1,2018,153,16,66,18,48.681305661420595
-80.72539866152117,28.500855591742358,0,-1,2019,36,51,38,11,45.1091824775902
-87.17801223698646,31.515221732492535,0,-1,2017,94,70,28,2,38.83214201089961
-86.673078857251,33.21371339356358,0,-1,2017,15,50,40,10,37.16533707199559
-86.68924691372263,34.815445089975604,0,-1,2019,262,14,69,17,65.8677118091891
-85.82134729878244,37.85025110762578,0,-1,2018,146,68,20,12,33.33559101141345
-91.6810108445207,34.08536562465823,0,-1,2017,249,2,86,12,73.43272820654644
-91.49888188226659,32.69774574586604,0,-1,2018,49,17,71,12,63.74090164096289
-89.31569771446843,31.825651868454493,0,-1,2019,37,50,37,13,45.333774311383166
-83.19702928288538,29.38240933314778,0,-1,2018,109,10,49,41,50.12717438482856
-88.60968670151887,33.59775119920983,0,-1,2017,54,28,59,13,60.99048183254342
-76.57571915878643,35.28878149095784,0,-1,2017,175,35,52,13,45.18330939908175
-89.40802040102673,31.8671142254756,0,-1,2018,294,51,37,12,29.252414147198788
-81.50110832970219,30.15255367814714,0,-1,2018,316,33,61,6,56.031857323431815
-80.08809866029739,34.5775676549584,0,-1,2020,312,45,47,8,52.92490867805311
-78.48118303983549,35.844795685548895,0,-1,2018,251,46,42,12,53.846273843845026
-84.64311262057107,36.2807134143695,0,-1,2019,230,67,27,6,36.34661637803364
-84.53894060109975,33.69560569283271,0,-1,2018,267,36,50,14,50.77998538502558
-85.24744281375293,36.24695448161811,0,-1,2019,20,60,33,7,37.319734607637926
-82.34137922323613,26.93536185381877,0,-1,2018,84,18,45,37,61.867759626946636
-77.05268352691999,35.01184795829325,0,-1,2019,132,45,45,10,45.12218141610392
-86.942481992747,33.981847364238654,0,-1,2020,163,25,60,15,44.50257706510794
-86.57527352718746,36.736138690631634,0,-1,2017,63,4,76,20,70.8785227609361
-89.80778895575318,32.33950787725473,0,-1,2017,157,28,57,15,43.01314590127407
-80.73555824274214,37.64097233142106,0,-1,2017,268,51,40,9,54.0797891245113
-89.54281117003592,34.94494825591905,0,-1,2018,65,34,56,10,61.237683391584206
-93.73026448865981,34.24201293137069,0,-1,2020,36,37,51,12,41.06717712255172
-80.08944835829072,32.79831064461045,0,-1,2018,39,19,67,14,57.404308305316924
-83.31610926422455,35.21820908726197,0,-1,2020,6,30,58,12,32.44701352552077
-80.51723944689239,25.65487879086162,0,-1,2019,349,30,53,17,62.6158570300158
-94.35579453298742,32.08424610685888,0,-1,2017,10,35,52,13,57.56469287420776
-81.34890253897827,27.709197604862595,0,-1,2018,82,33,57,10,60.115170425372256
-89.47873637180177,30.077432624415028,0,-1,2019,32,,,,46.190194188128345
-85.37814488896058,33.235664055006836,0,-1,2017,62,56,35,9,40.35141965801841
-90.24870522124853,33.19794463454087,0,-1,2020,14,12,74,14,66.41415058944331
-83.76420614857129,32.422925876439535,0,-1,2019,112,45,42,13,58.83828610919142
-83.30329022723896,33.81826716860875,0,-1,2017,106,45,46,9,45.510514364695446
-84.05792022268679,32.83397634460359,0,-1,2018,74,59,31,10,38.72572331391332
-81.74064785379569,33.58922251203227,0,-1,2017,262,21,61,18,56.96319406050071
-86.06288841294716,30.65283219585788,0,-1,2020,74,36,55,9,49.951514792431944
-89.02763146745497,31.222623659403563,0,-1,2019,157,22,63,15,41.29240089232723
-85.34761907358333,37.77378740989351,0,-1,2018,40,36,53,11,61.34273357426387
-93.42911763637622,33.42099769402095,0,-1,2020,33,19,64,17,42.987736240298595
-81.68522873873086,37.22459179834907,0,-1,2018,263,73,20,7,22.24870149106347
-84.36014892165345,32.6938167178333,0,-1,2020,265,56,35,9,39.29038564066112
-90.07806441666526,36.324648994319176,0,-1,2018,54,10,42,48,65.04049838085457
-83.53367331221962,37.438961476695624,0,-1,2017,67,68,25,7,22.056450657505035
-87.66252501406326,36.8613648945102,0,-1,2018,65,11,72,17,71.66369165152831
-90.30644255717957,32.24890562209479,0,-1,2017,273,34,54,12,52.392093363085245
-93.73755274055908,35.493979358463456,0,-1,2020,17,34,53,13,57.94001935496614
-84.75536041844002,30.67182181944447,0,-1,2019,71,27,60,13,57.313845121036216
-86.27307493993368,32.3242722815998,0,-1,2018,41,12,70,18,63.045768668799106
-94.33821381371294,34.4669841100195,0,-1,2018,59,23,65,12,50.083486365341706
-82.83902451409081,35.77891025195801,0,-1,2020,114,59,34,7,25.627907895256538
-76.3280397749518,37.45491284972051,0,-1,2020,38,45,45,10,40.34308731192986
-77.08745425596781,36.047321635451205,0,-1,2017,74,65,26,9,40.68306410205775
-89.63436881472292,33.972980156303784,0,-1,2019,83,49,40,11,44.00701054544016
-88.876893713218,36.276947110064675,0,-1,2017,120,14,76,10,71.89355609534526
-90.41134231944694,37.6012942279958,0,-1,2019,274,46,44,10,44.86683253361768
-86.53993091259142,33.68871040861029,0,-1,2020,257,12,71,17,50.594716891261655
-84.43394456684048,37.49244938185837,0,-1,2018,6,66,23,11,30.842727919102565
-81.75825175781023,33.672900697292526,0,-1,2017,283,10,73,17,68.27656885589032
-92.00535308644145,33.514722585578,0,-1,2018,97,48,38,14,41.42273822216958
-93.00374219554145,36.3354281477428,0,-1,2020,45,37,56,7,55.309027709201516
-80.409337319254,34.36748701558695,0,-1,2019,132,24,70,6,68.58717244920125
-82.54780956561021,33.93106068834451,0,-1,2018,54,48,41,11,45.12032573289901
-84.92000449035619,30.081158183285137,0,-1,2020,194,49,39,12,38.11319562383983
-83.42213844622448,31.724325340648253,0,-1,2020,336,64,27,9,48.032954882021905
-82.54801137975691,30.750516021174434,0,-1,2020,24,36,54,10,41.488607195040075
-77.64577868267475,37.35441550786119,0,-1,2018,337,44,47,9,43.08203325565781
-80.33956928832826,27.250667965447057,0,-1,2019,115,15,57,28,62.510614712095524
-91.8990678195698,35.13146425540311,0,-1,2020,202,24,64,12,66.36265602780851
-82.42041654417285,34.78355585788664,0,-1,2018,134,10,48,42,64.9682483265209
-84.81768058606171,33.506738741984385,0,-1,2018,85,51,38,11,46.28895033079886
-94.43419927938257,29.701466945546528,0,-1,2017,220,3,65,32,71.80498400537104
-82.02324112199702,32.80913708784471,0,-1,2019,38,24,64,12,53.59268254156301
-93.45792766528731,36.5424101814586,0,-1,2020,37,51,41,8,39.03855746409751
-85.03844492801632,31.930765922073814,0,-1,2018,82,54,33,13,39.25348997926743
-87.90913701774001,34.89726253842334,0,-1,2018,75,54,34,12,46.51500730618854
-84.14568903211129,33.25856467250434,0,-1,2019,63,21,68,11,53.68382077055234
-88.06061727468378,34.288510853485164,0,-1,2017,93,47,42,11,45.266392876182195
-83.25208545537899,36.86926518451725,0,-1,2020,115,70,20,10,27.15782095328358
-82.4377245208374,28.367394942975125,0,-1,2017,95,18,66,16,64.53165481832544
-81.74123727252969,27.74483445236649,0,-1,2020,155,15,73,12,78.54270820992772
-88.47185782056923,32.08729984587227,0,-1,2018,80,56,31,13,31.763318984242325
-92.78032584796651,33.92414611439269,0,-1,2018,138,59,23,18,36.577073459715656
-84.38035452357977,36.516190877958316,0,-1,2018,43,67,26,7,22.162819626814095
-86.61866406774186,31.6681135180159,0,-1,2017,121,51,44,5,43.36920980926431
-81.12955553594118,28.026876564342736,0,-1,2019,54,15,67,18,62.20841972237032
-81.12704548865756,29.14330621707584,0,-1,2019,110,48,46,6,44.515419114145125
-85.00568792334715,30.534050971125275,0,-1,2019,20,38,51,11,49.816715748141895
-91.1795003487455,32.828249088407226,0,-1,2018,16,9,72,19,63.68515432304511
-87.77988016961709,37.34420577572279,0,-1,2020,94,55,33,12,35.07492100785871
-83.34445363190062,32.62081144852187,0,-1,2018,34,36,53,11,54.81476947378819
-84.84155258925978,35.70601653251908,0,-1,2017,14,30,61,9,58.00241038961038
-89.88515824550595,36.06440953192173,0,-1,2019,233,2,72,26,72.52596761453398
-79.02992446209267,34.117877532918044,0,-1,2020,261,55,37,8,48.6791130242477
-90.45980001895877,36.64698725918678,0,-1,2017,63,1,80,19,70.33187067435226
-78.24811637874004,34.95509197623063,0,-1,2018,66,32,56,12,56.33310956226433
-84.96958699633763,34.98042982594313,0,-1,2019,44,47,42,11,50.95798369103796
-92.97843036784853,31.336952895785892,0,-1,2020,108,52,40,8,39.3968329186905
-82.72069738754034,36.96474448113909,0,-1,2018,12,5,32,63,39.832500740448225
-83.86676409593402,37.65277907929705,0,-1,2018,284,61,32,7,42.87739425773073
-79.15405261082405,35.679941826062816,0,-1,2019,105,45,46,9,45.04289014829883
-84.95591261911105,36.615726519692146,0,-1,2019,274,74,13,13,16.11475733522885
-89.85202855940416,35.91952395473486,0,-1,2020,361,2,73,25,67.35279714065679
-92.07498445956645,32.772930534221594,0,-1,2017,116,61,28,11,39.93067525895469
-89.38764680363984,32.63033134913851,0,-1,2020,44,57,32,11,37.84413564455722
-92.4207529603554,35.81899634411553,0,-1,2020,327,31,58,11,39.62653766413269
-82.20399531200871,33.2026030534193,0,-1,2018,308,9,74,17,53.41014552850344
-83.03981141283751,36.51313070341305,0,-1,2017,50,20,69,11,48.986258095087656
-84.22987763153546,30.662137546724058,0,-1,2017,22,48,43,9,43.11332043282522
-94.31076459234626,34.21611376317131,0,-1,2018,53,39,50,11,58.25378705587266
-93.36618051388307,31.74217536078026,0,-1,2020,94,54,37,9,49.093239080641304
-87.0951851145548,37.51981415365591,0,-1,2020,361,31,57,12,62.76545038107649
-89.38857477731938,31.973948921888123,0,-1,2018,32,73,15,12,33.94448284715504
-82.83971841454596,31.493808480160993,0,-1,2020,95,20,66,14,65.55967776966057
-80.66024244320043,26.14729475659745,0,-1,2018,153,24,63,13,63.53291604138695
-90.24612720799668,31.15725488430495,0,-1,2018,138,54,35,11,38.746672459417844
-87.42855794988448,32.949048861842584,0,-1,2019,42,47,41,12,38.892951628825266
-81.32032151407213,36.80121877092188,0,-1,2017,100,16,69,15,55.77607077269404
-80.65269813931718,36.816732717382735,0,-1,2019,359,30,53,17,40.349354290904785
-92.49799388769868,33.65620404837094,0,-1,2017,136,19,64,17,33.90711450743439
-89.53554886312014,34.89975223309895,0,-1,2019,60,54,36,10,38.638225188578666
-81.52906604852481,27.192821388152645,0,-1,2020,102,16,71,13,66.64603202811843
-86.86874899424846,37.216103834181375,0,-1,2020,320,41,48,11,49.819567578240665
-83.93411231316577,34.49045774546808,0,-1,2020,31,51,41,8,42.12661677297053
-81.32766333134529,27.183036221650557,0,-1,2020,116,1,89,10,76.96526872803378
-85.839024603045,32.02425922074958,0,-1,2017,252,43,47,10,53.162694259592044
-80.87549706448827,25.66250999267792,0,-1,2020,86,11,64,25,46.139977095016185
-92.39693688220389,34.19935501931547,0,-1,2019,122,45,45,10,50.340415868564996
-82.80325352469251,35.91919913274645,0,-1,2020,45,73,20,7,22.461831684146073
-81.29624955948802,32.86198787239602,0,-1,2020,9,39,50,11,46.78417976463152
-90.76307424276845,37.00027737827309,0,-1,2018,356,53,38,9,39.55057266982622
-83.11855253906215,33.60797083911133,0,-1,2020,311,51,40,9,42.22759315206446
-90.30674864627764,36.13003683022465,0,-1,2017,18,3,83,14,67.7683923705722
-94.22475245862996,37.020414873632745,0,-1,2018,135,16,69,15,64.10291446173282
-77.18883491236308,35.55346479965899,0,-1,2019,99,24,63,13,61.807452312310005
-86.06340242136163,30.56239002413799,0,-1,2018,286,31,55,14,67.83635789182681
-81.63214682268983,32.8688873674986,0,-1,2017,145,24,63,13,50.51589526893609
-79.3018884966078,36.69859193235019,0,-1,2017,14,32,57,11,49.700355450236955
-90.78268659920255,31.33675618627121,0,-1,2018,105,49,40,11,39.06753154433979
-91.83521602746355,30.787091465818445,0,-1,2018,190,60,27,13,47.24949153881089
-87.03230769771353,33.10751143794781,0,-1,2017,6,57,33,10,40.08727416329351
-80.17263324975126,35.83963218140656,0,-1,2020,144,29,58,13,51.71200631911532
-86.47945140621204,35.346437619728746,0,-1,2019,42,15,70,15,51.418157759608164
-81.70327616692506,33.49399710508337,0,-1,2017,96,29,61,10,61.00908301082066
-85.57145524484483,34.39702404666339,0,-1,2020,154,39,51,10,42.897950317917925
-93.55990093408946,31.64774353091255,0,-1,2017,256,69,21,10,26.659709744298528
-80.3679254320267,27.650249385265372,0,-1,2018,90,19,66,15,59.51890930646119
-82.68040378700442,36.870142281127706,0,-1,2018,77,73,19,8,29.085432791028268
-88.3461177230927,35.7334106924429,0,-1,2020,207,30,59,11,54.5787103781969
-89.16318603084073,36.59800112894785,0,-1,2020,354,41,37,22,42.228592864617255
-80.45583440946426,34.19244454071513,0,-1,2018,85,9,78,13,62.92289465890016
-89.5427263021,32.836930940474005,0,-1,2017,77,38,51,11,45.11198420533071
-83.39595028347127,34.80303867603371,0,-1,2020,12,68,23,9,29.00329746273077
-92.71031866273263,30.663535932133428,0,-1,2019,53,24,46,30,47.38254635938147
-90.04930553932398,33.546669334505786,0,-1,2020,79,49,39,12,50.91300140224755
-77.22601675512915,35.131181576290416,0,-1,2019,246,51,39,10,46.95526544477801
-90.58518522938756,32.55009377325789,0,-1,2019,128,63,27,10,35.37790812497531
-90.76169776357182,31.497744502443137,0,-1,2017,103,26,61,13,41.070413079535605
-84.1531493693733,31.188666649040673,0,-1,2018,154,22,63,15,59.87270465584651
-86.85251555001292,34.00172228096181,0,-1,2019,98,60,29,11,40.54464849921009
-85.10609668019887,34.25519718044168,0,-1,2019,106,34,55,11,54.40481880122445
-81.9351110087683,28.85046931366058,0,-1,2018,127,5,72,23,67.91769779533271
-94.23926330882466,35.92238564406659,0,-1,2017,2,19,72,9,61.4581663079323
-79.4976655345947,35.765012581267904,0,-1,2017,74,51,39,10,51.11645999526105
-93.46693187363594,34.934270029452044,0,-1,2019,33,18,66,16,56.32436221467499
-88.9360084816856,36.72804526645969,0,-1,2017,153,17,69,14,76.40556180995831
-93.08763327037633,32.99163575147083,0,-1,2020,35,57,33,10,40.11478226523155
-90.99081424438202,36.992071526075726,0,-1,2017,137,61,33,6,42.29967420278411
-82.69034726236954,34.95917999429498,0,-1,2018,43,26,61,13,43.56747842231047
-87.12078766471102,31.45654066039968,0,-1,2020,158,30,59,11,45.296163187930695
-81.11950344742075,26.10428450174346,0,-1,2017,84,22,54,24,56.64758500849098
-82.43982027523147,37.248864523120005,0,-1,2017,52,71,20,9,24.029795636291816
-81.76459514793052,27.362878192497863,0,-1,2017,101,23,58,19,67.51603222239771
-82.0952786783677,29.811061017756032,0,-1,2020,339,38,51,11,50.24189885665765
-81.96004963004108,33.58922282271348,0,-1,2017,20,44,44,12,58.613197488449245
-81.36423821500618,32.26285217124828,0,-1,2020,115,28,63,9,46.65260060819084
-84.98528837009823,29.906326324776877,0,-1,2019,42,41,49,10,44.85365661033014
-81.15423124070932,35.108168392919616,0,-1,2017,132,27,61,12,56.343529086528946
-89.9456152947384,31.51047575368817,0,-1,2019,78,65,22,13,29.841721788922907
-86.87846024851339,36.39188834469224,0,-1,2018,121,49,44,7,44.93324775353018
-86.49062571731817,35.07791799160377,0,-1,2020,62,18,67,15,64.15940054495911
-86.27138129903928,36.801596255640796,0,-1,2018,48,55,33,12,50.42204842595883
-90.69192884026077,34.32201851303678,0,-1,2020,123,49,27,24,43.46605516302034
-90.25016362589183,37.61166031092302,0,-1,2019,351,14,68,18,48.71718929097755
-94.00108726835869,30.08205106695722,0,-1,2020,183,40,51,9,57.802635767492184
-81.37817870745353,29.89901414227678,0,-1,2017,25,52,37,11,48.69427166637047
-81.76782148038448,31.216009663674463,0,-1,2019,47,23,64,13,48.56151020891753
-77.84690629080009,34.3283312236844,0,-1,2018,67,48,41,11,38.23964298408433
-78.59669657225895,36.6700928503362,0,-1,2019,142,58,32,10,39.869101572913884
-91.33448789778384,32.753940000363166,0,-1,2018,245,7,72,21,66.44770725542082
-84.1417664855125,33.06856032315773,0,-1,2018,91,48,43,9,48.67623072214214
-81.35359903460822,31.85277508777576,0,-1,2017,248,61,29,10,47.5373899854312
-92.25118189383734,35.8584544928528,0,-1,2019,43,40,50,10,45.31526247185685
-85.66720151263496,31.367175916038324,0,-1,2017,189,61,30,9,42.026775136245156
-81.99714152562856,35.63674561268979,0,-1,2018,85,39,50,11,47.89623982937039
-80.47801306079803,34.467384509350104,0,-1,2020,26,44,46,10,52.20091621744368
-80.89871140049657,37.580143662201586,0,-1,2020,220,55,37,8,26.46205990177769
-93.98211775019281,35.498405058180666,0,-1,2017,188,25,60,15,67.3536551450139
-92.80934931511707,31.610900397706992,0,-1,2020,114,62,29,9,36.15523600657928
-81.2447064798908,37.29776261975055,0,-1,2017,24,45,44,11,50.58722009399314
-91.79379430823144,33.211350363517504,0,-1,2018,360,34,54,12,54.25160946324894
-81.26380758630721,27.669769351067814,0,-1,2018,108,18,73,9,70.10235754057575
-94.20541911884249,30.71594189581176,0,-1,2018,73,64,26,10,32.681469049264486
-90.41541602744633,33.59194201645871,0,-1,2018,355,,,,60.13103946102024
-86.93470753210278,34.98740050692529,0,-1,2020,256,33,53,14,48.83303056630599
-79.78203033895704,35.496398996017994,0,-1,2019,189,18,64,18,49.13278442522607
-86.62673623671805,32.23703923048715,0,-1,2020,147,24,65,11,64.31551192921471
-85.71655034569255,32.72586029792569,0,-1,2017,90,60,29,11,34.60978595687544
-93.2505553476707,31.71245007390924,0,-1,2019,46,60,34,6,36.15470431434495
-91.06717033928719,34.97421142811943,0,-1,2017,98,1,55,44,67.79797800288294
-93.96664683203372,31.476178393558932,0,-1,2019,325,31,57,12,43.53589763841719
-93.42211598442769,30.98839312124621,0,-1,2019,20,61,28,11,29.848066516569887
-87.22475541144524,34.48874944548421,0,-1,2018,62,17,68,15,64.82435527822754
-80.85262613861099,36.17317158275429,0,-1,2018,76,30,58,12,50.48164603202814
-81.34324220388463,37.38205094672461,0,-1,2018,101,76,12,12,23.42495804126764
-90.17215483217716,35.398707611217056,0,-1,2020,104,6,36,58,65.60039101842524
-94.3292694011251,36.405919608704984,0,-1,2020,140,19,66,15,67.923561470716
-83.53184093501228,33.76205056450067,0,-1,2017,102,21,66,13,59.77017713619939
-77.43481471614929,36.16634243159775,0,-1,2018,122,34,55,11,52.891771814465955
-85.71123460991342,35.416522333639065,0,-1,2017,146,41,49,10,40.53509083728279
-79.89207414632875,36.77984031213544,0,-1,2018,92,54,38,8,42.51323012519251
-92.05117988195789,35.834098331982744,0,-1,2018,112,55,36,9,46.83198404549403
-78.2016838937173,36.784185707831504,0,-1,2020,60,26,60,14,59.869426122674675
-89.65149204811617,32.42072662797812,0,-1,2019,64,44,45,11,36.58901810571209
-82.57954625257105,27.54381479632635,0,-1,2018,99,30,62,8,67.07766143106457
-83.8316713288345,30.645965858290875,0,-1,2018,316,23,63,14,51.89884804167081
-85.37850504205629,35.63866084964311,0,-1,2018,285,36,52,12,38.78939262301556
-88.36585238169444,34.75754620755889,0,-1,2017,177,51,42,7,42.247279979464075
-85.77165523711017,37.12808429075656,0,-1,2020,360,26,59,15,63.41465244865718
-94.18241445033958,36.89481467265788,0,-1,2018,92,24,62,14,65.17723368545761
-91.02778581293089,35.24101920506361,0,-1,2020,213,6,66,28,62.517101105845185
-90.06963208392226,35.42940486999256,0,-1,2019,260,7,44,49,58.079848531368334
-88.88798418228558,32.33029434011716,0,-1,2019,317,46,43,11,48.06605450236965
-82.68426961791019,30.048812167601078,0,-1,2020,57,7,83,10,66.22921685557444
-85.62340065196895,30.96519796172498,0,-1,2019,166,18,68,14,54.81219215506412
-80.41569027995425,37.56393652696019,0,-1,2017,249,60,32,8,40.64251016942459
-78.13172603337055,36.31026807265387,0,-1,2018,80,52,38,10,34.330384820423724
-80.21953039497048,36.588285011702105,0,-1,2020,75,49,43,8,51.634300947867274
-84.6430696527054,36.73026437307126,0,-1,2020,347,63,29,8,32.062690104681025
-89.58058245991633,35.28739330097138,0,-1,2018,59,8,73,19,65.68506596097635
-76.6786411447971,36.0811194979584,0,-1,2020,68,4,80,16,52.85217681560248
-94.39540918425658,35.942457208757375,0,-1,2020,41,13,68,19,65.51874962974665
-82.77739670249858,34.84271916035399,0,-1,2018,340,22,67,11,58.400465979544286
-86.42830003778717,36.46431179853685,0,-1,2018,311,31,59,10,49.40553241060676
-86.22279430948723,31.859825668855443,0,-1,2017,19,65,32,3,36.69160281222844
-83.24270329061301,37.0573894808362,0,-1,2018,281,47,41,12,35.04572478223942
-92.95559022585445,31.102516494773543,0,-1,2020,338,13,66,21,56.82570401674632
-87.50314823502282,33.96156577045616,0,-1,2019,319,29,62,9,51.996544506752976
-79.96512624920125,35.43097516828484,0,-1,2018,137,63,25,12,30.32330114343267
-86.66736885142846,37.272443393609294,0,-1,2019,70,62,26,12,37.823776803696234
-86.87487300346457,33.90460310424835,0,-1,2019,24,40,49,11,47.1153496821072
-91.88000747707227,36.51645543869491,0,-1,2020,77,32,56,12,53.352986474479216
-88.46858954787558,35.96523848081976,0,-1,2018,42,65,25,10,33.716644284698646
-90.52185164628477,33.62396194299125,0,-1,2017,258,6,71,23,68.58305917538988
-81.94651877449303,35.24230727182154,0,-1,2020,80,46,44,10,44.12331417964969
-78.68404051154984,37.52677900671611,0,-1,2018,73,22,60,18,42.54438103512966
-89.83193081217384,33.40958482203323,0,-1,2018,221,14,68,18,50.403115929151134
-81.29441517199606,32.29003270207441,0,-1,2018,340,24,59,17,46.342415985467724
-91.99328883535996,33.32608323282482,0,-1,2017,114,51,38,11,46.22191061165645
-92.18725905361677,36.24070413463276,0,-1,2017,160,43,49,8,49.00393032074578
-82.38654635491284,35.47483805281132,0,-1,2020,19,51,42,7,26.101708304532426
-76.94949414405441,34.794264019689734,0,-1,2019,111,48,41,11,47.01247926704053
-89.57617267301752,37.586869297700815,0,-1,2018,152,60,33,7,51.426607678938204
-81.23547948165513,34.45792129427885,0,-1,2018,244,57,30,13,38.4257167680278
-86.72238320885428,36.6489501869047,0,-1,2017,100,9,76,15,70.9971565665541
-85.94496798352232,33.89920008884585,0,-1,2017,65,24,63,13,48.201619113436664
-90.85178732199448,35.877585798189266,0,-1,2019,184,4,41,55,49.83561102772731
-82.49684534844361,34.41308761030424,0,-1,2017,105,14,71,15,61.984478059955
-92.57478469198229,35.376609664142876,0,-1,2020,65,23,63,14,68.04837403992342
-84.95753665527442,37.45149970525144,0,-1,2017,335,47,47,6,37.88931448428367
-83.1017866633763,34.238314540075905,0,-1,2018,63,38,47,15,55.883883073276735
-87.49584495852918,30.917236917443347,0,-1,2018,280,11,75,14,60.298295847238336
-82.88191947906982,30.254712145263568,0,-1,2017,190,46,44,10,58.449971367074134
-86.10839632161256,31.921983898413608,0,-1,2018,138,51,39,10,45.05752483263884
-92.24664299513336,32.778722750758945,0,-1,2020,267,18,65,17,41.743834777973014
-92.31809206770541,32.62854543564652,0,-1,2017,157,36,53,11,40.795880482651
-93.91060737413143,29.963192606373088,0,-1,2017,274,8,73,19,61.823797768342054
-84.8728384912404,36.41027930669494,0,-1,2019,144,60,32,8,44.032206468938824
-87.94112959009672,34.48671965007979,0,-1,2020,92,15,65,20,52.6471552422142
-88.06831677878904,30.878539148094966,0,-1,2019,127,33,55,12,49.91473817234026
-79.73400797351447,35.56226602245102,0,-1,2018,138,33,57,10,48.228112100803834
-88.19607083242519,37.19266605868289,0,-1,2018,135,53,39,8,43.10228478744067
-83.51754343831725,35.28490961953171,0,-1,2017,24,60,34,6,31.91255578814327
-91.96554528004425,34.077709398280405,0,-1,2018,101,23,64,13,39.9800785800312
-94.2958611955436,34.89559598804013,0,-1,2020,259,55,37,8,39.86850056280732
-77.87620805014417,35.80753125875986,0,-1,2017,101,30,57,13,60.574658399810474
-90.15022593174407,36.26558764351025,0,-1,2018,53,0,66,34,68.37122378865067
-82.36648334472643,36.89793265539307,0,-1,2018,36,68,26,6,31.408288580003163
-90.6717966052997,32.697874450367244,0,-1,2017,44,24,54,22,49.599812483791816
-86.12154397211123,32.24795549171764,0,-1,2020,42,,,,60.98333845051681
-92.96054828757237,30.688712177499177,0,-1,2019,251,20,68,12,43.52021877344708
-89.19523789952554,36.86828702590186,0,-1,2019,172,2,62,36,68.52033018029579
-90.42403480064232,36.97614345546663,0,-1,2017,152,58,34,8,39.3704632518463
-81.64649753621438,31.836375865671837,0,-1,2018,140,23,63,14,55.71804845301795
-79.61284698526978,35.80832244218753,0,-1,2019,220,39,50,11,48.20784631179905
-89.8348607919617,29.90844735023657,0,-1,2020,127,25,57,18,58.019500099186665
-90.84903394921733,37.23634810573824,0,-1,2017,43,59,33,8,38.350775002468176
-84.43888357445246,34.001141352254685,0,-1,2020,326,38,51,11,55.8250617162042
-78.50853416127403,37.483231861300595,0,-1,2020,20,35,52,13,39.37792741202954
-90.63371416524996,31.67159505099608,0,-1,2018,95,17,67,16,43.901961171567955
-87.76078465710384,30.693496293607225,0,-1,2020,140,61,27,12,44.66253307531301
-88.22515822115842,34.29067696203566,0,-1,2019,227,70,21,9,36.98216930276642
-77.96741953371172,34.811658611522,0,-1,2019,152,42,47,11,56.498854705580335
-85.49985926924388,33.54426199981271,0,-1,2020,108,56,33,11,38.26898240486581
-83.4440437980237,33.49057752001289,0,-1,2020,145,48,42,10,56.08749136143746
-83.8349572567222,30.482988810706598,0,-1,2020,61,59,31,10,35.795198325731995
-79.35057780102328,34.328326713943774,0,-1,2019,83,5,68,27,66.36239609863966
-89.32574380810065,30.808249539468793,0,-1,2018,92,55,35,10,47.730450927334154
-84.40126904384081,30.71661723692453,0,-1,2019,59,50,38,12,39.54332738449336
-81.96563748522091,33.01038887461945,0,-1,2020,267,34,55,11,57.524100073060445
-83.6919698580981,32.95748834775156,0,-1,2018,157,60,30,10,37.6429727915334
-83.23879864697105,32.002437736528435,0,-1,2018,312,48,41,11,44.64022114720109
-80.90897324454318,33.291849175549416,0,-1,2017,200,33,50,17,46.71338585786783
-88.97154346573524,34.535546814331795,0,-1,2020,111,38,47,15,50.88282098363242
-89.60049628825931,30.653167704435873,0,-1,2019,337,37,49,14,48.69541015232509
-93.9128967235976,30.692805560782606,0,-1,2019,205,53,35,12,35.500918119533246
-88.2902024223582,30.424768872816056,0,-1,2018,339,49,39,12,40.128164119575075
-90.75150725933885,32.62975483154045,0,-1,2020,60,56,32,12,31.48388693016639
-92.57046858675336,31.99914251318654,0,-1,2017,207,63,29,8,31.306051930101678
-88.89235575315828,36.94922926682781,0,-1,2018,319,43,44,13,54.30080176942219
-83.1865548942819,30.790468925825238,0,-1,2019,143,34,56,10,56.023122642813405
-88.04559006258164,37.63953805102233,0,-1,2020,82,4,75,21,74.53263037339808
-91.80681015724024,36.81770273515473,0,-1,2019,70,19,64,17,55.11683387313376
-83.14706543738168,34.09890680850823,0,-1,2019,245,11,60,29,59.50951062600828
-90.65231056995843,29.310188270361092,0,-1,2020,34,18,58,24,48.875284317490305
-88.78123274095958,34.568747000048646,0,-1,2019,91,58,30,12,30.95140397298685
-90.35244186222029,35.819104134569606,0,-1,2018,82,0,70,30,71.88148981969705
-85.81067468308764,36.00910049611012,0,-1,2018,60,54,39,7,33.11754559414377
-89.34733934926491,35.668496129996406,0,-1,2020,261,3,75,22,70.74551164306452
-80.91056541708802,28.389926806535502,0,-1,2017,10,37,55,8,55.15514347216463
-83.60560068001776,30.883819523029292,0,-1,2017,275,33,56,11,44.49218919719562
-81.10686133349257,32.48321333529681,0,-1,2019,185,26,60,14,44.74444554162142
-90.73567725268508,29.62150738114686,0,-1,2019,315,27,67,6,62.79743067164352
-87.83196202732037,34.164893549534426,0,-1,2017,280,68,22,10,37.95369273301738
-92.62658814214409,34.95783312230699,0,-1,2019,285,40,50,10,43.807649776865034
-85.68946996254195,35.98964832077163,0,-1,2020,255,49,40,11,34.19162467266685
-84.65835252480328,36.92947777735544,0,-1,2019,106,47,37,16,40.04198510970238
-91.74825064544062,35.054541604626614,0,-1,2019,83,44,47,9,44.305457920303326
-81.96394938186207,33.689259115395046,0,-1,2017,197,47,41,12,47.93289889415479
-81.06318235504332,34.54443917632118,0,-1,2020,190,55,32,13,35.03374669246869
-94.19464324212933,34.03540504104158,0,-1,2020,66,76,14,10,54.87017322088131
-91.0202794410711,32.964981502556576,0,-1,2019,75,1,62,37,61.64224078352392
-86.9551270135312,36.88193151151393,0,-1,2018,285,40,47,13,54.461918651758246
-81.13818986958019,26.69641439914362,0,-1,2017,0,26,53,21,66.66644286024605
-79.22011241497758,36.95908288099991,0,-1,2020,129,24,62,14,52.135192243132714
-82.45524431502545,30.038732406356967,0,-1,2018,44,51,41,8,44.711154552455426
-91.30099293331074,34.94801288228173,0,-1,2020,342,41,48,11,52.007582339467625
-88.65094511080788,37.78501385835782,0,-1,2020,46,11,72,17,66.73784835377538
-87.50514883813665,33.341547271004636,0,-1,2017,92,50,40,10,43.87969271481324
-90.4464519894928,31.464511431813893,0,-1,2020,70,59,30,11,32.1431787216397
-82.41499148047238,37.75991823804352,0,-1,2020,104,45,47,8,43.95857111826387
-78.76906007530532,37.411978577764415,0,-1,2017,329,19,68,13,52.44555022411783
-83.64159426020795,37.000054938405206,0,-1,2019,338,69,23,8,24.466463896350138
-87.09768733149943,36.06765572507424,0,-1,2017,8,41,53,6,43.63226902039768
-77.33818006012517,34.584177954500525,0,-1,2018,115,60,33,7,37.03872597746852
-89.18779374135401,30.44796100868648,0,-1,2019,64,38,48,14,53.27450670564301
-81.6310722320786,34.598176957872965,0,-1,2017,91,57,35,8,35.34331128443084
-87.60737787043155,31.06117035041857,0,-1,2017,223,46,46,8,48.35244282949564
-81.23313027512545,34.41236016956438,0,-1,2020,317,52,38,10,38.8066382340165
-87.77065135839406,32.77638319888435,0,-1,2020,246,56,32,12,38.307004206078076
-81.92638213968344,29.269355260934447,0,-1,2019,79,61,33,6,34.01976503109881
-89.13799387473846,36.13110635766103,0,-1,2020,318,12,71,17,69.7566510635777
-91.90292447391332,36.3027820952165,0,-1,2020,312,41,49,10,59.41585194841102
-77.21744992039581,34.75605289279485,0,-1,2019,114,53,35,12,43.41824967418347
-83.62762252935183,30.323562122219638,0,-1,2020,43,47,42,11,45.61729857819906
-91.87357009037927,34.575826461707244,0,-1,2017,155,7,59,34,69.31276784832622
-84.3836417933331,33.56273430190311,0,-1,2018,355,35,55,10,63.6452167045118
-89.46061630861709,32.00515418050832,0,-1,2019,0,64,24,12,38.21518287384471
-82.81996376430833,32.198517740708766,0,-1,2017,353,26,61,13,47.71087763646419
-86.54381518310599,36.895119516253224,0,-1,2017,63,15,71,14,74.70230620384633
-87.5138411696506,33.8635206553645,0,-1,2019,20,45,45,10,46.01433507750025
-83.37866043400717,29.622261480176977,0,-1,2019,187,56,35,9,43.43374350668589
-77.73137563140868,36.776516878984495,0,-1,2018,2,16,67,17,47.735992102665364
-83.36912706946522,36.179164404583865,0,-1,2017,13,8,57,35,67.41444964547415
-85.71437180304538,30.747510691192836,0,-1,2019,65,12,65,23,55.97360343769181
-92.43301067528043,29.582093733509296,0,-1,2019,256,17,64,19,60.645561370593434
-85.86683981431064,30.960652327196378,0,-1,2020,2,22,66,12,58.97816085145034
-87.10936417076108,34.246421060709714,0,-1,2017,9,14,67,19,47.840639810426545
-92.3414352780363,34.680907250586756,0,-1,2017,328,8,52,40,59.986590303149974
-89.68631668703192,36.83242673717669,0,-1,2017,69,4,79,17,74.4581819617754
-91.96242785725916,36.66221233856861,0,-1,2017,126,25,67,8,66.13329383886256
-84.47517574081385,37.891879747112334,0,-1,2017,83,19,65,16,65.01721924922491
-80.93089559912114,34.708388764560766,0,-1,2018,247,37,53,10,55.584825924682555
-90.67446123524059,34.09722870046254,0,-1,2018,281,2,75,23,71.00260725290354
-92.64548702095813,31.731915496172206,0,-1,2017,173,66,25,9,23.089325909252448
-81.74453296794688,34.286578281545545,0,-1,2020,108,10,72,18,60.00154022352985
-91.28977611351007,31.152371566591924,0,-1,2019,67,56,33,11,32.523644979761066
-84.60908127088194,35.683815138028,0,-1,2018,62,48,43,9,43.11968410661401
-77.55844104805391,36.26763839756968,0,-1,2020,321,58,31,11,38.0105641450941
-80.3084848869727,35.024544821761815,0,-1,2020,60,43,46,11,63.46465244865719
-86.83294694206171,36.76507089182689,0,-1,2019,93,5,67,28,69.90720407599035
-90.43383324292552,33.33271290690086,0,-1,2018,102,39,51,10,57.99096740145335
-90.65988403481389,31.276931852924637,0,-1,2019,357,57,31,12,39.33268175176718
-83.55027654572537,29.796757552761218,0,-1,2018,0,58,33,9,41.169352290679306
-90.23224894716208,37.25322596068979,0,-1,2018,329,58,31,11,45.394862073731794
-92.09503067692143,29.958499193080392,0,-1,2019,267,14,70,16,67.48807408284955
-88.48185225107648,35.83169898305932,0,-1,2017,104,33,59,8,46.92224459977095
-91.56226662672101,35.20869670372976,0,-1,2020,287,40,45,15,45.46798720278062
-93.45346111063581,33.67232190846798,0,-1,2019,266,63,27,10,51.275276461295405
-81.64624912947727,32.55330887317192,0,-1,2020,115,57,31,12,44.49865724102523
-83.00163967548522,35.29195739092243,0,-1,2020,15,82,8,10,13.049617943807133
-83.54256599807995,35.747116648570824,0,-1,2019,144,66,24,10,34.18874780307668
-81.359868896909,28.05908235784999,0,-1,2018,233,22,65,13,60.7619715250489
-81.70731196639302,28.9116139427082,0,-1,2019,281,50,42,8,48.66952695269524
-82.44379215434786,34.77725106664109,0,-1,2018,7,28,60,12,62.86829374247181
-84.19421063747667,35.102791362328844,0,-1,2018,50,46,45,9,36.54680279631896
-92.76474768896786,37.186575666177774,0,-1,2018,299,47,40,13,60.80811910121236
-93.62814280386208,37.22442111098421,0,-1,2017,77,17,64,19,65.6247087627848
-82.3288608227376,33.986597128266425,0,-1,2019,337,53,37,10,40.983256658834684
-81.82879550934801,36.8354837286816,0,-1,2018,73,66,26,8,39.44224389858621
-92.93485980876137,37.47670265166018,0,-1,2020,94,11,75,14,69.5284881998617
-90.9161946322801,30.892779156879882,0,-1,2019,80,62,28,10,33.76728019590805
-84.74250074071571,30.688629186289997,0,-1,2020,346,40,46,14,54.0353264089096
-94.21780889274322,36.35966709151944,0,-1,2018,61,3,64,33,62.568988666429725
-83.60782668399172,32.59575788357238,0,-1,2017,161,10,67,23,65.44083325106126
-91.096180755493,32.08831612241944,0,-1,2018,79,45,31,24,29.02046377431076
-91.93325380340417,29.871406467172243,0,-1,2017,71,29,60,11,58.91478105160345
-78.80218895864517,37.07199220886779,0,-1,2018,42,51,42,7,49.29201966941169
-92.17088747949904,36.78516656146833,0,-1,2019,113,52,39,9,46.40615682325296
-83.09048996447105,35.42802301696973,0,-1,2017,42,60,31,9,28.213590315764527
-77.73309804123564,37.376843350377534,0,-1,2020,281,62,29,9,41.161223442066174
-94.38369512253485,35.4420292362946,0,-1,2019,64,24,45,31,57.85813663404335
-87.11480049769823,34.67798037435209,0,-1,2017,358,,,,47.728943426662084
-79.60624740469896,33.12931397005217,0,-1,2019,0,61,29,10,31.945530671090566
-88.43500439448493,35.51509874587378,0,-1,2019,97,46,45,9,43.54718881450324
-80.20433815681422,35.47254607378992,0,-1,2018,82,38,49,13,47.69176391603971
-91.50295723145528,37.539329733706424,0,-1,2018,273,12,72,16,65.59282808735831
-80.40336654186953,26.735552636820426,0,-1,2018,82,36,61,3,61.86231884057975
-83.61373040132494,34.55588666719599,0,-1,2018,216,54,38,8,38.70898425927754
-85.05148535728162,29.722429283742862,0,-1,2017,304,51,41,8,47.49246930768256
-84.49197749966928,32.38211180063255,0,-1,2018,90,9,75,16,58.82016192733017
-82.4265140082309,29.452150917451966,0,-1,2017,97,52,41,7,58.88522680147711
-85.61975274302749,30.168082978672253,0,-1,2017,72,17,67,16,64.50939931282332
-91.55789112209096,30.48801597759324,0,-1,2017,249,7,78,15,62.143979781226555
-93.74394836418122,36.030148007871254,0,-1,2018,82,59,30,11,40.91480369697449
-90.311989331869,37.105018789320106,0,-1,2017,63,48,45,7,44.03433840807216
-92.2946646756572,31.28934011023539,0,-1,2020,314,47,41,12,43.68139181263455
-91.52733339735836,30.856116049541434,0,-1,2017,311,56,23,21,24.073797303406636
-87.1794411112117,32.083422650059894,0,-1,2019,65,62,25,13,30.426461587063393
-86.85650434154765,34.43341673681528,0,-1,2019,310,20,68,12,62.65038996939481
-83.01829379941401,30.652667441090074,0,-1,2017,343,33,56,11,52.12253682423091
-78.74896986227591,36.3110834880921,0,-1,2020,184,39,51,10,46.83410338427515
-93.59487610823022,34.37350023362276,0,-1,2018,287,37,51,12,56.457058788680676
-92.67410854445365,33.85845795920184,0,-1,2019,137,65,25,10,30.555900007898266
-90.80513489602181,33.94186239860466,0,-1,2019,146,3,64,33,70.87739909959718
-91.65832704310642,33.70826354206819,0,-1,2019,70,49,42,9,52.80399320641439
-90.74705986782165,31.560033631354653,0,-1,2020,32,26,61,13,44.78602887444953
-81.41933511618683,34.951668894250254,0,-1,2018,51,42,46,12,52.802658082862656
-86.23499874778925,31.409451721367144,0,-1,2017,106,61,28,11,42.67244545364791
-89.95672127059997,35.871202264382475,0,-1,2017,170,4,73,23,66.12363011669923
-93.69245478324747,34.77797231340905,0,-1,2019,243,51,39,10,37.66051223317074
-91.96747167085795,30.656912613365687,0,-1,2020,287,58,31,11,42.98621751836346
-89.21953177099451,35.09693441662269,0,-1,2020,202,52,37,11,48.44909765825537
-90.25174661036112,35.08034075252019,0,-1,2019,103,2,73,25,67.15455550728643
-93.44092449766154,34.388111649604035,0,-1,2017,62,30,58,12,52.13236426836254
-83.61639220825424,32.885999194260684,0,-1,2018,39,57,32,11,44.91084475336674
-81.53749417193349,33.14690913991057,0,-1,2020,295,30,59,11,47.11755414716972
-88.84699373292645,37.77878302555224,0,-1,2019,51,17,67,16,62.018566271273855
-81.41316982904814,36.035692872693716,0,-1,2017,80,50,41,9,43.322987007858465
-79.10610794101984,37.55954529724099,0,-1,2019,79,58,29,13,45.3398759922594
-81.0532861088872,32.02193184281151,0,-1,2018,0,17,42,41,54.798493060145404
-83.8082420265341,30.38016784082985,0,-1,2018,165,52,39,9,42.64628751974724
-93.10896526459028,32.11302319520123,0,-1,2018,151,44,44,12,42.72615615497018
-84.99100680239523,37.53539865539774,0,-1,2020,70,44,47,9,39.52536582475957
-88.32398170041283,34.512601195810205,0,-1,2018,95,44,48,8,47.98941302027749
-77.51888033818027,37.489522038437606,0,-1,2017,8,37,52,11,57.92765612968188
-80.98768104284486,27.78663324145202,0,-1,2018,194,18,73,9,67.31297755138307
-80.04871012024199,36.10368889506828,0,-1,2017,76,12,70,18,58.80600639734627
-94.07384026087882,31.855341369841714,0,-1,2019,12,28,57,15,38.317484450587436
-88.90136351764558,35.41862852173624,0,-1,2018,276,54,38,8,40.88543497580726
-89.0656558808521,32.50321126109692,0,-1,2017,247,49,41,10,43.711281372800705
-81.12374193754381,27.769282941870276,0,-1,2017,52,26,46,28,62.3846032341501
-83.0716275988174,32.83419045566486,0,-1,2017,354,46,43,11,49.45373222748814
-85.63483150304366,35.23903954592044,0,-1,2019,69,61,30,9,34.04865910975946
-85.73860568507087,31.47320187172395,0,-1,2017,93,63,26,11,35.94361496227832
-77.35228209925972,35.3974917590929,0,-1,2020,315,26,61,13,54.4132130234762
-87.36570036217356,30.95230297776207,0,-1,2018,40,21,62,17,49.51822309970386
-82.19501219784216,30.897627134144518,0,-1,2019,173,51,41,8,40.958128419347815
-87.1436560611498,36.922857123350894,0,-1,2017,41,31,58,11,62.84860093600049
-77.92479216387513,37.06963746347801,0,-1,2018,78,27,56,17,45.712782340862404
-92.7978215741048,34.56010476335807,0,-1,2019,74,1,79,20,55.05119595488751
-90.5440137611479,35.48807619936255,0,-1,2019,122,15,63,22,53.30990894906285
-86.75929623542827,32.57240574906562,0,-1,2018,206,57,29,14,44.325994234034994
-93.50810870828573,37.07024916800346,0,-1,2017,134,26,62,12,69.04766417880978
-88.57857717240752,35.873623776209485,0,-1,2020,94,53,36,11,41.386886540930185
-93.04420518324088,32.71254855949587,0,-1,2018,91,48,37,15,46.69223021014376
-78.38781961514191,34.30320534788005,0,-1,2019,324,50,33,17,40.45100517398001
-89.66977990694608,36.357400852972766,0,-1,2017,61,13,59,28,65.4463421858031
-82.64882851075639,34.43071910542794,0,-1,2018,39,39,49,12,62.074697891161826
-87.9674367621632,34.02172781974696,0,-1,2019,115,53,34,13,41.58211725676826
-80.32104597009733,34.255777359232034,0,-1,2018,202,28,59,13,62.39109057520289
-91.9790009714427,33.18214247073641,0,-1,2018,138,50,37,13,43.85743063098644
-87.879467339325,32.76622345189212,0,-1,2018,224,50,40,10,44.71970276692579
-89.11794854637932,35.61060053598525,0,-1,2017,81,14,70,16,71.71242643283168
-88.65087200831788,31.766017395201754,0,-1,2019,274,64,20,16,38.9249683994312
-91.77250035145696,35.61886933752534,0,-1,2019,326,50,43,7,41.839428165231816
-84.38361698851163,34.076716850656354,0,-1,2019,69,28,60,12,58.29622388118658
-84.43814541079477,36.656696497372344,0,-1,2019,70,24,60,16,51.4841830891355
-86.12060692037056,31.39031743691478,0,-1,2020,22,31,60,9,46.64608183900782
-81.89621523055929,28.040503960363054,0,-1,2020,197,34,57,9,63.40944990719898
-78.57273776789181,34.56785419187499,0,-1,2017,327,38,53,9,49.269094068399056
-86.4404979217679,32.71712600522199,0,-1,2019,128,47,44,9,51.88156075984363
-83.14473662341427,29.78582667575206,0,-1,2020,106,54,35,11,38.58853271711009
-91.31893523148386,32.10677755614355,0,-1,2017,204,4,75,21,63.44268704460636
-77.12821755847264,36.70044152541335,0,-1,2020,354,31,57,12,56.6836887835703
-89.014369174632,33.45247630167125,0,-1,2017,76,51,40,9,42.97075261172664
-89.0552334485804,32.7452943223616,0,-1,2019,3,30,57,13,50.59514641707642
-91.01468681726602,33.3953135645252,0,-1,2017,183,2,76,22,66.31444988547507
-93.98549537765027,33.682846837798664,0,-1,2018,169,45,46,9,42.10915370529194
-80.58061360375943,36.943106245515146,0,-1,2020,315,72,24,4,30.785158564037747
-93.28724929546755,35.332562266391,0,-1,2020,79,20,66,14,53.0253939032974
-81.55100343510912,37.02796704605724,0,-1,2019,3,63,31,6,34.27782714294176
-87.83620840094977,36.93598742181464,0,-1,2017,360,7,82,11,73.06513024073305
-88.94412986899879,31.937911053302084,0,-1,2019,65,69,21,10,26.40035144526929
-87.54603611098948,30.83981509023309,0,-1,2020,43,33,56,11,39.59582198001818
-89.24845318158178,36.78180414013838,0,-1,2020,105,3,77,20,73.75861388093593
-86.9922847255645,37.422582376347954,0,-1,2020,16,16,68,16,58.06513583951981
-85.7225899019904,34.338538766087595,0,-1,2019,142,8,76,16,62.038068159380806
-90.20871852019887,36.822928133435035,0,-1,2018,64,5,70,25,68.03778018047988
-84.63716216723238,37.14320358996418,0,-1,2020,76,12,73,15,61.57474033411
-83.99338707003021,30.26448110999446,0,-1,2019,0,73,14,13,27.638876821610513
-89.65493021676193,32.91510060364193,0,-1,2018,56,57,30,13,37.00635798203177
-88.78949959779287,35.187819290224226,0,-1,2018,105,50,41,9,41.04109075112551
-87.90275706222992,36.32232114242057,0,-1,2020,226,64,24,12,31.68740620804045
-87.59966370174423,32.45782581252591,0,-1,2018,322,19,67,14,67.98313095756042
-88.41283092484879,35.51367590571697,0,-1,2020,112,55,36,9,38.17255204013115
-92.82241170926372,36.63443975345846,0,-1,2017,13,23,61,16,51.67556679042574
-89.20413216054907,30.503122286145302,0,-1,2017,235,26,66,8,57.03638031792886
-81.98944919040352,30.798891299522378,0,-1,2019,92,37,52,11,53.19376814169776
-92.25015495749733,35.65283499872443,0,-1,2018,33,45,44,11,39.82276856240128
-82.25603344648415,35.94705108202032,0,-1,2018,10,66,28,6,25.625402341975864
-84.15678040445775,32.103228747763026,0,-1,2017,126,48,45,7,60.33457080231433
-81.15853440635068,37.78396886656557,0,-1,2017,31,17,65,18,51.108171083290564
-81.18764568848351,35.79972328339129,0,-1,2019,85,19,60,21,55.786353312925826
-87.02754990866157,32.86411840857573,0,-1,2018,75,42,48,10,42.26186621386826
-85.66101675796158,30.670107170236605,0,-1,2018,108,51,39,10,45.93184600197433
-79.8849086474778,37.39456032712976,0,-1,2019,172,22,52,26,50.214398546718265
-87.80086531650156,37.77552514593848,0,-1,2019,64,16,69,15,70.91089656261724
-78.73526072460227,34.39223820967989,0,-1,2017,97,19,67,14,60.95413170105634
-79.16454698571947,35.83569903398053,0,-1,2017,91,58,35,7,42.250177739157905
-81.32925423804328,29.938010623143875,0,-1,2020,295,16,60,24,50.5580649831441
-88.94830267396691,34.910671298518,0,-1,2019,356,50,38,12,47.34917469594061
-81.64425740820434,31.072717715926142,0,-1,2017,91,59,33,8,37.116658437839455
-81.62199050578462,32.15098389289838,0,-1,2017,348,25,61,14,54.084694220098356
-88.84988670570755,32.993196350323835,0,-1,2019,48,54,35,11,44.12374370619015
-83.59826599635129,32.450002612979326,0,-1,2019,14,45,43,12,52.00910365528548
-79.05114107058542,35.0296061132986,0,-1,2018,177,7,71,22,60.60833216383648
-80.19076583827426,37.20892149046198,0,-1,2019,251,46,46,8,30.086328803918484
-81.39974101238161,32.42178563120254,0,-1,2020,67,41,48,11,41.88183020991727
-93.37579224414705,34.368767542004996,0,-1,2020,170,45,45,10,46.41884206784883
-93.29159365559393,30.174953099967986,0,-1,2020,57,,,,58.409981760902006
-80.79534807665912,37.29600926420923,0,-1,2020,160,41,46,13,22.3944379703332
-82.2112655794613,32.107156244462765,0,-1,2020,43,57,32,11,50.84852973122421
-92.77448181898325,33.01011292598252,0,-1,2019,92,56,32,12,37.430980353440624
-90.69412904182671,36.371463489209965,0,-1,2017,317,1,72,27,61.37145632607745
-88.04601166096083,35.71362937397432,0,-1,2018,40,61,28,11,33.619861742599994
-81.36302389449705,27.509336458044093,0,-1,2018,133,19,71,10,66.84924474281765
-87.55687241904903,33.26444818721405,0,-1,2017,85,43,46,11,54.61917456556083
-94.0502652245955,33.26302388014014,0,-1,2017,336,52,38,10,37.40326821476841
-79.4983194061584,37.776947695158306,0,-1,2018,98,65,24,11,38.32916041386936
-87.46748315486175,35.68229010436278,0,-1,2019,16,64,26,10,35.22658687838213
-94.03771358860564,32.46499074983561,0,-1,2019,46,49,40,11,43.108230950915974
-84.2227795226531,37.229282042626096,0,-1,2018,43,39,48,13,36.69072205658775
-87.71268154824075,34.97323632026054,0,-1,2019,299,15,68,17,52.08274241017636
-93.12410844852309,31.691308991201133,0,-1,2020,312,50,42,8,43.94307548035671
-81.23615073221629,36.0137170036756,0,-1,2018,84,61,33,6,34.50652607467962
-83.44018273346367,37.4472811109953,0,-1,2020,191,65,29,6,28.604391264858023
-93.81538891482136,30.03344166146978,0,-1,2020,174,14,68,18,65.75672473041828
-94.20558046306262,32.61126971067381,0,-1,2018,63,55,32,13,37.88182913104427
-89.42653134665323,37.0779548784812,0,-1,2019,248,1,62,37,57.62782615563849
-94.17723813559687,30.57147404809398,0,-1,2018,46,18,67,15,46.054123965799825
-91.36690294028914,33.67003061171379,0,-1,2018,304,2,74,24,73.9687975196003
-89.77385385598859,37.552442191491025,0,-1,2020,343,12,72,16,70.86516210559573
-89.79377693037246,29.626021855503588,0,-1,2017,163,21,40,39,37.871926045593256
-93.38928368295218,32.98996865427644,0,-1,2018,90,31,56,13,47.95736824437732
-87.66396173988876,31.741925042199327,0,-1,2020,178,60,30,10,25.900681212360546
-87.19303366554539,32.44487787082096,0,-1,2017,83,15,71,14,57.66508036807394
-91.24963589589147,37.38674765330133,0,-1,2017,69,62,32,6,32.748978020024886
-81.67819978060851,33.69007142483865,0,-1,2017,151,16,67,17,63.57244402321999
-94.24268816388938,32.871850910401925,0,-1,2020,92,33,56,11,45.141116530737165
-83.31702151580328,34.406534317162894,0,-1,2020,82,27,63,10,53.750153007837945
-89.90812703168544,33.126448882493,0,-1,2017,62,64,27,9,30.2831049326646
-82.17581130576112,36.199414663458946,0,-1,2017,63,74,18,8,22.172410388071498
-83.15000948142523,34.08117642517541,0,-1,2020,72,53,35,12,58.83025910419467
-91.92519314663643,31.294427132671824,0,-1,2017,141,49,41,10,56.783273912600585
-86.28100017452029,35.590649047107505,0,-1,2020,63,40,49,11,63.40387881660546
-82.26097761580026,33.99659160660291,0,-1,2018,104,36,53,11,47.299632643387575
-83.1082999395754,36.70974760330935,0,-1,2019,70,17,68,15,62.359725870479714
-91.61743436786534,36.569698623982575,0,-1,2018,140,10,75,15,68.61023140104247
-81.86647525609033,35.07001470867587,0,-1,2018,265,28,60,12,55.04387944324048
-91.60418114060577,36.024014178970155,0,-1,2018,204,56,36,8,50.272204775730266
-88.17853733354599,37.57653927986012,0,-1,2018,177,20,44,36,51.308005213064284
-80.76147948495961,32.98177072960718,0,-1,2018,129,45,44,11,44.93928620805437
-93.75451545588682,36.80725547458737,0,-1,2020,248,27,63,10,52.621862348178134
-78.49257308150047,36.13717173687074,0,-1,2018,191,38,51,11,44.798337414106314
-81.3387178587151,37.05637979537815,0,-1,2020,54,77,16,7,25.31450912250215
-86.4048622129582,37.09042660816136,0,-1,2018,8,39,50,11,51.09336308524712
-77.59819419687045,37.21980876993822,0,-1,2020,297,14,73,13,46.800982068307434
-85.70138623955577,31.514947279983904,0,-1,2018,120,12,72,16,51.590901012973134
-81.08605783186522,33.05219440898995,0,-1,2020,40,50,38,12,47.37485436701485
-76.66686633420112,37.054457025743986,0,-1,2019,188,,,,55.71113031065701
-83.27740601416768,30.68299775375663,0,-1,2019,157,18,69,13,58.19700222807379
-87.74045128524247,37.08174871011373,0,-1,2018,132,49,43,8,50.79579828614304
-89.5885107789229,30.805771991065935,0,-1,2018,285,16,67,17,43.27841402732802
-84.95466784350587,30.755426492899186,0,-1,2018,295,35,57,8,60.891249314374924
-85.51562703761022,36.99833139758572,0,-1,2018,109,16,69,15,44.67354555867135
-88.48621767174726,33.410107000955136,0,-1,2020,154,38,47,15,54.85665708108562
-81.10774627665477,34.314772912551426,0,-1,2019,203,26,61,13,52.09179602638541
-80.86617379958943,26.233185221798102,0,-1,2017,310,28,66,6,57.23755924170614
-81.3789979928834,29.30584645480498,0,-1,2019,70,57,39,4,43.007612407512795
-90.37448533767753,36.27636200069373,0,-1,2018,26,48,44,8,55.90315382032903
-81.53906100210573,33.020212548292,0,-1,2018,83,2,75,23,58.308274091627176
-81.28417013045662,37.73608520195893,0,-1,2019,5,37,55,8,45.86159162717223
-81.89926466127814,33.31917564581384,0,-1,2020,278,49,40,11,43.00549714235854
-94.2434362207815,36.70825121878434,0,-1,2018,21,13,72,15,65.61012498272353
-84.32339817928649,31.478380021362693,0,-1,2019,171,11,72,17,60.57831349088829
-88.55426518779139,34.294310754649516,0,-1,2019,286,22,62,16,57.356164113094344
-81.15672667680842,25.242039603377705,0,-1,2019,328,32,55,13,43.98026683353075
-89.26812509678209,33.27910607656487,0,-1,2020,113,49,42,9,41.36604056803143
-80.75898062861124,28.20323730827169,0,-1,2019,325,13,76,11,65.03876076139326
-90.51732675124319,35.54947855304498,0,-1,2020,21,2,62,36,66.90881086844917
-88.22766526734631,31.962630202575763,0,-1,2017,101,35,53,12,49.86668246258342
-83.91404051875027,30.446362318805786,0,-1,2019,13,52,38,10,46.074500434404854
-89.23411535509926,32.28860972528835,0,-1,2019,60,37,51,12,52.670200793697816
-82.56228066944601,34.926435894764694,0,-1,2020,36,37,53,10,55.51547043143448
-78.40124942740793,34.196052863464715,0,-1,2020,70,54,31,15,35.7645130716373
-80.50061560409044,26.197107880333412,0,-1,2020,322,37,45,18,47.97401571693716
-89.47221333442958,33.29990315117843,0,-1,2018,31,52,36,12,42.78293670386096
-84.64856027994382,32.19019108247416,0,-1,2018,84,48,43,9,42.58072669826223
-76.11783447118692,36.553442792767484,0,-1,2019,19,50,40,10,47.22656744775173
-89.94809166835273,31.618616812797004,0,-1,2020,313,70,28,2,27.964635494826613
-84.8609997373829,31.36161851732293,0,-1,2019,249,9,74,17,57.862060792794914
-87.18979933527622,32.18336463899357,0,-1,2017,284,49,39,12,48.421740605480046
-78.00845133584481,36.10974562309334,0,-1,2018,286,21,63,16,48.1809294333735
-81.49398395439013,28.82801816099486,0,-1,2020,79,70,25,5,37.82002369668247
-79.14423229239564,33.79835353964944,0,-1,2019,61,25,61,14,51.24354797306638
-81.72179833435489,29.370165747026007,0,-1,2017,64,49,40,11,48.547702273041466
-81.37159504774021,37.006206807818316,0,-1,2018,337,38,45,17,35.60002369761838
-79.10268318635522,37.423075551650044,0,-1,2020,327,49,39,12,45.59537914691942
-81.22881102640676,32.989259647909314,0,-1,2020,319,43,46,11,55.46012596994883
-85.27715532430132,34.45119273646986,0,-1,2017,93,48,41,11,43.407965405576185
-89.39765238540173,34.05836569141814,0,-1,2019,63,24,66,10,57.56325901937163
-86.67424179596044,35.57748405215594,0,-1,2020,341,24,60,16,57.16919097174225
-80.21253799998557,36.243378751663776,0,-1,2017,243,52,41,7,47.46100691016782
-90.38580452130307,29.441333238200944,0,-1,2017,134,13,11,76,31.29001333248682
-87.71727249615368,33.49192639791195,0,-1,2018,275,36,53,11,37.00458117767859
-82.20306585442529,27.229071704000727,0,-1,2020,14,28,61,11,56.6083754541147
-81.67866028499218,27.57129742225438,0,-1,2020,4,33,62,5,70.97154760494413
-92.91074062154631,36.95823282311747,0,-1,2017,105,44,50,6,46.86748415378237
-90.3567235158872,36.21291484039448,0,-1,2017,253,4,78,18,71.28038232157667
-86.96251922850202,34.65729345055778,0,-1,2017,252,6,77,17,62.74538515783794
-81.72116099275893,33.69543909096961,0,-1,2018,51,34,55,11,50.6002095675654
-90.4222415643212,31.202252076653135,0,-1,2017,136,59,30,11,50.32202954653184
-83.40024778368706,36.668819629967594,0,-1,2020,341,53,36,11,37.5152831529895
-88.92810979186504,33.204706157233716,0,-1,2017,159,58,33,9,26.837295632256527
