lon,lat,label,cause,year,doy,ndmi,smap_surface,smap_root,lst_day,lst_night,et,pet
-89.43506373179642,31.796705022240484,0,-1,2019,138,0.2344606083506518,0.2782210111618042,0.29430699348449707,300.49,291.01,49.900000000000006,69.0
-79.7759608530851,34.26192566059892,0,-1,2017,93,0.0352497643732328,0.24285675585269928,0.18132010102272034,300.90000000000003,288.068,18.3,43.300000000000004
-86.90041763251399,33.12406272956388,0,-1,2018,124,0.11100260416666667,0.2549489140510559,0.2964339554309845,297.6425,286.27,40.800000000000004,60.1
-85.12542395065844,31.369727609267617,0,-1,2018,77,-0.15765702187720537,0.19808538258075714,0.10859754681587219,294.01,280.56666666666666,11.100000000000001,32.2
-80.972741643883,28.84736970752684,0,-1,2018,142,0.25313757991948854,0.19659283757209778,0.10002723336219788,302.42,,,
-79.91807312658604,35.70545627044364,0,-1,2019,79,-0.02543859649122807,0.4279719889163971,0.4448370337486267,284.68,276.79333333333335,11.5,27.700000000000003
-91.05877270789748,36.99487361446917,0,-1,2018,71,-0.19603321033210333,0.27583590149879456,0.29293379187583923,283.9666666666667,273.0266666666667,7.6000000000000005,23.6
-90.86246728098864,30.078948438624728,0,-1,2020,275,0.16633046029708418,0.2902016341686249,0.35847777128219604,302.0933333333333,290.436,17.5,46.2
-92.64082694287065,32.35140820208239,0,-1,2020,61,0.042739580568091316,0.25176486372947693,0.20167803764343262,289.77,277.416,11.700000000000001,22.5
-92.89811319971919,35.8949706696527,0,-1,2017,110,0.3084913437757626,0.37015244364738464,0.3720760941505432,294.90000000000003,290.46,30.900000000000002,42.2
-81.29821411672752,33.7234021538656,0,-1,2017,285,0.23076923076923078,0.10669834166765213,0.047464486211538315,301.06666666666666,291.735,19.8,38.400000000000006
-83.74909208919014,30.564185854705183,0,-1,2018,120,0.04349388928828181,0.1097024530172348,0.16403363645076752,302.62333333333333,288.512,25.900000000000002,59.400000000000006
-89.82545361743517,32.66398718191301,0,-1,2020,68,-0.05149919890135042,0.41336891055107117,0.44111907482147217,289.27,279.3066666666667,16.8,34.800000000000004
-87.71128103528878,36.52425266676682,0,-1,2018,233,0.23702185792349728,0.21942655742168427,0.2693578004837036,300.42,290.78000000000003,30.200000000000003,51.900000000000006
-94.00469922595063,37.186579188863455,0,-1,2020,296,-0.04058313632781718,0.1851702332496643,0.2125236690044403,297.52,287.16,,
-92.96994607035425,32.97064197213126,0,-1,2020,42,0.08796764408493428,0.460295170545578,0.4751458466053009,286.04,273.82,,
-77.27598788376662,35.248594937556035,0,-1,2019,36,-0.07766544117647059,0.3009113073348999,0.29127171635627747,285.48400000000004,276.85333333333335,12.100000000000001,19.3
-91.34802017023979,31.973202436205483,0,-1,2020,9,-0.24713302752293578,0.3392588496208191,0.3298436105251312,288.496,280.5966666666667,,
-88.22594081092566,31.430904821208244,0,-1,2019,17,0.1716171617161716,0.24765373766422272,0.2096029371023178,284.8333333333333,278.09200000000004,,
-85.37264999018575,37.12049124749649,0,-1,2019,74,-0.08731599112724339,0.4618697762489319,0.4778039753437042,,287.18,10.600000000000001,28.6
-80.9127827059542,33.5553519941486,0,-1,2020,205,0.21961620469083157,0.09951692074537277,0.16121196746826172,305.855,297.505,41.5,61.0
-82.96345802136103,29.281516149720535,0,-1,2017,80,0.15071714084175875,0.09044263511896133,0.05414608493447304,294.24,281.5133333333333,19.900000000000002,47.1
-92.26006942680696,34.08758763124203,0,-1,2017,14,,0.3149071931838989,0.30751824378967285,269.84000000000003,283.0,,
-93.2413386171716,36.912670679122456,0,-1,2019,106,-0.0826398296884072,0.28239887952804565,0.3480606973171234,301.36,279.2066666666667,15.9,40.400000000000006
-82.39451406124263,31.412899079881296,0,-1,2017,310,-0.031675945478978694,0.13458535075187683,0.11394350975751877,300.12,284.9685714285714,8.1,33.5
-93.5902709470081,29.92053979115169,0,-1,2019,78,0.12517099863201095,0.5630932450294495,0.8773268461227417,,,,
-83.66226725089311,33.00848349670933,0,-1,2018,127,0.20100397406400336,0.20841532945632935,0.24521252512931824,299.42571428571426,286.6333333333333,39.7,59.5
-75.4626948030265,35.545376149954535,0,-1,2017,60,0.02617801047120419,0.5939282774925232,0.881733775138855,294.32,287.96,,
-92.1293314381556,33.42038476291063,0,-1,2017,336,0.3052809940694719,0.1342582106590271,0.18016748130321503,291.24666666666667,279.8,7.9,22.3
-89.4195333056715,32.245616384749525,0,-1,2020,34,0.0486646884272997,0.46903330087661743,0.48558473587036133,288.15500000000003,277.82,8.700000000000001,17.900000000000002
-91.424161565477,36.03511214705673,0,-1,2020,138,0.30023640661938533,0.45772406458854675,0.4631591737270355,296.82,285.45,,
-90.97324553148424,31.669367086909965,0,-1,2018,232,0.26844106463878326,0.1797378659248352,0.18707439303398132,303.7866666666667,,25.700000000000003,47.5
-83.92918271884349,31.4090915069725,0,-1,2017,102,0.11941016188491746,0.12597200274467468,0.17615623772144318,298.08,286.9666666666667,25.700000000000003,54.0
-86.91985710261952,35.95552518743856,0,-1,2017,122,-0.037247474747474744,0.3110155761241913,0.37956443428993225,299.83,289.396,15.4,45.7
-84.44163086864923,36.8548605579404,0,-1,2017,31,-0.1111111111111111,0.2863869071006775,0.3114983141422272,279.84000000000003,273.72,5.6000000000000005,12.600000000000001
-80.35080659121331,32.85302506420869,0,-1,2018,57,0.13843648208469056,0.1819460690021515,0.17899639904499054,297.1,290.30400000000003,17.0,30.900000000000002
-76.35918469835613,35.772676815108674,0,-1,2018,120,-0.2818398096748612,0.357200026512146,0.3892533481121063,297.54,286.096,,
-88.2157994156124,33.508858564663775,0,-1,2017,291,0.24892703862660945,0.16295172274112701,0.2097582072019577,295.53000000000003,287.86571428571426,15.5,31.6
-79.56857884577256,37.72311743075924,0,-1,2019,243,0.17387497811241465,0.08050760626792908,0.12306229025125504,299.7666666666667,288.94,31.8,56.2
-85.36315654571888,31.338483552870024,0,-1,2020,9,-0.10373775734559264,0.2365366667509079,0.2587986886501312,287.81,278.475,11.600000000000001,16.8
-88.26631893163136,31.45174282150776,0,-1,2018,9,0.11482132396016403,0.2216208279132843,0.15298287570476532,275.90000000000003,280.04,9.0,17.2
-80.53284083814316,37.777936685816556,0,-1,2018,113,-0.17765567765567766,0.4725518226623535,0.47950443625450134,294.62,289.1,10.600000000000001,33.2
-86.43510753537862,32.76171953299225,0,-1,2020,109,0.26147783251231527,0.1969069242477417,0.22399228811264038,292.52500000000003,281.548,30.900000000000002,47.900000000000006
-80.38422529988665,27.340144432969893,0,-1,2019,83,0.09429824561403509,0.09901849925518036,0.09680256992578506,303.42,286.57,13.5,49.1
-77.38888525179826,36.30473868287526,0,-1,2020,78,,0.3750511407852173,0.4149337112903595,287.54,278.69,,
-90.90234004716358,36.29110992105913,0,-1,2019,102,-0.001637331150225133,0.28229445219039917,0.31927353143692017,297.57,288.88,,
-90.25004978028247,34.36371864627736,0,-1,2019,22,0.05129042796471741,0.5149042010307312,0.5415597558021545,278.31,275.93,8.5,10.700000000000001
-85.68631490265561,35.27053876800606,0,-1,2020,158,0.34525394711812823,0.30252403020858765,0.32507041096687317,297.1066666666667,290.56666666666666,34.9,57.7
-80.51267222083189,26.466347662631073,0,-1,2020,78,-0.11488573193329216,0.3992210626602173,0.8038497567176819,310.52500000000003,289.216,7.9,56.400000000000006
-90.23666217943952,32.919078598203505,0,-1,2019,77,-0.05108467459762071,0.281985878944397,0.35655611753463745,290.54,280.84000000000003,11.0,38.2
-90.64603994700934,36.41402936722476,0,-1,2020,108,-0.023279524214103654,0.4182242155075073,0.4265698492527008,293.755,278.81,8.5,36.1
-86.90180587714191,32.73706167113325,0,-1,2018,64,-0.009406073636119323,0.2043471485376358,0.21640607714653015,292.095,280.92,8.9,29.200000000000003
-88.01905514400686,31.38020936390678,0,-1,2020,71,0.041304347826086954,0.4596412181854248,0.48234251141548157,290.31333333333333,281.74666666666667,19.1,32.0
-92.30198590138035,33.435036378093415,0,-1,2020,5,0.057767135588147264,0.33704814314842224,0.3494281470775604,284.555,277.855,5.9,18.8
-89.53305250782405,35.06086959632177,0,-1,2017,37,-0.2800908402725208,0.3267143964767456,0.33289429545402527,283.435,277.48,,
-90.25857785629071,31.428001327014915,0,-1,2018,181,0.24778404512489927,0.2347385287284851,0.23535633087158203,302.256,297.016,26.6,56.0
-86.33659001133772,32.86148421341968,0,-1,2020,4,-0.09463198671831766,0.22669361531734467,0.20618289709091187,285.85,280.27500000000003,8.200000000000001,20.200000000000003
-90.5229087575975,31.117213804838002,0,-1,2020,37,0.09519599174771588,0.34006616473197937,0.3260266184806824,290.2066666666667,279.04,9.200000000000001,19.6
-83.90054565562914,30.6082120865515,0,-1,2017,218,0.2916666666666667,0.1706039011478424,0.17365829646587372,300.39,292.82,,
-93.4360474278941,37.51508615401322,0,-1,2019,14,-0.047339757017176375,0.42204561829566956,0.4207207262516022,280.88,275.18,4.7,6.7
-85.41625790438455,37.45656221403293,0,-1,2017,130,0.3029654539896056,0.34358057379722595,0.37073761224746704,294.535,280.885,31.3,61.1
-93.56903920823326,30.289568749260685,0,-1,2019,44,,0.39050179719924927,0.4124116003513336,290.04,279.82,15.8,24.400000000000002
-78.922403824897,33.8017964517962,0,-1,2020,2,0.23343127652628143,0.22590869665145874,0.22532305121421814,289.32,282.8,15.3,21.900000000000002
-82.46546012288287,32.573108697415,0,-1,2019,9,0.25957727873183617,0.2530311644077301,0.23021110892295837,286.86400000000003,281.74666666666667,5.4,13.4
-82.08081340444704,36.71168884630001,0,-1,2020,335,0.05863013698630137,0.44905784726142883,0.4646218419075012,284.09000000000003,277.66,6.4,12.200000000000001
-78.48360851322079,36.66256143592742,0,-1,2017,76,0.05132382892057027,0.30958032608032227,0.3328841030597687,285.435,274.1366666666667,9.600000000000001,30.6
-81.45658575023474,34.286843986524254,0,-1,2019,296,0.1795142555438226,0.17725184559822083,0.2050931602716446,294.02,282.31333333333333,11.5,32.1
-77.49236914955081,35.61102140883572,0,-1,2017,318,0.025296850800206504,0.2007104605436325,0.18141096830368042,286.84000000000003,,6.5,15.4
-87.53176801617907,35.005161355808035,0,-1,2020,42,0.025855314703577957,0.439054936170578,0.4520745575428009,285.28000000000003,272.33,,
-87.74553143616387,32.81054879804818,0,-1,2019,107,0.38238341968911915,0.27122631669044495,0.2894943952560425,297.8333333333333,285.985,57.400000000000006,62.2
-84.40675845912564,36.932422406514924,0,-1,2017,269,0.22282996432818072,0.14824238419532776,0.20121493935585022,299.416,291.92285714285714,23.8,48.900000000000006
-80.11214119171647,26.34074597204565,0,-1,2020,143,,0.14678740501403809,0.09158485382795334,,296.68,,
-92.45985229761988,32.09450496396621,0,-1,2019,80,0.16143840856924255,0.39985886216163635,0.4164235293865204,289.3325,280.335,14.3,38.900000000000006
-86.51899540365932,37.090489122816535,0,-1,2020,13,-0.13283922462941847,0.4403798580169678,0.44168227910995483,282.44,274.3933333333333,7.5,10.0
-88.85579985311335,36.499508421928844,0,-1,2019,61,-0.010522360015031942,0.4107961058616638,0.4351407587528229,286.7,274.35333333333335,9.5,18.5
-90.35492146680659,35.1838198608609,0,-1,2020,310,-0.07621881437399863,0.36702150106430054,0.40066418051719666,290.74,279.005,5.5,27.3
-84.52545341887871,34.307178777944145,0,-1,2020,117,0.1984463276836158,0.2583155930042267,0.2613559067249298,289.24,282.464,23.900000000000002,40.900000000000006
-87.56216819324155,36.03876339133736,0,-1,2017,65,-0.21740958788898235,0.2961406707763672,0.3425988256931305,289.57,278.90000000000003,7.0,24.5
-93.56660225223546,37.01787638648096,0,-1,2018,4,-0.09591642924976258,0.16806435585021973,0.22141462564468384,273.17,259.04,,
-84.24160783550505,37.833563272330785,0,-1,2020,125,0.3133661153330353,0.4416464865207672,0.4522165060043335,295.7666666666667,281.56,,
-78.22522866240534,35.197171213229254,0,-1,2019,279,-0.06442757952527046,0.11655016988515854,0.1659776121377945,305.78000000000003,293.388,12.200000000000001,37.6
-83.12756538800039,30.629207785400393,0,-1,2018,315,0.17502251576103273,0.1327252984046936,0.07000050693750381,291.98,285.2666666666667,16.900000000000002,26.0
-82.75944454674656,31.139432206031202,0,-1,2018,174,0.26722472633612365,0.12600405514240265,0.09877581149339676,304.765,296.90000000000003,46.1,65.7
-82.14696217745632,36.90882228979659,0,-1,2018,137,0.2746995016124304,0.39529654383659363,0.4100252687931061,300.14,290.69,,
-82.19635034303593,28.27225615547472,0,-1,2020,121,0.08708891595615104,0.16754359006881714,0.07241396605968475,303.71500000000003,290.535,23.700000000000003,59.0
-82.80090266373891,30.235847291697986,0,-1,2020,227,0.17706237424547283,0.18850843608379364,0.09650587290525436,301.75,294.74,30.200000000000003,54.1
-90.3199650470417,35.0568001862866,0,-1,2019,83,-0.09970781592403213,0.45000118017196655,0.49194416403770447,292.92,278.452,,
-91.37169671239519,34.3241999220423,0,-1,2018,260,-0.03642584020929764,0.21590594947338104,0.2756011486053467,303.71500000000003,295.86,12.200000000000001,58.7
-84.69226480705235,31.57981253074118,0,-1,2017,277,0.1935483870967742,0.07360891252756119,0.1441522240638733,304.41,293.2766666666667,26.900000000000002,45.0
-80.29565617059082,35.90137095851753,0,-1,2019,73,-0.09648946840521565,0.3488060534000397,0.34121429920196533,,277.64,11.600000000000001,28.8
-93.15072110818178,35.12372969578643,0,-1,2020,3,-0.10949217913006214,0.38897818326950073,0.40641409158706665,283.36,273.7,,
-87.6353835737253,32.42446181035376,0,-1,2017,90,0.20093457943925233,0.3693445324897766,0.40342673659324646,299.90000000000003,289.33,20.6,42.7
-83.57462831148612,30.326632834149013,0,-1,2017,255,0.2800338409475465,0.5914031267166138,0.877598226070404,298.94,294.42,36.300000000000004,52.6
-84.75817691474877,32.174104372120645,0,-1,2018,98,0.08732628085459448,0.19674132764339447,0.21287210285663605,295.336,285.428,19.700000000000003,44.5
-91.18308799031473,31.17480145849404,0,-1,2020,246,0.3064898152534344,0.18373072147369385,0.23440726101398468,300.86,296.27,,
-80.89349278571069,33.598136598826315,0,-1,2017,77,-0.030276046304541407,0.15762127935886383,0.19540157914161682,291.7733333333333,276.52,7.6000000000000005,37.300000000000004
-93.64112439602539,30.31816443774492,0,-1,2017,159,0.31585608389079733,0.28493139147758484,0.32266324758529663,302.1,293.435,40.1,54.5
-84.46434159528262,31.312054979663657,0,-1,2017,325,0.1414033208355651,0.0956948846578598,0.1422317624092102,292.54333333333335,282.68,8.8,22.6
-77.62069052825244,35.503811540989055,0,-1,2018,73,-0.10136564723985382,0.2314007729291916,0.2464887946844101,284.005,275.1,11.100000000000001,27.1
-81.83815437563882,34.379501343956996,0,-1,2019,177,0.1470022205773501,0.20289607346057892,0.21782377362251282,301.885,295.16,26.900000000000002,65.0
-87.396097574516,30.86436330681717,0,-1,2019,286,0.20153649167733675,0.11360962688922882,0.14422380924224854,302.112,292.26,32.4,45.900000000000006
-86.20236093331393,34.290140295226266,0,-1,2020,12,-0.011161846778285134,0.30178946256637573,0.2694295346736908,286.04,274.02500000000003,7.7,11.200000000000001
-90.70252446002254,35.4505513953421,0,-1,2018,7,-0.1905858275773855,0.2548970878124237,0.2813282012939453,272.744,265.85,5.0,10.700000000000001
-78.43479977046627,34.146584318217386,0,-1,2017,64,-0.1171901384667342,0.17833669483661652,0.19602303206920624,288.776,280.125,9.3,34.2
-91.29892820261242,32.44725591934241,0,-1,2019,325,-0.15286080273270708,0.23993876576423645,0.28840380907058716,289.50666666666666,277.10400000000004,10.600000000000001,20.900000000000002
-79.43074245157239,33.28568446159396,0,-1,2017,90,-0.0017937219730941704,0.2642419934272766,0.29136618971824646,297.24,283.27,28.6,45.900000000000006
-90.66205948374994,36.66508959158273,0,-1,2020,47,-0.10973871733966746,0.32157769799232483,0.3296726942062378,273.62,269.21,,
-91.10088304401461,30.441582846309107,0,-1,2019,63,0.02315126994830299,0.33758917450904846,0.3509553372859955,,283.40000000000003,,
-88.32742933875213,32.59050362976641,0,-1,2020,60,0.2504930966469428,0.4728102684020996,0.4944744408130646,286.81,275.735,11.4,22.5
-80.88763474970759,36.16860223979757,0,-1,2017,244,0.32669322709163345,0.3452020287513733,0.33893951773643494,,289.3,29.700000000000003,46.800000000000004
-93.40054706634183,31.005881088903223,0,-1,2018,18,0.13429106808244848,0.15527062118053436,0.126865953207016,277.66,274.1666666666667,8.0,20.5
-90.76895810945179,33.01654841350933,0,-1,2020,183,,0.371732622385025,0.3884198069572449,300.6,297.58,17.2,41.5
-80.47318394897052,26.349765315616747,0,-1,2018,231,0.0936891854323047,0.5171473026275635,0.8235055208206177,304.3666666666667,297.4566666666667,,
-92.67667483609254,31.49019436747591,0,-1,2017,276,-0.167791555485795,0.23498274385929108,0.30096906423568726,305.436,291.536,9.600000000000001,41.7
-81.06287743379251,25.209752987272235,0,-1,2018,69,0.1328007988017973,0.1424572914838791,0.2149638831615448,298.39,288.475,,
-90.61391647417031,30.698274471738024,0,-1,2019,73,0.007241606319947334,0.3599144518375397,0.36172211170196533,,,14.600000000000001,31.400000000000002
-77.05750779298162,35.7145007667844,0,-1,2018,284,0.08259385665529011,0.24358201026916504,0.1700231432914734,302.18,293.528,18.3,33.0
-89.58683793076764,29.7586188671559,0,-1,2017,268,0.07722969606377678,0.5018620491027832,0.8409470915794373,,,,
-79.9871902029392,36.71116166851948,0,-1,2017,246,0.25789583769085966,0.22043314576148987,0.2585926055908203,297.08,,32.7,46.0
-81.69518385562662,28.07756059206593,0,-1,2018,263,0.17638403531359206,0.19677037000656128,0.08756407350301743,302.85,295.42,,
-90.68087281745498,37.67593284929754,0,-1,2019,66,-0.06780776826859776,0.35907965898513794,0.36482205986976624,277.42,264.5,,
-93.43621135061503,34.86206765057668,0,-1,2019,105,0.11095538425601495,0.4539501368999481,0.4974201023578644,298.92,286.94666666666666,13.5,39.7
-86.06151869650326,31.439258191111797,0,-1,2017,92,0.28023383266350016,0.14566129446029663,0.1339990198612213,299.41,289.045,25.6,46.900000000000006
-90.48525895984702,32.59916551795893,0,-1,2017,112,0.3656338028169014,0.23172253370285034,0.25035619735717773,298.84000000000003,292.3,,
-91.04373367224038,30.17751658421282,0,-1,2020,97,-0.07528069206699797,0.24442069232463837,0.3145357072353363,305.68,285.53000000000003,19.400000000000002,39.5
-89.28097575917802,30.841608375883574,0,-1,2017,226,0.20940247622465458,0.2902756929397583,0.2489912360906601,,,34.6,53.1
-93.75148024996804,31.993015077718294,0,-1,2018,126,0.31305758313057586,0.3792624771595001,0.3970136046409607,300.128,288.39,52.7,66.5
-81.21508136541573,34.563935732672675,0,-1,2018,67,0.03784969829950631,0.27034199237823486,0.27608564496040344,287.345,278.256,10.5,20.8
-78.16077825453264,36.52365750962812,0,-1,2017,102,0.1206896551724138,0.3233291804790497,0.38031885027885437,295.688,285.48,20.3,46.400000000000006
-81.68039311162099,33.91666452066278,0,-1,2017,326,0.1134789557805008,0.24434567987918854,0.28151169419288635,290.168,277.9266666666667,7.0,20.5
-88.7625796813304,34.41512404729524,0,-1,2019,74,-0.011856091578086671,0.4921432137489319,0.5167443752288818,289.34000000000003,284.29,9.0,35.2
-78.23785811356163,34.999003680962645,0,-1,2019,184,0.2617275962471692,0.08054123818874359,0.14646612107753754,309.61,294.71,69.7,72.2
-92.4622296484971,32.04069755468903,0,-1,2019,258,0.12267510882469332,0.14895203709602356,0.24218279123306274,305.476,296.42,28.700000000000003,51.7
-86.54786588987999,35.15439635130765,0,-1,2018,39,-0.019150707743547043,0.379686176776886,0.38612011075019836,279.12666666666667,275.8,6.300000000000001,15.200000000000001
-92.70256008283336,31.3740915581195,0,-1,2020,61,0.05619385836640903,0.46074923872947693,0.4966609477996826,290.19599999999997,278.585,9.5,21.6
-89.59754098160244,34.553694863460876,0,-1,2018,130,0.34841628959276016,0.2947639226913452,0.3419899344444275,299.135,290.872,,
-90.64180977579929,31.231053466381923,0,-1,2018,249,,0.20459498465061188,0.24265439808368683,298.15500000000003,293.2133333333333,21.5,25.900000000000002
-85.42501441330819,35.94839209023954,0,-1,2018,20,-0.06398672321593214,0.39153310656547546,0.3910871148109436,281.27,271.42,7.1000000000000005,12.600000000000001
-84.93395848720961,36.38001258498564,0,-1,2017,186,0.21449866624823474,0.32234105467796326,0.31576108932495117,294.72,290.75333333333333,30.8,63.900000000000006
-84.19770824094833,32.04423670168876,0,-1,2020,13,-0.03714367981572128,0.21631978452205658,0.10699599981307983,288.725,276.99,13.3,19.0
-78.31426131937599,34.574024130876815,0,-1,2020,96,0.1977401129943503,0.19883954524993896,0.129693403840065,295.065,282.17333333333335,15.4,35.2
-81.19019626263388,32.38527807529687,0,-1,2017,67,-0.12995245641838352,0.1524774432182312,0.12234213203191757,293.24,280.6466666666667,,
-86.13203313574553,30.342295875879316,0,-1,2019,339,0.15568701263780585,0.13033944368362427,0.0652146190404892,290.71250000000003,287.0866666666667,11.4,20.3
-88.24633174965061,36.81981522307289,0,-1,2017,287,0.07925596441568944,0.16144730150699615,0.23568306863307953,299.12,287.1,18.2,29.6
-82.85805378220877,37.547485310456636,0,-1,2017,80,-0.06143269017520515,0.25224682688713074,0.28412654995918274,281.78000000000003,271.35,9.200000000000001,24.8
-75.86435117118593,35.661106849162046,0,-1,2020,18,0.3196405648267009,0.5357508659362793,0.8538753390312195,286.16,,7.7,9.600000000000001
-77.54233189942669,34.990577880077986,0,-1,2019,167,0.18522860492379836,0.38742297887802124,0.7565047144889832,303.22,288.82,31.1,56.1
-77.2565813973672,36.010642706944196,0,-1,2020,194,-0.0031363693388533434,0.17549972236156464,0.25785282254219055,304.6666666666667,295.06,23.3,65.60000000000001
-83.33765568714705,33.135458454817865,0,-1,2020,115,0.26025898230895494,0.41282740235328674,0.44331446290016174,293.0466666666667,284.1333333333333,35.6,50.400000000000006
-93.36845976259035,37.165493497393946,0,-1,2018,337,-0.10502489814395655,0.3207770586013794,0.33881571888923645,287.52,276.44,,
-88.4565410140624,30.43631642017246,0,-1,2018,197,0.24739384693618102,0.4309561252593994,0.26788508892059326,302.8,298.1,,
-91.3274418014279,33.238102360990574,0,-1,2017,201,0.30711610486891383,0.216109961271286,0.32568633556365967,301.27714285714285,295.685,32.800000000000004,67.10000000000001
-89.0835889530331,35.74293453706632,0,-1,2019,324,-0.06869941652550349,0.2799966633319855,0.3138406276702881,284.995,271.325,,
-82.92037920493064,31.784404527418385,0,-1,2019,358,0.010705057216685123,0.23329831659793854,0.22088655829429626,,276.1333333333333,,
-91.86044745324871,32.76532623403582,0,-1,2018,63,-0.09115103127079174,0.3980906009674072,0.41909024119377136,292.61333333333334,280.98,12.4,25.6
-81.3841473833199,26.55665047343936,0,-1,2020,11,0.05725765946760422,0.09577696025371552,0.09707798063755035,295.6333333333333,286.0857142857143,11.8,34.0
-81.8445344142556,35.97070335105574,0,-1,2017,83,0.0031484620973601355,0.19206039607524872,0.23273371160030365,288.012,275.78000000000003,9.8,34.4
-89.90692921301961,37.326706434279075,0,-1,2019,235,0.24990519529768676,0.30683350563049316,0.31557685136795044,300.695,294.52,40.1,48.400000000000006
-92.35248402319749,29.768939577303016,0,-1,2019,50,0.0032916392363396972,0.4492977261543274,0.4665279984474182,290.48,,,
-83.22313430057886,35.83913319506787,0,-1,2017,126,0.28897870355976996,0.318068265914917,0.30421191453933716,297.1066666666667,289.15000000000003,24.1,44.900000000000006
-92.05832294333922,34.40320712240716,0,-1,2017,34,-0.019851116625310174,0.16627109050750732,0.10550877451896667,285.96,278.335,,
-90.61965943320507,37.41406479974538,0,-1,2018,252,0.3230769230769231,0.24220430850982666,0.2677489221096039,297.47,294.7,,
-93.22468960604935,34.3026265238427,0,-1,2017,79,0.013282732447817837,0.27428537607192993,0.28353211283683777,294.185,280.428,12.700000000000001,35.300000000000004
-89.87141952752745,36.511042120273366,0,-1,2018,261,0.04441776710684274,0.11073332279920578,0.15538300573825836,304.856,294.455,,
-91.06393369916455,36.744841414620645,0,-1,2017,82,-0.15942028985507245,0.23467077314853668,0.2577519714832306,294.725,280.72,11.9,31.700000000000003
-86.9700573269203,31.76020660541414,0,-1,2018,164,0.28548490687219014,0.27345582842826843,0.2748982310295105,303.845,293.14,,
-81.16283100377123,29.17568558899228,0,-1,2018,328,0.25606316976875354,0.13047929108142853,0.07352622598409653,295.41200000000003,287.1066666666667,,
-88.91836078346257,36.315226376426985,0,-1,2017,153,0.12153518123667377,0.1745000183582306,0.24729420244693756,305.1066666666667,289.66,23.900000000000002,53.800000000000004
-83.64866474578254,33.44061845925132,0,-1,2017,131,0.29078295341922694,0.28667861223220825,0.34400492906570435,298.79333333333335,287.3,46.7,68.60000000000001
-84.32471968551184,35.925995670197636,0,-1,2017,66,-0.17389418907198612,0.45565134286880493,0.45966342091560364,287.15000000000003,274.48,,
-81.51914715086201,27.191444205227345,0,-1,2018,2,-0.12880467647651683,0.19900831580162048,0.16615231335163116,296.6,286.844,7.2,17.8
-89.44481178107189,35.05597487685051,0,-1,2017,103,0.0453150388156707,0.255608469247818,0.31262513995170593,297.71,283.22,14.700000000000001,43.7
-79.42107761859668,34.6199925549381,0,-1,2020,293,0.07652511317094202,0.26828551292419434,0.35770973563194275,295.55,286.088,11.100000000000001,27.5
-92.89431076647371,36.26117434320254,0,-1,2019,71,-0.21237812632471387,0.41558119654655457,0.41423892974853516,277.85,273.82,,
-90.02699266564727,37.39527157196762,0,-1,2020,73,-0.24795640326975477,0.3941138982772827,0.40284034609794617,289.42,276.18666666666667,,
-79.50218534524741,36.72651061398145,0,-1,2018,108,0.039543866102630124,0.4012891948223114,0.42532292008399963,294.07599999999996,282.1066666666667,13.3,41.300000000000004
-91.14896046871395,34.02847429882483,0,-1,2017,95,0.07658959537572255,0.3275207281112671,0.4014585316181183,296.28000000000003,289.57,16.6,45.800000000000004
-91.95880267121993,31.043727452349287,0,-1,2020,0,0.05683947532792005,0.3289622664451599,0.360788494348526,287.48,279.14,4.2,9.3
-86.58082261851796,31.809308496373088,0,-1,2018,135,0.32965785633209016,0.18121877312660217,0.24162687361240387,303.01,290.93,33.4,64.10000000000001
-86.86874180878496,35.727293109961394,0,-1,2020,356,0.0195907705703091,0.3583766520023346,0.3583083152770996,277.68,270.79,5.800000000000001,10.100000000000001
-82.50937105983836,32.75949422331575,0,-1,2018,169,-0.01473270660867125,0.18146832287311554,0.17268869280815125,301.90000000000003,295.29,21.900000000000002,66.60000000000001
-91.05856045991236,35.10809065042587,0,-1,2019,143,-0.0026818638954073082,0.29672971367836,0.3231622278690338,299.94,294.86400000000003,24.1,58.400000000000006
-78.92398127504406,36.744742183297774,0,-1,2018,11,-0.04033864541832669,0.26658880710601807,0.30188629031181335,272.88,260.9,6.300000000000001,13.200000000000001
-89.08940274190437,31.982943031302845,0,-1,2018,195,0.3840494900518308,0.21969862282276154,0.2918911278247833,300.725,294.1933333333333,10.0,59.900000000000006
-76.42524706209464,37.57110413310775,0,-1,2020,297,0.21106512742321934,0.22669044137001038,0.23064690828323364,290.8,287.3342857142857,,
-81.57487162254016,37.55443228602573,0,-1,2017,291,0.0328125,0.13078619539737701,0.1545824259519577,293.012,289.1533333333333,8.5,28.1
-94.09062367517146,29.804205652857608,0,-1,2020,60,0.0361958836053939,0.3334059715270996,0.3677654564380646,288.80400000000003,280.856,,
-82.33154103266827,32.84680956141712,0,-1,2017,11,0.019987105093488073,0.3038269579410553,0.29576975107192993,281.90500000000003,286.88,9.8,20.1
-87.54992141645035,37.856902167117994,0,-1,2019,265,0.09449465899753492,0.16103209555149078,0.27351364493370056,304.96285714285716,294.0466666666667,11.100000000000001,41.5
-91.34968160147612,33.77687894152764,0,-1,2020,127,-0.12183249821045096,0.4452703297138214,0.5108360052108765,299.2233333333333,286.425,14.3,48.0
-79.16424773608072,34.26488358411553,0,-1,2018,146,0.08539447553710056,0.15478457510471344,0.19869530200958252,302.78000000000003,,,
-88.96760954682583,32.883704768124964,0,-1,2020,227,0.33003118693817646,0.28219741582870483,0.29145216941833496,303.1,295.108,38.400000000000006,64.3
-94.2314642854383,29.99589237234724,0,-1,2020,254,0.18685767673621925,0.2384612262248993,0.30972227454185486,306.44,295.0,,
-84.8530107879644,36.84884470533831,0,-1,2020,238,0.254871395167576,0.2698596715927124,0.3239395320415497,303.6533333333333,293.29,23.900000000000002,44.800000000000004
-79.3016678518364,33.37591866016899,0,-1,2018,75,0.024070945945945946,0.2818100154399872,0.3136511743068695,289.91200000000003,278.47,,
-83.33248068099425,35.72474877524755,0,-1,2017,55,-0.11857065511640498,0.2266659289598465,0.2513440251350403,287.835,281.71,9.8,25.5
-90.11406887146198,32.10418935221233,0,-1,2020,14,-0.06475195822454308,0.3676818311214447,0.36146044731140137,288.58,276.73,,
-83.96760966906491,32.71599199368845,0,-1,2018,8,0.02676977989292088,0.15589730441570282,0.0948091372847557,278.252,,4.3,13.8
-88.20924393588875,36.52186234828664,0,-1,2018,83,-0.16368834882058614,0.3805166482925415,0.3972006142139435,287.61,272.84000000000003,11.700000000000001,18.5
-82.63050317956562,36.70231866583849,0,-1,2018,35,-0.27819988310929283,0.4396454095840454,0.4488033354282379,276.06,266.58,,
-78.84806652600015,35.581112393028874,0,-1,2020,289,0.03994900127496812,0.3982504606246948,0.4167010188102722,297.74,288.8066666666667,12.5,27.1
-90.5528550047665,32.39583906767613,0,-1,2020,40,-0.10943579766536965,0.3564474284648895,0.3863712549209595,287.9666666666667,279.34000000000003,9.3,17.2
-80.89688610576893,32.39161416094678,0,-1,2020,26,0.06476909671797851,0.15906214714050293,0.15250687301158905,286.35,277.8,9.1,17.1
-84.84046221757603,31.89312865536212,0,-1,2017,104,0.19577960140679954,0.1536322832107544,0.20976798236370087,299.2885714285714,283.99142857142857,30.200000000000003,54.6
-88.45180219458297,32.75174379882232,0,-1,2018,264,0.1820700075547721,0.18361838161945343,0.280885249376297,302.8233333333333,295.9771428571429,14.200000000000001,57.5
-86.80749567562661,36.8796995844095,0,-1,2020,85,0.18034596981965403,0.5315117239952087,0.5566271543502808,,274.42,,
-90.69288200127622,33.506437422361984,0,-1,2018,59,-0.056690208054972324,0.4221159815788269,0.4274105727672577,293.22,282.74,,
-76.87395725822269,35.2287523522548,0,-1,2019,97,0.19732720818542493,0.587073564529419,0.8770307302474976,294.4733333333333,272.66,22.3,38.800000000000004
-76.7894977743492,35.91696599330094,0,-1,2019,144,0.28794326241134754,0.11686186492443085,0.23127223551273346,303.8828571428571,291.52,36.1,65.8
-82.8450317481122,31.33114763183452,0,-1,2017,68,0.07723250201126307,0.13086667656898499,0.15482307970523834,295.52,281.765,9.5,35.800000000000004
-86.49223457084184,33.99059623828024,0,-1,2020,40,0.04114490161001789,0.3566915690898895,0.3549991846084595,288.66,276.08,8.8,15.4
-84.77126028668648,34.66447240409528,0,-1,2017,110,0.10883579825559347,0.31216904520988464,0.3439999222755432,299.45,286.29,24.8,49.0
-93.41829272345356,30.114926972471512,0,-1,2019,78,0.12407063197026022,0.40806397795677185,0.4409255087375641,295.92,280.5,16.2,32.300000000000004
-84.23792189926013,31.04369543056366,0,-1,2019,296,-0.07045048620758088,0.15283778309822083,0.1698758751153946,298.33,288.6,9.0,31.0
-93.96877866466683,30.549827325266254,0,-1,2018,84,0.22174288179465057,0.3568490743637085,0.37496134638786316,295.82,284.68,,
-80.42401581380524,35.719244831954356,0,-1,2017,90,-0.07890710382513662,0.3102625012397766,0.31700095534324646,297.90000000000003,285.012,10.3,34.5
-89.57621698319406,31.75988639878428,0,-1,2018,304,0.0015822784810126582,0.1569294035434723,0.18801820278167725,296.505,287.5266666666667,9.1,26.700000000000003
-86.24914703744639,33.39437786610277,0,-1,2018,347,0.008229198415117342,0.2887192666530609,0.32388556003570557,281.16,271.52,6.6000000000000005,11.5
-76.40371795051456,36.30014993405472,0,-1,2019,312,0.0836381370397464,0.2386084347963333,0.24190428853034973,289.11333333333334,280.19,8.0,22.900000000000002
-90.62338353439293,30.554519873501892,0,-1,2018,102,0.25688282138794083,0.2962556779384613,0.32549571990966797,295.165,284.63,30.5,45.800000000000004
-81.85526045669866,30.536019975729623,0,-1,2020,92,0.17778228258666126,0.3061380684375763,0.3209018409252167,302.1166666666667,292.4566666666667,31.400000000000002,51.0
-77.2104753747627,36.01239115628186,0,-1,2019,141,0.3896339253352664,0.23254317045211792,0.3136371076107025,301.528,290.735,40.5,67.8
-88.99991168447207,34.46552049344258,0,-1,2020,63,-0.016975609756097562,0.3861941397190094,0.40766552090644836,286.96,277.43,10.4,21.1
-91.30493187059864,35.064502021161886,0,-1,2018,67,0.14707692307692308,0.35176289081573486,0.35652998089790344,286.312,284.04,10.9,28.8
-89.16437073609949,30.97873515148734,0,-1,2019,80,0.1961341671404207,0.27144089341163635,0.2836110293865204,292.06666666666666,279.16,15.200000000000001,29.900000000000002
-84.88823940565334,34.77471858954603,0,-1,2018,70,-0.029911462072266092,0.37989240884780884,0.37948188185691833,286.0866666666667,276.47,,
-80.8323655451622,36.44186741864539,0,-1,2020,137,0.2646855563234278,0.27803102135658264,0.2779826521873474,293.15714285714284,281.79,38.5,46.2
-81.22698057668109,28.40700206805626,0,-1,2017,95,0.0828145632899453,0.07947386801242828,0.03779582679271698,303.865,292.5114285714286,12.700000000000001,51.5
-94.13813066038027,31.37133028961059,0,-1,2017,80,0.09918984015765273,0.17003247141838074,0.21045711636543274,294.35200000000003,286.6,18.5,40.800000000000004
-81.63475962721272,31.12604540263451,0,-1,2020,166,,0.2970145046710968,0.2846148610115051,,295.02,,
-87.38862296668874,33.11697507464699,0,-1,2020,32,0.03203040173724213,0.3226594626903534,0.3328837454319,285.8066666666667,276.04,8.8,17.3
-92.40438657347248,36.872753818329116,0,-1,2017,26,-0.18322981366459629,0.17602774500846863,0.17664110660552979,286.36,276.815,5.1000000000000005,16.7
-87.61065149809474,35.29791707098868,0,-1,2019,212,0.3650099403578529,0.2960471212863922,0.3250652849674225,299.56333333333333,291.408,54.400000000000006,64.3
-76.55977169083549,35.61458621419159,0,-1,2019,123,0.2673837879369958,0.5121936798095703,0.8628220558166504,299.796,288.44,28.900000000000002,57.800000000000004
-93.19169408448806,35.214116173800164,0,-1,2019,63,-0.020637898686679174,0.35821905732154846,0.3918488919734955,282.16,274.56,8.8,16.8
-81.13439905856022,36.47098013806597,0,-1,2017,85,-0.062165500205846026,0.2669491767883301,0.2372220754623413,287.29200000000003,276.55333333333334,10.8,31.3
-78.9037932392366,36.13390128730645,0,-1,2019,65,-0.022429906542056073,0.44216373562812805,0.4695330560207367,286.24666666666667,276.065,,
-82.8791910654266,36.58568471933164,0,-1,2017,44,-0.16420998189811223,0.3723759055137634,0.4126102030277252,283.88,280.90000000000003,6.300000000000001,19.6
-84.72260324465132,31.21188639308724,0,-1,2019,353,-0.02900316841335608,0.2008676379919052,0.20088165998458862,288.98,279.26,7.9,15.5
-90.79462539378882,35.731979916709676,0,-1,2017,85,-0.031182330012992636,0.2559628486633301,0.3047879934310913,295.3266666666667,283.0333333333333,,
-89.38797998116695,33.52846415308746,0,-1,2020,41,-0.08720596672403902,0.4055263102054596,0.41400009393692017,285.18,279.01,,
-85.06054100518392,31.300034020475863,0,-1,2020,41,0.03515728257996299,0.2107020914554596,0.14337019622325897,291.6,279.8933333333333,13.700000000000001,23.6
-83.56013478107921,31.386469914619116,0,-1,2020,317,0.18923933209647495,0.19312793016433716,0.1863814890384674,295.76,286.28000000000003,12.5,31.6
-85.10371625469482,30.036179304405103,0,-1,2017,122,0.38611248556820055,0.19828364253044128,0.28215232491493225,295.62666666666667,290.06666666666666,,
-79.60881672880437,35.045989620341764,0,-1,2019,34,0.08440860215053764,0.20057645440101624,0.14252454042434692,281.94,274.4266666666667,11.9,22.6
-86.74365647473097,34.27170614227445,0,-1,2017,325,0.028770032824869667,0.1863015741109848,0.2435501217842102,289.732,276.90000000000003,5.9,18.7
-87.25282931997168,33.75412727469332,0,-1,2020,92,0.1456449309852451,0.3250589668750763,0.3187045753002167,295.18666666666667,284.695,21.200000000000003,40.900000000000006
-84.77335761385724,37.07509167047868,0,-1,2018,203,0.3378712871287129,0.26994559168815613,0.24425537884235382,301.615,291.91,,
-91.68920166824665,37.48354959726069,0,-1,2017,44,-0.20564102564102565,0.22814983129501343,0.2974978983402252,295.56,278.35333333333335,5.0,21.400000000000002
-82.32120652398936,33.343462914894786,0,-1,2020,16,-0.025043680838672103,0.21137438714504242,0.10585182905197144,295.42,276.16,9.200000000000001,13.700000000000001
-81.9991930606114,27.60540242610404,0,-1,2017,260,0.21193666260657734,0.27026644349098206,0.14947563409805298,302.77,294.76,36.5,52.5
-89.51286106065656,33.463785565763835,0,-1,2018,335,0.11833724438484747,0.3220285177230835,0.31185978651046753,280.14,274.6,6.7,13.3
-81.45658829286607,37.80205929761973,0,-1,2018,96,-0.1885598582637307,0.2324957251548767,0.274707168340683,283.00666666666666,273.36,10.100000000000001,27.200000000000003
-92.16890971321095,35.051121534394575,0,-1,2019,314,-0.054730258014073496,0.21810178458690643,0.22232277691364288,287.2,276.772,5.9,16.5
-84.25924848048012,30.166304079590336,0,-1,2019,108,0.24730776497260532,0.1449114829301834,0.08755972236394882,298.656,288.5266666666667,36.6,48.6
-90.05499754542765,35.9030073629789,0,-1,2020,160,-0.088011088011088,0.4230460524559021,0.43676328659057617,303.895,294.428,,
-94.28544878330743,37.34260761830026,0,-1,2020,91,0.05222827182899778,0.4327298402786255,0.44556185603141785,293.0,281.04,,
-82.31155800802969,34.707558079509454,0,-1,2017,260,0.19798590130916416,0.29407015442848206,0.347656786441803,302.7733333333333,290.725,23.3,54.1
-79.87851951386376,33.93140369671129,0,-1,2018,253,0.13589004655287076,0.22390417754650116,0.24842947721481323,301.268,294.99,,
-83.4500741018996,33.99689262515068,0,-1,2017,319,0.1148936170212766,0.3416241407394409,0.36739540100097656,287.84000000000003,284.44,7.1000000000000005,18.5
-86.8119792794476,30.907673019126324,0,-1,2018,129,0.21564287031912932,0.34892866015434265,0.7538555860519409,305.148,289.56666666666666,38.5,61.0
-90.00733983785777,37.07240494859276,0,-1,2020,238,0.359803520261973,0.0895923376083374,0.20394441485404968,300.4457142857143,292.13428571428574,26.400000000000002,54.800000000000004
-84.36680119418118,34.40849103494879,0,-1,2018,116,0.1618348623853211,0.3293735086917877,0.2799214720726013,292.75,282.0266666666667,15.5,40.400000000000006
-82.37184434379084,34.93141428820712,0,-1,2018,85,-0.11424100156494522,0.45232725143432617,0.4729008674621582,289.34000000000003,276.76,12.600000000000001,26.400000000000002
-94.22318394629862,34.69781204367007,0,-1,2017,141,0.3024139897357917,0.39355745911598206,0.4301212728023529,297.535,290.02,36.6,50.400000000000006
-86.42149047205938,37.3159850556938,0,-1,2020,99,-0.052081238688920166,0.40008628368377686,0.41402921080589294,295.848,285.1066666666667,14.200000000000001,36.9
-78.00766607860128,35.16373696367156,0,-1,2019,237,0.26993590699060965,0.2004372477531433,0.1833958625793457,303.135,296.16,,
-85.24569644507079,34.43928150827087,0,-1,2019,24,-0.00535031847133758,0.3721153736114502,0.39702239632606506,270.6,273.1,,
-81.67081346505675,31.521583201819915,0,-1,2017,70,0.04455958549222798,0.5267547965049744,0.8530079126358032,294.66400000000004,283.87666666666667,18.0,32.1
-93.30703013743133,31.29143221001967,0,-1,2018,312,0.4013761467889908,0.37857702374458313,0.3801267147064209,293.91333333333336,281.34000000000003,19.900000000000002,28.200000000000003
-85.28320631588515,36.78921834662794,0,-1,2019,254,0.21787461093819474,0.08817330002784729,0.19676639139652252,301.42285714285714,293.08,29.1,54.5
-80.42686214454795,25.936721963133117,0,-1,2020,140,0.07827964729170415,0.4007647633552551,0.6637444496154785,300.24666666666667,294.835,19.200000000000003,38.5
-84.13601916791828,33.75388123846404,0,-1,2019,281,0.10702012763868433,0.17938823997974396,0.22384172677993774,307.02,295.83,13.8,35.5
-93.02495112491087,34.65557329247214,0,-1,2018,217,0.1585104308832131,0.18945202231407166,0.276533842086792,305.16,295.355,15.0,50.0
-84.71163386498881,30.531389463251593,0,-1,2017,3,0.08949847603214187,0.2461210936307907,0.22519099712371826,,286.6333333333333,8.8,17.8
-79.82704637410852,35.022101902161126,0,-1,2020,193,0.2052781526465737,0.17723128199577332,0.10288980603218079,303.62,293.92,31.900000000000002,69.8
-87.96559441394047,34.039559002809575,0,-1,2020,175,,0.25877025723457336,0.22112391889095306,307.78000000000003,292.26,,
-84.931894781021,31.386799460315466,0,-1,2017,18,-0.09230769230769231,0.24760590493679047,0.26319727301597595,296.5133333333333,284.37333333333333,10.5,19.8
-92.72632477703641,36.5068126953587,0,-1,2019,55,-0.23504867872044508,0.510560929775238,0.5395639538764954,283.12,,9.600000000000001,14.100000000000001
-87.78322184871638,31.408146720021332,0,-1,2018,80,0.04426559356136821,0.3882758617401123,0.4135242998600006,289.9266666666667,280.86,18.1,31.200000000000003
-91.3288902115906,30.83891273444868,0,-1,2020,235,0.20804639362087712,0.15378808975219727,0.21512696146965027,303.1533333333333,295.8,,
-85.95398838002829,33.998972528379106,0,-1,2020,258,0.2252894033837934,0.1942334920167923,0.21315370500087738,305.4533333333333,294.3566666666667,11.200000000000001,40.6
-81.33916398149223,28.001224601579878,0,-1,2019,248,0.22487001733102252,0.21574313938617706,0.12757551670074463,301.04,297.16,33.0,47.5
-84.32610343932772,33.72826551239186,0,-1,2020,115,0.1664670658682635,0.36546412110328674,0.36653223633766174,297.135,286.11,,
-87.84918778196713,36.712908481458705,0,-1,2018,21,-0.12100926879505665,0.38570636510849,0.41393136978149414,270.75,,7.4,11.3
-81.1859238754135,26.712459660303637,0,-1,2019,214,0.17091207888249796,0.14177456498146057,0.1095593124628067,305.3266666666667,295.24,25.900000000000002,38.900000000000006
-82.56221661874798,29.706025751046308,0,-1,2018,144,,0.15005967020988464,0.0870838388800621,303.28000000000003,290.28000000000003,,
-83.0847924827675,29.369018211120387,0,-1,2017,125,0.384907091391733,0.07545092701911926,0.085518017411232,302.225,293.0266666666667,40.5,57.7
-85.94405467556822,31.6996906737805,0,-1,2020,42,0.08021806853582554,0.394987553358078,0.4207024872303009,289.44,276.9266666666667,14.0,24.400000000000002
-90.67448737795658,33.1378071880914,0,-1,2020,50,-0.019871256647075286,0.5470821261405945,0.5639788508415222,282.96,275.66,,
-85.18715268925455,33.59628149549866,0,-1,2019,59,,0.5058929324150085,0.5278213620185852,287.12,280.73,11.4,21.200000000000003
-91.9394883907291,36.250411317499896,0,-1,2019,69,-0.09392471114424152,0.27277517318725586,0.23492713272571564,275.7733333333333,274.62,10.4,15.9
-81.78112709437502,26.593639657839745,0,-1,2018,1,0.108371854134566,0.1590236872434616,0.120635487139225,295.892,290.61333333333334,7.0,17.7
-80.9257357107645,25.66071994940204,0,-1,2018,330,0.3102469486233324,0.34169140458106995,0.7271453738212585,300.08,292.03200000000004,,
-91.88204055761966,30.482594302443303,0,-1,2018,124,0.03601895734597156,0.23804216086864471,0.3258529007434845,303.8333333333333,294.26,,
-92.69654140410627,35.12973466801103,0,-1,2019,44,0.0060431654676258995,0.37426644563674927,0.4027680456638336,286.25,273.06,8.6,12.4
-83.41916674788878,34.39060793631957,0,-1,2017,22,-0.16042267050912584,0.45557117462158203,0.4192102551460266,290.1466666666667,284.08,8.700000000000001,17.6
-87.20520194838711,36.497085474863894,0,-1,2020,12,-0.0947566423700917,0.45669668912887573,0.4834187924861908,283.845,273.665,,
-89.28215784622833,32.480304743045956,0,-1,2017,231,0.2779003087781209,0.17184025049209595,0.1959473043680191,301.14,294.40000000000003,29.6,55.900000000000006
-77.98118618997646,33.99419404579491,0,-1,2018,190,0.2845179299978527,0.16611091792583466,0.14496497809886932,302.176,295.3866666666667,39.2,62.6
-82.64192577840385,32.104956038918715,0,-1,2019,71,-0.06795395469736354,0.22710463404655457,0.23833562433719635,290.88,278.915,,
-92.3714028049876,34.511828444999125,0,-1,2019,171,0.3455476753349094,0.27686646580696106,0.2836628556251526,301.295,291.736,47.800000000000004,61.0
-86.47427118071109,31.719070025016574,0,-1,2017,349,0.1216420162994265,0.25036361813545227,0.289944589138031,283.99,278.33,7.7,13.8
-93.6925977036746,35.87730565931081,0,-1,2019,80,-0.28064326338497747,0.41743698716163635,0.4741627871990204,291.7285714285714,276.72,7.2,31.900000000000002
-90.62209932758473,32.47999778061491,0,-1,2020,281,0.24118343195266273,0.10111016035079956,0.19757859408855438,296.1325,285.65714285714284,23.0,33.300000000000004
-80.72619001380424,27.987552323608334,0,-1,2020,70,0.13072277420611728,0.09826243668794632,0.08055155724287033,296.2733333333333,287.53000000000003,,
-82.82568179021007,37.53495330242616,0,-1,2018,10,-0.07177389364075865,0.2397470325231552,0.25017282366752625,276.27,258.8,,
-84.28095733289135,32.13435241854823,0,-1,2018,73,0.021141649048625793,0.1620038002729416,0.0863935798406601,288.124,278.55428571428575,19.1,33.4
-81.49566246048174,33.0781233968236,0,-1,2019,123,0.06976047904191617,0.1539783626794815,0.05279398709535599,304.29333333333335,287.315,31.6,56.0
-82.09295538365487,35.97310608337571,0,-1,2019,306,0.0032865252464893933,0.19296002388000488,0.21242505311965942,289.435,281.17333333333335,5.300000000000001,19.5
-80.14662289714296,27.138645863650297,0,-1,2018,91,0.24473257698541329,0.08001366257667542,0.05894268676638603,,,12.4,55.800000000000004
-90.73976205113686,33.45478611447322,0,-1,2019,341,-0.02771141901576684,0.3698367774486542,0.3742106854915619,284.73333333333335,276.66,7.9,12.8
-78.46644950034019,36.83254876528742,0,-1,2019,96,0.08082545141874463,0.4029906094074249,0.4065990149974823,292.65000000000003,279.75333333333333,9.600000000000001,27.400000000000002
-84.04957425230292,32.24560451650487,0,-1,2020,127,0.2540919719407638,0.1821477711200714,0.10025251656770706,298.42,286.624,40.400000000000006,60.400000000000006
-81.12581379053054,27.466719199188603,0,-1,2020,31,-0.050303848750844024,0.12881194055080414,0.06613511592149734,295.61333333333334,279.98,,
-80.57492316550355,36.91524116066101,0,-1,2019,290,0.17757009345794392,0.12810859084129333,0.1179620698094368,293.62,279.18666666666667,9.5,23.8
-89.58100529218821,35.54709949878306,0,-1,2020,228,0.35751161590087766,0.18956324458122253,0.2592815160751343,302.708,294.815,33.0,58.400000000000006
-86.2965704192053,35.20574265387706,0,-1,2017,70,-0.009103234553554135,0.44533389806747437,0.4593311548233032,292.38,278.71500000000003,8.9,27.400000000000002
-85.00324800685958,34.66861835652596,0,-1,2017,131,0.21686959590612317,0.25030165910720825,0.29493266344070435,296.1166666666667,291.93,24.3,61.2
-79.7598430519402,32.96959300743365,0,-1,2020,313,0.263901147396293,0.23262780904769897,0.21006490290164948,291.56,286.49,18.5,25.700000000000003
-86.51550956832669,37.65520010761807,0,-1,2020,295,0.10372189684488947,0.27920615673065186,0.29035845398902893,294.62,283.625,9.700000000000001,23.3
-86.28804798191202,31.937694989705275,0,-1,2017,176,0.23221216041397155,0.24237045645713806,0.25528255105018616,303.0,294.19,,
-94.24890404542762,36.95828381358911,0,-1,2017,219,0.18991964937910885,0.17281116545200348,0.20237435400485992,300.49,290.6,,
-89.99017716259918,35.872900170206705,0,-1,2018,103,-0.1365862506802104,0.4197661280632019,0.45804041624069214,295.82,274.98,13.5,34.4
-86.33505968880263,33.050512718529205,0,-1,2020,112,0.3504450424342786,0.293043315410614,0.29421648383140564,292.37,281.725,30.1,48.0
-83.5352311388203,34.49336420389145,0,-1,2020,16,-0.01026438569206843,0.4696751534938812,0.49760597944259644,290.05,276.72,6.6000000000000005,11.4
-92.75885759265606,32.07656350726758,0,-1,2020,269,0.12650744856940174,0.3867129385471344,0.410043329000473,300.12,289.44,,
-85.08136891774112,37.39087729414171,0,-1,2018,80,,0.3603217601776123,0.3821522295475006,284.58,275.925,9.5,22.0
-93.20950781679501,33.200827797042585,0,-1,2017,85,-0.07639990931761505,0.3465390205383301,0.3652127981185913,297.6333333333333,289.0028571428571,22.0,41.300000000000004
-90.71549465714244,35.26321435967031,0,-1,2017,84,-0.07191201353637902,0.27007028460502625,0.2966061532497406,298.265,286.468,13.8,34.7
-84.97385115067233,32.86353266105271,0,-1,2018,96,0.184655885671305,0.4126104712486267,0.434985488653183,294.94666666666666,281.825,23.1,43.7
-83.87407407754321,32.127297107188916,0,-1,2019,56,0.0318606627017842,0.2423006296157837,0.29618847370147705,292.51,287.165,13.8,25.6
-92.30230207248556,34.34855756958177,0,-1,2017,181,0.3804580152671756,0.2706281840801239,0.29236382246017456,299.66,293.185,33.7,59.5
-80.23376060574905,35.27721386802753,0,-1,2018,114,0.1862708719851577,0.2966788709163666,0.2725771367549896,296.84000000000003,282.14,25.3,43.6
-79.83069420285901,35.90189239796546,0,-1,2017,45,0.006060606060606061,0.3098748028278351,0.3240886628627777,288.248,278.74,7.6000000000000005,23.3
-82.3322353661891,37.1465250299471,0,-1,2019,145,0.4034789987271956,0.1854299008846283,0.207423135638237,298.7,292.13,,
-81.53288228669783,33.762350016497734,0,-1,2020,310,0.07806691449814127,0.13691894710063934,0.06857189536094666,291.955,281.24285714285713,11.5,30.3
-89.54770171959672,35.5452860258317,0,-1,2018,15,0.6659130203484506,0.3785170912742615,0.3777536451816559,270.37,,,
-84.2533658153018,36.74662557168795,0,-1,2019,1,-0.048615384615384616,0.37747085094451904,0.4081418216228485,280.02,270.82,7.4,10.100000000000001
-89.63024587401172,36.15843506875296,0,-1,2017,113,0.3711496381080626,0.2972038686275482,0.31854820251464844,301.36,288.6533333333333,26.5,42.900000000000006
-93.04918610761929,35.46092797649258,0,-1,2020,48,0.019630484988452657,0.4834030866622925,0.5083755850791931,278.6,,8.3,11.8
-90.94377357786361,31.632065475196615,0,-1,2019,97,0.2702188392007612,0.30313798785209656,0.30220162868499756,290.56,287.58,19.400000000000002,37.800000000000004
-77.1345149061719,36.947256323567416,0,-1,2018,339,0.2548618219037871,0.37747225165367126,0.36946117877960205,278.08,281.59000000000003,,
-92.40147472043734,36.46176928472531,0,-1,2017,190,0.1606239460370995,0.3454359769821167,0.3844933807849884,302.8,293.59200000000004,43.2,71.2
-84.00936074740385,34.93083681049486,0,-1,2019,164,0.282899684163032,0.28703773021698,0.32083532214164734,291.62,291.2,33.7,52.300000000000004
-88.80355079786442,31.604816530367916,0,-1,2020,330,0.245141065830721,0.21648463606834412,0.166335791349411,290.3966666666667,282.98857142857145,8.8,14.9
-84.65647277356167,35.96722757774945,0,-1,2019,276,0.058629232039636665,0.0892941877245903,0.1545320451259613,304.116,292.428,21.1,44.400000000000006
-93.36495765421182,36.620774513429744,0,-1,2018,235,0.5224215246636771,0.3964575529098511,0.39655908942222595,296.42,294.588,,
-77.89095213127364,37.01906611236099,0,-1,2017,9,,0.22225593030452728,0.22205303609371185,286.42,273.7,,
-89.43759477082345,31.895843439414996,0,-1,2017,90,0.17795753286147623,0.2542322278022766,0.23204003274440765,297.47,289.24333333333334,27.1,49.2
-91.25350957029063,30.511364909881298,0,-1,2020,18,-0.011286681715575621,0.3271327316761017,0.3619319796562195,,282.32,,
-93.32556440214339,37.09313154756718,0,-1,2017,107,0.10277677605481428,0.3611287474632263,0.3785017132759094,296.54,283.8333333333333,15.9,31.1
-93.7834342159443,36.97741441825546,0,-1,2017,14,-0.16796536796536796,0.2729150056838989,0.25869011878967285,282.99,264.18,6.0,10.600000000000001
-76.26099611904657,35.409250191425514,0,-1,2020,20,-0.07120465741155396,0.6293304562568665,0.8926072120666504,279.5,276.1,7.5,10.9
-81.3495050881524,27.351404296961764,0,-1,2018,320,0.12360553324408746,0.07893547415733337,0.03714757412672043,300.57,291.904,15.700000000000001,37.1
-82.50912909282985,35.985220238030074,0,-1,2017,82,-0.0732651368537462,0.2572537958621979,0.2982793152332306,286.63,270.4533333333333,10.3,36.300000000000004
-81.4446518321299,37.39434556462855,0,-1,2017,137,0.30035575131289177,0.22067731618881226,0.24650311470031738,296.72400000000005,287.64,,
-88.74749211539118,37.50444009660922,0,-1,2018,68,-0.17487573429733394,0.35310685634613037,0.3733525276184082,287.68,274.944,7.7,19.900000000000002
-87.35477903194003,32.24119984326515,0,-1,2018,268,0.1399186797416886,0.16714397072792053,0.1689770221710205,302.68666666666667,295.515,,
-79.32024516283367,33.59689656969321,0,-1,2019,113,0.34712857475005815,0.3538144826889038,0.3472274839878082,297.285,282.745,29.3,56.0
-79.28107875489768,33.72754176248419,0,-1,2019,80,0.16098182977366912,0.38240280747413635,0.3800465762615204,289.77,278.22,12.3,30.5
-86.80620909431381,33.188510401747635,0,-1,2017,360,-0.11132345914954611,0.35479187965393066,0.36676037311553955,281.7,277.21,,
-84.39347838764405,36.21164673982159,0,-1,2018,114,-0.14436852545735068,0.4187491834163666,0.4365175664424896,293.748,286.37,12.8,40.0
-81.77484289423627,34.84193946969071,0,-1,2020,103,0.24825362708221385,0.4724809229373932,0.47009626030921936,296.39,283.93333333333334,16.0,45.2
-80.55058427505767,32.889604832996795,0,-1,2019,349,0.10399067870667054,0.2442491501569748,0.24748674035072327,289.73333333333335,279.00666666666666,5.9,12.4
-79.37886468173569,35.27653368338607,0,-1,2017,62,-0.03307436182019978,0.1553402841091156,0.1389036625623703,291.9033333333333,281.06,9.9,30.900000000000002
-86.96894558964762,32.904489395434545,0,-1,2020,318,0.2515262515262515,0.22515040636062622,0.25809404253959656,293.51,292.04,14.200000000000001,27.5
-80.40461692916178,26.39472507851024,0,-1,2019,13,-0.004962131104727083,0.359433114528656,0.722557544708252,296.6433333333333,287.548,6.5,29.3
-79.25838743125622,37.55361550027009,0,-1,2019,65,-0.15681730397837002,0.36843326687812805,0.3704119622707367,285.53000000000003,274.40000000000003,,
-87.49206032209504,37.360152535986565,0,-1,2017,260,0.08184764991896272,0.17517368495464325,0.21521049737930298,301.27500000000003,289.9766666666667,,
-78.68439072263915,36.392430129909464,0,-1,2017,243,0.36875937433040495,0.22371724247932434,0.2631954252719879,298.43333333333334,291.6,29.3,46.7
-85.59358088980905,32.92202214451672,0,-1,2020,36,-0.021669853409815167,0.3560733497142792,0.3248155415058136,288.52,276.59000000000003,7.9,16.1
-85.51332799259262,34.33779211091266,0,-1,2019,108,0.317243920412675,0.2962176501750946,0.3695116341114044,293.56,286.89,41.0,49.1
-91.08728741447915,36.90666987674787,0,-1,2019,320,-0.025210084033613446,0.17505043745040894,0.20292896032333374,285.315,274.4066666666667,5.0,14.8
-86.73656185260133,32.029746820178595,0,-1,2020,83,0.12603116406966086,0.3704228699207306,0.37772125005722046,295.42,290.2866666666667,30.900000000000002,48.300000000000004
-89.6513312021193,35.50613154465579,0,-1,2017,102,0.08035558654348963,0.21297761797904968,0.31232568621635437,297.712,282.8,14.100000000000001,42.800000000000004
-94.33119903745424,29.68189968095109,0,-1,2017,289,-0.08753529649052037,0.3691648244857788,0.4232935905456543,300.9266666666667,294.2314285714286,13.700000000000001,34.1
-81.47007127096487,36.50341429625802,0,-1,2020,69,-0.09414971692178654,0.31996822357177734,0.3502367436885834,282.86,275.9666666666667,10.600000000000001,25.1
-93.25594055192714,34.34810834529954,0,-1,2018,261,0.382262996941896,0.15074186027050018,0.20585907995700836,300.86,293.82,32.2,58.400000000000006
-81.92047600833325,31.317341688745515,0,-1,2020,34,0.14012738853503184,0.17185312509536743,0.12987183034420013,287.98,279.72,8.700000000000001,24.700000000000003
-81.43154385716349,37.51916744374686,0,-1,2019,133,0.36696795398520954,0.28361237049102783,0.25539448857307434,294.815,283.86,,
-86.5989700637826,36.81872339781717,0,-1,2017,85,0.2954212155776438,0.3773007392883301,0.3908475637435913,290.06,277.785,19.6,33.4
-82.3698720558471,37.628641809099285,0,-1,2019,69,-0.2330863016973464,0.32245779037475586,0.34857460856437683,,,,
-86.95812452752085,37.79649473655959,0,-1,2017,64,-0.03539982030548068,0.23015554249286652,0.30680182576179504,285.296,276.42,,
-93.58129005736583,35.16018744411779,0,-1,2017,103,-0.03224545632206371,0.272454172372818,0.31836244463920593,298.74,284.48,13.700000000000001,41.5
-92.9754139121485,37.60270241666834,0,-1,2019,80,-0.11754261363636363,0.38862839341163635,0.3992116153240204,288.964,274.825,10.0,27.5
-87.08283758799362,34.19047299805572,0,-1,2020,126,0.34519340623469885,0.23148931562900543,0.2305317223072052,296.2,285.42,39.900000000000006,54.400000000000006
-86.9394056074082,31.748708041312355,0,-1,2020,78,-0.009079118028534372,0.3529564142227173,0.3663497269153595,296.0266666666667,286.48,18.2,36.6
-93.7587438993426,33.6338895717385,0,-1,2020,73,0.11997687192830297,0.4950660467147827,0.49805518984794617,294.41,280.17,,
-89.23049596703952,34.34466719806446,0,-1,2020,40,-0.03354978354978355,0.4554464519023895,0.4823185205459595,283.2133333333333,277.22,8.5,15.200000000000001
-89.8295840508967,34.40490052157741,0,-1,2017,110,0.3590121636564689,0.16751572489738464,0.2452450394630432,299.455,290.08,23.200000000000003,45.5
-87.82764583946859,30.969330648663973,0,-1,2020,106,0.24836125273124546,0.4089292287826538,0.7802214026451111,295.67333333333335,290.9066666666667,33.2,48.2
-89.16680553874666,36.06114284800362,0,-1,2020,106,-0.10461270670147954,0.3922055959701538,0.4177946150302887,295.0333333333333,276.89,10.9,40.0
-87.39092269391058,37.24547799584435,0,-1,2017,46,-0.19067055393586005,0.25837942957878113,0.2776266038417816,279.72,278.812,8.200000000000001,20.5
-83.03418963077304,34.77232919823374,0,-1,2019,106,0.20800727934485896,0.31303852796554565,0.3135147988796234,297.1066666666667,282.82,21.0,43.800000000000004
-83.68720804436926,34.996438839191185,0,-1,2019,341,-0.14911366006256518,0.23934361338615417,0.2683757245540619,284.885,273.6,,
-82.01461527376844,32.49085466681217,0,-1,2017,264,0.19143752175426385,0.1658858060836792,0.17508238554000854,301.665,293.64,22.900000000000002,52.5
-91.3077314706347,36.6473582937871,0,-1,2018,80,-0.16385971864473944,0.2763373851776123,0.3053700029850006,290.31333333333333,275.85,7.800000000000001,27.0
-81.86152567107858,31.04623369549315,0,-1,2017,266,0.23443303473891194,0.2526360750198364,0.2323804795742035,301.584,293.91200000000003,18.400000000000002,43.900000000000006
-85.6503353733555,31.663818005032066,0,-1,2017,74,-0.01976470588235294,0.18447329103946686,0.13880611956119537,291.98,283.56,9.600000000000001,41.2
-91.77130154204701,32.82485216584079,0,-1,2019,90,-0.1695710455764075,0.22894591093063354,0.2969072163105011,294.66,282.72,,
-79.81065892543279,35.3099837558605,0,-1,2019,69,,0.46344900131225586,0.48785683512687683,,273.58,,
-81.04170211386521,27.8860667880515,0,-1,2020,44,-0.049569377990430624,0.13739411532878876,0.07330173999071121,296.5133333333333,287.31333333333333,,
-78.61000773741819,37.64314015240251,0,-1,2019,73,0.18495620814013394,0.4419457018375397,0.47585785388946533,289.61333333333334,275.2733333333333,11.4,27.1
-84.16007167903852,34.53175856241456,0,-1,2020,76,-0.08606658446362515,0.30946704745292664,0.2779821455478668,293.17,276.38,,
-85.6811412034902,35.63854356289036,0,-1,2020,66,-0.05606995884773663,0.4412112236022949,0.4564363360404968,285.75,275.05333333333334,,
-85.35737690580783,36.508383632987325,0,-1,2017,130,0.41548327989005956,0.27070459723472595,0.32227569818496704,294.152,287.0,17.900000000000002,60.0
-79.77962589631011,33.454184526647126,0,-1,2018,71,-0.015,0.24135102331638336,0.19094403088092804,290.0,275.25,13.100000000000001,24.700000000000003
-86.28610626300171,36.075878321650336,0,-1,2019,80,-0.036276223776223776,0.33491745591163635,0.3823659121990204,288.752,283.76,11.9,31.700000000000003
-91.88425858893164,32.92766716019498,0,-1,2019,205,0.2414738646101114,0.15502655506134033,0.23346774280071259,301.64,295.365,58.0,72.4
-86.50922005012696,31.062832015761078,0,-1,2019,93,0.20752941176470588,0.46873778104782104,0.832546591758728,295.34000000000003,282.0266666666667,21.400000000000002,38.7
-81.21932887166238,31.707807450064294,0,-1,2020,9,0.21939586645468998,0.6668955683708191,0.9021092057228088,,,,
-91.64481784435573,36.09701878884929,0,-1,2017,327,-0.09744323261219381,0.22780801355838776,0.26730436086654663,285.9066666666667,279.92400000000004,5.1000000000000005,19.400000000000002
-92.36405928665317,29.976797994360098,0,-1,2019,56,,0.4550081491470337,0.46562206745147705,290.18,282.2,15.3,23.1
-82.00926650671033,31.664622904799216,0,-1,2020,343,0.2542067307692308,0.152414470911026,0.11599867790937424,284.2966666666667,277.6466666666667,7.7,19.900000000000002
-90.03015002307193,29.792855859553683,0,-1,2019,72,0.2075069311153764,0.6472049951553345,0.8989940285682678,,281.32,20.8,33.5
-85.00689322989892,30.52511020971799,0,-1,2018,184,0.2589142306456794,0.19176360964775085,0.1341828852891922,304.505,296.68,26.5,52.800000000000004
-87.7745758065844,31.596868330598394,0,-1,2017,159,0.26117506353715053,0.29677221179008484,0.30264371633529663,300.42,292.48,44.6,58.2
-87.51678806984143,34.438584996652416,0,-1,2018,127,0.1624525916561315,0.28300029039382935,0.28677746653556824,298.78000000000003,286.48,23.6,54.900000000000006
-93.40762343753737,30.123687347033236,0,-1,2020,113,0.11322033898305085,0.39813128113746643,0.39578425884246826,298.98,289.15000000000003,30.1,52.5
-79.61358970127579,33.303130641218246,0,-1,2017,59,-0.06085139723165317,0.28670111298561096,0.30938029289245605,294.38,286.71500000000003,6.5,38.1
-81.2624653481236,28.732262139649844,0,-1,2020,99,0.26832791621524016,0.09570395201444626,0.07696256041526794,300.416,288.37,38.400000000000006,49.2
-91.29395056218472,34.15986721563402,0,-1,2019,236,0.2572330352446081,0.22824566066265106,0.24369844794273376,303.1466666666667,296.7,20.900000000000002,47.800000000000004
-81.36064333951113,33.45054274979614,0,-1,2020,94,-0.02953020134228188,0.24734175205230713,0.28407859802246094,300.44,287.09000000000003,12.8,37.7
-88.62065621878163,32.67292573405501,0,-1,2019,107,0.15708661417322833,0.43650951981544495,0.4464768171310425,299.12666666666667,284.18,30.1,50.7
-88.13974971937184,34.374672364963274,0,-1,2020,317,0.0806997742663657,0.21510058641433716,0.2231856882572174,295.455,286.3,9.200000000000001,24.200000000000003
-86.33701991537978,32.23959860645161,0,-1,2017,59,-0.018304071722076952,0.37520208954811096,0.37419962882995605,295.61333333333334,285.896,9.200000000000001,29.0
-85.2311464345556,37.781484335901666,0,-1,2020,225,0.29434977578475335,0.27915510535240173,0.3167819678783417,300.168,291.0966666666667,50.800000000000004,56.400000000000006
-76.61129222280825,35.45894414365536,0,-1,2020,5,0.1649387370405278,0.26429423689842224,0.2797259986400604,284.975,280.87333333333333,9.9,18.6
-81.79407817244997,36.11816544304133,0,-1,2017,293,0.11181434599156118,0.13794450461864471,0.1740977019071579,287.335,283.02,10.100000000000001,30.3
-91.7504187401139,31.20692548155936,0,-1,2020,104,0.4544262295081967,0.4293326139450073,0.443681001663208,296.98,291.53000000000003,38.900000000000006,51.0
-82.22619476025224,35.058809634725584,0,-1,2019,96,-0.016074898427839605,0.4516966640949249,0.4738597571849823,297.39,275.27,13.9,38.7
-92.42264387989383,31.25754855284591,0,-1,2020,63,0.04656129859034601,0.4019412100315094,0.42890575528144836,291.752,278.505,11.9,24.3
-81.75408350585985,27.425663361929573,0,-1,2017,1,-0.07080586859451414,0.07334452122449875,0.0433669239282608,299.545,290.132,6.6000000000000005,26.700000000000003
-93.52930327529954,34.02312674443152,0,-1,2018,76,-0.08004956629491945,0.46777471899986267,0.494689017534256,290.07,278.15500000000003,9.3,32.6
-84.41197797907228,33.592663992160965,0,-1,2018,323,0.03432362272858379,0.3178040683269501,0.3326595723628998,289.97,279.32,,
-92.9054023211714,30.20979572264653,0,-1,2017,173,,0.3490596413612366,0.33573731780052185,302.7,296.44,,
-83.84938975732418,36.148243409493716,0,-1,2018,84,0.07320842186594553,0.4397348165512085,0.47090861201286316,286.98,279.24,13.8,26.700000000000003
-80.62335505850128,27.65128015834121,0,-1,2019,274,0.02621502209131075,0.1593140959739685,0.13069866597652435,300.32,294.64,24.700000000000003,47.900000000000006
-91.67150630019252,34.64906212243535,0,-1,2017,68,0.1296605453533667,0.258002907037735,0.29715704917907715,290.555,281.66,11.100000000000001,29.700000000000003
-88.68374209035125,33.620446770928574,0,-1,2020,96,0.14735751295336788,0.45622479915618896,0.4787534475326538,292.528,280.34000000000003,27.5,44.2
-91.37494333578034,31.875455517543656,0,-1,2017,68,-0.06041810245807489,0.24726071953773499,0.27848029136657715,294.51,280.62666666666667,12.4,26.6
-77.68375181467015,36.223464294681584,0,-1,2020,346,0.12778505897771952,0.2166324108839035,0.1839601844549179,284.02,275.132,,
-82.17112427543563,29.17337905250954,0,-1,2017,93,0.10984987184181619,0.14562775194644928,0.042587194591760635,308.868,291.4866666666667,,
-92.75479461472946,35.84646519689094,0,-1,2020,125,0.3671691792294807,0.4321250021457672,0.4325631856918335,295.73,287.35,30.900000000000002,51.400000000000006
-87.31129948823947,33.326992645730876,0,-1,2020,267,0.09455128205128205,0.10547482222318649,0.18113119900226593,301.88,289.3,,
-87.97234217271748,33.231442607633426,0,-1,2020,14,-0.014710485133020344,0.3913634717464447,0.39710497856140137,287.91,277.99333333333334,,
-87.26121705596987,32.80131734850698,0,-1,2018,191,,0.28506094217300415,0.28316932916641235,299.25,295.61,,
-79.84270502423168,35.74042794001084,0,-1,2019,36,-0.1327713382507903,0.4389728307723999,0.45167210698127747,284.73333333333335,274.36400000000003,10.100000000000001,21.6
-78.56898163068345,34.97644307181511,0,-1,2019,39,-0.02064896755162242,0.18942290544509888,0.18059785664081573,291.8433333333333,277.3266666666667,12.3,21.6
-85.99913812093614,35.18077456098813,0,-1,2018,115,-0.05515898767034393,0.42742106318473816,0.45794832706451416,297.42,281.16,,
-87.63598805858663,36.895361306778156,0,-1,2020,46,-0.13628953374633193,0.46327462792396545,0.4822857975959778,278.3,269.18,8.8,11.0
-93.00463713870039,29.770766617593175,0,-1,2019,82,0.0021608643457382954,0.5034491419792175,0.8587430715560913,297.32,283.24,24.6,44.7
-85.21298795450119,36.1719449459343,0,-1,2020,291,0.2604166666666667,0.1819188892841339,0.19519571959972382,291.1,282.41333333333336,19.200000000000003,31.0
-78.27435228830484,34.1674243338604,0,-1,2017,275,-0.0771484375,0.11255345493555069,0.11369699239730835,301.28000000000003,292.0133333333333,15.5,37.5
-90.571470640748,31.96535683301874,0,-1,2018,251,0.2866916795409402,0.16222460567951202,0.18030738830566406,297.90000000000003,,32.800000000000004,43.7
-85.24099415758016,34.39384073041494,0,-1,2017,67,-0.10169137607016078,0.2878534197807312,0.32757285237312317,290.7866666666667,275.72,9.5,30.6
-90.0521062577934,33.080175313072374,0,-1,2019,139,0.28681701225972456,0.4100663959980011,0.388923317193985,300.3466666666667,290.4733333333333,72.3,81.5
-91.9134884645787,33.4039417764104,0,-1,2018,100,0.31279753570428454,0.3845314085483551,0.40789341926574707,291.82,274.99,16.900000000000002,39.900000000000006
-89.15621638694059,32.697497760125074,0,-1,2018,90,0.18203198494825965,0.41370514035224915,0.43981167674064636,,280.92,23.0,44.7
-87.01177601957231,30.625890578844906,0,-1,2020,254,0.23787431463517503,0.1300627887248993,0.060729365795850754,303.25,295.7666666666667,38.5,53.5
-82.95157485466444,30.344880437740088,0,-1,2020,52,0.03264758497316637,0.18839353322982788,0.10084913671016693,293.40000000000003,282.45,14.100000000000001,25.8
-85.59814012445015,37.714690965850544,0,-1,2017,21,-0.11576011157601115,0.35423070192337036,0.38147062063217163,,,,
-84.28408931424003,34.58938960519134,0,-1,2018,95,-0.1395007342143906,0.2196676880121231,0.23605197668075562,291.96,280.69,10.200000000000001,36.1
-89.8500458576941,34.4239083520652,0,-1,2019,46,,0.31187382340431213,0.3443670868873596,287.1,275.76,9.200000000000001,13.5
-80.17983574676812,33.70111706727257,0,-1,2019,62,-0.09603658536585366,0.30926936864852905,0.22685092687606812,290.58,285.24,,
-89.31455522850484,30.81659115947734,0,-1,2020,39,0.14737482262315021,0.2607174515724182,0.245949387550354,290.46,279.0333333333333,9.700000000000001,18.7
-88.72717053626803,31.27548019410404,0,-1,2020,263,,0.15198253095149994,0.16129940748214722,,296.44,,
-90.42332661483866,36.52905357535743,0,-1,2018,195,0.35905488260804547,0.14248915016651154,0.20906640589237213,303.69,296.54333333333335,38.300000000000004,67.3
-89.73801738000515,33.90689626401986,0,-1,2017,266,0.28896672504378285,0.13196958601474762,0.2060743272304535,300.68,295.24666666666667,25.400000000000002,51.6
-88.89288830117412,30.591764720525557,0,-1,2020,173,0.24251321197886083,0.17381468415260315,0.2072044461965561,303.34000000000003,293.58,38.6,58.2
-83.71020752546112,31.240069336097175,0,-1,2018,49,0.012298558100084818,0.1643708050251007,0.07754121720790863,,288.3466666666667,19.3,35.2
-78.7932448046541,37.60594111886067,0,-1,2018,360,0.22921760391198043,0.4212324321269989,0.43208181858062744,281.0571428571429,271.04,3.7,9.4
-93.9248468001398,33.51163001065634,0,-1,2017,60,-0.17061485227575193,0.4069165885448456,0.45985880494117737,292.40000000000003,283.18,8.6,27.700000000000003
-80.74832746718266,33.161520991899714,0,-1,2017,97,-0.03883286848315812,0.16840064525604248,0.19756248593330383,297.152,286.69,12.700000000000001,50.2
-82.81666015276183,33.32043199744706,0,-1,2019,290,0.26053748231966056,0.21062812209129333,0.2569085955619812,298.064,288.795,20.400000000000002,33.1
-93.88471897204433,31.780096523126197,0,-1,2018,78,0.0734130634774609,0.3343275785446167,0.3898373544216156,291.53200000000004,284.5866666666667,15.200000000000001,35.300000000000004
-84.95094558609662,31.325366949737024,0,-1,2020,45,4.178854993731718E-4,0.28192004561424255,0.2742595076560974,286.9733333333333,282.8466666666667,12.700000000000001,21.700000000000003
-84.4716485524397,34.445993138293105,0,-1,2019,342,-0.038310708898944196,0.22375638782978058,0.22160162031650543,286.00666666666666,279.26,5.800000000000001,13.3
-91.19646983058907,30.058030977149674,0,-1,2020,132,0.3722627737226277,0.33476555347442627,0.37427735328674316,296.73,291.02,,
-85.91176660872337,33.98629027059485,0,-1,2018,144,,0.22781845927238464,0.2817859947681427,301.08,,19.200000000000003,53.800000000000004
-92.34692731273296,33.167584238550155,0,-1,2017,322,0.1715801886792453,0.11955931037664413,0.17540429532527924,291.1666666666667,286.1666666666667,5.6000000000000005,22.700000000000003
-79.67603123871703,36.82292625914266,0,-1,2019,203,0.3884961439588689,0.2606419622898102,0.3124009370803833,300.408,298.29333333333335,,
-93.5620038284151,34.721670558806025,0,-1,2017,269,0.2229093842430761,0.21287861466407776,0.2873355448246002,300.29333333333335,294.46,,
-81.80605414958906,26.992189462867763,0,-1,2017,235,0.27039106145251396,0.2575128972530365,0.13223066926002502,304.396,297.88,,
-81.21984230101395,32.97901952816315,0,-1,2017,70,-0.08359133126934984,0.14375917613506317,0.18369638919830322,292.89,282.064,6.1000000000000005,33.300000000000004
-92.1944516282054,36.09795700500991,0,-1,2020,263,0.14426159435776875,0.26349374651908875,0.3114458918571472,299.268,288.36,26.6,40.300000000000004
-80.47126076841916,33.8408552495865,0,-1,2020,103,0.2654296087131908,0.22772996127605438,0.23443950712680817,300.81333333333333,288.628,32.2,49.800000000000004
-83.7352402670647,31.9130963186354,0,-1,2018,255,0.20733624454148472,0.1033279150724411,0.15205709636211395,302.38,294.66,,
-84.89646853776011,30.486803037111798,0,-1,2018,34,0.1277330264672037,0.1461929827928543,0.17326997220516205,286.81333333333333,277.948,7.6000000000000005,20.900000000000002
-94.02010981279308,33.6028601287621,0,-1,2019,285,0.14316987740805603,0.1106746718287468,0.12701109051704407,300.32,287.5133333333333,20.5,31.8
-91.45938855422597,33.57512489435886,0,-1,2017,32,-0.09637625289128758,0.4218275249004364,0.4478487968444824,286.872,278.0314285714286,,
-82.76973454827153,32.04762950244439,0,-1,2018,50,-0.025870178739416744,0.19079943001270294,0.17234212160110474,296.17,288.91,17.900000000000002,33.4
-81.17462533308786,35.46351921684628,0,-1,2017,39,-0.12995961035875506,0.2787129282951355,0.2671303451061249,286.14,280.52,6.4,18.6
-82.97291897214404,31.001433756706774,0,-1,2020,232,,0.22042709589004517,0.1635497361421585,300.89,296.42,33.2,33.2
-82.72567874056271,29.015360044679408,0,-1,2019,2,0.09269027882441598,0.6797589659690857,0.9046143293380737,294.38,290.755,14.5,23.700000000000003
-83.14956855769397,34.21655689124548,0,-1,2017,1,-0.10151480895319918,0.33445292711257935,0.347749263048172,288.8066666666667,280.68,,
-92.09564929442075,36.925674398605516,0,-1,2019,137,0.37631233595800523,0.33596071600914,0.35200026631355286,296.27500000000003,286.7,38.1,57.400000000000006
-91.7680240213355,30.66746062973937,0,-1,2017,48,0.08404112650871703,0.43630337715148926,0.4479304850101471,289.59000000000003,284.625,12.5,24.3
-86.29749571175094,37.82633129834857,0,-1,2020,165,0.06781685467816854,0.2634044289588928,0.32122355699539185,304.536,292.072,25.3,64.9
-79.11107653596292,37.134128410086184,0,-1,2020,65,-0.03518334985133796,0.36098191142082214,0.36116284132003784,283.985,275.628,9.4,26.0
-90.09727086186591,35.21593777412786,0,-1,2019,93,0.18591403417918176,0.41148680448532104,0.459377646446228,290.1433333333333,278.204,,
-87.86034473472289,32.0086642486892,0,-1,2020,24,0.19851806112997838,0.35897207260131836,0.3836534023284912,282.48,273.83,7.2,16.900000000000002
-93.31908938458145,30.60797289755682,0,-1,2017,278,0.1288617886178862,0.1765718311071396,0.252908319234848,300.404,293.5933333333333,24.6,46.1
-88.7136973962682,33.532556096475375,0,-1,2020,246,0.1706792777300086,0.22517359256744385,0.2953813672065735,302.7,295.67333333333335,30.0,53.5
-83.65543856597547,32.42914695475473,0,-1,2017,54,-0.059850374064837904,0.23273992538452148,0.25301313400268555,290.27500000000003,281.72,11.200000000000001,28.3
-87.76323182348098,33.05470100127854,0,-1,2018,63,-0.01182463161724577,0.3369333744049072,0.37844082713127136,291.195,279.42,12.700000000000001,29.700000000000003
-83.45219036918705,35.07059701478058,0,-1,2020,85,-0.16018816538747216,0.43251273036003113,0.46714961528778076,292.38,284.6533333333333,13.5,28.1
-82.1272102206007,29.86982290794934,0,-1,2018,3,0.010309278350515464,0.23001891374588013,0.10299447923898697,,278.05,6.300000000000001,12.100000000000001
-91.73526803905513,30.693221526069763,0,-1,2018,285,0.07393266227004512,0.3117504417896271,0.3680296540260315,299.308,293.716,,
-81.69974394750707,28.050704711482034,0,-1,2020,163,0.18036105955795512,0.1620033234357834,0.06957074254751205,309.96,296.74,44.300000000000004,65.3
-78.51973601263838,33.968438785294055,0,-1,2020,106,0.2000805152979066,0.2238095998764038,0.1298307478427887,298.444,285.54,27.1,46.400000000000006
-87.39498238159308,36.815625912618806,0,-1,2018,116,0.20987654320987653,0.4393588602542877,0.4521626830101013,290.5,278.64,15.8,39.1
-83.93253566339561,30.321326593995785,0,-1,2020,81,0.13346017939657515,0.1274772733449936,0.07474939525127411,297.5466666666667,289.6533333333333,30.1,50.0
-89.57093476159008,33.682416156048525,0,-1,2020,249,0.220791383750878,0.11523959785699844,0.19726474583148956,302.25,296.325,10.100000000000001,53.900000000000006
-77.18237254382574,35.44308518829924,0,-1,2019,336,0.10995085995085994,0.21931807696819305,0.2007492482662201,286.28400000000005,279.1933333333333,5.0,11.200000000000001
-77.06391796209017,35.779321462667966,0,-1,2019,115,0.017584605175846053,0.19107651710510254,0.2331036925315857,301.144,287.41,16.900000000000002,48.300000000000004
-89.03631232998201,36.868145125490685,0,-1,2020,61,-0.015284677111196026,0.38518771529197693,0.4148738384246826,282.8,272.34000000000003,9.200000000000001,19.6
-84.75955411666725,35.65326391083213,0,-1,2017,330,-0.03163241745555299,0.3627752661705017,0.37387627363204956,285.37,278.61333333333334,6.2,17.400000000000002
-79.54731694284345,33.35719084220087,0,-1,2017,50,-0.036165833578359306,0.30937525629997253,0.3195323646068573,292.39,284.144,,
-89.87110478339231,31.515412492979348,0,-1,2019,49,0.04376731301939058,0.32178133726119995,0.3227764368057251,287.88,,14.0,25.900000000000002
-79.59132233546376,34.19034679496349,0,-1,2017,72,-0.05568028738212842,0.20510001480579376,0.13857297599315643,290.76,279.5,9.4,29.8
-92.2935557462736,37.28023047855445,0,-1,2020,268,0.20255783336467933,0.07414154708385468,0.17745238542556763,296.692,284.62666666666667,24.200000000000003,38.300000000000004
-87.96863330101915,31.674084038573294,0,-1,2020,351,0.016401845207585853,0.27147236466407776,0.275150865316391,287.596,279.7266666666667,6.5,12.600000000000001
-85.39267436496085,33.04770934993095,0,-1,2020,101,0.22541382667964946,0.27063485980033875,0.32327181100845337,297.47,285.54,31.1,45.800000000000004
-90.29034167615985,35.30602727921972,0,-1,2020,184,-5.575689991636465E-4,0.26290854811668396,0.2823292315006256,303.1466666666667,293.85,21.6,43.800000000000004
-92.54824289244682,31.77388937850921,0,-1,2019,34,0.1369321922317314,0.36445584893226624,0.3903272747993469,282.34000000000003,279.985,,
-82.13136731853807,35.88735482271751,0,-1,2019,309,-0.0407911001236094,0.20727114379405975,0.24794313311576843,284.00666666666666,278.02500000000003,5.300000000000001,19.900000000000002
-93.41958227317136,36.34511890489524,0,-1,2020,80,0.048798798798798795,0.4859190881252289,0.5201610326766968,,272.66,,
-81.69602961209357,30.36052482455382,0,-1,2019,347,0.04983556792309638,0.22078342735767365,0.11086412519216537,298.59000000000003,285.0,,
-82.61397669171635,36.28571707591515,0,-1,2020,203,0.12368307115023813,0.3584592640399933,0.39649200439453125,306.704,293.728,,
-93.48056672058618,31.475261590892867,0,-1,2017,26,0.049019607843137254,0.34271475672721863,0.3676201105117798,289.92,285.61,7.0,21.8
-93.19152532979125,36.125606184734224,0,-1,2020,34,-0.17701863354037267,0.40824228525161743,0.44420289993286133,288.8266666666667,277.35333333333335,8.6,12.4
-87.39663886601934,34.429753200060844,0,-1,2019,42,0.0627177700348432,0.4446997046470642,0.44935348629951477,279.84000000000003,281.40000000000003,8.0,12.0
-91.95594987499963,36.572649770707535,0,-1,2019,129,0.2963215258855586,0.41097187995910645,0.4253928065299988,296.08,282.8,27.3,47.400000000000006
-92.5089093319526,32.67942864552423,0,-1,2019,277,0.09147350993377483,0.17001384496688843,0.21317459642887115,304.87428571428575,295.35,17.5,48.900000000000006
-90.89057142233321,35.46778347392744,0,-1,2018,298,-0.06115702479338843,0.27639585733413696,0.2608587145805359,288.195,281.37333333333333,8.0,23.900000000000002
-82.10431116548648,37.38196285214241,0,-1,2017,15,,0.28246158361434937,0.2838004231452942,,,,
-94.45461847895734,30.269566870675604,0,-1,2017,129,0.3856357779041122,0.16387176513671875,0.1756790429353714,297.85200000000003,286.69599999999997,15.8,61.2
-92.68686047256753,30.725857502972556,0,-1,2019,73,0.26965637740244613,0.3446556627750397,0.36501801013946533,296.34000000000003,282.39,18.0,32.1
-85.41491434852131,37.54623104400219,0,-1,2017,84,-0.09204309204309204,0.34306833148002625,0.3960934579372406,290.89,276.75333333333333,,
-81.69358730301414,33.248218333159116,0,-1,2020,220,0.29607250755287007,0.18254540860652924,0.10973712056875229,301.59000000000003,295.17,32.4,64.2
-88.74238814037305,34.395926300291244,0,-1,2019,268,-0.05592322964923892,0.21642860770225525,0.2985501289367676,305.455,292.3314285714286,7.7,50.1
-92.36921265625254,37.13070359899548,0,-1,2019,356,-0.06666666666666667,0.2998875081539154,0.3007242977619171,278.08,271.61,,
-80.36130244784786,35.20377206190115,0,-1,2019,247,0.20793561669474078,0.11305014044046402,0.1954442411661148,303.065,292.6514285714286,40.400000000000006,61.300000000000004
-79.43657791908134,33.72293099978793,0,-1,2019,189,0.05489566613162119,0.17776045203208923,0.18119975924491882,306.3,295.51,,
-80.42523650282351,35.33005586832509,0,-1,2018,25,-0.013313237879929666,0.2185668796300888,0.24371877312660217,281.8366666666667,273.564,6.0,14.5
-91.33993306125629,29.910853606453998,0,-1,2018,65,0.1359338061465721,0.40949755907058716,0.42488598823547363,291.6666666666667,290.62,,
-76.42258972828736,36.79574168896983,0,-1,2017,164,0.278657616892911,0.14320151507854462,0.1831107884645462,302.64,291.68,42.6,70.7
-91.4482305300141,31.707661747790493,0,-1,2018,164,0.179080824088748,0.13826294243335724,0.2285115122795105,303.2742857142857,295.93666666666667,19.200000000000003,53.1
-93.55538125965347,30.748475927064558,0,-1,2019,350,0.1552431165787932,0.42535972595214844,0.3304978609085083,285.00666666666666,281.34000000000003,7.300000000000001,15.600000000000001
-93.01518237544923,32.05670938474479,0,-1,2018,245,0.21404607470364573,0.09430090337991714,0.14455008506774902,305.27,296.855,14.9,52.6
-76.67911319622993,36.60990178788644,0,-1,2019,181,0.21914627612073584,0.16960719227790833,0.17206771671772003,304.475,295.25,39.6,67.7
-87.85262281846558,35.95146741342787,0,-1,2020,190,0.2746873652436395,0.31109583377838135,0.3388248383998871,301.32,295.28000000000003,30.5,60.300000000000004
-77.56651306186812,36.09600982011834,0,-1,2018,72,-0.11788508227677368,0.3432120084762573,0.3422575294971466,282.02,274.0,7.0,18.2
-88.01860010538958,34.48308543415118,0,-1,2018,139,0.3427426380902596,0.2691349685192108,0.29098033905029297,299.18,292.16,,
-92.08053355196975,32.2256352759693,0,-1,2017,100,0.3027188328912467,0.38314878940582275,0.4351573884487152,297.74,287.18285714285713,52.5,55.400000000000006
-83.0254060986933,33.44381003431661,0,-1,2018,115,0.10950332420805632,0.32561442255973816,0.32953035831451416,296.89,284.98,33.1,49.0
-84.57943455491888,34.24043791624805,0,-1,2019,25,-0.032388663967611336,0.31610676646232605,0.2953995168209076,273.73,271.84000000000003,5.5,16.8
-94.36350491271645,32.22794342908304,0,-1,2020,248,0.2518207901125579,0.26719820499420166,0.22054438292980194,302.96,295.94,19.3,41.1
-90.24360726989644,30.59844483296045,0,-1,2018,327,0.19899874843554444,0.2501864731311798,0.25269755721092224,290.32,278.34000000000003,,
-86.0504016866394,36.32570933400796,0,-1,2019,54,,0.4214990437030792,0.44165241718292236,286.28000000000003,278.94,,
-81.69223656352467,26.158069769862653,0,-1,2017,65,0.14043155288291476,0.09136772155761719,0.0768822580575943,301.084,293.63599999999997,,
-92.97703940402364,31.93895509894303,0,-1,2019,78,-0.05948419301164726,0.23692139983177185,0.2334059774875641,292.28000000000003,284.35333333333335,9.200000000000001,36.7
-88.20343063417448,35.706177437748885,0,-1,2017,80,-0.1349019607843137,0.37822338938713074,0.37409237027168274,296.96,278.38,10.600000000000001,31.0
-83.24327541978582,33.98319176007896,0,-1,2017,76,-0.03195164075993091,0.38953638076782227,0.4067366421222687,287.90500000000003,276.66,9.5,32.6
-88.42297610829898,35.07510827204672,0,-1,2017,138,0.20558497833413578,0.1730470210313797,0.28228747844696045,302.128,290.045,33.1,52.0
-88.65550063389792,32.18043619107362,0,-1,2019,68,,0.34945258498191833,0.34586209058761597,282.78000000000003,273.03000000000003,,
-86.53481277446026,37.05585693659909,0,-1,2018,21,0.5915402001937359,0.44234699010849,0.44554758071899414,267.50666666666666,276.36,,
-84.98173557321701,30.86681522931524,0,-1,2017,92,0.12221737232649497,0.14407438039779663,0.1410790979862213,301.675,289.87,28.5,48.0
-79.7118863708288,34.40719072465548,0,-1,2019,67,0.16087097822554436,0.7419580221176147,0.9138178825378418,285.18,278.11,13.0,27.5
-91.98837023028644,30.65767407114104,0,-1,2019,151,0.17463002114164905,0.3642498254776001,0.40036019682884216,303.38,296.15000000000003,,
-91.04940417724282,34.39152720220456,0,-1,2019,329,-0.1789686552072801,0.28392112255096436,0.31210803985595703,289.78000000000003,276.645,6.6000000000000005,12.9
-80.99556578166118,35.06072049275897,0,-1,2020,312,0.06268958543983821,0.3258150815963745,0.3304045796394348,292.28000000000003,282.564,7.800000000000001,27.1
-77.95487725772058,34.39086654042625,0,-1,2019,1,-0.005259203606311044,0.30081069469451904,0.2703244388103485,283.90000000000003,275.72,8.0,12.600000000000001
-82.60560843136923,33.27772728403968,0,-1,2020,82,0.12966601178781925,0.22093991935253143,0.10325058549642563,297.95,285.7,20.0,34.800000000000004
-85.74964215723122,33.05337339378989,0,-1,2018,83,-0.016414141414141416,0.3005605936050415,0.3259115517139435,288.36,278.46,17.1,33.2
-81.94844599496511,30.30226115304323,0,-1,2017,177,0.0340567612687813,0.21569480001926422,0.147169291973114,303.6,,,
-86.22843472322289,35.999332687573165,0,-1,2017,8,,0.3324621617794037,0.3562330901622772,,,,
-91.04538310917393,36.51167803859664,0,-1,2018,206,0.3018958101003664,0.22815661132335663,0.2753109335899353,306.72400000000005,294.268,40.400000000000006,69.4
-87.21080905512146,32.28411741487985,0,-1,2019,69,0.03396422089707026,0.27570486068725586,0.26361367106437683,285.54,273.82,14.0,29.400000000000002
-93.52199811307285,33.56635064248611,0,-1,2018,115,0.314380478559583,0.39165446162223816,0.39520418643951416,294.12666666666667,283.376,34.2,52.0
-80.77012557691026,34.451883844303566,0,-1,2020,348,0.026200873362445413,0.18561041355133057,0.19308389723300934,285.948,274.932,,
-91.80610164279788,31.352973661342062,0,-1,2019,85,-0.13999296517762927,0.40038445591926575,0.4473173916339874,298.98400000000004,284.3666666666667,10.700000000000001,35.6
-93.50361410181581,31.071209298543444,0,-1,2018,39,-0.07029104887424492,0.323411762714386,0.35291698575019836,285.36,279.84000000000003,8.9,16.3
-89.68184856256535,37.288346994560555,0,-1,2017,104,0.2536520584329349,0.1975165605545044,0.27983635663986206,296.77,278.6333333333333,16.6,38.7
-92.50543494047378,35.6785151235032,0,-1,2018,101,-0.19060951970708592,0.40091267228126526,0.44162753224372864,290.24,276.316,13.4,36.1
-92.3082081059059,30.06510346334699,0,-1,2017,273,0.2246528438272779,0.20254452526569366,0.2832243740558624,308.05,293.84285714285716,19.6,43.1
-78.47831687704928,34.0531265047438,0,-1,2020,190,0.17040898155573375,0.30718958377838135,0.2580142915248871,302.85,295.86,30.700000000000003,60.0
-80.42374373981772,27.23568795862832,0,-1,2019,299,,0.20700979232788086,0.13009339570999146,300.24,,,
-92.4476941148589,33.80693811892597,0,-1,2019,40,,0.4148350954055786,0.42968010902404785,,282.0,,
-82.45343541826827,32.45389471285019,0,-1,2018,81,0.004130335016062414,0.15577831864356995,0.18557365238666534,294.148,279.495,13.200000000000001,34.1
-83.59641999919424,35.76179667916987,0,-1,2018,65,-0.10118406889128095,0.44648486375808716,0.47346997261047363,286.92,276.612,11.0,19.1
-84.59737001831206,30.22029041055838,0,-1,2020,260,,0.33837422728538513,0.3073672950267792,302.8,,,
-94.3989233203108,35.24564387841913,0,-1,2018,32,-0.18032786885245902,0.28169479966163635,0.31655430793762207,286.575,272.028,,
-90.30066528076829,32.7786402422726,0,-1,2017,99,0.23233557320301365,0.18410563468933105,0.26585838198661804,296.24,284.99333333333334,38.7,52.400000000000006
-82.1708611843252,29.237216475459267,0,-1,2019,32,-0.028751476959432847,0.1848505139350891,0.10138316452503204,289.692,278.27,7.2,20.200000000000003
-87.16905554042373,35.93844931823082,0,-1,2017,292,0.07142857142857142,0.2588575482368469,0.325008749961853,294.79,283.8,8.200000000000001,29.1
-89.35986083283571,33.34731099334206,0,-1,2018,5,0.08711048158640226,0.22472749650478363,0.26124703884124756,274.635,,2.5,11.9
-89.75906091414797,34.598298318803614,0,-1,2017,11,-0.16784140969162994,0.2608582079410553,0.29576975107192993,274.44,,,
-79.06523076098372,37.08231302452283,0,-1,2017,62,-0.017632241813602016,0.2797299325466156,0.2927122414112091,290.6466666666667,277.54400000000004,8.4,27.0
-81.97882128331318,26.988078885054442,0,-1,2019,345,0.24657097288676236,0.0916866883635521,0.06454481184482574,296.688,286.7742857142857,10.600000000000001,25.400000000000002
-82.95139320109122,36.106918074012064,0,-1,2017,90,0.04325623310303395,0.4687097668647766,0.5016933679580688,299.06,283.24,13.3,30.6
-79.87907519460774,37.10405974650656,0,-1,2020,65,-0.03304880717881375,0.44142624735832214,0.47639721632003784,281.3933333333333,274.01,10.4,25.700000000000003
-83.7208641199799,33.95389180443534,0,-1,2017,80,-0.018518518518518517,0.41923901438713074,0.41461971402168274,293.01,277.89714285714285,10.700000000000001,32.1
-86.16339270706993,37.01712143750267,0,-1,2019,75,-0.009542612701546561,0.44956788420677185,0.46499958634376526,290.46,280.32,10.4,27.0
-87.15094511223752,31.27844498585625,0,-1,2020,244,0.24073690747257295,0.45099177956581116,0.7633001208305359,297.5,294.74,31.0,48.400000000000006
-82.09481435362324,37.06515952614177,0,-1,2017,258,0.34619131112409895,0.15583263337612152,0.1969299614429474,293.14,283.53000000000003,,
-76.56038512456186,37.50193575280386,0,-1,2020,112,0.23604572965702758,0.2324354201555252,0.21847186982631683,291.23,279.82,16.0,37.7
-83.51440264352422,35.64503379968476,0,-1,2018,32,-0.340036563071298,0.26033249497413635,0.27468419075012207,277.22,272.78000000000003,6.0,15.0
-86.45883328055265,37.38171785030592,0,-1,2018,102,-0.09350356740518212,0.3946443498134613,0.41143321990966797,292.98,274.088,13.100000000000001,30.200000000000003
-94.39854503718186,30.475883876271045,0,-1,2020,116,0.3159126365054602,0.1470032036304474,0.16098709404468536,299.515,288.76,35.6,51.800000000000004
-82.17221242640412,32.08420085081186,0,-1,2018,16,0.04740532959326788,0.11479772627353668,0.05012371763586998,281.68,285.645,8.3,16.8
-91.34765825262264,30.326092070457957,0,-1,2017,255,0.2789303826648225,0.2876921594142914,0.35428276658058167,299.5057142857143,291.0942857142857,33.1,53.6
-85.29061696742444,31.964192755279903,0,-1,2020,346,0.017787659811006114,0.1140933558344841,0.08862326294183731,287.415,276.524,7.800000000000001,15.700000000000001
-86.13820058421204,35.56982108559435,0,-1,2020,347,-0.050199911150599734,0.32440125942230225,0.32667994499206543,285.61,274.825,5.6000000000000005,10.600000000000001
-91.50092988579084,36.252573889712025,0,-1,2017,282,0.0075649151502760175,0.19924591481685638,0.246855229139328,297.26,288.46,12.200000000000001,36.4
-88.92250858248659,34.4698064864905,0,-1,2019,85,-0.0950337216431637,0.41784051060676575,0.4741728603839874,292.8466666666667,278.5333333333333,11.700000000000001,37.0
-84.48745973236444,33.96994699090887,0,-1,2019,34,0.02508310667875491,0.38911405205726624,0.3819044232368469,285.35,275.6533333333333,,
-79.98330407394988,35.451588536272816,0,-1,2017,126,0.4151335786274196,0.203871488571167,0.22639209032058716,295.29200000000003,291.35,,
-92.2163570774383,35.88416432588302,0,-1,2019,85,-0.09102536772543168,0.39879754185676575,0.4089873135089874,292.67,278.245,11.700000000000001,27.900000000000002
-87.70123115376795,35.59131995159796,0,-1,2018,75,-0.17388465723612623,0.4331772029399872,0.4581824243068695,288.24666666666667,274.47,10.700000000000001,24.6
-92.15820689016573,32.829593978334444,0,-1,2020,112,0.3021978021978022,0.308424174785614,0.25265154242515564,289.6533333333333,280.38,28.200000000000003,44.6
-80.51323661211296,36.16543725778958,0,-1,2020,114,0.1662548535121779,0.40592920780181885,0.40299373865127563,293.295,280.18,23.6,42.800000000000004
-83.01517338142456,29.415304919672273,0,-1,2017,112,0.4015020219526285,0.07376354187726974,0.030263425782322884,299.625,291.67,44.5,58.5
-91.98092265570392,31.871815620280014,0,-1,2019,62,-0.04111637179167705,0.47028011083602905,0.4786819815635681,290.22,277.94,11.8,19.700000000000003
-89.14641376725935,37.27710916037388,0,-1,2017,66,0.02488646684831971,0.31636911630630493,0.34076693654060364,287.876,276.8266666666667,7.5,24.1
-82.68297265482406,29.4112230549839,0,-1,2018,261,0.18765638031693077,0.18125943839550018,0.12123382836580276,302.58,296.915,,
-84.84943882390891,33.131073054359106,0,-1,2017,80,-0.13020329138431752,0.42839428782463074,0.45526912808418274,292.89,279.14,9.1,33.2
-83.90501400834016,34.25299120074521,0,-1,2018,9,-0.09750415973377703,0.3619406521320343,0.3703290522098541,276.432,272.148,,
-93.68971284893163,37.07385649224777,0,-1,2018,7,-0.11351351351351352,0.2695455253124237,0.1903858333826065,273.9533333333333,260.61,,
-89.58896050075538,36.37993759713383,0,-1,2020,92,-0.11170341652532105,0.3962259590625763,0.4009799659252167,290.36,282.63,,
-88.61427161223628,37.57695624418577,0,-1,2020,249,0.28025210084033614,0.19855257868766785,0.26208406686782837,297.1466666666667,294.96,32.800000000000004,50.1
-91.17057352915691,33.679893208668325,0,-1,2018,292,0.12081155856132801,0.2493751347064972,0.28964611887931824,291.90000000000003,293.14,8.700000000000001,27.1
-93.49122722317081,33.17150290327716,0,-1,2019,20,-0.11961434166917746,0.43317940831184387,0.45633041858673096,278.02,280.11,5.0,11.8
-84.88806791580076,34.00926359785968,0,-1,2019,162,0.2816708959593988,0.23167330026626587,0.21825292706489563,298.52,,34.4,56.7
-86.99849628164678,32.83481220306697,0,-1,2019,144,,0.28318265080451965,0.31507351994514465,302.332,294.516,36.5,69.60000000000001
-85.87187041713293,35.88860147559581,0,-1,2018,55,0.041841841841841844,0.37619638442993164,0.3735825717449188,289.7266666666667,286.76,,
-82.09796488074235,32.754927007492526,0,-1,2020,103,0.12199735199546057,0.24481980502605438,0.26904645562171936,298.1533333333333,286.72,25.3,47.800000000000004
-85.51041654413648,32.89634090927748,0,-1,2020,112,0.34609120521172637,0.300245463848114,0.31008562445640564,293.77714285714285,282.40000000000003,30.3,49.0
-89.50376009036901,35.66822948049745,0,-1,2018,346,-0.06279936136242682,0.3476722240447998,0.36915478110313416,280.62,271.3,5.800000000000001,10.4
-92.95347797658955,32.279486984708974,0,-1,2019,80,0.07002665374363945,0.33272019028663635,0.3291432559490204,290.46285714285716,280.57599999999996,10.5,38.2
-78.73393388015316,34.54661135263314,0,-1,2017,73,-0.026283865750101092,0.2540774345397949,0.2180286943912506,294.18666666666667,276.785,7.2,31.3
-92.5080315590168,30.008543598501717,0,-1,2018,172,0.152108082925693,0.29484257102012634,0.28763046860694885,308.34000000000003,,32.0,45.6
-85.92112085374393,37.79574279780197,0,-1,2017,137,0.15582398619499568,0.30991071462631226,0.3757755756378174,301.844,288.53000000000003,,
-86.13108839578318,35.02122774132866,0,-1,2020,103,0.2077429654759529,0.4854203760623932,0.49829450249671936,293.54,283.1,18.6,35.0
-83.1298975505589,34.46711678660216,0,-1,2020,223,0.3318267419962335,0.3274625539779663,0.350040465593338,302.51,294.29,72.0,73.5
-77.48886635477439,36.54793579332069,0,-1,2019,142,0.2874507789762027,0.25525110960006714,0.31151652336120605,302.476,289.675,48.0,71.10000000000001
-92.62001857557586,33.346265828094516,0,-1,2018,280,0.14255148435410536,0.17021101713180542,0.23628294467926025,300.46,295.392,,
-82.60594098385408,30.9120432395682,0,-1,2017,39,0.16115453998797355,0.1978413462638855,0.10050437599420547,291.6333333333333,284.25666666666666,18.1,29.200000000000003
-93.58033204601475,37.29488840431388,0,-1,2019,82,0.015938795027095953,0.38955751061439514,0.3984159231185913,293.064,273.6,12.600000000000001,27.700000000000003
-86.4915256483662,33.18973343728344,0,-1,2018,115,0.17833500501504512,0.29814860224723816,0.32806551456451416,294.692,288.0133333333333,19.900000000000002,49.6
-86.83810806109013,33.3800411602346,0,-1,2020,102,0.15883244882486733,0.2987181842327118,0.33901822566986084,300.26,287.52,,
-81.93427635086009,27.505048227092317,0,-1,2017,146,0.104989604989605,0.08460745960474014,0.04641910269856453,310.92,294.94,21.5,59.1
-92.79296363203373,33.35123083852058,0,-1,2019,129,0.22330097087378642,0.44002461433410645,0.4546896815299988,301.28000000000003,288.90000000000003,31.8,51.2
-87.90885402381409,34.269048456022105,0,-1,2019,144,0.3280285807080221,0.23972563445568085,0.28101590275764465,301.1066666666667,292.796,40.400000000000006,65.7
-90.49916190033376,30.84581154174252,0,-1,2020,35,-0.05307497893850042,0.3627471327781677,0.34158143401145935,291.50666666666666,279.37333333333333,9.4,18.6
-78.80800990027737,35.756848680560864,0,-1,2019,40,-0.015835777126099706,0.3550206422805786,0.37194085121154785,290.5333333333333,283.195,,
-81.13402423681217,32.05087624266001,0,-1,2020,145,,0.20836327970027924,0.18723143637180328,308.92,295.37,,
-94.01244656714555,35.61507401228311,0,-1,2019,294,0.33852364475201846,0.34938472509384155,0.38722914457321167,291.16400000000004,284.27500000000003,12.8,31.200000000000003
-93.83007493482971,36.93362589725299,0,-1,2020,7,-0.08162612035851473,0.3206498324871063,0.34019744396209717,281.895,270.236,7.6000000000000005,15.200000000000001
-93.90770936002696,33.34113721227653,0,-1,2018,281,,0.22155244648456573,0.2927775979042053,301.1933333333333,294.78000000000003,16.7,27.900000000000002
-88.61010971736052,33.93893191074695,0,-1,2020,80,0.11732138149222252,0.4626036584377289,0.4525340795516968,293.82,,19.200000000000003,25.6
-84.77131180532278,31.623986885087067,0,-1,2017,75,-0.10884479881327647,0.20435523986816406,0.23218634724617004,291.988,277.57,,
-84.36958508210265,37.2435330920137,0,-1,2018,320,-0.06514356282803334,0.4852159917354584,0.492775022983551,280.53000000000003,269.7,4.7,9.9
-81.59817167448215,26.301455219334525,0,-1,2019,39,0.1544019266791544,0.11587554216384888,0.10512788593769073,298.6,290.2666666666667,,
-81.22800438151191,26.35028809442003,0,-1,2020,258,0.23470661672908863,0.1427808552980423,0.10118471086025238,302.74,,24.5,39.400000000000006
-79.5977817936551,37.228915592452346,0,-1,2017,280,0.033854166666666664,0.20915739238262177,0.28265637159347534,301.128,283.5966666666667,10.200000000000001,42.400000000000006
-89.76203644812067,35.92378302758813,0,-1,2020,72,-0.14391691394658754,0.486755907535553,0.4972544312477112,291.095,278.185,9.600000000000001,23.0
-87.91680925764835,35.139981954585714,0,-1,2019,266,0.1874703369719981,0.08919395506381989,0.17062745988368988,303.24333333333334,293.055,37.300000000000004,42.6
-82.54068138945688,30.9858429485677,0,-1,2020,38,0.22631261315630657,0.1945432871580124,0.1280374974012375,287.5266666666667,280.86,12.5,26.200000000000003
-88.05736457307204,33.56988060128398,0,-1,2017,75,-0.04307334109429569,0.35248756408691406,0.37860968708992004,292.35333333333335,280.535,10.5,33.800000000000004
-86.88240443511589,33.6534281177044,0,-1,2018,195,,0.22604627907276154,0.21901513636112213,301.0133333333333,296.06,,
-93.2766922816154,33.44435986316534,0,-1,2017,18,0.10308502633559068,0.38548433780670166,0.31019434332847595,,284.84000000000003,6.9,14.0
-87.06235171675459,37.2216206383386,0,-1,2020,299,0.03663731894348197,0.26586613059043884,0.27124351263046265,298.24,286.19599999999997,11.100000000000001,17.400000000000002
-92.75499612493007,33.48456514582676,0,-1,2020,274,0.1787637855860477,0.3039957880973816,0.324546754360199,296.96500000000003,288.28000000000003,25.3,40.800000000000004
-83.55985919392909,34.477969089176504,0,-1,2018,64,-0.122040910135601,0.4794936180114746,0.5041868686676025,291.45,279.832,8.9,26.1
-84.25728168774589,35.05510251903554,0,-1,2020,23,-0.0735440931780366,0.4212949573993683,0.44697481393814087,272.45,,6.5,12.4
-89.38944081481822,35.312644707069985,0,-1,2020,250,0.14346197687673018,0.17347405850887299,0.24756857752799988,300.34000000000003,291.24,21.8,49.800000000000004
-82.35716628980194,28.35707054272439,0,-1,2018,81,0.04515474378488077,0.11052075028419495,0.06283195316791534,300.895,281.04400000000004,11.700000000000001,49.900000000000006
-83.73668331267237,31.41517612490511,0,-1,2017,276,0.06582472254114045,0.10491681843996048,0.15594953298568726,307.72,293.005,13.8,41.800000000000004
-82.1396791436873,36.763641587147816,0,-1,2019,355,-0.1264456437933693,0.24334745109081268,0.27661705017089844,276.27,269.88,5.300000000000001,13.5
-84.10011209914944,34.56167812206908,0,-1,2018,167,0.33037475345167655,0.2225583791732788,0.22701016068458557,296.99,293.05,,
-81.37547452973776,29.03126234113983,0,-1,2018,130,0.3130857341200972,0.09310376644134521,0.03750080615282059,301.035,289.805,30.5,36.7
-88.62820683363229,37.667298516092764,0,-1,2020,328,-0.12948430493273544,0.2579728066921234,0.28104671835899353,283.904,277.22400000000005,,
-86.43614635585234,37.379926965103145,0,-1,2020,97,-0.05576631259484067,0.4003044664859772,0.4175630509853363,294.796,277.06,16.7,36.800000000000004
-81.31999405262019,32.093617357296885,0,-1,2019,64,0.010889292196007259,0.2491452544927597,0.23723213374614716,290.36,283.68666666666667,15.5,26.0
-92.64647904792457,32.2169306250109,0,-1,2019,31,0.14032869785082175,0.3370438516139984,0.32724112272262573,281.175,274.344,8.8,17.8
-94.06732506836515,36.964439512643764,0,-1,2020,105,0.2271748135874068,0.31874364614486694,0.33761873841285706,293.56666666666666,283.32,18.900000000000002,41.7
-87.88684126515136,33.00960782380707,0,-1,2020,114,0.28815679733110927,0.40446436405181885,0.41178280115127563,292.524,283.5933333333333,26.700000000000003,42.0
-89.08706659179055,37.79263670934218,0,-1,2020,268,0.2541657878084792,0.12870697677135468,0.21212035417556763,296.744,285.932,32.2,39.0
-88.08061176440533,34.307828737229,0,-1,2018,351,-0.040398450470392915,0.25732338428497314,0.26027366518974304,275.12,273.84000000000003,5.300000000000001,10.600000000000001
-78.59460266938804,37.41404820214903,0,-1,2017,276,0.14135896875682763,0.16137434542179108,0.24115461111068726,297.02750000000003,285.47,23.1,38.1
-81.6425776895081,26.215598257262695,0,-1,2017,112,,0.19735974073410034,0.10045385360717773,303.88,292.08,,
-84.84821110145312,37.414516424001064,0,-1,2019,116,0.23465581553068837,0.3290894329547882,0.3701980412006378,295.845,283.2,,
-81.44219527691796,34.656029168534964,0,-1,2018,329,-0.00362844702467344,0.31045129895210266,0.29518526792526245,287.26,276.21,7.4,14.200000000000001
-94.20658490213165,33.516367961989715,0,-1,2019,292,0.1115889056116964,0.2239803522825241,0.29185950756073,294.03000000000003,281.952,17.2,36.2
-89.63030802159206,32.14980697655356,0,-1,2020,65,0.09312581063553826,0.39064499735832214,0.41218823194503784,286.8,275.23,22.0,35.4
-87.7612539405281,31.00051359014145,0,-1,2020,289,0.09476258406358264,0.4327963590621948,0.7937762141227722,300.84000000000003,291.6,22.6,37.9
-88.80085233562113,33.4123334017195,0,-1,2017,15,,0.34203189611434937,0.3638785481452942,278.0,287.42,,
-89.74522530621796,35.44846886129471,0,-1,2020,33,-0.11282633371169126,0.37400582432746887,0.39799532294273376,286.55333333333334,274.40000000000003,9.700000000000001,15.3
-90.90028763374353,34.322388753532124,0,-1,2020,222,0.39305402425578834,0.1755996197462082,0.29322537779808044,302.088,292.296,42.800000000000004,65.5
-91.93579745563072,34.228894203377074,0,-1,2018,9,-0.1815668202764977,0.3715842068195343,0.4124433100223541,277.96,265.94666666666666,7.800000000000001,10.9
-80.56923844213307,33.18269178416558,0,-1,2018,168,0.13919052319842054,0.15707558393478394,0.17943453788757324,311.74,293.78000000000003,,
-91.03587211519525,32.373157869273534,0,-1,2019,145,-0.08828883495145631,0.3902638852596283,0.4076184630393982,303.29,296.07,13.4,70.7
-86.45256093761672,35.7393114126185,0,-1,2020,64,-0.04182358771060456,0.45031067728996277,0.46411624550819397,284.6066666666667,275.6,,
-78.41636256151311,35.053446278202685,0,-1,2017,92,0.03593692702603594,0.22006314992904663,0.2227441370487213,297.96,286.65500000000003,13.200000000000001,39.5
-91.79493833245103,30.55138229518848,0,-1,2017,107,0.3544569574346249,0.3636922240257263,0.3597028851509094,297.98,290.64,32.0,54.0
-93.66304670195329,32.107916330208795,0,-1,2018,80,0.11129251700680272,0.3670356273651123,0.3852039873600006,294.048,283.772,18.5,35.5
-91.84325165354083,31.246419505423056,0,-1,2020,134,0.3550423658415019,0.43612685799598694,0.4247458577156067,298.296,287.95,35.300000000000004,52.6
-78.14524759516019,35.9669288051385,0,-1,2018,347,0.24303030303030304,0.3094712197780609,0.26455938816070557,277.78000000000003,271.6,6.2,9.600000000000001
-91.48445745813528,37.27957724378289,0,-1,2018,356,-0.180152241330702,0.2922934293746948,0.3502485752105713,284.5333333333333,273.62,,
-82.26185042355715,27.99718071221271,0,-1,2020,57,0.1313169265451813,0.16727393865585327,0.07569638639688492,299.2,289.78000000000003,21.0,39.1
-92.37139693243238,30.517820771963148,0,-1,2018,215,0.2321500334896182,0.1540229618549347,0.23718594014644623,308.0,295.79,,
-78.32686829724335,34.857968757028054,0,-1,2017,191,0.07954850846546627,0.2858923077583313,0.21604949235916138,306.1666666666667,297.06666666666666,18.0,58.0
-82.43438353961565,30.354631108564192,0,-1,2019,38,0.32259083728278043,0.2735774517059326,0.21457041800022125,291.5733333333333,281.66,,
-89.11086155692209,33.960903957934356,0,-1,2019,319,0.04163027656477438,0.36224988102912903,0.3897804617881775,287.05333333333334,273.67,,
-81.33917703339036,36.41508355561343,0,-1,2020,8,-0.04257393565160871,0.25262758135795593,0.2866865396499634,277.995,273.18,8.1,17.3
-82.12477701478899,27.5854268482312,0,-1,2017,225,,0.19424082338809967,0.09246396273374557,304.12,295.40000000000003,,
-82.92392803604338,32.4823442930053,0,-1,2020,282,0.10386525588425825,0.10469101369380951,0.16424137353897095,300.74,289.82,24.0,42.5
-80.82232020991121,25.164713129497876,0,-1,2020,70,,0.11028636246919632,0.15486185252666473,,,,
-77.02341743498977,35.399096319126635,0,-1,2020,190,0.3398876404494382,0.35833704471588135,0.3410221040248871,300.32,294.27,,
-91.5933812767742,33.123099514666364,0,-1,2019,137,0.20602636534839924,0.33937868475914,0.37861159443855286,300.805,292.455,29.6,59.5
-86.66339294677944,33.203920763444884,0,-1,2019,136,0.3003693065244153,0.24767599999904633,0.2816663384437561,297.9666666666667,286.2666666666667,34.800000000000004,52.0
-80.53570317369258,35.063989972246496,0,-1,2020,69,0.13657325292656972,0.47487545013427734,0.5039232969284058,287.74,275.9666666666667,10.600000000000001,27.8
-93.99118787275216,31.764091100236048,0,-1,2018,121,0.30045871559633025,0.3143770694732666,0.35752397775650024,297.2866666666667,286.66400000000004,41.2,59.1
-78.36445853482338,36.09991857348235,0,-1,2020,110,0.2515793385358603,0.28716200590133667,0.2898188531398773,294.1533333333333,278.87,27.700000000000003,46.2
-84.34592334808902,34.18108533553697,0,-1,2018,266,0.16455696202531644,0.24823884665966034,0.30658087134361267,303.85,293.935,,
-83.85047494537841,30.166946996307185,0,-1,2017,60,-0.1408757677828413,0.1645459681749344,0.09117593616247177,300.72,284.87,14.200000000000001,36.9
-86.65943447215584,34.69628104851694,0,-1,2017,189,0.16897670303745208,0.3398987054824829,0.3945680856704712,300.92,295.41333333333336,24.3,59.6
-77.34731647242523,34.959364803476134,0,-1,2017,238,0.3274170948155068,0.45873236656188965,0.8188648819923401,301.86,295.265,29.3,47.400000000000006
-91.92669678613252,35.445444537732364,0,-1,2017,97,0.013386880856760375,0.18561255931854248,0.21575096249580383,295.812,282.93666666666667,13.700000000000001,43.1
-84.7268876346158,30.877286656354727,0,-1,2019,165,,0.09316249191761017,0.10842528939247131,306.24,288.58,21.0,57.900000000000006
-91.89200859261506,35.67671988742834,0,-1,2020,113,0.18692543411644535,0.44097796082496643,0.45291316509246826,293.26,282.91333333333336,,
-79.70576658189549,37.524369102478545,0,-1,2020,103,0.4276304956364235,0.3980180323123932,0.42639508843421936,295.21,282.2733333333333,17.900000000000002,37.1
-86.89271187737747,37.486850054783645,0,-1,2019,340,-0.11221395092362835,0.354806125164032,0.37409141659736633,284.68,277.9066666666667,,
-81.86063814170146,32.26301069462502,0,-1,2019,75,-0.056719653179190754,0.21861085295677185,0.23166216909885406,295.575,,10.100000000000001,31.5
-85.35784749552732,32.503253012552356,0,-1,2019,145,0.23429781227946367,0.2175954282283783,0.236903116106987,303.86857142857144,294.22,57.0,84.7
-91.71528190980762,35.446907849429905,0,-1,2018,281,0.06113138686131387,0.17644746601581573,0.21324877440929413,300.40500000000003,293.488,14.100000000000001,27.200000000000003
-84.49387098664853,31.84897059659687,0,-1,2020,171,0.10954966464388374,0.12921759486198425,0.06328463554382324,304.9166666666667,293.0266666666667,19.1,56.800000000000004
-87.58965310178912,30.8250837289944,0,-1,2019,158,0.22598353156450138,0.2055959552526474,0.08669821918010712,305.4266666666667,295.2266666666667,,
-89.54974467180084,30.632171691965414,0,-1,2017,79,0.10624224886316659,0.22326000034809113,0.26033875346183777,295.056,283.556,20.900000000000002,45.7
-82.45608500513366,37.0343228256703,0,-1,2018,286,0.28692855501952674,0.19847624003887177,0.1995769739151001,297.61,293.12666666666667,11.8,23.400000000000002
-82.19824835924459,35.768824633162566,0,-1,2017,144,0.3108222184703697,0.32015493512153625,0.29315006732940674,299.72,287.86,30.5,49.0
-79.71333973327548,33.03565101081152,0,-1,2020,95,0.1419031719532554,0.2161960005760193,0.23029254376888275,296.5333333333333,285.3066666666667,20.200000000000003,38.6
-87.84725141666388,36.730694596202234,0,-1,2019,309,0.16689429117727397,0.21837954223155975,0.25618287920951843,284.46500000000003,276.7,5.5,16.900000000000002
-80.17632991565122,34.743794459578695,0,-1,2020,326,0.03126395712371594,0.3623144328594208,0.3882737159729004,290.0766666666667,278.25333333333333,8.700000000000001,22.0
-83.43869927315454,34.338593006811365,0,-1,2018,18,-0.15230352303523034,0.41253378987312317,0.425083726644516,277.34000000000003,,7.300000000000001,18.5
-86.42102045701823,35.2788298970146,0,-1,2019,50,0.010896898575020955,0.5309627652168274,0.5387936234474182,280.24,274.5,9.700000000000001,15.700000000000001
-89.24055863816821,37.49710547428571,0,-1,2019,137,0.3787978863936592,0.41677126288414,0.43488600850105286,299.14,287.365,46.900000000000006,63.900000000000006
-84.24775564789701,31.922872400775482,0,-1,2018,276,0.10790243902439024,0.08064402639865875,0.0338100902736187,301.52,293.68,28.8,46.6
-82.06874115943499,33.90109636110662,0,-1,2019,294,0.20760782212697562,0.24831050634384155,0.28530043363571167,297.06,283.73,,
-91.32899902076151,35.94200917040148,0,-1,2019,71,-0.10707720588235294,0.39263197779655457,0.40447330474853516,280.81,283.3,10.8,17.1
-84.04906625197182,30.959979197009652,0,-1,2017,141,0.1151685393258427,0.21020784974098206,0.1530216485261917,305.62,293.34000000000003,,
-85.10153161274818,37.87770726431112,0,-1,2019,196,0.33049693669162694,0.37733036279678345,0.39452284574508667,301.93,293.785,41.6,63.300000000000004
-94.14397676504106,34.32987440505022,0,-1,2019,231,0.30991318392893197,0.21404989063739777,0.2967289984226227,304.48857142857145,296.61333333333334,52.7,61.7
-85.84518543165346,36.505934639321815,0,-1,2017,80,-0.07563025210084033,0.33415600657463074,0.36078670620918274,290.82,276.40000000000003,10.8,27.8
-89.29919554527734,35.961244627764806,0,-1,2017,65,-0.052612349287541105,0.3015117645263672,0.3168419897556305,290.19,276.68,7.800000000000001,25.900000000000002
-78.12821555610658,37.13657605038606,0,-1,2017,72,-0.049870007090522334,0.20534415543079376,0.21389035880565643,290.1933333333333,276.115,8.8,29.5
-81.6963181389074,36.21476885304236,0,-1,2018,62,-0.011735330836454432,0.2233734279870987,0.26289328932762146,287.1666666666667,278.5,7.6000000000000005,21.6
-89.88048993476984,36.53834195116896,0,-1,2017,154,0.05411700232908618,0.1728675663471222,0.2153935432434082,303.0,291.68666666666667,11.700000000000001,50.800000000000004
-78.6427347866758,35.93233374922028,0,-1,2020,96,0.24608889992550287,0.44194257259368896,0.4706968069076538,293.908,287.085,26.900000000000002,40.0
-85.20789810268548,31.78458207951401,0,-1,2019,217,0.3263740945888368,0.15265291929244995,0.09636261314153671,304.0314285714286,292.69,,
-90.71289327004344,36.10402557122807,0,-1,2019,73,-0.0508336722244815,0.3628441393375397,0.38064301013946533,292.52,283.66,7.2,32.300000000000004
-91.13751531260358,37.355500606981394,0,-1,2019,351,,0.20504046976566315,0.19937798380851746,275.53000000000003,265.74,3.7,5.6000000000000005
-81.40500090181747,29.86614470441741,0,-1,2020,7,0.28771384136858474,0.14645549654960632,0.08546720445156097,289.2857142857143,283.2,19.200000000000003,30.0
-93.86023091855014,35.08513869718855,0,-1,2019,68,-0.04478323010957599,0.31368598341941833,0.33536404371261597,281.73,,12.4,20.900000000000002
-77.81683751209928,37.50772552893835,0,-1,2017,4,0.010535557506584723,0.32523348927497864,0.3214912712574005,282.976,274.90500000000003,4.5,7.6000000000000005
-85.44715712190154,31.020889523233212,0,-1,2018,81,-0.07734604105571848,0.18910351395606995,0.24630363285541534,295.035,279.14,16.6,37.300000000000004
-91.40857551123587,34.44206605470479,0,-1,2017,138,-0.07141826576251623,0.2782716155052185,0.35137927532196045,301.255,290.71,,
-84.19740972971708,37.388671604792876,0,-1,2019,226,0.2907324364723468,0.14338761568069458,0.22100090980529785,299.01,291.55,36.800000000000004,56.1
-89.60307723883122,31.68942304227519,0,-1,2018,39,-0.06849885488236519,0.297654926776886,0.29517772793769836,286.12,277.78000000000003,7.7,16.900000000000002
-90.79289182297106,36.572495410351195,0,-1,2020,38,-0.09904697072838665,0.3951658606529236,0.3944559395313263,283.2866666666667,273.02,7.300000000000001,12.4
-91.70167880543552,31.331005647615445,0,-1,2019,71,-0.16979139160285187,0.47075697779655457,0.49199771881103516,291.08,276.12,,
-76.81614409368288,35.85751412822898,0,-1,2019,329,-0.0634441087613293,0.20396508276462555,0.20102405548095703,285.77,279.455,5.4,11.5
-80.59555876280554,26.79196642074699,0,-1,2018,79,0.025327024770386862,0.38768693804740906,0.7704856991767883,307.3114285714286,285.9175,9.3,51.0
-80.55493779805319,37.066407545289266,0,-1,2017,78,-0.11015325670498084,0.3459259271621704,0.34845054149627686,283.01,268.75333333333333,9.700000000000001,26.5
-84.62645503100248,33.9206597032614,0,-1,2020,43,-0.06722925457102673,0.5082964301109314,0.5291764140129089,283.48,,,
-81.74252116533435,36.509265882102525,0,-1,2018,18,-0.03867069486404834,0.23284630477428436,0.239414781332016,264.2,277.94,6.0,12.8
-88.18735982000747,33.03060498643046,0,-1,2019,143,0.252376333656644,0.38364377617836,0.4170342981815338,301.5285714285714,294.5333333333333,45.7,68.8
-89.11799948699745,36.720711035819804,0,-1,2020,11,-0.16299319727891157,0.3857549726963043,0.39877477288246155,281.8,277.11,,
-82.91828764857704,31.666309062915545,0,-1,2018,74,-0.029098936383704595,0.12223883718252182,0.14497822523117065,290.848,278.25714285714287,11.5,36.1
-79.66081723503119,37.726573421040655,0,-1,2017,65,-0.1874447391688771,0.2021465301513672,0.2400597482919693,281.69,271.18,7.4,28.0
-82.65150029550847,35.94725474874869,0,-1,2019,342,0.010745685444480626,0.2600722908973694,0.2914868891239166,282.17,275.49333333333334,,
-85.76008551170275,36.71415664194737,0,-1,2018,354,0.09627628786417133,0.44953346252441406,0.43156304955482483,283.49,273.76,5.0,7.9
-81.94407727884152,30.08313253047337,0,-1,2017,75,-0.07514251166004492,0.10816383361816406,0.06089117377996445,292.035,285.125,7.300000000000001,44.6
-82.37826729192227,35.70853786329274,0,-1,2019,40,-0.06154517677869926,0.3260899782180786,0.36217522621154785,282.4533333333333,279.684,10.4,23.400000000000002
-86.75218593831319,37.60172438532559,0,-1,2019,60,-0.12582781456953643,0.43741652369499207,0.462068647146225,285.28000000000003,273.1466666666667,9.0,15.9
-80.03922280135764,35.13296722557046,0,-1,2019,140,0.15030060120240482,0.3164909780025482,0.3459254205226898,300.69666666666666,288.86333333333334,29.6,66.2
-83.07037244848178,34.82146970097298,0,-1,2019,13,0.04028863499699339,0.378354012966156,0.34804579615592957,284.66,278.13,4.2,11.3
-84.53366347931089,34.92045945311481,0,-1,2017,126,0.27372825368861486,0.320021390914917,0.24964648485183716,293.42,289.065,27.900000000000002,46.800000000000004
-86.6650078661825,37.83712601853877,0,-1,2020,143,,0.3914773464202881,0.41873329877853394,293.36,285.64,,
-82.82157654149434,34.97407910687107,0,-1,2017,291,0.2836438923395445,0.15031744539737701,0.1941942423582077,296.16,288.1,18.6,30.5
-90.95984948043161,30.696585953541593,0,-1,2017,96,0.21608832807570977,0.30704841017723083,0.3392779231071472,298.832,287.816,35.800000000000004,53.300000000000004
-81.63281031735272,31.852775190032247,0,-1,2019,94,0.22687861271676302,0.20787565410137177,0.24805715680122375,297.948,281.3666666666667,,
-84.83619290207697,34.598693618900946,0,-1,2020,32,0.15808898913266353,0.4055452048778534,0.4068583548069,286.46,276.03000000000003,,
-80.92105071275341,26.379486611145897,0,-1,2017,243,,0.17525532841682434,0.11530725657939911,,296.54,,
-80.47753743160835,27.72165015934002,0,-1,2019,24,0.05192202586992166,0.161910280585289,0.061969902366399765,297.66400000000004,285.0333333333333,,
-87.20414413587356,34.37941279058867,0,-1,2018,132,0.37959775321616235,0.14526277780532837,0.1810760200023651,298.165,289.80400000000003,39.0,63.0
-92.94746803155537,35.78008467058207,0,-1,2017,66,-0.22277580071174377,0.32857614755630493,0.34467318654060364,288.244,275.85,8.5,27.0
-90.23869761439367,35.1065613935821,0,-1,2019,23,-0.13962725328444853,0.5098103284835815,0.5278937220573425,269.04,273.55,,
-91.10285385962896,29.35861918064566,0,-1,2017,193,0.23393316195372751,0.4190557599067688,0.766821026802063,302.7733333333333,297.84000000000003,,
-88.56587664402275,35.31729522103084,0,-1,2018,54,-0.055793991416309016,0.3915400803089142,0.3905521035194397,285.5,278.22,11.9,17.900000000000002
-90.36879438900654,32.728157006641354,0,-1,2017,98,0.05731731337403979,0.18888844549655914,0.26496511697769165,295.7366666666667,285.9033333333333,13.3,47.0
-77.07404870788035,35.15209531154745,0,-1,2019,127,0.07498144023756496,0.15104618668556213,0.07879550009965897,297.65500000000003,293.26,,
-83.51798234966729,34.59974560645734,0,-1,2017,206,0.2502201091741504,0.2672670781612396,0.32928091287612915,302.872,295.0466666666667,15.3,67.9
-93.72100226121401,34.9305388858213,0,-1,2019,25,0.011670556852284094,0.32636067271232605,0.3393448293209076,276.375,,6.300000000000001,15.700000000000001
-92.49775602016041,30.49488724493923,0,-1,2020,104,0.1673705267837297,0.2866324186325073,0.333085298538208,296.8866666666667,293.85,25.0,41.400000000000006
-77.56924120575262,35.20433148787586,0,-1,2019,107,-0.06135458167330677,0.20036448538303375,0.2462814897298813,299.688,284.23333333333335,13.9,46.400000000000006
-81.9320039941254,28.25578151974696,0,-1,2020,103,0.05909389363099146,0.06620041280984879,0.039493218064308167,301.83,290.7266666666667,30.8,50.2
-90.06275631311763,34.658942740427854,0,-1,2020,206,0.33919308357348704,0.1755872517824173,0.2547208368778229,304.56,296.64,52.5,62.1
-83.18363694039755,36.73586164098415,0,-1,2017,260,0.3014612452350699,0.15252964198589325,0.21936088800430298,294.665,287.065,29.200000000000003,49.2
-92.51273273849785,33.32513046603864,0,-1,2020,134,0.22825219473264166,0.38693252205848694,0.3937399983406067,294.736,288.015,25.700000000000003,52.300000000000004
-91.64943393997461,36.01673695851084,0,-1,2019,280,0.08967789165446559,0.3077685832977295,0.32303741574287415,301.732,291.64,20.0,41.2
-92.84921864229607,33.56781243218092,0,-1,2018,114,0.11714228696866893,0.3903068006038666,0.4009951055049896,294.28400000000005,284.4866666666667,21.1,50.300000000000004
-83.82307038024936,32.6010910015805,0,-1,2019,135,0.3442211055276382,0.19073690474033356,0.20452727377414703,299.96,288.26,32.1,55.900000000000006
-83.04885581596174,35.54066340937563,0,-1,2017,60,-0.19359397079604335,0.3706617057323456,0.37196817994117737,287.315,280.1333333333333,7.1000000000000005,25.5
-87.38186021319288,30.8000269942011,0,-1,2019,94,0.19900373599003737,0.36015835404396057,0.29847219586372375,297.36400000000003,281.62,22.700000000000003,38.0
-77.75584154679336,34.523457651684296,0,-1,2020,175,,0.7242243885993958,0.9079525470733643,302.40000000000003,289.40000000000003,,
-81.16044766689171,36.97120421254242,0,-1,2019,44,,0.42993050813674927,0.4358491003513336,282.06,281.96,,
-81.79338514547968,33.360355963764974,0,-1,2019,97,0.06583317054112131,0.20651935040950775,0.08525215089321136,296.5333333333333,283.6066666666667,23.900000000000002,37.300000000000004
-81.14617186484554,33.540636067952434,0,-1,2018,137,0.18376068376068377,0.24057243764400482,0.18327966332435608,307.48400000000004,290.84000000000003,,
-87.67831419657995,30.678268295105937,0,-1,2017,144,0.3227532755120871,0.17977406084537506,0.11257756501436234,303.3,293.255,,
-81.61413599191066,32.31333141009717,0,-1,2019,19,0.010676156583629894,0.20466338098049164,0.1546446979045868,287.55,277.5,9.0,17.400000000000002
-83.84779917433953,36.50813794324694,0,-1,2017,261,0.3283983849259758,0.20082950592041016,0.2719282805919647,296.47,290.2666666666667,27.8,50.7
-90.23484716769794,32.05649427236039,0,-1,2018,45,-0.003219575016097875,0.27085503935813904,0.29093924164772034,286.58,277.22,,
-83.43944740556553,32.83940532822616,0,-1,2018,80,0.031303081776267894,0.1581123024225235,0.10862317681312561,293.205,278.855,13.4,33.4
-94.26499882137084,36.753200776725805,0,-1,2017,83,-0.18517110266159695,0.3137644827365875,0.26459404826164246,298.54,286.84000000000003,,
-76.9419703273923,37.28997087623274,0,-1,2020,102,0.1269131151400989,0.3098265826702118,0.36318814754486084,292.5,282.99,15.700000000000001,37.0
-81.1542552892014,26.661913645347465,0,-1,2020,95,0.13722097248658938,0.04747956618666649,0.07034992426633835,305.028,291.92,19.400000000000002,57.0
-90.39038165806717,30.29037468828781,0,-1,2018,47,-0.18692288495133516,0.3408641517162323,0.3316752016544342,290.29,286.59000000000003,15.0,22.1
-87.56374533072243,35.42014245582718,0,-1,2020,100,0.032348242811501594,0.4324961304664612,0.46883851289749146,295.845,282.7133333333333,19.5,38.2
-83.15257376261222,35.52498961206173,0,-1,2017,62,-0.17245989304812834,0.2786312997341156,0.3096800148487091,280.3,275.0,7.1000000000000005,25.6
-90.70370245368463,33.506936676191046,0,-1,2020,8,-0.022099447513812154,0.40008851885795593,0.4143720865249634,285.92,277.915,7.300000000000001,19.400000000000002
-76.62886534997264,35.169901090657675,0,-1,2018,205,-0.21626984126984128,0.3954415023326874,0.3665950894355774,,,,
-87.6674379377933,31.092779214634525,0,-1,2019,39,-0.001479727730097662,0.3151553273200989,0.34478244185447693,,280.42,,
-81.51651826170036,31.546990988950366,0,-1,2018,200,,0.29436182975769043,0.2628670036792755,,,,
-77.23224919376771,37.6088339976011,0,-1,2020,249,0.3022642338975599,0.15924593806266785,0.20074374973773956,299.97200000000004,298.24,,
-87.89720476608703,35.95451774329835,0,-1,2019,137,0.4448775055679287,0.37111696600914,0.40388014912605286,294.03000000000003,286.90000000000003,45.900000000000006,63.400000000000006
-84.49329346377782,36.446192858957005,0,-1,2017,60,-0.14805890227576973,0.3760327994823456,0.34254923462867737,282.1,280.98,6.5,22.6
-79.97559788244111,35.96698108602633,0,-1,2018,100,-0.024667931688804556,0.3482765257358551,0.35686802864074707,292.93333333333334,279.83,,
-94.44538012138186,34.04798882887073,0,-1,2019,106,0.2311665949203616,0.46660298109054565,0.4885636270046234,299.7066666666667,284.32,32.7,46.2
-87.55321197253501,37.023980401527176,0,-1,2017,72,-0.08038585209003216,0.35964104533195496,0.3479235768318176,289.91,276.0866666666667,7.5,24.1
-91.73802075259604,29.836886804894238,0,-1,2020,80,0.1827863507933058,0.4184142053127289,0.4383739233016968,,290.6,,
-90.96348200019376,31.147064874454557,0,-1,2019,75,0.06703489831785087,0.33299073576927185,0.36123982071876526,,,11.600000000000001,31.700000000000003
-94.24792127849365,35.547315345525874,0,-1,2018,81,-0.0750329091706889,0.25984326004981995,0.32027822732925415,292.44666666666666,279.06,,
-90.95893447156863,34.43242300729024,0,-1,2018,104,-0.13835689994630393,0.37041088938713074,0.38711023330688477,290.85,277.8,13.9,35.300000000000004
-94.44165409478056,29.85486399431919,0,-1,2019,352,-0.020870909559391908,0.3975887894630432,0.4251710772514343,286.635,280.22400000000005,7.4,15.4
-88.912709695087,31.449649694773807,0,-1,2018,12,0.2759308510638298,0.28022339940071106,0.265602171421051,,279.725,7.2,15.100000000000001
-81.11570996652411,34.560257467758895,0,-1,2017,61,0.12485549132947976,0.2702599763870239,0.26150378584861755,291.37,282.71,12.5,30.200000000000003
-88.47079784736059,33.570774160071934,0,-1,2020,82,0.13710958178930652,0.33086422085762024,0.3043919503688812,,,18.3,34.6
-84.05640135713095,31.268867746112175,0,-1,2018,68,0.04414469650521153,0.19484269618988037,0.2209477573633194,292.0133333333333,280.585,9.4,26.8
-82.73730743830843,33.91693086669074,0,-1,2018,40,-0.0065998533365925205,0.37269675731658936,0.38261792063713074,286.8266666666667,276.97,6.1000000000000005,19.5
-78.31344438335732,35.44699394239605,0,-1,2019,83,-0.05926294820717132,0.34795039892196655,0.39135822653770447,290.65000000000003,279.4866666666667,10.600000000000001,36.1
-90.3881855129414,29.558943131259177,0,-1,2019,69,0.13468674961798735,0.6776823997497559,0.9046048521995544,293.28000000000003,277.76,20.200000000000003,33.300000000000004
-91.89186238544083,33.40316982516319,0,-1,2019,103,0.19638709677419355,0.44277459383010864,0.43299663066864014,300.6,286.69,16.1,36.6
-91.85097981295982,35.201335826607426,0,-1,2019,83,-0.15508577369606655,0.31718868017196655,0.28747639060020447,294.236,277.9142857142857,,
-91.2784535776394,31.8894165027968,0,-1,2020,74,-0.008206330597889801,0.4802424907684326,0.5194661617279053,291.48,284.28000000000003,,
-86.04292444402252,37.662225389515406,0,-1,2018,70,,0.40223127603530884,0.40206488966941833,288.35,273.98,8.0,17.6
-78.64756579916529,37.73021467803237,0,-1,2018,4,-0.032302722658052604,0.2665750980377197,0.31907087564468384,271.22,261.04,3.8000000000000003,9.9
-93.42721340924561,35.79144961742826,0,-1,2020,239,0.30629978276611153,0.27353841066360474,0.31127646565437317,299.49,292.564,33.5,56.800000000000004
-84.34812668923455,35.84731735549631,0,-1,2020,155,0.30850383631713557,0.3777027428150177,0.4020727872848511,299.82,290.76,37.7,65.4
-93.35652194525936,30.743900391540215,0,-1,2019,145,0.23827751196172248,0.2951711118221283,0.3346204161643982,305.48,295.85200000000003,47.400000000000006,78.9
-88.17543643788369,36.41216735427963,0,-1,2018,274,0.13135495744191397,0.23823648691177368,0.28123635053634644,299.00666666666666,288.97,14.100000000000001,44.300000000000004
-80.5776006894729,25.25723289877358,0,-1,2020,86,,0.1860341876745224,0.23361393809318542,299.888,294.132,,
-84.53408545039487,32.31412173286934,0,-1,2019,113,0.25287159266243786,0.16082130372524261,0.08614960312843323,297.97,284.23,52.800000000000004,62.900000000000006
-78.36758814718743,34.53669228613787,0,-1,2019,80,0.14255543822597677,0.21248094737529755,0.12803241610527039,295.02,,13.200000000000001,28.200000000000003
-83.00436267093386,35.472632157397875,0,-1,2020,104,0.10715623829149494,0.3724478483200073,0.402055025100708,291.4666666666667,277.3,14.8,38.400000000000006
-80.34015647442085,32.74251300807638,0,-1,2020,42,0.12369396697000337,0.1788010150194168,0.1708245426416397,288.75333333333333,278.36,12.9,20.3
-87.95462473496714,36.04804161146077,0,-1,2020,159,0.4138491067473793,0.3460133373737335,0.3751058876514435,301.61333333333334,292.3466666666667,48.7,65.0
-82.02487626261721,34.99873631173297,0,-1,2019,108,0.15411655874190563,0.4347674548625946,0.4569139778614044,298.86,285.0,18.900000000000002,42.800000000000004
-92.32900717567416,35.4049854863651,0,-1,2017,7,-0.07025045815516189,0.17946003377437592,0.19547149538993835,,273.44,,
-88.14371321268241,33.36018000833894,0,-1,2019,207,0.3252743165333829,0.14179904758930206,0.21469742059707642,300.96,292.52,43.5,65.5
-87.81637371573757,34.208688488628724,0,-1,2020,117,0.34341500765696786,0.3220362961292267,0.3540072739124298,293.235,284.05333333333334,28.900000000000002,43.6
-92.52527269045538,36.46542288003189,0,-1,2018,283,0.07948717948717948,0.34071895480155945,0.3821389079093933,297.83,295.4266666666667,8.9,24.6
-85.27358526827638,34.87377602057892,0,-1,2018,47,-0.030724915986557848,0.4661082923412323,0.5007426142692566,289.34000000000003,278.58,,
-86.36547316352518,31.294374387663293,0,-1,2019,93,0.0801860465116279,0.19481199979782104,0.23055684566497803,296.8885714285714,280.90000000000003,21.400000000000002,39.1
-87.01189961850092,32.05211922440996,0,-1,2019,125,0.2603550295857988,0.3130999803543091,0.31799837946891785,298.904,289.7666666666667,38.900000000000006,59.900000000000006
-93.44197870708362,33.35857535768112,0,-1,2017,72,0.06365994811414888,0.31947991251945496,0.3069079518318176,289.40000000000003,280.6,15.5,32.800000000000004
-83.68675916169147,32.29689443621305,0,-1,2018,31,-0.23332518934766674,0.16636933386325836,0.18032315373420715,284.7666666666667,273.85,7.1000000000000005,18.1
-79.38235723822064,34.07856042149685,0,-1,2020,95,0.2614090431125131,0.2865085005760193,0.27802205085754395,295.335,287.79,25.8,39.400000000000006
-94.28295920279474,31.508441391645825,0,-1,2017,339,-0.017660910518053376,0.2501804232597351,0.24892371892929077,293.445,282.0114285714286,7.300000000000001,17.0
-78.81195640018427,36.58343223682557,0,-1,2019,114,0.21125838651611847,0.38316529989242554,0.4232276976108551,298.0866666666667,285.68,23.8,48.400000000000006
-93.42099826441611,34.986917522567055,0,-1,2017,17,0.19869494290375203,0.24959567189216614,0.28801167011260986,282.56,285.51,5.7,10.9
-79.38676965326229,34.160964275634555,0,-1,2019,99,0.18957042103013463,0.2986423671245575,0.27219724655151367,296.88,283.62,25.700000000000003,38.900000000000006
-82.60651204437143,31.420550608476493,0,-1,2017,26,0.11438521296544334,0.20794913172721863,0.17444384098052979,290.75,283.39,6.2,26.1
-91.92669105072028,31.47435505652569,0,-1,2018,47,,0.4381541907787323,0.4639994204044342,,285.42,,
-92.0607961230544,33.27463767932888,0,-1,2017,85,-0.10306406685236769,0.2725644111633301,0.3056424856185913,297.9266666666667,288.1166666666667,14.600000000000001,40.800000000000004
-93.99146356669365,33.450119983750014,0,-1,2018,4,0.19282839370654958,0.3278543949127197,0.35422712564468384,276.98,268.38,6.2,14.3
-82.65647873696699,37.76871006575782,0,-1,2018,50,-0.15678310316815597,0.31732529401779175,0.34366780519485474,281.98,271.12,12.0,20.3
-82.09039696159559,28.477876474214852,0,-1,2019,53,0.28029238122012934,0.1701265424489975,0.10432802885770798,299.3333333333333,291.40000000000003,28.400000000000002,44.1
-79.74467791702327,35.35522470204453,0,-1,2020,191,0.3345063538611926,0.3141491711139679,0.34290972352027893,304.02,295.25,32.300000000000004,61.2
-77.67184505054759,35.29337435759761,0,-1,2017,121,0.2804363124560169,0.12951038777828217,0.14511758089065552,300.44,293.9733333333333,41.7,59.2
-85.16688454238218,32.0878002991635,0,-1,2020,319,-0.006386861313868613,0.10984311252832413,0.08473687618970871,295.37,289.828,16.900000000000002,30.3
-77.44594292390073,36.213602834238955,0,-1,2017,115,0.307405875051717,0.2505200207233429,0.2252468317747116,296.66,,31.700000000000003,49.0
-93.96694434553616,37.31983787020465,0,-1,2018,95,-0.11799579269458788,0.3190939426422119,0.3477463126182556,287.4266666666667,273.06,10.5,23.5
-88.0265601509115,33.76538130980789,0,-1,2017,73,-0.08282433422917175,0.3120608329772949,0.3085438311100006,294.68666666666667,279.1533333333333,10.0,34.1
-80.06285042620718,35.71611944304868,0,-1,2017,313,-0.0015503875968992248,0.2809760570526123,0.31252333521842957,297.94,286.88,5.800000000000001,16.3
-82.26222614567386,29.312784725902237,0,-1,2018,78,-0.008311170212765957,0.2466200590133667,0.0972043126821518,298.176,276.74,14.100000000000001,42.400000000000006
-94.28640276369201,35.81588675229541,0,-1,2020,22,-0.20329387545033453,0.4664854109287262,0.4969136416912079,277.18666666666667,,,
-82.02285559123966,36.28979566396872,0,-1,2019,96,-0.09477283829995115,0.23563221096992493,0.2540111243724823,292.23,274.0933333333333,9.5,33.0
-88.72814301738914,34.54750977692192,0,-1,2019,299,0.11256671518680253,0.30552053451538086,0.30453187227249146,293.32,281.90500000000003,13.3,20.700000000000003
-92.35812353244489,33.15897637013226,0,-1,2020,17,-0.1505922165820643,0.3325873613357544,0.33396294713020325,,,5.1000000000000005,11.4
-76.25023040133095,36.575617503405965,0,-1,2018,116,0.17751034223392254,0.6500522494316101,0.8962544798851013,291.55,283.296,16.400000000000002,41.6
-83.72576476253919,34.9644449799811,0,-1,2017,257,0.3025005532197389,0.24369022250175476,0.27148476243019104,295.31333333333333,285.548,28.200000000000003,52.400000000000006
-82.20490720982994,31.02610618741636,0,-1,2019,76,0.2229299363057325,0.7087488770484924,0.906343400478363,298.0133333333333,,18.3,33.4
-94.38547739818478,30.079380239774185,0,-1,2017,125,0.1383330433269532,0.22871020436286926,0.2641374170780182,301.425,286.975,39.1,61.900000000000006
-81.64854923558741,28.29097082992671,0,-1,2017,65,-0.08140432098765432,0.06399345397949219,0.027298826724290848,303.32,288.02,11.8,40.300000000000004
-77.8340837589852,34.61778392811077,0,-1,2020,61,0.07745187901008249,0.7156320810317993,0.9098689556121826,285.865,274.74,10.9,24.6
-91.87418518601055,37.650733212783216,0,-1,2019,108,-0.05305131761442441,0.2840106189250946,0.23022939264774323,301.4866666666667,273.90000000000003,14.200000000000001,39.900000000000006
-85.50224981341285,33.52646432735919,0,-1,2017,135,0.3876898481215028,0.23012523353099823,0.24615789949893951,299.8466666666667,287.87666666666667,,
-81.42281784678076,37.56325836893683,0,-1,2018,90,-0.12738853503184713,0.26990631222724915,0.27562710642814636,285.26,273.24666666666667,10.9,26.900000000000002
-94.43385855815761,29.719499013471996,0,-1,2017,100,-0.2015994668443852,0.35055601596832275,0.3891368806362152,302.2266666666667,288.496,,
-88.68987711645077,31.92164334430273,0,-1,2018,52,,0.4603365957736969,0.47989600896835327,,288.22,,
-92.34299523500344,37.433542716256085,0,-1,2018,91,-0.09207938494546755,0.3525661528110504,0.36164653301239014,292.02,,12.200000000000001,22.900000000000002
-89.3366999789987,34.386669225473405,0,-1,2020,80,0.1312190864125691,0.4041319787502289,0.4185985326766968,,284.72,,
-80.51264173414759,27.138561360585474,0,-1,2018,40,0.0952483336916792,0.14473044872283936,0.11949537694454193,299.1533333333333,287.185,15.8,35.2
-87.48740672952039,32.50345036441901,0,-1,2018,100,0.10822942643391521,0.3894142210483551,0.42071080207824707,296.245,284.46,13.9,40.5
-84.32413402259566,37.095271502805126,0,-1,2018,330,0.01793103448275862,0.29139843583106995,0.28476256132125854,281.12,275.3333333333333,5.6000000000000005,9.4
-83.3768524542614,37.41367320503215,0,-1,2020,203,0.3274542429284526,0.2551877796649933,0.29175567626953125,301.5566666666667,294.65000000000003,12.700000000000001,62.400000000000006
-81.3850891758591,30.03673999728091,0,-1,2020,62,0.19634263715110684,0.13446053862571716,0.08212491124868393,291.02500000000003,279.88,15.3,32.9
-82.0707778768242,31.372687840296646,0,-1,2017,338,0.2035225048923679,0.10639559477567673,0.07350631058216095,294.4666666666667,285.0333333333333,7.1000000000000005,13.5
-80.5910409951198,37.722074397806985,0,-1,2018,112,-0.15754314344034143,0.3075949251651764,0.34322094917297363,294.7,288.34000000000003,10.0,33.4
-88.48804391218806,30.32105861897454,0,-1,2018,232,0.15133876600698487,,,301.16,,,
-84.12210799237343,32.55159633061652,0,-1,2018,226,0.342230695900858,0.2389623075723648,0.19746367633342743,301.98,293.78000000000003,47.2,56.7
-80.9445274896472,33.73178985000237,0,-1,2020,48,0.02494550738677646,0.21497048437595367,0.14558261632919312,289.28000000000003,276.23,10.5,18.400000000000002
-90.4599551866621,32.346402865160364,0,-1,2020,140,0.13552295918367346,0.2830889821052551,0.33818289637565613,297.96,290.26,31.5,56.1
-77.43765744140639,37.25867813900634,0,-1,2019,284,0.055639097744360905,0.09569982439279556,0.16058598458766937,297.54,288.56,9.600000000000001,32.7
-84.38373784444043,31.502801585258734,0,-1,2017,275,0.21681087762669962,0.08768162876367569,0.14494699239730835,302.1333333333333,293.30333333333334,,
-85.70449678581764,32.652624674501794,0,-1,2019,315,0.15295387105476127,0.15982604026794434,0.17851528525352478,290.44,279.295,5.800000000000001,17.400000000000002
-88.63233155434904,36.127764483409265,0,-1,2017,316,-0.030874785591766724,0.2152535617351532,0.2483130693435669,286.48,,,
-81.34566469996946,31.77904441988132,0,-1,2020,141,0.3465111682150623,0.5121463537216187,0.7795141339302063,302.77,292.085,38.6,52.300000000000004
-81.91071238894911,37.79253262359722,0,-1,2019,1,-0.16052631578947368,0.28201186656951904,0.2866818606853485,277.82,272.29333333333335,,
-88.97858970789245,36.75739256003599,0,-1,2020,72,-0.06789373155061643,0.397400438785553,0.4216929078102112,288.135,276.34000000000003,9.700000000000001,21.400000000000002
-79.11050354253801,33.54780815730689,0,-1,2018,138,0.329319686935581,0.18979942798614502,0.09878473728895187,303.6666666666667,293.38,22.900000000000002,34.6
-87.47929499027498,30.57270237658232,0,-1,2020,145,0.2993527508090615,0.08696435391902924,0.05745543912053108,302.5,293.205,34.1,57.400000000000006
-85.67727808224993,30.70783878281517,0,-1,2017,350,0.08048780487804878,0.12309158593416214,0.11248216032981873,285.66,275.73,9.0,19.700000000000003
-81.45468785031096,26.31810544897168,0,-1,2019,49,0.06982758620689655,0.13721100986003876,0.1051861047744751,298.14,291.748,19.1,47.7
-88.39681029936683,37.79627205134949,0,-1,2017,100,-0.08118335053319574,0.24166928231716156,0.2948985993862152,292.76,285.26,12.200000000000001,39.300000000000004
-82.15201168671857,34.54405228501314,0,-1,2018,183,0.2564722126337591,0.18565106391906738,0.16279453039169312,301.925,,35.2,66.4
-83.81857984264332,30.38131928000324,0,-1,2018,17,-0.05563093622795115,0.12695011496543884,0.06558020412921906,281.845,279.36,6.4,25.200000000000003
-91.07467353195116,32.437721238954936,0,-1,2018,113,0.30195510499637945,0.3766045570373535,0.40614017844200134,295.195,285.23,31.1,54.900000000000006
-91.92644904092765,33.7807625862834,0,-1,2017,351,0.10190895741556534,0.2047729194164276,0.22241364419460297,287.308,275.99333333333334,5.300000000000001,14.600000000000001
-84.45340688420829,35.45270014456907,0,-1,2020,117,0.08587757557527448,0.4454493820667267,0.4707064926624298,293.24,281.30400000000003,13.8,35.2
-82.56061282286711,34.745656512619426,0,-1,2019,134,0.22776148582600195,0.4281684458255768,0.43897947669029236,297.91333333333336,289.0333333333333,24.5,51.2
-91.35326468493828,34.448826025872116,0,-1,2019,33,0.12071947423037012,0.4222387373447418,0.4354717433452606,281.144,275.05,12.4,17.7
-88.07824793723447,32.9331548370803,0,-1,2018,342,0.012035010940919038,0.4265475273132324,0.36144396662712097,287.41333333333336,282.06,,
-80.21383982395675,33.642282732598574,0,-1,2018,34,-0.06348122866894199,0.1645645648241043,0.18041108548641205,285.40000000000003,275.5266666666667,5.9,16.900000000000002
-82.22849855727627,34.860360926386825,0,-1,2019,235,0.12341446691806651,0.25196290016174316,0.31691962480545044,309.1,296.15000000000003,22.1,45.900000000000006
-90.18440555060972,34.799419578184825,0,-1,2019,142,0.33821376281112736,0.43420618772506714,0.49718546867370605,303.5,293.555,46.300000000000004,69.3
-93.85291009873968,30.187377931240015,0,-1,2019,72,0.07939380230717033,0.4265018403530121,0.4361034333705902,289.42,274.06,20.1,26.6
-88.30431192951903,32.939669405763674,0,-1,2018,57,0.002221673660824488,0.4650271236896515,0.48197489976882935,297.2,292.87,16.3,29.0
-93.77289496737734,36.950438663963276,0,-1,2018,124,0.1619697419163453,0.3214772343635559,0.3319564163684845,297.02500000000003,283.59000000000003,21.200000000000003,45.300000000000004
-87.16473979481341,30.76478673323642,0,-1,2019,53,,0.1753755658864975,0.09572207182645798,296.1,284.64,15.3,23.1
-84.37339026270405,35.97577231542759,0,-1,2018,53,0.03386127799016931,0.39707431197166443,0.42426374554634094,289.43,287.28000000000003,14.3,24.200000000000003
-82.87444213167034,37.26097523939683,0,-1,2017,6,,0.2879164516925812,0.31384214758872986,,274.96,,
-93.46889738681205,36.55157197952215,0,-1,2020,54,-0.04384017758046615,0.519898533821106,0.54280686378479,278.5866666666667,270.7733333333333,8.3,15.600000000000001
-85.19363133199371,30.543651646757702,0,-1,2019,52,-0.13914373088685014,0.2699994146823883,0.226220965385437,,278.22,15.200000000000001,32.300000000000004
-82.70973710672693,36.44973375113647,0,-1,2019,78,-0.19159741458910434,0.35874757170677185,0.3845290243625641,284.932,277.44,9.8,29.400000000000002
-93.8313788132857,32.57783427564828,0,-1,2020,62,-0.033837293016558675,0.43322762846946716,0.4380209147930145,290.76,277.03000000000003,10.3,21.6
-83.31103995689834,36.38917061104606,0,-1,2020,96,-0.12808145766345122,0.36003339290618896,0.3959897756576538,295.4666666666667,280.0333333333333,,
-81.47700844216183,36.115828089209025,0,-1,2020,128,0.3451647953639986,0.2555157244205475,0.2901510000228882,296.11333333333334,281.865,34.4,51.1
-80.47045585744594,33.459684796607405,0,-1,2018,216,0.18130081300813009,0.2331881821155548,0.21093806624412537,304.1666666666667,295.02,29.1,42.5
-80.34538160541898,32.606918692105495,0,-1,2018,221,0.2761430511543685,0.26732882857322693,0.22384002804756165,304.565,296.915,19.200000000000003,50.1
-79.47632460609378,37.04914998188608,0,-1,2019,165,0.3450413223140496,0.31035611033439636,0.3604699671268463,294.75333333333333,288.1,37.800000000000004,57.1
-82.52014440614266,35.0389417005545,0,-1,2019,74,-0.16554379210779596,0.5032516121864319,0.5245568752288818,281.56,,8.700000000000001,29.900000000000002
-89.82467395950265,34.87952047982624,0,-1,2017,114,0.3033131978766246,0.26705223321914673,0.3197507858276367,300.44,290.66,,
-92.03629051784351,30.317041898268215,0,-1,2020,126,0.11347517730496454,0.23930181562900543,0.2949238121509552,303.596,290.30333333333334,19.5,57.300000000000004
-87.30431477336911,37.30200558510262,0,-1,2019,280,0.14826200047292504,0.19491459429264069,0.18711212277412415,302.99333333333334,293.05333333333334,15.9,41.6
-79.60245458069798,33.35606941696327,0,-1,2018,360,0.19189907038512616,0.4161054790019989,0.40669119358062744,285.276,277.56,5.9,11.3
-94.4584015001882,35.594914562491915,0,-1,2020,73,-0.1336559940431869,0.4765113592147827,0.48987647891044617,292.57599999999996,278.4666666666667,,
-90.55022259419695,34.93342508271629,0,-1,2017,77,-0.11274131274131274,0.378690630197525,0.4206213057041168,288.3666666666667,277.09000000000003,,
-93.41065029786958,30.35801545097459,0,-1,2020,10,-0.08114804873012596,0.3412269949913025,0.3235682249069214,290.02,281.49666666666667,,
-78.91688945447675,36.625785757211155,0,-1,2017,60,-0.05612648221343874,0.3025464713573456,0.34352579712867737,292.94666666666666,281.075,8.6,29.400000000000002
-89.66997134147034,32.592521993113294,0,-1,2018,266,0.186720037673652,0.17340974509716034,0.18170295655727386,304.732,295.89714285714285,,
-81.66874054645679,36.83446593431662,0,-1,2018,354,-0.016727866177070585,0.5021457672119141,0.5220171213150024,282.3,274.39,4.9,8.3
-91.35697967831433,32.73691125044725,0,-1,2019,76,-0.2109704641350211,0.47876840829849243,0.505708634853363,293.0866666666667,281.38,,
-86.51603805135818,34.42408990468799,0,-1,2020,64,0.07801131770412288,0.33275696635246277,0.33875003457069397,287.04,273.2866666666667,10.5,18.1
-93.7052642375906,31.749625406080998,0,-1,2018,321,0.19343696027633853,0.2047070562839508,0.2122121900320053,283.09000000000003,276.3,9.0,17.900000000000002
-81.79613669717308,35.5674776814166,0,-1,2020,8,-0.11896465903434544,0.31366273760795593,0.3374677896499634,283.5266666666667,274.236,8.4,20.900000000000002
-89.60923812075072,34.54537453743064,0,-1,2018,73,-0.16192560175054704,0.3661663830280304,0.3942549228668213,287.00666666666666,275.872,12.8,27.700000000000003
-83.52884553945815,32.34282341557426,0,-1,2019,97,0.2833530106257379,0.22080157697200775,0.20338569581508636,296.07,284.46,28.3,42.6
-77.3577906137536,37.573780201337236,0,-1,2018,98,0.028521281263712155,0.21755431592464447,0.23887307941913605,292.2266666666667,276.06,12.0,37.0
-78.4265074800108,37.53481158303512,0,-1,2020,70,-0.057084035186224964,0.3827167749404907,0.3910068869590759,288.93,277.695,9.600000000000001,24.700000000000003
-90.56674228525138,36.419397593580925,0,-1,2020,348,-0.09007389654483723,0.32464849948883057,0.30142131447792053,287.58,275.43,,
-89.43850133100467,31.10346245681455,0,-1,2019,264,0.2627664848785325,0.09794291108846664,0.13034969568252563,301.51428571428573,294.8066666666667,37.6,54.400000000000006
-82.97470790321452,30.265826059890237,0,-1,2020,109,0.09325681492109039,0.1964186429977417,0.12172788381576538,297.5,288.74,18.3,41.0
-87.14040033657449,36.66264740187259,0,-1,2018,18,0.6895718990120746,0.37969687581062317,0.382969468832016,266.7,271.66,,
-91.04118169300381,30.565100050334507,0,-1,2018,188,0.19094488188976377,0.34469008445739746,0.29246437549591064,303.54,294.16,29.700000000000003,55.900000000000006
-85.18809560043638,34.298897775553364,0,-1,2018,123,0.20657499604868026,0.30252933502197266,0.34639841318130493,297.4142857142857,284.9171428571429,34.800000000000004,56.800000000000004
-91.51608270407267,37.70060192465499,0,-1,2017,39,-0.23625886524822695,0.2305561900138855,0.24796530604362488,282.012,273.1066666666667,7.5,14.600000000000001
-82.61222417530334,33.6854713171164,0,-1,2020,49,0.007475560667050029,0.49136003851890564,0.49857252836227417,285.97,276.85,7.5,15.8
-81.45442813674833,36.935015252580484,0,-1,2019,217,0.3007643735460286,0.17053622007369995,0.18159820139408112,297.52,290.2,52.0,64.0
-93.97186578663333,30.84687717025907,0,-1,2018,85,0.20484465508162192,0.24224424362182617,0.2531743049621582,294.685,282.1,19.900000000000002,44.5
-91.24306232294872,30.69113121549718,0,-1,2017,253,0.2744535217487304,0.22060203552246094,0.2908710837364197,300.78000000000003,290.528,49.900000000000006,61.0
-91.573753197037,33.857369513614884,0,-1,2017,161,0.15560916767189384,0.18947693705558777,0.31269630789756775,299.416,289.9533333333333,,
-81.41966881135382,26.644469288773408,0,-1,2017,176,,0.17529281973838806,0.14633481204509735,306.88,294.04,,
-80.36442868430248,34.533653533406806,0,-1,2017,102,0.08255282073622304,0.13149568438529968,0.06427880376577377,297.29200000000003,283.63,17.400000000000002,51.800000000000004
-84.59411154442354,33.16894557201542,0,-1,2018,93,0.026094648385670056,0.4171958267688751,0.44240450859069824,294.68,283.3466666666667,14.100000000000001,42.0
-81.75667761720902,30.49592294851046,0,-1,2019,65,0.1978082191780822,0.22316958010196686,0.2005511075258255,,281.86,18.1,41.300000000000004
-85.47374375434838,31.791861572139123,0,-1,2019,20,-0.033067825247405265,0.28596261143684387,0.27908432483673096,284.92,278.445,10.200000000000001,16.400000000000002
-92.68170923416041,33.67955575040514,0,-1,2018,284,0.2530983200220325,0.24345993995666504,0.2742101550102234,299.0,294.2366666666667,15.8,34.0
-81.47334324452032,33.845372237936175,0,-1,2017,127,0.09859649122807018,0.16521039605140686,0.08660860359668732,298.54,290.24666666666667,30.5,57.900000000000006
-86.57711631138926,32.65649116550594,0,-1,2020,238,,0.1652454137802124,0.08690951019525528,304.34000000000003,295.23,15.600000000000001,36.9
-87.50877470290368,31.29733377983504,0,-1,2019,75,-0.01116751269035533,0.7358227968215942,0.9133638143539429,288.82,,10.4,28.900000000000002
-79.38850571687954,35.23253739715214,0,-1,2018,281,-8.760402978537013E-4,0.18651826679706573,0.18291430175304413,300.63599999999997,292.9657142857143,16.7,30.400000000000002
-77.1102770114249,35.5499003448122,0,-1,2019,139,0.3650227767874827,0.1984575092792511,0.302741676568985,299.9666666666667,288.9266666666667,40.7,67.3
-77.0785240353009,35.089007182569,0,-1,2020,298,0.22948328267477203,0.16451412439346313,0.17873303592205048,299.16,286.8666666666667,16.2,29.8
-86.48329913335608,30.653803126032233,0,-1,2017,92,-0.021434138737334373,0.13931363821029663,0.08639160543680191,305.035,290.2,18.0,43.900000000000006
-84.3075376360907,35.600314412697536,0,-1,2017,62,-0.06298467940230755,0.4279232919216156,0.4489622414112091,286.65000000000003,282.75,6.800000000000001,23.200000000000003
-89.78013177981852,35.56669738771656,0,-1,2020,352,-0.10602409638554217,0.28645873069763184,0.3133341372013092,281.01,279.13,,
-78.48323156059162,36.37192276189759,0,-1,2017,42,-0.004532577903682719,0.3814316987991333,0.4060058295726776,287.8266666666667,273.91333333333336,6.800000000000001,21.0
-93.49528310097251,36.7753570603365,0,-1,2017,80,-0.1809067131647777,0.24773022532463074,0.28424862027168274,294.12,284.68,9.3,29.8
-79.11915514522089,36.037874007011446,0,-1,2018,49,,0.3466828167438507,0.3569906949996948,288.58,280.46,14.0,24.400000000000002
-81.45482905634863,29.40744847440766,0,-1,2017,123,0.16593886462882096,0.07356922328472137,0.041621871292591095,300.04,293.708,26.700000000000003,63.800000000000004
-88.10577881493288,31.034629685883996,0,-1,2020,15,0.050856676638564045,0.27348437905311584,0.25826168060302734,282.36,278.5733333333333,,
-88.85608530359313,33.64025995463306,0,-1,2020,76,,0.36049243807792664,0.3655065596103668,293.38,286.44,16.900000000000002,23.6
-90.48367968325445,29.988298261832675,0,-1,2020,136,0.16821097647897362,0.3209759593009949,0.31744736433029175,300.31333333333333,290.4066666666667,17.7,50.800000000000004
-91.03946073037032,31.62735465317662,0,-1,2019,133,0.3900709219858156,0.31852447986602783,0.32436421513557434,295.3866666666667,289.18,,
-80.83002125075818,36.90266320667873,0,-1,2019,77,,0.397952675819397,0.41429537534713745,284.2666666666667,275.92,8.3,25.5
-89.31155266121503,31.4922921281689,0,-1,2020,105,0.302934179222839,0.28419774770736694,0.28903475403785706,292.13,287.44,25.6,46.7
-82.36307829728162,35.41795493310857,0,-1,2017,9,,0.3151514530181885,0.31940412521362305,266.61,280.36,,
-85.97215482314373,32.66763070709573,0,-1,2019,115,0.29509647725261107,0.44260239601135254,0.4471539855003357,294.24,285.1533333333333,31.0,53.5
-89.90681198712073,31.463354174734114,0,-1,2017,115,0.2445226917057903,0.2192700356245041,0.2479519098997116,298.772,289.11333333333334,32.300000000000004,52.7
-78.532853423755,37.722733437038215,0,-1,2018,167,0.36587708066581304,0.3101438283920288,0.33253994584083557,297.736,,46.1,62.0
-86.2251261719908,35.154897151350696,0,-1,2017,108,0.1274643099932019,0.4070208668708801,0.3973603844642639,301.475,,,
-87.30319938422775,36.43253350828811,0,-1,2018,170,0.0735852467908154,0.3627634048461914,0.39105045795440674,305.705,295.16333333333336,26.5,53.6
-89.37654721191404,30.829340726069244,0,-1,2019,18,0.20249221183800623,0.25260797142982483,0.24665632843971252,285.93,278.97,10.200000000000001,15.8
-84.94906994909753,30.020606714879175,0,-1,2020,108,0.14829293719051342,0.13807284832000732,0.07659425586462021,297.93,283.28000000000003,21.5,42.400000000000006
-83.14045983299764,33.27605735539098,0,-1,2019,298,0.175322963353546,0.23105840384960175,0.2706376910209656,294.77,281.03000000000003,14.100000000000001,21.8
-82.19301178018254,31.778325322865307,0,-1,2018,85,0.10558319513543395,0.13042783737182617,0.048584457486867905,291.32,282.985,17.0,38.0
-89.918969912188,31.301948158019542,0,-1,2019,116,0.2823645320197044,0.2964966595172882,0.2925613224506378,294.096,285.44666666666666,39.300000000000004,55.400000000000006
-90.69415654737158,33.32711851564514,0,-1,2019,261,0.030838530838530838,0.150296151638031,0.2908158302307129,310.04571428571427,297.02500000000003,6.0,59.0
-77.83274031986122,36.97385732364833,0,-1,2017,106,0.19063397393417275,0.18056954443454742,0.20276226103305817,299.14,284.12666666666667,27.3,49.900000000000006
-90.48578778171904,31.04332958760301,0,-1,2019,347,0.10101010101010101,0.25349825620651245,0.26107165217399597,283.46,276.74,7.800000000000001,14.200000000000001
-86.59710982791556,36.020126621825604,0,-1,2020,41,-0.039100684261974585,0.4134608805179596,0.43267685174942017,,275.06,,
-85.13024050060282,31.334018747196676,0,-1,2019,47,,0.17970645427703857,0.13613581657409668,,280.8666666666667,,
-82.67004019680769,34.18023278981448,0,-1,2018,255,0.21416444336648072,0.2618972659111023,0.31471580266952515,301.0,,14.200000000000001,55.7
-87.61408726887586,35.77347413904475,0,-1,2018,109,0.024709302325581394,0.36100196838378906,0.39982402324676514,297.81333333333333,283.685,14.3,34.800000000000004
-77.56633227971464,35.03082868207265,0,-1,2017,49,-0.028289644432909423,0.17320659756660461,0.16340157389640808,290.376,280.0733333333333,10.8,28.200000000000003
-94.04037001152032,30.614135631440856,0,-1,2018,75,0.2198967110627888,0.24592134356498718,0.2318030297756195,292.07599999999996,278.48,14.4,39.0
-82.27953445841736,32.95824399015445,0,-1,2017,13,0.02401874633860574,0.24045182764530182,0.23906105756759644,285.44,284.54,11.8,22.1
-90.33660552835279,31.521988042392547,0,-1,2019,319,0.16529379461834157,0.25507214665412903,0.2826027274131775,288.73333333333335,276.62,9.600000000000001,22.200000000000003
-88.2779715831628,33.5400077914678,0,-1,2017,291,0.13953488372093023,0.16295172274112701,0.2097582072019577,297.09000000000003,288.25428571428574,18.7,33.300000000000004
-83.85801591881359,37.70587838222541,0,-1,2018,257,0.25136186770428015,0.22112631797790527,0.2881409227848053,300.64,291.52,28.1,45.5
-82.01255701478351,30.17392534319188,0,-1,2018,292,0.2984054669703872,0.1385963261127472,0.07318494468927383,302.528,293.3075,23.6,41.6
-84.82974875207385,34.64309175874842,0,-1,2020,129,0.3446969696969697,0.4114418625831604,0.38016653060913086,296.964,283.0466666666667,34.9,48.0
-86.44768844746203,31.942388278615997,0,-1,2018,45,,0.35398492217063904,0.35307303071022034,,275.72,,
-93.24365152277673,31.604466153345665,0,-1,2020,57,0.10591805766312595,0.5235361456871033,0.5497259497642517,286.38,274.64,12.8,23.900000000000002
-91.03589430632353,36.48446787082925,0,-1,2017,102,-0.1323953823953824,0.3322403132915497,0.35736963152885437,298.065,281.835,11.3,42.900000000000006
-88.50098147843305,31.548875608642877,0,-1,2018,135,0.1836590949110759,0.14008107781410217,0.19115079939365387,304.385,291.75428571428574,33.800000000000004,67.4
-91.21250598696936,35.48126779724717,0,-1,2019,80,-0.04782958199356913,0.32905808091163635,0.3555104434490204,291.9033333333333,277.89714285714285,7.2,33.6
-88.68324919554985,32.34420111916322,0,-1,2020,44,-0.043209876543209874,0.46088045835494995,0.4844650626182556,285.89,278.79,10.5,18.2
-92.91566535383919,32.15278959342191,0,-1,2020,308,0.3127126507887411,0.26005819439888,0.2894120216369629,290.568,281.29200000000003,17.0,31.6
-88.77509246611153,30.620202698349463,0,-1,2019,37,0.24290614281259745,0.7073185443878174,0.9083219766616821,285.90000000000003,284.03000000000003,,
-93.6408720906128,34.302865960526184,0,-1,2020,97,0.09385382059800665,0.4895378649234772,0.5063081383705139,293.76,282.96,23.8,40.0
-94.2545346238709,32.33398003353264,0,-1,2019,251,0.24496877168632894,0.08896702527999878,0.17097420990467072,305.975,296.55,33.1,59.800000000000004
-83.62741991566968,32.263237477553695,0,-1,2019,93,0.2122153209109731,0.18773192167282104,0.21053731441497803,295.536,280.41333333333336,20.900000000000002,38.900000000000006
-89.59889418346138,36.926207656838606,0,-1,2019,160,-0.12431419777866988,0.20343618094921112,0.10186838358640671,304.14,290.38,18.5,29.400000000000002
-93.10171210268444,31.430121237097985,0,-1,2019,356,0.20417193426042984,0.2760837972164154,0.2912028133869171,284.2266666666667,276.628,8.4,14.8
-89.25498626810227,35.0720977105674,0,-1,2018,49,-0.12946116165150454,0.4064972698688507,0.4342612028121948,281.85,275.09000000000003,12.700000000000001,17.7
-86.4658069322922,34.47390624860601,0,-1,2018,321,-0.11548879586308791,0.3680981695652008,0.3912283182144165,283.42,274.79333333333335,7.5,16.900000000000002
-94.40769877036516,31.078852591312923,0,-1,2017,247,0.3544124587069372,0.312452107667923,0.34125539660453796,302.0266666666667,294.38,42.7,55.6
-85.64688129451577,32.268460493196706,0,-1,2019,266,0.24489795918367346,0.19505943357944489,0.2750586271286011,303.46250000000003,292.90000000000003,20.700000000000003,51.7
-80.75955885877302,26.43864560370364,0,-1,2017,141,-0.0673281360737066,0.40405550599098206,0.7689884305000305,314.0466666666667,294.11,11.3,63.5
-92.39026982049664,35.04918694613115,0,-1,2019,83,-0.040129712201053915,0.37749141454696655,0.39624103903770447,291.16,279.8,13.3,30.0
-82.61461879088951,29.51210931094346,0,-1,2020,278,-0.03300110741971207,0.1932116150856018,0.06703148782253265,300.96,290.7,18.400000000000002,37.0
-80.02540229757504,34.93163978242893,0,-1,2019,105,0.10601050379303638,0.2923290431499481,0.2980792820453644,294.72,288.0,21.900000000000002,44.300000000000004
-88.08270238528104,32.996409276838435,0,-1,2019,81,0.07750952986022872,0.4012044072151184,0.4130943715572357,290.268,283.61,13.8,40.400000000000006
-92.75258380303907,31.968621910145004,0,-1,2020,337,0.2087036469506589,0.47501498460769653,0.47589170932769775,287.385,276.81,7.1000000000000005,16.3
-89.9485530819973,37.51656049064517,0,-1,2020,46,-0.14886298490349703,0.42116037011146545,0.4236920475959778,275.8,270.16,,
-94.46548013809102,32.47159005130714,0,-1,2020,280,0.169165885660731,0.12009427696466446,0.18311789631843567,297.8228571428571,285.8325,23.6,42.2
-91.3218108449025,32.96877600385441,0,-1,2017,55,-0.13720591297105975,0.3083920180797577,0.3344739079475403,298.28000000000003,284.13599999999997,,
-85.07546032187159,35.48509667660825,0,-1,2017,176,0.3721727210418095,0.22570785880088806,0.24331967532634735,296.69,291.58,,
-94.02390700874153,32.590317602668954,0,-1,2019,12,0.23819591261451725,0.3856428265571594,0.3902711868286133,286.76,279.065,6.1000000000000005,14.100000000000001
-90.05186957353943,34.22827762100627,0,-1,2020,133,0.25369081961649415,0.3225192129611969,0.39546066522598267,293.328,285.12,31.6,49.2
-81.59547637944918,27.22037856113696,0,-1,2019,73,0.08827493261455525,0.11714710295200348,0.08160126209259033,301.1,287.58,15.700000000000001,39.6
-93.87828774300914,36.03261591242958,0,-1,2020,66,-0.18574338085539716,0.4409670829772949,0.4889070391654968,290.22,278.94666666666666,10.600000000000001,26.6
-88.82226989741723,34.9567969162369,0,-1,2020,123,0.24519062609303952,0.37386712431907654,0.4073111116886139,296.22,283.35,28.700000000000003,52.400000000000006
-90.83088710667356,29.255586817855217,0,-1,2019,231,,0.4987178444862366,0.8479984998703003,,,,
-81.15856365399601,28.095123041536493,0,-1,2020,319,,0.19269832968711853,0.11717706173658371,,294.00666666666666,,
-83.45201846298735,34.800075023223904,0,-1,2019,280,0.36098923015556444,0.09161258488893509,0.12568023800849915,300.5,294.376,22.900000000000002,44.2
-79.43364837643807,37.18823306063102,0,-1,2018,84,-0.060973264089247935,0.3761361837387085,0.37093302607536316,287.16,271.93,9.9,25.8
-87.18287682843582,32.633205107581226,0,-1,2017,63,0.018461538461538463,0.2566632926464081,0.2960081100463867,289.95,285.19,10.3,26.400000000000002
-82.19762550984352,37.80749550379884,0,-1,2019,24,0.018796992481203006,0.3121788501739502,0.29167571663856506,270.47,,4.4,6.5
-92.53744176773883,33.746969523798995,0,-1,2019,202,0.2834721953109862,0.283719003200531,0.32099583745002747,301.15000000000003,297.29,46.2,69.5
-88.96235463055864,33.54806068890041,0,-1,2017,78,-0.1385302879841112,0.2900177240371704,0.32891929149627686,282.99,278.62,10.5,35.300000000000004
-86.26352424687285,34.24134228996183,0,-1,2019,253,0.18314424635332252,0.08697304129600525,0.1255074292421341,305.51,293.18,36.9,56.900000000000006
-81.84150943363271,28.792414308127164,0,-1,2018,95,0.2199288256227758,0.08325410634279251,0.05033725127577782,298.24,290.815,33.800000000000004,50.800000000000004
-87.97568468789123,35.108146016482266,0,-1,2019,72,-0.10057598582188747,0.3785282075405121,0.4004589021205902,287.32,,8.8,22.1
-81.35378462955354,33.60369765974871,0,-1,2020,353,0.12548156301596036,0.15579047799110413,0.07628913968801498,286.415,278.90000000000003,7.0,14.8
-92.7371999462557,36.516041279735944,0,-1,2019,112,0.13751375137513752,0.4482617974281311,0.49124324321746826,296.128,282.14,14.200000000000001,41.2
-83.2600516481987,33.47925335430625,0,-1,2017,85,-0.03012589928057554,0.2580380439758301,0.3014920949935913,292.3466666666667,281.12,11.0,39.400000000000006
-91.32129302999599,36.06687665609139,0,-1,2018,11,-0.2135306553911205,0.17625679075717926,0.15412017703056335,274.82,263.36,,
-91.87439660172997,31.876938872662144,0,-1,2018,14,-0.19346195069667738,0.21187473833560944,0.22617116570472717,276.46,273.62,8.6,14.9
-84.40971712132011,30.953132936974615,0,-1,2020,72,0.27458535768135367,0.23309379816055298,0.2581186890602112,291.62666666666667,279.8066666666667,16.8,33.2
-79.52433202103383,33.88100368406072,0,-1,2017,78,-0.11788539455913563,0.15122376382350922,0.16204917430877686,290.84000000000003,279.5,7.4,33.5
-85.98929016889478,35.17094875690878,0,-1,2017,74,-0.05725454127385606,0.40767887234687805,0.4462401866912842,291.695,275.6466666666667,11.8,30.3
-84.95599817445014,31.443473041598846,0,-1,2018,102,0.09754748294302047,0.1234041079878807,0.19225598871707916,298.944,282.99,18.6,43.300000000000004
-80.09964691838036,36.345982152403955,0,-1,2018,321,0.07035619664409773,0.3261059820652008,0.3117605447769165,283.08,272.86,6.300000000000001,13.0
-94.31150027519212,30.141338585686167,0,-1,2017,21,0.19340519974635384,0.36338597536087036,0.36169523000717163,293.42,285.475,,
-92.94901274484386,34.349413813899496,0,-1,2018,52,,0.4150485098361969,0.34659522771835327,,283.79,,
-84.63893194592586,31.429618010344566,0,-1,2017,327,0.013902205177372963,0.11116982996463776,0.14627163112163544,294.365,283.892,7.6000000000000005,22.200000000000003
-85.23807993585596,36.07536509371629,0,-1,2019,62,-0.17759129054207304,0.46442073583602905,0.4844192862510681,282.07,272.2,,
-91.86634557318851,35.73841042286828,0,-1,2019,266,0.13359598853868196,0.21752037107944489,0.2565039396286011,305.66,294.572,23.6,36.800000000000004
-89.66390915926657,35.488900022282444,0,-1,2018,144,,0.28079697489738464,0.3341541588306427,299.92,,19.1,51.2
-94.38743846765149,36.317426624833466,0,-1,2017,141,0.30550706237105224,0.29565706849098206,0.3350284993648529,299.756,288.488,34.4,50.6
-91.0239777710274,34.10380469553438,0,-1,2018,136,-0.12236491398110007,0.2770547866821289,0.3871045410633087,313.48400000000004,293.49142857142857,4.7,63.6
-78.15279584323532,34.403517447087005,0,-1,2017,114,0.05519604111153407,0.34566551446914673,0.1798582226037979,301.345,291.15000000000003,35.0,54.300000000000004
-92.29756767838481,29.839265523974287,0,-1,2018,63,0.06515085264538698,0.4040720462799072,0.44814297556877136,295.815,287.86,,
-82.21682737613119,31.82664126345763,0,-1,2020,2,0.1842352205192368,0.17665332555770874,0.08533891290426254,287.64,281.98,11.3,24.700000000000003
-92.67676541144807,30.716551595197057,0,-1,2017,293,0.23593013584696423,0.10428360849618912,0.2104746550321579,298.4266666666667,289.88,19.5,31.400000000000002
-84.21137349860646,33.328554485421115,0,-1,2017,169,,0.3234318792819977,0.35093462467193604,303.88,,,
-82.71055486444914,29.36906248518132,0,-1,2020,143,0.19926500612494896,0.08175444602966309,0.05298011377453804,301.6666666666667,291.0333333333333,38.300000000000004,58.400000000000006
-88.64039391396551,31.648239030689695,0,-1,2017,157,0.25613275613275616,0.2849348485469818,0.22286488115787506,,,23.3,48.0
-94.18387596995755,33.5607867414388,0,-1,2020,318,-0.07649318896262662,0.2593300938606262,0.32681962847709656,298.52,286.06857142857143,10.100000000000001,22.900000000000002
-91.96074219989426,36.483462127485026,0,-1,2018,6,-0.21911941065615897,0.29177504777908325,0.30924132466316223,275.095,261.35,,
-85.91684935616068,35.55110736091781,0,-1,2018,292,0.08611048982330574,0.2905128300189972,0.33151623606681824,293.69,286.81,9.4,27.200000000000003
-89.39904464293876,37.77415149054361,0,-1,2018,80,-0.1624413145539906,0.2709662914276123,0.3292957842350006,288.3466666666667,275.375,10.3,22.200000000000003
-83.50714127959364,31.93311338185431,0,-1,2020,189,0.09500518749073662,0.20194388926029205,0.1442742794752121,306.19,,23.200000000000003,59.2
-81.47182059316584,36.377170780724,0,-1,2018,78,0.011020408163265306,0.2967299222946167,0.3172055184841156,284.23333333333335,272.32,10.8,27.1
-84.00458650625488,35.81295986465771,0,-1,2018,90,0.11767005473025802,0.42298248410224915,0.47045132517814636,294.78000000000003,279.48,13.600000000000001,31.1
-89.58271083661347,32.875124814185654,0,-1,2019,249,0.27496700395952484,0.13529370725154877,0.24957330524921417,302.4575,294.92,28.5,59.6
-94.41420288078601,30.205935887136906,0,-1,2018,78,0.10013972985561248,0.2231215238571167,0.2617855966091156,294.408,281.32,16.900000000000002,40.800000000000004
-80.47726676903375,25.935152580487014,0,-1,2017,42,0.14892268694550062,0.3855820894241333,0.762451171875,298.685,290.3,,
-88.91985292969979,37.1387840334515,0,-1,2019,130,-0.01302000635122261,0.3985639214515686,0.4240811765193939,297.24,287.89,18.1,36.5
-88.89438607758372,37.4057492289971,0,-1,2017,191,0.1787556904400607,0.1920812726020813,0.2560275197029114,303.935,294.5133333333333,33.2,61.1
-81.3575043005591,30.014786729097043,0,-1,2020,68,0.13619886069394097,0.13633033633232117,0.08101165294647217,293.41333333333336,284.47,,
-86.7120603614642,32.88379113840757,0,-1,2020,11,-0.016221374045801526,0.4091924726963043,0.35226598381996155,288.055,274.82,8.8,12.9
-78.59348239967883,35.50720093245398,0,-1,2020,67,-0.03301787592008412,0.27199310064315796,0.273637592792511,287.64,276.1,12.3,24.8
-81.89213096579786,34.99178725923435,0,-1,2018,263,0.28952205882352944,0.2857596278190613,0.334939569234848,303.33,294.41,36.300000000000004,51.5
-84.92195994648586,30.29901456809494,0,-1,2020,196,0.25921109666233205,0.1836504489183426,0.10211892426013947,300.66,295.485,,
-80.31200471960727,33.701185216643125,0,-1,2017,18,-0.24302938960060286,0.19395600259304047,0.19776758551597595,293.27,282.58,,
-90.41789009293416,30.039117128589798,0,-1,2019,321,0.139337048987973,0.4115917980670929,0.4391007721424103,288.87333333333333,280.74,10.9,20.8
-79.4873692048044,34.6748636141578,0,-1,2019,129,0.08846383741781232,0.16634298861026764,0.19937963783740997,301.3266666666667,291.72,27.6,51.900000000000006
-80.06894714336056,36.70401303558572,0,-1,2019,42,-0.10265398097145718,0.4852270483970642,0.49879196286201477,293.57,278.88,6.5,11.700000000000001
-77.23678585201095,36.681238300601755,0,-1,2020,12,0.023121387283236993,0.23788565397262573,0.2143758088350296,282.295,273.755,6.9,11.200000000000001
-91.72913179080463,31.610843709103545,0,-1,2018,109,0.036616161616161616,0.26224708557128906,0.31022441387176514,297.832,285.49666666666667,16.2,43.5
-84.18975420986851,31.663410808188868,0,-1,2018,237,0.2003968253968254,0.16599638760089874,0.2009204775094986,301.245,,45.0,67.9
-93.24625653849075,30.59717599189579,0,-1,2017,136,0.24090571640683,0.2362554669380188,0.2809658944606781,300.028,290.98,41.400000000000006,67.2
-89.00810792283477,33.76628293889626,0,-1,2018,139,0.014744913005013271,0.3124699294567108,0.32906627655029297,303.328,292.88,,
-90.59850497305635,34.246040371822424,0,-1,2017,60,-0.19712574850299402,0.2763013541698456,0.29176798462867737,293.4266666666667,285.34000000000003,,
-78.62202235411701,36.11998181102495,0,-1,2018,54,-0.019397651863195507,0.3314814865589142,0.3435550332069397,287.66,288.2,,
-93.11960338619998,32.409478511983146,0,-1,2018,308,0.11844155844155844,0.28847748041152954,0.27010655403137207,295.176,287.98,16.2,24.700000000000003
-79.07910383849587,37.37442550333811,0,-1,2019,69,-0.15726609157266092,0.46418142318725586,0.47088906168937683,280.46,267.74,7.9,18.8
-86.08487718622764,37.69257166877138,0,-1,2018,82,0.02375102375102375,0.373453825712204,0.39325469732284546,285.32,275.44666666666666,11.0,19.1
-85.72534430175546,36.387933134625015,0,-1,2019,102,0.1216323296354992,0.35919874906539917,0.41204696893692017,297.06666666666666,287.06,14.9,34.0
-89.21894087217326,31.711819134444042,0,-1,2020,78,-0.0045701849836779105,0.3362327814102173,0.3593917191028595,298.14,287.18,,
-82.73167215865759,30.20925657279289,0,-1,2017,353,-0.048135028130860597,0.16003698110580444,0.10893474519252777,291.11333333333334,279.4866666666667,10.0,19.0
-90.79726707893803,29.958549560588114,0,-1,2018,278,0.1214032321639732,0.3731917440891266,0.4100041389465332,298.35,294.46,,
-82.97850601920736,34.83830389858871,0,-1,2019,67,0.06551830206090434,0.37501466274261475,0.3763422966003418,287.21,276.72,8.0,22.400000000000002
-82.15104459274865,31.77311783217663,0,-1,2017,1,0.1766947998910972,0.13773661851882935,0.1033950001001358,288.85,284.7,,
-90.35057029349538,34.18943272646989,0,-1,2017,282,0.14153846153846153,0.16531036794185638,0.220732182264328,300.08,291.1466666666667,14.600000000000001,40.400000000000006
-85.7444535342316,36.165065727605445,0,-1,2017,73,-0.17393199651264168,0.4490237236022949,0.4660145342350006,290.64,274.48,10.100000000000001,28.8
-93.94940011399859,32.571059347566134,0,-1,2020,137,0.3280431677511506,0.34822145104408264,0.3187541365623474,296.94,288.368,30.5,51.0
-89.43471277738591,33.100217733137654,0,-1,2017,127,0.2882079131109387,0.22337689995765686,0.2659604251384735,296.36,285.392,63.7,65.8
-91.63518615770442,30.4099996614479,0,-1,2017,122,0.41748366013071897,0.2503466308116913,0.31291404366493225,298.65500000000003,289.796,38.300000000000004,57.800000000000004
-91.52208855974517,30.378412253593563,0,-1,2017,257,0.2099236641221374,0.28672000765800476,0.34069862961769104,298.7,290.8257142857143,29.0,53.400000000000006
-86.75193155340168,33.741934844575,0,-1,2017,70,-0.03780241935483871,0.41249698400497437,0.4269825220108032,293.5,282.42,9.0,29.6
-80.7562121223399,36.08843331311802,0,-1,2019,306,0.05224731918777093,0.3265049457550049,0.3554914593696594,292.06,281.2066666666667,7.2,22.200000000000003
-91.56888850601054,32.790234354077704,0,-1,2018,22,-0.16401166704061027,0.2636640667915344,0.28858429193496704,283.645,277.72,,
-94.12630305942322,33.24637468751728,0,-1,2017,50,0.12226437117011964,0.23295925557613373,0.2359141856431961,288.7666666666667,284.05,14.3,29.200000000000003
-89.9083428167633,31.022125542120385,0,-1,2017,172,,0.35777753591537476,0.3422797620296478,301.54,293.68,46.900000000000006,60.400000000000006
-78.36386739566446,35.76363275093613,0,-1,2020,217,0.23262727610553696,0.2756933867931366,0.2303222417831421,303.535,295.79,,
-87.71098039854252,32.21392686814216,0,-1,2018,121,0.2964576624360674,0.3108370304107666,0.33054643869400024,295.40000000000003,285.11333333333334,41.1,62.7
-75.93359796103597,35.95618056845654,0,-1,2018,321,0.10032786885245902,0.6930493116378784,0.9045339822769165,286.865,280.56666666666666,6.5,11.0
-89.23186377313945,32.567207930628975,0,-1,2017,51,0.02666992904330805,0.28304868936538696,0.3006986975669861,289.96,280.78400000000005,16.400000000000002,30.8
-92.02962068034137,34.1067863150561,0,-1,2018,142,0.31700771553170076,0.2509751617908478,0.2630521357059479,300.0,293.116,33.0,53.7
-79.4955464200073,37.6859818605922,0,-1,2017,267,0.05997463308570393,0.22864185273647308,0.31659117341041565,297.016,288.51,,
-92.57708133072116,34.5806814787817,0,-1,2018,44,-0.08237145855194124,0.28929081559181213,0.2881280481815338,284.86,273.75333333333333,,
-91.22396860121864,36.009368622618126,0,-1,2019,59,-0.171875,0.38101500272750854,0.3973281979560852,286.25,276.485,9.3,18.8
-82.35742844279395,28.987347766583,0,-1,2019,78,0.011712707182320443,0.13560304045677185,0.06383504718542099,297.0,289.05,14.200000000000001,39.2
-94.28831045621807,35.235152263546425,0,-1,2018,42,-0.1867704280155642,0.23445220291614532,0.2669989764690399,282.516,274.66400000000004,11.0,18.2
-80.27097439498326,37.64466048238646,0,-1,2019,106,-0.025396825396825397,0.20872944593429565,0.2483292520046234,295.18666666666667,280.4266666666667,11.0,37.300000000000004
-77.4215182316625,37.04693374855823,0,-1,2017,7,0.15040906230333542,0.20308063924312592,0.19345733523368835,,273.8,,
-90.2547503854801,31.481808022015716,0,-1,2019,90,0.19558232931726907,0.35406798124313354,0.3640458881855011,295.01,284.99333333333334,21.0,35.2
-86.47321070285214,31.728004619136353,0,-1,2018,41,0.09101029780128027,0.32254064083099365,0.33683308959007263,286.4066666666667,277.43,,
-83.92027124253393,34.155384276209915,0,-1,2018,276,0.26398916967509023,0.28660717606544495,0.33668941259384155,293.5133333333333,293.28000000000003,27.6,49.400000000000006
-91.73529666610125,36.68116961375896,0,-1,2019,61,-0.16910672607680882,0.3702687621116638,0.3761807978153229,285.06,276.22,9.200000000000001,15.700000000000001
-80.65042884019259,27.783798852381487,0,-1,2019,10,0.13444676409185805,0.2969239056110382,0.6287215352058411,294.03200000000004,286.66,13.3,26.5
-82.1080273807994,35.52348003363616,0,-1,2017,321,2.7063599458728013E-4,0.200278177857399,0.22653451561927795,287.244,278.755,6.0,17.400000000000002
-83.40396448250864,35.227689141372174,0,-1,2019,154,0.19944384365827283,0.2541428208351135,0.2987023591995239,302.75428571428574,289.2833333333333,16.2,21.700000000000003
-91.29871899088656,32.08796652521744,0,-1,2019,85,-0.0960763520678685,0.26635125279426575,0.3577177822589874,300.415,282.33,10.200000000000001,37.4
-78.78443883166649,36.751864979040086,0,-1,2020,278,0.26033233915636983,0.2812243103981018,0.31321677565574646,293.5566666666667,285.72,28.6,40.900000000000006
-86.17026335848655,35.58147760388604,0,-1,2018,122,0.25461254612546125,0.32895201444625854,0.3890548348426819,296.6466666666667,282.1457142857143,35.9,55.300000000000004
-80.9149633487228,33.147499932964585,0,-1,2019,204,0.21453867660764211,0.08420735597610474,0.14198946952819824,304.37333333333333,296.77,27.3,63.7
-82.42222601062227,30.680498484570194,0,-1,2020,82,0.25125230688109673,0.42009761929512024,0.7938938736915588,300.58,291.276,37.800000000000004,53.5
-79.87939813308955,35.410134340630954,0,-1,2018,356,-0.006695069993913573,0.4813803434371948,0.5044233798980713,285.305,276.76,5.1000000000000005,11.0
-93.25384688215503,35.64459666972182,0,-1,2017,170,0.35939895737503835,0.38066861033439636,0.4117274880409241,,295.2,,
-90.55190860377675,31.46970873618868,0,-1,2019,236,0.27458542229078287,0.26065531373023987,0.26927217841148376,301.62666666666667,295.33,24.900000000000002,39.900000000000006
-85.13368968053358,36.17371076970799,0,-1,2017,187,0.38766042987474875,0.30684590339660645,0.3301403820514679,293.1,292.97,48.1,67.3
-89.04975277482953,37.334229339482896,0,-1,2017,337,-0.1536065180924994,0.23101426661014557,0.27029111981391907,288.66,274.90000000000003,,
-82.9413892720193,31.786866267340017,0,-1,2020,225,0.2587991718426501,0.12858138978481293,0.13129612803459167,301.176,294.02,,
-83.42209263137673,34.508210813025975,0,-1,2018,92,-0.10699397869383974,0.3208847641944885,0.32523542642593384,296.14,280.22,9.1,38.0
-84.83883172147284,34.42786343242325,0,-1,2018,41,-0.07672955974842767,0.41409337520599365,0.37675008177757263,285.17,271.7,,
-87.41849565206991,36.709761260459096,0,-1,2018,61,-0.058538275025978526,0.45339107513427734,0.4753156900405884,290.91,277.69,8.1,20.8
-90.91187137704009,31.801480360754777,0,-1,2019,113,0.21476381717345572,0.3436826467514038,0.3728622496128082,291.508,284.7066666666667,31.8,52.900000000000006
-94.19079631268217,33.731015701245326,0,-1,2019,250,0.19071310116086235,0.09788922220468521,0.2076783925294876,304.38,295.9514285714286,22.8,58.300000000000004
-80.58246601735571,36.43683506753653,0,-1,2020,61,-0.04237461617195496,0.28509005904197693,0.2838923931121826,283.548,272.144,9.3,19.200000000000003
-83.9689377508279,36.17841921887569,0,-1,2019,76,-0.04569348968863728,0.45044809579849243,0.46103090047836304,289.41,,10.5,32.300000000000004
-85.11001327177188,34.69665402975567,0,-1,2018,90,0.0014353085913471396,0.30616119503974915,0.35131070017814636,292.58,277.38,12.100000000000001,34.5
-92.73395703897995,32.42593128474611,0,-1,2019,0,0.1449814126394052,0.3339402675628662,0.29068127274513245,285.78000000000003,279.2066666666667,3.1,5.2
-77.03135125643664,35.682926552295626,0,-1,2018,46,0.11467391304347826,0.3917411267757416,0.40013572573661804,286.22,273.81,12.0,15.700000000000001
-81.14909932298937,33.8128804087526,0,-1,2019,90,-0.03763440860215054,0.13562315702438354,0.0797746479511261,298.62,279.825,14.8,36.1
-81.49813099267801,33.24158335941677,0,-1,2019,321,0.09472126295017266,0.1606762707233429,0.07783368974924088,284.585,276.93666666666667,8.4,18.2
-77.00766984757233,36.9908354140488,0,-1,2019,338,0.07659910502763885,0.30274754762649536,0.31508198380470276,282.6666666666667,,4.4,10.4
-80.55500720031442,35.41063865843145,0,-1,2018,140,0.23183173756082248,0.33179745078086853,0.32343629002571106,307.56,293.42,,
-81.94654552215194,28.230262228892823,0,-1,2019,42,0.059191655801825296,0.1865209937095642,0.12034347653388977,298.2866666666667,288.945,15.5,31.400000000000002
-81.36242879510755,28.398312494496192,0,-1,2018,34,-0.030526315789473683,0.1379532366991043,0.07698701322078705,297.18,281.75333333333333,10.100000000000001,25.6
-81.82105906964223,32.303372773526405,0,-1,2020,49,-0.020562316407889216,0.30117449164390564,0.27323073148727417,289.6,284.96,8.8,17.1
-80.20534646181721,33.305173379621365,0,-1,2018,65,0.09466152999449642,0.13038378953933716,0.15486644208431244,289.448,278.2,7.0,25.0
-84.46819774593251,34.61681022463247,0,-1,2017,79,0.04248831063224232,0.23107250034809113,0.24257752299308777,287.24,275.25,10.600000000000001,28.5
-77.9587664240019,37.592719066666305,0,-1,2017,96,0.06774123284687432,0.27042731642723083,0.2645708918571472,295.49333333333334,283.2733333333333,13.0,35.1
-89.04565200110319,37.01186694348673,0,-1,2020,325,-0.05197965051979651,0.3218427896499634,0.37115931510925293,287.68,278.228,,
-76.37313714484928,36.85141122937664,0,-1,2020,17,0.10819122169415711,0.2052069902420044,0.23667290806770325,281.65000000000003,278.32,,
-93.35709605683255,37.165245882277624,0,-1,2018,60,-0.07468294974166276,0.3499971032142639,0.38430821895599365,289.0,275.44666666666666,,
-81.61737383093943,28.11278460537701,0,-1,2020,360,0.0056051484326344195,0.14454030990600586,0.06082458421587944,294.39,283.87666666666667,5.7,22.200000000000003
-76.18551972615938,36.30017483196344,0,-1,2017,91,-0.1760644418872267,0.28201523423194885,0.28658220171928406,,,,
-87.9077944601947,34.6997839924774,0,-1,2018,8,0.08316699933466401,0.3888684809207916,0.3867708146572113,270.832,265.52,3.9000000000000004,11.100000000000001
-80.83951956790587,36.406611503109865,0,-1,2017,42,-0.06524822695035461,0.2503281831741333,0.2540282905101776,284.53000000000003,269.68,6.6000000000000005,21.3
-88.45739622932163,32.80606620485129,0,-1,2018,171,0.31225665784145773,0.2701301574707031,0.34177592396736145,300.18,293.81333333333333,28.3,57.1
-93.30423482865248,36.11034079634622,0,-1,2018,36,-0.14300438031435198,0.28547921776771545,0.3277435004711151,279.3,273.08,6.9,16.8
-86.87631078655187,35.19834256907337,0,-1,2018,8,-0.08924994435789005,0.4497815668582916,0.4573274552822113,271.7033333333333,265.23333333333335,3.6,9.0
-88.57036485963977,36.643304300104866,0,-1,2019,83,0.04962127067552945,0.39360469579696655,0.42089924216270447,291.39,274.148,12.3,31.1
-93.24763492216941,31.487740931236676,0,-1,2020,358,0.004584527220630372,0.4342152774333954,0.4226514995098114,287.045,277.8666666666667,5.4,14.200000000000001
-90.2470675149394,34.25604038625119,0,-1,2020,33,0.009376723662437948,0.5262274742126465,0.5518039464950562,285.88,278.46500000000003,10.3,15.700000000000001
-89.99726820496515,36.49057903491463,0,-1,2020,55,0.0859106529209622,0.40574532747268677,0.40898391604423523,279.0466666666667,269.14,,
-83.71179945943697,36.575223610907926,0,-1,2019,26,-0.1182876455125798,0.4110843241214752,0.4362010657787323,271.42,,8.3,13.0
-82.84794430283338,33.848321877197094,0,-1,2019,173,0.33513401205069604,0.3152099549770355,0.3144080638885498,301.3333333333333,294.93333333333334,34.6,60.400000000000006
-89.35772453772633,31.188773313971137,0,-1,2018,47,-0.057974092163941386,0.2775096595287323,0.2550150454044342,,286.90000000000003,,
-82.57045452866446,37.60600224855782,0,-1,2020,111,-0.020748663101604278,0.2894754409790039,0.3247895836830139,290.04,275.3,9.8,39.1
-78.07688834070103,35.53826004508001,0,-1,2020,111,0.12073438435442027,0.2844705581665039,0.24660354852676392,296.9666666666667,280.8,20.3,42.0
-84.9593912136352,33.97107039274635,0,-1,2019,100,0.11291866028708133,0.33106526732444763,0.3656602203845978,297.2866666666667,284.0733333333333,16.7,37.1
-78.74651068758396,34.639401465855855,0,-1,2020,79,-0.010607915136678907,0.27871251106262207,0.259221613407135,295.6666666666667,,18.3,29.6
-83.7031333965278,31.77376886040389,0,-1,2020,65,0.08375089477451682,0.35219284892082214,0.32637280225753784,288.975,277.9266666666667,14.4,28.1
-77.45297927649689,37.15189463866937,0,-1,2017,1,0.05897858319604613,0.18125468492507935,0.1752638965845108,282.65000000000003,277.1,,
-80.64197238825194,34.42585982364736,0,-1,2020,141,0.18995951417004048,0.26385533809661865,0.2077978104352951,299.47,,34.6,50.900000000000006
-82.54275831362374,37.06210050195401,0,-1,2017,98,-0.043733092876465283,0.23271168768405914,0.24805837869644165,295.39,281.5,8.3,47.0
-94.3209997917996,36.27186506577208,0,-1,2019,163,0.33902890502634203,0.33289432525634766,0.33023014664649963,300.99333333333334,287.14,31.0,46.1
-92.73243870443314,35.58667429506182,0,-1,2017,125,0.2889615699100572,0.41675952076911926,0.4526139795780182,293.6933333333333,284.38,39.300000000000004,54.1
-88.4380164218763,36.608168435300406,0,-1,2019,354,-0.0816278522700541,0.32036498188972473,0.3421335816383362,279.22,270.44,6.9,10.700000000000001
-87.88885282897435,33.93541200503742,0,-1,2017,202,0.2541534110993284,0.1399909257888794,0.20770704746246338,300.92333333333335,293.7266666666667,34.5,68.3
-84.07366417730394,33.016283427706526,0,-1,2020,102,0.2137120470127326,0.4366576373577118,0.45986783504486084,296.06,284.75333333333333,26.900000000000002,48.7
-84.13933991156922,37.535866050930196,0,-1,2019,103,-0.12777466890505504,0.28933221101760864,0.31788432598114014,298.92,282.82,12.5,33.1
-80.61655435787448,34.830163240057914,0,-1,2018,97,0.0570230607966457,0.3964986503124237,0.38531777262687683,294.22,282.2666666666667,15.700000000000001,38.0
-87.84059352198307,30.73555471396639,0,-1,2019,280,0.2479757085020243,0.11520267277956009,0.15519073605537415,303.18,295.74333333333334,25.200000000000003,51.6
-91.48356758224487,32.58943135320341,0,-1,2019,359,-0.0205761316872428,0.33503952622413635,0.3475651741027832,285.68,281.98,,
-88.01097370848376,33.171223079390636,0,-1,2019,21,0.056194989844278946,0.3378503620624542,0.35654833912849426,280.98,273.66,6.9,12.600000000000001
-81.09426963890667,33.69701589868616,0,-1,2020,261,0.181662382176521,0.3001960813999176,0.23483267426490784,301.99,294.78000000000003,32.0,43.0
-92.62782259599017,33.669034375245204,0,-1,2018,103,0.07458363504706735,0.3991362452507019,0.39737147092819214,290.2666666666667,279.24,14.8,39.300000000000004
-92.31342227390898,32.96028479338731,0,-1,2020,78,0.06896551724137931,0.4579368829727173,0.4705977737903595,294.1,,15.100000000000001,21.6
-83.52024344006404,34.65410187297347,0,-1,2017,115,0.2799043062200957,0.4307568371295929,0.4510768949985504,298.6933333333333,289.65000000000003,32.6,48.400000000000006
-92.22082991310629,37.59054310699712,0,-1,2018,73,-0.15841362312345955,0.2567913830280304,0.2906172275543213,284.74666666666667,272.93,9.4,24.6
-89.87253507694159,36.081656673763334,0,-1,2020,34,-0.15429403202328967,0.38431650400161743,0.39244508743286133,285.2133333333333,276.78000000000003,8.700000000000001,14.3
-83.06140393583222,34.21573982939856,0,-1,2019,125,0.2875,0.4206439256668091,0.44275423884391785,302.44666666666666,289.205,,
-88.58289793506052,31.00445193660732,0,-1,2017,322,0.20368663594470046,0.17958739399909973,0.18590234220027924,290.41,283.54333333333335,8.200000000000001,23.8
-94.39058511293855,30.349705453914833,0,-1,2017,123,0.30454545454545456,0.22432605922222137,0.166911780834198,300.0466666666667,287.0,43.6,61.0
-88.4941887871727,35.70704827098039,0,-1,2019,71,-0.060894557212142986,0.38250014185905457,0.40581607818603516,283.73333333333335,286.2,10.600000000000001,18.2
-80.67745071214357,35.80682181698237,0,-1,2020,45,0.013145539906103286,0.37579211592674255,0.3688639998435974,283.94,272.66,9.0,14.5
-92.05514063909253,31.658765723059425,0,-1,2018,112,0.3255953572143286,0.4152609407901764,0.40840649604797363,293.06,284.04571428571427,33.0,49.0
-80.72728535065579,37.17889898884784,0,-1,2020,56,-0.09797297297297297,0.35433003306388855,0.37720033526420593,280.32,271.73333333333335,7.0,16.900000000000002
-86.2602869927016,33.917278846652536,0,-1,2017,2,-0.15270718232044198,0.4256303906440735,0.35441920161247253,285.0933333333333,274.28000000000003,5.1000000000000005,8.3
-87.65118650977593,36.55592099160886,0,-1,2018,12,0.059544062606328683,0.34650757908821106,0.343605101108551,269.4,264.1,,
-92.71197833220997,33.993853077003706,0,-1,2020,223,0.16741711011051985,0.1735929250717163,0.259708434343338,302.2,294.0166666666667,19.700000000000003,63.7
-82.83701205883571,36.04919187899652,0,-1,2017,186,0.23546881629189648,0.39521703124046326,0.41610288619995117,303.04,286.03000000000003,35.9,64.0
-86.55489756303756,33.203997470974265,0,-1,2019,76,0.004157592555929519,0.33521372079849243,0.37362855672836304,294.76,285.94,11.4,32.800000000000004
-81.69484796495236,28.26062134260372,0,-1,2018,258,0.31710843373493974,0.24465110898017883,0.11487080156803131,301.32,297.0,39.7,55.5
-92.60808069729427,36.628578819009974,0,-1,2018,92,-0.012106537530266344,0.4856796860694885,0.49881941080093384,291.14,272.18,13.0,25.900000000000002
-92.77143161948726,35.98095340378413,0,-1,2020,135,0.3568627450980392,0.37584006786346436,0.3780061602592468,290.095,283.14,24.200000000000003,40.0
-88.39739962490819,32.98188147278412,0,-1,2019,81,0.07457707886585656,0.4632161259651184,0.5012291669845581,288.87333333333333,281.11333333333334,12.700000000000001,38.900000000000006
-82.7484810167579,27.830696871397027,0,-1,2017,60,0.16245306633291615,0.10033698379993439,0.06380166858434677,303.208,291.57,,
-92.25407905788595,31.71053284138294,0,-1,2020,47,0.04528699315429173,0.38883844017982483,0.4081639051437378,285.4666666666667,277.97,9.5,15.700000000000001
-82.6898035005935,32.654134856616515,0,-1,2020,38,0.091792656587473,0.3077635169029236,0.2957010567188263,289.06,279.45,9.4,18.6
-77.18917442058512,35.05230105769237,0,-1,2020,69,-0.04018058690744921,0.18355464935302734,0.09028802067041397,291.645,278.59200000000004,13.0,27.400000000000002
-86.38909052916003,34.02702221394736,0,-1,2020,43,-0.003695881731784583,0.3426470458507538,0.31396645307540894,,275.1,9.700000000000001,15.600000000000001
-87.03831571451914,36.85230079623578,0,-1,2020,314,-0.061467283542630535,0.3069075047969818,0.3290269076824188,293.35,279.92857142857144,9.200000000000001,20.8
-81.7125970867247,30.926983125028368,0,-1,2018,68,0.09358841778697001,0.22267472743988037,0.2517094612121582,291.18333333333334,280.3,18.5,32.6
-91.97819310736617,33.621308224429825,0,-1,2019,70,-0.03720663995420721,0.4495526850223541,0.46390262246131897,281.98,275.9066666666667,,
-91.16848314137022,31.06614782798468,0,-1,2020,5,-0.03565640194489465,0.30762919783592224,0.3390521705150604,287.04,278.09000000000003,12.4,24.700000000000003
-94.43411901207097,35.69286600443286,0,-1,2017,97,-0.05955734406438632,0.3405197858810425,0.39513328671455383,296.395,282.63599999999997,15.600000000000001,42.900000000000006
-93.74856223603935,34.743294966119336,0,-1,2019,4,0.07665383269163459,0.49436497688293457,0.5222810506820679,277.0,271.66,4.7,9.9
-89.41065277278028,34.93759157314819,0,-1,2020,68,-0.07296908698777857,0.35575172305107117,0.36006438732147217,290.68,276.99333333333334,12.5,25.700000000000003
-90.52769010451834,33.695973685530674,0,-1,2020,187,0.3253673945886554,0.4193633794784546,0.45157918334007263,299.43333333333334,296.62,34.2,59.0
-87.29061446687079,35.07723081078338,0,-1,2020,166,0.19853694220921728,0.3051932156085968,0.3303912281990051,302.62666666666667,291.5333333333333,55.800000000000004,72.8
-82.1385653708088,29.306043322572396,0,-1,2020,106,-0.03534910896874087,0.1494077444076538,0.041894350200891495,309.3,291.145,16.3,42.1
-85.47852860284216,30.290506338238412,0,-1,2019,122,0.10242533573862497,0.14450788497924805,0.10041452199220657,303.765,288.11,29.400000000000002,57.800000000000004
-77.54182205101296,36.5198035081249,0,-1,2019,162,0.27874885004599814,0.17460542917251587,0.16313818097114563,299.64,289.7,38.2,60.0
-93.4047498979269,32.84688336145667,0,-1,2019,155,0.37950772753291356,0.36166492104530334,0.34595659375190735,301.105,294.3,30.900000000000002,45.800000000000004
-83.33657091311828,36.10362459132678,0,-1,2019,116,0.24469736161407138,0.3669312298297882,0.3955886662006378,298.7666666666667,283.4266666666667,,
-76.83882739192178,36.125546867106756,0,-1,2018,21,0.09508196721311475,0.33419269323349,0.33922433853149414,279.46,271.704,7.1000000000000005,14.8
-77.0372666126907,36.74058376944119,0,-1,2017,335,-0.034752049980476374,0.16569633781909943,0.1812407672405243,287.3775,274.61428571428576,5.1000000000000005,17.0
-88.5596659600305,32.29113575642248,0,-1,2018,79,0.00303459437588509,0.38146135210990906,0.3857201039791107,290.41333333333336,277.2733333333333,14.200000000000001,30.6
-84.81571812144509,33.59670286650051,0,-1,2017,102,0.10096760622633572,0.4344131648540497,0.44867822527885437,297.90000000000003,283.02,24.6,52.300000000000004
-87.9833482996163,36.73090215793792,0,-1,2017,286,0.22025912838633688,0.26083678007125854,0.3122895359992981,296.48,,12.200000000000001,28.700000000000003
-93.71738912167282,31.695979160602292,0,-1,2018,293,0.2462686567164179,0.21849173307418823,0.17579390108585358,,295.44,20.0,27.200000000000003
-80.32124434680195,26.354387153347993,0,-1,2017,25,0.09797608095676173,0.38903865218162537,0.7414726614952087,297.45,288.48333333333335,13.600000000000001,32.1
-82.28070748591622,26.872296392081708,0,-1,2017,53,0.1890979257115292,0.1794658601284027,0.06628196686506271,299.28000000000003,288.58,20.900000000000002,36.5
-89.04744043447542,32.46612670802518,0,-1,2018,228,0.2495458298926507,0.13147538900375366,0.19072894752025604,303.86,293.06,,
-90.26165919102111,30.788685209561848,0,-1,2020,126,0.09199417758369724,0.2836743891239166,0.2868671715259552,300.66333333333336,287.5933333333333,36.800000000000004,65.4
-75.9888836251124,36.8602861077477,0,-1,2018,182,0.17761085534286405,0.16273850202560425,0.18886049091815948,303.596,297.4866666666667,,
-90.43994787318206,36.76230587849495,0,-1,2017,294,0.02778473091364205,0.17358174920082092,0.19312921166419983,295.8233333333333,285.2166666666667,11.9,29.200000000000003
-80.44002286161391,27.090921365362156,0,-1,2020,32,-0.08220457730032694,0.1960725337266922,0.12533369660377502,296.27,287.6933333333333,,
-93.37075280238851,30.62722133720522,0,-1,2017,165,0.29689397883047025,0.2720642685890198,0.3104340732097626,301.7666666666667,292.84000000000003,41.900000000000006,65.9
-82.68774610827438,37.27652897895209,0,-1,2020,42,,0.330778568983078,0.3112054169178009,278.54,,,
-93.11119415974726,32.34644982625803,0,-1,2019,8,0.020572002007024585,0.3903771936893463,0.3884117305278778,287.78000000000003,280.2066666666667,6.6000000000000005,11.700000000000001
-83.05018477381392,35.73014708899613,0,-1,2017,97,-0.025465230166503428,0.23187720775604248,0.24346092343330383,296.13,282.53000000000003,8.0,50.2
-79.77633767467069,34.47072259430713,0,-1,2019,84,-0.023980222496909766,0.6565302610397339,0.9004983305931091,292.244,279.25333333333333,14.0,37.300000000000004
-88.04665358353648,32.06703803644183,0,-1,2020,84,,0.38500601053237915,0.4184724986553192,,289.64,20.0,45.6
-85.87935647182051,33.05596647562945,0,-1,2018,65,-0.01901639344262295,0.35688525438308716,0.37215161323547363,292.64,279.32,9.4,27.5
-78.11227082540066,36.72534717930102,0,-1,2018,129,0.2593418851087563,0.34416791796684265,0.3546856939792633,303.26,286.1,36.7,59.1
-91.29498290405778,35.04620762714006,0,-1,2019,83,-0.056771799628942486,0.35698360204696655,0.36254963278770447,290.436,282.51714285714286,12.3,32.300000000000004
-92.39005905676275,33.16895317624619,0,-1,2018,70,-0.1347441735869274,0.37281233072280884,0.38387641310691833,290.27500000000003,277.52500000000003,8.200000000000001,32.0
-87.75174123822109,30.367562567589598,0,-1,2020,165,0.0580422366848187,0.17044790089130402,0.21917277574539185,304.82,294.7,18.6,64.0
-81.7747402013166,28.820092504639526,0,-1,2017,255,0.029890744176458463,0.24576102197170258,0.20126764476299286,299.67,290.18,,
-90.10068912677522,36.75508084626246,0,-1,2018,198,0.28368252026303714,0.15966105461120605,0.21843670308589935,303.80571428571426,296.988,30.5,67.4
-87.21585389821234,37.66302706572749,0,-1,2018,193,0.3441988058738099,0.19184693694114685,0.285564124584198,302.18666666666667,296.04400000000004,39.1,67.2
-84.4587068864204,36.15503188735992,0,-1,2017,268,0.2969849246231156,0.1786809116601944,0.23956769704818726,294.6,292.7,26.6,50.0
-90.10289700715104,35.431071642956596,0,-1,2017,16,,0.43293333053588867,0.4440222680568695,,,,
-92.1238250120608,35.067531967968904,0,-1,2019,133,0.40126676602086436,0.31058990955352783,0.30056050419807434,297.96,288.1066666666667,50.400000000000006,59.5
-84.06149277053544,32.23782849715788,0,-1,2020,34,0.07935393258426966,0.17142587900161743,0.09691284596920013,289.14,277.59000000000003,8.1,16.7
-81.96101640873127,29.31038660183315,0,-1,2018,18,0.01903292181069959,0.15960411727428436,0.10684642940759659,288.09000000000003,286.74,10.0,25.0
-87.70813178039587,34.604988219709156,0,-1,2017,31,-0.12931650392950703,0.4068703055381775,0.4485832750797272,287.256,275.5133333333333,7.0,15.9
-82.62332878278586,33.93987337252862,0,-1,2018,94,0.020564323290291727,0.3323124945163727,0.34879451990127563,294.76,287.26,10.8,38.7
-86.2161803614722,33.832571156975334,0,-1,2019,243,0.1495076096687556,0.20065531134605408,0.29188552498817444,300.816,293.13,32.2,61.5
-89.48984184184457,31.907883606670993,0,-1,2017,268,0.1725955204216074,0.1175847202539444,0.13220685720443726,300.595,293.1,30.900000000000002,55.1
-81.82160981230957,32.239940225821535,0,-1,2020,183,0.2923806051768137,0.13241375982761383,0.17955748736858368,304.9866666666667,297.76,31.400000000000002,58.0
-93.65634921544482,36.68931507906416,0,-1,2019,108,0.004622496147919877,0.3441912829875946,0.3596239387989044,297.26,279.40000000000003,15.0,40.800000000000004
-92.25184750605462,31.530690719468335,0,-1,2018,249,0.1591079929842145,0.12296045571565628,0.18222959339618683,299.0733333333333,296.27,12.9,35.7
-83.34469076828728,31.33490441482149,0,-1,2019,75,0.06523855890944498,0.23087891936302185,0.24960650503635406,292.55,288.8,14.8,33.0
-89.41302630024161,32.065349609338114,0,-1,2019,41,,0.3352099359035492,0.3373112678527832,,281.28000000000003,10.9,17.400000000000002
-83.40531328450797,31.01534034010629,0,-1,2018,344,0.18485273492286114,0.2987019717693329,0.2817966341972351,287.34000000000003,280.64,8.5,17.2
-90.04688033321574,35.00745040674771,0,-1,2017,326,-0.016670472710664536,0.17903806269168854,0.26661911606788635,283.96,278.3314285714286,,
-92.97787791880518,34.17117639727441,0,-1,2017,72,-0.04351648351648352,0.34133049845695496,0.3333972096443176,289.8333333333333,278.975,10.5,30.5
-82.5943690358506,37.284197978223034,0,-1,2019,35,-0.1865497076023392,0.27531668543815613,0.2869052290916443,286.66,275.07,9.9,16.8
-89.94741863211532,35.14564456613335,0,-1,2017,74,0.01875293014533521,0.31649234890937805,0.3491942882537842,292.836,279.375,,
-92.6729258536573,33.37469579485691,0,-1,2017,71,0.06885758998435054,0.34335795044898987,0.3482033610343933,289.35,284.9266666666667,13.3,30.8
-81.20632008213957,27.881818422953135,0,-1,2018,76,-0.007924528301886792,0.054749805480241776,0.05102447420358658,294.56,285.8966666666667,7.2,46.2
-85.26056184317996,33.06236901140735,0,-1,2019,59,0.06005665722379604,0.32266539335250854,0.3370254635810852,292.34000000000003,279.24,11.100000000000001,19.900000000000002
-93.21538765161466,34.561868446661634,0,-1,2017,110,0.3134936812066857,0.38846299052238464,0.4135800004005432,291.84000000000003,290.132,,
-79.32760107634391,35.15124445626094,0,-1,2018,125,0.12605042016806722,0.1508658230304718,0.11343088001012802,299.99666666666667,286.02,25.6,58.5
-80.15850493241776,36.498705239983465,0,-1,2019,10,-0.15976631953263906,0.3468506634235382,0.33050376176834106,282.84000000000003,277.64,6.6000000000000005,10.8
-92.5469122263919,33.03932079535283,0,-1,2020,71,0.0130034887408817,0.3973853588104248,0.41532590985298157,291.8066666666667,281.96,,
-90.99766172940778,32.81142703111919,0,-1,2020,107,0.5060120240480962,0.47399747371673584,0.4947071671485901,291.74,287.492,10.4,39.1
-80.64871376727467,25.702490006403284,0,-1,2018,134,0.03032967032967033,0.41959986090660095,0.6760765910148621,305.59000000000003,291.57,,
-77.07631758299551,37.12921645109649,0,-1,2018,250,0.3262282297894463,0.21093137562274933,0.2680034041404724,300.4866666666667,295.78400000000005,15.8,52.6
-94.41198203516983,36.21953022779424,0,-1,2019,103,0.02063173270038342,0.39370232820510864,0.36878764629364014,297.74666666666667,282.73333333333335,13.200000000000001,40.1
-89.9481223674941,32.041438824685464,0,-1,2020,108,0.3576291549859832,0.2967642545700073,0.3018139898777008,290.98,281.73,34.800000000000004,50.7
-88.66195422377494,36.98017124912944,0,-1,2018,123,0.11868014901543374,0.35135746002197266,0.35335642099380493,296.86,281.545,21.6,44.7
-82.00698900171561,29.40761100214297,0,-1,2017,95,-0.034974093264248704,0.13696898519992828,0.06037883460521698,303.5466666666667,289.66,16.0,50.6
-94.19373221728476,34.54533160869713,0,-1,2019,258,0.0414708886618999,0.16256287693977356,0.19243913888931274,307.52,293.996,16.0,48.1
-78.50450972739667,35.40305101879493,0,-1,2019,113,0.12552530604787138,0.19188819825649261,0.13824310898780823,299.956,285.53200000000004,27.1,51.6
-90.859170215162,29.464806268259764,0,-1,2017,202,0.20359382946262078,0.5659552812576294,0.8545576333999634,302.02,294.2,27.700000000000003,59.400000000000006
-80.74313155030457,25.448724623924345,0,-1,2017,213,,0.7263543009757996,0.91367506980896,,298.99,,
-82.54098512721382,31.938754610069452,0,-1,2019,107,0.20702034303948944,0.14042796194553375,0.08816991746425629,296.53000000000003,288.38,18.6,46.6
-80.60027194679897,28.17105751094348,0,-1,2017,101,0.09596963672510392,0.0775260478258133,0.052377715706825256,301.615,291.98400000000004,,
-79.72706925585632,33.33762437258345,0,-1,2019,314,0.15234765234765235,0.27199581265449524,0.2965415120124817,288.32,281.7,9.1,15.200000000000001
-78.97901728035882,37.20611506047222,0,-1,2020,92,0.011259825791374549,0.3671732246875763,0.3616733253002167,292.5866666666667,283.37333333333333,11.3,36.800000000000004
-85.38957689398283,30.653315845616852,0,-1,2017,6,0.0821320817968488,0.2502577602863312,0.21105892956256866,,283.22,8.5,19.0
-90.18644046477166,34.333673188362795,0,-1,2020,71,-0.18005006739842094,0.5365455150604248,0.5566833019256592,293.02,279.3266666666667,,
-84.17924694530662,31.662297112967355,0,-1,2017,82,0.02432667245873154,0.17589391767978668,0.2092900574207306,298.36,281.0133333333333,13.600000000000001,46.800000000000004
-81.450319904934,25.98585654947612,0,-1,2018,4,0.15650929899856938,0.12936806678771973,0.14615827798843384,294.87,289.56,,
-87.27163538389132,37.7745682687402,0,-1,2018,169,0.22880886426592797,0.23926861584186554,0.32588693499565125,305.68,297.4066666666667,38.5,58.6
-79.29949343154283,36.0454049867535,0,-1,2018,244,0.24705882352941178,0.3209375739097595,0.3144034147262573,302.98333333333335,294.4666666666667,32.0,50.1
-87.85568530569559,33.834272659495994,0,-1,2019,33,0.03048596438273468,0.3857397139072418,0.4110576808452606,284.968,274.0,,
-80.21123059707483,32.84268121157864,0,-1,2018,32,0.03225806451612903,0.13392867147922516,0.12136386334896088,284.968,273.8,6.6000000000000005,15.9
-93.48802367295315,29.87315407262629,0,-1,2017,290,0.028422548555187114,0.3393248915672302,0.40404772758483887,297.9485714285714,294.9633333333333,11.100000000000001,33.1
-89.98963906724103,32.34033973184105,0,-1,2019,310,0.11484726497750414,0.3146364092826843,0.3564024269580841,290.2633333333333,280.475,7.6000000000000005,22.700000000000003
-80.93749196860709,32.86012178604271,0,-1,2018,134,0.39617880317231435,0.07847437262535095,0.12111443281173706,303.0257142857143,290.87333333333333,35.9,53.800000000000004
-87.836324126303,32.87108310883736,0,-1,2018,317,0.263258785942492,0.28580254316329956,0.27859458327293396,282.26,281.78000000000003,8.0,15.100000000000001
-90.90049308419576,31.980761304580714,0,-1,2020,91,0.3086560364464693,0.3466702699661255,0.38159701228141785,301.58,291.8,12.3,36.6
-86.90877530784948,35.29960262127412,0,-1,2017,284,0.09911544567929235,0.2834785282611847,0.32706889510154724,302.82,286.65000000000003,19.3,32.7
-82.77002224084876,34.498811654364424,0,-1,2019,306,0.0384297520661157,0.2898838520050049,0.3347395062446594,295.19,283.8,7.0,23.0
-91.50886492735263,30.810341782879277,0,-1,2019,48,,0.31556832790374756,0.3475436568260193,286.04,279.535,14.3,20.700000000000003
-84.81254446091202,30.179044586756568,0,-1,2017,67,0.19737217937732077,0.1506463885307312,0.08511068671941757,295.1666666666667,281.97,21.3,35.2
-76.8710655717936,34.92727766524273,0,-1,2019,298,0.19815220034038414,0.17276982963085175,0.18585984408855438,295.4666666666667,285.74,17.8,28.0
-87.80658142067486,32.22092034630803,0,-1,2020,84,0.15557638238050608,0.34728628396987915,0.3615877330303192,,291.14,31.1,50.5
-87.36091897394414,34.355257597563984,0,-1,2017,108,0.131610337972167,0.19767028093338013,0.1876436024904251,300.0833333333333,288.18,33.4,47.400000000000006
-91.58258868878104,36.586293204407966,0,-1,2018,265,0.21181053926594218,0.30457454919815063,0.3046805262565613,302.055,294.2033333333333,27.8,38.5
-81.23546411589037,29.176569583535972,0,-1,2017,73,0.004195070791819612,0.12968777120113373,0.06342664361000061,298.4066666666667,287.78000000000003,13.600000000000001,48.0
-82.23273352877933,29.427575019446227,0,-1,2019,82,0.12552225249772933,0.22262635827064514,0.2709745168685913,299.43,284.52,14.8,46.2
-92.04060793614275,31.091669263053177,0,-1,2017,126,0.3121794871794872,0.432081937789917,0.46815234422683716,300.02500000000003,286.055,36.7,56.7
-80.35310416286157,36.66021287493164,0,-1,2017,79,-0.11473880597014925,0.19500072300434113,0.21321961283683777,288.38,274.5866666666667,8.5,31.1
-93.92083999887797,34.889546898263625,0,-1,2018,167,0.3592592592592593,0.2333616018295288,0.32716885209083557,304.688,295.46,36.4,60.1
-89.18312410522127,32.384465628252265,0,-1,2018,263,0.26778711484593837,0.14263218641281128,0.19925840198993683,302.2285714285714,295.60285714285715,9.0,59.5
-91.44900381888108,33.75395679907088,0,-1,2018,53,,0.39768466353416443,0.41877058148384094,,284.37,,
-79.70887561989133,36.20229368629761,0,-1,2018,78,-0.024920886075949368,0.3450697660446167,0.3480893075466156,285.36400000000003,273.512,9.4,26.700000000000003
-77.0259267156648,36.82983726862848,0,-1,2017,51,0.1642110902759175,0.20742611587047577,0.22116990387439728,288.812,282.0933333333333,8.6,23.700000000000003
-93.33277379752609,37.20934971177025,0,-1,2019,49,-0.029814665592264304,0.40686434507369995,0.4211651086807251,280.72,268.74,,
-85.55072749476115,34.22418113499054,0,-1,2020,300,0.1436077057793345,0.25888630747795105,0.28305530548095703,296.445,288.94,,
-87.98795011512924,35.521459416408966,0,-1,2020,12,0.026615969581749048,0.43985098600387573,0.4701131284236908,284.24,275.988,,
-84.6270254283454,37.807314051890096,0,-1,2020,125,0.35476374903175834,0.4642294943332672,0.5023874044418335,293.92,282.8666666666667,,
-89.6685360169306,32.745186710087154,0,-1,2017,93,0.24216524216524216,0.3234841823577881,0.36558523774147034,294.24,288.7033333333333,20.6,44.300000000000004
-91.73373333461109,35.11663702601795,0,-1,2018,75,-0.11994245639273513,0.2732650935649872,0.3046179711818695,289.98400000000004,278.496,10.100000000000001,27.1
-92.61379286272394,32.73642339005503,0,-1,2019,42,,0.3953832983970642,0.40931442379951477,,284.5,10.100000000000001,18.8
-86.12687088250597,33.93292094930147,0,-1,2019,72,-0.02461304237503172,0.3845096528530121,0.3822704255580902,289.22,272.64,,
-80.20339473171816,36.17878564799486,0,-1,2017,140,0.25013054830287207,0.4063078463077545,0.4187621474266052,301.3866666666667,289.62,30.1,54.6
-82.67121976248562,27.80264953332144,0,-1,2017,189,,0.21514283120632172,0.1226564571261406,313.34000000000003,297.62,,
-77.72522194139259,34.791871750661045,0,-1,2020,259,0.4131918119787718,0.15948891639709473,0.12386129051446915,299.74,,,
-88.35365761584161,36.325176125590325,0,-1,2020,64,-0.13239553165080678,0.41417786478996277,0.44299808144569397,286.65000000000003,273.40000000000003,10.600000000000001,21.1
-93.81562494703141,32.3712158802858,0,-1,2019,39,,0.3986514210700989,0.41948947310447693,,281.63,,
-88.88585506583264,33.55232700593429,0,-1,2017,81,0.02531645569620253,0.25419822335243225,0.3107714056968689,294.8933333333333,283.228,17.400000000000002,38.5
-90.73572789945518,34.80761252477513,0,-1,2018,19,-0.23056478405315614,0.35119059681892395,0.348293274641037,277.82,268.43,,
-82.05634287832346,27.319646673736017,0,-1,2018,310,0.11509433962264151,0.15390409529209137,0.07977214455604553,301.03000000000003,289.98,19.1,35.0
-81.50734335075147,29.64270632229323,0,-1,2017,181,0.08591832180316894,0.2202741801738739,0.16217584908008575,302.52,,,
-85.2714313421002,31.230167826362987,0,-1,2017,11,-0.13501144164759726,0.2910095751285553,0.27733713388442993,284.37,272.32,7.800000000000001,22.6
-93.48539355708195,34.031132601757186,0,-1,2020,297,0.21318822023047376,0.3554135859012604,0.36895257234573364,295.11333333333334,288.49,10.3,16.8
-90.86499745242696,29.871492240741038,0,-1,2018,283,0.11967921036397286,0.30409786105155945,0.3435646891593933,300.44,294.93666666666667,,
-86.06017991297566,32.39588600878201,0,-1,2020,67,0.05480682839173405,0.37575286626815796,0.403886616230011,287.74,279.87333333333333,13.700000000000001,28.0
-84.33599895394063,37.38414788992468,0,-1,2018,98,-0.07922077922077922,0.37563538551330566,0.38798198103904724,287.84000000000003,,13.0,33.2
-80.91924848674681,32.55809598467786,0,-1,2017,110,0.2044661549197488,0.10889144986867905,0.10083585977554321,300.78000000000003,289.835,37.4,57.300000000000004
-93.88825208345166,32.04952639024948,0,-1,2017,256,0.2827024436990896,0.1880878359079361,0.248219832777977,298.432,289.29,37.0,54.5
-85.76675518832532,35.8346539958677,0,-1,2020,140,0.270493031619961,0.3732989430427551,0.38493582606315613,301.58,281.15000000000003,,
-82.81321871727583,36.443208460925106,0,-1,2019,143,0.3470491064724433,0.28671994805336,0.3401300013065338,299.59200000000004,288.795,43.6,66.10000000000001
-88.49784080499475,34.990265163020204,0,-1,2020,144,0.3363562753036437,0.34599941968917847,0.36983951926231384,295.89,285.54,,
-92.60092337788524,35.538277413280646,0,-1,2019,8,-0.07010685431326558,0.4499475061893463,0.4905845820903778,285.37333333333333,276.73,6.300000000000001,9.4
-94.29902056359143,34.7525897182857,0,-1,2019,20,0.25196045005114215,0.48835518956184387,0.512238621711731,280.56,272.88,4.6000000000000005,10.200000000000001
-90.13957154453432,36.1129874359669,0,-1,2017,264,0.25414012738853503,0.0965193510055542,0.17605894804000854,303.07599999999996,293.17333333333335,25.5,46.2
-93.69284317974319,33.65945278283816,0,-1,2018,153,0.1612992017616295,0.23249559104442596,0.3250828683376312,303.60333333333335,295.66285714285715,28.8,67.2
-80.72539866152117,28.500855591742358,0,-1,2019,36,0.24180967238689546,0.1287921667098999,0.08402685075998306,,282.26,,
-87.17801223698646,31.515221732492535,0,-1,2017,94,0.22554161915621437,0.26469454169273376,0.2574008107185364,299.625,287.9533333333333,31.1,45.6
-86.673078857251,33.21371339356358,0,-1,2017,15,-0.11154598825831702,0.32713931798934937,0.3423941731452942,287.5133333333333,285.98,9.5,18.0
-86.68924691372263,34.815445089975604,0,-1,2019,262,0.07193589510107448,0.143706813454628,0.2430875301361084,307.44,295.1575,13.8,56.5
-85.82134729878244,37.85025110762578,0,-1,2018,146,0.39258812895450435,0.24859561026096344,0.2882949113845825,300.68,291.18,,
-91.6810108445207,34.08536562465823,0,-1,2017,249,0.026840490797546013,0.34418538212776184,0.4030337929725647,300.46,293.74,11.700000000000001,47.400000000000006
-91.49888188226659,32.69774574586604,0,-1,2018,49,,0.3363068401813507,0.3428305387496948,295.92,288.52,,
-89.31569771446843,31.825651868454493,0,-1,2019,37,0.09341252699784017,0.327801913022995,0.31798994541168213,284.98,279.68,,
-83.19702928288538,29.38240933314778,0,-1,2018,109,0.07000946073793755,0.15409278869628906,0.11723126471042633,293.89,286.82,,
-88.60968670151887,33.59775119920983,0,-1,2017,54,-0.07056879867831012,0.3815436363220215,0.40755414962768555,291.92400000000004,280.05333333333334,13.9,30.1
-76.57571915878643,35.28878149095784,0,-1,2017,175,0.004286185295087373,0.44172027707099915,0.7993441224098206,299.74,296.3333333333333,22.3,41.900000000000006
-89.40802040102673,31.8671142254756,0,-1,2018,294,0.14545890246824827,0.09534513205289841,0.13367559015750885,292.3666666666667,289.38,21.900000000000002,32.800000000000004
-81.50110832970219,30.15255367814714,0,-1,2018,316,0.23952299829642248,0.11409933120012283,0.05926761031150818,296.45,290.6666666666667,17.8,26.700000000000003
-80.08809866029739,34.5775676549584,0,-1,2020,312,0.1991491624567934,0.15302453935146332,0.10164481401443481,292.58,282.85333333333335,9.4,26.5
-78.48118303983549,35.844795685548895,0,-1,2018,251,0.32160312805474095,0.22252734005451202,0.22742652893066406,301.4733333333333,295.425,,
-84.64311262057107,36.2807134143695,0,-1,2019,230,0.33009913520354356,0.14546599984169006,0.21897152066230774,299.244,292.12,38.2,58.800000000000004
-84.53894060109975,33.69560569283271,0,-1,2018,267,0.2224591329068941,0.31208673119544983,0.32201531529426575,302.5885714285714,295.52,,
-85.24744281375293,36.24695448161811,0,-1,2019,20,-0.057297297297297295,0.46711495518684387,0.48086655139923096,,,5.0,8.5
-82.34137922323613,26.93536185381877,0,-1,2018,84,0.05841557748732996,0.12119234353303909,0.07912393659353256,295.99,289.1466666666667,,
-77.05268352691999,35.01184795829325,0,-1,2019,132,0.25196850393700787,0.2839124798774719,0.2724347710609436,298.08,289.24,,
-86.942481992747,33.981847364238654,0,-1,2020,163,0.35482776175123026,0.1686561554670334,0.15682050585746765,300.44666666666666,292.49,79.2,86.0
-86.57527352718746,36.736138690631634,0,-1,2017,63,0.18970814132104455,0.3631086051464081,0.3946409225463867,287.40000000000003,275.14,9.3,22.400000000000002
-89.80778895575318,32.33950787725473,0,-1,2017,157,,0.4446028172969818,0.43709829449653625,296.94,,25.5,49.800000000000004
-80.73555824274214,37.64097233142106,0,-1,2017,268,0.11532385466034756,0.1347966343164444,0.22168439626693726,299.90000000000003,288.36,12.9,44.6
-89.54281117003592,34.94494825591905,0,-1,2018,65,-0.17695473251028807,0.41181689500808716,0.44112133979797363,292.068,278.84000000000003,9.700000000000001,23.900000000000002
-93.73026448865981,34.24201293137069,0,-1,2020,36,0.02800953516090584,0.4836368262767792,0.4863145649433136,285.95,274.23333333333335,7.6000000000000005,14.200000000000001
-80.08944835829072,32.79831064461045,0,-1,2018,39,-0.05098684210526316,0.234910786151886,0.21845655143260956,288.91,279.952,,
-83.31610926422455,35.21820908726197,0,-1,2020,6,-0.10528063766190635,0.2961907684803009,0.31735464930534363,281.38,274.57,8.8,18.8
-80.51723944689239,25.65487879086162,0,-1,2019,349,0.02271062271062271,0.1760728806257248,0.22050920128822327,297.17,290.9866666666667,,
-94.35579453298742,32.08424610685888,0,-1,2017,10,-0.056,0.25205448269844055,0.2797398567199707,276.86,277.82,,
-81.34890253897827,27.709197604862595,0,-1,2018,82,0.024773701762744165,0.08375046402215958,0.04993193969130516,300.4485714285714,284.84000000000003,10.600000000000001,52.6
-89.47873637180177,30.077432624415028,0,-1,2019,32,0.648936170212766,0.7034662365913391,0.9069556593894958,,,,
-85.37814488896058,33.235664055006836,0,-1,2017,62,-0.14851981936778724,0.2630062997341156,0.3007688820362091,291.296,281.38,7.6000000000000005,26.700000000000003
-90.24870522124853,33.19794463454087,0,-1,2020,14,-0.05091937765205092,0.4209044873714447,0.43604540824890137,286.34000000000003,278.05,,
-83.76420614857129,32.422925876439535,0,-1,2019,112,0.14102564102564102,0.1737867146730423,0.21109186112880707,298.90500000000003,284.2133333333333,22.0,46.800000000000004
-83.30329022723896,33.81826716860875,0,-1,2017,106,0.2,0.3556794226169586,0.38861432671546936,299.49,285.09200000000004,67.0,66.9
-84.05792022268679,32.83397634460359,0,-1,2018,74,-0.020877458396369137,0.3277442157268524,0.34425801038742065,288.124,275.85,11.600000000000001,31.5
-81.74064785379569,33.58922251203227,0,-1,2017,262,0.1724137931034483,0.13646726310253143,0.0700472742319107,302.66,291.36400000000003,23.5,55.1
-86.06288841294716,30.65283219585788,0,-1,2020,74,0.12046511627906976,0.16548417508602142,0.12023522704839706,293.6466666666667,280.74,23.200000000000003,41.800000000000004
-89.02763146745497,31.222623659403563,0,-1,2019,157,0.2561094819159335,0.22424302995204926,0.19488981366157532,304.716,295.675,31.200000000000003,47.1
-85.34761907358333,37.77378740989351,0,-1,2018,40,-0.03446732318710832,0.41871726512908936,0.40629956126213074,275.06,,,
-93.42911763637622,33.42099769402095,0,-1,2020,33,0.005792748337266681,0.39219430088996887,0.40971407294273376,286.75,275.76,7.6000000000000005,14.4
-81.68522873873086,37.22459179834907,0,-1,2018,263,0.32253658536585367,0.20208042860031128,0.22025449573993683,295.0,291.8933333333333,,
-84.36014892165345,32.6938167178333,0,-1,2020,265,,0.34940508008003235,0.3840280771255493,,,,
-90.07806441666526,36.324648994319176,0,-1,2018,54,0.14866204162537167,0.2847285568714142,0.2977786660194397,282.78000000000003,274.82,9.200000000000001,15.3
-83.53367331221962,37.438961476695624,0,-1,2017,67,-0.18795375100833558,0.3446161150932312,0.39983847737312317,291.75,273.52,7.2,25.700000000000003
-87.66252501406326,36.8613648945102,0,-1,2018,65,0.13210911035835265,0.44672900438308716,0.46565747261047363,288.876,276.132,8.4,20.5
-90.30644255717957,32.24890562209479,0,-1,2017,273,0.11492673992673992,0.12448056042194366,0.21517017483711243,301.7733333333333,293.425,,
-93.73755274055908,35.493979358463456,0,-1,2020,17,,0.3419867753982544,0.33921197056770325,,276.94,,
-84.75536041844002,30.67182181944447,0,-1,2019,71,0.015428924089693478,0.26018568873405457,0.26055240631103516,293.28000000000003,283.29,,
-86.27307493993368,32.3242722815998,0,-1,2018,41,-0.10158641803506818,0.28811681270599365,0.29606160521507263,289.36,279.05333333333334,,
-94.33821381371294,34.4669841100195,0,-1,2018,59,-0.06327985739750445,0.5107390284538269,0.5139584541320801,292.46,278.16,12.100000000000001,25.0
-82.83902451409081,35.77891025195801,0,-1,2020,114,-0.13837638376383765,0.30595362186431885,0.30826717615127563,290.94666666666666,278.368,14.3,38.2
-76.3280397749518,37.45491284972051,0,-1,2020,38,0.14618885096700796,0.3507322669029236,0.3566141426563263,281.90000000000003,279.4066666666667,11.4,15.8
-77.08745425596781,36.047321635451205,0,-1,2017,74,0.05493879874750925,0.22500063478946686,0.23548580706119537,290.635,279.2733333333333,8.5,25.400000000000002
-89.63436881472292,33.972980156303784,0,-1,2019,83,-0.06696888522563363,0.33830684423446655,0.36572346091270447,292.04,278.4533333333333,12.100000000000001,38.300000000000004
-88.876893713218,36.276947110064675,0,-1,2017,120,0.10173448965977318,0.35197684168815613,0.320346862077713,301.44,290.28000000000003,20.3,41.2
-90.41134231944694,37.6012942279958,0,-1,2019,274,0.14638447971781304,0.1162232831120491,0.18563030660152435,304.17333333333335,293.79333333333335,15.8,36.4
-86.53993091259142,33.68871040861029,0,-1,2020,257,0.1550179211469534,0.11403203755617142,0.1899193972349167,301.21,293.868,12.8,43.800000000000004
-84.43394456684048,37.49244938185837,0,-1,2018,6,-0.07084309133489461,0.41469985246658325,0.42337706685066223,268.5133333333333,257.06,3.9000000000000004,7.300000000000001
-81.75825175781023,33.672900697292526,0,-1,2017,283,0.014527363184079602,0.11329241842031479,0.049088917672634125,301.40000000000003,289.47200000000004,18.2,40.1
-92.00535308644145,33.514722585578,0,-1,2018,97,0.07203266258384369,0.4284810721874237,0.43890663981437683,293.44666666666666,281.23,14.200000000000001,39.2
-93.00374219554145,36.3354281477428,0,-1,2020,45,-0.10684580934101087,0.40191516280174255,0.4320964217185974,276.76,270.8466666666667,8.5,11.3
-80.409337319254,34.36748701558695,0,-1,2019,132,0.07370669922173051,0.18839246034622192,0.0802045539021492,312.40000000000003,290.33,32.800000000000004,54.5
-82.54780956561021,33.93106068834451,0,-1,2018,54,0.18294270833333334,0.2880244553089142,0.2920413613319397,292.2,283.688,16.0,30.400000000000002
-84.92000449035619,30.081158183285137,0,-1,2020,194,0.19330933728562355,0.15718917548656464,0.09958866983652115,304.16,295.79,,
-83.42213844622448,31.724325340648253,0,-1,2020,336,0.06164892300074276,0.15069866180419922,0.13842706382274628,289.26,285.93333333333334,13.100000000000001,22.1
-82.54801137975691,30.750516021174434,0,-1,2020,24,0.1180842279108175,0.18416738510131836,0.09794783592224121,288.18,273.08,9.700000000000001,16.3
-77.64577868267475,37.35441550786119,0,-1,2018,337,0.04092471102780381,0.2687751054763794,0.25873759388923645,279.5866666666667,279.2,4.1000000000000005,9.1
-80.33956928832826,27.250667965447057,0,-1,2019,115,0.01411674933231591,0.07706285268068314,0.056147512048482895,305.628,290.9066666666667,,
-91.8990678195698,35.13146425540311,0,-1,2020,202,0.22193464898091234,0.250890851020813,0.32638978958129883,302.808,295.76,30.8,65.8
-82.42041654417285,34.78355585788664,0,-1,2018,134,0.08442650521358896,0.37418970465660095,0.40459221601486206,304.68285714285713,291.17,,
-84.81768058606171,33.506738741984385,0,-1,2018,85,-0.02251270878721859,0.44817686080932617,0.4639897346496582,292.33,276.46,13.4,30.3
-94.43419927938257,29.701466945546528,0,-1,2017,220,,0.43750885128974915,0.4184761941432953,304.64,296.6,,
-82.02324112199702,32.80913708784471,0,-1,2019,38,-0.1474630021141649,0.2427547127008438,0.25650155544281006,288.4566666666667,280.36,11.200000000000001,23.400000000000002
-93.45792766528731,36.5424101814586,0,-1,2020,37,-0.25295663600525625,0.5147488117218018,0.5469738841056824,286.08,275.42,9.1,12.700000000000001
-85.03844492801632,31.930765922073814,0,-1,2018,82,0.05391658189216684,0.20902512967586517,0.23822540044784546,292.245,279.92,16.7,34.5
-87.90913701774001,34.89726253842334,0,-1,2018,75,-0.07577579985566514,0.3795883357524872,0.4099646508693695,288.265,274.44,10.4,24.400000000000002
-84.14568903211129,33.25856467250434,0,-1,2019,63,-0.06875847375556847,0.48126593232154846,0.5074495077133179,282.44,281.53000000000003,11.8,19.6
-88.06061727468378,34.288510853485164,0,-1,2017,93,-0.02500534302201325,0.3183572292327881,0.35118094086647034,298.5333333333333,285.79,18.6,41.6
-83.25208545537899,36.86926518451725,0,-1,2020,115,-0.07692307692307693,0.40550318360328674,0.42952051758766174,291.9866666666667,277.7,11.8,33.7
-82.4377245208374,28.367394942975125,0,-1,2017,95,0.03254067584480601,0.16272582113742828,0.18307475745677948,310.1,289.3885714285714,20.400000000000002,52.900000000000006
-81.74123727252969,27.74483445236649,0,-1,2020,155,,0.2138233482837677,0.06799685209989548,302.14,294.52,,
-88.47185782056923,32.08729984587227,0,-1,2018,80,0.0597971169247197,0.3754584789276123,0.3848377764225006,288.255,278.5933333333333,15.9,30.200000000000003
-92.78032584796651,33.92414611439269,0,-1,2018,138,0.32730794060684315,0.23783409595489502,0.25906306505203247,301.335,293.81333333333333,37.9,54.7
-84.38035452357977,36.516190877958316,0,-1,2018,43,-0.23136746597537264,0.37673187255859375,0.40583863854408264,276.1,274.2733333333333,,
-86.61866406774186,31.6681135180159,0,-1,2017,121,0.22614975294564804,0.25902697443962097,0.2935550808906555,298.94,287.0,37.9,59.900000000000006
-81.12955553594118,28.026876564342736,0,-1,2019,54,-0.10520897673460984,0.13542728126049042,0.08166705071926117,301.0,291.956,,
-81.12704548865756,29.14330621707584,0,-1,2019,110,0.17532725109083697,0.13374771177768707,0.06860341876745224,298.00666666666666,288.86,29.3,58.900000000000006
-85.00568792334715,30.534050971125275,0,-1,2019,20,0.05390279823269514,0.29633858799934387,0.23501695692539215,287.36,278.95,,
-91.1795003487455,32.828249088407226,0,-1,2018,16,-0.026934097421203437,0.24846471846103668,0.3129105865955353,282.78000000000003,275.09000000000003,,
-87.77988016961709,37.34420577572279,0,-1,2020,94,-0.13481404958677687,0.38052046298980713,0.41847801208496094,293.24,275.68,11.8,34.2
-83.34445363190062,32.62081144852187,0,-1,2018,34,-0.09210206561360874,0.1812271624803543,0.19689057767391205,284.52,277.33,7.1000000000000005,18.900000000000002
-84.84155258925978,35.70601653251908,0,-1,2017,14,0.00843644544431946,0.3940087556838989,0.41506218910217285,272.4666666666667,283.5,9.3,12.700000000000001
-89.88515824550595,36.06440953192173,0,-1,2019,233,0.23395445134575568,0.2697112560272217,0.28766316175460815,303.89,294.7,31.900000000000002,49.0
-79.02992446209267,34.117877532918044,0,-1,2020,261,0.23174752708431465,0.3884529173374176,0.24392691254615784,298.12,293.29,26.8,39.900000000000006
-90.45980001895877,36.64698725918678,0,-1,2017,63,0.02249093107617896,0.2958478629589081,0.3315305709838867,287.6,274.964,,
-78.24811637874004,34.95509197623063,0,-1,2018,66,-0.05345074749129634,0.2456817328929901,0.2292051464319229,287.87333333333333,275.94,,
-84.96958699633763,34.98042982594313,0,-1,2019,44,,0.45812875032424927,0.4719819128513336,282.58,,,
-92.97843036784853,31.336952895785892,0,-1,2020,108,0.3251675525768431,0.3997915983200073,0.3993481695652008,293.68,288.48,,
-82.72069738754034,36.96474448113909,0,-1,2018,12,,0.30634644627571106,0.261207640171051,275.16,256.56,6.4,7.9
-83.86676409593402,37.65277907929705,0,-1,2018,284,0.11898197242841993,0.31230759620666504,0.3313390612602234,299.65500000000003,292.925,12.8,27.200000000000003
-79.15405261082405,35.679941826062816,0,-1,2019,105,0.19080779944289694,0.3554393947124481,0.3711993992328644,290.32,288.55333333333334,23.700000000000003,45.2
-84.95591261911105,36.615726519692146,0,-1,2019,274,0.31982078088329424,0.1852540373802185,0.26442670822143555,300.168,295.05,21.5,40.5
-89.85202855940416,35.91952395473486,0,-1,2020,361,0.04600585529067336,0.26638323068618774,0.3037433624267578,280.08,270.9866666666667,3.9000000000000004,8.200000000000001
-92.07498445956645,32.772930534221594,0,-1,2017,116,0.1712666788521294,0.2477579265832901,0.2763933539390564,301.02,290.265,,
-89.38764680363984,32.63033134913851,0,-1,2020,44,0.05365853658536585,0.40619295835494995,0.4215988516807556,287.42,277.98,10.100000000000001,17.3
-92.4207529603554,35.81899634411553,0,-1,2020,327,-0.035916824196597356,0.34284284710884094,0.33938589692115784,289.86400000000003,281.0366666666667,5.5,17.2
-82.20399531200871,33.2026030534193,0,-1,2018,308,0.15318744053282587,0.17788179218769073,0.17892003059387207,295.16333333333336,281.91333333333336,16.7,24.8
-83.03981141283751,36.51313070341305,0,-1,2017,50,-0.15963060686015831,0.30205103754997253,0.3234386146068573,284.86,274.744,8.6,21.8
-84.22987763153546,30.662137546724058,0,-1,2017,22,-0.04130808950086059,0.32788562774658203,0.3134973645210266,292.5,286.38,10.0,22.200000000000003
-94.31076459234626,34.21611376317131,0,-1,2018,53,,0.47361239790916443,0.46527937054634094,,,,
-93.36618051388307,31.74217536078026,0,-1,2020,94,0.24874855602618406,0.43349897861480713,0.44350242614746094,296.2733333333333,283.1,,
-87.0951851145548,37.51981415365591,0,-1,2020,361,-0.05564316287452129,0.30984026193618774,0.3376789093017578,281.2266666666667,275.16,,
-89.38857477731938,31.973948921888123,0,-1,2018,32,0.013121924548933843,0.26533737778663635,0.27077794075012207,286.035,273.84000000000003,6.6000000000000005,17.1
-82.83971841454596,31.493808480160993,0,-1,2020,95,0.13407606607760278,0.1648043990135193,0.16352008283138275,299.376,288.5733333333333,19.0,45.5
-80.66024244320043,26.14729475659745,0,-1,2018,153,,0.8035405278205872,0.9221287369728088,301.06,,,
-90.24612720799668,31.15725488430495,0,-1,2018,138,0.20533246626564786,0.17911827564239502,0.21273736655712128,303.776,292.70285714285717,43.800000000000004,60.7
-87.42855794988448,32.949048861842584,0,-1,2019,42,,0.3465551733970642,0.35743454098701477,,291.06,8.6,15.200000000000001
-81.32032151407213,36.80121877092188,0,-1,2017,100,0.057623661397246305,0.25314390659332275,0.3096691071987152,296.65000000000003,278.33,9.600000000000001,45.7
-80.65269813931718,36.816732717382735,0,-1,2019,359,0.08299551952208235,0.18355026841163635,0.178619846701622,278.23,267.83,5.4,13.9
-92.49799388769868,33.65620404837094,0,-1,2017,136,0.020780537252914344,0.2620733380317688,0.3012295663356781,300.144,289.444,23.400000000000002,59.7
-89.53554886312014,34.89975223309895,0,-1,2019,60,-0.12349329088014556,0.35318800806999207,0.384553998708725,289.08,277.02,9.8,21.200000000000003
-81.52906604852481,27.192821388152645,0,-1,2020,102,-0.08613643508330714,0.06489250808954239,0.06872402131557465,307.77,289.94,20.1,51.800000000000004
-86.86874899424846,37.216103834181375,0,-1,2020,320,0.011108592155973701,0.3045388162136078,0.3304430842399597,291.4866666666667,281.88,10.0,20.6
-83.93411231316577,34.49045774546808,0,-1,2020,31,-0.14643496038844875,0.30068692564964294,0.28000229597091675,284.79333333333335,275.3,5.4,13.200000000000001
-81.32766333134529,27.183036221650557,0,-1,2020,116,-0.04200107009095773,0.12271121889352798,0.04306717589497566,302.16,294.32,9.4,47.400000000000006
-85.839024603045,32.02425922074958,0,-1,2017,252,0.26105309931126414,0.1641445904970169,0.23804756999015808,299.764,291.23333333333335,32.1,50.0
-80.87549706448827,25.66250999267792,0,-1,2020,86,-0.17357222844344905,0.2737417221069336,0.660615861415863,302.305,289.555,,
-92.39693688220389,34.19935501931547,0,-1,2019,122,0.3308191912843076,0.40695905685424805,0.416668176651001,297.68,287.49,34.1,44.7
-82.80325352469251,35.91919913274645,0,-1,2020,45,,0.38030871748924255,0.4065837264060974,274.86,,8.5,14.200000000000001
-81.29624955948802,32.86198787239602,0,-1,2020,9,0.07304657673708323,0.2625986933708191,0.2688084542751312,286.495,277.955,9.4,14.8
-90.76307424276845,37.00027737827309,0,-1,2018,356,-0.15542857142857142,0.23595798015594482,0.2586958408355713,282.74,275.77,5.9,11.100000000000001
-83.11855253906215,33.60797083911133,0,-1,2020,311,0.13179190751445086,0.28611475229263306,0.3036869764328003,289.44,282.0,9.5,29.900000000000002
-90.30674864627764,36.13003683022465,0,-1,2017,18,-0.05588993981083405,0.34129488468170166,0.35767969489097595,,,5.9,10.100000000000001
-94.22475245862996,37.020414873632745,0,-1,2018,135,0.24568108851857515,0.24249807000160217,0.2529183626174927,300.90000000000003,289.06666666666666,26.1,48.5
-77.18883491236308,35.55346479965899,0,-1,2019,99,0.022550389143883458,0.3040134608745575,0.27695798873901367,296.06,281.86,20.0,34.9
-86.06340242136163,30.56239002413799,0,-1,2018,286,0.08959835221421215,0.15752165019512177,0.0828472450375557,301.884,292.496,18.2,40.0
-81.63214682268983,32.8688873674986,0,-1,2017,145,0.04936667749269243,0.2610246539115906,0.3275662362575531,303.45,293.6,19.5,56.300000000000004
-79.3018884966078,36.69859193235019,0,-1,2017,14,,0.2911034822463989,0.29055047035217285,264.2,,,
-90.78268659920255,31.33675618627121,0,-1,2018,105,0.24096634317571752,0.35161349177360535,0.37327486276626587,293.40500000000003,282.96,29.6,52.400000000000006
-91.83521602746355,30.787091465818445,0,-1,2018,190,0.2491627595445412,0.22421638667583466,0.22998695075511932,301.49,295.14,30.8,54.1
-87.03230769771353,33.10751143794781,0,-1,2017,6,0.16975425330812854,0.2661879360675812,0.28063902258872986,284.12,276.17,6.2,9.3
-80.17263324975126,35.83963218140656,0,-1,2020,144,0.26902126164118784,0.34953945875167847,0.34554752707481384,300.12,288.24,25.900000000000002,42.7
-86.47945140621204,35.346437619728746,0,-1,2019,42,-0.14587332053742802,0.4869360327720642,0.5150272846221924,,284.54,7.7,10.4
-81.70327616692506,33.49399710508337,0,-1,2017,96,0.053215533182658724,0.18833503127098083,0.14860409498214722,303.8866666666667,288.95,15.0,42.0
-85.57145524484483,34.39702404666339,0,-1,2020,154,0.29618393741018684,0.2782945930957794,0.30890828371047974,299.02,290.86,35.1,57.7
-93.55990093408946,31.64774353091255,0,-1,2017,256,0.3294657964708726,0.3060077726840973,0.3392232656478882,297.8885714285714,288.86,42.300000000000004,57.2
-80.3679254320267,27.650249385265372,0,-1,2018,90,0.04872280037842952,0.08054473996162415,0.050559964030981064,299.26,290.28000000000003,14.100000000000001,53.6
-82.68040378700442,36.870142281127706,0,-1,2018,77,-0.10176619007569386,0.28438910841941833,0.3174903690814972,283.49,266.24,11.100000000000001,25.700000000000003
-88.3461177230927,35.7334106924429,0,-1,2020,207,0.2054334126872987,0.20195555686950684,0.23825110495090485,301.76,294.24,,
-89.16318603084073,36.59800112894785,0,-1,2020,354,-0.1628185907046477,0.3298950791358948,0.3126262426376343,279.16,269.16,,
-80.45583440946426,34.19244454071513,0,-1,2018,85,-0.0964696998300925,0.20568418502807617,0.2175908088684082,288.6466666666667,276.44,,
-89.5427263021,32.836930940474005,0,-1,2017,77,-0.004517100451710045,0.315336138010025,0.3417638838291168,282.63,273.08,11.5,36.7
-83.39595028347127,34.80303867603371,0,-1,2020,12,0.0034207525655644243,0.29654043912887573,0.2831014096736908,284.808,276.1666666666667,5.1000000000000005,10.200000000000001
-92.71031866273263,30.663535932133428,0,-1,2019,53,,0.3699556291103363,0.3749274015426636,,289.96,14.0,23.400000000000002
-90.04930553932398,33.546669334505786,0,-1,2020,79,-0.007941618373041425,0.37649083137512207,0.398992121219635,292.58,,,
-77.22601675512915,35.131181576290416,0,-1,2019,246,0.36903319602616913,0.2366786003112793,0.2745475471019745,302.585,291.895,41.900000000000006,54.300000000000004
-90.58518522938756,32.55009377325789,0,-1,2019,128,0.4332096474953618,0.36782562732696533,0.3783784806728363,292.78000000000003,287.84000000000003,31.900000000000002,45.5
-90.76169776357182,31.497744502443137,0,-1,2017,103,0.2136279926335175,0.272576242685318,0.30346986651420593,295.4866666666667,285.0866666666667,28.6,50.6
-84.1531493693733,31.188666649040673,0,-1,2018,154,,0.1914605349302292,0.19603484869003296,305.2,295.36,18.1,52.300000000000004
-86.85251555001292,34.00172228096181,0,-1,2019,98,0.18232853307298022,0.30235469341278076,0.2257850617170334,293.0133333333333,280.40000000000003,30.8,43.2
-85.10609668019887,34.25519718044168,0,-1,2019,106,0.25583250249252243,0.34770649671554565,0.3744278848171234,296.68666666666667,284.71,24.6,47.7
-81.9351110087683,28.85046931366058,0,-1,2018,127,0.0706824512534819,0.07923442125320435,0.046543095260858536,307.88,291.904,13.0,55.0
-94.23926330882466,35.92238564406659,0,-1,2017,2,-0.17383669885864794,0.2555864453315735,0.30229517817497253,283.78000000000003,272.25333333333333,6.0,10.9
-79.4976655345947,35.765012581267904,0,-1,2017,74,-0.0490725522423104,0.36019352078437805,0.3847167491912842,294.8,274.37333333333333,7.5,33.0
-93.46693187363594,34.934270029452044,0,-1,2019,33,0.005318017443097213,0.3961156904697418,0.4250957667827606,280.835,272.93,9.3,15.200000000000001
-88.9360084816856,36.72804526645969,0,-1,2017,153,0.015882183078255847,0.2476811707019806,0.32548025250434875,302.485,289.28000000000003,19.6,54.5
-93.08763327037633,32.99163575147083,0,-1,2020,35,0.06538580725131701,0.4251250624656677,0.41799744963645935,286.45,276.68,8.6,16.2
-90.99081424438202,36.992071526075726,0,-1,2017,137,0.37637104356001255,0.30832380056381226,0.3195011615753174,300.445,288.195,,
-82.69034726236954,34.95917999429498,0,-1,2018,43,-0.09825750242013553,0.37050628662109375,0.35188356041908264,286.0733333333333,273.33,,
-87.12078766471102,31.45654066039968,0,-1,2020,158,0.3121551580003344,0.33499473333358765,0.36010459065437317,302.695,293.22,,
-81.11950344742075,26.10428450174346,0,-1,2017,84,-0.06998000571265353,0.07277415692806244,0.08914764970541,299.844,286.9371428571429,,
-82.43982027523147,37.248864523120005,0,-1,2017,52,-0.21123110151187904,0.22629320621490479,0.25444936752319336,286.90000000000003,274.9866666666667,8.4,22.0
-81.76459514793052,27.362878192497863,0,-1,2017,101,-0.13665238587679127,0.05123515799641609,0.034296050667762756,308.85333333333335,286.024,8.4,58.7
-82.0952786783677,29.811061017756032,0,-1,2020,339,0.17081260364842454,0.13445018231868744,0.05771081894636154,293.52,286.06666666666666,9.700000000000001,18.7
-81.96004963004108,33.58922282271348,0,-1,2017,20,-0.03927986906710311,0.1663546860218048,0.0968141257762909,290.3666666666667,285.5733333333333,,
-81.36423821500618,32.26285217124828,0,-1,2020,115,0.21270452358036573,0.22013939917087555,0.13765041530132294,297.485,286.53000000000003,34.1,57.0
-84.98528837009823,29.906326324776877,0,-1,2019,42,0.17475192943770673,0.2189916968345642,0.17255905270576477,290.7733333333333,286.9666666666667,15.700000000000001,26.400000000000002
-81.15423124070932,35.108168392919616,0,-1,2017,132,0.3305578684429642,0.3860229253768921,0.3951013684272766,297.325,285.58,58.6,67.10000000000001
-89.9456152947384,31.51047575368817,0,-1,2019,78,0.2260596546310832,0.24656495451927185,0.2308425009250641,291.68,278.68,12.3,33.2
-86.87846024851339,36.39188834469224,0,-1,2018,121,0.17847124824684432,0.3567354679107666,0.39780718088150024,297.188,281.435,45.1,54.0
-86.49062571731817,35.07791799160377,0,-1,2020,62,-0.02771778257739381,0.42370614409446716,0.4407064616680145,286.1,273.32,10.600000000000001,17.6
-86.27138129903928,36.801596255640796,0,-1,2018,48,,0.4457973539829254,0.4455759525299072,,271.86,,
-90.69192884026077,34.32201851303678,0,-1,2020,123,0.32715906459828664,0.39181146025657654,0.4223257601261139,295.9533333333333,287.79200000000003,39.400000000000006,56.2
-90.25016362589183,37.61166031092302,0,-1,2019,351,0.5401574803149606,0.29012346267700195,0.28067681193351746,275.43,267.87333333333333,4.7,6.2
-94.00108726835869,30.08205106695722,0,-1,2020,183,,0.21139325201511383,0.2896649241447449,300.84000000000003,,30.900000000000002,41.7
-81.37817870745353,29.89901414227678,0,-1,2017,25,0.27692307692307694,0.11901912093162537,0.07237473130226135,295.19,286.87,13.9,26.700000000000003
-81.76782148038448,31.216009663674463,0,-1,2019,47,0.0909945920526687,0.3433417081832886,0.3668487071990967,291.29,280.6066666666667,14.3,24.900000000000002
-77.84690629080009,34.3283312236844,0,-1,2018,67,-0.032516703786191536,0.22749529778957367,0.21798017621040344,287.204,277.624,10.200000000000001,23.6
-78.59669657225895,36.6700928503362,0,-1,2019,142,0.4056013179571664,0.27209681272506714,0.33178019523620605,298.83,289.24,45.6,67.2
-91.33448789778384,32.753940000363166,0,-1,2018,245,,0.20230261981487274,0.282245397567749,310.04,296.02500000000003,,
-84.1417664855125,33.06856032315773,0,-1,2018,91,0.027313148422612746,0.4265407621860504,0.45014750957489014,295.92,282.86,14.100000000000001,42.0
-81.35359903460822,31.85277508777576,0,-1,2017,248,0.248,0.3888373374938965,0.7396706342697144,300.18,296.75,27.6,39.1
-92.25118189383734,35.8584544928528,0,-1,2019,43,-0.06756756756756757,0.39317554235458374,0.41158929467201233,,,7.9,11.5
-85.66720151263496,31.367175916038324,0,-1,2017,189,0.29218865143699335,0.18731079995632172,0.0955873653292656,302.24,296.54400000000004,39.6,64.0
-81.99714152562856,35.63674561268979,0,-1,2018,85,-0.12062577192260189,0.35686826705932617,0.3569340705871582,287.435,274.2,11.200000000000001,26.5
-80.47801306079803,34.467384509350104,0,-1,2020,26,-0.03545673076923077,0.19128870964050293,0.10557084530591965,284.3,272.61333333333334,7.300000000000001,16.2
-80.89871140049657,37.580143662201586,0,-1,2020,220,0.28989465470152165,0.26854392886161804,0.2944600284099579,296.59000000000003,290.32,39.400000000000006,61.6
-93.98211775019281,35.498405058180666,0,-1,2017,188,0.29922871084527,0.18705253303050995,0.24265170097351074,304.37333333333333,295.028,65.8,79.0
-92.80934931511707,31.610900397706992,0,-1,2020,114,0.3236380424746076,0.42314112186431885,0.45243221521377563,295.1,284.87333333333333,29.700000000000003,51.1
-81.2447064798908,37.29776261975055,0,-1,2017,24,-0.11542669584245077,0.3607191741466522,0.34453028440475464,,,,
-91.79379430823144,33.211350363517504,0,-1,2018,360,-0.06376740776936232,0.3213789165019989,0.33943045139312744,285.075,278.44666666666666,6.800000000000001,11.600000000000001
-81.26380758630721,27.669769351067814,0,-1,2018,108,-0.021603068847163336,0.0871412605047226,0.05172673985362053,303.94,286.84000000000003,13.0,55.0
-94.20541911884249,30.71594189581176,0,-1,2018,73,0.1592851592851593,0.2880413830280304,0.2777998447418213,290.335,279.2,23.8,39.400000000000006
-90.41541602744633,33.59194201645871,0,-1,2018,355,-0.14079942383867483,0.48731544613838196,0.5076006054878235,288.3,280.095,,
-86.93470753210278,34.98740050692529,0,-1,2020,256,0.21229811247324382,0.19801968336105347,0.24657592177391052,300.872,292.9114285714286,35.2,54.900000000000006
-79.78203033895704,35.496398996017994,0,-1,2019,189,0.24015690832485834,0.29085859656333923,0.3087632358074188,303.335,,,
-86.62673623671805,32.23703923048715,0,-1,2020,147,0.2812933025404157,0.24873661994934082,0.28035426139831543,301.67,,38.2,62.300000000000004
-85.71655034569255,32.72586029792569,0,-1,2017,90,-0.014651105040973429,0.2676599621772766,0.29429587721824646,297.3066666666667,289.4866666666667,27.900000000000002,43.0
-93.2505553476707,31.71245007390924,0,-1,2019,46,0.135498320268757,0.42845097184181213,0.4436102509498596,289.86,281.97,11.600000000000001,20.8
-91.06717033928719,34.97421142811943,0,-1,2017,98,0.015029853819229977,0.26542651653289795,0.34028249979019165,298.87,283.80333333333334,,
-93.96664683203372,31.476178393558932,0,-1,2019,325,0.12863070539419086,0.25422099232673645,0.24964648485183716,288.344,278.668,10.0,22.200000000000003
-93.42211598442769,30.98839312124621,0,-1,2019,20,0.2651538700652782,0.33137276768684387,0.32827866077423096,279.97,,7.6000000000000005,16.0
-87.22475541144524,34.48874944548421,0,-1,2018,62,-0.027320034692107545,0.4566498100757599,0.47883567214012146,289.7866666666667,278.19,10.0,26.1
-80.85262613861099,36.17317158275429,0,-1,2018,76,-0.14686014510883164,0.40844854712486267,0.423155814409256,287.27,275.7866666666667,10.8,29.200000000000003
-81.34324220388463,37.38205094672461,0,-1,2018,101,-0.18402471315092675,0.25210896134376526,0.26853182911872864,285.345,273.1,10.600000000000001,35.5
-90.17215483217716,35.398707611217056,0,-1,2020,104,0.1811949069539667,0.4995230436325073,0.533280611038208,291.925,289.06,,
-94.3292694011251,36.405919608704984,0,-1,2020,140,0.30307510348905975,0.3465655446052551,0.38054129481315613,,284.84000000000003,,
-83.53184093501228,33.76205056450067,0,-1,2017,102,0.12001381453980314,0.3935196101665497,0.40619775652885437,298.436,280.764,17.3,49.7
-77.43481471614929,36.16634243159775,0,-1,2018,122,0.14506839452843773,0.14822690188884735,0.15315395593643188,299.3366666666667,284.928,25.400000000000002,48.6
-85.71123460991342,35.416522333639065,0,-1,2017,146,0.23836838750796685,0.25297293066978455,0.2694568336009979,298.59000000000003,288.9666666666667,28.900000000000002,53.0
-79.89207414632875,36.77984031213544,0,-1,2018,92,-0.07720301533662595,0.4178085923194885,0.42630964517593384,288.51,276.0,9.9,32.5
-92.05117988195789,35.834098331982744,0,-1,2018,112,2.1272069772388852E-4,0.3609396517276764,0.35921216011047363,294.132,281.192,14.200000000000001,41.6
-78.2016838937173,36.784185707831504,0,-1,2020,60,0.1259463179628355,0.4276442527770996,0.4434490501880646,282.80400000000003,272.43,7.0,21.200000000000003
-89.65149204811617,32.42072662797812,0,-1,2019,64,-0.029838022165387893,0.4692990481853485,0.49565500020980835,288.22,,14.0,23.6
-82.57954625257105,27.54381479632635,0,-1,2018,99,0.015477214101461736,0.09532608091831207,0.059425678104162216,301.0933333333333,291.60400000000004,21.0,52.800000000000004
-83.8316713288345,30.645965858290875,0,-1,2018,316,0.08152994464016104,0.15413838624954224,0.16762027144432068,287.42,282.26,9.9,20.8
-85.37850504205629,35.63866084964311,0,-1,2018,285,0.094331641285956,0.19724848866462708,0.2182493805885315,295.48,289.872,12.9,30.900000000000002
-88.36585238169444,34.75754620755889,0,-1,2017,177,0.2999581064097193,0.15563620626926422,0.224439799785614,295.19,289.1,48.900000000000006,65.10000000000001
-85.77165523711017,37.12808429075656,0,-1,2020,360,-0.00691663633054241,0.37757253646850586,0.38579100370407104,279.90000000000003,274.58,4.4,7.1000000000000005
-94.18241445033958,36.89481467265788,0,-1,2018,92,0.05563186813186813,0.2868271470069885,0.27738386392593384,291.74,,11.0,23.200000000000003
-91.02778581293089,35.24101920506361,0,-1,2020,213,0.2460456942003515,0.21511150896549225,0.22269724309444427,302.432,296.4533333333333,28.1,65.3
-90.06963208392226,35.42940486999256,0,-1,2019,260,0.06898386238694804,0.06662165373563766,0.1813012659549713,308.3266666666667,295.96,10.200000000000001,55.0
-88.88798418228558,32.33029434011716,0,-1,2019,317,0.19099337748344372,0.30908772349357605,0.3308442234992981,290.81333333333333,276.545,7.1000000000000005,19.1
-82.68426961791019,30.048812167601078,0,-1,2020,57,-0.07117255504352278,0.24961036443710327,0.19334164261817932,293.16,281.5933333333333,12.5,30.0
-85.62340065196895,30.96519796172498,0,-1,2019,166,,0.3715631067752838,0.7631961703300476,303.7066666666667,293.32,,
-80.41569027995425,37.56393652696019,0,-1,2017,249,0.3367098105421122,0.23761799931526184,0.2494083046913147,294.87,285.90000000000003,25.8,36.9
-78.13172603337055,36.31026807265387,0,-1,2018,80,0.08530216364088535,0.3786323070526123,0.3603016436100006,284.885,273.02,8.1,26.700000000000003
-80.21953039497048,36.588285011702105,0,-1,2020,75,-0.20264900662251656,0.455020546913147,0.4626852571964264,290.895,279.1333333333333,14.200000000000001,24.900000000000002
-84.6430696527054,36.73026437307126,0,-1,2020,347,-0.04386484884410195,0.27874696254730225,0.31020045280456543,283.24,276.9666666666667,5.300000000000001,8.8
-89.58058245991633,35.28739330097138,0,-1,2018,59,0.039337474120082816,0.4249235987663269,0.4376644790172577,292.6,279.46,10.8,24.900000000000002
-76.6786411447971,36.0811194979584,0,-1,2020,68,-3.8066235249333843E-4,0.29886695742607117,0.31941497325897217,286.45,277.55,10.5,22.200000000000003
-94.39540918425658,35.942457208757375,0,-1,2020,41,0.03414634146341464,0.4788905680179596,0.5093370079994202,,272.47,7.7,10.8
-82.77739670249858,34.84271916035399,0,-1,2018,340,-0.003360537686029765,0.3002749979496002,0.30755650997161865,284.18,280.66,5.300000000000001,10.5
-86.42830003778717,36.46431179853685,0,-1,2018,311,0.029363110008271298,0.3558310866355896,0.36029163002967834,292.12,,8.0,15.8
-86.22279430948723,31.859825668855443,0,-1,2017,19,-0.11897464474784063,0.20107069611549377,0.18061195313930511,295.29,286.476,10.3,18.0
-83.24270329061301,37.0573894808362,0,-1,2018,281,0.23766816143497757,0.27428683638572693,0.3248820900917053,298.5333333333333,292.25,17.900000000000002,27.1
-92.95559022585445,31.102516494773543,0,-1,2020,338,-0.056189451022604954,0.3533545434474945,0.34872400760650635,284.28000000000003,279.096,6.800000000000001,16.900000000000002
-87.50314823502282,33.96156577045616,0,-1,2019,319,-0.1064057893326186,0.16766978800296783,0.16675801575183868,289.56,271.78000000000003,6.6000000000000005,20.1
-79.96512624920125,35.43097516828484,0,-1,2018,137,0.41065482796892344,0.22970817983150482,0.21843591332435608,299.605,291.66,,
-86.66736885142846,37.272443393609294,0,-1,2019,70,-0.16127711829717561,0.4302655756473541,0.45950809121131897,276.32,276.07,10.9,17.900000000000002
-86.87487300346457,33.90460310424835,0,-1,2019,24,-0.017299107142857144,0.3729698657989502,0.38310638070106506,279.47,,6.6000000000000005,11.3
-91.88000747707227,36.51645543869491,0,-1,2020,77,-0.17268915951287683,0.453546404838562,0.46091151237487793,,278.49,,
-88.46858954787558,35.96523848081976,0,-1,2018,42,-0.06307339449541284,0.4021157920360565,0.4339911639690399,279.56,,9.600000000000001,12.600000000000001
-90.52185164628477,33.62396194299125,0,-1,2017,258,-0.11028958718422674,0.3118995428085327,0.3625793755054474,303.1466666666667,290.4733333333333,9.9,45.900000000000006
-81.94651877449303,35.24230727182154,0,-1,2020,80,-0.03366931160197298,0.3241759240627289,0.3216747045516968,301.22,284.72,16.1,26.1
-78.68404051154984,37.52677900671611,0,-1,2018,73,,0.3747113049030304,0.3883955478668213,278.15000000000003,270.79333333333335,,
-89.83193081217384,33.40958482203323,0,-1,2018,221,0.16266666666666665,0.11220796406269073,0.18740203976631165,302.90000000000003,294.6533333333333,26.3,58.0
-81.29441517199606,32.29003270207441,0,-1,2018,340,-0.017973856209150325,0.16624179482460022,0.10110508650541306,285.47,279.916,6.7,14.100000000000001
-91.99328883535996,33.32608323282482,0,-1,2017,114,0.27420520231213874,0.23409324884414673,0.2882566452026367,300.40000000000003,291.14,,
-92.18725905361677,36.24070413463276,0,-1,2017,160,0.28130419701699616,0.3515218198299408,0.3675828278064728,295.78400000000005,289.725,60.0,71.7
-82.38654635491284,35.47483805281132,0,-1,2020,19,-0.059293394777265744,0.34490910172462463,0.37360680103302,283.0,278.96,5.7,12.100000000000001
-76.94949414405441,34.794264019689734,0,-1,2019,111,0.1616206589492431,0.22397401928901672,0.21841269731521606,296.745,285.98,33.300000000000004,51.0
-89.57617267301752,37.586869297700815,0,-1,2018,152,0.3335254286125918,0.3128069341182709,0.3357834219932556,304.6,296.1466666666667,42.900000000000006,61.0
-81.23547948165513,34.45792129427885,0,-1,2018,244,0.29060045604256396,0.11418098211288452,0.17914949357509613,301.5657142857143,294.335,24.5,51.0
-86.72238320885428,36.6489501869047,0,-1,2017,100,0.15254798146922569,0.32919371128082275,0.3827892243862152,295.228,278.37,15.700000000000001,43.800000000000004
-85.94496798352232,33.89920008884585,0,-1,2017,65,-0.09787234042553192,0.2618389129638672,0.2848595678806305,289.46500000000003,276.5866666666667,10.8,30.200000000000003
-90.85178732199448,35.877585798189266,0,-1,2019,184,-0.05026109660574413,0.1859489530324936,0.28269660472869873,306.72,295.73333333333335,19.5,50.1
-82.49684534844361,34.41308761030424,0,-1,2017,105,0.06209343583678297,0.3844299912452698,0.4140003025531769,298.63714285714286,283.0,33.6,55.900000000000006
-92.57478469198229,35.376609664142876,0,-1,2020,65,-0.054715219421101774,0.27980515360832214,0.27986401319503784,290.115,274.105,10.9,25.8
-84.95753665527442,37.45149970525144,0,-1,2017,335,-0.14935375777884155,0.23570366203784943,0.2759062945842743,287.42571428571426,275.49428571428575,5.2,15.8
-83.1017866633763,34.238314540075905,0,-1,2018,63,0.01712526457571676,0.4565622806549072,0.47792813181877136,292.69,279.7733333333333,11.8,26.1
-87.49584495852918,30.917236917443347,0,-1,2018,280,0.24739022369511185,0.20133894681930542,0.22645628452301025,302.6085714285714,293.644,26.700000000000003,46.6
-82.88191947906982,30.254712145263568,0,-1,2017,190,0.25228869491164574,0.1832655668258667,0.076265849173069,303.79200000000003,295.90000000000003,42.2,63.1
-86.10839632161256,31.921983898413608,0,-1,2018,138,0.21213330672520456,0.13907921314239502,0.13748101890087128,305.37,292.38,,
-92.24664299513336,32.778722750758945,0,-1,2020,267,0.1996119330584526,0.3520263433456421,0.32407552003860474,299.46,291.06,15.9,40.6
-92.31809206770541,32.62854543564652,0,-1,2017,157,0.3854067441417413,0.3545149266719818,0.35213735699653625,,,39.900000000000006,60.0
-93.91060737413143,29.963192606373088,0,-1,2017,274,0.20464923204649232,0.30287569761276245,0.3720959722995758,305.67,296.12666666666667,33.4,50.800000000000004
-84.8728384912404,36.41027930669494,0,-1,2019,144,0.30368968779564803,0.23032622039318085,0.30970242619514465,299.76,290.288,38.1,59.1
-87.94112959009672,34.48671965007979,0,-1,2020,92,0.0713894467774329,0.3550882637500763,0.3826694190502167,295.135,280.97,18.8,37.6
-88.06831677878904,30.878539148094966,0,-1,2019,127,0.2459016393442623,0.36198368668556213,0.40231233835220337,301.652,290.616,39.300000000000004,58.6
-79.73400797351447,35.56226602245102,0,-1,2018,138,0.3864406779661017,0.372172474861145,0.35598689317703247,303.11,289.82,,
-88.19607083242519,37.19266605868289,0,-1,2018,135,0.3425954198473282,0.3335014879703522,0.3492928743362427,300.13599999999997,289.2,33.9,55.300000000000004
-83.51754343831725,35.28490961953171,0,-1,2017,24,-0.16916973646925473,0.24694962799549103,0.26603907346725464,286.53000000000003,277.35,7.1000000000000005,14.200000000000001
-91.96554528004425,34.077709398280405,0,-1,2018,101,0.06800286327845383,0.37088337540626526,0.39731600880622864,289.72,276.54,13.5,38.5
-94.2958611955436,34.89559598804013,0,-1,2020,259,0.3004026845637584,0.4422037601470947,0.47276875376701355,297.74,294.075,,
-77.87620805014417,35.80753125875986,0,-1,2017,101,0.028333333333333332,0.1352347880601883,0.13288308680057526,298.1066666666667,282.47,9.9,45.1
-90.15022593174407,36.26558764351025,0,-1,2018,53,,0.25596103072166443,0.26764753460884094,280.26,274.48,,
-82.36648334472643,36.89793265539307,0,-1,2018,36,-0.037077725899478164,0.25862374901771545,0.2604827582836151,281.1,266.02,,
-90.6717966052997,32.697874450367244,0,-1,2017,44,-0.1498401096391046,0.3810428977012634,0.4414187967777252,289.56,,,
-86.12154397211123,32.24795549171764,0,-1,2020,42,-0.015414258188824663,0.394010990858078,0.3702874481678009,287.16,277.27,,
-92.96054828757237,30.688712177499177,0,-1,2019,251,0.12350739618606309,0.10974949598312378,0.19837899506092072,304.08,297.2057142857143,29.400000000000002,53.6
-89.19523789952554,36.86828702590186,0,-1,2019,172,-0.07025365103766333,0.2693042755126953,0.23599077761173248,304.01,292.06666666666666,24.700000000000003,46.1
-90.42403480064232,36.97614345546663,0,-1,2017,152,0.36619718309859156,0.2697051465511322,0.2904003858566284,300.8866666666667,287.09000000000003,,
-81.64649753621438,31.836375865671837,0,-1,2018,140,0.15515212640779963,0.18152889609336853,0.09968140721321106,304.89,,28.400000000000002,35.6
-79.61284698526978,35.80832244218753,0,-1,2019,220,0.2396806522846951,0.22735410928726196,0.26753154397010803,302.5466666666667,291.7,45.0,60.800000000000004
-89.8348607919617,29.90844735023657,0,-1,2020,127,0.1377551020408163,0.2389715015888214,0.30978620052337646,300.91,290.7657142857143,18.2,64.8
-90.84903394921733,37.23634810573824,0,-1,2017,43,-0.2396995219667653,0.22902582585811615,0.2555643320083618,288.67333333333335,277.79333333333335,5.0,21.200000000000003
-84.43888357445246,34.001141352254685,0,-1,2020,326,0.05568720379146919,0.3145849406719208,0.3289475440979004,291.40285714285716,281.27,,
-78.50853416127403,37.483231861300595,0,-1,2020,20,-0.06260242543428385,0.34148868918418884,0.3511033058166504,275.28000000000003,275.735,4.1000000000000005,10.4
-90.63371416524996,31.67159505099608,0,-1,2018,95,0.21585194125930396,0.3171408176422119,0.3445724844932556,294.83,282.5733333333333,30.900000000000002,49.2
-87.76078465710384,30.693496293607225,0,-1,2020,140,0.31602468610342627,0.12061339616775513,0.06819389760494232,301.22,291.86,,
-88.22515822115842,34.29067696203566,0,-1,2019,227,0.30991826816876517,0.1592823714017868,0.19044534862041473,301.4866666666667,296.49,,
-77.96741953371172,34.811658611522,0,-1,2019,152,0.199237974281632,0.17823748290538788,0.16925598680973053,309.88,296.436,34.6,62.7
-85.49985926924388,33.54426199981271,0,-1,2020,108,0.19104084321475626,0.3059195280075073,0.3313550055027008,291.87333333333333,280.48400000000004,30.3,48.800000000000004
-83.4440437980237,33.49057752001289,0,-1,2020,145,0.269355888093689,0.42796778678894043,0.4422363340854645,298.515,291.49,49.400000000000006,62.0
-83.8349572567222,30.482988810706598,0,-1,2020,61,0.05204366590505204,0.21288548409938812,0.21382403373718262,289.98400000000004,276.575,13.100000000000001,28.5
-79.35057780102328,34.328326713943774,0,-1,2019,83,-0.0825542072806843,0.36491817235946655,0.40454182028770447,293.408,280.54,12.0,37.4
-89.32574380810065,30.808249539468793,0,-1,2018,92,0.2325748502994012,0.2513657212257385,0.24656112492084503,297.14,287.40000000000003,26.3,49.7
-84.40126904384081,30.71661723692453,0,-1,2019,59,0.10275545350172216,0.27139586210250854,0.2580459713935852,295.68,285.64,14.4,24.5
-81.96563748522091,33.01038887461945,0,-1,2020,267,0.14733969986357434,0.1562255471944809,0.15439780056476593,298.5,286.74,18.900000000000002,37.800000000000004
-83.6919698580981,32.95748834775156,0,-1,2018,157,0.34217616580310883,0.2597154676914215,0.27762776613235474,301.692,291.14,45.0,68.0
-83.23879864697105,32.002437736528435,0,-1,2018,312,0.1908312620822977,0.24393346905708313,0.1958615779876709,292.3,280.8,13.700000000000001,21.8
-80.90897324454318,33.291849175549416,0,-1,2017,200,0.23671962766811105,0.23273883759975433,0.18976159393787384,300.94,296.49,24.700000000000003,55.7
-88.97154346573524,34.535546814331795,0,-1,2020,111,0.23189493433395872,0.4646463394165039,0.4997163414955139,291.96,278.685,23.700000000000003,47.0
-89.60049628825931,30.653167704435873,0,-1,2019,337,0.04003724394785847,0.1989627182483673,0.23455215990543365,289.50666666666666,282.444,10.3,17.2
-93.9128967235976,30.692805560782606,0,-1,2019,205,0.2996930161166539,0.13677704334259033,0.15766207873821259,300.595,296.665,47.7,65.60000000000001
-88.2902024223582,30.424768872816056,0,-1,2018,339,0.38651233014594866,0.18313631415367126,0.21272288262844086,291.16,279.83,8.1,14.3
-90.75150725933885,32.62975483154045,0,-1,2020,60,0.09244644870349493,0.5072340965270996,0.529020369052887,286.685,281.61333333333334,11.600000000000001,20.3
-92.57046858675336,31.99914251318654,0,-1,2017,207,0.39669421487603307,0.21683195233345032,0.273375004529953,301.865,297.12666666666667,31.0,64.7
-88.89235575315828,36.94922926682781,0,-1,2018,319,-0.09143268538516919,0.2945404052734375,0.3225075602531433,280.93,,5.800000000000001,11.100000000000001
-83.1865548942819,30.790468925825238,0,-1,2019,143,0.1623796749250434,0.08618895709514618,0.08005919307470322,306.62333333333333,293.36857142857144,,
-88.04559006258164,37.63953805102233,0,-1,2020,82,-0.09138290479499653,0.39324215054512024,0.4224339425563812,284.84000000000003,280.26,14.8,20.5
-91.80681015724024,36.81770273515473,0,-1,2019,70,-0.16595048086760794,0.3819257318973541,0.37039676308631897,277.6933333333333,272.11,11.200000000000001,15.8
-83.14706543738168,34.09890680850823,0,-1,2019,245,0.19986686636711598,0.2168402522802353,0.2986862361431122,303.528,291.555,42.6,61.7
-90.65231056995843,29.310188270361092,0,-1,2020,34,0.013030404276645506,0.7054834961891174,0.9094128608703613,288.79333333333335,285.32,,
-88.78123274095958,34.568747000048646,0,-1,2019,91,0.02540200419482638,0.3115517497062683,0.353061318397522,293.18666666666667,277.3,12.3,39.2
-90.35244186222029,35.819104134569606,0,-1,2018,82,,0.400187224149704,0.40192168951034546,291.24,276.36,14.100000000000001,23.3
-85.81067468308764,36.00910049611012,0,-1,2018,60,-0.18453427065026362,0.5091767907142639,0.5377506017684937,289.19,283.94,8.9,23.700000000000003
-89.34733934926491,35.668496129996406,0,-1,2020,261,0.17123037604965316,0.1808723658323288,0.23971548676490784,301.225,292.5866666666667,19.900000000000002,43.6
-80.91056541708802,28.389926806535502,0,-1,2017,10,0.2759758108851017,0.08912114799022675,0.0760350227355957,290.91200000000003,282.28000000000003,,
-83.60560068001776,30.883819523029292,0,-1,2017,275,0.24858372988896443,0.1608932912349701,0.16807931661605835,300.932,293.668,24.5,40.2
-81.10686133349257,32.48321333529681,0,-1,2019,185,0.19971721456344999,0.29718396067619324,0.2381592094898224,304.6,295.5333333333333,34.5,57.5
-90.73567725268508,29.62150738114686,0,-1,2019,315,0.10422405876951331,0.36227965354919434,0.3906734883785248,296.96,280.13,7.7,20.8
-87.83196202732037,34.164893549534426,0,-1,2017,280,0.3143654114365411,0.09340421110391617,0.13385264575481415,298.4566666666667,289.17333333333335,22.6,41.400000000000006
-92.62658814214409,34.95783312230699,0,-1,2019,285,0.25125761186126555,0.2767513394355774,0.33297422528266907,293.572,282.46,18.900000000000002,31.8
-85.68946996254195,35.98964832077163,0,-1,2020,255,0.2068581607659764,0.25353580713272095,0.3052477538585663,299.565,292.2857142857143,31.900000000000002,53.5
-84.65835252480328,36.92947777735544,0,-1,2019,106,0.014582928251993,0.41093891859054565,0.4668351113796234,297.42,282.9733333333333,14.200000000000001,39.5
-91.74825064544062,35.054541604626614,0,-1,2019,83,-0.08949880668257756,0.32683223485946655,0.33154377341270447,291.872,280.244,12.600000000000001,30.900000000000002
-81.96394938186207,33.689259115395046,0,-1,2017,197,0.2742075177550667,0.27577778697013855,0.3236924409866333,303.416,297.15000000000003,26.0,63.1
-81.06318235504332,34.54443917632118,0,-1,2020,190,0.3441226575809199,0.27410852909088135,0.2613101899623871,302.545,295.46,28.3,56.7
-94.19464324212933,34.03540504104158,0,-1,2020,66,0.27345215759849906,0.3166995048522949,0.3210603594779968,292.25,277.505,17.0,28.8
-91.0202794410711,32.964981502556576,0,-1,2019,75,-0.13151927437641722,0.49717530608177185,0.5246919393539429,291.58,,,
-86.9551270135312,36.88193151151393,0,-1,2018,285,0.24036870716142755,0.22825434803962708,0.2761107087135315,300.64,293.808,,
-81.13818986958019,26.69641439914362,0,-1,2017,0,0.05834092980856882,0.09027367830276489,0.10383997112512589,300.42400000000004,291.74,,
-79.22011241497758,36.95908288099991,0,-1,2020,129,0.21898206846585763,0.3506508469581604,0.35135793685913086,296.5,282.13,24.8,48.300000000000004
-82.45524431502545,30.038732406356967,0,-1,2018,44,0.18928262748487468,0.23948612809181213,0.2056695520877838,294.82,286.2266666666667,20.8,30.900000000000002
-91.30099293331074,34.94801288228173,0,-1,2020,342,-0.07741775908978481,0.23895777761936188,0.28036612272262573,284.436,274.54400000000004,4.9,16.1
-88.65094511080788,37.78501385835782,0,-1,2020,46,-0.15430954587581094,0.39235177636146545,0.3919537663459778,275.26,,8.3,10.8
-87.50514883813665,33.341547271004636,0,-1,2017,92,0.11596548004314995,0.23733609914779663,0.2723657190799713,298.105,287.408,19.900000000000002,43.400000000000006
-90.4464519894928,31.464511431813893,0,-1,2020,70,0.12361419068736142,0.4090839624404907,0.4168857932090759,289.90000000000003,282.1066666666667,16.1,35.5
-82.41499148047238,37.75991823804352,0,-1,2020,104,-0.056018608257414226,0.3073843717575073,0.332352876663208,293.48,286.92,,
-78.76906007530532,37.411978577764415,0,-1,2017,329,-0.013362541073384446,0.27223238348960876,0.3087226152420044,284.28000000000003,273.325,5.1000000000000005,15.4
-83.64159426020795,37.000054938405206,0,-1,2019,338,-0.023271058669288757,0.33668309450149536,0.32203999161720276,286.41333333333336,277.08,6.2,10.200000000000001
-87.09768733149943,36.06765572507424,0,-1,2017,8,,0.3235510289669037,0.3443922698497772,,,,
-77.33818006012517,34.584177954500525,0,-1,2018,115,0.15206356212756567,0.21794840693473816,0.20330967009067535,294.58,285.2,34.1,49.300000000000004
-89.18779374135401,30.44796100868648,0,-1,2019,64,0.20687802256851157,0.3136593997478485,0.30363839864730835,290.01,,16.3,28.6
-81.6310722320786,34.598176957872965,0,-1,2017,91,-0.060420548309821666,0.25467148423194885,0.29073259234428406,297.36,288.1666666666667,10.100000000000001,37.0
-87.60737787043155,31.06117035041857,0,-1,2017,223,,0.2727093994617462,0.2465735822916031,,,,
-81.23313027512545,34.41236016956438,0,-1,2020,317,0.20899470899470898,0.31300097703933716,0.2743331491947174,293.6933333333333,286.16,,
-87.77065135839406,32.77638319888435,0,-1,2020,246,0.28190743338008417,0.20729029178619385,0.22439749538898468,300.74,,17.2,51.2
-81.92638213968344,29.269355260934447,0,-1,2019,79,0.4151547491995731,0.1353694498538971,0.08494323492050171,292.38,286.6,18.3,37.5
-89.13799387473846,36.13110635766103,0,-1,2020,318,-0.12788038698328935,0.21764308214187622,0.28775712847709656,294.3,283.264,6.5,23.6
-91.90292447391332,36.3027820952165,0,-1,2020,312,-0.04358974358974359,0.18042932450771332,0.18422538042068481,292.80285714285714,278.80571428571426,7.0,21.0
-77.21744992039581,34.75605289279485,0,-1,2019,114,0.19311087190527448,0.19645875692367554,0.2360939085483551,298.216,284.59000000000003,38.1,56.300000000000004
-83.62762252935183,30.323562122219638,0,-1,2020,43,-0.0024896265560165973,0.1451372653245926,0.10919350385665894,288.2733333333333,280.31333333333333,16.1,26.1
-91.87357009037927,34.575826461707244,0,-1,2017,155,0.29551851050010824,0.32188481092453003,0.33542248606681824,300.64,294.17,24.900000000000002,54.400000000000006
-84.3836417933331,33.56273430190311,0,-1,2018,355,-0.020024271844660196,0.35755470395088196,0.3413408398628235,287.90000000000003,277.72,7.6000000000000005,11.9
-89.46061630861709,32.00515418050832,0,-1,2019,0,0.2639209225700165,0.3545701503753662,0.32266369462013245,283.08,277.56,,
-82.81996376430833,32.198517740708766,0,-1,2017,353,0.042643923240938165,0.14258092641830444,0.13258586823940277,288.56,277.548,7.7,14.3
-86.54381518310599,36.895119516253224,0,-1,2017,63,-0.034753363228699555,0.3502912223339081,0.3846311569213867,288.185,272.8,,
-87.5138411696506,33.8635206553645,0,-1,2019,20,0.018702513150204558,0.34113839268684387,0.33108627796173096,282.66,274.02,5.7,11.0
-83.37866043400717,29.622261480176977,0,-1,2019,187,0.2861598440545809,0.17620277404785156,0.0956183597445488,304.915,294.12,36.1,44.0
-77.73137563140868,36.776516878984495,0,-1,2018,2,0.06260364842454395,0.17282423377037048,0.19117672741413116,271.895,267.82,,
-83.36912706946522,36.179164404583865,0,-1,2017,13,,0.3573951721191406,0.38072365522384644,266.84000000000003,284.18,,
-85.71437180304538,30.747510691192836,0,-1,2019,65,0.024533138044672283,0.25881412625312805,0.2242937833070755,285.90000000000003,282.74,17.2,35.6
-92.43301067528043,29.582093733509296,0,-1,2019,256,0.08235833906859372,0.39766576886177063,0.7734501361846924,305.01,298.0766666666667,,
-85.86683981431064,30.960652327196378,0,-1,2020,2,0.07168458781362007,0.22682422399520874,0.23228105902671814,286.6,280.00666666666666,14.100000000000001,27.6
-87.10936417076108,34.246421060709714,0,-1,2017,9,-0.18162393162393162,0.18740485608577728,0.20221661031246185,274.5,270.7,10.700000000000001,16.1
-92.3414352780363,34.680907250586756,0,-1,2017,328,-0.0021141649048625794,0.21658951044082642,0.2737431228160858,288.16,278.40000000000003,,
-89.68631668703192,36.83242673717669,0,-1,2017,69,-0.09397791206501355,0.22335059940814972,0.2238067239522934,289.91333333333336,277.29200000000003,6.9,25.8
-91.96242785725916,36.66221233856861,0,-1,2017,126,0.15577534440127164,0.408034086227417,0.45045214891433716,297.12666666666667,281.81,29.3,47.7
-84.47517574081385,37.891879747112334,0,-1,2017,83,0.001304158817562672,0.3776072561740875,0.42877861857414246,288.82,271.712,,
-80.93089559912114,34.708388764560766,0,-1,2018,247,0.21107266435986158,0.13896766304969788,0.179632768034935,302.7966666666667,294.93333333333334,32.9,50.6
-90.67446123524059,34.09722870046254,0,-1,2018,281,-0.20584498094027953,0.24810273945331573,0.3563762307167053,305.68,294.48333333333335,8.5,35.6
-92.64548702095813,31.731915496172206,0,-1,2017,173,0.45054509415262634,0.24529987573623657,0.23234374821186066,,297.86,,
-81.74453296794688,34.286578281545545,0,-1,2020,108,0.12182238362495873,0.2855337858200073,0.2987622320652008,294.8228571428571,283.832,16.5,46.6
-91.28977611351007,31.152371566591924,0,-1,2019,67,0.08033400518283905,0.35072267055511475,0.3739008903503418,283.3,274.5,18.8,29.700000000000003
-84.60908127088194,35.683815138028,0,-1,2018,62,-0.08409371146732429,0.3500824272632599,0.37141379714012146,287.74,276.38,6.800000000000001,22.6
-77.55844104805391,36.26763839756968,0,-1,2020,321,0.15029663810151614,0.18502472341060638,0.16248059272766113,293.152,287.8,5.4,17.6
-80.3084848869727,35.024544821761815,0,-1,2020,60,0.04669260700389105,0.4795241355895996,0.503141462802887,285.04,273.31,9.9,21.3
-86.83294694206171,36.76507089182689,0,-1,2019,93,0.020808561236623068,0.38389891386032104,0.419582724571228,295.705,273.0133333333333,14.4,33.7
-90.43383324292552,33.33271290690086,0,-1,2018,102,-0.02669902912621359,0.3499666154384613,0.35625743865966797,292.895,282.44666666666666,12.0,35.5
-90.65988403481389,31.276931852924637,0,-1,2019,357,0.199375,0.3452480733394623,0.34909382462501526,284.28000000000003,273.59000000000003,8.200000000000001,13.9
-83.55027654572537,29.796757552761218,0,-1,2018,0,0.2088477366255144,0.4724860191345215,0.8187708854675293,287.68,281.90000000000003,5.800000000000001,7.7
-90.23224894716208,37.25322596068979,0,-1,2018,329,-0.14685314685314685,0.24154262244701385,0.24135227501392365,287.575,273.992,5.7,10.8
-92.09503067692143,29.958499193080392,0,-1,2019,267,0.20159749956589687,0.30001744627952576,0.35532712936401367,302.915,295.46,23.6,55.1
-88.48185225107648,35.83169898305932,0,-1,2017,104,-0.03198720511795282,0.2616645097732544,0.31462639570236206,295.024,281.97,10.200000000000001,43.400000000000006
-91.56226662672101,35.20869670372976,0,-1,2020,287,0.16877431906614787,0.2704369127750397,0.3233533501625061,296.24,286.2,13.100000000000001,33.4
-93.45346111063581,33.67232190846798,0,-1,2019,266,0.258557902403496,0.21025718748569489,0.2656592130661011,305.74,295.08,30.0,46.900000000000006
-81.64624912947727,32.55330887317192,0,-1,2020,115,0.35857267188859876,0.26976099610328674,0.26594629883766174,294.3,285.56,37.6,54.900000000000006
-83.00163967548522,35.29195739092243,0,-1,2020,15,-0.02766798418972332,0.32096973061561584,0.33199214935302734,283.18,272.36,6.1000000000000005,10.9
-83.54256599807995,35.747116648570824,0,-1,2019,144,0.3590561224489796,0.36985257267951965,0.40394070744514465,297.8666666666667,293.18,43.2,66.10000000000001
-81.359868896909,28.05908235784999,0,-1,2018,233,0.3166360294117647,0.18951933085918427,0.11429797857999802,302.316,296.125,33.0,42.6
-81.70731196639302,28.9116139427082,0,-1,2019,281,0.26362918093231497,0.24780865013599396,0.08733659982681274,298.54,295.3233333333333,31.0,43.7
-82.44379215434786,34.77725106664109,0,-1,2018,7,-0.11183851609383524,0.3733052909374237,0.3838672637939453,275.425,272.38,4.1000000000000005,12.700000000000001
-84.19421063747667,35.102791362328844,0,-1,2018,50,,0.34930771589279175,0.37503987550735474,288.52,271.78000000000003,13.600000000000001,25.8
-92.76474768896786,37.186575666177774,0,-1,2018,299,0.10056772100567721,0.2362385094165802,0.23268793523311615,289.83,276.2,9.8,18.8
-93.62814280386208,37.22442111098421,0,-1,2017,77,0.010233694822055904,0.24844159185886383,0.2930578291416168,289.74,275.07,11.0,27.8
-82.3288608227376,33.986597128266425,0,-1,2019,337,0.19719867305565794,0.2726321518421173,0.29052141308784485,284.28000000000003,279.975,5.7,13.200000000000001
-81.82879550934801,36.8354837286816,0,-1,2018,73,-0.2263417163598652,0.2838909924030304,0.3069746494293213,273.08,275.64,,
-92.93485980876137,37.47670265166018,0,-1,2020,94,-0.0033622367722526986,0.45852339267730713,0.47365379333496094,291.8,280.1933333333333,,
-90.9161946322801,30.892779156879882,0,-1,2019,80,0.08403552721475746,0.28596726059913635,0.3020436465740204,293.25333333333333,280.03000000000003,14.4,32.0
-84.74250074071571,30.688629186289997,0,-1,2020,346,0.14504652435686918,0.1803775280714035,0.1866457313299179,288.74857142857144,279.008,10.600000000000001,19.900000000000002
-94.21780889274322,36.35966709151944,0,-1,2018,61,-0.09740684244933537,0.35854244232177734,0.3780256509780884,291.23,276.336,,
-83.60782668399172,32.59575788357238,0,-1,2017,161,,0.14467713236808777,0.06365760415792465,304.75333333333333,292.24,,
-91.096180755493,32.08831612241944,0,-1,2018,79,0.14092446448703494,0.28172990679740906,0.3104027211666107,285.57,283.808,,
-91.93325380340417,29.871406467172243,0,-1,2017,71,0.13534038513696772,0.5674790740013123,0.8655373454093933,294.64,288.04,19.1,28.400000000000002
-78.80218895864517,37.07199220886779,0,-1,2018,42,-0.1435022579026593,0.4050454795360565,0.4227606952190399,279.41333333333336,271.39,,
-92.17088747949904,36.78516656146833,0,-1,2019,113,0.154439390943247,0.3442929983139038,0.3930038511753082,300.52,280.71,19.5,36.2
-83.09048996447105,35.42802301696973,0,-1,2017,42,-0.16503067484662576,0.2614365816116333,0.3048095405101776,283.425,274.28000000000003,7.9,23.700000000000003
-77.73309804123564,37.376843350377534,0,-1,2020,281,0.3172057624354444,0.30121392011642456,0.3322221636772156,294.492,284.77500000000003,18.900000000000002,28.400000000000002
-94.38369512253485,35.4420292362946,0,-1,2019,64,-0.10276923076923077,0.2819211184978485,0.35844796895980835,282.75,278.7,,
-87.11480049769823,34.67798037435209,0,-1,2017,358,0.033952014486192846,0.30692797899246216,0.3321716785430908,283.6,280.27,,
-79.60624740469896,33.12931397005217,0,-1,2019,0,-0.02636916835699797,0.3172166347503662,0.29483166337013245,286.56666666666666,278.8066666666667,7.6000000000000005,8.4
-88.43500439448493,35.51509874587378,0,-1,2019,97,-0.03117609116319071,0.35904619097709656,0.37251412868499756,291.52,278.25333333333333,12.9,31.3
-80.20433815681422,35.47254607378992,0,-1,2018,82,-0.05233453052847614,0.386759489774704,0.41669219732284546,290.145,279.3333333333333,10.4,29.8
-91.50295723145528,37.539329733706424,0,-1,2018,273,0.10261496844003606,0.1635293960571289,0.20954355597496033,297.21500000000003,285.40000000000003,26.900000000000002,39.300000000000004
-80.40336654186953,26.735552636820426,0,-1,2018,82,-0.19593908629441625,0.363810271024704,0.7583670020103455,311.47,289.35333333333335,,
-83.61373040132494,34.55588666719599,0,-1,2018,216,0.36878147029204433,0.4299655258655548,0.43066462874412537,301.12,,22.8,47.7
-85.05148535728162,29.722429283742862,0,-1,2017,304,0.3477406679764244,0.12136949598789215,0.10347841680049896,294.5233333333333,285.948,23.400000000000002,35.9
-84.49197749966928,32.38211180063255,0,-1,2018,90,-0.04308252427184466,0.22919586300849915,0.23168179392814636,298.8,,13.200000000000001,39.5
-82.4265140082309,29.452150917451966,0,-1,2017,97,0.0647780925401322,0.12143409252166748,0.09032370895147324,304.96,288.908,27.5,59.5
-85.61975274302749,30.168082978672253,0,-1,2017,72,0.012813157391470644,0.24324698746204376,0.09285764396190643,298.8,287.92,,
-91.55789112209096,30.48801597759324,0,-1,2017,249,0.11474785918173168,0.39472249150276184,0.4186587929725647,302.34000000000003,294.93,17.3,50.900000000000006
-93.74394836418122,36.030148007871254,0,-1,2018,82,-0.20970916247539909,0.395060271024704,0.43866485357284546,291.52,277.95,,
-90.311989331869,37.105018789320106,0,-1,2017,63,-0.14376187460417986,0.21296212077140808,0.24962139129638672,287.9766666666667,276.135,7.800000000000001,24.6
-92.2946646756572,31.28934011023539,0,-1,2020,314,0.15212091662603608,0.3037336766719818,0.3170640170574188,294.76,281.095,16.0,30.200000000000003
-91.52733339735836,30.856116049541434,0,-1,2017,311,0.1914486279514997,0.13852669298648834,0.1517069786787033,294.99333333333334,290.8466666666667,,
-87.1794411112117,32.083422650059894,0,-1,2019,65,0.10016330974414807,0.33938053250312805,0.3585711419582367,281.76,279.8933333333333,14.8,30.6
-86.85650434154765,34.43341673681528,0,-1,2019,310,-0.009576505639497766,0.21185319125652313,0.2239561378955841,290.016,276.5933333333333,8.700000000000001,20.5
-83.01829379941401,30.652667441090074,0,-1,2017,343,0.14968628622647145,0.16036009788513184,0.14114151895046234,297.2266666666667,286.415,8.200000000000001,17.400000000000002
-78.74896986227591,36.3110834880921,0,-1,2020,184,0.3477356377020323,0.34506186842918396,0.3483692705631256,301.0,294.40000000000003,37.7,68.3
-93.59487610823022,34.37350023362276,0,-1,2018,287,0.2154377880184332,0.39757394790649414,0.39981895685195923,297.73333333333335,289.935,14.600000000000001,25.0
-92.67410854445365,33.85845795920184,0,-1,2019,137,0.3702275356729657,0.35952028632164,0.39106276631355286,300.13,291.02,42.5,63.2
-90.80513489602181,33.94186239860466,0,-1,2019,146,-0.11807447774750227,0.2583804428577423,0.39598676562309265,307.85333333333335,295.588,18.1,70.3
-91.65832704310642,33.70826354206819,0,-1,2019,70,-0.12561441835062806,0.3699628412723541,0.38809695839881897,281.98,275.81333333333333,11.5,19.8
-90.74705986782165,31.560033631354653,0,-1,2020,32,-0.05736434108527132,0.3661164939403534,0.3862284719944,284.34000000000003,277.11,8.3,13.8
-81.41933511618683,34.951668894250254,0,-1,2018,51,-0.01639344262295082,0.2996525764465332,0.305366575717926,292.28000000000003,,17.400000000000002,29.6
-86.23499874778925,31.409451721367144,0,-1,2017,106,0.20285594288114236,0.16286934912204742,0.23858989775180817,298.772,285.855,31.8,59.1
-89.95672127059997,35.871202264382475,0,-1,2017,170,-0.04035087719298246,0.35930630564689636,0.4139247536659241,306.7,296.85,13.3,58.900000000000006
-93.69245478324747,34.77797231340905,0,-1,2019,243,0.28754365541327126,0.2908042371273041,0.34400954842567444,301.1466666666667,296.44,25.8,58.1
-91.96747167085795,30.656912613365687,0,-1,2020,287,0.19033641905622037,0.3641869127750397,0.3974500298500061,299.855,295.3,28.3,38.6
-89.21953177099451,35.09693441662269,0,-1,2020,202,0.28096962065166065,0.1346798986196518,0.22977113723754883,303.02,296.324,29.400000000000002,63.2
-90.25174661036112,35.08034075252019,0,-1,2019,103,-0.05344655344655345,0.5052745938301086,0.5107554197311401,295.6533333333333,283.23,11.3,31.8
-93.44092449766154,34.388111649604035,0,-1,2017,62,0.020316027088036117,0.3876400887966156,0.4085569679737091,288.908,280.77,9.600000000000001,27.200000000000003
-83.61639220825424,32.885999194260684,0,-1,2018,39,-0.011963023382272975,0.287278950214386,0.28846386075019836,285.4733333333333,278.6933333333333,7.7,19.1
-81.53749417193349,33.14690913991057,0,-1,2020,295,0.16905300175835217,0.11602867394685745,0.05644121393561363,299.19599999999997,289.1166666666667,18.3,34.5
-88.84699373292645,37.77878302555224,0,-1,2019,51,0.04583130180399805,0.4347795248031616,0.43109002709388733,,276.52,8.0,11.3
-81.41316982904814,36.035692872693716,0,-1,2017,80,-0.026501766784452298,0.22252270579338074,0.27143123745918274,286.6466666666667,273.515,8.1,33.5
-79.10610794101984,37.55954529724099,0,-1,2019,79,-0.2033390410958904,0.4543391764163971,0.4874395728111267,288.9866666666667,275.46,9.0,27.0
-81.0532861088872,32.02193184281151,0,-1,2018,0,0.06719056974459725,0.1876349300146103,0.1637415885925293,285.40000000000003,275.02,,
-83.8082420265341,30.38016784082985,0,-1,2018,165,0.3632286995515695,0.20887523889541626,0.10586679726839066,300.92,293.42,,
-93.10896526459028,32.11302319520123,0,-1,2018,151,0.34110581169404697,0.28748682141304016,0.3650287389755249,301.15000000000003,295.29200000000003,45.900000000000006,70.10000000000001
-84.99100680239523,37.53539865539774,0,-1,2020,70,-0.08616634594825744,0.3802753686904907,0.3994297385215759,288.98,276.17333333333335,10.4,18.3
-88.32398170041283,34.512601195810205,0,-1,2018,95,-0.036211699164345405,0.3304464817047119,0.3647140860557556,289.83,280.605,11.5,33.0
-77.51888033818027,37.489522038437606,0,-1,2017,8,0.05907322249734701,0.2730139195919037,0.2739576995372772,289.18,,5.5,9.0
-80.98768104284486,27.78663324145202,0,-1,2018,194,0.18569310600444774,0.19149376451969147,0.12053437530994415,305.66,295.6666666666667,33.0,47.300000000000004
-80.04871012024199,36.10368889506828,0,-1,2017,76,-0.08775552343588684,0.30103540420532227,0.3199446499347687,287.88,271.85,8.4,33.2
-94.07384026087882,31.855341369841714,0,-1,2019,12,0.12082853855005754,0.4177473187446594,0.4392213821411133,289.02,278.72,7.2,16.1
-88.90136351764558,35.41862852173624,0,-1,2018,276,0.14389183969097055,0.24376048147678375,0.28114742040634155,299.94,289.58,19.200000000000003,46.300000000000004
-89.0656558808521,32.50321126109692,0,-1,2017,247,0.2428698752228164,0.22315765917301178,0.26935598254203796,300.12,291.32,31.8,50.1
-81.12374193754381,27.769282941870276,0,-1,2017,52,-0.09108755398508049,0.07358325272798538,0.038644321262836456,299.64,284.75333333333333,8.9,33.800000000000004
-83.0716275988174,32.83419045566486,0,-1,2017,354,0.1521862578080636,0.2538159489631653,0.05975497514009476,283.8866666666667,276.608,7.6000000000000005,13.3
-85.63483150304366,35.23903954592044,0,-1,2019,69,-0.13262342691190707,0.36982107162475586,0.38080117106437683,281.8933333333333,,,
-85.73860568507087,31.47320187172395,0,-1,2017,93,0.1810597519729425,0.2817361354827881,0.12199393659830093,298.876,289.444,32.9,49.1
-77.35228209925972,35.3974917590929,0,-1,2020,315,0.099906191369606,0.16732358932495117,0.09751609712839127,296.1766666666667,284.564,12.200000000000001,19.1
-87.36570036217356,30.95230297776207,0,-1,2018,40,-0.06114037096404855,0.6331948041915894,0.8934822082519531,288.99,278.93333333333334,9.9,20.8
-82.19501219784216,30.897627134144518,0,-1,2019,173,0.2907216494845361,0.3596435487270355,0.6407020092010498,303.4666666666667,293.015,39.2,52.5
-87.1436560611498,36.922857123350894,0,-1,2017,41,-0.007308415117978701,0.3615657687187195,0.38859719038009644,282.66,271.04,6.9,19.1
-77.92479216387513,37.06963746347801,0,-1,2018,78,-0.0804953560371517,0.2364271879196167,0.2331601232290268,284.65000000000003,274.21,7.4,22.8
-92.7978215741048,34.56010476335807,0,-1,2019,74,-0.1676784592840695,0.4936080574989319,0.5194299221038818,292.67,282.34000000000003,7.0,35.800000000000004
-90.5440137611479,35.48807619936255,0,-1,2019,122,-0.012713547874453715,0.43015241622924805,0.366863489151001,296.96,288.17,13.0,39.800000000000004
-86.75929623542827,32.57240574906562,0,-1,2018,206,0.2792998477929985,0.17377428710460663,0.1834530085325241,301.02,295.61333333333334,45.900000000000006,72.8
-93.50810870828573,37.07024916800346,0,-1,2017,134,0.31318056232732,0.2917444407939911,0.35454460978507996,297.07,286.31666666666666,33.6,57.2
-88.57857717240752,35.873623776209485,0,-1,2020,94,-0.043440296878410826,0.36794722080230713,0.37734031677246094,290.75,279.7733333333333,14.200000000000001,33.5
-93.04420518324088,32.71254855949587,0,-1,2018,91,0.0934289127837515,0.3497585356235504,0.39851176738739014,293.995,285.40000000000003,16.3,36.2
-78.38781961514191,34.30320534788005,0,-1,2019,324,0.2856706385578979,0.21670320630073547,0.20416045188903809,283.66,275.72,10.3,16.7
-89.66977990694608,36.357400852972766,0,-1,2017,61,-0.14892601431980906,0.22185911238193512,0.27664050459861755,290.05,281.21500000000003,,
-82.64882851075639,34.43071910542794,0,-1,2018,39,-0.07188940092165899,0.447801411151886,0.46534374356269836,284.35333333333335,274.37333333333333,6.300000000000001,18.5
-87.9674367621632,34.02172781974696,0,-1,2019,115,0.20940649496080627,0.34970688819885254,0.3520612120628357,297.23,283.9733333333333,32.800000000000004,48.0
-80.32104597009733,34.255777359232034,0,-1,2018,202,0.08985057248204929,0.0835210531949997,0.03438775986433029,303.02,296.32,24.3,56.900000000000006
-91.9790009714427,33.18214247073641,0,-1,2018,138,0.2828546562228024,0.273905873298645,0.30178767442703247,301.7666666666667,293.975,37.300000000000004,53.400000000000006
-87.879467339325,32.76622345189212,0,-1,2018,224,0.3440375248060617,0.22120338678359985,0.2690233588218689,301.388,296.01,30.5,50.0
-89.11794854637932,35.61060053598525,0,-1,2017,81,0.003667481662591687,0.32206931710243225,0.3585008978843689,291.21,279.725,13.8,32.9
-88.65087200831788,31.766017395201754,0,-1,2019,274,0.21349332125877293,0.0787171795964241,0.12731121480464935,303.07,294.73,,
-91.77250035145696,35.61886933752534,0,-1,2019,326,0.02599388379204893,0.3777616024017334,0.3843959867954254,287.168,275.31333333333333,6.800000000000001,13.600000000000001
-84.38361698851163,34.076716850656354,0,-1,2019,69,-0.06718408925539655,0.49213552474975586,0.5159329771995544,282.22,272.32,10.9,24.3
-84.43814541079477,36.656696497372344,0,-1,2019,70,-0.014658290500666285,0.3788739740848541,0.42520633339881897,279.06,267.34000000000003,8.5,17.1
-86.12060692037056,31.39031743691478,0,-1,2020,22,-0.049577464788732394,0.1937192976474762,0.1780659705400467,284.49,274.0933333333333,,
-81.89621523055929,28.040503960363054,0,-1,2020,197,0.22879363356845722,0.17494143545627594,0.05744471400976181,305.7066666666667,296.77,,
-78.57273776789181,34.56785419187499,0,-1,2017,327,0.1329923273657289,0.12801553308963776,0.09918301552534103,287.616,276.252,5.6000000000000005,18.900000000000002
-86.4404979217679,32.71712600522199,0,-1,2019,128,0.37528941275520944,0.17635835707187653,0.1884370744228363,297.336,290.0133333333333,28.0,58.7
-83.14473662341427,29.78582667575206,0,-1,2020,106,0.250815660685155,0.2448667287826538,0.1544889509677887,301.76,292.855,35.6,49.6
-91.31893523148386,32.10677755614355,0,-1,2017,204,0.22899022801302932,0.23532257974147797,0.24442197382450104,305.90000000000003,296.68666666666667,33.800000000000004,62.5
-77.12821755847264,36.70044152541335,0,-1,2020,354,-0.0560392944853762,0.3071900010108948,0.2858928442001343,281.6333333333333,276.7133333333333,,
-89.014369174632,33.45247630167125,0,-1,2017,76,-0.027726432532347505,0.35462427139282227,0.3632796108722687,292.42,272.94,18.0,35.4
-89.0552334485804,32.7452943223616,0,-1,2019,3,0.043233563571245845,0.458895742893219,0.47472652792930603,,,9.5,14.200000000000001
-91.01468681726602,33.3953135645252,0,-1,2017,183,0.1907581227436823,0.38620445132255554,0.3882998526096344,305.14,297.24666666666667,,
-93.98549537765027,33.682846837798664,0,-1,2018,169,0.1898989898989899,0.15687115490436554,0.24464914202690125,303.28000000000003,297.12,30.400000000000002,63.0
-80.58061360375943,36.943106245515146,0,-1,2020,315,0.12410032715376226,0.20125913619995117,0.16938498616218567,290.6666666666667,281.9766666666667,10.5,17.400000000000002
-93.28724929546755,35.332562266391,0,-1,2020,79,0.0904074702886248,0.35097813606262207,0.345525324344635,297.6,,,
-81.55100343510912,37.02796704605724,0,-1,2019,3,-0.04900588070568468,0.324740469455719,0.33886227011680603,280.52,274.29,5.800000000000001,7.9
-87.83620840094977,36.93598742181464,0,-1,2017,360,0.13729977116704806,0.31096863746643066,0.32830822467803955,,274.62,,
-88.94412986899879,31.937911053302084,0,-1,2019,65,0.11253644314868805,0.43154361844062805,0.4449969232082367,287.72,273.98,12.200000000000001,24.200000000000003
-87.54603611098948,30.83981509023309,0,-1,2020,43,0.12146070388991796,0.7512163519859314,0.9141861796379089,285.96,278.3,16.7,26.3
-89.24845318158178,36.78180414013838,0,-1,2020,105,0.04468156052017339,0.47694677114486694,0.49508944153785706,290.5133333333333,278.86,11.4,36.5
-86.9922847255645,37.422582376347954,0,-1,2020,16,-0.10691114245416079,0.3864232003688812,0.41716164350509644,281.90000000000003,273.76,6.5,8.200000000000001
-85.7225899019904,34.338538766087595,0,-1,2019,142,0.25224388734138037,0.15570275485515594,0.18596720695495605,300.568,290.57599999999996,40.7,66.60000000000001
-90.20871852019887,36.822928133435035,0,-1,2018,64,-0.057312722948870395,0.2860121726989746,0.28336164355278015,289.0733333333333,277.96500000000003,,
-84.63716216723238,37.14320358996418,0,-1,2020,76,,0.49769946932792664,0.5162633657455444,,279.48,,
-83.99338707003021,30.26448110999446,0,-1,2019,0,0.18708868693199623,0.23225568234920502,0.14309827983379364,288.3,281.82,,
-89.65493021676193,32.91510060364193,0,-1,2018,56,0.010514665190924184,0.346930593252182,0.3351668417453766,295.22,290.96,14.8,26.1
-88.78949959779287,35.187819290224226,0,-1,2018,105,-0.03665623603039785,0.40556856989860535,0.42710787057876587,295.4666666666667,275.17,13.4,38.900000000000006
-87.90275706222992,36.32232114242057,0,-1,2020,226,0.3288682809548343,0.3311529755592346,0.3210470676422119,297.975,293.336,,
-87.59966370174423,32.45782581252591,0,-1,2018,322,-0.0069431413023081255,0.36754658818244934,0.39646172523498535,286.15000000000003,276.25333333333333,7.6000000000000005,18.400000000000002
-88.41283092484879,35.51367590571697,0,-1,2020,112,0.1926530612244898,0.352979838848114,0.38125261664390564,292.69,277.535,17.7,43.900000000000006
-92.82241170926372,36.63443975345846,0,-1,2017,13,,0.3311500549316406,0.35594338178634644,269.6,263.42,,
-89.20413216054907,30.503122286145302,0,-1,2017,235,0.32549178665585077,0.2744806706905365,0.278898149728775,304.2666666666667,296.6,,
-81.98944919040352,30.798891299522378,0,-1,2019,92,0.0046421663442940036,0.23780424892902374,0.19430941343307495,295.90500000000003,286.47,25.400000000000002,39.1
-92.25015495749733,35.65283499872443,0,-1,2018,33,-0.166584280771132,0.32726001739501953,0.3497816324234009,281.536,271.69,6.800000000000001,16.7
-82.25603344648415,35.94705108202032,0,-1,2018,10,0.16601307189542483,0.2136239856481552,0.22630807757377625,267.65,274.12,7.1000000000000005,10.200000000000001
-84.15678040445775,32.103228747763026,0,-1,2017,126,0.21914037687910226,0.148329496383667,0.07008105516433716,302.1533333333333,289.62,34.5,54.0
-81.15853440635068,37.78396886656557,0,-1,2017,31,-0.05897887323943662,0.3180031180381775,0.3151604235172272,285.5,,6.2,10.9
-81.18764568848351,35.79972328339129,0,-1,2019,85,0.04134037515935167,0.33483269810676575,0.3256132900714874,290.72,276.26,13.4,34.5
-87.02754990866157,32.86411840857573,0,-1,2018,75,-0.08266791921089714,0.3255111873149872,0.3463660180568695,286.69599999999997,277.54,9.8,29.0
-85.66101675796158,30.670107170236605,0,-1,2018,108,0.281443880428652,0.1666700690984726,0.16226141154766083,298.1066666666667,286.075,35.7,50.2
-79.8849086474778,37.39456032712976,0,-1,2019,172,0.328065643519222,0.3128833770751953,0.3529341220855713,300.3,288.02,39.2,59.6
-87.80086531650156,37.77552514593848,0,-1,2019,64,-0.0031014621178555605,0.4634396731853485,0.49040597677230835,275.3,271.44,8.5,13.5
-78.73526072460227,34.39223820967989,0,-1,2017,97,0.09305373525557012,0.21307837963104248,0.24877098202705383,295.708,289.00666666666666,18.0,46.900000000000006
-79.16454698571947,35.83569903398053,0,-1,2017,91,-4.6707146193367583E-4,0.29129257798194885,0.30403825640678406,295.91,286.1066666666667,11.5,36.4
-81.32925423804328,29.938010623143875,0,-1,2020,295,0.17465224111282843,0.19302453100681305,0.11060991883277893,301.855,295.3333333333333,19.900000000000002,33.6
-88.94830267396691,34.910671298518,0,-1,2019,356,-0.0390352269120914,0.3665378987789154,0.3523600399494171,281.43333333333334,270.9666666666667,6.9,11.9
-81.64425740820434,31.072717715926142,0,-1,2017,91,0.18701923076923077,0.13101425766944885,0.21474382281303406,299.93333333333334,290.87333333333333,34.300000000000004,49.800000000000004
-81.62199050578462,32.15098389289838,0,-1,2017,348,0.07407407407407407,0.13617829978466034,0.13470181822776794,283.312,276.172,6.800000000000001,16.3
-88.84988670570755,32.993196350323835,0,-1,2019,48,0.05736523493802249,0.44777047634124756,0.4332370162010193,287.54,,10.200000000000001,16.400000000000002
-83.59826599635129,32.450002612979326,0,-1,2019,14,0.0291156462585034,0.35234346985816956,0.3488213121891022,289.535,276.975,6.9,15.0
-79.05114107058542,35.0296061132986,0,-1,2018,177,0.060441549040897574,0.1966547816991806,0.0966319590806961,311.32,297.87333333333333,18.900000000000002,61.800000000000004
-80.19076583827426,37.20892149046198,0,-1,2019,251,0.3075374636546634,0.12378758192062378,0.22334237396717072,300.588,291.71500000000003,,
-81.39974101238161,32.42178563120254,0,-1,2020,67,0.07326178254783014,0.28420013189315796,0.215349018573761,289.135,278.4066666666667,11.3,27.3
-93.37579224414705,34.368767542004996,0,-1,2020,170,0.3218004164664424,0.40711885690689087,0.4215671420097351,302.505,291.8342857142857,27.900000000000002,58.2
-93.29159365559393,30.174953099967986,0,-1,2020,57,0.12002275312855518,0.37705177068710327,0.4054388105869293,287.595,280.84000000000003,15.5,27.6
-80.79534807665912,37.29600926420923,0,-1,2020,160,0.35395997982175886,0.3347892165184021,0.35692930221557617,297.46,289.708,33.0,57.900000000000006
-82.2112655794613,32.107156244462765,0,-1,2020,43,-0.02078272604588394,0.2326616793870926,0.20794838666915894,286.46,277.53000000000003,13.200000000000001,22.3
-92.77448181898325,33.01011292598252,0,-1,2019,92,0.12241153342070774,0.39454254508018494,0.41122835874557495,289.48,280.81666666666666,15.5,31.8
-90.69412904182671,36.371463489209965,0,-1,2017,317,-0.15591627509611278,0.2538720369338989,0.2848251163959503,287.90000000000003,276.7,,
-88.04601166096083,35.71362937397432,0,-1,2018,40,-0.19888734353268428,0.35340964794158936,0.39702221751213074,281.3866666666667,272.14,6.300000000000001,16.0
-81.36302389449705,27.509336458044093,0,-1,2018,133,0.16643109540636042,0.14573250710964203,0.04350920394062996,307.39,290.18,28.3,38.1
-87.55687241904903,33.26444818721405,0,-1,2017,85,-0.04031900753212229,0.2776913642883301,0.3084501028060913,298.76,285.31666666666666,14.8,40.7
-94.0502652245955,33.26302388014014,0,-1,2017,336,0.13814432989690723,0.1138419583439827,0.16551904380321503,291.9866666666667,284.00333333333333,6.1000000000000005,24.0
-79.4983194061584,37.776947695158306,0,-1,2018,98,-0.21374622356495468,0.41774964332580566,0.45670756697654724,289.1666666666667,276.38,9.8,35.800000000000004
-87.46748315486175,35.68229010436278,0,-1,2019,16,0.02305721605465414,0.347989022731781,0.3636631667613983,282.09000000000003,273.5266666666667,4.800000000000001,10.0
-94.03771358860564,32.46499074983561,0,-1,2019,46,0.059966685174902834,0.35765019059181213,0.3571844696998596,289.74,279.62,12.0,20.0
-84.2227795226531,37.229282042626096,0,-1,2018,43,-0.07456140350877193,0.38185882568359375,0.38313356041908264,276.04,,,
-87.71268154824075,34.97323632026054,0,-1,2019,299,-0.04690283000197902,0.30271291732788086,0.28854066133499146,293.5,280.25,10.5,20.0
-93.12410844852309,31.691308991201133,0,-1,2020,312,0.2987393726180006,0.3939303159713745,0.4206145405769348,292.7057142857143,281.27714285714285,16.8,31.900000000000002
-81.23615073221629,36.0137170036756,0,-1,2018,84,-0.23157894736842105,0.3450082540512085,0.31966349482536316,285.365,275.05,12.4,28.200000000000003
-83.44018273346367,37.4472811109953,0,-1,2020,191,0.3531757334092851,0.2176525890827179,0.29005327820777893,300.98,294.04,,
-93.81538891482136,30.03344166146978,0,-1,2020,174,0.12741087083576855,0.3372088372707367,0.3548027276992798,306.075,296.94,19.200000000000003,47.2
-94.20558046306262,32.61126971067381,0,-1,2018,63,-0.06584251545283526,0.3532907962799072,0.35231778025627136,292.0866666666667,282.015,13.100000000000001,26.3
-89.42653134665323,37.0779548784812,0,-1,2019,248,0.350311098249168,0.27366551756858826,0.37138044834136963,302.248,293.5466666666667,44.800000000000004,59.900000000000006
-94.17723813559687,30.57147404809398,0,-1,2018,46,,0.2627128064632416,0.25584861636161804,286.24,288.82,,
-91.36690294028914,33.67003061171379,0,-1,2018,304,-0.06239388794567063,0.3171466886997223,0.35153138637542725,294.6566666666667,286.91333333333336,9.9,25.0
-89.77385385598859,37.552442191491025,0,-1,2020,343,-0.14334911752044768,0.264902263879776,0.29730361700057983,284.77,269.824,,
-89.79377693037246,29.626021855503588,0,-1,2017,163,0.2635135135135135,0.7383331656455994,0.910750150680542,299.24,296.92,,
-93.38928368295218,32.98996865427644,0,-1,2018,90,0.1286015460295151,0.34375885128974915,0.34789273142814636,294.63,285.62,15.600000000000001,36.2
-87.66396173988876,31.741925042199327,0,-1,2020,178,0.2737915407854985,0.22068746387958527,0.2445877641439438,301.5133333333333,292.46,,
-87.19303366554539,32.44487787082096,0,-1,2017,83,0.0360413013832067,0.3186472952365875,0.35529229044914246,299.208,286.62,,
-91.24963589589147,37.38674765330133,0,-1,2017,69,-0.20172845121673869,0.24965675175189972,0.2578032910823822,290.13599999999997,276.856,5.4,23.8
-81.67819978060851,33.69007142483865,0,-1,2017,151,0.17247386759581881,0.13362832367420197,0.06343726813793182,304.64,289.32,21.900000000000002,55.6
-94.24268816388938,32.871850910401925,0,-1,2020,92,-0.020139581256231307,0.2548685371875763,0.21268650889396667,298.05333333333334,286.815,20.1,31.400000000000002
-83.31702151580328,34.406534317162894,0,-1,2020,82,-0.07664066085360258,0.48491695523262024,0.5050755143165588,297.32,285.52,15.0,30.6
-89.90812703168544,33.126448882493,0,-1,2017,62,-0.008640552995391706,0.2963314950466156,0.3365354835987091,288.51,284.05,8.4,25.0
-82.17581130576112,36.199414663458946,0,-1,2017,63,-0.10716268739589117,0.20337960124015808,0.24895000457763672,281.33,277.74,7.4,24.3
-83.15000948142523,34.08117642517541,0,-1,2020,72,-0.07226817588158467,0.503357470035553,0.5247202515602112,291.59000000000003,278.392,12.9,25.3
-91.92519314663643,31.294427132671824,0,-1,2017,141,0.3539937280944475,0.31396761536598206,0.3643253743648529,308.86,293.14,19.400000000000002,47.2
-86.28100017452029,35.590649047107505,0,-1,2020,63,-0.010266080033521894,0.4069460928440094,0.43207958340644836,283.7866666666667,274.52,,
-82.26097761580026,33.99659160660291,0,-1,2018,104,0.007161857990587273,0.30339428782463074,0.32436609268188477,296.51,286.72,13.700000000000001,37.4
-83.1082999395754,36.70974760330935,0,-1,2019,70,-0.025186236253990777,0.4864179193973541,0.5159045457839966,277.3,,,
-91.61743436786534,36.569698623982575,0,-1,2018,140,0.3226221079691517,0.43445858359336853,0.43293336033821106,,291.068,26.5,41.300000000000004
-81.86647525609033,35.07001470867587,0,-1,2018,265,0.26015037593984963,0.18702083826065063,0.21581333875656128,301.0933333333333,294.565,20.3,45.5
-91.60418114060577,36.024014178970155,0,-1,2018,204,0.2655231560891938,0.12251049280166626,0.12910574674606323,303.25333333333333,295.3333333333333,41.2,70.2
-88.17853733354599,37.57653927986012,0,-1,2018,177,0.25122349102773245,0.3883662223815918,0.3744029700756073,304.48,293.51,32.300000000000004,44.900000000000006
-80.76147948495961,32.98177072960718,0,-1,2018,129,0.14582939285038773,0.08687420189380646,0.1358746588230133,302.20285714285717,287.5766666666667,35.2,53.300000000000004
-93.75451545588682,36.80725547458737,0,-1,2020,248,0.12139838647714175,0.17540132999420166,0.21492914855480194,306.88,292.685,25.200000000000003,43.7
-78.49257308150047,36.13717173687074,0,-1,2018,191,0.20989424628069547,0.24245840311050415,0.32113319635391235,303.144,293.56333333333333,22.1,63.2
-81.3387178587151,37.05637979537815,0,-1,2020,54,-0.12218649517684887,0.28857532143592834,0.32405686378479004,278.76,270.74,8.200000000000001,16.1
-86.4048622129582,37.09042660816136,0,-1,2018,8,-0.11000249438762784,0.3780042231082916,0.3423372209072113,269.19599999999997,259.48,4.9,8.1
-77.59819419687045,37.21980876993822,0,-1,2020,297,0.22884770346494762,0.24646583199501038,0.24108392000198364,293.212,285.128,11.100000000000001,19.400000000000002
-85.70138623955577,31.514947279983904,0,-1,2018,120,0.09703715315880232,0.1378396600484848,0.11264202743768692,298.116,285.3,18.7,52.6
-81.08605783186522,33.05219440898995,0,-1,2020,40,0.08140531276778064,0.23156948387622833,0.20503579080104828,285.756,279.64,9.5,20.200000000000003
-76.66686633420112,37.054457025743986,0,-1,2019,188,0.24335812964930925,0.32603567838668823,0.17974087595939636,303.832,294.0,,
-83.27740601416768,30.68299775375663,0,-1,2019,157,-0.033512866546977854,0.11065660417079926,0.05867459997534752,309.6,296.02,15.200000000000001,32.6
-87.74045128524247,37.08174871011373,0,-1,2018,132,0.2888590152915476,0.17803865671157837,0.2041473090648651,299.34000000000003,286.72,43.5,56.800000000000004
-89.5885107789229,30.805771991065935,0,-1,2018,285,0.06851516978099256,0.17075923085212708,0.2059813141822815,296.43,293.27,19.400000000000002,43.800000000000004
-84.95466784350587,30.755426492899186,0,-1,2018,295,0.08161626973508161,0.16089792549610138,0.15220394730567932,300.975,291.22,10.0,38.5
-85.51562703761022,36.99833139758572,0,-1,2018,109,0.007565971581472596,0.43473243713378906,0.45145976543426514,296.91,285.8466666666667,12.9,31.200000000000003
-88.48621767174726,33.410107000955136,0,-1,2020,154,0.4370212765957447,0.18124867975711823,0.21961383521556854,302.425,292.31,,
-81.10774627665477,34.314772912551426,0,-1,2019,203,0.2172635445362718,0.13637438416481018,0.1883775144815445,303.108,296.18,29.700000000000003,64.10000000000001
-80.86617379958943,26.233185221798102,0,-1,2017,310,0.25497195308516063,0.7346829771995544,0.9130768179893494,298.1533333333333,290.2714285714286,22.200000000000003,40.0
-81.3789979928834,29.30584645480498,0,-1,2019,70,0.20065635255508674,0.15060247480869293,0.09235110878944397,294.235,285.31,20.200000000000003,44.7
-90.37448533767753,36.27636200069373,0,-1,2018,26,-0.19406737053795878,0.20686790347099304,0.2563585638999939,285.335,272.475,5.6000000000000005,16.2
-81.53906100210573,33.020212548292,0,-1,2018,83,-0.1270891364902507,0.12151395529508591,0.049666427075862885,295.36,280.18,10.0,33.9
-81.28417013045662,37.73608520195893,0,-1,2019,5,-0.08963093145869948,0.30509084463119507,0.2843441963195801,280.35,278.0,5.9,7.6000000000000005
-81.89926466127814,33.31917564581384,0,-1,2020,278,0.13666666666666666,0.2256823182106018,0.29490622878074646,294.708,289.6066666666667,15.600000000000001,35.6
-94.2434362207815,36.70825121878434,0,-1,2018,21,-0.08878760255241568,0.23891681432724,0.26146554946899414,269.87333333333333,282.3,,
-84.32339817928649,31.478380021362693,0,-1,2019,171,0.05601497893587143,0.18439820408821106,0.1925373524427414,303.7266666666667,293.91,27.5,55.1
-88.55426518779139,34.294310754649516,0,-1,2019,286,0.185201693782037,0.18169434368610382,0.21240007877349854,294.87,287.035,13.3,34.1
-81.15672667680842,25.242039603377705,0,-1,2019,328,0.3832752613240418,0.10896552354097366,0.1400493085384369,294.505,289.51,,
-89.26812509678209,33.27910607656487,0,-1,2020,113,0.13821138211382114,0.35821428894996643,0.36294734477996826,291.91333333333336,281.90000000000003,30.700000000000003,48.400000000000006
-80.75898062861124,28.20323730827169,0,-1,2019,325,0.02869596803487105,0.12787821888923645,0.11189012974500656,296.81,283.78000000000003,17.2,26.400000000000002
-90.51732675124319,35.54947855304498,0,-1,2020,21,-0.02541009971051785,0.392375648021698,0.39962396025657654,279.18,272.25,,
-88.22766526734631,31.962630202575763,0,-1,2017,101,0.13953029405960135,0.2740897834300995,0.32099345326423645,297.62666666666667,284.0766666666667,36.6,54.0
-83.91404051875027,30.446362318805786,0,-1,2019,13,0.016550731590309425,0.289730966091156,0.22786757349967957,288.98,279.02,9.600000000000001,20.3
-89.23411535509926,32.28860972528835,0,-1,2019,60,0.1557503867973182,0.49332472681999207,0.5185872316360474,290.68666666666667,280.48,14.5,24.8
-82.56228066944601,34.926435894764694,0,-1,2020,36,-0.0704162976085031,0.3624210059642792,0.3287217915058136,285.0,276.28000000000003,,
-78.40124942740793,34.196052863464715,0,-1,2020,70,0.1441543700340522,0.2839618921279907,0.2683262228965759,289.44,275.8933333333333,12.700000000000001,28.0
-80.50061560409044,26.197107880333412,0,-1,2020,322,0.17620650953984288,0.7196630835533142,0.9099059700965881,297.6,298.24,17.8,38.0
-89.47221333442958,33.29990315117843,0,-1,2018,31,0.06884841000308738,0.22477997839450836,0.24733975529670715,284.644,273.46500000000003,6.1000000000000005,17.2
-84.64856027994382,32.19019108247416,0,-1,2018,84,-0.007640657559620283,0.1547616720199585,0.08397623151540756,289.47,277.27,16.900000000000002,34.300000000000004
-76.11783447118692,36.553442792767484,0,-1,2019,19,0.0920794850265883,0.36524689197540283,0.3671080768108368,281.96,271.92,6.300000000000001,10.5
-89.94809166835273,31.618616812797004,0,-1,2020,313,0.2578378378378378,0.14302819967269897,0.15348531305789948,292.368,281.156,18.2,32.5
-84.8609997373829,31.36161851732293,0,-1,2019,249,0.23622047244094488,0.07813427597284317,0.14770562946796417,303.38,296.872,24.1,50.800000000000004
-87.18979933527622,32.18336463899357,0,-1,2017,284,0.19769949676491733,0.2178047001361847,0.25687846541404724,300.89,291.884,26.900000000000002,44.5
-78.00845133584481,36.10974562309334,0,-1,2018,286,0.2027828933906282,0.20030729472637177,0.2009807825088501,294.13,293.225,20.400000000000002,31.8
-81.49398395439013,28.82801816099486,0,-1,2020,79,0.3503803888419273,0.08779453486204147,0.052999068051576614,299.425,290.665,37.800000000000004,50.1
-79.14423229239564,33.79835353964944,0,-1,2019,61,0.012419503219871205,0.3028859496116638,0.2893888056278229,292.14,287.72,,
-81.72179833435489,29.370165747026007,0,-1,2017,64,0.22230164403145103,0.09868581593036652,0.05452828109264374,295.8,288.704,28.0,40.1
-81.37159504774021,37.006206807818316,0,-1,2018,337,0.046227810650887574,0.2715827226638794,0.30903056263923645,282.3,280.78000000000003,3.4000000000000004,5.5
-79.10268318635522,37.423075551650044,0,-1,2020,327,-0.06171548117154812,0.42536237835884094,0.42800894379615784,287.50666666666666,278.0966666666667,5.5,15.600000000000001
-81.22881102640676,32.989259647909314,0,-1,2020,319,0.06972010178117048,0.18567928671836853,0.1745501011610031,295.91,290.216,,
-85.27715532430132,34.45119273646986,0,-1,2017,93,0.1101202016285382,0.3477761745452881,0.33750906586647034,298.495,286.77500000000003,23.3,39.300000000000004
-89.39765238540173,34.05836569141814,0,-1,2019,63,-0.06558455801710901,0.45013800263404846,0.4761994779109955,,276.14,10.8,22.3
-86.67424179596044,35.57748405215594,0,-1,2020,341,-0.026405228758169936,0.3136913776397705,0.29797640442848206,280.93,272.28000000000003,,
-80.21253799998557,36.243378751663776,0,-1,2017,243,0.31599587203302376,0.30153706669807434,0.3339962065219879,295.99,289.62,27.6,45.900000000000006
-90.38580452130307,29.441333238200944,0,-1,2017,134,-0.028199566160520606,0.3414270579814911,0.37309929728507996,,,,
-87.71727249615368,33.49192639791195,0,-1,2018,275,0.3268032056990205,0.1688842475414276,0.21761490404605865,300.36,291.28000000000003,27.0,49.800000000000004
-82.20306585442529,27.229071704000727,0,-1,2020,14,0.09538305428716387,0.1333678513765335,0.07612109929323196,297.755,285.64,15.3,32.4
-81.67866028499218,27.57129742225438,0,-1,2020,4,0.010699273977837218,0.20197437703609467,0.07312624901533127,296.35,290.3466666666667,,
-92.91074062154631,36.95823282311747,0,-1,2017,105,-0.06331727460426703,0.3650208115577698,0.4152210056781769,301.01,285.99,13.700000000000001,30.700000000000003
-90.3567235158872,36.21291484039448,0,-1,2017,253,0.25996031140283926,0.11855124682188034,0.21244090795516968,299.2085714285714,287.2285714285714,16.5,45.7
-86.96251922850202,34.65729345055778,0,-1,2017,252,0.11648957103502558,0.1815396100282669,0.2620343863964081,298.74857142857144,288.95714285714286,11.4,38.5
-81.72116099275893,33.69543909096961,0,-1,2018,51,,0.145905002951622,0.07926184684038162,,287.22,,
-90.4222415643212,31.202252076653135,0,-1,2017,136,0.2582467650811008,0.1901128888130188,0.2299405187368393,301.985,290.392,38.2,61.6
-83.40024778368706,36.668819629967594,0,-1,2020,341,-0.0352622061482821,0.4087841510772705,0.43249788880348206,282.58,273.5733333333333,,
-88.92810979186504,33.204706157233716,0,-1,2017,159,0.3281853281853282,0.30849096179008484,0.35916227102279663,297.68,291.76,36.9,51.2
