lon,lat,label,cause,year,doy,ndmi,smap_surface,smap_root,lst_day,lst_night,et,pet
-86.48585816644965,35.741994170018856,0,-1,2017,103,-0.004518344478583047,0.304436594247818,0.35547181963920593,295.7033333333333,279.2266666666667,9.8,48.0
-81.74941225819381,36.771890640369435,0,-1,2019,289,-0.07436506486387721,0.2947040796279907,0.33539092540740967,297.324,282.204,8.3,24.6
-86.58982361956022,33.908668076885895,0,-1,2020,50,-0.0070814365199797676,0.37886926531791687,0.38270440697669983,281.49,274.90000000000003,7.4,15.200000000000001
-87.68603747408955,34.29818405821604,0,-1,2017,90,0.018967978788496837,0.2926843762397766,0.29661521315574646,296.06,286.89,18.7,41.2
-89.04463782123172,30.65559003830414,0,-1,2017,177,0.3976019184652278,0.2544521391391754,0.271558940410614,302.26,290.2,28.200000000000003,50.300000000000004
-79.60033619344203,35.96975470547636,0,-1,2017,41,-0.023692235514895615,0.3185970187187195,0.33268898725509644,285.85200000000003,273.62,7.7,23.900000000000002
-80.60802412608737,35.42667125708631,0,-1,2019,26,-0.033191489361702124,0.4402591288089752,0.4526805579662323,281.615,274.62,,
-83.42497146611035,31.842397201930837,0,-1,2019,132,0.0987220447284345,0.20743542909622192,0.1462751179933548,306.495,291.42,18.6,53.800000000000004
-82.01658070646344,32.418569570197626,0,-1,2019,20,-0.0321036889332004,0.25629952549934387,0.26724350452423096,286.23,277.44666666666666,9.200000000000001,17.400000000000002
-90.67260282621147,30.601981446629495,0,-1,2017,129,0.12877082395317424,0.24394989013671875,0.2697342038154602,298.94,286.92,40.2,63.5
-90.24013881736377,30.499075370533443,0,-1,2017,115,0.33077617328519854,0.2842724621295929,0.3291286528110504,298.552,289.925,35.0,52.0
-82.37940410417144,29.737831508035132,0,-1,2020,51,0.13326226012793177,0.16033688187599182,0.08237931877374649,296.42,287.32,13.700000000000001,29.6
-79.79897047501343,32.93883597345245,0,-1,2018,73,0.14554294975688817,0.1942303627729416,0.2052290290594101,289.2085714285714,280.1542857142857,11.700000000000001,33.0
-92.66021699949123,31.12101816391674,0,-1,2017,128,0.3203987184051264,0.20209471881389618,0.22449690103530884,298.94666666666666,287.01,54.300000000000004,63.7
-79.16431589308186,36.95123161976482,0,-1,2019,18,0.033728919425359154,0.41166558861732483,0.4107798635959625,280.38,271.84000000000003,5.0,9.1
-83.5050590889614,31.398409019539923,0,-1,2018,81,-0.1224099458080969,0.15156689286231995,0.18966300785541534,292.37333333333333,278.82,12.0,33.7
-94.44323507515503,34.15533540463102,0,-1,2019,226,0.16789702820367217,0.24403458833694458,0.30779290199279785,303.71,297.1333333333333,32.7,60.2
-87.43523491467056,37.25758624246621,0,-1,2018,233,0.3396119796571859,0.20441190898418427,0.20697985589504242,,293.28000000000003,35.6,54.1
-86.37035200736481,35.23876289938956,0,-1,2020,313,0.037825059101654845,0.363914430141449,0.3934144973754883,291.8566666666667,281.1433333333333,7.9,22.700000000000003
-89.13130500623234,37.687788067328384,0,-1,2017,244,0.17107142857142857,0.11235291510820389,0.18506990373134613,301.23333333333335,289.26,18.900000000000002,46.800000000000004
-82.5042420952723,36.958608316689805,0,-1,2020,124,0.0947198710197501,0.27044323086738586,0.27456653118133545,294.95,281.78000000000003,14.8,38.400000000000006
-92.55058086819515,35.42060586053123,0,-1,2018,160,0.1328492097394276,0.18367227911949158,0.1917305588722229,304.8175,292.685,37.9,60.6
-88.63022952909546,32.1067858528228,0,-1,2017,287,0.2152426317356356,0.16840530931949615,0.22848092019557953,299.8666666666667,292.44,23.1,42.800000000000004
-78.43559338084785,34.337809940521126,0,-1,2017,306,0.05138527113426474,0.19574683904647827,0.16665278375148773,291.612,282.1,13.200000000000001,28.6
-83.59129105981114,34.282885994256944,0,-1,2019,75,0.04919805370336998,0.49009522795677185,0.5195649862289429,292.5,284.48,11.9,30.5
-81.67361574900444,27.359624683896953,0,-1,2020,125,0.13283740701381508,0.0741538256406784,0.047583941370248795,306.276,288.82,24.5,59.5
-91.29913418998498,37.3261351682037,0,-1,2018,253,0.34158623583718,0.18337683379650116,0.23549002408981323,298.32,294.33,,
-82.61236704081948,37.50250156585123,0,-1,2017,67,-0.1728266527850078,0.2301751971244812,0.28667929768562317,287.7733333333333,275.68,6.1000000000000005,26.0
-91.69687214828328,31.222862352020112,0,-1,2017,269,0.13338473400154202,0.24815693497657776,0.3257876932621002,300.69,294.7133333333333,31.1,54.7
-93.57232984489309,33.6927957034237,0,-1,2017,139,0.2741882584453919,0.31147587299346924,0.32292675971984863,303.24,290.396,34.6,46.300000000000004
-88.84178119297658,32.6061737254871,0,-1,2018,7,-0.08802117802779616,0.2599019706249237,0.3116016387939453,275.372,,4.7,14.700000000000001
-79.31855215669601,34.014781219128416,0,-1,2020,48,0.04875804967801288,0.3975876569747925,0.4027847647666931,286.77,282.12666666666667,11.5,18.900000000000002
-81.49487095749579,34.43644860190954,0,-1,2017,94,0.09794372294372294,0.25822481513023376,0.2581332325935364,297.212,287.72,12.5,37.7
-84.42782375865191,31.344465557677694,0,-1,2018,132,0.04929454798815537,0.08505160361528397,0.1594695746898651,306.80857142857144,290.42400000000004,27.700000000000003,56.0
-83.4088154393343,31.469107493168924,0,-1,2018,115,-0.12716530146367666,0.14690348505973816,0.15753330290317535,299.59000000000003,288.2066666666667,13.8,49.2
-77.43934172303719,34.53670122114389,0,-1,2019,244,0.17119565217391305,0.1376826912164688,0.09883203357458115,303.585,292.4066666666667,23.900000000000002,43.7
-85.86218264912148,33.69391375489439,0,-1,2019,76,-0.0026905829596412557,0.37842661142349243,0.41183656454086304,291.2,289.84000000000003,11.5,33.4
-81.45306510627137,34.6573929432695,0,-1,2020,309,0.21452964917727413,0.21751156449317932,0.23546776175498962,288.812,282.55333333333334,7.4,28.1
-91.4880481860011,31.75422064395797,0,-1,2020,361,-0.025675675675675677,0.34536272287368774,0.4028644561767578,285.384,278.0833333333333,6.800000000000001,11.600000000000001
-93.84961612987084,30.313434352577534,0,-1,2020,64,-0.04578904333605887,0.41625306010246277,0.39758792519569397,288.0133333333333,281.24,,
-80.42169778888069,35.40203240401433,0,-1,2017,32,-0.0562874251497006,0.3341810405254364,0.3561739921569824,287.25333333333333,276.488,6.0,18.400000000000002
-80.56157217666268,33.55372568104959,0,-1,2018,43,-0.13131998642687479,0.21364594995975494,0.19386355578899384,287.74,278.4266666666667,12.9,18.1
-82.93325670390512,32.81830427392011,0,-1,2018,52,-0.007816571130797291,0.1646212786436081,0.06973975151777267,293.62,290.2666666666667,15.9,29.6
-82.19745879544561,32.930164315362425,0,-1,2019,2,-0.03327220330102174,0.3092755675315857,0.2741211950778961,284.08,288.86,8.6,13.8
-90.04476617586445,32.89124986956829,0,-1,2018,227,0.24393358876117496,0.12374132871627808,0.2019999474287033,300.11,295.90000000000003,16.8,49.5
-84.78118986042789,33.30477630032053,0,-1,2017,55,-0.19183845183003786,0.4575619399547577,0.4864514470100403,294.4866666666667,281.6,10.5,24.1
-90.88522562542207,37.04126685668252,0,-1,2019,157,0.32954914044761596,0.36688217520713806,0.3232467472553253,300.06,290.49,,
-80.1798570819208,35.91305051904218,0,-1,2018,314,0.07198228128460686,0.2988903820514679,0.31495583057403564,289.556,278.02,6.300000000000001,12.0
-80.85738262316146,36.824772917344816,0,-1,2017,104,0.055588762701733414,0.2595893144607544,0.29973381757736206,295.796,281.21500000000003,11.4,45.800000000000004
-80.2777020063177,34.739453105924404,0,-1,2019,70,-0.02359818142455077,0.4795819818973541,0.5073596239089966,287.98,274.14,,
-80.7071361259057,25.711271255887713,0,-1,2019,106,-0.014031413612565446,0.38432759046554565,0.7643204927444458,302.865,293.1466666666667,,
-83.81799156086156,37.18003881865326,0,-1,2019,90,-0.14949137549756744,0.36151427030563354,0.4067704975605011,291.90000000000003,276.11,9.8,33.5
-94.38780856240004,36.82632315773657,0,-1,2020,256,0.0757768489914592,0.09224576503038406,0.17296752333641052,306.11333333333334,295.43,28.0,43.1
-90.23870068177948,29.180426925784975,0,-1,2017,114,0.09605662285136501,0.47176414728164673,0.8469724655151367,298.4733333333333,297.42,,
-81.35816723449894,31.535301805828958,0,-1,2018,83,-0.035506778566817304,0.2253042459487915,0.24705412983894348,,,,
-82.50686371993832,27.61691732264389,0,-1,2017,74,-0.09061224489795919,0.10024478286504745,0.06406856328248978,299.41333333333336,289.0,10.9,47.5
-82.1322555453381,35.083819341084435,0,-1,2019,100,0.22276975361087512,0.44312581419944763,0.4747910797595978,297.935,280.03000000000003,24.5,36.2
-85.04989625078754,35.66257375976733,0,-1,2019,100,-0.0748882265275708,0.40845784544944763,0.4504990875720978,297.34000000000003,283.6333333333333,18.0,34.5
-80.96938985531186,32.2378386934586,0,-1,2017,2,0.12203791469194313,0.1578081250190735,0.11702296882867813,283.72,281.8933333333333,9.200000000000001,16.0
-83.38531039495717,33.58347357488659,0,-1,2017,238,0.27859002603645106,0.13103461265563965,0.1983204483985901,302.72,295.6,23.900000000000002,59.300000000000004
-92.25341447321398,32.635402264230336,0,-1,2019,133,0.4019088016967126,0.42081940174102783,0.44973042607307434,296.3933333333333,289.93,31.8,50.2
-90.74398943046302,36.14117240714311,0,-1,2018,85,-0.16858846918489065,0.13091611862182617,0.2929692268371582,292.64,275.94,14.4,22.6
-80.3395454475912,35.41824127000429,0,-1,2017,23,-0.008747697974217311,0.38396888971328735,0.39196276664733887,292.78000000000003,279.36,7.0,13.5
-92.64926058070662,33.16787291988575,0,-1,2017,99,0.1902534113060429,0.31050944328308105,0.33971092104911804,297.06,287.5114285714286,30.8,49.0
-80.89810225861464,32.55526010938476,0,-1,2020,253,0.23453908984830804,0.19503925740718842,0.18010596930980682,303.71500000000003,299.24,,
-93.69646256155386,33.16685660616174,0,-1,2020,168,0.3466909532483303,0.12646012008190155,0.24110101163387299,306.5,293.60285714285715,47.800000000000004,74.9
-91.97306814167871,35.831475683550835,0,-1,2019,46,-0.17752514210756448,0.38218632340431213,0.4003973603248596,282.67,277.1933333333333,,
-85.46937509475408,30.035843405583577,0,-1,2018,3,0.07019735198601049,0.11408264189958572,0.06481698900461197,279.6933333333333,279.38,6.5,16.5
-87.64685018259321,31.497210878435947,0,-1,2017,329,0.10590329279145654,0.27430757880210876,0.3225165605545044,289.72,278.40500000000003,5.5,23.400000000000002
-87.2822707725632,37.587165469832605,0,-1,2017,111,-0.04682829624709399,0.42984670400619507,0.4414587914943695,300.33,289.98,,
-77.7498580270186,34.923250515314045,0,-1,2020,153,0.06219042377545404,0.2611873745918274,0.2446715235710144,302.88,289.24,,
-92.56363075922019,29.920125193548138,0,-1,2017,138,0.1619283065512979,0.2803468108177185,0.34442126750946045,303.73333333333335,294.1,22.400000000000002,53.7
-82.64381350677793,37.010288226901714,0,-1,2017,0,-0.05904883498244494,0.2368496060371399,0.24232874810695648,278.68,270.18,3.7,9.1
-81.95316437895714,32.836699291920134,0,-1,2017,74,-0.07540983606557378,0.18056704103946686,0.21680904924869537,295.28000000000003,281.915,8.3,38.900000000000006
-91.16568779957421,32.70200916955464,0,-1,2019,52,0.06056644880174292,0.4275921881198883,0.438318133354187,,,11.200000000000001,18.6
-78.18178663877741,34.13487443408576,0,-1,2020,68,0.007820646506777894,0.23478004336357117,0.19319427013397217,288.85200000000003,275.48400000000004,18.0,28.900000000000002
-82.38164816911305,37.377536515777024,0,-1,2018,40,,0.26515281200408936,0.25639721751213074,281.74,268.98,7.2,12.4
-77.64940778031102,35.57204249127924,0,-1,2019,85,0.04287983059820011,0.21685172617435455,0.18590383231639862,290.87,275.90000000000003,10.600000000000001,36.2
-76.5225952149866,34.92390906934469,0,-1,2019,70,-0.09389788293897883,0.3310224115848541,0.33755984902381897,285.22,273.87,12.0,29.0
-77.39613141343396,35.54111085701568,0,-1,2019,96,0.01164789001336643,0.2533324062824249,0.2403392493724823,297.72,277.75,12.0,27.200000000000003
-86.21145006576073,31.253800734990122,0,-1,2017,12,-0.11278195488721804,0.3105819523334503,0.33316516876220703,284.84000000000003,276.7,8.200000000000001,19.900000000000002
-92.55506917605764,35.814031136986294,0,-1,2018,39,-0.11203319502074689,0.328416645526886,0.33716991543769836,279.945,,6.800000000000001,16.6
-92.64184585606009,30.292164461306378,0,-1,2020,269,-0.016074766355140185,0.2606143057346344,0.276376336812973,,,23.200000000000003,37.1
-93.1504736845367,31.844693061558285,0,-1,2018,71,-0.14360177221787854,0.36482515931129456,0.40438398718833923,293.64,284.40000000000003,8.6,32.7
-81.91595216133734,31.525706069612028,0,-1,2020,259,0.32248692620569436,0.2520792484283447,0.08659932762384415,,295.33,,
-92.52642476391338,32.76966785683317,0,-1,2020,198,0.27252906976744184,0.24342888593673706,0.31209424138069153,300.74333333333334,297.1466666666667,22.1,69.0
-82.56051471553774,29.268392940040194,0,-1,2019,1,-0.01569090602328328,0.19503678381443024,0.08740206807851791,293.9733333333333,284.26,13.5,23.3
-90.71655765259624,31.540603013700046,0,-1,2017,22,-0.051205635329179086,0.33850574493408203,0.3570764660835266,289.29333333333335,287.26,8.700000000000001,18.900000000000002
-81.73876873156833,36.40950109203669,0,-1,2018,128,0.11088587066693696,0.29167649149894714,0.29228901863098145,296.444,283.96,18.2,48.1
-80.49831028241228,33.92614560268295,0,-1,2018,250,0.16804635761589404,0.07802732288837433,0.1367778331041336,302.53200000000004,295.79,28.0,52.900000000000006
-87.59075099564825,30.50898885324247,0,-1,2018,203,0.17801476620180476,0.10954519361257553,0.08480104058980942,302.2,298.82,36.4,68.10000000000001
-92.42136541324201,35.56873970754873,0,-1,2020,289,0.0915915915915916,0.2590903043746948,0.3335711359977722,297.065,287.34000000000003,11.8,28.3
-91.96494205254902,32.401131554327435,0,-1,2020,208,0.3432554634513941,0.1922517865896225,0.1869198977947235,304.54,298.325,30.400000000000002,52.5
-88.83097230046474,32.011754060416266,0,-1,2018,81,-0.05586444267937517,0.31794872879981995,0.31368643045425415,290.34000000000003,279.24666666666667,17.3,34.7
-81.36904276451904,26.52690493262228,0,-1,2018,249,,0.16772975027561188,0.11817319691181183,301.01,297.72,,
-79.89122914261144,35.24859752601463,0,-1,2020,5,0.03051237766263673,0.37916240096092224,0.3815326392650604,284.24,279.6533333333333,8.0,19.0
-82.73568901239571,32.25200298259602,0,-1,2017,7,-0.1611801999512314,0.2503218650817871,0.23349639773368835,289.92,,7.7,16.0
-80.63525547850024,26.00515452572738,0,-1,2017,110,0.08862629246676514,0.34244248270988464,0.6873837113380432,300.52,289.78000000000003,,
-79.922749761977,34.40954448397151,0,-1,2020,285,0.0916289592760181,0.24237731099128723,0.10869099199771881,298.395,289.5,14.600000000000001,32.300000000000004
-88.04179732631918,36.39438494314343,0,-1,2019,124,0.4558303886925795,0.36873239278793335,0.3783349394798279,290.58,289.03200000000004,,
-94.31467193566233,35.54828464410182,0,-1,2019,264,0.1215510812826249,0.27732524275779724,0.33939510583877563,303.064,295.42400000000004,22.5,45.900000000000006
-83.59904799477685,31.617334488342447,0,-1,2020,67,0.15327868852459017,0.29738372564315796,0.252702534198761,290.82,279.54,13.5,28.200000000000003
-92.1318811483965,30.50066274949511,0,-1,2017,218,0.19134120496518317,0.2667342722415924,0.2933482527732849,303.95,292.9866666666667,27.400000000000002,48.1
-82.26518719180196,31.233490243537304,0,-1,2018,286,0.3023255813953488,0.12706510722637177,0.0931011512875557,299.325,293.13599999999997,28.1,42.6
-80.91385015742785,35.52977138449059,0,-1,2020,41,0.03663129065388566,0.5111171007156372,0.5288682579994202,278.64,279.18666666666667,,
-92.89842429378407,34.51808750414567,0,-1,2018,111,0.14442567567567569,0.32555827498435974,0.3395772874355316,294.368,281.2033333333333,14.600000000000001,42.2
-86.02222621771027,35.85645573706052,0,-1,2018,250,0.26420454545454547,0.22210080921649933,0.2611674666404724,301.745,293.975,,
-76.8240626994486,37.608121144657986,0,-1,2017,65,-0.10099424385138671,0.2015972137451172,0.2325524240732193,288.28000000000003,274.16400000000004,6.800000000000001,29.5
-93.25769512351103,31.19132096322942,0,-1,2018,159,0.27499566799514813,0.17908737063407898,0.25181320309638977,304.296,296.04,39.900000000000006,70.2
-81.26476857937041,32.159012276919846,0,-1,2017,359,0.01637392080976481,0.13626687228679657,0.0903455913066864,288.74666666666667,286.85333333333335,,
-81.36284220334623,31.626815011388416,0,-1,2019,33,0.0679460580912863,0.20538084208965302,0.18956111371517181,286.4066666666667,272.82,15.0,24.1
-93.19804346025103,36.85809844250183,0,-1,2018,248,0.23080213903743316,0.16558623313903809,0.22887298464775085,300.98,295.428,30.400000000000002,50.2
-89.59764159404146,36.6756583954288,0,-1,2019,121,-0.10323176361957526,0.2646723687648773,0.23589856922626495,298.29,286.65500000000003,,
-83.77153229855631,36.14024833984473,0,-1,2017,250,0.18217191368942343,0.2740727961063385,0.3301502466201782,297.86,285.42,16.2,43.7
-86.52149742818247,34.37959470940311,0,-1,2019,329,0.0,0.23466576635837555,0.24686145782470703,285.86400000000003,276.5333333333333,7.2,17.2
-93.88687361347252,30.07990708658978,0,-1,2018,123,0.10805559707069197,0.33097171783447266,0.37764841318130493,301.05,288.94,29.700000000000003,59.2
-94.20129348047699,30.42781926324915,0,-1,2017,191,0.3300696667294295,0.2272985577583313,0.18687468767166138,302.185,296.94666666666666,,
-87.2243869405965,32.25814722831718,0,-1,2019,190,0.31790235081374324,0.14480313658714294,0.15510748326778412,301.692,295.43333333333334,41.2,66.0
-80.95344922943507,36.74652281162438,0,-1,2017,99,-0.01169730245882072,0.17885661125183105,0.17308494448661804,289.625,279.4866666666667,8.8,46.6
-80.9465202935762,34.62892986060989,0,-1,2018,130,0.26928953399541633,0.17049634456634521,0.21137471497058868,300.2866666666667,287.1,45.1,61.400000000000006
-80.60846863206946,36.9195633588371,0,-1,2018,76,-0.14670790985417587,0.20391972362995148,0.20019440352916718,279.99,272.6066666666667,9.8,22.6
-81.409510509495,37.805427845497356,0,-1,2018,285,0.210412147505423,0.2960033714771271,0.3159056305885315,299.05,291.805,10.600000000000001,21.700000000000003
-94.04148926400089,35.785301916760126,0,-1,2018,90,-0.1281081081081081,0.43494537472724915,0.48107144236564636,291.8,277.74,11.600000000000001,25.900000000000002
-87.58718550609677,37.42950840005732,0,-1,2018,358,-0.16082711085582999,0.3158847987651825,0.3451247215270996,280.86,273.24,,
-93.65333108947577,30.98452892882088,0,-1,2018,113,0.2704903202460648,0.2857842445373535,0.30482181906700134,296.05,284.244,50.300000000000004,66.60000000000001
-84.26959682060736,31.4093438341092,0,-1,2018,320,-0.012125371768474034,0.22776970267295837,0.22946935892105103,287.73333333333335,276.32,11.100000000000001,19.6
-81.35116653356678,26.80954329035908,0,-1,2020,256,0.18116053563183007,0.15303677320480347,0.10311279445886612,306.6,295.64,14.100000000000001,19.700000000000003
-88.93805335816812,32.36941513313287,0,-1,2018,76,0.039505509271701156,0.33947882056236267,0.341368705034256,288.67,276.9266666666667,16.8,30.400000000000002
-94.01861573776952,29.784886619100682,0,-1,2018,186,0.17487873372478938,0.37594759464263916,0.3869880735874176,301.3433333333333,297.732,,
-84.1916287552066,36.41669919890347,0,-1,2018,358,-0.034702549575070823,0.3864414393901825,0.4114089012145996,280.1933333333333,273.39,6.4,10.5
-92.746033950909,32.130066854117466,0,-1,2019,219,0.23333333333333334,0.2613276541233063,0.32964104413986206,304.7866666666667,295.565,,
-84.14648112896059,37.419657584845076,0,-1,2018,114,-0.18574859887910328,0.4192374646663666,0.4056337773799896,295.92,279.18,12.700000000000001,38.900000000000006
-90.43686979725909,30.373922404329043,0,-1,2017,217,0.3519963285910968,0.34653037786483765,0.33464762568473816,302.72,296.41,,
-92.4128632875831,32.667465793379016,0,-1,2020,99,0.3251259093452714,0.34234702587127686,0.32906827330589294,296.14,281.3,27.6,45.7
-92.43123395734193,35.59585524910055,0,-1,2019,136,0.24517906336088155,0.4550124406814575,0.4944348931312561,298.93,286.91333333333336,37.7,52.400000000000006
-81.73838286305609,29.153259410874604,0,-1,2017,74,0.08121095627102355,0.11855532974004745,0.05013728886842728,299.7,286.1666666666667,14.3,47.7
-82.37824260128515,29.55544456232608,0,-1,2019,51,0.0966615753873009,0.19778001308441162,0.09576288610696793,295.76,292.78000000000003,22.8,40.900000000000006
-86.75748256731687,30.460129681579755,0,-1,2019,258,0.13550247116968697,0.10778382420539856,0.07381730526685715,305.66,296.71500000000003,26.1,56.7
-91.39216045326455,37.48158053014331,0,-1,2017,168,0.36331970316522794,0.1978370100259781,0.18127299845218658,299.5,293.22,28.0,52.6
-93.94193667629226,29.954772517141077,0,-1,2020,78,,0.3710228204727173,0.3980880081653595,,292.46,,
-93.61413223979932,33.74739212268916,0,-1,2017,37,-0.15117446295924514,0.3927544355392456,0.38611695170402527,289.43333333333334,278.00666666666666,,
-84.80015029895571,34.694265786200226,0,-1,2019,57,0.0015691548980049316,0.4708133935928345,0.4978393614292145,287.86,277.28000000000003,10.0,22.5
-82.23467296123071,34.02057378485828,0,-1,2017,336,0.23501033769813923,0.2714652419090271,0.3145058751106262,290.5733333333333,277.7033333333333,8.3,21.0
-85.59924145914229,35.17296372341038,0,-1,2017,72,-0.17148456638902498,0.34682366251945496,0.3438952565193176,289.585,276.5733333333333,8.1,28.0
-87.28396799097824,32.49695780100001,0,-1,2017,25,-0.08715122287289011,0.31298884749412537,0.33778610825538635,288.99,281.56,5.6000000000000005,19.5
-84.68943520925212,36.123263582388915,0,-1,2017,312,-0.03450194769059544,0.26800379157066345,0.2796909511089325,,289.23,,
-92.03698233448257,32.888230453538625,0,-1,2017,33,-0.25237103863058064,0.3344182074069977,0.3357239067554474,287.59000000000003,282.66,,
-90.96383866987601,33.85030582456647,0,-1,2017,38,-0.12693288020390825,0.30878910422325134,0.3196636438369751,286.9733333333333,279.088,,
-86.57074400768035,36.681962381631806,0,-1,2019,169,0.04186952288218111,0.3370635509490967,0.3323511481285095,299.48,288.36,27.400000000000002,46.1
-94.48634078959978,35.3093539932386,0,-1,2018,140,0.011391375101708706,0.16633114218711853,0.26044800877571106,304.76,293.93333333333334,23.3,46.300000000000004
-89.3692937791004,30.53124493956531,0,-1,2020,102,0.18966131907308378,0.23084710538387299,0.25240933895111084,297.1466666666667,294.98,25.400000000000002,45.6
-83.57299966357506,37.8209922696762,0,-1,2019,105,0.004558862965942612,0.3732616603374481,0.4133136570453644,292.5933333333333,281.44,10.100000000000001,31.8
-86.66571293792643,36.37544331367477,0,-1,2019,306,0.006070203219846925,0.3930332660675049,0.4337385296821594,283.64,281.21500000000003,6.1000000000000005,19.0
-92.53912806267057,37.14461496875048,0,-1,2019,112,0.11992263056092843,0.2929883599281311,0.33487117290496826,298.956,279.32,16.400000000000002,40.6
-81.83167093957209,29.822478051961134,0,-1,2019,43,0.08214381901427417,0.18828050792217255,0.08935418725013733,295.684,287.485,15.5,26.8
-81.27790075287332,28.4690107474521,0,-1,2018,47,-0.07243816254416961,0.1303538978099823,0.0566355437040329,303.85333333333335,290.46,10.8,34.5
-80.93376264937909,33.5037201655213,0,-1,2018,75,-0.015139751552795032,0.15992280840873718,0.1921912133693695,290.256,277.1333333333333,10.9,32.7
-77.576381465168,34.85024702841831,0,-1,2017,72,0.06961733517750116,0.29018303751945496,0.22377805411815643,292.372,276.19599999999997,11.600000000000001,27.200000000000003
-80.67324470568752,34.93727510202514,0,-1,2017,185,0.23215413771320279,0.30373018980026245,0.3468967080116272,302.09200000000004,290.76,40.6,69.10000000000001
-84.62092861905987,33.658681980556125,0,-1,2020,171,0.24539571926331508,0.36102911829948425,0.38094210624694824,302.5466666666667,291.65000000000003,31.1,61.1
-93.77135250334518,34.71690318056409,0,-1,2019,53,0.10954966464388374,0.5077730417251587,0.5276373624801636,282.66,280.34000000000003,8.5,17.8
-86.97204794634814,32.121039536348235,0,-1,2020,245,0.2958815028901734,0.20785176753997803,0.2294144630432129,301.0,,21.1,50.2
-86.60612074237623,30.682436397286985,0,-1,2017,215,0.09657678332377127,0.2826690971851349,0.09716781228780746,304.96,290.935,30.8,58.800000000000004
-84.69623435364433,31.172988630900555,0,-1,2019,77,-0.0026200873362445414,0.22723732888698578,0.25975435972213745,295.98,,12.8,31.400000000000002
-85.59242045685788,31.20649542631781,0,-1,2019,106,0.03669592747157865,0.13829487562179565,0.10984048247337341,302.632,289.6466666666667,15.8,48.6
-83.59732717412572,34.382764047262135,0,-1,2018,73,-0.2055732094842337,0.4677288830280304,0.4978926181793213,284.764,275.24666666666667,10.0,28.0
-85.23916767588618,30.357854961601905,0,-1,2017,124,0.14730822323013212,0.24018365144729614,0.09486834704875946,304.32,291.096,18.6,54.400000000000006
-81.66901343849672,30.693841363370126,0,-1,2019,98,0.18253968253968253,0.22532834112644196,0.08537368476390839,295.96,280.84000000000003,14.600000000000001,45.7
-88.13729488950374,31.25336129458304,0,-1,2020,64,0.09365721997300945,0.32787415385246277,0.23761478066444397,288.6533333333333,277.61,10.8,25.0
-83.93388682766671,35.40953334287722,0,-1,2018,41,0.006825938566552901,0.31777989864349365,0.25712117552757263,279.17,274.33,,
-82.65586355948152,30.60918134079073,0,-1,2020,167,-0.07057256990679095,0.27110710740089417,0.21106930077075958,301.45,295.18,30.5,60.5
-84.65698302892741,36.71360329036244,0,-1,2020,13,-0.09821428571428571,0.3628652095794678,0.41421645879745483,281.66,276.125,8.0,11.0
-79.72321129635597,33.61877203984511,0,-1,2019,199,0.29971901342491414,0.1536599099636078,0.1747942715883255,303.79,297.78000000000003,30.6,57.300000000000004
-88.55274370074525,36.36462344675457,0,-1,2018,330,-0.04113247863247863,0.25258007645606995,0.27072447538375854,285.49333333333334,275.9733333333333,7.0,11.9
-75.86086146059027,37.54151280338372,0,-1,2017,267,0.24260355029585798,0.14642749726772308,0.14734068512916565,300.0733333333333,291.808,27.5,42.6
-78.33743160395264,35.29607403570291,0,-1,2017,137,0.01801927643525632,0.18124860525131226,0.24052166938781738,303.748,290.24666666666667,12.100000000000001,47.1
-93.98658527293772,37.43619498372253,0,-1,2019,20,,0.31306222081184387,0.32498276233673096,,274.24,,
-87.37321795753972,31.575592007393304,0,-1,2019,252,0.1778125698948781,0.20258790254592896,0.1684717833995819,302.68,296.19,38.900000000000006,55.800000000000004
-91.82206810162138,34.51133892402812,0,-1,2020,74,-0.22326148840992274,0.3664729595184326,0.36394861340522766,289.88,278.82,,
-89.69752448693978,36.564644597772606,0,-1,2017,67,-0.14116129032258065,0.3501092791557312,0.38909628987312317,288.91,275.815,7.4,26.8
-91.08631102436335,31.206569576891876,0,-1,2018,339,0.19817767653758542,0.25527986884117126,0.28047192096710205,289.6,281.2266666666667,7.1000000000000005,14.4
-88.56929611004065,30.462059168258772,0,-1,2020,157,0.2788923424696242,0.379815936088562,0.2873172163963318,301.94,,,
-87.23160950946901,31.51042795866516,0,-1,2018,286,0.2682682682682683,0.17381803691387177,0.1898723840713501,296.824,291.856,27.5,44.800000000000004
-80.54285865870307,33.260797208755584,0,-1,2018,68,-0.00878293601003764,0.15809953212738037,0.1837163120508194,290.16333333333336,276.668,8.1,25.400000000000002
-91.32469502192792,32.00818002399233,0,-1,2017,6,-0.09709001903725864,0.4058363735675812,0.41406187415122986,285.24,275.97,,
-94.06709448686594,36.97336245727833,0,-1,2018,181,0.02256267409470752,0.12075537443161011,0.18805408477783203,308.896,295.635,24.5,52.1
-85.13256755107136,30.52856432810814,0,-1,2019,7,-0.09412507896399241,0.3050781786441803,0.23879526555538177,291.4733333333333,281.6533333333333,10.4,18.5
-94.3295218822349,30.789871763678796,0,-1,2019,12,0.3565450284566455,0.3413313031196594,0.3593873977661133,288.44,281.244,,
-80.93714372609887,26.344986619589196,0,-1,2019,267,0.03164447518588968,0.07055578380823135,0.09867428988218307,307.3266666666667,294.528,19.6,56.7
-90.85594314804739,32.5088216569879,0,-1,2018,59,0.3670886075949367,0.4396941065788269,0.4441342055797577,295.98,291.6533333333333,13.100000000000001,28.400000000000002
-83.11658109387038,33.95101616203589,0,-1,2020,311,0.16266807276562087,0.35630518198013306,0.3943852186203003,291.5833333333333,280.5333333333333,9.5,28.400000000000002
-80.59685318920896,35.3708849751249,0,-1,2018,130,0.17662194449549715,0.2946418523788452,0.3301491141319275,303.06,289.76,27.1,57.800000000000004
-84.04826818232658,36.960232095240414,0,-1,2020,159,0.26958105646630237,0.3262379467487335,0.3714437782764435,302.204,290.58,38.0,63.5
-87.66793648909122,33.95560825665428,0,-1,2019,69,0.03280874899973326,0.31965017318725586,0.33294960856437683,281.18,271.45,,
-86.5019664451616,34.09031276052715,0,-1,2020,144,0.17958695001496558,0.30693691968917847,0.26815494894981384,297.19,,,
-86.39145353093838,33.29839261096434,0,-1,2018,126,0.17245901639344263,0.3156638443470001,0.3630780577659607,299.2142857142857,287.1914285714286,34.300000000000004,60.300000000000004
-78.88496988599722,35.36857646844096,0,-1,2020,249,0.20677102293410993,0.14899203181266785,0.11703403294086456,301.75,296.4733333333333,21.5,43.6
-83.70236284525022,34.763667028722914,0,-1,2019,21,-0.13348343518816339,0.2809655964374542,0.25742724537849426,275.885,272.7666666666667,5.6000000000000005,11.3
-80.96464686594763,34.42301068784887,0,-1,2020,146,0.07270773638968481,0.25702741742134094,0.24251194298267365,301.62,291.31,32.800000000000004,44.900000000000006
-82.020206304202,29.144701450896655,0,-1,2018,85,0.282643131930301,0.12316464632749557,0.054901596158742905,299.075,283.6533333333333,30.0,51.7
-80.95146678428685,33.9230314594551,0,-1,2020,49,0.008665511265164644,0.39736589789390564,0.36844557523727417,287.9533333333333,283.41,8.6,15.200000000000001
-92.22419841686602,32.347242660567005,0,-1,2018,355,-0.03690987124463519,0.29310157895088196,0.3275468945503235,283.38,278.41333333333336,7.7,12.8
-93.27636342365925,30.948924869933464,0,-1,2019,22,0.07489994282447113,0.4294549822807312,0.44072967767715454,279.64,,7.5,15.100000000000001
-83.24002984284121,33.46798418348965,0,-1,2018,26,-0.009584664536741214,0.31770774722099304,0.3245958685874939,285.65000000000003,275.23333333333335,6.4,17.2
-84.17762427773859,37.15291406142006,0,-1,2019,75,-0.04205090372556252,0.40684327483177185,0.41080036759376526,289.04,273.88,10.100000000000001,28.400000000000002
-82.66075700696054,35.00093275270106,0,-1,2020,40,-0.08263933376041,0.3853780925273895,0.3792911767959595,286.16,276.37333333333333,7.2,12.600000000000001
-89.85315678295255,35.7674373227105,0,-1,2018,121,-0.03758020164986251,0.4141085147857666,0.46384721994400024,294.46,284.54,16.0,45.1
-85.04186015908927,35.56291188219927,0,-1,2018,33,0.08143121529919803,0.28307056427001953,0.3011976480484009,276.92,273.79,5.6000000000000005,15.0
-85.66473155377768,36.4994416590399,0,-1,2018,85,-0.11895424836601307,0.36809873580932617,0.4027104377746582,285.02,272.28000000000003,9.9,17.6
-85.43061277831,33.24954860403175,0,-1,2018,190,0.2768893069927877,0.15896980464458466,0.19092445075511932,300.0733333333333,294.94,48.400000000000006,70.3
-85.49357773190376,31.15195124772747,0,-1,2020,23,-0.0356489945155393,0.2256772816181183,0.25373750925064087,286.67,274.44,,
-79.22941757304633,33.4562393792377,0,-1,2017,32,0.2454263030721436,0.2119276225566864,0.21384000778198242,288.17428571428576,280.37,8.1,19.3
-81.12742282201933,27.806496598964497,0,-1,2018,41,0.05229726868515774,0.12182652205228806,0.06934651732444763,297.8333333333333,285.565,12.5,37.1
-85.65617934350013,33.84662302944847,0,-1,2017,99,0.09699376063528077,0.30965495109558105,0.33104392886161804,298.52,284.42400000000004,22.200000000000003,52.6
-81.20606210272445,33.16767112056553,0,-1,2018,38,0.03011677934849416,0.2578097879886627,0.20025914907455444,287.615,277.944,5.5,16.7
-85.7408826458294,36.93695604333521,0,-1,2019,82,0.026181458916515726,0.41067567467689514,0.4365018606185913,290.1771428571429,274.012,11.100000000000001,31.6
-77.50911349790645,35.404248389870986,0,-1,2019,330,-0.11625303228214219,0.19067315757274628,0.17273056507110596,288.34000000000003,277.18,5.2,11.700000000000001
-92.9297349776242,32.341669731166775,0,-1,2018,115,0.1850587789154342,0.33660075068473816,0.32037508487701416,296.34000000000003,285.056,37.7,55.7
-78.46140805331324,36.65928746811056,0,-1,2018,103,0.04682207611077904,0.3468901515007019,0.37356775999069214,292.628,280.36,11.8,37.2
-77.47939225118586,37.04683338911097,0,-1,2017,109,0.0736801392380584,0.1710749864578247,0.18066735565662384,303.78000000000003,286.85,20.200000000000003,46.800000000000004
-82.82969861780715,30.839129167417546,0,-1,2017,61,0.1788574479444741,0.16912473738193512,0.07906971126794815,294.12,286.252,15.200000000000001,39.6
-90.81110657925467,36.6358631008743,0,-1,2018,105,-0.1916605705925384,0.27544161677360535,0.30027681589126587,298.09000000000003,280.86,11.0,38.800000000000004
-83.70994853356089,35.75565545063692,0,-1,2017,198,0.2738784370477569,0.22372306883335114,0.30727118253707886,299.4742857142857,293.03200000000004,36.1,69.5
-91.92061860483065,37.22358932083958,0,-1,2018,41,0.016506189821182942,0.32339513301849365,0.36686238646507263,275.48,264.32,7.5,13.200000000000001
-91.85891456043451,30.526776768266938,0,-1,2017,61,-0.013243313425084394,0.3518029451370239,0.39602527022361755,292.135,286.8333333333333,11.700000000000001,30.8
-82.537058154899,34.05634109108464,0,-1,2019,23,0.04918032786885246,0.43717852234840393,0.44793763756752014,280.785,274.344,7.5,15.600000000000001
-81.21666383241943,31.78016595275081,0,-1,2020,308,0.24808184143222506,0.1206233948469162,0.1311478465795517,292.59000000000003,289.54400000000004,20.700000000000003,31.0
-84.84378037511257,33.09443501651119,0,-1,2018,59,0.11042944785276074,0.4451872706413269,0.4534115493297577,295.1,288.0,12.9,29.200000000000003
-75.94609091033996,35.86698640695581,0,-1,2017,64,-0.1421943864532591,0.5457683205604553,0.8701563477516174,287.9166666666667,279.5,10.4,27.700000000000003
-90.458410755192,32.98393628145193,0,-1,2017,62,-0.0850412249705536,0.2551937997341156,0.3294554054737091,292.9866666666667,285.10400000000004,8.9,27.3
-93.34843031813593,36.129196793587454,0,-1,2020,135,0.32285570974753386,0.45494163036346436,0.4647981524467468,293.26,282.732,,
-90.60742464553898,33.17055411908233,0,-1,2020,25,0.08081088586503749,0.5353924036026001,0.5563409328460693,280.91333333333336,274.74,8.9,11.700000000000001
-84.31044628499572,37.32773007252141,0,-1,2020,64,-0.18787017294479982,0.42003723978996277,0.42957034707069397,284.05333333333334,273.35,8.700000000000001,15.600000000000001
-86.19095254400307,35.161028636872075,0,-1,2020,63,-0.006492425503579158,0.4692019522190094,0.48078563809394836,284.6933333333333,273.39,10.0,17.5
-84.09784444395272,31.63553075310279,0,-1,2020,103,0.008177952240758913,0.16577927768230438,0.17071880400180817,300.37333333333333,293.04,15.5,47.7
-90.60531513664428,35.72351609939508,0,-1,2018,335,,0.3208078145980835,0.34359806776046753,,275.33,,
-83.75449337073607,31.01834981339715,0,-1,2019,188,,0.19426079094409943,0.18035122752189636,309.02,294.94,,
-83.05755153437825,34.10695168382312,0,-1,2017,74,-0.12650602409638553,0.37740543484687805,0.4198729991912842,291.135,277.62,9.1,31.900000000000002
-91.17585709779833,32.71141745587049,0,-1,2018,74,-0.13688212927756654,0.3731543719768524,0.39992207288742065,291.676,278.77,,
-84.9772905362862,30.277404257683465,0,-1,2019,50,0.12068543451652387,0.2046077698469162,0.12436489760875702,291.84000000000003,278.26,22.3,34.1
-77.78323468753506,36.89357364699756,0,-1,2017,309,0.046562123039806995,0.18930089473724365,0.1768425852060318,293.71500000000003,282.5,8.700000000000001,17.7
-80.26056361516186,26.796841287289087,0,-1,2018,260,0.43024071044636597,0.14834003150463104,0.12469172477722168,303.92,296.86,,
-90.86495983088447,30.87239979445811,0,-1,2019,67,0.14484356894553882,0.24177493155002594,0.230590358376503,284.95,273.56,17.400000000000002,28.700000000000003
-76.63990436487754,35.700858292443556,0,-1,2017,42,-0.049546700400590345,0.6490098237991333,0.8974609375,286.26,274.49333333333334,7.300000000000001,20.6
-94.37973894214531,32.47936594181279,0,-1,2020,312,-0.1092,0.12641321122646332,0.15627127885818481,295.2971428571429,281.8866666666667,6.5,30.6
-90.4751287117466,33.361623803592494,0,-1,2017,85,-0.15360101975780752,0.3942685127258301,0.4394315481185913,299.78000000000003,287.64285714285717,13.8,36.0
-81.45477420538953,29.526119493239115,0,-1,2019,110,0.1654729109274564,0.15449966490268707,0.08053579181432724,296.565,287.15000000000003,40.5,55.5
-79.52392021716074,34.81621329873524,0,-1,2018,289,0.042484364891093376,0.27495285868644714,0.26401087641716003,295.5266666666667,290.195,10.5,28.200000000000003
-91.11566478275282,37.16697668121933,0,-1,2018,129,0.22744515916213096,0.30571576952934265,0.3415021002292633,297.98,288.35333333333335,,
-90.1773084562362,31.234720154262327,0,-1,2018,75,0.01579140653690782,0.3253891170024872,0.3014441430568695,292.18,278.745,13.9,32.7
-92.18274987906436,36.32991394455062,0,-1,2020,21,-0.14964788732394366,0.411418616771698,0.43185052275657654,275.71,268.9133333333333,5.800000000000001,9.200000000000001
-76.54145135278343,37.13430775038854,0,-1,2017,59,-0.03732809430255403,0.33491888642311096,0.35320353507995605,292.0833333333333,284.5,,
-86.35115578884404,32.56536541593073,0,-1,2019,41,,0.248234823346138,0.2297673225402832,290.1533333333333,283.372,,
-87.65083719677705,36.457320011931415,0,-1,2017,79,-0.17661795407098121,0.40673166513442993,0.40902039408683777,290.3,273.46500000000003,10.3,28.900000000000002
-82.38851848831835,33.33342441588159,0,-1,2018,207,0.21926536731634183,0.142768993973732,0.06411618739366531,298.42,294.8,48.400000000000006,71.10000000000001
-84.36994285586411,34.02125067837953,0,-1,2019,9,0.005238828967642527,0.5009559988975525,0.524949848651886,286.81333333333333,280.38,,
-86.52583062427505,35.33222292553467,0,-1,2020,121,0.26152304609218435,0.47168177366256714,0.513148844242096,293.54,279.5,41.300000000000004,54.800000000000004
-92.39292720325138,35.93433810259064,0,-1,2018,198,0.32195477753464624,0.14928507804870605,0.19756267964839935,304.2285714285714,295.88,58.900000000000006,64.60000000000001
-87.78490132452454,30.97519238694735,0,-1,2019,243,0.23732077894286327,0.5320152044296265,0.8546296954154968,303.06,294.86,41.2,59.400000000000006
-93.94963116266126,32.56209489345652,0,-1,2018,269,0.30459633246010953,0.2534351646900177,0.24588727951049805,305.46,295.24,,
-81.92815413358873,33.34085923172489,0,-1,2018,99,0.27911728647323253,0.2701307535171509,0.288872092962265,291.6666666666667,285.97,29.3,44.2
-83.15016147202418,34.478390720251674,0,-1,2018,152,0.27250270186814884,0.4840715825557709,0.4872726798057556,302.6,,,
-78.46573609632732,34.205917869608776,0,-1,2020,126,0.1777262180974478,0.6163159608840942,0.8731708526611328,300.896,286.68,33.5,50.7
-83.1748023666948,32.26678605213913,0,-1,2019,22,-0.06273844849512505,0.24000184237957,0.22912080585956573,283.94,277.7666666666667,9.600000000000001,18.400000000000002
-80.0884037042951,35.112499729233,0,-1,2020,42,0.04562982005141388,0.444181889295578,0.4470696747303009,284.40000000000003,275.8,8.700000000000001,16.0
-77.61559068870353,36.68590619618268,0,-1,2020,360,0.002967359050445104,0.33374929428100586,0.30375975370407104,277.67333333333335,274.50666666666666,3.8000000000000003,7.9
-79.16073916153472,34.99104990836538,0,-1,2017,35,-0.04423812124522119,0.2189474254846573,0.2400897890329361,287.69,276.392,7.300000000000001,20.400000000000002
-82.05299325246477,32.3958926089383,0,-1,2019,83,0.004322766570605188,0.13231317698955536,0.06655965000391006,298.78000000000003,280.795,9.700000000000001,37.6
-81.24293780168709,26.67460412324244,0,-1,2017,138,0.08748880262765005,0.0474824421107769,0.07125844061374664,309.69,290.98,14.200000000000001,59.0
-81.75197344498542,29.255500271169655,0,-1,2020,76,0.037991858887381276,0.10277149081230164,0.042523764073848724,300.845,288.0,15.700000000000001,47.900000000000006
-91.30937725986014,30.630902567147842,0,-1,2019,113,0.3003606388459557,0.2878965139389038,0.3233017027378082,294.236,285.236,,
-92.9021198382218,36.61865949778599,0,-1,2018,222,0.28654970760233917,0.3130119740962982,0.35495826601982117,304.31333333333333,294.80400000000003,27.8,55.5
-90.22146030494002,31.651069492930436,0,-1,2017,108,0.19209789178829426,0.3630755543708801,0.3878389000892639,297.0,286.90000000000003,31.5,51.0
-89.38668523612502,36.24362354682956,0,-1,2020,175,0.287116373266864,0.27952221035957336,0.32982751727104187,301.205,292.25333333333333,25.700000000000003,64.9
-81.67466452775166,33.59002603028598,0,-1,2019,292,0.005364593681700775,0.1916317194700241,0.08202065527439117,301.90000000000003,284.0266666666667,15.3,32.6
-92.36481653523145,31.606331794708662,0,-1,2018,25,-0.14632735685367265,0.2438964694738388,0.2760063707828522,283.87,276.64,6.4,19.3
-82.71831661213508,30.162148891031887,0,-1,2018,231,,0.15948127210140228,0.09401334077119827,302.3266666666667,294.84000000000003,24.0,45.900000000000006
-86.80699831231706,30.672263219146508,0,-1,2017,260,0.11743404035178479,0.14136020839214325,0.08615165948867798,301.628,292.015,,
-91.82053792098621,33.92926542017838,0,-1,2019,318,0.34354354354354355,0.24851298332214355,0.2532031834125519,287.06,277.78000000000003,7.4,18.1
-80.90000725269212,28.791341854079654,0,-1,2018,66,0.24395397980746655,0.08634945005178452,0.05006696656346321,296.7885714285714,288.06666666666666,15.100000000000001,42.300000000000004
-82.36698569050672,35.833571835145854,0,-1,2019,318,0.03028467595396729,0.22843241691589355,0.24337653815746307,281.305,,5.9,20.400000000000002
-81.64667471651674,34.039170936737314,0,-1,2019,76,0.06940138325781063,0.42640024423599243,0.44455140829086304,283.63,282.62,13.700000000000001,30.700000000000003
-82.65286716835787,31.462432475741537,0,-1,2017,42,0.005950964056177101,0.1780625581741333,0.1669921576976776,291.805,280.18,10.700000000000001,32.0
-81.31328276005708,31.83838396125041,0,-1,2020,164,,0.5569064021110535,0.7943600416183472,300.84000000000003,,,
-90.3626041919156,30.69473965806926,0,-1,2017,56,0.13562386980108498,0.30636805295944214,0.3557397723197937,293.85,286.9866666666667,18.900000000000002,34.9
-93.05524573320535,31.5457486166116,0,-1,2017,343,0.1296068796068796,0.25215697288513184,0.29964983463287354,287.8,277.13,7.5,13.100000000000001
-83.0119119396219,36.14961607966287,0,-1,2019,16,-0.015421686746987951,0.488369882106781,0.5194249153137207,279.40000000000003,274.54,,
-85.80567250862033,32.20174008682377,0,-1,2017,1,-0.11979765463324903,0.36973124742507935,0.346406489610672,292.87,279.02,6.2,9.9
-83.34584662152288,29.70031794569925,0,-1,2017,59,0.1309337506520605,0.08861152827739716,0.06334757059812546,298.47,287.79200000000003,24.0,38.2
-94.37815246413895,37.2724831946051,0,-1,2019,144,0.16830010138560325,0.44236233830451965,0.43677762150764465,300.14,288.3,,
-89.36968362420959,34.89943945914437,0,-1,2017,43,-0.14956486541185995,0.29695793986320496,0.3172098398208618,,280.17,8.1,23.700000000000003
-76.52295683505453,35.58108257714518,0,-1,2019,252,0.18261344997266266,0.560253918170929,0.8397974967956543,300.45,293.81333333333333,28.900000000000002,48.5
-89.03974784805142,37.44102247158588,0,-1,2017,41,-0.1050482553823311,0.2570735812187195,0.30876320600509644,280.7266666666667,263.66,6.9,19.700000000000003
-93.90062405455222,37.247301610786096,0,-1,2019,23,0.004290091930541369,0.37895098328590393,0.38067689538002014,,273.83,,
-82.6334310763415,31.45101978699309,0,-1,2018,74,0.09949409780775717,0.11665412038564682,0.10429829359054565,290.5,277.2714285714286,21.8,36.1
-86.50887695118311,32.5066133880746,0,-1,2020,246,0.23346137430644473,0.12199365347623825,0.07449515163898468,,294.22,41.300000000000004,56.7
-88.17576561061337,36.734639211773136,0,-1,2017,97,-0.05611257695690414,0.21826636791229248,0.26891258358955383,297.53000000000003,287.34000000000003,9.200000000000001,42.0
-86.19351345911159,33.05642657797539,0,-1,2018,106,0.14916885389326334,0.21560035645961761,0.2076549232006073,296.40000000000003,286.39,25.1,45.0
-83.84247318493856,30.8557920576376,0,-1,2019,258,0.19756456015116522,0.08068421483039856,0.14959245920181274,306.05333333333334,296.51,27.400000000000002,56.2
-81.23345726198707,25.788796883390376,0,-1,2019,76,0.40759493670886077,0.08173470944166183,0.10449403524398804,298.35,292.385,,
-83.84166863951437,37.24541349150128,0,-1,2019,252,0.1777482269503546,0.13111573457717896,0.2261500060558319,301.68,291.2275,45.5,56.6
-81.2028382657132,32.259824419869894,0,-1,2019,176,0.2090281286845208,0.16417165100574493,0.09161565452814102,303.42333333333335,296.81,36.800000000000004,66.3
-81.1789111668944,32.156759223278385,0,-1,2017,84,0.01236174365647365,0.18492625653743744,0.1585446149110794,296.99666666666667,283.32,8.5,42.300000000000004
-82.98887760884023,31.95553165659466,0,-1,2018,269,0.2553830746119179,0.0884876400232315,0.10279034823179245,304.565,295.128,23.5,50.0
-87.81925073052349,33.660994479982406,0,-1,2020,16,0.03882034306349684,0.3993626534938812,0.40410012006759644,281.29,276.38,8.1,11.5
-87.71552672574485,36.79335286789455,0,-1,2017,1,-0.058385579937304075,0.29832011461257935,0.294038325548172,282.94,275.29,,
-91.16766837198287,36.3647096453501,0,-1,2019,79,-0.16578626574563185,0.4422542154788971,0.4588751196861267,293.0966666666667,275.22,8.3,32.0
-86.75328803842112,33.08522283009101,0,-1,2020,33,-0.024539877300613498,0.34983590245246887,0.36625704169273376,288.86,275.47,8.9,17.400000000000002
-87.02540581106267,32.69288048917239,0,-1,2019,93,0.15667011375387796,0.31053465604782104,0.335964560508728,294.0766666666667,281.6933333333333,14.8,36.2
-87.1629591476827,31.071755923652614,0,-1,2018,360,-0.008534592337025604,0.6595137119293213,0.8994890451431274,287.84000000000003,280.1,6.1000000000000005,11.9
-83.54616736415922,32.163766113662454,0,-1,2017,164,0.2100018119224497,0.24146811664104462,0.2174735814332962,302.6933333333333,292.40000000000003,34.0,55.6
-83.28555955185602,29.82062298666365,0,-1,2018,115,0.24272279444693237,0.15825602412223816,0.16552890837192535,298.705,289.86,,
-82.16665419489455,29.200178016969375,0,-1,2019,228,,0.2317822277545929,0.11555442959070206,309.24,298.42,,
-84.2740888389056,33.05519490521363,0,-1,2018,51,,0.4399113655090332,0.459419310092926,295.88,288.0,,
-78.01127963686532,35.95561115184197,0,-1,2020,99,0.25207328833172615,0.26910483837127686,0.25484952330589294,295.4114285714286,284.112,20.8,43.1
-88.94077872068354,34.39020460141339,0,-1,2020,91,0.10468504819547186,0.3913480043411255,0.41467806696891785,297.61333333333334,283.66,20.1,38.2
-83.3028837050768,33.01406223481429,0,-1,2017,173,0.3129332206255283,0.17974811792373657,0.09315307438373566,,295.84000000000003,,
-89.5263637347387,33.563267453483455,0,-1,2020,134,0.3526164716272908,0.27902236580848694,0.3003562092781067,293.788,282.49333333333334,30.8,49.400000000000006
-86.56682076432148,37.793694308043634,0,-1,2017,187,0.27435972917279955,0.35713887214660645,0.3031628429889679,299.92,292.0,39.800000000000004,59.5
-93.61073446790935,29.9300048389329,0,-1,2018,250,0.13907849829351535,0.46105343103408813,0.8015727400779724,301.45,295.83,,
-84.94164456832463,36.86603202496013,0,-1,2018,248,0.17569444444444443,0.15783476829528809,0.22185394167900085,301.6466666666667,294.128,26.1,47.800000000000004
-92.87482102524754,33.46996742621997,0,-1,2017,120,0.26401267577738163,0.36369559168815613,0.366733580827713,295.56,284.72,27.1,47.800000000000004
-79.1953424381128,34.73272211384282,0,-1,2018,343,-0.06817447495961228,0.3271702229976654,0.2686544358730316,285.21,273.22,,
-87.3980939698515,31.442209406660243,0,-1,2019,127,-0.07102110667427268,0.20414677262306213,0.22689729928970337,304.115,292.245,,
-83.92187938010471,37.31645045633518,0,-1,2020,164,0.28519306780176346,0.33449432253837585,0.35576140880584717,300.76,290.27,33.9,63.0
-88.85168955914192,31.301577385362418,0,-1,2019,107,0.3140412682435833,0.26341381669044495,0.2317551225423813,297.66,286.065,26.3,42.800000000000004
-84.51073522083924,35.9621806795983,0,-1,2019,111,0.2808864265927978,0.3058831989765167,0.34066611528396606,293.0,275.65000000000003,20.8,42.7
-82.01107563070924,32.57200067182783,0,-1,2017,46,-0.01117907614427336,0.20802542567253113,0.1858297437429428,291.75,284.53200000000004,7.0,29.400000000000002
-84.85476691674617,31.713745227845603,0,-1,2019,71,-0.002970070824765821,0.27898451685905457,0.27837467193603516,291.128,,16.8,34.9
-82.79874102382263,35.557950562525434,0,-1,2019,144,0.33940847322142287,0.22641997039318085,0.27234891057014465,300.845,289.165,,
-83.66037317197795,35.92161403524531,0,-1,2019,290,-0.045663010967098704,0.22503241896629333,0.2785150408744812,301.85,283.545,,
-79.25878954967409,35.2593694363653,0,-1,2019,82,0.0616729088639201,0.19516053795814514,0.17923866212368011,292.84000000000003,278.21500000000003,11.100000000000001,37.300000000000004
-81.65024017960448,36.21823242702319,0,-1,2020,268,0.1598529093662124,0.19566254317760468,0.20943480730056763,291.36,281.5,13.600000000000001,33.6
-86.93425098947445,36.77276511007515,0,-1,2020,72,0.10890750555650539,0.451965868473053,0.4693003296852112,289.05,276.1933333333333,9.9,19.700000000000003
-85.52141258490636,33.54623444337604,0,-1,2017,132,0.3730054439647081,0.2273925393819809,0.2534998059272766,297.8233333333333,287.675,37.800000000000004,63.900000000000006
-82.60618270252235,37.727117894651386,0,-1,2018,95,-0.12051971326164874,0.3055441379547119,0.3407883048057556,285.43,274.68,9.4,27.5
-91.55741653707548,36.630044941085636,0,-1,2017,10,-0.1780532840939066,0.25065067410469055,0.2637486457824707,269.26,261.22,,
-88.36857191300238,37.624431301912566,0,-1,2020,41,-0.005731523378582202,0.3845302164554596,0.40582138299942017,284.32,,7.4,11.100000000000001
-92.25404134174163,37.38618056924021,0,-1,2017,7,-0.26295461860315417,0.15608356893062592,0.20725128054618835,281.44,275.44666666666666,4.3,8.8
-93.54178977177047,35.356015323972684,0,-1,2018,261,0.12846517917511832,0.09629850834608078,0.16142548620700836,305.49142857142857,294.0,20.0,50.800000000000004
-84.07713148026399,33.422926935374356,0,-1,2019,108,0.19799498746867167,0.4055926501750946,0.4338426887989044,296.94,286.11,24.3,46.900000000000006
-93.1078774341624,34.791821141206476,0,-1,2018,68,-0.11235059760956176,0.48164689540863037,0.5011601448059082,289.8433333333333,277.62,8.4,30.8
-87.11124932185923,36.52600391110293,0,-1,2017,286,0.1582952815829528,0.27963560819625854,0.3098481297492981,300.24,284.6666666666667,14.700000000000001,26.5
-92.18480890465858,32.947087606258,0,-1,2019,166,0.34764292878635905,0.23801816999912262,0.28992959856987,301.685,291.91333333333336,38.2,54.6
-93.04585734173472,34.3966533552278,0,-1,2019,258,0.15423340961098397,0.20711854100227356,0.29143816232681274,306.27714285714285,296.37666666666667,25.0,53.2
-94.07238398130036,36.76812504096945,0,-1,2020,44,,0.39081209897994995,0.4008468985557556,273.26,268.6466666666667,7.7,10.4
-89.01488329715063,30.63566271379657,0,-1,2018,198,0.2165918323711781,0.25835490226745605,0.23937176167964935,302.6,297.34000000000003,40.7,53.800000000000004
-82.01501531476865,28.312511572245654,0,-1,2018,41,0.053103964098728494,0.13803136348724365,0.07877644896507263,294.88,288.51,23.0,37.300000000000004
-90.8618467703879,34.5714680367972,0,-1,2019,44,-0.07582791705354379,0.34789925813674927,0.3756684362888336,288.24,277.14,,
-85.53479960176877,30.178102825553577,0,-1,2018,80,0.22810870161954433,0.1522529274225235,0.08167615532875061,295.996,281.85200000000003,,
-86.73422652365473,36.46151144842293,0,-1,2017,192,0.31521739130434784,0.2899042069911957,0.34752029180526733,301.925,293.90500000000003,48.7,70.2
-91.21736200899683,37.0012630810353,0,-1,2019,36,-0.11936339522546419,0.3416827917098999,0.32740452885627747,278.04,275.515,6.2,10.3
-93.4510273685152,35.747289582884775,0,-1,2019,133,0.31153846153846154,0.46098053455352783,0.49697163701057434,294.62,283.68,32.800000000000004,51.0
-81.67034856073109,27.258226686990543,0,-1,2019,70,0.16843270599399018,0.13186468183994293,0.09308353066444397,302.84000000000003,287.10285714285715,13.8,46.400000000000006
-85.60898915201138,32.147632988530724,0,-1,2019,53,,0.4555269181728363,0.4878424406051636,298.26,291.3,14.4,27.900000000000002
-93.31607816430338,31.33660149309559,0,-1,2017,90,0.2532624456259062,0.3413904309272766,0.37107810378074646,295.9533333333333,289.596,20.400000000000002,48.0
-81.73938326868922,27.634584698723895,0,-1,2018,59,-0.04524606421222264,0.11254566162824631,0.06696745753288269,,292.14285714285717,3.0,43.400000000000006
-81.25264883249434,28.904689035111257,0,-1,2017,67,-0.012089810017271158,0.0738336369395256,0.04285910353064537,301.015,289.372,,
-87.31153640101088,35.18647098312846,0,-1,2018,72,0.03265228184074852,0.3885000944137573,0.4048795998096466,288.22,274.6,8.6,22.200000000000003
-85.34046635860373,32.31207544355487,0,-1,2020,73,0.012665353222628765,0.1931861788034439,0.13300392031669617,291.74666666666667,279.8266666666667,,
-80.81995734185753,25.86660638950349,0,-1,2020,238,0.077338736913205,0.6839221715927124,0.9049942493438721,300.81333333333333,299.72,,
-93.75575455763699,34.117230713297324,0,-1,2020,19,0.17542748575047498,0.44256535172462463,0.46259605884552,286.68,273.16,6.4,13.8
-77.86563962216871,37.45148488663793,0,-1,2017,52,-0.09934418265727471,0.3972526788711548,0.41399526596069336,289.45,276.1,7.2,21.700000000000003
-86.39406525738487,37.43937690722361,0,-1,2017,98,0.050016561775422325,0.30412280559539795,0.36445242166519165,294.932,276.68,13.700000000000001,43.800000000000004
-77.47167112866663,36.70902548820047,0,-1,2017,289,0.22294316117311186,0.2286008596420288,0.2528223991394043,298.52,290.66,12.0,29.6
-81.78919364656186,35.30462762365034,0,-1,2019,309,0.05768728791438267,0.23315005004405975,0.24299928545951843,288.52500000000003,278.996,7.2,23.1
-90.8150715819288,30.99616923671177,0,-1,2017,214,0.34433487623264236,0.24097256362438202,0.2595863938331604,301.1466666666667,294.8,33.4,56.300000000000004
-93.81065367281892,33.33036792799644,0,-1,2017,337,0.2486025301559282,0.13677598536014557,0.24435117840766907,291.73333333333335,280.9166666666667,8.0,16.7
-83.75271818977076,30.119678168451173,0,-1,2018,142,,0.17217877507209778,0.08528724312782288,,291.8333333333333,,
-93.51380969395633,32.45470667367855,0,-1,2020,22,0.1279439847231063,0.4285215437412262,0.3953511416912079,280.44666666666666,274.67,6.2,13.4
-91.3492918261816,36.52385352421316,0,-1,2019,161,0.2916544655929722,0.42242226004600525,0.4565364718437195,298.5733333333333,291.73,30.5,51.300000000000004
-77.03009064673698,36.13829599600339,0,-1,2018,44,0.26614664586583464,0.27500858902931213,0.2540704309940338,282.2733333333333,273.29333333333335,8.9,12.9
-76.9325072690782,36.87864560798741,0,-1,2018,121,0.24064837905236908,0.1641085296869278,0.19669635593891144,296.40000000000003,283.515,22.6,49.7
-88.13854546366247,35.57640208714256,0,-1,2019,64,-0.035048165607706495,0.4010617434978485,0.42851632833480835,286.57,273.6533333333333,9.1,21.200000000000003
-78.69814038000825,34.70489921564573,0,-1,2017,286,0.26216908625106744,0.12320251017808914,0.1073334813117981,,291.81333333333333,13.700000000000001,37.300000000000004
-79.79898534306916,36.52267535299503,0,-1,2018,339,-0.06801379990142928,0.41397127509117126,0.44416821002960205,279.68,285.08,,
-92.4711518084508,33.04597117220894,0,-1,2018,230,0.333502024291498,0.1768435835838318,0.20786452293395996,306.88,292.94,23.900000000000002,48.900000000000006
-88.57055236134129,32.63368434385679,0,-1,2018,127,0.27837599293909976,0.24534159898757935,0.26602551341056824,298.265,287.53000000000003,25.1,58.900000000000006
-80.03340230183882,35.74835996923595,0,-1,2017,325,0.02814885496183206,0.2477029412984848,0.2906692624092102,286.54400000000004,275.95,6.2,17.3
-84.53052190499304,32.71121318823951,0,-1,2020,328,0.10947883875480938,0.2926407754421234,0.34476742148399353,290.7114285714286,281.6225,7.300000000000001,23.8
-90.40203094804471,33.627163649832085,0,-1,2019,76,-0.11496419148134188,0.5119715332984924,0.538179337978363,293.61,287.48,8.4,36.5
-88.3826280704113,37.822239419409314,0,-1,2018,230,0.335693215339233,0.1714724898338318,0.21610426902770996,302.1533333333333,292.75,,
-94.25997530250325,33.55300768395902,0,-1,2018,139,-0.1146674953387197,0.2516789138317108,0.33712291717529297,307.43666666666667,292.66333333333336,16.1,47.300000000000004
-90.74789412057173,36.73145116603582,0,-1,2019,68,-0.1717296962182269,0.34432563185691833,0.33780544996261597,276.84000000000003,266.34000000000003,10.8,18.3
-81.62676883782107,36.459225805043005,0,-1,2019,20,0.004259584064144325,0.27448800206184387,0.24459947645664215,,,4.0,6.9
-78.38104177608626,35.157207683507174,0,-1,2017,54,-0.06237424547283702,0.20863103866577148,0.22878219187259674,293.716,278.6466666666667,13.8,27.0
-81.20544046769585,33.11318106834498,0,-1,2017,61,-0.036831483350151364,0.16302122175693512,0.19650134444236755,297.27,285.192,12.200000000000001,35.9
-89.84199309879016,32.727770340009,0,-1,2017,146,0.39737991266375544,0.24088798463344574,0.2958240211009979,299.58,289.44,36.2,51.5
-91.48737053539745,34.59733618859952,0,-1,2017,173,0.18255884127942065,0.2997432351112366,0.32206544280052185,301.48,295.145,25.6,54.5
-81.99286444834907,37.179612436628425,0,-1,2018,62,-0.15045217867909016,0.2811127007007599,0.32112082839012146,284.79,272.68666666666667,6.7,20.8
-89.91946979165311,37.45251890115773,0,-1,2018,13,-0.1032067821599705,0.2659684121608734,0.2830547094345093,271.0,277.98,,
-93.95173546969798,35.80165449154571,0,-1,2018,53,-0.2440347071583514,0.45054110884666443,0.43439558148384094,,,7.0,11.0
-76.87409496399867,37.01500755973379,0,-1,2018,277,0.189817103311913,0.23714278638362885,0.281217098236084,299.88,289.6533333333333,24.6,43.0
-87.14273699908577,35.29950479976907,0,-1,2020,288,0.1184407796101949,0.22447769343852997,0.29347237944602966,297.135,285.26,27.900000000000002,32.7
-93.12498364431828,29.88223401836074,0,-1,2019,111,0.17699815352149828,0.6670892238616943,0.9038985371589661,295.836,289.42333333333335,23.3,48.7
-85.00228735468987,35.990824365730944,0,-1,2019,144,0.3421247592235887,0.20914702117443085,0.25867703557014465,303.21500000000003,290.176,40.400000000000006,60.800000000000004
-86.58835821902656,37.62499945384774,0,-1,2020,225,0.3730386367470896,0.26914533972740173,0.3037204444408417,298.205,290.508,,
-87.96559731461143,37.741731664424265,0,-1,2017,40,-0.04698211001504765,0.31911352276802063,0.35896700620651245,279.644,264.5,7.1000000000000005,12.200000000000001
-81.38671686847862,35.47205120896645,0,-1,2017,142,0.3627889634601044,0.31148290634155273,0.28418824076652527,303.595,290.475,35.800000000000004,53.800000000000004
-88.75132548666063,36.64542329430072,0,-1,2019,139,0.23637486490659257,0.3247392475605011,0.376105934381485,299.75333333333333,287.04,35.0,60.6
-91.95309904122789,36.20619011508163,0,-1,2018,36,-0.0299625468164794,0.13942210376262665,0.1551360785961151,280.52,265.57,5.6000000000000005,17.1
-86.48378488430812,35.490454422462584,0,-1,2020,11,-0.04678787878787879,0.4159063398838043,0.41781774163246155,284.85,276.79,,
-80.32762913703665,25.764506535374846,0,-1,2020,84,,0.08422476053237915,0.1571199595928192,304.97,296.128,,
-87.50373291298338,33.053644427025695,0,-1,2018,186,0.2688451541032306,0.26352083683013916,0.2937263548374176,302.492,296.545,10.0,70.4
-89.55791832027917,30.262697311764303,0,-1,2020,107,0.2893401015228426,0.17193448543548584,0.22761733829975128,295.46500000000003,292.0,27.0,45.900000000000006
-81.7407317221306,35.443312542531345,0,-1,2018,316,0.10502958579881656,0.37764912843704224,0.2966485917568207,285.90000000000003,278.42,,
-81.45804085598928,34.748478689250724,0,-1,2018,207,0.3122049898853675,0.205207958817482,0.24799984693527222,299.82,293.34000000000003,,
-87.39158597953563,33.48592295418076,0,-1,2017,18,-0.07641196013289037,0.25926363468170166,0.26112207770347595,293.68,288.18,7.6000000000000005,14.200000000000001
-93.15809261316151,33.72810558448944,0,-1,2019,20,-0.022047719722138325,0.25800850987434387,0.20010484755039215,276.66,,5.6000000000000005,12.200000000000001
-86.46360706093738,30.552603418932822,0,-1,2018,13,0.2802529462489221,0.1603776067495346,0.09030567854642868,284.7,275.8,10.9,18.900000000000002
-91.43608772699662,29.860770784895088,0,-1,2018,105,0.3207309388783869,0.31572481989860535,0.35557466745376587,294.395,287.92,,
-81.41785094027902,26.119469875997908,0,-1,2017,358,0.2014714204867006,0.13456468284130096,0.12193609029054642,296.5133333333333,291.085,14.4,30.200000000000003
-83.35662084002958,31.191183548083153,0,-1,2019,154,-0.042081101759755164,0.06172947958111763,0.09475339949131012,311.896,297.19428571428574,8.200000000000001,31.700000000000003
-87.6366470095257,35.56883017181109,0,-1,2018,63,-0.19990603711533944,0.4074900150299072,0.43190762400627136,289.456,276.1333333333333,8.8,24.1
-90.30109723262773,37.24754669194007,0,-1,2018,55,-0.1431508609611925,0.37521982192993164,0.2941147983074188,281.48,273.0,6.0,12.3
-91.65253208882389,30.870108083093594,0,-1,2019,103,0.25894378194207834,0.28310662508010864,0.23426616191864014,292.815,288.75333333333333,20.1,38.6
-83.29140043729713,31.065788708926263,0,-1,2020,8,0.05803195962994113,0.14996646344661713,0.14960156381130219,287.545,279.504,10.700000000000001,27.5
-87.15642355044801,34.411717817326924,0,-1,2019,47,0.04981473857554549,0.4586981534957886,0.4696319103240967,285.18,271.5,,
-80.49285980176889,25.623444432108688,0,-1,2019,265,0.1649331352154532,0.21370543539524078,0.25141891837120056,304.3,297.31333333333333,20.900000000000002,55.300000000000004
-87.54860667331073,37.26556474529029,0,-1,2018,65,-0.16618357487922705,0.34968310594558716,0.37154126167297363,289.084,276.68,9.1,20.3
-76.87294675058105,36.79620893477125,0,-1,2017,39,0.05410938871014916,0.2322651743888855,0.23252341151237488,283.5933333333333,275.85,6.4,17.5
-87.10022203731447,30.77767182146324,0,-1,2020,349,-0.15093499554764025,0.16325241327285767,0.08138351142406464,291.124,278.54,,
-82.45679769518402,31.992055714530892,0,-1,2020,310,0.1206581352833638,0.15968506038188934,0.22543224692344666,294.096,284.1,7.2,33.6
-89.0915681525546,31.586968318011326,0,-1,2020,26,0.054087277197295634,0.33130335807800293,0.32291704416275024,282.716,276.475,8.9,15.700000000000001
-81.03129669590123,28.80985013862664,0,-1,2018,127,0.10945273631840796,0.11478739976882935,0.039279911667108536,303.96,288.635,18.7,60.900000000000006
-93.08271982430018,33.70831312108908,0,-1,2020,104,0.2882777907247728,0.2992056608200073,0.295365571975708,289.51,297.42,23.200000000000003,40.7
-91.60589500411488,31.34526179436556,0,-1,2018,145,0.17049576783555018,0.3540342450141907,0.3798266351222992,303.572,294.93333333333334,14.600000000000001,56.900000000000006
-94.1051405714064,36.36686608680276,0,-1,2019,265,0.05484764542936288,0.22450865805149078,0.27058395743370056,303.06666666666666,294.4866666666667,17.400000000000002,32.5
-88.31555772587755,37.36147553278042,0,-1,2020,309,-0.10603520536462699,0.3170599043369293,0.3492372930049896,289.0566666666667,277.116,6.800000000000001,19.8
-77.67561405573619,36.722465587655705,0,-1,2020,54,-0.06657546739626083,0.44848743081092834,0.46309494972229004,284.675,274.05,6.1000000000000005,12.0
-78.95805875829473,36.296006155446904,0,-1,2019,11,-0.14145623927433196,0.4170987010002136,0.42173537611961365,282.24,277.87,6.6000000000000005,11.3
-90.82520721196474,31.66262201032293,0,-1,2019,90,0.2672594142259414,0.30768126249313354,0.3000810444355011,292.945,285.42,14.5,31.0
-83.79354468213592,32.93231478523753,0,-1,2018,65,-0.0412821758135017,0.42292529344558716,0.42244458198547363,292.925,282.084,,
-78.65708217390018,35.52573056082118,0,-1,2017,41,-0.010439560439560439,0.19616049528121948,0.22300881147384644,287.204,279.42,8.3,22.700000000000003
-76.09962824848635,36.87889046146532,0,-1,2017,72,0.07003118797845194,0.17873282730579376,0.20748166739940643,285.94,278.5,9.5,27.5
-90.57361853490288,30.83146902514205,0,-1,2018,101,0.24907369287772746,0.34305134415626526,0.35739901661872864,294.15000000000003,284.14,32.6,47.1
-90.18454770028686,36.25831902326488,0,-1,2019,36,0.08283730158730158,0.4097980260848999,0.41419652104377747,280.85,272.38,8.0,13.3
-79.4207817080174,35.90835975470617,0,-1,2017,0,-0.1916151572158022,0.2757900357246399,0.2948800027370453,287.26,277.236,4.3,10.8
-82.3153831424938,28.99111040827429,0,-1,2020,61,-0.08250512699163906,0.11199436336755753,0.04777788743376732,293.608,280.325,11.0,33.6
-82.12653495021856,27.512343158536204,0,-1,2017,103,-0.14152310417002092,0.06260005384683609,0.029910294339060783,304.54400000000004,287.872,12.600000000000001,59.0
-79.29834781075701,37.37790913954023,0,-1,2020,141,0.3065486725663717,0.46258580684661865,0.4611547291278839,302.73,283.67,32.6,42.800000000000004
-82.19180116670395,36.91399957035228,0,-1,2020,311,-0.14145077720207253,0.28672510385513306,0.3364018201828003,287.4266666666667,275.91333333333336,4.800000000000001,24.0
-84.06622824059049,35.35100354177063,0,-1,2017,165,0.41544753814692464,0.2995300889015198,0.2989594638347626,293.79333333333335,287.808,34.300000000000004,61.900000000000006
-88.96215108756935,37.77654100392417,0,-1,2020,175,0.36795774647887325,0.28452709317207336,0.30651208758354187,303.06,292.145,50.800000000000004,68.3
-88.95653903256118,36.38910305214901,0,-1,2018,276,-0.17660446062812926,0.22337473928928375,0.25685542821884155,303.04,288.435,7.0,46.0
-89.92157627603122,29.859119294965534,0,-1,2020,51,0.056861673045379986,0.7108129858970642,0.9055604934692383,289.05,283.45,14.0,23.1
-87.03969945649561,37.21994246035652,0,-1,2020,129,0.22686567164179106,0.3911781907081604,0.38639211654663086,298.62666666666667,284.40000000000003,27.0,46.0
-87.0030348718805,35.72860922055316,0,-1,2018,68,-0.032091479158981924,0.48994767665863037,0.5222783088684082,290.36,272.3933333333333,9.0,20.900000000000002
-86.53958980981251,31.3454614367255,0,-1,2020,64,0.045915324985092425,0.35009095072746277,0.29297366738319397,289.6066666666667,277.0733333333333,9.9,22.6
-83.74831252270667,31.688190964202175,0,-1,2017,267,0.038716577540106954,0.11825977265834808,0.16638365387916565,302.1,293.47,29.6,51.6
-94.10535033355642,33.21915294265713,0,-1,2020,147,0.3042398438885932,0.3249695301055908,0.29768824577331543,300.88,291.79,50.400000000000006,62.1
-81.4193542402761,29.667365830847462,0,-1,2018,278,0.17275574112734865,0.1137923151254654,0.0662541314959526,302.928,294.8066666666667,20.1,50.7
-82.61311527351647,33.17004572358781,0,-1,2019,92,0.047229791099000905,0.18397124111652374,0.08325594663619995,294.44,280.0733333333333,16.900000000000002,36.7
-83.17456590763703,33.33413209848138,0,-1,2019,102,0.25028312570781425,0.41388624906539917,0.43475204706192017,298.82,287.57,26.8,39.5
-82.55142218170118,28.42754612227447,0,-1,2020,145,0.02815884476534296,0.10997460782527924,0.03983153775334358,308.34000000000003,295.1066666666667,,
-85.925685786114,31.336681531402377,0,-1,2018,122,0.07036374478234943,0.15292660892009735,0.20442348718643188,303.884,286.16,19.0,60.300000000000004
-84.96387899907393,32.393187007516254,0,-1,2018,39,-0.12866700977869275,0.192918598651886,0.16193799674510956,288.04,279.46,7.4,19.0
-77.38625971518334,36.08585858151597,0,-1,2018,304,0.07303491111587064,0.1555866301059723,0.13174378871917725,293.535,279.375,7.1000000000000005,21.6
-84.23775649253362,34.602729586633906,0,-1,2017,194,0.3872242344418834,0.20125356316566467,0.20712462067604065,294.82,292.22,,
-79.4492273073478,35.83074926515001,0,-1,2019,235,0.33807829181494664,0.25824952125549316,0.27736884355545044,300.71,294.7733333333333,,
-82.77616630464478,30.323788040387072,0,-1,2018,338,0.1002680965147453,0.20021013915538788,0.15454861521720886,285.63,275.74,9.1,18.400000000000002
-81.47419695401848,37.1270413549234,0,-1,2018,275,,0.2884521186351776,0.31521010398864746,,287.56,,
-82.4650125191525,28.453124712745236,0,-1,2019,276,0.10554860241969129,0.1150205060839653,0.05394610017538071,303.07599999999996,295.0225,27.1,45.800000000000004
-87.29080414876145,34.098491446413156,0,-1,2019,358,0.14939136849870896,0.25838375091552734,0.23223909735679626,281.365,276.315,6.6000000000000005,11.600000000000001
-85.00861384653342,36.95304899809756,0,-1,2017,151,0.45498783454987834,0.27144569158554077,0.3046024441719055,293.71,289.08,17.1,47.900000000000006
-79.46021737724963,33.35363779720562,0,-1,2018,254,0.3330152671755725,0.31262481212615967,0.28455087542533875,,294.565,30.1,48.400000000000006
-90.93616854488076,29.38710350181751,0,-1,2018,13,-0.07163561076604555,0.5035172700881958,0.8317607641220093,282.92,279.44,,
-89.17460576533655,35.10329157076761,0,-1,2019,75,-0.12164073550212164,0.36350831389427185,0.37649860978126526,285.88,281.06,10.700000000000001,34.800000000000004
-87.07392465845967,36.17349835605042,0,-1,2017,330,-0.12824675324675325,0.2717108130455017,0.30991142988204956,284.3914285714286,276.21,5.300000000000001,18.2
-93.89522101051136,33.40361253337233,0,-1,2020,265,0.249617820484822,0.48526933789253235,0.3507028818130493,298.295,292.3914285714286,17.900000000000002,37.1
-79.26212918355681,33.406484916997144,0,-1,2017,106,0.08514986376021798,0.13912667334079742,0.16565288603305817,298.49,287.74,17.900000000000002,56.2
-79.70368875934386,36.853881836782875,0,-1,2020,140,0.2287495897604201,0.4661944508552551,0.46330496668815613,300.27,284.17,29.3,41.900000000000006
-84.25162288083973,31.823769643784512,0,-1,2017,274,0.18056638087815016,0.08336277306079865,0.1505383551120758,301.8366666666667,293.13,22.400000000000002,45.0
-80.20300881181839,35.10090171836779,0,-1,2017,98,0.10995348837209303,0.20237721502780914,0.23579031229019165,294.5866666666667,284.09200000000004,28.5,50.5
-86.99510112723048,37.87093480705034,0,-1,2018,83,-0.11869844179651695,0.3744131326675415,0.3896322548389435,287.66,274.01,11.9,18.900000000000002
-91.62727765461895,35.04115412650481,0,-1,2018,47,-0.0488771466314399,0.2265453040599823,0.2462259978055954,279.64,278.58,11.200000000000001,14.600000000000001
-94.33053602969107,33.80473794883981,0,-1,2020,26,-0.06318614296169797,0.34998011589050293,0.34440141916275024,282.415,273.32,7.9,13.600000000000001
-80.99917732908219,28.585660023089666,0,-1,2020,305,0.19130668097665682,0.14249323308467865,0.12661634385585785,297.57,294.40000000000003,23.3,35.7
-81.20127791640671,37.11176362892779,0,-1,2020,81,-0.1004223369310183,0.3053337037563324,0.3217891752719879,,277.04,14.100000000000001,25.0
-84.33112074857169,30.691065569467895,0,-1,2018,15,-0.005695301376364499,0.16538232564926147,0.20172825455665588,283.235,282.1333333333333,,
-79.62942201346485,37.65892647349799,0,-1,2020,79,,0.24215243756771088,0.22363810241222382,293.0133333333333,281.08,10.200000000000001,20.5
-88.06735107789372,35.616463209402,0,-1,2020,69,-0.19204737732656516,0.41823482513427734,0.4508226811885834,289.02,279.48,9.200000000000001,22.900000000000002
-79.47491737675519,34.31898709107326,0,-1,2018,108,0.1577019913023575,0.1811964362859726,0.20443670451641083,296.564,287.185,24.400000000000002,49.300000000000004
-87.7515201436225,33.68311251686615,0,-1,2018,41,0.03233908948194662,0.37942540645599365,0.34550008177757263,284.75333333333333,274.99,,
-79.98724434399367,37.13666966503251,0,-1,2017,68,-0.02524901552003706,0.23694577813148499,0.29959845542907715,287.068,275.8,8.0,28.400000000000002
-85.1570530009366,34.20595900318048,0,-1,2019,20,-0.007444168734491315,0.36372140049934387,0.36245834827423096,281.40000000000003,273.46,,
-82.42903161007993,34.04365781618531,0,-1,2017,203,0.23403586033343818,0.22635094821453094,0.3120270371437073,303.855,296.184,28.1,66.4
-84.86782313412407,30.15748374414773,0,-1,2018,41,0.17309531399426203,0.15170323848724365,0.07783040404319763,290.285,283.86,,
-82.10613054506821,31.168188987839496,0,-1,2019,60,0.17745197168857432,0.25223585963249207,0.15268144011497498,292.52,289.36,,
-81.33230547723097,34.82313735477916,0,-1,2017,52,0.0457516339869281,0.2784782648086548,0.28423452377319336,289.7,279.45,10.3,25.400000000000002
-84.10381946147412,32.2423168543416,0,-1,2020,108,0.13541842772612003,0.17213046550750732,0.09707155078649521,296.73,282.44,30.200000000000003,51.1
-78.81196531761407,34.9944804081506,0,-1,2020,72,0.1108254049884289,0.22137504816055298,0.13000589609146118,290.3,274.91333333333336,11.0,25.900000000000002
-80.8102241106463,26.15116210095697,0,-1,2020,81,-0.10334476843910806,0.3093620240688324,0.6805538535118103,301.675,289.0114285714286,,
-83.68508984759144,30.221067520854586,0,-1,2019,81,0.1449343339587242,0.1642659306526184,0.11353382468223572,296.09000000000003,283.2,28.8,48.0
-94.00072033996172,35.21274828559237,0,-1,2020,281,0.23102625298329355,0.17804497480392456,0.22522751986980438,295.36285714285714,286.5233333333333,22.6,40.1
-85.13409318229108,32.32846565102497,0,-1,2019,17,-0.07161664033701948,0.22720696032047272,0.1975179761648178,284.0933333333333,276.335,7.300000000000001,14.5
-81.13336738925094,25.84808545895742,0,-1,2017,82,-0.15833651278138114,0.10921301692724228,0.04518178105354309,301.8,285.2666666666667,,
-92.20388839331694,36.80407723206537,0,-1,2019,154,0.2928311057108141,0.3068771958351135,0.3648644685745239,300.04,290.17,25.400000000000002,38.400000000000006
-93.51031194679953,31.538832999971383,0,-1,2018,311,0.2609024451726746,0.2727012038230896,0.23144640028476715,292.33,284.665,20.5,28.3
-89.42439409742755,35.681754830903785,0,-1,2020,34,-0.033999150021249466,0.39811044931411743,0.41331911087036133,286.98,274.37,9.5,14.700000000000001
-81.43322240497598,36.51697555669836,0,-1,2018,289,0.13407015857760693,0.26848313212394714,0.25876185297966003,289.74,282.98,8.3,24.1
-82.41698913303408,28.876265999709982,0,-1,2018,135,-0.03525264394829612,0.20917287468910217,0.06178678572177887,307.0266666666667,291.08,12.200000000000001,38.7
-83.43471692811025,37.00559390172859,0,-1,2017,120,0.23823369071415593,0.33439871668815613,0.393100768327713,293.84000000000003,288.49333333333334,,
-93.43143039992016,36.32751152801205,0,-1,2017,282,-1.8218254691200583E-4,0.19454620778560638,0.267851322889328,303.34000000000003,288.935,10.600000000000001,35.6
-83.92921231728766,35.156834003126235,0,-1,2018,336,0.020033955857385398,0.31899720430374146,0.3463316261768341,281.0733333333333,,6.300000000000001,11.5
-94.414026882868,36.657057614936996,0,-1,2018,116,-0.09706959706959707,0.3136264383792877,0.3171529173851013,299.49,278.612,15.4,45.2
-90.61502373093013,35.42869675408539,0,-1,2018,244,0.32881136950904394,0.3161768317222595,0.3443106412887573,301.796,295.584,19.8,58.900000000000006
-84.45707942095783,34.17421771695783,0,-1,2020,7,-0.08695652173913043,0.4373490512371063,0.46666228771209717,284.5,276.3066666666667,9.1,20.200000000000003
-82.84849606241758,30.72329839587671,0,-1,2020,65,0.17105263157894737,0.25734421610832214,0.15736645460128784,289.572,280.01,,
-81.88526561402777,34.303870445523934,0,-1,2017,26,0.022086306489976216,0.28228995203971863,0.2877861261367798,290.67333333333335,282.1466666666667,7.4,19.5
-87.69843310155814,32.95105900645597,0,-1,2018,139,0.37022708158116063,0.3390812575817108,0.35116100311279297,301.8966666666667,293.0733333333333,43.2,56.5
-85.12955991220903,35.73287186772785,0,-1,2020,231,0.3399929898352611,0.1475021243095398,0.1806662380695343,299.844,294.26,36.7,58.400000000000006
-81.58173405608692,36.75177239572237,0,-1,2019,92,-0.018111482328116758,0.38831695914268494,0.42404574155807495,287.35333333333335,275.67333333333335,8.9,30.700000000000003
-79.73672809072261,36.17894310498401,0,-1,2018,142,0.27160684024033277,0.3233628571033478,0.3355619013309479,296.8266666666667,,26.400000000000002,42.1
-79.72179465860087,35.723742570148055,0,-1,2020,8,-0.06415872197887143,0.38238832354545593,0.3986250162124634,283.8466666666667,275.3,10.100000000000001,19.3
-82.30297463841148,29.883053191922784,0,-1,2018,52,-0.004361843352930021,0.1991061419248581,0.13193458318710327,298.212,290.515,15.700000000000001,37.5
-85.81869678495116,35.86607945683919,0,-1,2020,276,0.08856808427623879,0.23459038138389587,0.2763212323188782,295.3066666666667,285.564,10.9,35.5
-84.375424987179,32.95726581363777,0,-1,2020,162,0.21948786165613568,0.42548367381095886,0.4067283272743225,303.78000000000003,295.84000000000003,52.300000000000004,74.0
-81.9991761514915,33.00547649867027,0,-1,2017,306,0.025328787140769606,0.11057227104902267,0.15652094781398773,296.3525,280.10333333333335,,
-82.41476011516319,28.318753702494355,0,-1,2020,84,0.021324778260049065,0.09856802225112915,0.05676289647817612,303.595,291.6933333333333,12.8,55.0
-82.74561578816076,29.409831893528107,0,-1,2019,168,0.1621732026143791,0.3080901801586151,0.1569596827030182,297.54,292.64,,
-91.90557299392898,32.51569340572012,0,-1,2020,76,,0.5107609629631042,0.5343297719955444,295.0,,20.400000000000002,28.0
-89.67211546121031,32.29602865155686,0,-1,2017,125,0.258144408458754,0.21876147389411926,0.230507031083107,295.8,287.90000000000003,41.800000000000004,60.7
-79.97243674665292,34.17147492208097,0,-1,2019,72,0.06648089171974522,0.2581668794155121,0.2534862458705902,290.66,277.12666666666667,,
-79.39874298307896,36.82996309604931,0,-1,2017,128,0.28083989501312334,0.4057690501213074,0.42737776041030884,295.332,282.67333333333335,32.7,54.0
-81.65461860252296,30.65555262346926,0,-1,2017,252,0.3400921658986175,0.2213345319032669,0.09369943290948868,,,26.6,35.6
-81.10513073494161,29.323053027327365,0,-1,2020,252,0.15585054080629301,0.21402113139629364,0.11754731833934784,308.15000000000003,297.67,16.3,25.700000000000003
-82.66999494955935,30.26540489390144,0,-1,2019,316,0.1711273317112733,0.12920477986335754,0.06093006953597069,292.4533333333333,284.3333333333333,14.100000000000001,24.1
-86.29448346690192,36.97393207900864,0,-1,2017,248,0.2238387379491674,0.3763861656188965,0.37175068259239197,300.37333333333333,289.49,22.400000000000002,41.2
-80.26916869099135,37.4906351124629,0,-1,2018,56,-0.11494252873563218,0.279303640127182,0.2946394979953766,290.90000000000003,282.2133333333333,10.600000000000001,17.7
-91.5671177367317,31.667478404633346,0,-1,2019,197,0.33005733005733007,0.3189958333969116,0.3425322473049164,301.228,,32.1,52.5
-88.32613197513611,34.9343107526439,0,-1,2020,1,0.2649982859101817,0.29430991411209106,0.3021841049194336,280.28000000000003,277.4733333333333,9.700000000000001,18.900000000000002
-80.8116810868641,28.0824535395703,0,-1,2019,17,0.10349578095402101,0.07208611071109772,0.06336271017789841,294.596,282.045,11.200000000000001,23.6
-87.55833339110795,36.576296047027654,0,-1,2018,9,-0.11276268580215275,0.3315451443195343,0.3256513178348541,268.24,262.0333333333333,,
-81.38124613241867,31.70194147875594,0,-1,2020,36,0.15245951726245036,0.2805118262767792,0.2842881977558136,285.08,280.675,10.3,23.200000000000003
-92.89009443821897,33.63162617096837,0,-1,2018,91,0.1045510455104551,0.4160427153110504,0.45441997051239014,293.38,284.94,12.4,32.5
-93.2862558711563,30.967160629581905,0,-1,2017,64,0.10572168589592654,0.17076833546161652,0.15989021956920624,292.86,278.25,14.4,29.5
-93.79716983399341,31.49093794781289,0,-1,2018,141,0.33381476800866583,0.2560536861419678,0.30738621950149536,302.71500000000003,295.265,42.300000000000004,63.6
-80.19790083295666,36.15089069417223,0,-1,2019,63,-0.06416990180406486,0.39923468232154846,0.4088166654109955,289.4666666666667,278.48,,
-84.02830706196782,33.67051782244394,0,-1,2019,61,-0.04626006904487917,0.3451222777366638,0.3293057978153229,292.63,282.46,,
-82.28919995809537,33.8371893807957,0,-1,2018,77,0.03728464901002829,0.27144965529441833,0.3122413456439972,288.785,280.016,9.3,30.6
-82.32087125084541,34.717688826204906,0,-1,2018,218,0.24727272727272728,0.328874796628952,0.3582240045070648,307.40000000000003,295.26,33.800000000000004,63.300000000000004
-85.25285252676345,37.316431986092255,0,-1,2019,108,0.15058306574277505,0.3059832751750946,0.3665819466114044,293.8666666666667,279.28000000000003,15.200000000000001,39.400000000000006
-80.69457222450912,33.77116289121416,0,-1,2017,70,-0.14166449256457084,0.15578310191631317,0.19590342044830322,291.80857142857144,283.476,6.5,31.8
-78.9950443227098,34.37633468642186,0,-1,2018,99,0.13184306569343066,0.2537733316421509,0.22618898749351501,295.0,287.24,16.900000000000002,35.9
-82.74285426090864,30.528848417587362,0,-1,2020,269,0.28579952267303105,0.1642398089170456,0.16205747425556183,,286.08,,
-83.0190781804372,30.779908077962123,0,-1,2019,1,-0.023979591836734693,0.28542983531951904,0.21050997078418732,290.2,284.008,13.0,20.8
-92.5046637667329,34.48010458689676,0,-1,2020,15,0.1968503937007874,0.32231250405311584,0.31636714935302734,282.22,273.46,6.1000000000000005,8.5
-82.30475804067201,29.181382635151316,0,-1,2017,75,-0.025401762571280455,0.09540748596191406,0.04265692085027695,298.8,286.62,14.9,44.800000000000004
-84.55218207491083,36.20904566400944,0,-1,2020,310,0.06765578635014836,0.23921386897563934,0.28579601645469666,285.43,278.764,4.5,28.700000000000003
-80.19899323825935,36.68512181100792,0,-1,2017,65,-0.10180827347039881,0.2322368621826172,0.2459801584482193,284.90500000000003,274.4533333333333,7.2,29.900000000000002
-87.7776429935243,31.046859412938762,0,-1,2017,79,-0.08631958530538653,0.49401193857192993,0.8479852676391602,294.372,281.91200000000003,9.9,42.1
-84.31627926014622,33.501752754011456,0,-1,2019,21,-0.04524627720504009,0.3570154011249542,0.34666064381599426,281.1333333333333,275.3266666666667,,
-88.1734153571129,34.36797096056426,0,-1,2018,251,0.2811594202898551,0.12334520369768143,0.16486549377441406,300.5,294.2866666666667,,
-93.81515030704888,30.042449838180396,0,-1,2018,183,0.2597793380140421,0.2865421772003174,0.3813003897666931,302.07599999999996,298.2657142857143,31.6,58.0
-85.30074928683399,30.60848438815879,0,-1,2020,327,0.04755495737999103,0.15717390179634094,0.19583122432231903,294.54571428571427,285.49142857142857,10.4,29.5
-82.30328763579065,34.31803199674874,0,-1,2020,101,0.2417397797274594,0.43347665667533875,0.45828157663345337,298.92857142857144,283.15000000000003,34.5,50.900000000000006
-84.74894296914327,32.92267632563062,0,-1,2019,139,0.28019323671497587,0.3838212788105011,0.408332496881485,299.148,289.144,48.6,72.4
-81.16526660539006,35.28144560071162,0,-1,2020,86,0.13408438259332892,0.3539419174194336,0.3632526099681854,299.28000000000003,284.62,16.6,30.6
-77.57785341453074,37.16211237885652,0,-1,2018,251,0.09869712653935392,0.09633714705705643,0.12690162658691406,300.6333333333333,294.9866666666667,10.100000000000001,51.900000000000006
-87.32949318581981,31.093940305531525,0,-1,2018,322,0.2953549517966696,0.22521258890628815,0.22141289710998535,287.64,276.40000000000003,10.9,19.700000000000003
-80.62236917301104,36.24299450827261,0,-1,2017,80,0.05443015677294345,0.32597729563713074,0.35883358120918274,288.26,272.32,8.9,31.900000000000002
-82.06333040173585,32.70535291960302,0,-1,2020,73,0.013493875856342121,0.3191627264022827,0.33875343203544617,292.49,278.44,22.200000000000003,32.1
-78.18522949708006,36.1820280461443,0,-1,2019,274,0.23690661912190775,0.1395997405052185,0.18184612691402435,300.58285714285716,292.71500000000003,23.0,42.1
-82.54391019015704,27.511771834883554,0,-1,2017,146,0.02,0.08201346546411514,0.05247684195637703,308.7266666666667,,12.600000000000001,59.0
-83.30530160757579,35.08178740064448,0,-1,2017,41,-0.15685005393743257,0.22655600309371948,0.23790138959884644,287.5466666666667,272.28000000000003,6.7,24.8
-90.33060329101363,37.15953407539908,0,-1,2017,206,0.19284712482468444,0.12468893826007843,0.20727165043354034,304.01,296.93,29.3,65.5
-84.23180214428221,35.94379353194405,0,-1,2018,97,-0.006716561120706199,0.4550924003124237,0.48321816325187683,281.7,280.5,10.0,35.2
-93.95138960292103,32.0776210222804,0,-1,2017,96,0.22657132103876554,0.19443854689598083,0.22813290357589722,296.832,287.54,27.6,49.2
-88.19850813978591,36.18971905662767,0,-1,2020,170,0.08177601060304837,0.21150118112564087,0.2747165560722351,302.02,290.796,25.0,61.900000000000006
-89.74373124008214,31.382294063708724,0,-1,2017,57,0.04268165729752238,0.2520846426486969,0.2790587842464447,293.652,285.13714285714286,15.0,30.5
-86.06006452462081,32.05307821933235,0,-1,2017,97,0.1069182389937107,0.3113449811935425,0.33177879452705383,298.8,284.795,26.8,55.6
-88.97074815579234,34.06013364237305,0,-1,2017,46,-0.13563714902807775,0.31819388270378113,0.3409810960292816,281.7733333333333,284.68,10.3,24.6
-89.57908513242857,35.305222833175485,0,-1,2018,132,0.03757138563270213,0.26348787546157837,0.3471526801586151,302.015,291.108,12.0,56.900000000000006
-85.32442636885652,37.37665843585871,0,-1,2020,70,0.0301592680447306,0.4979511499404907,0.5149082541465759,290.33,274.94666666666666,10.600000000000001,18.3
-77.7112619416154,35.69093749224045,0,-1,2018,205,0.3410220719825015,0.18816611170768738,0.1176937147974968,299.68,292.56,33.800000000000004,48.0
-91.88518991271864,32.90976091112318,0,-1,2017,191,0.23360353721444363,0.1152074858546257,0.20976287126541138,301.52500000000003,296.79333333333335,35.300000000000004,64.3
-78.35619392455915,34.34386061682752,0,-1,2019,25,0.20960187353629978,0.28339192271232605,0.2603653371334076,281.9066666666667,276.7266666666667,4.800000000000001,17.400000000000002
-82.53007479684226,29.83864029269795,0,-1,2019,262,0.18628626228722128,0.140288844704628,0.1044156551361084,303.195,295.14,24.6,53.1
-81.35725647140605,31.59881141719096,0,-1,2018,43,0.20663562281722933,0.19387055933475494,0.15907351672649384,290.72,284.03000000000003,21.3,29.200000000000003
-89.4817595603605,32.92328606002881,0,-1,2020,42,0.21608330922765404,0.413908451795578,0.4252190887928009,287.52,277.02,10.100000000000001,16.8
-80.80368238632641,36.58287937610514,0,-1,2020,156,0.38753866548828986,0.32116660475730896,0.3336673378944397,297.04,287.46500000000003,,
-87.85995386910348,34.21175783303312,0,-1,2019,69,0.13539445628997868,0.36701345443725586,0.39251992106437683,,,,
-89.1923598502492,36.02679683373351,0,-1,2019,314,-0.06913142567738668,0.27382686734199524,0.3242514729499817,288.87,277.324,7.5,15.4
-79.58010094079884,34.815104880203954,0,-1,2017,101,0.10539948196851963,0.1405448466539383,0.06684304773807526,297.01428571428573,283.524,15.4,47.900000000000006
-94.42959352603218,32.12119760735038,0,-1,2017,190,0.24645892351274787,0.2256239652633667,0.2441125214099884,299.62,296.21500000000003,49.800000000000004,56.900000000000006
-80.33625411838473,27.21337042566447,0,-1,2017,14,0.03563056727613689,0.08639155328273773,0.06360649317502975,293.876,288.40000000000003,7.2,33.7
-89.0596554706117,31.341773065077955,0,-1,2020,176,0.31514232777497053,0.2520800828933716,0.14277705550193787,300.68666666666667,293.78000000000003,19.900000000000002,53.1
-84.7752763659451,29.839466597121625,0,-1,2018,109,0.21100454316002018,0.10874366760253906,0.07215680181980133,298.37,286.1566666666667,34.7,51.6
-79.41273899862591,34.246468403534,0,-1,2019,184,0.1475651022509931,0.1440178006887436,0.24137578904628754,307.33,295.58,20.400000000000002,66.60000000000001
-92.61728626285147,36.17324536844502,0,-1,2019,258,0.10629067245119306,0.11812928318977356,0.21654802560806274,304.272,294.3433333333333,26.8,48.900000000000006
-88.03750621987514,37.07485293656049,0,-1,2018,75,-0.11603332655964235,0.3803207576274872,0.3932410180568695,287.46,274.36,,
-93.5263220197869,30.324648222694595,0,-1,2018,130,0.2839052287581699,0.19063794612884521,0.2649635672569275,303.475,290.595,46.300000000000004,73.10000000000001
-82.8128410010706,35.541492496027196,0,-1,2019,309,-0.039775910364145656,0.34545475244522095,0.36799928545951843,285.52,276.945,5.1000000000000005,19.400000000000002
-79.78597806191398,34.109017394490714,0,-1,2017,72,0.018166455428812844,0.22896476089954376,0.17830686271190643,293.252,279.772,9.700000000000001,30.700000000000003
-92.16540717055595,31.12304004360699,0,-1,2018,275,0.11451696228689513,0.2790527045726776,0.30312514305114746,,295.22,17.900000000000002,39.2
-79.66534543578403,36.767109427526165,0,-1,2019,101,0.01913265306122449,0.4300292432308197,0.45448991656303406,295.295,282.345,15.9,33.0
-77.68643272566386,37.05149820896033,0,-1,2018,205,0.3421823823478711,0.3075508773326874,0.3099544644355774,301.98,291.47,,
-85.7582214037289,34.15274760908281,0,-1,2018,285,-0.0013113034356150013,0.18589594960212708,0.2457152009010315,299.672,292.98,7.7,37.6
-90.01948137191481,30.370036403684367,0,-1,2018,100,0.2464992220493443,0.3761085569858551,0.39678502082824707,298.45,292.40000000000003,25.900000000000002,42.800000000000004
-87.34559010816695,37.24224031368898,0,-1,2018,101,-0.0983224603914259,0.32535114884376526,0.33090975880622864,283.1,274.88,,
-92.95329183541969,31.444147768894815,0,-1,2020,116,0.2800958275104811,0.4761047661304474,0.49845048785209656,299.0333333333333,288.02,36.4,52.7
-81.1357405361365,34.74385980212418,0,-1,2020,327,0.08587731811697574,0.29792097210884094,0.29299917817115784,289.3233333333333,280.0885714285714,5.5,20.8
-85.31430682773495,31.306663475446182,0,-1,2019,49,0.041014799154334036,0.27490633726119995,0.2702862024307251,,280.9866666666667,14.4,27.200000000000003
-92.28473125187189,36.31525562740179,0,-1,2018,26,-0.21689235712646315,0.27095481753349304,0.3155626654624939,283.26,271.5866666666667,6.0,19.900000000000002
-92.97262238489644,35.709239056738234,0,-1,2020,76,-0.2050040355125101,0.46535083651542664,0.4951452314853668,,280.38,,
-83.67481567493331,34.174544485550626,0,-1,2017,136,0.25104737350950695,0.3653448224067688,0.3937588632106781,302.22400000000005,288.51714285714286,30.200000000000003,62.1
-83.14859909589275,35.614708233065784,0,-1,2018,81,0.10513739545997611,0.28706493973731995,0.30465322732925415,285.26,278.45,,
-88.42512648814568,34.71656159423737,0,-1,2017,129,0.3529529529529529,0.21422576904296875,0.2642410397529602,298.0766666666667,284.8,40.0,62.300000000000004
-81.38735229654529,37.45061795481863,0,-1,2017,258,0.23952095808383234,0.12531505525112152,0.1549377739429474,292.52,281.21,28.1,45.2
-89.44202256697208,35.73645200445857,0,-1,2018,68,-0.06783816918675929,0.39924943447113037,0.4318242073059082,288.885,275.74,9.700000000000001,23.8
-86.04570884494093,32.85438149847638,0,-1,2020,101,0.032598798033145145,0.32410165667533875,0.37075716257095337,299.73333333333335,285.7,31.400000000000002,45.300000000000004
-85.16955967437791,32.30479522144695,0,-1,2020,270,0.1664367816091954,0.12910836935043335,0.07343769073486328,293.23,290.58,23.700000000000003,43.2
-92.26050041320073,37.48461072902663,0,-1,2017,233,0.28545636910732197,0.2581408619880676,0.3072262406349182,301.24,292.83,54.900000000000006,57.2
-83.13539653065229,32.244171771677905,0,-1,2020,9,0.10533333333333333,0.2332407683134079,0.22004136443138123,288.2133333333333,278.348,13.200000000000001,18.8
-80.84927176758242,25.35369741462012,0,-1,2020,102,0.2055231014338821,0.17176507413387299,0.13918910920619965,305.66,293.124,,
-91.16696426504922,35.497304125257,0,-1,2019,264,0.23633360858794386,0.15012796223163605,0.20072323083877563,305.704,294.98333333333335,17.5,54.2
-82.32891369849276,34.610225223125255,0,-1,2018,327,0.03833460269103833,0.4111972153186798,0.42164286971092224,286.8342857142857,275.996,7.6000000000000005,16.1
-82.9399362207375,32.647135478257816,0,-1,2019,81,-0.0174919931017492,0.2682698369026184,0.2883385121822357,292.52500000000003,279.595,19.8,38.300000000000004
-90.98261630024214,29.81377463338477,0,-1,2019,308,-0.0607092766980565,0.707935631275177,0.9083742499351501,287.5,283.5466666666667,,
-81.2878260021974,26.294386142607845,0,-1,2020,308,0.14150943396226415,0.0995052307844162,0.0916275829076767,300.37,293.955,,
-91.51329143178037,37.5575771369002,0,-1,2019,293,0.06777691711851278,0.17868465185165405,0.2174360305070877,292.44,279.71,10.100000000000001,25.5
-84.94480997466425,35.38295196545592,0,-1,2018,14,-0.151673640167364,0.40236544609069824,0.4268547594547272,,270.12666666666667,,
-87.63877859491706,30.75656678018506,0,-1,2018,35,0.1875,0.6363006830215454,0.8922848105430603,285.42,277.35333333333335,,
-80.09956350525779,33.66273908675835,0,-1,2019,122,0.2884333821376281,0.13639020919799805,0.17863106727600098,301.6566666666667,288.135,19.8,50.2
-90.03186270303121,37.61902649198619,0,-1,2017,110,0.07789084181313599,0.27798935770988464,0.2970028519630432,299.42,288.96,15.3,33.1
-86.30437898399282,31.008926596565185,0,-1,2018,72,0.10422683118928852,0.6524161100387573,0.8985319137573242,288.988,280.365,14.9,28.8
-93.90997753763112,32.848306345690595,0,-1,2020,71,0.057304277643260695,0.4385230541229248,0.43632200360298157,292.8066666666667,282.25,12.9,31.0
-91.52808749942517,30.4597736076218,0,-1,2018,349,0.08526045316514833,0.4299376606941223,0.44118544459342957,286.38,278.5933333333333,,
-91.62076096928611,33.79644544254371,0,-1,2017,52,-0.03255813953488372,0.3114372491836548,0.30339956283569336,288.28000000000003,282.055,,
-89.52337384292316,33.993721773527504,0,-1,2018,127,0.2093880972338642,0.38688212633132935,0.42422863841056824,301.46,287.61333333333334,,
-87.59632458816108,34.11210532152681,0,-1,2018,70,-0.04771893025694809,0.28833967447280884,0.24032172560691833,288.65000000000003,276.57599999999996,7.4,25.6
-91.7766997140618,35.744192794698506,0,-1,2019,49,-0.11187777230162642,0.36804598569869995,0.3969951868057251,283.16,277.88,8.0,13.700000000000001
-93.72633885046895,34.37614195512698,0,-1,2019,260,0.2922604691953519,0.10299860686063766,0.1800805628299713,303.13,295.42,22.0,50.1
-83.2971853941873,35.66687836827243,0,-1,2020,10,0.4232558139534884,0.2816566824913025,0.2929285764694214,273.74666666666667,274.0,,
-81.13017959362247,35.74727447126364,0,-1,2017,31,-0.03943732730469731,0.2484840750694275,0.2649895250797272,286.0285714285714,273.5,5.6000000000000005,18.2
-92.75815454840857,37.33819066099036,0,-1,2019,306,0.0679409931435695,0.3354160785675049,0.3642805218696594,287.1066666666667,278.1533333333333,5.7,15.700000000000001
-93.65223096861183,33.92722353351318,0,-1,2020,309,0.12734396865379233,0.23197689652442932,0.2911318242549896,290.5733333333333,278.79,13.200000000000001,27.0
-91.72748818851963,31.24203632359452,0,-1,2019,71,-0.1263318112633181,0.47075697779655457,0.49199771881103516,287.1933333333333,281.84000000000003,17.3,26.3
-93.23014539582317,33.22821291098482,0,-1,2017,306,0.12020075282308658,0.15051978826522827,0.17263422906398773,293.115,281.1333333333333,,
-90.32300168293882,35.76401560855805,0,-1,2017,60,0.04031752663463547,0.2914380729198456,0.32533732056617737,288.9266666666667,284.19,8.5,27.6
-85.66708183075454,32.856608781508676,0,-1,2020,237,0.3528498558438678,0.17362160980701447,0.17914900183677673,301.00666666666666,293.49,,
-82.12833231312128,33.998755526164885,0,-1,2019,203,0.2299540798304486,0.18550768494606018,0.2574692964553833,302.625,,33.800000000000004,61.6
-85.389105622423,34.03842383851681,0,-1,2019,0,0.0093841642228739,0.3521287441253662,0.34341564774513245,283.97,275.3866666666667,,
-80.97052950729802,35.527997726791995,0,-1,2020,98,0.2749157438613385,0.2665993273258209,0.30088475346565247,294.8066666666667,288.0,24.6,46.800000000000004
-88.1675259119922,33.88281714044274,0,-1,2020,297,0.1745792514443607,0.21314063668251038,0.21892815828323364,295.74,287.59714285714284,11.9,26.3
-82.01416422500708,33.04355811434193,0,-1,2019,122,0.03904923599320883,0.10358382016420364,0.17216134071350098,307.65500000000003,289.66,24.400000000000002,51.800000000000004
-87.80502377815729,35.76890799954921,0,-1,2018,348,-0.11105135789190643,0.40801259875297546,0.40931713581085205,279.14,,6.2,10.600000000000001
-80.48004069355285,25.695420620929223,0,-1,2017,21,0.1304532879336029,0.38255101442337036,0.7563485503196716,295.68,289.948,13.8,34.6
-92.05265662970595,36.450785089769575,0,-1,2019,94,-0.06119027661357921,0.44035854935646057,0.41797903180122375,287.4533333333333,273.54,10.0,30.3
-86.59633569283046,32.676106589010224,0,-1,2018,41,-0.08445146014206788,0.21096837520599365,0.13883504271507263,287.435,276.84000000000003,,
-92.43509802677873,32.6502226326035,0,-1,2020,104,0.20788326700776957,0.3623160123825073,0.386185884475708,296.38,290.83,20.200000000000003,41.300000000000004
-85.27006855388956,33.94636821048807,0,-1,2020,102,0.18474656560871625,0.3662230670452118,0.38174283504486084,294.5266666666667,284.3333333333333,26.3,41.400000000000006
-88.24864990715527,31.856001912116334,0,-1,2017,93,0.2731936725096195,0.3958718776702881,0.42344656586647034,298.255,288.56,32.7,46.2
-88.85978809421997,36.33859815460937,0,-1,2019,80,-0.04744672295938882,0.38618698716163635,0.4034840762615204,293.705,277.16,,
-88.6056165258021,33.525647308633665,0,-1,2019,94,0.09421157684630739,0.45818081498146057,0.40345266461372375,291.76,281.87333333333333,17.0,37.0
-81.81742527195166,29.601767399008178,0,-1,2019,288,0.11493992291997279,0.1138945147395134,0.08395785838365555,302.2066666666667,291.835,,
-89.81054390511756,37.25028007743561,0,-1,2017,295,0.024007606370335156,0.2555435597896576,0.2279958724975586,296.53000000000003,284.152,6.300000000000001,28.700000000000003
-85.7466154827293,37.1439094250704,0,-1,2017,269,0.042890262751159196,0.27769795060157776,0.3390933573246002,302.5366666666667,291.7375,15.3,50.6
-87.45297820451943,33.02286096814833,0,-1,2017,357,-0.04888888888888889,0.2763284742832184,0.27243945002555847,277.7,278.24,7.0,12.3
-90.1247060374952,35.870683923832864,0,-1,2020,77,,0.498712420463562,0.5203597545623779,,282.54,,
-79.23289003511267,33.593172379112744,0,-1,2018,286,0.34987745098039214,0.23662321269512177,0.2321697473526001,297.79,294.975,,
-93.36265111783369,31.849875714862442,0,-1,2020,274,0.23667711598746083,0.2753092646598816,0.294151246547699,298.12,288.82,17.2,41.800000000000004
-82.77697825317239,30.578414280153208,0,-1,2018,155,,0.1714547872543335,0.1636434644460678,301.0,294.2866666666667,36.0,52.5
-94.02214209870083,33.5222998580535,0,-1,2017,63,-0.03707951070336391,0.3433332145214081,0.3983030319213867,292.64,277.005,8.5,26.400000000000002
-81.85369046680884,29.998519737926728,0,-1,2018,280,0.35087233453337024,0.14176863431930542,0.07597410678863525,301.272,293.396,38.1,55.1
-80.17281607028784,33.62752551262058,0,-1,2017,31,-0.11568007230004519,0.1687721610069275,0.18735279142856598,288.15000000000003,278.6,5.4,21.1
-94.11486661353014,35.52740087494439,0,-1,2018,246,0.15827814569536425,0.1592010110616684,0.2261582314968109,302.39,296.91200000000003,27.0,54.0
-80.15087247643206,33.896779398124295,0,-1,2018,95,0.008617459722742601,0.12311006337404251,0.17519992589950562,295.204,287.74666666666667,14.5,38.5
-85.83240384603565,36.43301993408296,0,-1,2020,35,-0.01592356687898089,0.4978789687156677,0.5210248231887817,286.66,276.40000000000003,7.9,11.100000000000001
-88.02343323802228,33.26198535709561,0,-1,2020,244,0.25516905862320605,0.20312801003456116,0.2025701254606247,,294.47,,
-81.48850746479734,29.393733828502352,0,-1,2017,51,0.08469247396345057,0.10601620376110077,0.06005234643816948,294.668,288.03000000000003,,
-83.9636071269415,37.05973551285204,0,-1,2020,47,-0.10273972602739725,0.42021051049232483,0.4440525770187378,,266.52,,
-87.85642514544834,33.30415103941076,0,-1,2020,198,0.2699142156862745,0.25551384687423706,0.29390576481819153,303.21,295.1533333333333,76.9,84.10000000000001
-83.51323145997685,34.83370524897479,0,-1,2019,226,0.3675524013863674,0.18745499849319458,0.13951897621154785,299.748,293.05333333333334,39.300000000000004,60.800000000000004
-93.31339520409355,31.417438913291914,0,-1,2019,354,0.2598105548037889,0.31877806782722473,0.3346872925758362,286.3266666666667,276.6433333333333,,
-83.3248346174591,34.56077738067096,0,-1,2018,96,0.01770956316410862,0.4552130103111267,0.483813613653183,295.7,281.40000000000003,13.3,38.300000000000004
-92.73010856113765,30.168659118847128,0,-1,2018,68,-0.02104173853052777,0.36799943447113037,0.3845829963684082,292.396,285.51,,
-85.6238900902147,33.267279837318156,0,-1,2018,133,0.22780314561136478,0.22513924539089203,0.25290557742118835,298.86285714285714,292.4514285714286,29.5,57.400000000000006
-79.89152274782934,35.19424384621704,0,-1,2020,61,0.07739082365948037,0.41240939497947693,0.4173152446746826,285.52500000000003,271.79333333333335,9.3,19.6
-79.83746033488363,37.188999588904906,0,-1,2019,292,0.20528879610299233,0.2355770319700241,0.29674232006073,292.19,282.5933333333333,12.700000000000001,23.1
-89.23116284606265,33.20508661149712,0,-1,2017,353,0.12394957983193278,0.22058385610580444,0.23018108308315277,284.5,277.425,8.1,13.700000000000001
-80.10454742897522,35.893860864130204,0,-1,2020,62,-0.09445958219800181,0.36352548003196716,0.3647787272930145,283.695,274.1,,
-78.39865316948323,34.741562523577734,0,-1,2017,138,0.345703912868092,0.1278810054063797,0.15197743475437164,303.515,291.53000000000003,,
-94.13494987862389,34.70538051048058,0,-1,2018,104,0.09391352244560727,0.46110913157463074,0.5010018348693848,290.77500000000003,281.23,16.1,39.1
-83.72792496506288,36.68489713162358,0,-1,2018,64,-0.16784010901657961,0.4069838523864746,0.44229719042778015,285.375,275.925,6.7,21.8
-94.28283927142823,36.467764453095434,0,-1,2020,277,0.20870425321463898,0.10017412900924683,0.19105283915996552,296.8275,285.8866666666667,18.400000000000002,36.0
-89.09048801655783,34.06734484956278,0,-1,2019,107,0.0031962497336458554,0.39634838700294495,0.4476975202560425,299.8933333333333,284.96,13.3,43.400000000000006
-84.27800115927504,30.76700974334563,0,-1,2019,47,,0.2873114347457886,0.2734649181365967,288.29,283.7,,
-93.50531677976063,31.700442624669705,0,-1,2018,116,0.29435859244088625,0.3829623758792877,0.3951558470726013,296.67,284.064,41.800000000000004,59.900000000000006
-76.958265965825,34.75922068343202,0,-1,2019,293,0.3132442284325638,0.18484920263290405,0.1616498976945877,298.21,286.11,19.6,25.700000000000003
-83.42577239078321,34.68901689544948,0,-1,2017,323,0.006872090445577478,0.20420926809310913,0.1970272660255432,287.72,280.52,6.5,17.7
-88.59820298432942,37.16425450543249,0,-1,2020,54,-0.07545671167593328,0.43017688393592834,0.45870041847229004,282.16,266.99,,
-89.00282957932521,30.409260088055397,0,-1,2018,157,0.2445771144278607,0.1546739637851715,0.12485677748918533,303.895,299.15000000000003,31.200000000000003,64.8
-92.53906715667328,33.21837563685375,0,-1,2017,321,-0.023572296476306195,0.212424173951149,0.25839486718177795,291.035,282.95,6.4,23.6
-84.80578124897856,36.40400309997552,0,-1,2018,69,-0.020477174525643436,0.3473522961139679,0.3981914222240448,287.4066666666667,274.65000000000003,9.3,18.6
-83.84781175604644,33.353620573872334,0,-1,2018,69,-0.0024449877750611247,0.4168103039264679,0.4300517737865448,288.0266666666667,280.2657142857143,7.5,23.3
-92.5181278719922,30.26127617808079,0,-1,2019,13,0.39849151477058453,0.404721200466156,0.40761610865592957,286.75333333333333,283.844,7.800000000000001,16.6
-87.3059772859066,36.70165944405528,0,-1,2020,12,-0.2038770053475936,0.43753165006637573,0.4504598081111908,283.585,272.19,,
-81.109508949057,33.7896194927051,0,-1,2018,261,0.056477093206951025,0.13914518058300018,0.05906952545046806,305.6,,16.0,44.5
-76.90849604611707,37.284633516225696,0,-1,2019,358,0.20064620355411955,0.30342769622802734,0.33477815985679626,279.61,270.8,5.0,10.4
-76.6101302040239,37.446204038808446,0,-1,2018,44,0.05104408352668213,0.24333134293556213,0.2237359583377838,278.38,271.71,6.800000000000001,9.600000000000001
-87.29473433072985,32.398720657589514,0,-1,2020,233,0.17318634423897583,0.3471257984638214,0.3257073163986206,303.415,295.08,,
-90.43980467402784,36.306250838423,0,-1,2019,9,-0.08037383177570094,0.2006630152463913,0.2766588628292084,284.28000000000003,276.68666666666667,6.4,10.0
-82.37301103600161,34.29916386203962,0,-1,2017,133,0.1762943232894956,0.4059394299983978,0.4114467203617096,297.90000000000003,288.26,34.9,63.6
-90.07880482354213,36.601966477077774,0,-1,2020,164,0.20542986425339366,0.24172088503837585,0.31535613536834717,306.46,294.1466666666667,28.5,67.60000000000001
-86.53252862679601,36.6251256556808,0,-1,2020,86,0.07641318357576873,0.4678335189819336,0.4881305396556854,286.98,275.6,17.6,25.700000000000003
-86.45020012726765,33.70828004980175,0,-1,2020,84,0.025274201239866477,0.47192007303237915,0.4841463267803192,,287.76,16.6,35.4
-86.93975401641005,34.287198247424755,0,-1,2017,125,0.2474295190713101,0.27564623951911926,0.209633007645607,298.875,285.62666666666667,32.0,55.1
-81.37231627463956,28.51866704402215,0,-1,2018,294,0.1367913148371532,0.144692063331604,0.06861211359500885,305.2,296.74333333333334,,
-80.62691072801749,36.442594666532194,0,-1,2020,247,0.2437190537318907,0.19594687223434448,0.19950304925441742,302.29333333333335,295.07,39.300000000000004,55.1
-83.6296894705244,32.317770562160796,0,-1,2020,32,-0.04578313253012048,0.2881135642528534,0.2683085501194,287.8266666666667,276.925,8.200000000000001,16.400000000000002
-87.92407935790379,32.75141264933034,0,-1,2019,187,0.27432590855803046,0.29723548889160156,0.3453131914138794,303.05333333333334,295.7133333333333,41.300000000000004,70.10000000000001
-88.7209876505852,32.634449235491104,0,-1,2018,31,0.14916430148218227,0.22142304480075836,0.23787930607795715,283.856,273.24,6.0,15.8
-82.0360520043168,29.420504557854333,0,-1,2019,81,0.135,0.1378377079963684,0.08988270163536072,297.64,284.40000000000003,25.0,47.400000000000006
-91.10604763100476,32.79818985463615,0,-1,2017,68,-0.16876574307304787,0.394843727350235,0.41165900230407715,289.085,281.824,11.700000000000001,27.900000000000002
-92.62989452816682,30.075478718771276,0,-1,2020,164,0.3593844907876088,0.22792693972587585,0.29655730724334717,300.748,295.608,,
-89.54528337938386,34.783811508105764,0,-1,2019,38,-0.009724473257698542,0.4018733501434326,0.40457284450531006,287.90000000000003,282.44,11.0,18.1
-88.94370049579025,30.973913391528153,0,-1,2017,244,0.3296627666896077,0.2299066185951233,0.20814119279384613,293.7,295.23,30.6,49.300000000000004
-79.72634150729344,35.12596689817654,0,-1,2020,45,0.052770448548812667,0.22491320967674255,0.1485271006822586,284.7866666666667,274.68,10.100000000000001,17.2
-88.23596952670924,31.65692229931865,0,-1,2019,345,0.1174496644295302,0.2113461196422577,0.16418470442295074,287.34000000000003,279.04,7.1000000000000005,12.8
-80.5092035251523,33.98202923943788,0,-1,2019,292,0.17077890662796325,0.1681942194700241,0.14360512793064117,301.07,287.385,15.4,31.8
-93.40252430806734,32.58676867226089,0,-1,2017,140,0.17520761596110998,0.2742277681827545,0.2692260146141052,298.2,291.695,,
-85.4578842852527,30.12538724310069,0,-1,2019,51,-0.1336992316136114,0.21712815761566162,0.13574092090129852,,277.2,,
-86.51902833700541,36.821408193142204,0,-1,2019,347,,0.41853731870651245,0.41549059748649597,283.15000000000003,271.19,,
-91.05018249837502,34.722861100620754,0,-1,2017,154,0.283471837488458,0.2277381718158722,0.2703862190246582,295.5933333333333,292.48,21.400000000000002,54.900000000000006
-81.172884814864,33.05451436588247,0,-1,2018,185,0.13584398117014124,0.18023048341274261,0.1268107295036316,,295.355,24.700000000000003,66.0
-89.98647009143755,31.53068560523143,0,-1,2020,244,0.2877255601824311,0.17737117409706116,0.1405584067106247,297.34000000000003,292.98,24.6,52.5
-81.34918492879609,29.356588346576793,0,-1,2019,81,0.17637441242591456,0.1537068486213684,0.09586414694786072,296.9266666666667,286.18,31.700000000000003,43.2
-90.98129998226,30.688552648593017,0,-1,2019,351,-0.049370764762826716,0.34664201736450195,0.34281060099601746,284.82,280.3333333333333,7.800000000000001,14.9
-93.6477927366018,37.322994726417434,0,-1,2020,270,0.1423647018269562,0.06959909945726395,0.22193622589111328,301.42,285.15000000000003,18.900000000000002,35.800000000000004
-80.9823779919513,34.38909132321674,0,-1,2019,109,0.25996292863762743,0.247489333152771,0.2517201006412506,295.92,282.39,18.8,43.6
-90.20563983786391,31.281221168603775,0,-1,2018,342,0.004770082045411181,0.3504977226257324,0.31701037287712097,290.06666666666666,282.3466666666667,6.6000000000000005,14.100000000000001
-91.51212868250391,32.65339490116596,0,-1,2018,214,0.03235540653813915,0.10870411992073059,0.1932491660118103,303.61,294.035,12.700000000000001,52.300000000000004
-86.97202710402946,32.499500263957096,0,-1,2017,55,-0.08259149357072205,0.2814144790172577,0.3131116032600403,293.765,284.996,13.4,30.6
-76.63920943468634,36.89504282212523,0,-1,2019,54,0.15025594700391448,0.3575341999530792,0.29992878437042236,283.56,,8.1,13.4
-85.02886052118093,36.50561570773063,0,-1,2019,336,-0.1632791327913279,0.39961594343185425,0.4221847951412201,285.7866666666667,277.3866666666667,4.9,13.0
-92.44392130958973,32.45309227300104,0,-1,2017,223,0.3665086887835703,0.20044377446174622,0.1688147932291031,301.56,293.90000000000003,,
-82.10174370698344,27.04128940283139,0,-1,2020,171,0.0870488322717622,0.18652960658073425,0.09987521171569824,304.595,291.42,29.0,53.300000000000004
-90.9380576342535,34.5837543305186,0,-1,2020,10,-0.2646013204672423,0.3489174246788025,0.3501795530319214,285.452,276.612,,
-83.05628297247605,33.25748498790255,0,-1,2018,225,0.3154273029966704,0.1934209167957306,0.2522781193256378,302.04,294.16,27.0,43.6
-77.96082169459598,37.111434331717206,0,-1,2020,83,-6.259127894846651E-4,0.3977666199207306,0.38260406255722046,284.36,,12.5,23.400000000000002
-94.47915506027036,35.11264732443426,0,-1,2017,45,-0.1715029761904762,0.3197624981403351,0.24852712452411652,293.2633333333333,281.07,6.1000000000000005,23.700000000000003
-78.79981310363884,34.50190105344378,0,-1,2017,234,0.3378435517970402,0.15129034221172333,0.1658852994441986,301.2966666666667,296.65000000000003,,
-84.88758785711227,37.687667924913015,0,-1,2019,265,-0.13390814710540208,0.19154967367649078,0.29035934805870056,310.685,290.59000000000003,,
-81.4529323141023,33.30831125421369,0,-1,2017,80,-0.1491469455145845,0.18846508860588074,0.20380428433418274,294.6566666666667,277.2066666666667,,
-90.30580929305764,32.70705708005733,0,-1,2020,70,,0.3614765405654907,0.3892979025840759,289.38,280.31,16.400000000000002,33.0
-93.32440177284623,32.360666915357115,0,-1,2019,298,0.22460339549123295,0.28360968828201294,0.22101609408855438,295.81,286.34000000000003,15.8,24.400000000000002
-89.22498107395373,31.76619855518504,0,-1,2018,220,0.18709920784609582,0.14335376024246216,0.2059948742389679,302.24,296.1,32.7,54.5
-78.49298488568458,36.42785263028911,0,-1,2019,135,0.32665053577601105,0.25201621651649475,0.26165616512298584,294.72,282.79,,
-81.61045525124747,27.011232385554074,0,-1,2019,1,-0.03566808353354278,0.12942399084568024,0.11080905050039291,298.49333333333334,288.365,7.0,28.6
-85.05129997056716,34.33106544376058,0,-1,2018,62,-0.16739025566811386,0.3442230522632599,0.35407981276512146,289.35333333333335,280.97,7.4,24.5
-79.62833021354058,34.068490160462176,0,-1,2020,4,0.1657983450812136,0.26447439193725586,0.23462527990341187,286.12,281.64,10.100000000000001,21.200000000000003
-85.99313409431446,32.245635008687806,0,-1,2020,142,0.12343527174774203,0.29646965861320496,0.2916299104690552,302.516,289.7,24.0,46.1
-82.51544215229077,32.40698270058155,0,-1,2018,114,0.09174311926605505,0.18937906622886658,0.18517479300498962,297.74,285.37333333333333,24.900000000000002,52.7
-87.76416447213813,33.045774905801856,0,-1,2017,359,-0.1219758064516129,0.2637692987918854,0.2963697612285614,,277.1,,
-82.50348739677787,31.462516848024027,0,-1,2018,77,-0.09504685408299866,0.11080511659383774,0.09413221478462219,290.36400000000003,277.656,12.4,36.1
-79.99069103328577,33.656606522839404,0,-1,2017,202,0.28327373857767185,0.2010871171951294,0.20331251621246338,303.24,295.995,27.700000000000003,60.300000000000004
-85.62683155985795,30.93837940582327,0,-1,2020,279,0.2119067443796836,0.5989871025085449,0.890772819519043,299.828,288.3266666666667,28.400000000000002,42.800000000000004
-83.41213132906236,36.1927396072782,0,-1,2017,322,0.044978165938864625,0.29018309712409973,0.33250877261161804,286.815,276.41333333333336,5.2,17.3
-91.02337263338573,36.16210042946894,0,-1,2018,338,-0.01936159079016222,0.2843165695667267,0.31726834177970886,288.71,276.73333333333335,,
-85.61591436108989,33.491782853535604,0,-1,2017,74,-0.18312514730143767,0.31954410672187805,0.3208739757537842,294.43,277.44,9.700000000000001,32.6
-82.56941416015462,29.533829753401456,0,-1,2019,61,-0.19938962360122076,0.223906472325325,0.11009804159402847,301.22,292.5,14.200000000000001,23.700000000000003
-87.07058241496925,33.05652095479126,0,-1,2017,287,0.22290502793296088,0.20429398119449615,0.24264107644557953,299.11,291.808,16.900000000000002,36.7
-91.91821780681938,29.545922364316446,0,-1,2019,127,0.0749854679325712,0.6382287740707397,0.8971853852272034,302.36,294.58,28.1,40.1
-78.25518687171086,35.98355731761853,0,-1,2020,343,-0.06588235294117648,0.319955974817276,0.31024307012557983,283.3333333333333,274.584,4.9,12.200000000000001
-80.60640042375461,25.659153434671648,0,-1,2018,291,0.5122749590834698,0.5945146679878235,0.8901485204696655,300.468,298.6666666666667,,
-93.88705478511159,32.90166967002233,0,-1,2018,41,-0.05068056762235737,0.39944493770599365,0.38675984740257263,283.73333333333335,273.7866666666667,,
-89.32917747426568,32.30326071573558,0,-1,2019,45,0.2207321493294672,0.4482807517051697,0.46099430322647095,282.93,288.28000000000003,9.200000000000001,16.400000000000002
-85.9805005197162,33.623275339552855,0,-1,2018,161,0.08048162230671736,0.26568618416786194,0.2740228474140167,303.17428571428576,294.8866666666667,,
-91.7767729070262,33.32727731564899,0,-1,2019,204,0.2367879203843514,0.13523274660110474,0.20430636405944824,300.4033333333333,296.2266666666667,38.6,65.7
-82.36723499150423,28.35836442878204,0,-1,2017,175,0.08737360642986777,0.16492585837841034,0.09331993013620377,306.72,294.97,26.3,52.300000000000004
-86.32176644634917,31.570548268297433,0,-1,2019,61,0.13920083572734396,0.3659963011741638,0.3620206415653229,287.38,284.96,15.4,24.8
-77.54201417069177,37.120202659772474,0,-1,2020,60,-0.044769085768143264,0.24936054646968842,0.24545100331306458,281.96500000000003,272.44,6.2,21.400000000000002
-91.09808084942381,37.43432963173781,0,-1,2017,90,-0.23479427549194992,0.2749841809272766,0.28135642409324646,,279.995,12.100000000000001,30.900000000000002
-89.75866783432254,30.229176177449265,0,-1,2017,184,0.23084368446523632,0.42716336250305176,0.48753687739372253,304.895,297.56,,
-90.48141832746266,35.58360043390061,0,-1,2020,170,0.0492102858634643,0.17695528268814087,0.3032810091972351,312.428,292.5942857142857,,
-93.15574490132887,31.39555513171276,0,-1,2018,36,0.2101010101010101,0.30842843651771545,0.3141936957836151,283.895,278.85,8.5,16.5
-87.96243091762403,34.811224269121006,0,-1,2019,14,-0.16908576814326107,0.41582003235816956,0.4479424059391022,282.27,274.85,5.6000000000000005,11.5
-82.50118422427562,27.46047496699242,0,-1,2017,138,0.036902800658978586,0.0657472088932991,0.034805189818143845,309.79,295.815,11.700000000000001,53.5
-88.37598635950349,31.972798170188934,0,-1,2020,36,0.042408376963350786,0.3262881934642792,0.2042711079120636,288.7866666666667,279.28000000000003,9.8,18.2
-88.33459609298798,34.405635547827636,0,-1,2019,235,0.37154601507193424,0.13257811963558197,0.18917304277420044,302.1066666666667,294.932,27.0,44.900000000000006
-82.03695317420362,36.82386681456412,0,-1,2017,64,-0.2517193947730399,0.2525554597377777,0.30423834919929504,286.1,274.64,7.5,22.700000000000003
-93.86657438639054,30.06148921091242,0,-1,2020,62,-0.014045499505440158,0.7159425020217896,0.9090902209281921,291.536,279.9266666666667,14.4,26.200000000000003
-92.89576090503273,32.1163320984177,0,-1,2019,112,0.28217821782178215,0.4090772271156311,0.41629207134246826,296.37333333333333,284.7733333333333,22.400000000000002,42.0
-82.55388725767412,30.651261846060052,0,-1,2019,96,0.3445519562473706,0.19638660550117493,0.1303538978099823,295.48,284.51,27.0,40.400000000000006
-81.16312215955983,31.663959192650772,0,-1,2018,109,0.16145454545454546,0.46500587463378906,0.8480662107467651,,,,
-88.3789640628771,36.85515806233013,0,-1,2017,122,0.19404915912031048,0.20328852534294128,0.27665916085243225,299.99,288.16,20.700000000000003,46.6
-93.82936650233056,33.04399609531354,0,-1,2019,9,0.34030837004405284,0.4527381956577301,0.4766100347042084,287.88,279.0,,
-78.15853247248677,35.432528506059136,0,-1,2019,263,0.35076748152359294,0.10424478352069855,0.09669914841651917,300.132,291.964,23.5,49.5
-88.04006236658282,35.02284419100754,0,-1,2018,53,-0.1085122699386503,0.34690341353416443,0.35431745648384094,287.06,,12.9,20.6
-82.98680551522406,30.321812411851187,0,-1,2019,114,0.13312963771278918,0.12315554171800613,0.1176551878452301,303.89,285.29,24.3,57.7
-84.71166586888985,33.334001533772366,0,-1,2017,31,-0.11474417196488042,0.4464210867881775,0.4723869860172272,284.96,276.828,5.9,20.200000000000003
-86.91315070318223,35.730712365875114,0,-1,2017,338,0.0,0.3085745573043823,0.32732102274894714,291.36,275.5,,
-82.96527879889388,35.242818699818784,0,-1,2020,320,-0.012168141592920354,0.2801247537136078,0.3030993342399597,290.01,280.85,9.4,19.400000000000002
-89.57617541104581,32.95559496377488,0,-1,2020,85,0.2253066494512589,0.40870901942253113,0.44407832622528076,297.48,291.66,29.200000000000003,43.6
-92.52390248464806,36.250973469884116,0,-1,2019,321,-0.004200913242009132,0.3551953136920929,0.3553605377674103,287.6933333333333,273.745,,
-91.38580070267025,36.48057662399461,0,-1,2020,77,,0.462701678276062,0.48972010612487793,,281.8,,
-93.88283792750396,35.06766942109404,0,-1,2019,237,0.2726855042499426,0.2336403727531433,0.2126927375793457,306.2866666666667,297.288,29.5,42.1
-81.69463479924018,36.22359646159771,0,-1,2018,13,,0.2398453801870346,0.24435840547084808,264.18,277.12,7.0,10.0
-82.7271762025951,33.590364968686096,0,-1,2018,226,0.3529273454032448,0.2484837919473648,0.30195584893226624,300.0466666666667,294.82,37.800000000000004,57.5
-79.37269115361894,34.58580542046646,0,-1,2017,263,0.1986580397795351,0.16653282940387726,0.20094163715839386,301.5342857142857,292.5,30.3,51.7
-82.30083969657342,34.08271683583511,0,-1,2019,350,0.09531943969935087,0.38397789001464844,0.3994675874710083,286.175,276.46,6.7,13.4
-76.67512173341694,36.84620522233284,0,-1,2020,55,0.10622009569377991,0.29185372591018677,0.27983352541923523,282.27,274.11,7.300000000000001,13.4
-82.88103406721618,36.96436490791589,0,-1,2019,100,-0.13397328881469114,0.35535725951194763,0.4102158844470978,292.12,279.88,11.4,31.1
-93.84966018520124,30.709592952255655,0,-1,2017,132,0.3221659524737047,0.2199462503194809,0.2003992199897766,297.835,286.952,47.300000000000004,67.8
-81.22785019714928,32.2994443912289,0,-1,2017,8,0.02906818799239337,0.1842687875032425,0.09924457222223282,281.40000000000003,273.12,7.9,15.700000000000001
-87.61323328243002,32.125622630212476,0,-1,2019,345,0.10270270270270271,0.2507137954235077,0.26263442635536194,288.28000000000003,273.06,6.5,12.4
-89.1782777797609,35.560360133630404,0,-1,2017,227,0.19319982711424866,0.26124295592308044,0.24984179437160492,303.44,291.97,17.400000000000002,56.2
-91.89380966197663,35.22966998076095,0,-1,2018,318,0.11695467067367894,0.2344214767217636,0.2472570240497589,281.25333333333333,275.96,5.800000000000001,15.600000000000001
-81.97721589108976,37.56570861840778,0,-1,2018,294,0.07952796305797845,0.225319504737854,0.22394658625125885,285.765,277.62,8.4,23.700000000000003
-89.91119512460467,30.562542971845755,0,-1,2020,325,0.0909950366343654,0.23529493808746338,0.27008509635925293,294.93142857142857,283.325,12.3,25.8
-84.35587277608764,34.99291873589486,0,-1,2020,10,0.12679738562091503,0.2736000418663025,0.3033045530319214,282.5,273.22,,
-78.31665138134383,35.674728392272655,0,-1,2020,76,0.031055900621118012,0.26173755526542664,0.2789587080478668,292.81,,,
-80.9327537129858,35.6045716812354,0,-1,2019,107,0.1929997535124476,0.29869213700294495,0.3158615827560425,292.37,287.06,,
-83.4710872704536,34.95541813832163,0,-1,2020,84,-0.164225477141589,0.34936147928237915,0.2953035533428192,291.54,283.98,13.3,27.5
-87.08590949462952,34.16375327784669,0,-1,2019,65,0.05890753302392003,0.31472232937812805,0.2831316888332367,294.8,282.72,,
-81.22129076031663,34.9357471946619,0,-1,2017,77,-0.06893652795292139,0.280546098947525,0.2753576338291168,287.88,273.024,9.600000000000001,34.1
-81.07309413215145,35.17924692295307,0,-1,2020,254,0.3531434184675835,0.3007170855998993,0.33523496985435486,301.272,292.48333333333335,30.0,50.800000000000004
-81.06506816244755,33.448460051645355,0,-1,2018,282,0.10612333841795599,0.1799914836883545,0.17226701974868774,302.8266666666667,293.54400000000004,16.5,36.800000000000004
-81.09080063563248,32.2813067837593,0,-1,2019,283,0.3314495620231704,0.20469723641872406,0.2558293640613556,301.87,294.57,24.5,36.9
-85.70088096381666,35.65823746222285,0,-1,2017,260,0.22738001573564123,0.28467074036598206,0.310303270816803,300.095,290.0,31.0,49.900000000000006
-91.73941175472042,36.011051775591746,0,-1,2017,21,-0.02850754611514813,0.16508276760578156,0.16778653860092163,292.22,281.0,4.9,10.0
-91.99142204117392,29.954747983879408,0,-1,2019,59,0.0592296511627907,0.7678558230400085,0.9155166745185852,292.76,281.12,16.400000000000002,22.8
-94.13776415299499,35.50095811247054,0,-1,2018,156,0.16947535771065184,0.1322140246629715,0.2268369048833847,305.3125,295.4066666666667,36.800000000000004,58.6
-88.03551421539554,37.200099480008404,0,-1,2017,134,0.17625899280575538,0.2718469798564911,0.32927605509757996,301.048,285.75666666666666,21.200000000000003,56.0
-94.2649124194865,31.364386715012838,0,-1,2020,62,0.16498516320474776,0.28466805815696716,0.2843343913555145,289.245,280.408,10.8,23.0
-84.25779283768514,34.18117618837263,0,-1,2020,44,-0.06041257367387033,0.51569002866745,0.5407394766807556,,278.3,9.4,14.600000000000001
-80.31945097309456,25.36564543426444,0,-1,2019,81,0.49442896935933145,0.1524251103401184,0.20789417624473572,,293.96,,
-80.83258608948137,37.00242572144895,0,-1,2018,83,-0.15494296577946767,0.3081289529800415,0.3025961220264435,284.55,271.02,9.700000000000001,20.6
-84.02489889676691,31.33793770044523,0,-1,2017,55,-0.07700934579439252,0.2223934680223465,0.23388798534870148,297.17333333333335,284.035,9.8,30.1
-85.23471421059493,31.823313172892423,0,-1,2018,19,0.21404580152671757,0.14965252578258514,0.11513898521661758,277.3366666666667,278.23,7.6000000000000005,19.1
-83.08371897777862,34.94023665726915,0,-1,2018,137,0.374430823117338,0.32022330164909363,0.2631746828556061,301.495,292.8466666666667,,
-81.31020139569982,33.54373671341392,0,-1,2017,134,0.12997522708505369,0.1426355540752411,0.06095025688409805,300.46,287.492,26.400000000000002,64.4
-84.78921576964113,29.813671867708347,0,-1,2020,201,0.2950276243093923,0.12828101217746735,0.09438875317573547,300.73333333333335,296.65000000000003,44.400000000000006,60.800000000000004
-87.79076733286175,31.958555283182285,0,-1,2018,71,-0.018828991488264123,0.32832613587379456,0.34420332312583923,288.844,277.40000000000003,15.200000000000001,31.0
-92.48945554358396,32.63397253108959,0,-1,2019,296,0.22306008270493796,0.18866541981697083,0.2371976524591446,294.675,286.8,14.0,31.200000000000003
-90.19968111986657,34.88973596940657,0,-1,2017,77,-0.13038793103448276,0.380033403635025,0.4178136885166168,289.78000000000003,276.5,11.200000000000001,30.6
-87.05657307250672,37.364605295729454,0,-1,2018,60,-0.05704534373476353,0.4284883141517639,0.44949376583099365,288.6,282.1,9.200000000000001,22.700000000000003
-90.18998685117916,32.67424701336455,0,-1,2020,193,0.3116926134481616,0.3166355788707733,0.3374784290790558,304.06,,20.6,69.0
-88.34557374434945,33.849872948583105,0,-1,2020,230,0.34364951768488744,0.12821365892887115,0.20061758160591125,302.035,295.62,24.400000000000002,62.400000000000006
-86.67389870635334,35.39792086466715,0,-1,2019,160,0.35303354746609567,0.3442442715167999,0.3500983715057373,299.7666666666667,293.58,,
-93.20506609512861,33.02146380645747,0,-1,2019,139,0.3747870528109029,0.4253251850605011,0.453498512506485,298.668,290.12,44.800000000000004,64.3
-89.22956711783155,32.46817999676928,0,-1,2020,73,0.04779908182554685,0.3787330389022827,0.38526222109794617,290.415,281.91333333333336,,
-83.47068588356457,33.66509410069545,0,-1,2017,123,0.3309064433927921,0.3534764349460602,0.385478675365448,300.435,288.29200000000003,35.6,51.7
-88.93238580706397,37.24690214071986,0,-1,2020,97,0.024676850763807285,0.4040886461734772,0.4350191056728363,295.12666666666667,281.9066666666667,,
-86.88863139729828,34.067498882550886,0,-1,2020,233,0.3601008282319049,0.1949041187763214,0.1452874094247818,302.49,294.0466666666667,,
-83.11957301415009,29.345856193203133,0,-1,2018,101,0.22214564668045025,0.22171346843242645,0.15488438308238983,295.5933333333333,290.62,26.5,46.900000000000006
-93.07529640967208,37.390889085113066,0,-1,2018,102,-0.1950512275275469,0.3463045060634613,0.41033458709716797,294.73333333333335,271.51,15.100000000000001,32.800000000000004
-92.48151336190178,34.50625418645447,0,-1,2018,66,-0.04841664485736718,0.3771514594554901,0.3921079933643341,290.125,279.8,8.200000000000001,30.1
-84.76568681458916,33.564763137264976,0,-1,2018,42,-0.06938325991189427,0.4690103232860565,0.4647528827190399,284.7,275.44666666666666,,
-82.36149370657616,36.98754068257949,0,-1,2018,81,-0.015756302521008403,0.28047314286231995,0.27645498514175415,288.46,273.74,13.0,23.6
-80.68774203294797,33.4709441246497,0,-1,2019,194,0.18075356415478616,0.15811099112033844,0.16491149365901947,303.9866666666667,294.34000000000003,29.5,60.0
-86.4874344425983,30.70842047193099,0,-1,2017,238,-0.004701627486437613,0.15666937828063965,0.1495533585548401,306.395,296.695,17.2,46.5
-89.76114749511818,33.208292098496436,0,-1,2017,269,0.2519174041297935,0.17198505997657776,0.21287265419960022,301.76,293.7514285714286,18.7,50.6
-87.53823219922819,33.23609200553514,0,-1,2020,154,0.14220007665772327,0.24796010553836823,0.29889851808547974,309.185,293.62666666666667,,
-82.61680496843387,31.294733200899284,0,-1,2018,90,0.1392235609103079,0.11933258175849915,0.10802456736564636,299.43,288.0466666666667,27.900000000000002,42.6
-81.32641333770013,35.6091758340508,0,-1,2017,62,-0.0014947683109118087,0.2437191903591156,0.2518186867237091,290.256,278.704,10.600000000000001,27.400000000000002
-91.40320055048102,37.30332370099684,0,-1,2017,11,-0.009437032216075496,0.1901794970035553,0.21733956038951874,272.04,262.28000000000003,,
-93.98431138188806,33.30667606797675,0,-1,2017,96,0.2704349653288506,0.32389411330223083,0.3857867121696472,298.024,286.14,25.6,46.0
-82.24606564778634,28.90919592090747,0,-1,2017,113,-0.001297978861487113,0.05799182504415512,0.022497178986668587,304.455,290.23,,
-83.1395864682361,29.685116506176605,0,-1,2018,167,0.3037974683544304,0.1769040822982788,0.15608730912208557,,293.54,,
-93.05801466592263,32.919153687038175,0,-1,2017,202,0.2602838153403988,0.1781378984451294,0.2600752115249634,302.348,297.515,25.5,70.5
-82.00266289695318,34.81534396244362,0,-1,2017,175,0.2866765237391162,0.28766754269599915,0.27590659260749817,300.84000000000003,,,
-93.76287460430353,31.202623152215114,0,-1,2017,269,0.26694396868118425,0.21464863419532776,0.2598697245121002,300.1,294.00666666666666,31.8,53.5
-86.89389732090864,34.957296225469555,0,-1,2020,35,-0.014181523500810372,0.4149932265281677,0.43215760588645935,286.32,275.88,8.3,12.9
-79.56727771978447,33.314621549089786,0,-1,2019,93,0.1552123552123552,0.33177489042282104,0.326931357383728,292.205,281.07599999999996,21.400000000000002,32.800000000000004
-88.21236906753666,31.132381178655972,0,-1,2019,85,-0.10069204152249135,0.22460319101810455,0.24138478934764862,295.084,282.69,15.100000000000001,43.1
-83.85810568356987,34.76198393919205,0,-1,2018,66,-0.0804953560371517,0.2792510688304901,0.2895689308643341,284.61,277.30400000000003,8.8,20.3
-90.40342371160438,36.796375964975795,0,-1,2018,298,0.1267533792399898,0.22836118936538696,0.22460384666919708,289.89,280.57,10.700000000000001,20.6
-91.58063805177186,32.00055340333025,0,-1,2020,319,-0.11640014875418371,0.36805233359336853,0.4115496277809143,299.948,286.18,7.6000000000000005,28.8
-94.37871511017619,32.00379592935934,0,-1,2017,142,0.20409157330735508,0.29707860946655273,0.28479859232902527,302.67,292.54,17.0,44.300000000000004
-91.09358757338687,34.733642936857485,0,-1,2017,51,-0.08202294942626434,0.21365170180797577,0.2679838538169861,286.52,278.61,,
-86.73434064278091,36.093715970336326,0,-1,2017,75,0.007403751233958539,0.29413795471191406,0.31256964802742004,290.04,273.64,,
-83.78621232135171,36.25879792005982,0,-1,2020,152,0.2650383810188416,0.39687177538871765,0.4351966679096222,299.5466666666667,291.44,,
-88.99124302104573,35.53150022914818,0,-1,2017,22,-0.11583120928915322,0.34619617462158203,0.3460901379585266,292.48,,6.800000000000001,10.0
-89.02934944591841,37.06461712666368,0,-1,2019,154,0.144718792866941,0.4029465317726135,0.4405480623245239,303.265,293.0333333333333,18.5,28.400000000000002
-94.34891355483684,30.34908761932146,0,-1,2017,249,0.19230769230769232,0.32880452275276184,0.3083072304725647,300.90000000000003,295.21,34.7,55.7
-93.8501336442084,30.691602177649955,0,-1,2017,196,0.3765861645517806,0.2775437533855438,0.22593209147453308,302.0266666666667,294.32,54.300000000000004,65.7
-78.45459401643694,35.27740173140324,0,-1,2019,197,0.08193339227821986,0.10659348964691162,0.1605864316225052,308.38,297.0466666666667,,
-94.45164835961312,32.632824961355595,0,-1,2017,145,0.3799032778076303,0.16837328672409058,0.2094021737575531,295.42,289.95,36.300000000000004,53.7
-92.42259067786156,32.927890224795185,0,-1,2020,37,0.09374114981591618,0.38169214129447937,0.3865734934806824,288.72,275.44,9.1,16.400000000000002
-91.06866976446557,29.23957196841384,0,-1,2017,104,0.0,0.4077826738357544,0.8031517863273621,,,,
-81.04915908721837,36.83988275835065,0,-1,2019,323,-0.03834449178332319,0.31200501322746277,0.3372233211994171,282.68,268.65,,
-81.31923166924014,37.270754341068184,0,-1,2020,155,0.39835858585858586,0.2795582115650177,0.3018530607223511,294.4066666666667,287.9733333333333,33.4,56.300000000000004
-93.48726983591618,31.25968059168714,0,-1,2019,294,0.32265861027190335,0.29860347509384155,0.31069105863571167,297.3866666666667,286.26,21.6,33.2
-89.4105286826292,30.66903959497163,0,-1,2018,145,,0.2771299481391907,0.2700854241847992,307.86,291.975,,
-89.44297071297646,36.89098258250441,0,-1,2020,335,-0.22746589129948558,0.16011741757392883,0.08806544542312622,287.12666666666667,275.23,6.2,12.5
-81.8303494978364,31.042231052940842,0,-1,2017,289,0.3443728917509966,0.1785520315170288,0.1814723163843155,300.84000000000003,293.72,19.400000000000002,31.400000000000002
-81.62772195768557,36.51352170594662,0,-1,2019,160,0.341947683580208,0.2839415371417999,0.2171027511358261,296.02,286.44,27.6,33.9
-90.36137935231613,35.24679063331864,0,-1,2017,120,-0.14262820512820512,0.32670828700065613,0.333164244890213,300.62,290.1666666666667,,
-91.56218026977014,29.829874619057552,0,-1,2017,64,-0.19021739130434784,0.3461833894252777,0.39920905232429504,295.444,281.8266666666667,11.9,33.7
-86.12914303693539,36.24248869145115,0,-1,2019,83,-0.07450545387317434,0.34331172704696655,0.38110432028770447,290.9514285714286,275.35333333333335,12.100000000000001,32.300000000000004
-80.92089514160398,34.815733090349646,0,-1,2017,284,0.26939843068875324,0.1514594852924347,0.18290385603904724,299.49333333333334,289.344,,
-90.07728416606322,29.858654982241145,0,-1,2017,93,0.10604558969276512,0.4000222682952881,0.42112722992897034,303.75,292.05,,
-86.67217810224574,37.41628037283256,0,-1,2020,166,0.20356155971753148,0.3392508327960968,0.3451617360115051,300.96,290.876,47.5,70.2
-92.02201878591129,31.9002332324692,0,-1,2020,57,0.18751911899663506,0.48349708318710327,0.5045599341392517,286.09000000000003,275.56666666666666,14.100000000000001,25.0
-86.62070818260484,37.09844607828721,0,-1,2019,50,-0.11736411736411737,0.4606502652168274,0.4749508500099182,,274.06,7.1000000000000005,12.600000000000001
-81.52036885026573,26.22608285655432,0,-1,2017,84,0.09460374802438473,0.08406566083431244,0.089361272752285,302.0,287.62857142857143,22.3,55.800000000000004
-81.39646859613347,32.439511417134526,0,-1,2019,285,0.021373351523419737,0.0735042616724968,0.07079771161079407,303.00666666666666,289.375,16.5,38.300000000000004
-80.80079694746557,36.989355230581644,0,-1,2018,165,0.28144478184433436,0.21058422327041626,0.23620738089084625,297.644,286.16,27.0,63.2
-92.92128503944573,33.39058664086152,0,-1,2017,274,0.21833952912019827,0.11751194298267365,0.2112073004245758,299.29,292.516,19.0,41.6
-80.47618552748128,25.380507958735738,0,-1,2018,18,-0.13318830070099105,0.20837120711803436,0.295933336019516,292.815,291.33,15.4,29.400000000000002
-88.8839735786875,33.09416432826025,0,-1,2020,142,0.18636026686434395,0.35567376017570496,0.3874551057815552,297.4066666666667,288.22,,
-84.09858424305365,34.71472036512488,0,-1,2018,51,-0.12999322951929587,0.2646183967590332,0.23096472024917603,287.72,284.28000000000003,15.3,27.0
-90.014516376019,30.00874823397967,0,-1,2020,56,0.015428924089693478,0.26228901743888855,0.28259584307670593,289.87,280.82,,
-89.31329268428999,34.40325695045046,0,-1,2020,226,0.355793991416309,0.1923590451478958,0.20251677930355072,302.4866666666667,294.6,17.5,59.2
-90.34563271751335,31.846310324387805,0,-1,2018,85,0.14903242020608193,0.33623838424682617,0.3781743049621582,293.45,280.24,22.700000000000003,41.900000000000006
-87.82273540264008,31.645478718644718,0,-1,2019,105,0.1253943217665615,0.3134472072124481,0.3130939304828644,297.3666666666667,287.115,17.1,44.800000000000004
-82.56888949274129,37.677928543023896,0,-1,2017,262,0.23254835996635828,0.13372068107128143,0.1936434656381607,296.99666666666667,290.22400000000005,40.800000000000004,49.300000000000004
-90.04356241728254,36.76120721010602,0,-1,2018,60,-0.04787592717464599,0.2666230797767639,0.28811681270599365,286.56666666666666,277.48,7.7,23.6
-85.39958589976551,35.487744978484756,0,-1,2020,122,0.14566115702479338,0.31900718808174133,0.35540395975112915,293.56666666666666,278.04,28.6,48.900000000000006
-80.78784214403618,25.935665490099836,0,-1,2018,40,0.0987969376594969,0.43776023387908936,0.8082771301269531,297.232,291.688,,
-85.36333170134895,32.78344794488952,0,-1,2018,84,0.11085648811228874,0.2699350118637085,0.28633829951286316,292.1,276.95,17.1,32.9
-92.98776313640654,34.19828433208745,0,-1,2017,248,-0.06986336684712555,0.18241645395755768,0.21482929587364197,304.8666666666667,293.29,,
-90.67084547592907,30.628936896484007,0,-1,2019,198,0.35312435125596847,0.2362382858991623,0.2666800320148468,,296.32,,
-87.03665124410199,34.77976058738464,0,-1,2019,55,-0.0244,0.4335345923900604,0.44923192262649536,288.06,,,
-89.87077546166613,31.380349051065576,0,-1,2017,111,0.2744546094299789,0.20389454066753387,0.2323523461818695,298.7,290.3,37.4,53.0
-91.39463353721759,30.418216755432177,0,-1,2020,111,0.385839827557619,0.3661355972290039,0.3819184899330139,298.46,289.375,,
-94.08665858599115,32.65416532462787,0,-1,2019,63,-0.14624841034336583,0.35956183075904846,0.3569367825984955,,276.16,10.9,17.5
-81.32293883920262,37.54212940583395,0,-1,2020,95,-0.15970182968149987,0.2329196333885193,0.26801228523254395,294.264,278.64,10.9,30.8
-82.31525742651884,35.68318479598443,0,-1,2018,175,,0.268142968416214,0.2949492037296295,297.1666666666667,289.72,,
-87.62561420269064,37.49487498739246,0,-1,2018,129,0.004334007512279688,0.30034467577934265,0.3770245611667633,300.075,286.58,,
-79.9617495558374,33.7433489439072,0,-1,2017,79,-0.04102468906627065,0.13768871128559113,0.17134949564933777,290.8,276.672,6.5,35.9
-83.42252978587021,33.35270465325533,0,-1,2020,214,0.2811430871402697,0.1859010010957718,0.2565954029560089,301.1666666666667,295.94,8.4,63.6
-81.84692995033687,32.097971529798805,0,-1,2019,47,-0.08063543132917755,0.21083438396453857,0.18172907829284668,294.62,278.69,,
-90.74271333496705,35.99802542019638,0,-1,2017,80,0.03403244954491492,0.24492260813713074,0.29474666714668274,287.19,286.88,9.700000000000001,28.700000000000003
-78.67375064095867,37.22586393461587,0,-1,2020,177,0.2738834664300503,0.3229624032974243,0.32732364535331726,300.63,294.32,57.2,72.7
-88.91684351285804,30.557207371681454,0,-1,2018,9,0.25690954773869346,0.2218649685382843,0.21175973117351532,279.4666666666667,273.02,,
-89.4902170845096,30.195503417117656,0,-1,2018,280,0.03717472118959108,0.18363875150680542,0.24244749546051025,301.595,298.74666666666667,,
-90.10924508042372,35.63724882621238,0,-1,2018,62,-0.11420765027322405,0.4921722710132599,0.5147243142127991,291.49,280.56,11.8,25.5
-82.49880894555874,32.44122721644485,0,-1,2018,116,0.1395864106351551,0.1699496954679489,0.17957966029644012,296.84000000000003,286.105,22.900000000000002,51.900000000000006
-83.75105807736266,32.647547395049244,0,-1,2018,63,-0.03572730586948596,0.17921853065490723,0.21370694041252136,293.665,284.145,10.4,29.700000000000003
-79.38117945382125,36.29268479125468,0,-1,2018,81,-0.07483629560336763,0.34712353348731995,0.35934072732925415,289.96,275.58,11.600000000000001,29.5
-77.87409142241667,35.81630052508063,0,-1,2017,337,-0.11366434140336479,0.11913682520389557,0.11199643462896347,290.612,277.156,5.6000000000000005,11.4
-79.8028420702436,37.60989039529717,0,-1,2018,296,0.09288368105172906,0.39662685990333557,0.4374810755252838,287.5933333333333,278.99,7.9,25.5
-86.374803302675,32.45921793719942,0,-1,2019,24,-0.07911212293682413,0.4132530689239502,0.44377532601356506,282.51,274.31,9.1,13.9
-90.48878151552732,33.01233447118358,0,-1,2018,296,0.14998976877429915,0.20497646927833557,0.2616998255252838,298.92,,10.9,24.200000000000003
-94.21104966249595,32.84446685425931,0,-1,2018,2,0.012014529198100027,0.14725050330162048,0.14948971569538116,270.44,,5.7,14.9
-83.42867497307826,34.67129174790679,0,-1,2018,116,0.14760508308895406,0.3274203836917877,0.2789449095726013,295.34000000000003,279.745,22.1,46.0
-91.72198709247505,32.742256995000965,0,-1,2019,5,-0.055208593554833874,0.38846486806869507,0.3987240791320801,287.28000000000003,279.74,,
-82.6018204632409,34.000634105118515,0,-1,2018,72,-0.07823543748476725,0.2973135709762573,0.3006315529346466,284.904,277.38,6.9,19.700000000000003
-88.11751933129588,36.53377303551687,0,-1,2017,140,0.26745240253853125,0.2782560884952545,0.2827758193016052,298.73,289.68,42.0,50.300000000000004
-89.67052253231081,36.48270169145875,0,-1,2017,278,-0.039280359820089955,0.1264924854040146,0.269937127828598,303.26,285.705,7.4,42.900000000000006
-83.56872883191542,34.217306967085,0,-1,2018,156,0.29560632688927946,0.4810299277305603,0.5069882869720459,301.95,292.5333333333333,69.10000000000001,74.0
-94.11771446705006,37.215165832491046,0,-1,2020,48,-0.15468409586056645,0.4041794538497925,0.4037613272666931,275.08,,,
-89.20088584069889,34.18151549490465,0,-1,2019,293,0.18341061308603812,0.22787898778915405,0.2937299907207489,291.32,280.40500000000003,11.5,32.6
-82.09219702211826,31.557000002856938,0,-1,2017,73,0.1491474206777466,0.17601345479488373,0.12113538384437561,297.25,285.32,8.5,44.5
-87.18044991059129,31.686804640146242,0,-1,2018,8,0.11750920656176767,0.3161145746707916,0.2893587052822113,276.23333333333335,271.74,3.9000000000000004,14.100000000000001
-81.66713546137404,34.28603970655865,0,-1,2019,287,0.11724742493973263,0.15090195834636688,0.1819114089012146,298.76,286.14,16.7,36.800000000000004
-81.2201014915412,26.220190102242256,0,-1,2018,65,-0.124185667752443,0.09638720005750656,0.09676097333431244,301.89,287.1685714285714,,
-77.5835735516888,35.98037836235631,0,-1,2020,154,0.002155529762891726,0.3382311165332794,0.36347371339797974,301.8,287.8,,
-80.48143886671892,32.79837931412047,0,-1,2018,259,0.3562515915457092,0.19076356291770935,0.2350378781557083,300.06,294.04,17.400000000000002,45.800000000000004
-86.89615023901071,31.28494320039314,0,-1,2020,194,0.22102379729498373,0.14321212470531464,0.16977910697460175,304.33,296.36,61.5,76.7
-84.69861810075827,32.36689470825204,0,-1,2017,78,-0.16229450856942987,0.15647278726100922,0.08725058287382126,293.1533333333333,278.41333333333336,9.1,34.1
-82.55192906748727,36.12538919375956,0,-1,2020,55,,0.38780099153518677,0.39531204104423523,277.5,272.92,6.300000000000001,12.700000000000001
-89.06312247952043,33.76063306694259,0,-1,2017,105,0.12488298071522187,0.2595520615577698,0.3217151463031769,297.332,286.84000000000003,20.1,48.2
-91.35158582326704,30.99294451289575,0,-1,2020,320,0.08448753462603878,0.19913111627101898,0.2611071467399597,295.9266666666667,289.5466666666667,18.3,31.700000000000003
-76.9821896932625,36.64069699008665,0,-1,2018,314,0.10806451612903226,0.2165539562702179,0.20112526416778564,290.145,283.26,7.1000000000000005,12.9
-91.30524952620765,36.32549439539722,0,-1,2018,15,-0.11752577319587629,0.2593764662742615,0.2829050123691559,271.38,280.34000000000003,,
-79.16877530963052,34.44726854417711,0,-1,2019,275,0.18761996161228406,0.10280252993106842,0.16581331193447113,302.768,293.8457142857143,23.1,41.7
-85.84124606435033,36.20031219848304,0,-1,2017,162,0.383302213923713,0.3827374577522278,0.4339618980884552,296.66,289.708,29.400000000000002,63.400000000000006
-82.17342565198554,30.030569854256086,0,-1,2018,299,0.17044657470189384,0.1436481773853302,0.11531732976436615,296.945,288.8866666666667,21.200000000000003,36.5
-80.4527302239191,25.848310309334696,0,-1,2017,10,0.082319255547602,0.41550663113594055,0.7936558723449707,295.98,293.23,,
-78.00120567949074,36.04499529495464,0,-1,2018,167,0.3497164461247637,0.1622556447982788,0.17781582474708557,299.07,292.5,,
-88.29943189529733,34.53789488873361,0,-1,2019,31,0.12073732718894009,0.3543778359889984,0.37790030241012573,279.2371428571429,273.2633333333333,5.0,17.3
-90.87410391312042,32.06045302110188,0,-1,2017,314,0.09986754966887418,0.12125720828771591,0.18241558969020844,290.96,292.61,11.600000000000001,25.8
-86.03610089664019,31.644728832656263,0,-1,2020,65,0.05798138869005011,0.41945359110832214,0.44563549757003784,289.14,277.07,15.4,32.800000000000004
-90.4551130002177,36.557354141644694,0,-1,2017,32,-0.2032252756294224,0.3020765483379364,0.3291964530944824,279.24,273.705,,
-90.82405433389246,31.680556447200466,0,-1,2019,287,0.28991481176147293,0.17971055209636688,0.1726340651512146,,289.5966666666667,,
-83.24317253744503,35.787225041749366,0,-1,2020,117,0.20196623210087625,0.3495021164417267,0.3626742660999298,289.88,281.785,14.700000000000001,37.0
-92.09183929242076,31.120477167407913,0,-1,2020,350,-0.08891595615103533,0.36773329973220825,0.3608362376689911,291.47,280.256,,
-84.68475769400483,32.690621307489934,0,-1,2018,98,0.04819277108433735,0.39333558082580566,0.40629252791404724,293.82,284.964,25.1,45.5
-87.84692670239819,33.18660206182593,0,-1,2019,214,0.28760529482551145,0.13683071732521057,0.2035534530878067,304.944,293.32,23.5,65.2
-89.97762912999305,32.35767587205138,0,-1,2017,77,-0.012366380213791658,0.399076372385025,0.4347814619541168,285.88,,12.5,38.900000000000006
-75.8023765701624,35.93364824148084,0,-1,2019,84,-0.028101802757158005,0.6169794797897339,0.8902444243431091,289.30400000000003,280.97,15.8,34.800000000000004
-93.1377028843127,30.711447735575184,0,-1,2017,3,,0.3338285982608795,0.33810603618621826,,285.24,,
-80.48579823562493,33.16223582121082,0,-1,2020,126,0.23455399061032864,0.19376958906650543,0.2163715660572052,299.9057142857143,287.624,40.7,58.800000000000004
-81.7622924380951,35.3284681292953,0,-1,2018,114,0.20062915064662706,0.3705314099788666,0.3300722539424896,294.63599999999997,282.04,24.200000000000003,45.7
-84.40780994856607,33.54714234966264,0,-1,2018,25,-0.02209513906940473,0.2493896335363388,0.2594048082828522,284.28000000000003,274.54,,
-93.07885702392223,32.93762073427036,0,-1,2019,16,0.017879161528976572,0.442959725856781,0.4572910964488983,281.34000000000003,274.22,6.800000000000001,15.200000000000001
-88.49172485339736,37.202443130869796,0,-1,2017,249,0.12701808986578486,0.14594319462776184,0.2207828164100647,296.828,286.61333333333334,35.5,42.300000000000004
-81.10849128714563,32.8192606239933,0,-1,2019,103,0.29397037346129773,0.18703727424144745,0.13038432598114014,,289.24,,
-82.39923973149344,37.4696757081021,0,-1,2020,204,0.3861646234676007,0.15815477073192596,0.1903659552335739,301.0466666666667,295.17,38.5,64.9
-93.35005715761903,31.265491580150982,0,-1,2017,46,0.06776779208161282,0.38301321864128113,0.3973775804042816,295.04,287.06,12.700000000000001,25.900000000000002
-88.38888091356154,31.388069136374803,0,-1,2018,80,0.09879769994772608,0.2206123024225235,0.2008167803287506,290.6666666666667,279.59000000000003,18.3,31.3
-81.63384301681843,32.44287478860061,0,-1,2020,105,0.040396621373485125,0.23195165395736694,0.19528473913669586,301.445,287.285,18.1,44.6
-77.69840449688715,35.370375074757455,0,-1,2019,292,0.02354904505840905,0.10682336986064911,0.09441079199314117,296.81333333333333,284.3366666666667,9.3,26.5
-86.63300398601989,30.54003417403191,0,-1,2017,63,-0.06485484867201977,0.16724678874015808,0.10005473345518112,298.095,283.1,14.5,36.9
-81.14060320804465,35.694337559395365,0,-1,2019,185,0.3651381812567547,0.29083630442619324,0.3424682915210724,306.2133333333333,294.43,,
-85.36413737457946,33.82000415646727,0,-1,2017,74,-0.08836744882675986,0.24038149416446686,0.2554442882537842,293.0266666666667,276.5266666666667,9.5,31.700000000000003
-94.08745309809446,33.06653044638453,0,-1,2020,184,,0.13943441212177277,0.1330372542142868,,296.1666666666667,,
-81.08507296735634,28.6252043651496,0,-1,2020,200,0.17656201429903637,0.1790778934955597,0.1325727254152298,305.73333333333335,297.32,35.7,59.1
-81.10035004708966,34.29570688763149,0,-1,2019,257,0.258770897103838,0.1828012466430664,0.1953895539045334,305.2266666666667,295.98,25.400000000000002,49.400000000000006
-85.32551034988342,30.33912012285194,0,-1,2019,103,0.0022839741149600305,0.17208366096019745,0.10786234587430954,303.65000000000003,290.29200000000003,27.200000000000003,40.400000000000006
-85.1057822703246,30.335600847511873,0,-1,2017,96,0.16290842153704557,0.22819098830223083,0.24265927076339722,300.03000000000003,287.72,16.2,45.5
-84.1048683322126,31.15630973736172,0,-1,2018,204,0.3299986836909306,0.33463817834854126,0.36927908658981323,301.92,295.8,24.900000000000002,60.2
-81.40995164255753,33.538406453081826,0,-1,2019,106,0.22172185430463576,0.15080708265304565,0.08194741606712341,296.87333333333333,288.75333333333333,21.0,45.1
-83.7145954573454,35.44987049587574,0,-1,2017,99,-0.07438530967942733,0.29988932609558105,0.35423728823661804,294.79333333333335,282.58,8.200000000000001,49.1
-81.3759738759881,28.67471762074635,0,-1,2017,2,0.11582381729200653,0.10568410903215408,0.06164882704615593,297.94,290.8,,
-83.35689103212462,34.36577696946326,0,-1,2017,60,0.1332470892626132,0.4058179557323456,0.40529337525367737,293.99,279.952,11.100000000000001,26.1
-81.34834753916422,35.20504485419088,0,-1,2018,110,0.13180449386147788,0.38834893703460693,0.41913971304893494,295.5314285714286,286.932,17.400000000000002,43.900000000000006
-82.05253264320042,33.25656276835992,0,-1,2020,338,0.08322394329220267,0.1715307980775833,0.20797695219516754,286.6,278.32,6.2,16.7
-92.172483743962,32.533993830872056,0,-1,2017,187,0.18314785373608902,0.26973652839660645,0.3032849133014679,,297.5733333333333,25.200000000000003,62.7
-84.53634442720643,30.132238622491208,0,-1,2019,157,0.25364652396287174,0.20953355729579926,0.16321256756782532,305.955,294.03000000000003,,
-80.1891979293091,35.81468901929996,0,-1,2019,99,0.10151783954267692,0.3517429530620575,0.35557126998901367,295.7133333333333,282.595,19.700000000000003,33.6
-81.02954629176993,27.43462058525926,0,-1,2018,50,0.07528851437992307,0.14770860970020294,0.09290487319231033,302.40000000000003,289.264,17.400000000000002,45.400000000000006
-92.6088198625113,33.10393153663858,0,-1,2020,38,0.04124293785310734,0.3696531653404236,0.3790750801563263,289.17,273.95,7.6000000000000005,15.4
-84.16721025855298,32.827372933814885,0,-1,2017,12,0.0266844563042028,0.4448592960834503,0.46585559844970703,281.9633333333333,284.2,10.0,20.3
-92.65563419581655,32.25311050372181,0,-1,2018,77,0.06613756613756613,0.35824164748191833,0.3419044315814972,290.904,281.896,11.600000000000001,33.5
-82.29999779636385,29.900893269924648,0,-1,2017,307,0.04022582921665491,0.17183372378349304,0.17708216607570648,296.99428571428575,283.19,23.400000000000002,35.4
-93.89584074814357,29.7284757849171,0,-1,2019,159,0.13881380187629194,0.7367642521858215,0.9129517078399658,302.968,297.90000000000003,19.3,45.900000000000006
-82.99117676669309,37.6429404945512,0,-1,2020,173,0.33759707629054364,0.19725218415260315,0.2297874540090561,299.8266666666667,287.02,39.900000000000006,58.5
-80.0253363359752,34.451003600242856,0,-1,2019,23,-0.04582792909641158,0.20146073400974274,0.09341493993997574,280.5133333333333,275.512,,
-83.31345191330028,34.36102334032154,0,-1,2017,285,0.1946529080675422,0.28226596117019653,0.3331700563430786,299.8666666666667,290.335,21.200000000000003,38.400000000000006
-85.06606180244235,37.649981708132906,0,-1,2017,85,-0.055006073225750476,0.4460263252258301,0.4611600637435913,293.05333333333334,277.1933333333333,12.5,31.3
-90.78736724182924,37.46606721570788,0,-1,2018,253,0.21543408360128619,0.23440222442150116,0.27064627408981323,299.2266666666667,294.6666666666667,28.3,42.800000000000004
-92.39794920860406,30.626770866560417,0,-1,2020,7,0.13333333333333333,0.3348099887371063,0.36485564708709717,289.12,282.32,,
-90.54772530057045,35.74772046840172,0,-1,2020,107,-0.11205289032039328,0.33630216121673584,0.3532276749610901,294.388,282.13,10.100000000000001,39.5
-86.85988964200591,31.13748332105502,0,-1,2019,219,0.3596673596673597,0.13846388459205627,0.18150871992111206,303.7133333333333,293.65500000000003,,
-88.35380766002403,34.43381788893896,0,-1,2017,40,0.19022945965951146,0.28639867901802063,0.29927462339401245,278.5,279.7733333333333,,
-89.57330934643439,33.52103273451223,0,-1,2017,68,0.043671766342141864,0.279731422662735,0.29068732261657715,292.268,279.285,10.100000000000001,25.900000000000002
-94.13140815301938,29.831962129478757,0,-1,2020,353,0.04662921348314607,0.4007855951786041,0.4215650260448456,287.78000000000003,280.16,9.3,17.2
-82.22962410645815,32.870681870917615,0,-1,2019,282,0.05027301826398042,0.06428265571594238,0.12345828860998154,305.09200000000004,295.28400000000005,12.100000000000001,38.2
-93.8439623709209,30.925430035677394,0,-1,2017,8,-0.049061175045427015,0.3577307164669037,0.3628248870372772,283.51,283.22,5.4,11.700000000000001
-81.99599704943417,27.192314779766754,0,-1,2018,68,-0.010545129579982127,0.08262956142425537,0.0518193356692791,300.0966666666667,285.3566666666667,16.8,43.2
-86.4479890675969,35.86461454049443,0,-1,2018,39,0.023233532934131735,0.402513325214386,0.39942577481269836,278.5133333333333,268.25,,
-79.1272223936203,33.977685870348296,0,-1,2017,68,-0.07816316560820713,0.14264646172523499,0.18033577501773834,294.084,282.62,8.3,29.700000000000003
-93.52401363243413,31.781699048920864,0,-1,2017,154,0.37012237358577693,0.3368690311908722,0.3463139533996582,,294.49333333333334,,
-81.88730528520267,31.749094991374673,0,-1,2019,353,0.04120300751879699,0.467225044965744,0.8208767771720886,288.15500000000003,277.76,8.3,14.0
-93.52097102716613,31.88042250808736,0,-1,2018,95,0.2845452419920505,0.4025900363922119,0.4115890860557556,295.148,284.565,26.6,40.900000000000006
-78.27948356442634,36.795793674539894,0,-1,2020,82,,0.25334957242012024,0.2849827706813812,287.98,284.6,12.200000000000001,25.3
-81.73830140180883,37.84455497555683,0,-1,2018,60,-0.27684563758389263,0.3019014000892639,0.28103673458099365,288.2,275.16,7.6000000000000005,21.5
-79.56210414229294,35.3659674397396,0,-1,2019,63,-0.015767266266933155,0.24628059566020966,0.21222244203090668,287.32,279.68,9.5,17.900000000000002
-85.69508073774482,32.227761240623735,0,-1,2020,26,0.09326072157930565,0.43140101432800293,0.43876177072525024,280.79333333333335,274.755,6.5,13.8
-89.57588852179103,32.029790545262905,0,-1,2017,285,0.2660005401026195,0.15012484788894653,0.2062169313430786,299.445,290.632,24.200000000000003,44.2
-93.97029865465474,30.90982360471493,0,-1,2017,206,0.29965892480103945,0.13793356716632843,0.11004263907670975,,297.64,,
-92.59078409804306,36.51196834829647,0,-1,2020,127,0.24300905868452147,0.4783513844013214,0.5103477239608765,295.39,287.2966666666667,29.5,51.1
-92.80865385123218,36.1606474170578,0,-1,2018,177,0.10189982728842832,0.2402338832616806,0.2701549232006073,302.33,292.552,26.200000000000003,51.0
-90.4848218357272,36.460362384040614,0,-1,2020,121,0.21758783644955826,0.31701868772506714,0.34017518162727356,294.03000000000003,283.8,12.9,51.1
-78.49915852438713,35.47495054645821,0,-1,2019,191,0.2923656282095173,0.17346768081188202,0.17920294404029846,306.91,,33.2,56.300000000000004
-82.80704004359424,34.02434137073811,0,-1,2020,9,0.17236064731569484,0.3945567011833191,0.4266453683376312,285.90500000000003,275.52500000000003,10.700000000000001,15.5
-80.1004739585365,34.67901519656688,0,-1,2018,45,-0.13512252042007,0.17081841826438904,0.11567679792642593,282.74,276.31,,
-88.65721274596063,37.606407183038215,0,-1,2020,135,0.2696070018877639,0.32249534130096436,0.3397981524467468,293.29333333333335,278.71,,
-75.97614940644871,36.69384489026347,0,-1,2017,318,0.08317120622568093,0.3233911097049713,0.3472434878349304,,279.08,6.7,12.700000000000001
-83.97554557072242,30.1717230938847,0,-1,2019,1,0.09029421711193777,0.21737565100193024,0.14099092781543732,290.0,286.18666666666667,11.700000000000001,18.8
-82.46508827078358,28.32518711472468,0,-1,2017,95,-0.015354330708661417,0.07446898519992828,0.03903178870677948,305.288,290.8933333333333,20.200000000000003,52.7
-81.79698491328497,35.14291621017826,0,-1,2020,78,0.032867259851098604,0.3406273126602173,0.3297286331653595,296.93,283.52,14.600000000000001,24.6
-88.8306616515934,32.84819553904773,0,-1,2017,71,0.033444816053511704,0.38071146607398987,0.3882424235343933,288.16,283.66,13.4,28.6
-92.3247504554776,33.87474150111683,0,-1,2020,110,0.26202953787517863,0.45683974027633667,0.4651118218898773,290.355,284.76,23.400000000000002,43.6
-81.14326456419006,28.065474306355295,0,-1,2020,68,-0.09281961471103327,0.10782691091299057,0.062243346124887466,299.6466666666667,283.968,9.600000000000001,40.1
-92.01185481273107,37.646388223083335,0,-1,2019,12,-0.1589270262474762,0.3965070843696594,0.3900270462036133,282.55333333333334,275.5266666666667,4.1000000000000005,6.4
-83.35620527109172,34.3025342421155,0,-1,2019,50,-0.0020460358056265983,0.5199764370918274,0.5287838578224182,290.88,,8.8,18.2
-87.3073489157443,33.362666282262396,0,-1,2017,79,0.06742738589211618,0.27074533700942993,0.29891297221183777,290.5866666666667,279.86,12.0,36.7
-85.99723076427018,33.066381608627076,0,-1,2019,57,-0.043010752688172046,0.3854862451553345,0.4122680723667145,284.98,279.24,10.600000000000001,20.5
-81.07321313986044,28.980377747755245,0,-1,2019,78,0.14537782892213272,0.13554200530052185,0.07135763019323349,301.14,286.38,22.0,39.900000000000006
-93.42154621527118,31.006370963507575,0,-1,2017,252,0.3320302956266797,0.2042446881532669,0.2703351676464081,299.9633333333333,289.76,39.5,57.2
-80.23198944649944,37.123861498574826,0,-1,2018,344,-0.06385869565217392,0.3990437686443329,0.3923923373222351,285.84000000000003,282.3,4.7,9.4
-87.27808424144985,32.55053454095893,0,-1,2018,98,0.22612856251300187,0.33852601051330566,0.35624369978904724,294.87333333333333,283.62,32.0,48.400000000000006
-82.54222712243723,31.167665914150273,0,-1,2018,133,0.22632836918551205,0.06571541726589203,0.05554838851094246,308.176,290.12,,
-93.61635779648655,35.81326502756586,0,-1,2018,69,-0.24486498961458575,0.4326794445514679,0.4616679847240448,287.79200000000003,275.564,10.0,27.3
-90.42612928241918,37.70922843133631,0,-1,2020,82,-0.08508585761142196,0.37444332242012024,0.3738499581813812,,275.64,,
-80.28896734909978,32.83535169201175,0,-1,2019,235,0.23443294944368534,0.11515258252620697,0.11516791582107544,302.47,294.3066666666667,46.0,57.6
-81.29581462355365,36.63559668645631,0,-1,2020,109,-0.08288879770209273,0.3568800687789917,0.3859795928001404,289.195,275.595,10.8,42.6
-90.52565483018697,35.43353492129609,0,-1,2020,95,-0.14540361599185128,0.5036715865135193,0.529120683670044,295.36,283.68,14.0,34.6
-83.52145225466893,32.11576556536379,0,-1,2018,47,0.009989373007438894,0.1850413978099823,0.1710917204618454,297.18,277.22,,
-83.75117988330209,37.51518860935087,0,-1,2017,152,0.35030864197530864,0.3370879590511322,0.3609570264816284,294.41,,30.5,50.2
-81.12695476581077,37.825257878260224,0,-1,2020,170,,0.35670381784439087,0.3158542513847351,296.7,288.18,,
-83.03839488228384,29.864158602831218,0,-1,2017,97,0.11211237741849987,0.12231910228729248,0.16191795468330383,297.58,288.05,,
-87.12219222376591,37.48594553435773,0,-1,2020,96,-0.04860710854947166,0.47099530696868896,0.5192807912826538,292.964,280.82,12.0,35.4
-91.61659423569458,31.147741088945327,0,-1,2017,78,0.004048582995951417,0.3018585443496704,0.35943686962127686,290.04,283.15500000000003,,
-83.59618802245559,33.633599262065516,0,-1,2019,68,0.10623112819105134,0.47872504591941833,0.49991482496261597,286.41,278.17,9.9,26.200000000000003
-78.5129445351061,34.73160874137691,0,-1,2017,342,0.2841565105837075,0.23944151401519775,0.08399766683578491,291.26,281.1066666666667,6.4,12.200000000000001
-82.44935019756602,33.73866128573336,0,-1,2020,329,0.13947290494521764,0.3617804944515228,0.3919765055179596,289.92333333333335,279.40000000000003,8.4,20.5
-86.96050779419343,34.297803386616316,0,-1,2018,26,-0.09479628882613957,0.25276634097099304,0.2724718451499939,284.32,276.13599999999997,5.300000000000001,15.4
-89.91319419868945,37.3896134884894,0,-1,2018,131,0.20383217707300957,0.3319292664527893,0.36818334460258484,300.4066666666667,288.68666666666667,32.4,52.7
-83.52086763924319,37.44664011887725,0,-1,2017,290,0.24083295608872793,0.22280879318714142,0.28368639945983887,293.86,286.26,17.3,26.8
-83.10951589532496,31.80641818650296,0,-1,2017,85,0.12236105127100388,0.12604951858520508,0.1672147512435913,298.40000000000003,285.388,23.0,43.0
-92.78161079099446,33.62864605332622,0,-1,2018,247,0.2448202959830867,0.18437781929969788,0.239813432097435,301.416,294.90000000000003,42.1,62.2
-86.92439753505559,33.197967206193866,0,-1,2018,39,-0.07435344827586207,0.283250629901886,0.29456737637519836,284.1066666666667,277.74,7.1000000000000005,18.8
-92.14358165025295,30.474045601593684,0,-1,2017,287,-0.10178075477863094,0.19349075853824615,0.25454291701316833,302.392,293.335,11.3,41.5
-83.72911951380134,37.64791824880046,0,-1,2020,312,-0.03861517976031957,0.24720178544521332,0.3030608296394348,288.28000000000003,277.37333333333333,5.6000000000000005,22.900000000000002
-88.46846442113541,35.17664855002342,0,-1,2020,20,-0.009495548961424332,0.49871525168418884,0.5268845558166504,280.35,,4.9,8.4
-80.7756386330902,32.68406995929899,0,-1,2019,70,0.009022013713460845,0.20229925215244293,0.21896854043006897,293.08,281.1333333333333,12.9,34.6
-90.40545481130899,31.90326520994987,0,-1,2019,70,0.046806309800879235,0.4190351068973541,0.42801395058631897,283.42,272.99,12.8,24.400000000000002
-82.43924063648744,29.881958047534045,0,-1,2017,215,,0.2462311089038849,0.14270004630088806,302.86,294.8666666666667,,
-93.93036331358951,36.176433939387096,0,-1,2017,152,0.24232365145228216,0.3052276074886322,0.3083447217941284,299.81,288.71500000000003,,
-83.20263897436784,35.49438740275947,0,-1,2017,265,0.2669983416252073,0.2359660565853119,0.2529245913028717,293.692,288.25333333333333,18.400000000000002,47.1
-91.78530599928027,31.95449979725498,0,-1,2017,325,0.0013908205841446453,0.0766519159078598,0.1959426999092102,294.86,285.328,7.0,23.200000000000003
-91.38500429576332,35.389740470878486,0,-1,2018,153,0.00801046264508746,0.34699752926826477,0.3496190011501312,303.41,296.20285714285717,11.3,66.3
-82.22227788736028,27.42415500496542,0,-1,2019,79,0.1742881794650561,0.1658259928226471,0.07691711187362671,,291.8,14.0,39.900000000000006
-89.90190277541484,33.20690658390027,0,-1,2020,130,0.3519216277317257,0.36481788754463196,0.3836331367492676,296.95,286.948,33.9,50.2
-93.41603195780404,34.4770269155904,0,-1,2020,33,0.06220095693779904,0.44383004307746887,0.47026094794273376,288.08,278.5,7.6000000000000005,14.5
-83.9769929506419,31.658767572479867,0,-1,2018,143,,0.22792679071426392,0.2113526463508606,,,,
-80.51616590508513,27.231067479848008,0,-1,2019,173,0.02610088070456365,0.10219725966453552,0.0986487939953804,305.61,296.51,27.900000000000002,50.2
-90.02073466885653,36.053400315039404,0,-1,2019,53,0.4759284731774415,0.5243746042251587,0.5415533781051636,,282.84000000000003,,
-81.57621635571472,27.03404778140221,0,-1,2019,192,,0.1972542256116867,0.11597983539104462,307.36,,,
-91.25744997409701,35.11628305832927,0,-1,2017,78,-0.17095541401273887,0.18967591226100922,0.25701987743377686,288.0333333333333,276.42,,
-78.41618986057057,34.61688548731269,0,-1,2019,96,0.1355741033160388,0.22781971096992493,0.1305980384349823,294.43,279.96500000000003,14.700000000000001,32.2
-87.05373297851423,33.585963563363066,0,-1,2019,68,-0.02924634420697413,0.36935004591941833,0.39737576246261597,281.46,272.72,,
-80.52033028920086,26.255427945158576,0,-1,2018,61,-0.0034330554193231977,0.36916255950927734,0.7356916666030884,299.67,291.6257142857143,,
-83.10780028565348,30.55422163441077,0,-1,2020,184,0.18458197611292074,0.20596273243427277,0.10682264715433121,303.56,295.6533333333333,31.700000000000003,51.0
-82.2668114128852,37.003791042610175,0,-1,2018,162,0.39795620437956203,0.2857363224029541,0.2347240149974823,295.0266666666667,290.14,45.900000000000006,65.60000000000001
-84.24944129628358,37.06102126509203,0,-1,2020,267,0.32653985507246375,0.1713622659444809,0.21763022243976593,293.1466666666667,285.48,22.8,34.4
-83.17243388365432,37.46416771934538,0,-1,2018,51,-0.1755997958141909,0.3872990608215332,0.403144896030426,293.85,271.86,11.600000000000001,21.200000000000003
-81.84728339612293,36.37732808814568,0,-1,2017,220,0.4180782918149466,0.20368318259716034,0.18867884576320648,298.34000000000003,,,
-86.12358169081462,37.48938705724433,0,-1,2017,84,-4.770233741453331E-4,0.31987497210502625,0.3542233407497406,290.7,279.505,13.700000000000001,30.900000000000002
-82.59014860873586,36.292047567710576,0,-1,2018,142,,0.4360337555408478,0.4697171747684479,296.62,290.06,19.0,41.300000000000004
-89.99620048856306,34.66449790184949,0,-1,2020,347,-0.06244749369924391,0.27349793910980225,0.30275416374206543,286.89428571428573,276.6114285714286,,
-77.21062072630717,35.64807255777214,0,-1,2019,83,-0.03568075117370892,0.36284297704696655,0.38757404685020447,291.85,277.344,,
-78.90882089762265,37.25961326645293,0,-1,2019,67,-0.044098230789543176,0.47193849086761475,0.4782710075378418,282.84000000000003,,7.6000000000000005,19.5
-92.58230978644941,32.968656319779136,0,-1,2020,70,0.02333495381623724,0.3943134546279907,0.4139561057090759,291.06,279.82,,
-89.24375695353352,34.318538328892146,0,-1,2017,137,0.22465753424657534,0.21512311697006226,0.2977726459503174,298.86333333333334,290.248,,
-88.93075455566516,36.42339007045824,0,-1,2019,103,-0.08977834476160101,0.41005975008010864,0.39393413066864014,302.53000000000003,283.34000000000003,12.8,30.6
-77.81216223932395,34.56879192583593,0,-1,2017,247,0.28921444809295277,0.5586678981781006,0.8684771060943604,298.76,292.8,33.6,48.0
-82.48272533731165,34.80887461528412,0,-1,2017,277,0.14419017996000888,0.23989920318126678,0.3104119896888733,301.5057142857143,289.508,19.900000000000002,44.7
-80.77551776565126,26.063005557481954,0,-1,2020,236,0.10089841050449205,0.6371490359306335,0.8960318565368652,303.85,299.94,,
-90.69936465813002,33.892247340593045,0,-1,2018,224,0.34799774393683025,0.27692848443984985,0.3213915228843689,304.89,295.328,24.6,54.1
-77.19932394250763,36.32933596403695,0,-1,2020,178,0.42082139446036293,0.33818015456199646,0.343647837638855,304.055,294.68,29.1,64.5
-85.91339354587454,35.155460364911534,0,-1,2019,81,-0.24779101037264695,0.4241536259651184,0.4749840199947357,290.41,276.63,8.1,32.7
-81.80814561940139,27.772215039986737,0,-1,2019,221,0.1491317671092952,0.17735536396503448,0.08568353950977325,303.8,295.28000000000003,28.200000000000003,40.0
-84.30221317431034,31.33129627212046,0,-1,2018,3,-0.03136078538314699,0.13547545671463013,0.16427376866340637,281.22,277.8866666666667,5.2,16.1
-81.85167539231082,32.61556225574483,0,-1,2017,79,-0.05375953505266982,0.14928539097309113,0.20534607768058777,291.03200000000004,277.468,7.6000000000000005,39.900000000000006
-82.99174054396961,36.724151536823044,0,-1,2019,109,0.1505332239540607,0.311393141746521,0.3116566240787506,294.66,279.87,16.7,39.300000000000004
-78.49557142371505,33.928336045691516,0,-1,2017,21,0.005461767626613704,0.22642309963703156,0.16058439016342163,288.8066666666667,284.18,,
-81.56973165715921,26.591935612905477,0,-1,2017,99,0.03850305865419216,0.07045818120241165,0.09248802065849304,305.48,290.3542857142857,18.3,57.1
-80.33611594653196,26.826721547935712,0,-1,2019,153,0.08711796629534418,0.12218140810728073,0.09122490882873535,305.572,296.85333333333335,,
-85.83857081807407,34.042860279231704,0,-1,2018,13,-0.10364410790345481,0.2786637246608734,0.3172343969345093,277.16,271.41,7.1000000000000005,11.9
-88.62148797098578,32.66398768365501,0,-1,2019,286,0.13035338169904048,0.14849121868610382,0.16845476627349854,302.45,287.0,22.5,35.4
-86.97606491449135,36.80281349395217,0,-1,2017,75,-0.18135245901639344,0.35053443908691406,0.38495734333992004,288.09000000000003,271.035,,
-92.04605992538718,35.71771839321118,0,-1,2017,316,-0.10493644694058528,0.2382027804851532,0.2785865068435669,287.6466666666667,277.16,5.1000000000000005,20.1
-89.22951897190116,31.838482576532048,0,-1,2019,124,0.34285714285714286,0.34602731466293335,0.2827538847923279,296.18666666666667,290.7,,
-90.6447186906472,33.57594351063808,0,-1,2017,141,0.10872395833333333,0.25488558411598206,0.3206242024898529,302.29,292.68,,
-83.6087669584987,36.51055540288815,0,-1,2017,121,0.275785896346644,0.43908068537712097,0.4776371121406555,296.69,287.8,19.0,41.7
-79.038978660535,37.74957529389025,0,-1,2017,21,-0.16034482758620688,0.25376683473587036,0.27697843313217163,,,,
-80.76972927097842,36.18966963710779,0,-1,2017,64,-0.08840579710144927,0.3445964753627777,0.37076666951179504,288.265,273.828,8.3,27.3
-94.10603715679437,36.331161950906754,0,-1,2018,26,-0.16371443907675792,0.27071067690849304,0.2932237982749939,284.44666666666666,272.11333333333334,5.9,21.6
-77.05848988505704,35.30453467385858,0,-1,2019,107,0.16145947126939042,0.23802317678928375,0.2539719343185425,296.928,283.39,21.3,50.0
-81.59571087327157,36.91597850294577,0,-1,2018,17,-0.1630735212824765,0.40209659934043884,0.43093666434288025,280.68,,6.6000000000000005,11.600000000000001
-81.22878542429709,28.572035554085932,0,-1,2018,204,,0.20182567834854126,0.10579031705856323,311.88,,,
-83.04483015125601,32.00732531040542,0,-1,2019,305,-0.07695709862892526,0.18970569968223572,0.15491001307964325,294.7,285.9666666666667,7.9,23.400000000000002
-81.28548954832851,26.956545357806647,0,-1,2018,254,0.13320825515947468,0.18762481212615967,0.12134287506341934,304.1533333333333,295.83,24.200000000000003,42.7
-85.244072135443,31.435533465086824,0,-1,2018,299,0.18796992481203006,0.1865558922290802,0.18215082585811615,295.195,285.38,17.0,31.6
-86.94210722653496,37.17680458178435,0,-1,2017,48,-0.10936530907587348,0.31520962715148926,0.3456355631351471,285.69599999999997,275.665,7.5,19.400000000000002
-81.58941090296119,27.256262073811655,0,-1,2018,286,0.18898670162951864,0.13994352519512177,0.1091839149594307,306.23,294.81,20.200000000000003,40.6
-92.56204946323933,31.450766706497653,0,-1,2017,68,0.08608582574772432,0.355659157037735,0.37503790855407715,293.32,284.55,13.0,26.3
-91.75856471803516,36.8696181340718,0,-1,2019,0,-0.1346779440468445,0.3360154628753662,0.31924572587013245,280.8,272.54,3.2,5.0
-81.11244355226681,32.16610507070912,0,-1,2019,91,-0.0015136226034308778,0.17983786761760712,0.16488993167877197,294.23,284.316,,
-87.34769005068108,35.06350730324142,0,-1,2018,9,-0.1363255033557047,0.3344748318195343,0.3287030756473541,274.75333333333333,267.495,,
-89.84135987977619,31.072486824274144,0,-1,2017,103,0.283960092095165,0.2380303591489792,0.25683900713920593,296.956,284.3366666666667,37.7,56.0
-88.57234964153228,33.532481043720054,0,-1,2019,83,-0.004549103559004549,0.39006465673446655,0.41455158591270447,292.20285714285717,281.8066666666667,10.100000000000001,38.0
-92.80659182192927,32.48184254433203,0,-1,2017,121,0.29806855750826516,0.24743030965328217,0.2528446316719055,296.7666666666667,287.96500000000003,37.800000000000004,54.2
-93.19279807182717,36.39360297263099,0,-1,2020,49,-0.13342816500711238,0.39748796820640564,0.41837233304977417,275.39,267.5,9.600000000000001,15.9
-82.02564318000111,33.89585960928132,0,-1,2020,237,0.2759433962264151,0.33768412470817566,0.31812605261802673,302.07,293.91,,
-87.19870197810252,30.839777667371354,0,-1,2020,141,-0.1141157382368848,0.14166295528411865,0.0640294998884201,302.09000000000003,292.1,11.9,38.300000000000004
-91.10695661208217,34.34918295072359,0,-1,2020,76,,0.5036808848381042,0.5165075063705444,286.02,285.2,,
-79.61490623014289,36.99573363349897,0,-1,2018,329,0.0199764982373678,0.48891809582710266,0.5204049944877625,285.28400000000005,276.56,5.5,10.4
-77.38785045060371,36.90520571474056,0,-1,2019,108,0.10142067876874507,0.2582537829875946,0.2712450325489044,296.94,285.85,19.3,45.6
-88.56736467829559,37.81574283384639,0,-1,2018,99,,0.4003797769546509,0.406669944524765,281.18,273.3,,
-93.8134586703025,35.17366759446916,0,-1,2018,36,-0.13954062731538652,0.27241769433021545,0.3115081489086151,280.02,271.36,7.5,17.2
-92.11174465935744,34.43185602648517,0,-1,2020,234,0.18607870278821437,0.09314297884702682,0.05134641379117966,301.89,296.3433333333333,45.300000000000004,54.6
-91.08438979148717,36.43283231903547,0,-1,2020,239,0.22393509127789046,0.34812337160110474,0.33422568440437317,303.5366666666667,293.7114285714286,36.300000000000004,57.400000000000006
-91.91316502043445,37.151880205598445,0,-1,2017,83,-0.19009174311926605,0.3896922171115875,0.43097588419914246,297.40500000000003,285.8333333333333,12.600000000000001,29.5
-91.45568712817037,30.258488060396814,0,-1,2020,218,0.22234737553503042,0.3520359396934509,0.38239726424217224,301.704,297.028,,
-94.28699506995936,36.78029719368503,0,-1,2018,1,-0.12362459546925567,0.1766018122434616,0.2246699184179306,275.26,,5.9,10.5
-76.58266149476071,35.74609919362057,0,-1,2020,77,-0.04155356024222176,0.627496600151062,0.8934066295623779,293.92,286.56,,
-82.2336424639439,28.29539620658592,0,-1,2020,14,-0.013826316607115115,0.1533263474702835,0.07587695866823196,295.504,285.6433333333333,15.8,28.5
-81.76447587870852,30.933705978115203,0,-1,2020,51,0.09584393553859202,0.3179906904697418,0.2943544089794159,290.86,285.2266666666667,12.600000000000001,22.0
-93.9889998183286,35.65935067392971,0,-1,2020,66,-0.20340788072417465,0.4226565361022949,0.4835359454154968,290.73,279.42,9.700000000000001,27.1
-86.97928165874946,36.776157390019286,0,-1,2018,274,0.08839269237866765,0.23939615488052368,0.28416603803634644,299.90000000000003,284.6,16.400000000000002,42.6
-87.8976587078315,32.2725263929508,0,-1,2018,17,0.07554493878769782,0.24761661887168884,0.27065834403038025,278.85,276.18,6.300000000000001,18.0
-80.36567626248504,33.81741697540178,0,-1,2018,69,-0.06120632094369018,0.1763928383588791,0.2099590003490448,289.6314285714286,276.25,7.9,23.900000000000002
-89.9458800858115,37.409132472453976,0,-1,2020,123,0.2595226003047232,0.34261712431907654,0.3705679476261139,294.3466666666667,282.11,40.900000000000006,53.900000000000006
-90.8532814520949,29.7264815052986,0,-1,2017,166,0.3716520039100684,0.6649255752563477,0.8993098139762878,299.86,293.932,,
-94.45241666328046,33.14373557553596,0,-1,2017,309,0.18408517792098628,0.07794225960969925,0.0836724117398262,292.79,286.73,18.3,27.200000000000003
-90.56334166579097,29.56785203651319,0,-1,2017,131,0.25727069351230425,0.33135634660720825,0.36939555406570435,299.55333333333334,289.112,,
-80.32163757610594,37.08133558858576,0,-1,2017,162,0.3469933184855234,0.3815167546272278,0.4069843590259552,299.77,286.38,,
-80.81388089296489,32.598417235360905,0,-1,2017,204,0.2574175368804906,0.15237580239772797,0.15866757929325104,301.964,297.2,39.6,57.800000000000004
-85.87787443656349,33.2360246834434,0,-1,2017,103,0.13947128532360983,0.301751047372818,0.32092592120170593,297.1314285714286,283.3,20.0,54.300000000000004
-94.3009366448389,29.645353033607417,0,-1,2020,255,0.17446377301131566,0.31408268213272095,0.3610338866710663,308.63,295.56,,
-78.1230063537858,34.052865559031844,0,-1,2020,249,0.30514879546528106,0.14746615290641785,0.14013583958148956,302.295,297.65500000000003,26.5,36.7
-94.10179698368857,37.39342454754876,0,-1,2018,7,-0.053149233970115374,0.3291158378124237,0.2823047637939453,272.28000000000003,260.4,,
-93.93887852676298,31.736198276473043,0,-1,2020,293,0.1673589054483264,0.21957945823669434,0.27641090750694275,297.36,289.0366666666667,18.2,38.900000000000006
-84.83216895406389,36.226677468949006,0,-1,2017,127,0.2728,0.30919232964515686,0.3069760501384735,293.555,281.12,20.0,43.800000000000004
-81.81868412524172,26.30445708081475,0,-1,2017,109,,0.1325007677078247,0.09991784393787384,301.385,294.54,,
-81.05922401695196,35.249852754819216,0,-1,2020,108,0.14451516286035193,0.4213980436325073,0.4507397711277008,295.3433333333333,282.14,17.0,46.5
-92.15021131203923,31.22147603425378,0,-1,2018,153,0.18271334792122537,0.13593797385692596,0.2688084542751312,306.324,297.812,36.300000000000004,63.5
-88.10664011737262,30.91738261095842,0,-1,2020,245,0.24006908462867013,0.17263448238372803,0.1597733497619629,300.58,,44.400000000000006,53.400000000000006
-88.19348522728527,30.670808123561226,0,-1,2019,78,0.048628716294076973,0.6341381669044495,0.8971022367477417,296.40000000000003,288.0,,
-84.14215710576414,34.93539184292213,0,-1,2020,101,-0.0656,0.25427743792533875,0.30313020944595337,295.204,283.65000000000003,13.9,38.7
-84.6109330225709,37.23959888118221,0,-1,2020,34,-0.04738154613466334,0.48441416025161743,0.49962282180786133,286.16,274.57,7.4,9.700000000000001
-88.17323716443512,35.13045138422935,0,-1,2020,255,0.3371851167090363,0.17931705713272095,0.22413204610347748,300.8366666666667,293.04400000000004,50.2,53.2
-93.60332493950241,35.51814412995736,0,-1,2020,322,-0.05829596412556054,0.1904883086681366,0.21807247400283813,292.39,279.38,5.0,16.900000000000002
-90.64991358025814,33.18152202751643,0,-1,2019,20,-0.009048361934477379,0.5165534615516663,0.540314793586731,278.46,279.35,,
-91.16289845835003,33.276111775772414,0,-1,2017,43,-0.03208674485505643,0.41145989298820496,0.4490457773208618,279.94,284.75333333333333,10.100000000000001,24.5
-86.54583242165157,35.89041092115949,0,-1,2017,297,-0.03442959917780062,0.2590785026550293,0.28741350769996643,293.312,280.552,6.1000000000000005,22.700000000000003
-89.28871739483795,35.826358984654505,0,-1,2017,50,-0.08846229962398575,0.28569361567497253,0.3345470130443573,290.07,281.3266666666667,,
-85.51092166148518,37.841846380569635,0,-1,2018,24,-0.15682457278823275,0.33756664395332336,0.343692809343338,269.55,278.04,,
-80.76817601294921,34.12543621001831,0,-1,2019,48,0.008828006088280061,0.19429147243499756,0.1268099993467331,290.52,,11.700000000000001,19.1
-82.12873465702683,30.170574301558787,0,-1,2017,102,0.2318137730358875,0.10387726873159409,0.11655541509389877,297.16333333333336,284.91333333333336,37.9,58.2
-83.19566273035392,34.00499427891919,0,-1,2018,14,-0.1331953071083506,0.38393282890319824,0.3965813219547272,278.3,275.17,,
-93.24610163129965,34.00778831516444,0,-1,2019,108,0.06042803189257239,0.4503924548625946,0.4565477669239044,295.31,282.2866666666667,12.9,38.6
-89.99491666943062,33.122066708247154,0,-1,2018,54,-0.07854821235102925,0.3794551193714142,0.3999515175819397,290.82,292.16,,
-86.07535862034158,35.70825383729277,0,-1,2018,35,-0.008026342868903066,0.3474823236465454,0.3286861479282379,279.49,273.0866666666667,6.300000000000001,14.100000000000001
-82.34939917211142,35.93079939236337,0,-1,2018,11,0.09075816270060874,0.26500189304351807,0.23731109499931335,269.66,,7.0,10.200000000000001
-91.53235079213525,36.861441686685694,0,-1,2020,91,-0.17014594494734897,0.3945218324661255,0.44006869196891785,289.72,281.12,10.600000000000001,29.6
-82.15761168209717,31.982618045886746,0,-1,2020,96,0.27713382507903056,0.16893231868743896,0.0901426151394844,300.31333333333333,286.055,32.4,47.5
-79.974554218978,32.827505167510026,0,-1,2019,51,-0.03296703296703297,0.3130754232406616,0.33917108178138733,291.62,286.18,,
-78.27821167230329,35.25980805085061,0,-1,2020,85,0.1950390078015603,0.30482718348503113,0.28062617778778076,301.88,,17.8,27.3
-84.5957598218004,34.503298423011714,0,-1,2019,70,-0.03593786227683747,0.3279706537723541,0.29947391152381897,281.26,,8.1,22.0
-87.44759394892303,37.24950124543582,0,-1,2020,203,0.2841419934893815,0.2362668812274933,0.22370147705078125,302.796,294.76,32.5,59.5
-88.04765885761486,36.01845493178615,0,-1,2018,15,0.5105098855359002,0.3689956068992615,0.3781198561191559,268.46,273.11,6.300000000000001,7.1000000000000005
-87.57803417050384,30.327244455575777,0,-1,2020,31,0.1522264411460131,0.7270785570144653,0.9114720225334167,,,12.4,20.200000000000003
-88.27642122400312,30.459930392264557,0,-1,2018,54,0.13253012048192772,0.19738724827766418,0.2062259316444397,295.32,291.376,21.900000000000002,29.5
-93.59950984019514,35.2857010076106,0,-1,2019,261,0.14959096221269966,0.0891389325261116,0.1527543067932129,303.425,297.65500000000003,26.400000000000002,48.6
-88.54002018785336,36.265318284871945,0,-1,2020,11,-0.0594059405940594,0.3861211836338043,0.40976110100746155,284.295,273.0133333333333,,
-81.61682131606153,26.672066930350773,0,-1,2017,348,0.1092814371257485,0.17432527244091034,0.12679776549339294,291.736,281.63599999999997,12.600000000000001,27.400000000000002
-87.88292222151385,30.837996263201642,0,-1,2017,95,0.22969932501534057,0.2607482671737671,0.2513730823993683,299.868,291.06,30.900000000000002,49.1
-84.16549627961125,34.640448631737144,0,-1,2018,247,0.3008957654723127,0.10960975289344788,0.140326127409935,294.14,292.0333333333333,,
-84.0179698930408,30.884082149323113,0,-1,2018,243,,0.2549697458744049,0.20992709696292877,300.14,295.83,,
-91.67830959014366,29.789415107616428,0,-1,2020,49,-0.13703195451872183,0.753933310508728,0.9162971377372742,288.08,280.5,13.3,20.3
-86.69097796709643,30.95176607681177,0,-1,2020,104,0.26570048309178745,0.4715689420700073,0.810624361038208,299.92,288.81333333333333,33.2,52.900000000000006
-82.12146494029331,30.46091064286787,0,-1,2020,267,0.3035665668390961,0.1895507425069809,0.14426596462726593,294.92,,,
-80.92521142496655,33.77456953027239,0,-1,2017,94,0.09636586361780318,0.15788300335407257,0.06950407475233078,299.84000000000003,289.375,18.8,43.400000000000006
-87.43996473736571,32.5448878753154,0,-1,2017,196,0.24027671022290545,0.4174363315105438,0.4197187125682831,304.98,295.94,,
-83.80700290015976,34.31484649794734,0,-1,2019,182,0.3653668453150989,0.33748888969421387,0.3749295771121979,302.9733333333333,295.01,17.8,58.300000000000004
-93.58776948637963,33.19149997169886,0,-1,2017,61,-0.1579310344827586,0.3193322420120239,0.34707507491111755,292.67333333333335,286.53200000000004,8.0,27.5
-77.73182094905408,37.52209807272936,0,-1,2019,23,-0.10799892270401293,0.39152422547340393,0.38739076256752014,276.40000000000003,271.16,5.4,8.9
-85.77305524207586,32.62276852873378,0,-1,2018,166,0.3698009386632141,0.21955853700637817,0.22020116448402405,304.34000000000003,293.44,32.1,55.900000000000006
-88.30950634113934,33.88338881818049,0,-1,2019,146,0.22863283187303687,0.23878814280033112,0.28795453906059265,303.31333333333333,295.15000000000003,44.900000000000006,81.7
-85.05636791182216,32.97075393333551,0,-1,2018,114,0.14428434197886647,0.4338859021663666,0.4443300664424896,296.36400000000003,284.728,26.6,51.800000000000004
-76.49810519675023,36.1151563857339,0,-1,2019,41,0.15826827537260468,0.3966113030910492,0.4083561897277832,290.732,281.49,8.9,15.9
-78.91075154331607,34.45475931886785,0,-1,2017,136,0.22192078133478024,0.1367681622505188,0.1657315343618393,303.2,290.24,39.400000000000006,59.5
-89.51591038566318,31.585383948898315,0,-1,2018,97,0.31098951208390335,0.3441304862499237,0.31402871012687683,295.264,284.668,29.700000000000003,44.2
-83.1948503075945,31.607815643962287,0,-1,2019,256,0.20391451967245855,0.06593968719244003,0.09852340072393417,306.795,296.5466666666667,39.6,54.5
-77.01720659916411,35.288692646850436,0,-1,2020,336,-0.1627231216272312,0.3889799118041992,0.40038996934890747,288.49,280.55333333333334,7.9,13.5
-90.75083284070514,34.26198525850679,0,-1,2020,174,0.127546223754309,0.3345232903957367,0.3389335870742798,302.34000000000003,294.90000000000003,20.5,53.800000000000004
-89.1810932950488,31.90755169480667,0,-1,2019,11,0.321173104434907,0.3001553416252136,0.27378615736961365,284.35200000000003,278.1466666666667,7.5,16.3
-91.6494621205693,33.67208566186639,0,-1,2020,42,0.09225092250922509,0.386686772108078,0.4000726044178009,283.74,282.49,8.9,13.100000000000001
-87.39155856155074,33.18915840139173,0,-1,2017,266,0.2676923076923077,0.17359556257724762,0.2349439561367035,301.31666666666666,294.8,29.5,51.800000000000004
-83.5338305739146,31.075274361286894,0,-1,2020,178,0.2165206508135169,0.12495382875204086,0.050358641892671585,303.92,294.28000000000003,23.0,36.300000000000004
-92.96346142254008,32.29770624777799,0,-1,2018,51,,0.2707219123840332,0.271431028842926,,292.34000000000003,,
-88.11964779596909,30.67458302191188,0,-1,2020,97,-0.01973541531121232,0.4741570055484772,0.8398042321205139,301.96,286.0,,
-82.7969691856133,33.37241056004844,0,-1,2018,54,0.07389428263214672,0.3794551193714142,0.4023929238319397,,289.255,19.700000000000003,30.900000000000002
-92.5747330074951,33.6405952725734,0,-1,2020,103,0.20010042681395931,0.4447709619998932,0.46081891655921936,292.52500000000003,297.14,17.3,39.900000000000006
-84.55402041838688,36.865636719831166,0,-1,2020,275,0.2605649717514124,0.2578530013561249,0.33406370878219604,292.87,287.844,21.200000000000003,35.0
-82.48729652857614,35.09834164582603,0,-1,2020,262,0.31961414790996784,0.22722236812114716,0.20902760326862335,,289.6333333333333,,
-80.2024812342225,32.7778389537177,0,-1,2017,67,0.06358042777615001,0.1154290959239006,0.11333944648504257,293.59000000000003,280.54,17.400000000000002,29.400000000000002
-83.87611959854631,30.206125645477467,0,-1,2018,320,0.31652026069708133,0.17112907767295837,0.09329991787672043,287.64,287.38,19.400000000000002,26.700000000000003
-88.50438699591746,33.44722724337163,0,-1,2019,259,0.10892153350053745,0.07267849892377853,0.1408529430627823,305.96,296.3466666666667,,
-82.62182893243704,35.095768753790466,0,-1,2017,54,-0.10753553231429337,0.3032965660095215,0.29378461837768555,291.015,280.23,9.3,24.6
-90.72217185565131,37.09681603628532,0,-1,2017,216,0.3058614564831261,0.15200337767601013,0.19429166615009308,302.25666666666666,291.79,41.900000000000006,65.8
-90.00770804188998,37.492670436582614,0,-1,2019,341,-0.22491186839012925,0.2719363868236542,0.2857097089290619,287.68,271.7266666666667,,
-86.39418754419344,36.1115888520246,0,-1,2019,77,-0.011945392491467578,0.373050332069397,0.37450045347213745,289.9266666666667,282.58,12.600000000000001,31.5
-82.19489768240364,28.65599268909742,0,-1,2019,57,0.10676378772112383,0.19243204593658447,0.07172241061925888,298.055,291.688,17.2,31.5
-89.5191446491605,32.46715543848828,0,-1,2020,101,0.2917789757412399,0.29321786761283875,0.30081087350845337,294.2,295.02,25.6,46.400000000000006
-87.29482277085762,33.18182456733552,0,-1,2019,249,0.16234543278819305,0.15183423459529877,0.23138482868671417,305.835,294.8925,,
-89.02660734789222,33.803301985613054,0,-1,2020,67,-0.11106497820220054,0.44118255376815796,0.468461811542511,289.44,278.43,15.9,31.3
-85.46246239759151,30.171149308932584,0,-1,2018,297,0.08450368959771483,0.1434371918439865,0.08352358639240265,302.225,294.2666666666667,17.900000000000002,35.1
-89.46058871679988,31.483114446114783,0,-1,2019,80,0.12246520874751492,0.41084519028663635,0.4257008731365204,293.1333333333333,277.90000000000003,16.5,33.0
-85.77341407106674,33.37084972612047,0,-1,2019,189,0.2598187311178248,0.19784101843833923,0.21788188815116882,301.24,294.7133333333333,38.1,65.60000000000001
-89.93869145819993,35.816588186825975,0,-1,2019,121,-0.0924683072334079,0.4664545953273773,0.47112804651260376,299.37333333333333,286.3266666666667,10.8,27.400000000000002
-89.19403586630133,33.759465206526116,0,-1,2020,26,0.1080368906455863,0.37183070182800293,0.39469438791275024,279.395,273.92,8.4,13.100000000000001
-88.70540140642701,34.67163735261488,0,-1,2019,71,-0.09183180280328661,0.48601576685905457,0.5140924453735352,283.9533333333333,274.05,10.0,23.6
-82.29943030840509,35.14870052720031,0,-1,2020,42,-0.09652002626395273,0.5182785391807556,0.5404534339904785,280.24,271.2,8.4,14.600000000000001
-83.97857678946419,37.250148220049674,0,-1,2020,142,0.3168952436533411,0.42854973673820496,0.4350625276565552,298.65000000000003,,25.1,38.800000000000004
-83.18140287585916,37.74426002930598,0,-1,2020,76,,0.31544849276542664,0.3403600752353668,,279.22,,
-90.13772923810397,34.10716381223135,0,-1,2019,289,-0.07334963325183375,0.16811718046665192,0.21203885972499847,301.8,290.0,,
-89.88220383497351,34.99002204988164,0,-1,2020,65,-0.10615224191866528,0.39674851298332214,0.42976635694503784,288.708,276.3,11.9,25.1
-80.10700669583163,37.06210081766372,0,-1,2017,195,0.37784299339691857,0.24553316831588745,0.23206068575382233,301.16,291.1,,
-88.2778956109686,35.083582669856,0,-1,2020,61,-0.04178957718780728,0.38811740279197693,0.4107234477996826,286.3933333333333,274.75333333333333,11.3,19.900000000000002
-84.9590942160941,32.58231843814137,0,-1,2018,0,-0.009020217729393468,0.3246588706970215,0.3519740104675293,283.616,275.61,4.3,8.1
-82.36074659028831,32.678253699534345,0,-1,2020,20,0.05233539673607203,0.24535831809043884,0.2244553416967392,286.89,277.3,5.5,12.100000000000001
-84.14651044758114,34.404194727622944,0,-1,2020,81,-0.051181102362204724,0.3130241334438324,0.3010372221469879,295.46,285.34000000000003,14.8,30.400000000000002
-89.67840732843607,30.594527830419494,0,-1,2017,255,0.21188683085691024,0.22085867822170258,0.26724663376808167,299.39714285714285,290.30333333333334,35.0,56.6
-86.16406302565443,35.02400251111096,0,-1,2017,102,-0.13722198908938313,0.4198867976665497,0.46393701434135437,297.66400000000004,281.75,,
-93.06706595453407,37.31034141256673,0,-1,2018,65,-0.15387481371087927,0.35761767625808716,0.40535473823547363,290.1666666666667,275.648,8.4,18.8
-85.53092317366576,35.427584395459625,0,-1,2018,26,0.01027077497665733,0.25899192690849304,0.2949327826499939,281.175,278.95,5.0,14.200000000000001
-89.70482335387875,36.07290855005163,0,-1,2018,81,,0.37678661942481995,0.38631826639175415,289.8,277.72,,
-91.74331462726872,31.943932973616107,0,-1,2019,16,-0.06537733865881859,0.411953866481781,0.4320225417613983,286.06666666666666,277.06,7.4,15.0
-89.14217059133854,35.96124101344783,0,-1,2020,195,0.3942723942723943,0.20325332880020142,0.2599923014640808,303.06,295.8466666666667,29.400000000000002,62.7
-91.9583467567536,36.947949647654276,0,-1,2017,12,-0.04691943127962085,0.3583114445209503,0.37198352813720703,,261.68,,
-88.70888918355413,36.499604227019155,0,-1,2020,63,-0.0342327829238824,0.3682498037815094,0.37287548184394836,287.84000000000003,273.12,10.3,20.8
-83.36464464178259,34.79062692528524,0,-1,2018,1,0.07000338180588435,0.2065090388059616,0.2128901332616806,278.865,272.09000000000003,2.0,10.4
-83.0831429250473,36.130356633505905,0,-1,2017,251,0.22666182346531058,0.2009778469800949,0.2639373242855072,297.26,285.656,24.3,42.900000000000006
-92.98196564889716,36.8796696977868,0,-1,2017,15,0.0265625,0.37096256017684937,0.3913443684577942,,263.5,,
-83.56416744688524,34.108537403269764,0,-1,2019,196,0.24941286989196806,0.28602176904678345,0.34093397855758667,304.835,296.54,43.800000000000004,66.0
-81.13526860272965,32.677592000620685,0,-1,2020,316,,0.2606589198112488,0.1917174905538559,295.27,286.225,10.200000000000001,27.1
-83.9430692999297,32.026173384398085,0,-1,2017,76,-0.06106178655553542,0.20234157145023346,0.2558577358722687,288.476,280.785,6.2,37.6
-90.6921386229892,33.8381350557712,0,-1,2020,105,0.0013825794983211535,0.42494481801986694,0.44430819153785706,294.1933333333333,287.02,11.0,42.5
-81.56980826233718,28.390111653351244,0,-1,2018,200,,0.26298975944519043,0.1478157490491867,303.82,295.52,,
-85.12141547055855,32.264033999056316,0,-1,2020,245,0.2757318224740321,0.07812153548002243,0.06642007827758789,302.24,,19.6,48.800000000000004
-81.77612103922947,26.684887094206697,0,-1,2019,6,0.17841561423650976,0.12999327480793,0.10733497142791748,298.34285714285716,290.916,14.700000000000001,31.900000000000002
-91.3095744511562,34.626135404973375,0,-1,2019,202,0.3571676501214856,0.311551034450531,0.33247044682502747,299.432,296.16,43.0,68.9
-92.81439956048457,37.0896718129026,0,-1,2020,343,-0.07781919850885369,0.395761638879776,0.41046279668807983,283.3666666666667,272.585,5.7,11.8
-81.44428424035304,36.63574888717231,0,-1,2018,246,0.3394673123486683,0.2482513040304184,0.2837754189968109,296.545,290.8266666666667,,
-82.7806822199428,33.53327663834334,0,-1,2017,319,0.20735785953177258,0.2780255079269409,0.30672645568847656,288.86,282.54400000000004,6.9,18.0
-88.66683514898774,30.65817910483917,0,-1,2019,245,0.3119599818099136,0.4787421226501465,0.8129684329032898,302.205,295.15000000000003,43.0,60.400000000000006
-90.0172443460837,33.96652522778266,0,-1,2017,36,-0.014686936356609122,0.29227134585380554,0.3089199364185333,285.916,279.84000000000003,11.600000000000001,20.200000000000003
-89.40345634532581,36.56671770455992,0,-1,2017,102,0.21175373134328357,0.15462800860404968,0.30280420184135437,296.0266666666667,286.78000000000003,,
-83.48827948013273,35.32685604214675,0,-1,2019,31,-0.13980492336274966,0.3044510781764984,0.31857413053512573,275.868,271.18,7.1000000000000005,14.3
-78.1191287073692,36.553732522445706,0,-1,2020,207,0.21017699115044247,0.29112792015075684,0.35336339473724365,302.52,298.68,23.200000000000003,60.0
-81.6557692643272,36.0111678427269,0,-1,2020,69,0.05402010050251256,0.21926021575927734,0.2634447515010834,282.16,277.288,10.200000000000001,26.3
-88.84972261665338,33.35252636056658,0,-1,2019,14,0.043040804918949134,0.39470186829566956,0.4092461168766022,282.505,277.375,6.6000000000000005,13.8
-90.6851932266149,29.76355942820088,0,-1,2018,67,0.10790568654646325,0.37495625019073486,0.40804365277290344,296.14,284.0,12.700000000000001,34.7
-83.8995629994622,33.512589662876806,0,-1,2017,69,-0.08849759890235537,0.3976670205593109,0.4254058301448822,294.01714285714286,280.096,10.700000000000001,30.900000000000002
-80.91586067661001,27.500943126758358,0,-1,2020,160,,0.1735953539609909,0.10378597676753998,304.82,,,
-87.13269003702365,33.4661917184015,0,-1,2017,80,-0.10790697674418605,0.26433178782463074,0.30243709683418274,298.64,283.94666666666666,9.4,35.300000000000004
-88.9183166773172,37.51452465765275,0,-1,2018,100,-0.08166343460461108,0.3658546507358551,0.38470005989074707,,274.02,13.700000000000001,29.1
-81.67426400908182,36.62747865721213,0,-1,2020,185,0.43608367228355605,0.25873953104019165,0.28210315108299255,295.885,291.1,,
-91.60965509793594,34.575146252081325,0,-1,2020,340,-0.14437086092715232,0.41385406255722046,0.43895119428634644,282.92,275.3066666666667,,
-81.71775517535413,29.031779731123212,0,-1,2018,108,0.1458149779735683,0.1267530769109726,0.05682317540049553,298.0,286.89,24.8,53.800000000000004
-91.3806943980584,37.11484462207371,0,-1,2017,111,0.1996474217717056,0.35428518056869507,0.2963171899318695,301.16,288.2,,
-93.63524916095768,35.20597816865831,0,-1,2019,144,0.25317693059628543,0.26926663517951965,0.27137234807014465,298.2,292.85,45.1,62.6
-94.43892717690484,34.36998626517645,0,-1,2020,280,0.09671848013816926,0.40518948435783386,0.41694357991218567,296.14285714285717,282.8925,20.6,41.300000000000004
-81.92001320639415,33.81056332732844,0,-1,2019,290,0.27949685534591195,0.20495185256004333,0.2490350604057312,299.71500000000003,286.8666666666667,19.0,34.2
-90.48202408238359,32.49122427233871,0,-1,2019,73,0.030922693266832918,0.3500267565250397,0.38003265857696533,,273.66,12.4,37.6
-84.72467989296236,32.107491627639796,0,-1,2017,15,-0.11200923787528869,0.28795474767684937,0.2780631184577942,287.5233333333333,285.9666666666667,8.6,22.0
-88.23936348510128,33.60028540369761,0,-1,2019,121,0.3172676209458235,0.2993403375148773,0.33086925745010376,299.23,287.16,60.7,67.8
-86.62452692723957,34.801284012810534,0,-1,2020,220,0.264549356223176,0.25755760073661804,0.2999531924724579,301.7266666666667,294.34000000000003,31.1,61.0
-90.2541240120692,35.49223089154577,0,-1,2019,256,0.14300791556728232,0.16493870317935944,0.27357223629951477,306.685,295.08,17.1,56.1
-90.44724485714332,31.914331125193005,0,-1,2020,71,0.06198347107438017,0.4008033275604248,0.42985227704048157,289.54,279.56,15.4,33.9
-86.96258865071782,31.353557585389908,0,-1,2018,80,0.14523937600860679,0.4139106273651123,0.4353748857975006,289.24666666666667,275.18,15.700000000000001,33.300000000000004
-87.83650719598415,31.19558392422586,0,-1,2020,66,0.05232067510548523,0.4598879814147949,0.4990388751029968,286.548,284.12666666666667,15.200000000000001,32.2
-83.5710929605354,30.280816597418873,0,-1,2018,130,0.28012449977767895,0.3500617742538452,0.7653297781944275,301.6514285714286,289.98,36.0,48.300000000000004
-87.66961358622838,34.14434732110893,0,-1,2018,142,0.3068804275217101,0.17547467350959778,0.19640174508094788,300.32,292.8,37.5,55.0
-84.67833035903637,30.1652088104274,0,-1,2017,330,0.19555829734731647,0.1333441287279129,0.14908380806446075,292.18666666666667,286.63,14.3,24.6
-82.00773063070282,37.83082886577531,0,-1,2020,264,0.27338744126441694,0.12721467018127441,0.1428503692150116,291.39,286.82,,
-87.66170121101297,34.42213648245508,0,-1,2020,174,0.39059024807527803,0.1568499505519867,0.22223438322544098,297.22,291.77500000000003,19.6,56.800000000000004
-79.27434622174032,34.78047868026228,0,-1,2018,104,-0.0330565054551376,0.14604564011096954,0.17159509658813477,301.69,283.6466666666667,12.200000000000001,33.300000000000004
-82.43264535255695,30.618149243348903,0,-1,2018,36,0.12084257206208426,0.7630183100700378,0.9184417128562927,287.76,281.87,,
-87.12430962945149,33.92406718437545,0,-1,2020,85,0.049638778839431366,0.29628226161003113,0.24681271612644196,294.90000000000003,287.04,16.8,35.1
-89.05066463283961,36.59153212021581,0,-1,2018,135,-0.10659340659340659,0.14221730828285217,0.3208504915237427,304.1366666666667,292.97200000000004,,
-88.49670974152113,37.60555526991691,0,-1,2018,266,0.21362384172301527,0.21735505759716034,0.24664436280727386,301.71,295.44,24.1,35.0
-87.32701657140086,31.905638364912473,0,-1,2020,6,0.021263482280431432,0.2916741669178009,0.31418082118034363,286.736,277.77500000000003,6.9,15.9
-93.29319198283983,31.389984718815167,0,-1,2017,83,-0.02787786838611796,0.3293894827365875,0.35541436076164246,299.57599999999996,290.4971428571429,,
-89.70160898973892,35.43719587504824,0,-1,2019,176,0.24066742081447964,0.26433032751083374,0.3054217994213104,296.66,293.87,29.200000000000003,53.5
-80.57926573414973,36.06548294996859,0,-1,2018,139,0.3692332422440122,0.3929142653942108,0.39657115936279297,304.23333333333335,292.84000000000003,,
-94.44234216794025,35.83589823188746,0,-1,2019,188,0.3982406441031758,0.43650931119918823,0.43773648142814636,299.165,294.80400000000003,37.1,55.7
-80.79009685546019,36.20133182968927,0,-1,2018,245,0.32632649601627395,0.31161656975746155,0.343524694442749,302.79333333333335,295.15000000000003,53.5,52.0
-90.41483634245199,30.39084332343163,0,-1,2020,216,0.319923777260216,0.3266827464103699,0.3520185053348541,301.4266666666667,297.6,,
-82.52445991989015,31.973030555294912,0,-1,2020,262,0.26403641881638845,0.21507637202739716,0.25431570410728455,295.34000000000003,296.26,22.1,35.5
-87.62360391058145,37.51265169917057,0,-1,2018,130,-0.004623334239869459,0.2976936101913452,0.3727516531944275,300.1533333333333,286.32,14.5,52.900000000000006
-80.47433036894114,33.60540137486363,0,-1,2019,6,-0.024444444444444446,0.2535284459590912,0.23013770580291748,285.98,285.36,8.5,14.200000000000001
-80.44262486801799,27.688921849726583,0,-1,2018,32,0.15487878180725306,0.15187300741672516,0.11867831647396088,295.31333333333333,283.99,,
-88.1171692437522,31.242916922229004,0,-1,2020,74,-0.038616973506960035,0.2555110454559326,0.21563318371772766,293.015,280.95,21.8,38.400000000000006
-82.47429086072643,30.11391756968321,0,-1,2019,55,,0.2619037330150604,0.20271092653274536,300.05,290.74,20.400000000000002,37.4
-77.75709201692689,35.03365114287065,0,-1,2018,307,0.09410234171725933,0.20423009991645813,0.17471003532409668,292.64,281.4266666666667,9.8,19.3
-79.70571559166781,35.902796219654455,0,-1,2020,171,0.26604874699622383,0.38349005579948425,0.37044405937194824,301.59000000000003,,48.2,65.3
-88.08934728941684,37.23050021244244,0,-1,2019,74,-0.11203791469194313,0.3981490731239319,0.4214074909687042,,283.35,12.5,27.8
-89.62147824353414,33.7300848542057,0,-1,2020,6,0.14713814803715913,0.3718743622303009,0.39413687586784363,284.692,277.16,11.4,21.200000000000003
-82.96726103248564,34.2503013122836,0,-1,2018,346,-0.04595382201300157,0.4907386302947998,0.49977001547813416,280.90000000000003,273.3,,
-93.22612720170615,33.649163565410745,0,-1,2017,157,0.33998371335504884,0.3336409032344818,0.34847524762153625,300.07,290.7,34.2,60.800000000000004
-81.86204134488753,34.67177298307381,0,-1,2018,11,0.04425342247691818,0.34532415866851807,0.35120269656181335,275.848,271.41,6.7,14.5
-87.73196446250064,33.0434438419438,0,-1,2020,70,-0.018537590113285273,0.4458271265029907,0.4681553244590759,287.44,280.8,15.100000000000001,31.8
-87.61073912967072,36.0063423105937,0,-1,2017,128,0.332620320855615,0.3341137766838074,0.37671858072280884,295.57599999999996,281.89,40.7,53.1
-88.80765285043032,32.271227765430915,0,-1,2019,35,0.056080655324511654,0.42619559168815613,0.4517001509666443,287.49333333333334,276.67333333333335,,
-85.32487582624073,36.57735074559485,0,-1,2020,78,,0.3906761407852173,0.4028487503528595,,,,
-89.75481847747442,31.238818170623063,0,-1,2019,64,0.054693877551020405,0.3690793216228485,0.37285226583480835,282.90000000000003,,13.4,23.8
-80.11760612073083,34.32768115460643,0,-1,2020,207,0.3566465956461325,0.20360350608825684,0.08596839010715485,304.55,296.56,71.4,69.60000000000001
-87.39398458465584,37.02167410284384,0,-1,2020,80,,0.4712706506252289,0.4945262670516968,,,,
-80.13858335980588,37.12963728906981,0,-1,2019,67,-0.14783450278248245,0.39710938930511475,0.4105219841003418,277.635,274.7,9.0,19.1
-85.15186250933239,31.173295665292112,0,-1,2020,43,-0.0669765476442003,0.2737993896007538,0.26745766401290894,288.3066666666667,279.01,14.8,24.1
-81.57206150908546,28.317196786500244,0,-1,2018,327,0.15222363405336722,0.10980559885501862,0.09458599239587784,297.388,289.54,14.8,28.1
-79.98820892914188,33.82876824546391,0,-1,2017,52,-0.06062008329477094,0.18955004215240479,0.19133903086185455,293.58,280.272,10.5,28.400000000000002
-77.91181741523361,35.376364240900955,0,-1,2019,60,,0.35758253931999207,0.283479779958725,291.1,279.7733333333333,,
-80.46657042321377,32.43285507911079,0,-1,2019,141,0.40848214285714285,0.4372550845146179,0.8295062184333801,,,,
-94.13579480136427,36.03692273231572,0,-1,2020,81,0.02629863073244947,0.4242301881313324,0.4549678862094879,288.7,274.3466666666667,14.3,24.3
-87.32285711364787,31.057307241715243,0,-1,2018,70,-0.01875160544567172,0.29554182291030884,0.24123725295066833,291.53200000000004,281.12,,
-77.8388962422101,37.46561942420917,0,-1,2020,44,-0.024922118380062305,0.39764803647994995,0.3847336173057556,282.28000000000003,272.96,5.800000000000001,12.5
-87.42737336241191,34.351203208573665,0,-1,2019,54,-0.22005058634168775,0.3386133015155792,0.29736530780792236,,281.68,,
-89.7494058385832,31.445642951267516,0,-1,2019,104,-0.0292508020381204,0.3247116208076477,0.31905683875083923,303.78000000000003,290.2266666666667,22.3,39.900000000000006
-79.564896071016,36.96169027686794,0,-1,2017,184,0.3419535753232591,0.28775906562805176,0.34056422114372253,299.3666666666667,290.74,36.2,65.8
-85.84620568362527,34.9069670166353,0,-1,2019,63,-0.22262584327970938,0.47980108857154846,0.5052522420883179,285.02,279.90000000000003,,
-82.87056689868812,29.67102269971794,0,-1,2020,215,0.03169014084507042,0.10759541392326355,0.07633379846811295,307.44,,14.8,59.2
-84.34929380860748,31.960621328609545,0,-1,2019,74,0.12260778128286015,0.1723800152540207,0.09465577453374863,295.2,286.94,15.600000000000001,32.300000000000004
-82.97952158019814,33.19448277025427,0,-1,2018,100,0.14445939883355766,0.3253273069858551,0.33892369270324707,294.0,283.3933333333333,15.0,38.7
-84.35810844208409,34.17330027075009,0,-1,2017,161,0.2575832103623545,0.42897889018058777,0.45222267508506775,301.82,290.75,22.6,68.5
-84.05803336334911,32.7617126474516,0,-1,2018,262,0.21551899248425757,0.13692176342010498,0.21727418899536133,306.47,293.48,,
-93.61769161409288,36.48318035447684,0,-1,2017,144,0.3270397842211733,0.42660024762153625,0.44512760639190674,298.105,288.86,35.9,49.0
-80.15463459648866,35.65606586892001,0,-1,2019,221,0.26333615580016934,0.21287782490253448,0.30586785078048706,299.7,295.36,40.400000000000006,62.300000000000004
-85.59336164487912,34.479964288516754,0,-1,2018,64,-0.12475687691025285,0.4387221336364746,0.45450422167778015,289.75,278.315,7.5,25.0
-94.12887333332063,30.85863793451847,0,-1,2019,114,0.23381862831082267,0.25816529989242554,0.2730812132358551,295.79,285.47,28.200000000000003,52.2
-91.3807574609709,37.48114751647588,0,-1,2020,83,-0.18947784810126583,0.2916875183582306,0.26932281255722046,283.58,,12.700000000000001,18.7
-92.01534125295234,32.0347507834877,0,-1,2017,112,0.2966321243523316,0.25876110792160034,0.31340551376342773,295.75,292.99,,
-80.90983018705299,25.23329147056486,0,-1,2018,76,0.31870291516541105,0.11938603967428207,0.17321686446666718,296.492,288.892,,
-93.30719864038768,31.920405171044326,0,-1,2017,126,-0.033953997809419496,0.262770414352417,0.31568652391433716,299.63,285.89,13.200000000000001,48.7
-92.8902417481952,30.3355171557267,0,-1,2020,218,0.04194331983805668,0.23851054906845093,0.31525859236717224,304.24,296.81333333333333,16.900000000000002,58.300000000000004
-78.46113778990004,35.00566112036806,0,-1,2020,112,0.03271349862258953,0.1898939162492752,0.16585956513881683,298.66,284.756,18.400000000000002,41.300000000000004
-90.53511262730574,33.1222547422847,0,-1,2020,70,-0.09031959240389069,0.5343281030654907,0.5515293478965759,286.83,280.29,16.1,31.200000000000003
-82.94080823624518,29.688625459334983,0,-1,2020,244,0.18534119629317608,0.22430720925331116,0.1425725668668747,301.11333333333334,296.96,20.3,37.6
-87.12253957345098,37.38738624682197,0,-1,2020,316,0.002073971655720705,0.2862936854362488,0.3127501904964447,295.835,283.07,9.3,19.5
-92.35170407080525,30.021476337723783,0,-1,2019,41,-0.0028316270964931388,0.3812304437160492,0.3910222053527832,296.3,279.40000000000003,15.8,22.0
-90.12336304623372,36.89927108100546,0,-1,2018,326,-0.02619233776387803,0.21829061210155487,0.2586134374141693,286.66,273.156,,
-87.99539859069556,33.4307925408831,0,-1,2020,167,0.3364357118235091,0.18339958786964417,0.21680660545825958,301.02,292.7666666666667,47.2,72.60000000000001
-93.34892920197343,30.977672492796458,0,-1,2019,70,0.06978068926231842,0.20126165449619293,0.18326297402381897,288.41333333333336,273.26,18.400000000000002,27.400000000000002
-77.4024843171713,36.47980535974378,0,-1,2019,25,0.05420753742901394,0.23810385167598724,0.1934097707271576,281.24,276.94,5.5,13.3
-93.95431268646945,29.87386845856336,0,-1,2019,10,0.007074994946432181,0.4402344524860382,0.45684653520584106,293.24,282.11333333333334,,
-93.57230342143968,30.883825892205824,0,-1,2020,9,-0.022988505747126436,0.4039561152458191,0.3800145089626312,288.74,281.1766666666667,,
-83.3984328378657,29.970188265924815,0,-1,2020,108,0.26400389673648317,0.13715732097625732,0.09844484180212021,300.26,291.8066666666667,33.2,44.400000000000006
-92.53348723096555,36.28698877521274,0,-1,2018,32,-0.0848851269649335,0.27949753403663635,0.30178380012512207,288.5133333333333,271.83,5.6000000000000005,19.200000000000003
-82.87766935113082,36.27005648551642,0,-1,2019,109,0.19638372677046712,0.387198805809021,0.4007679522037506,293.05333333333334,277.62,16.0,39.7
-83.8154442216257,31.949014630488517,0,-1,2017,336,-0.0793717277486911,0.0883292630314827,0.054694462567567825,295.90000000000003,280.86857142857144,6.7,23.700000000000003
-82.05448286540445,29.249550306049233,0,-1,2018,108,-0.012044046799724708,0.1511061042547226,0.11285344511270523,301.045,285.904,19.8,50.5
-79.7172998660213,34.64390821049074,0,-1,2018,345,-0.1647342995169082,0.8290405869483948,0.9270546436309814,280.25,276.84000000000003,6.5,9.4
-90.99458479633775,35.23961261272984,0,-1,2020,52,0.09764789736279401,0.3640527129173279,0.3888435363769531,276.96500000000003,273.79333333333335,,
-80.51067933930493,35.90266240516782,0,-1,2017,67,-0.023459061637534497,0.2895624041557312,0.31390097737312317,289.02500000000003,273.5333333333333,9.4,30.400000000000002
-93.09401434432878,33.4040482178927,0,-1,2018,293,0.22855464159811986,0.30973929166793823,0.3178226947784424,289.36,,14.700000000000001,23.900000000000002
-91.9993534732883,37.02971022825364,0,-1,2018,183,0.2376237623762376,0.3147404193878174,0.3476089835166931,299.47,296.16,47.6,52.7
-84.2768271243695,33.10964458728755,0,-1,2019,134,0.31179901301031854,0.3977729380130768,0.41773924231529236,298.44,288.6333333333333,31.200000000000003,53.7
-79.50324157061384,37.49679669187955,0,-1,2018,268,,0.29043498635292053,0.2882397174835205,295.62,291.01,,
-91.3090319840106,34.63506570620466,0,-1,2018,34,-0.22849541826780964,0.3216690421104431,0.34026217460632324,284.55333333333334,277.95,9.600000000000001,17.7
-87.05102886630459,35.60664113392833,0,-1,2020,158,0.2011883149034494,0.38064903020858765,0.41003134846687317,308.1,,,
-92.45597168087487,34.34438972110578,0,-1,2019,157,0.405745769382133,0.40826401114463806,0.3981979191303253,299.16,293.32,27.8,39.6
-91.18619024003597,37.66121345567761,0,-1,2020,117,-0.046538461538461535,0.3916163742542267,0.4072299301624298,297.17333333333335,280.26,13.4,28.3
-80.21046126345709,34.95691575738177,0,-1,2017,129,0.11426831743454435,0.27220916748046875,0.2829177975654602,297.1433333333333,285.3,19.3,57.0
-86.62607111565929,33.425862040494444,0,-1,2019,312,0.18698258635455323,0.2316504269838333,0.22414305806159973,289.868,279.225,9.5,21.3
-79.96430528816963,34.796278186769605,0,-1,2019,61,0.12624016421484777,0.3702687621116638,0.3483487665653229,289.17,277.66,,
-84.13402152140964,32.61610563064773,0,-1,2017,99,-0.03189568706118355,0.18734049797058105,0.22813865542411804,298.64,281.935,,
-82.3716150147511,30.856020252875606,0,-1,2017,96,0.08356062484502852,0.36002692580223083,0.6162554621696472,301.18,290.16,22.900000000000002,48.0
-87.86445037402176,30.601846610714674,0,-1,2018,48,-0.11120671112067111,0.2873500883579254,0.2833445072174072,294.38,290.26,16.8,21.1
-92.93658756772801,29.931218813085888,0,-1,2017,93,0.2639783124364622,0.6026589870452881,0.8904876112937927,299.05,291.82,,
-88.88418762736028,35.72216839345724,0,-1,2020,247,0.32274973790624534,0.2796260714530945,0.2864171266555786,,295.56,,
-86.01096587364506,36.36729851993928,0,-1,2020,287,0.19642857142857142,0.2756859362125397,0.3148084282875061,294.395,286.05,27.5,32.4
-85.9313148921032,32.56482634382784,0,-1,2017,233,0.1069488668289942,0.09859497100114822,0.15854458510875702,304.812,296.52,26.900000000000002,53.7
-81.75313932537424,29.127824467370605,0,-1,2020,43,0.19344639264156366,0.1392168551683426,0.06347817182540894,294.5866666666667,277.15000000000003,15.600000000000001,37.300000000000004
-84.24932989378843,33.801608200938695,0,-1,2020,228,0.19756966268594175,0.31077906489372253,0.2885783910751343,307.0133333333333,297.68,,
-86.82205298706424,33.981325249555105,0,-1,2017,145,0.31774119095245423,0.22690600156784058,0.1990872323513031,301.92,294.46,,
-83.35656553571081,34.90699425416369,0,-1,2019,67,-0.04836121934448774,0.33790528774261475,0.2835688591003418,283.205,,8.3,22.900000000000002
-90.58019533686644,35.919175474058015,0,-1,2019,103,0.05186797243380486,0.33706170320510864,0.35279643535614014,297.4066666666667,283.7866666666667,12.3,36.6
-93.03011772710634,33.66219056415428,0,-1,2017,107,0.263033734371314,0.3711385130882263,0.3532331585884094,291.74,291.0866666666667,,
-83.65953901826228,35.23685816890774,0,-1,2017,156,0.3703491700057241,0.2893913984298706,0.22920285165309906,292.9066666666667,288.04,33.5,55.0
-81.33099154281439,31.858887648964675,0,-1,2017,108,0.26749716874292184,0.4040911793708801,0.7776094079017639,301.4666666666667,288.272,43.6,60.7
-93.89313294196621,34.692331864098335,0,-1,2020,113,0.223954802259887,0.49554339051246643,0.5161455869674683,292.868,287.24,27.5,43.1
-84.7644075765631,33.573653644788266,0,-1,2019,141,0.3618166526492851,0.3647453188896179,0.3917621076107025,300.476,288.708,39.300000000000004,67.5
-76.56917844331917,36.28193254160941,0,-1,2020,61,-0.03908668730650155,0.31267794966697693,0.3199031352996826,285.86,272.6066666666667,8.1,21.1
-86.82433691429647,35.72385722702117,0,-1,2017,326,-0.11673699015471167,0.25154781341552734,0.26515427231788635,284.596,274.404,5.5,17.0
-85.83102181371693,33.43002604089943,0,-1,2020,79,-0.0016853932584269663,0.30373692512512207,0.289617121219635,,288.88,,
-81.35748865114427,32.41628782870275,0,-1,2020,66,0.04534130543099153,0.2864260673522949,0.22169512510299683,288.89,275.9866666666667,13.200000000000001,28.700000000000003
-83.10403691090991,37.59197188969603,0,-1,2019,26,0.08502994011976048,0.4148685038089752,0.4183788001537323,271.22,,5.7,9.9
-93.72228644415894,33.767484144015256,0,-1,2017,281,0.16813216093791633,0.1803099811077118,0.27542614936828613,300.82,291.216,18.400000000000002,42.6
-89.46249840524646,37.446647860911305,0,-1,2019,16,-0.16984615384615384,0.340298593044281,0.3607334792613983,278.52,271.8933333333333,5.0,7.9
-78.48341464684934,35.44532934645708,0,-1,2017,260,0.2475290073055436,0.12951938807964325,0.08486992120742798,300.85,292.1566666666667,18.8,50.400000000000006
-87.22119057128619,36.65066205736031,0,-1,2017,6,0.014183019234505536,0.3231947720050812,0.34313902258872986,279.57,271.5733333333333,4.3,7.800000000000001
-90.71490383949818,30.757221286078202,0,-1,2019,304,0.1576341127922971,0.29826024174690247,0.3023650050163269,,284.37,,
-78.98451893964831,35.628241798839944,0,-1,2020,320,0.10964187327823692,0.3373757302761078,0.3354479670524597,291.85,285.93,9.4,17.6
-89.29209439119458,36.04141406341046,0,-1,2020,347,0.03744363850225446,0.29083192348480225,0.31178736686706543,286.9666666666667,274.004,,
-89.06832936569906,33.08754149310264,0,-1,2019,102,0.24995475113122173,0.42255324125289917,0.44012314081192017,298.81,288.98,,
-81.66004834339772,34.08608920574179,0,-1,2017,81,0.08068561872909699,0.36625877022743225,0.3783983588218689,292.968,275.676,16.5,39.900000000000006
-85.30346862482897,31.468385972571642,0,-1,2020,292,0.0754446943365365,0.11339451372623444,0.1867244839668274,298.368,290.615,21.6,39.1
-85.89662802470694,30.89102299169104,0,-1,2018,213,0.23745240567670475,0.27148717641830444,0.19926202297210693,303.32,293.98,41.2,51.7
-87.37860340068309,36.66208653823898,0,-1,2020,195,0.1800128122998078,0.2971864342689514,0.3340889811515808,301.812,294.948,25.6,59.2
-90.98027442500674,32.406630448369796,0,-1,2020,94,0.40034562211981567,0.48904097080230713,0.5057582855224609,285.04,285.58,16.3,34.9
-92.336377922859,34.555477348551335,0,-1,2019,131,0.20759193357058126,0.40183162689208984,0.41323381662368774,297.62666666666667,288.86,35.300000000000004,52.400000000000006
-84.05795566934954,30.25340231944682,0,-1,2019,45,-0.12419354838709677,0.20871774852275848,0.13482242822647095,284.48,284.77,,
-85.75153781860946,35.36611924793794,0,-1,2020,94,-0.05566916609861395,0.34035933017730713,0.37526512145996094,295.17,282.92,10.4,38.6
-83.45540022151,32.26226218880543,0,-1,2020,121,0.22771845718021355,0.29199427366256714,0.28512147068977356,297.29200000000003,287.7733333333333,38.7,63.1
-81.51838080741356,32.364541073381645,0,-1,2018,113,0.2934202726733847,0.22749567031860352,0.09660039097070694,294.765,286.7033333333333,,
-93.64670012340758,35.55475881578907,0,-1,2018,12,-0.13047102959566487,0.29999879002571106,0.354469358921051,276.8866666666667,270.15,5.300000000000001,10.5
-86.200239757427,31.433493635809278,0,-1,2017,33,0.020058839261834716,0.2952336370944977,0.3236389458179474,291.09200000000004,280.648,11.0,21.6
-87.85347252533282,31.65673760430737,0,-1,2018,63,0.11425576519916142,0.2998239994049072,0.33632656931877136,292.7866666666667,283.324,15.100000000000001,34.800000000000004
-94.44341405504998,34.14639040373311,0,-1,2019,151,0.38350074098468634,0.4603191614151001,0.48104867339134216,299.91,292.97200000000004,41.800000000000004,68.3
-83.49275940189062,30.998072079187406,0,-1,2019,7,0.03214041486209255,0.3182617723941803,0.29421520233154297,293.4066666666667,284.27500000000003,10.100000000000001,17.8
-86.055963864319,35.257483513430806,0,-1,2017,114,0.10738738738738739,0.40059715509414673,0.4093503952026367,296.24,286.3,23.200000000000003,47.400000000000006
-94.16919033450735,35.581862381638146,0,-1,2019,134,0.20817457568410114,0.4520942270755768,0.48902830481529236,298.41,283.40000000000003,34.800000000000004,53.5
-81.3477463329469,28.83547701151443,0,-1,2019,79,0.38592027141645463,0.1547175943851471,0.10123962163925171,291.64,288.6,,
-84.92712882161813,34.27423422998045,0,-1,2020,39,0.00590717299578059,0.3587399125099182,0.350197434425354,287.19,277.25,7.1000000000000005,13.0
-86.12681851829181,34.36466402187698,0,-1,2017,274,0.136802270577105,0.10948581993579865,0.1404675543308258,300.772,290.2,23.8,41.0
-82.44825991261528,31.410402853631595,0,-1,2019,230,0.15219673114409957,0.16347137093544006,0.10758236050605774,303.15000000000003,,23.400000000000002,43.0
-80.15394705439354,33.234437437793254,0,-1,2019,201,0.3579082726103729,0.15122190117835999,0.17801424860954285,301.676,295.2,,
-87.1811625358471,32.16466583279771,0,-1,2020,109,0.2858517805582291,0.2692335844039917,0.3051690459251404,293.74666666666667,284.03200000000004,25.1,48.400000000000006
-94.1691472709295,31.865914041962682,0,-1,2020,7,0.11012972674579079,0.24057170748710632,0.27232635021209717,287.156,278.392,10.4,22.8
-82.96477982802276,36.2255667899379,0,-1,2019,42,0.2298776561493883,0.4041723608970642,0.42847946286201477,287.82,281.3466666666667,,
-81.24342443457331,33.027442042213586,0,-1,2020,107,0.13868336179093152,0.25036466121673584,0.24427993595600128,298.725,287.564,28.400000000000002,48.5
-94.19621047308434,30.184550730927967,0,-1,2020,110,0.3466571496550083,0.16704481840133667,0.15914258360862732,292.72,286.57,32.7,45.300000000000004
-77.62637456640292,37.06045589301579,0,-1,2018,124,0.20748705694942254,0.3251393437385559,0.3561263382434845,300.3266666666667,284.512,20.200000000000003,52.900000000000006
-86.85703016053694,37.12556238461279,0,-1,2017,123,0.44733861834654587,0.2995213568210602,0.348125159740448,297.48,289.75333333333333,36.5,48.1
-84.41139864499506,32.93385777288346,0,-1,2020,255,0.28454545454545455,0.23333317041397095,0.3024401366710663,301.812,293.416,44.900000000000006,58.5
-92.17947560431827,30.37618478152662,0,-1,2019,100,-0.006397306397306397,0.27418050169944763,0.3397813141345978,302.8,284.95,20.0,39.1
-76.63655016032409,36.94929095697456,0,-1,2020,75,-0.0036101083032490976,0.24957621097564697,0.2628561556339264,291.31333333333333,279.1466666666667,16.0,28.5
-80.0053927443588,34.012711754052475,0,-1,2017,136,0.26337603617181615,0.1465337872505188,0.1829434484243393,303.192,290.216,42.7,61.900000000000006
-92.78417199056464,30.116176478289493,0,-1,2018,186,0.44961134597027136,0.27145540714263916,0.2949470579624176,301.46,297.276,,
-87.91326811485975,31.27336546086727,0,-1,2019,283,0.22965116279069767,0.20134030282497406,0.2685246765613556,300.755,294.15000000000003,,
-83.2169414101283,32.94112097263351,0,-1,2020,145,0.12779869229245097,0.23619531095027924,0.23062743246555328,301.91,294.34000000000003,24.6,49.6
-91.46406471070472,30.484190509898863,0,-1,2019,38,-0.09372210651591788,0.3174006938934326,0.36685311794281006,293.96,280.36,,
-79.14787817181636,34.03526791717722,0,-1,2020,57,0.1324703938309006,0.33982032537460327,0.3226751387119293,283.41333333333336,273.33,8.8,22.400000000000002
-83.08847390914192,33.06222403201451,0,-1,2018,16,0.05631562201718104,0.21623815596103668,0.23893597722053528,279.135,283.67,,
-79.67163820282501,37.782371031198025,0,-1,2019,345,0.028722934158197082,0.1854061782360077,0.20159925520420074,276.24,271.28000000000003,5.0,8.0
-83.2491594714264,30.997407088357846,0,-1,2017,215,0.27480519480519483,0.4507599174976349,0.7831419110298157,297.0,292.1466666666667,25.1,57.400000000000006
-86.6731889210361,36.77069815315204,0,-1,2017,279,0.2188001751569114,0.21145391464233398,0.29067906737327576,300.632,285.728,16.400000000000002,37.0
-89.15873596457791,32.418961069584604,0,-1,2018,106,0.32891936628044455,0.3203977048397064,0.3173350989818573,293.496,284.26,27.700000000000003,48.5
-84.91893634006304,37.55577844535977,0,-1,2019,85,-0.07107037869617845,0.31347039341926575,0.3734648525714874,289.74,273.18,9.4,29.6
-93.66614372110305,33.46188732071615,0,-1,2020,347,0.0898425439950602,0.30767762660980225,0.31007838249206543,287.9485714285714,278.33,5.9,12.5
-93.47354618225168,31.699731007077094,0,-1,2019,190,0.333466773418735,0.23916348814964294,0.2928028106689453,301.152,295.79,52.900000000000006,61.7
-90.20820747109259,31.24533794563172,0,-1,2020,250,0.277831094049904,0.22047112882137299,0.2511696517467499,300.705,296.556,34.7,51.800000000000004
-80.29756763833292,35.18615623936449,0,-1,2020,351,-0.021945432977461446,0.30980244278907776,0.286869615316391,289.72,274.705,8.1,13.8
-86.93349710232688,36.21670309731999,0,-1,2020,43,-0.10621039290240811,0.4703325927257538,0.48584145307540894,283.26,272.16,7.6000000000000005,11.100000000000001
-83.39774266140572,30.042836341901523,0,-1,2020,117,0.22603610475464023,0.1578517109155655,0.10837128013372421,298.455,291.9866666666667,36.0,49.800000000000004
-92.7088700528536,30.69950655070865,0,-1,2018,32,0.20311992200194995,0.26594772934913635,0.28432774543762207,286.8866666666667,278.255,9.3,18.900000000000002
-93.29510425665944,34.7962957618847,0,-1,2019,57,0.1091387245233399,0.4981571435928345,0.5251830816268921,281.99,276.38,8.0,17.6
-93.35612696022794,37.51337494250015,0,-1,2017,38,-0.1225922592259226,0.29877933859825134,0.3216167688369751,282.332,272.415,6.9,14.200000000000001
-89.19118509309875,36.912798193386095,0,-1,2018,82,-0.15467885494346884,0.369669646024704,0.38434356451034546,287.57,275.90000000000003,12.9,17.7
-88.2728269170557,35.683842931861925,0,-1,2020,141,0.22529521441889372,0.35687291622161865,0.3682592213153839,293.76,285.3466666666667,25.0,45.2
-85.95414514320974,31.02287870211592,0,-1,2018,285,0.18300815016053346,0.18992426991462708,0.1580076813697815,301.53000000000003,293.128,19.700000000000003,41.800000000000004
-91.09947642283747,36.20101392641789,0,-1,2019,322,-0.0663265306122449,0.28695181012153625,0.2959233820438385,283.735,272.0,6.5,12.9
-88.72863982763194,30.788603786746616,0,-1,2018,93,0.29535095715587967,0.22847513854503632,0.21932099759578705,295.44,287.85,32.6,49.300000000000004
-81.38526314707092,37.694157971580125,0,-1,2020,63,-0.15129331381161543,0.3034304678440094,0.27766063809394836,286.5,275.34000000000003,7.1000000000000005,13.5
-84.5921113380699,33.55662809305854,0,-1,2017,201,0.04480193738107594,0.327010840177536,0.36584746837615967,305.42,295.57,15.600000000000001,64.2
-93.3093767144072,33.12256195835966,0,-1,2020,23,-0.09859959988568162,0.3380430042743683,0.31635957956314087,278.4266666666667,275.29333333333335,5.4,12.700000000000001
-89.28714094997572,32.039915225184494,0,-1,2018,325,0.1407884151246983,0.23253954946994781,0.24756795167922974,285.41,276.47,7.9,20.200000000000003
-76.6161352381725,34.86659361748867,0,-1,2017,78,-0.0398414271555996,0.6603790521621704,0.8986214399337769,286.0,271.3,10.0,25.3
-93.24519259025998,30.939157860123167,0,-1,2018,34,0.13424657534246576,0.3628067374229431,0.32488131523132324,286.90000000000003,276.91333333333336,,
-85.06067012986222,30.829398131819254,0,-1,2019,132,-0.0019175455417066154,0.17667371034622192,0.0983930304646492,307.7,291.99333333333334,,
-85.07437800713834,29.942527762813427,0,-1,2018,186,0.35085255767301904,0.18808138370513916,0.0877937376499176,300.5,,,
-90.48188985932204,31.565250581570325,0,-1,2020,313,0.15114745449749406,0.280662477016449,0.3027162551879883,292.74,281.836,16.1,31.1
-77.64813871584838,34.92540063381383,0,-1,2019,352,0.016577403723539913,0.6445370316505432,0.8961183428764343,284.55,279.23,5.300000000000001,10.0
-92.12947053246319,35.17504665529288,0,-1,2018,19,-0.18746280499900814,0.23302654922008514,0.264064759016037,276.9866666666667,261.24,6.6000000000000005,14.700000000000001
-91.42444302570235,37.14331204462646,0,-1,2017,306,-0.040429887410440124,0.16846412420272827,0.18325434625148773,297.22,277.336,8.1,16.3
-94.10738044533426,36.277604203563776,0,-1,2020,130,0.24759955926334015,0.33320167660713196,0.3722805976867676,297.4066666666667,284.12,19.0,38.6
-81.46385030844759,26.02464100374829,0,-1,2017,45,0.148014440433213,0.06866386532783508,0.09609182178974152,299.1433333333333,287.9566666666667,16.900000000000002,42.1
-76.20124082729572,36.75902313296606,0,-1,2018,244,0.30561236082708476,0.3851465582847595,0.3690909147262573,307.264,297.135,22.3,50.0
-90.92076351221496,31.828856385206606,0,-1,2018,7,0.02443550881534179,0.2013692557811737,0.2528247833251953,279.5933333333333,270.08,4.4,15.4
-88.76215307456394,31.593134877428,0,-1,2020,109,0.30507706255666367,0.2848585844039917,0.24388974905014038,292.844,287.76,31.0,46.400000000000006
-92.05749656836596,37.219191724854916,0,-1,2020,63,-0.16404675534058846,0.4423464834690094,0.46857860684394836,287.58,274.75,9.700000000000001,17.400000000000002
-78.89293950821997,35.233516226076965,0,-1,2017,36,-0.15617615467239526,0.16476891934871674,0.12297634035348892,284.56,272.932,6.4,19.0
-77.61327839925296,37.11300349831363,0,-1,2017,257,0.36343115124153497,0.15366336703300476,0.17511025071144104,296.5,286.55,28.1,50.1
-77.56088819540598,35.28496585086417,0,-1,2019,164,0.13637065637065637,0.20409096777439117,0.18637487292289734,,,20.200000000000003,54.400000000000006
-86.59723450306211,34.93383221803505,0,-1,2020,41,0.10738808019774787,0.4626552164554596,0.47466903924942017,281.68,275.84000000000003,8.700000000000001,12.200000000000001
-82.14411089134016,28.713357849854095,0,-1,2019,62,0.010429703796412181,0.15002864599227905,0.09852451831102371,295.744,289.255,13.9,31.3
-84.89826256747898,37.61677394208904,0,-1,2018,41,,0.47415196895599365,0.46915730834007263,,,,
-81.73754181741096,29.399633510153137,0,-1,2019,73,0.025176233635448138,0.15837635099887848,0.11993134021759033,295.49333333333334,285.2266666666667,10.8,37.9
-89.96192681616762,32.141091318979505,0,-1,2018,71,-0.21939552076538377,0.30647554993629456,0.33407148718833923,288.63599999999997,274.63,7.9,29.400000000000002
-88.33245002174529,35.203712540333115,0,-1,2020,111,0.2171919770773639,0.3894510269165039,0.4062104821205139,292.0833333333333,278.93333333333334,22.700000000000003,45.7
-82.32987856147426,28.3352748664863,0,-1,2018,252,0.26448275862068965,0.29548799991607666,0.12056262791156769,302.08,295.6,25.700000000000003,43.0
-84.53465360180469,35.13662616203138,0,-1,2020,315,0.061714285714285715,0.35958433151245117,0.38038352131843567,291.87666666666667,284.29200000000003,8.4,22.200000000000003
-84.47221068994872,34.95943051023069,0,-1,2018,181,0.31505944517833556,0.2277194857597351,0.20990467071533203,300.16,291.49,,
-82.24282816967082,27.674254204448104,0,-1,2020,320,0.12477148080438757,0.17654810845851898,0.09484738856554031,299.2,293.92,16.2,26.700000000000003
-89.44208094774174,31.319910446710992,0,-1,2018,22,0.02055137844611529,0.2552412152290344,0.24225860834121704,284.168,274.19599999999997,8.5,18.0
-86.36282479785379,31.050185410100305,0,-1,2018,75,0.1295060080106809,0.5956528186798096,0.8871374726295471,290.0,278.765,17.900000000000002,36.800000000000004
-92.58015560742056,34.75970351449042,0,-1,2019,73,-0.16711229946524064,0.4952904284000397,0.5243197679519653,294.08,278.13,8.0,35.4
-84.02133266351875,33.787083884266295,0,-1,2018,232,0.23824829248694254,0.2300918698310852,0.21631023287773132,304.19,293.74,33.6,57.5
-82.55335106237628,29.504493168737163,0,-1,2017,113,-0.07399287476020827,0.08599170297384262,0.033964160829782486,307.08,290.448,10.0,56.1
-86.15013602102239,32.71028759402124,0,-1,2020,60,-0.05027932960893855,0.4956374168395996,0.520963728427887,286.045,274.1333333333333,10.4,21.0
-89.24804195607815,35.52854307680186,0,-1,2020,115,0.25483241709522964,0.37974634766578674,0.40571680665016174,293.628,283.3,29.1,43.0
-90.64187624263079,36.789351648954145,0,-1,2018,100,-0.2360052073647015,0.2642921507358551,0.28533482551574707,287.73,274.16,10.700000000000001,34.5
-87.46971275215884,33.16804026037122,0,-1,2018,111,0.2961481793306672,0.32653483748435974,0.3584981858730316,297.7966666666667,280.3466666666667,31.5,49.800000000000004
-89.63779900952687,31.25020117224226,0,-1,2019,220,0.33572030328559394,0.14452940225601196,0.18415752053260803,303.04,295.76,,
-86.96113858230653,36.362302657576784,0,-1,2019,226,0.24128731032182757,0.2570961117744446,0.31536126136779785,301.35,294.36,36.9,60.6
-85.67431152974959,37.33522586274946,0,-1,2020,98,0.13776445110777943,0.4750954210758209,0.5062070488929749,295.89,280.36,17.8,37.800000000000004
-82.45764817880747,37.08859407299244,0,-1,2017,51,-0.18878900052882072,0.24343685805797577,0.2585844397544861,283.74666666666667,275.6,8.5,20.6
-86.64830641777189,33.877455631808374,0,-1,2018,169,0.19273060476481368,0.22449810802936554,0.20650216937065125,300.47,294.96,,
-78.65051555529439,36.587186763154506,0,-1,2017,262,0.18795131008871466,0.18108396232128143,0.2535799741744995,298.82,291.16,32.0,50.5
-81.58483004854185,32.2369698540065,0,-1,2020,80,0.21714723143659095,0.2234679013490677,0.17177234590053558,301.56,292.02,24.5,34.4
-93.21127916878015,31.31604901521112,0,-1,2018,77,0.037866158609192666,0.41219672560691833,0.4091651737689972,287.52,281.095,12.100000000000001,36.5
-90.9665179114658,31.776972323306175,0,-1,2020,121,0.33247041420118345,0.36377161741256714,0.39327576756477356,295.355,287.31,44.1,64.9
-86.79245052761807,36.44807280501073,0,-1,2019,52,0.12381951731374606,0.4781292974948883,0.498376727104187,286.14,,8.3,13.3
-94.25492675607009,32.31604277349979,0,-1,2017,16,-0.036053130929791274,0.29987668991088867,0.2495642602443695,,281.7666666666667,,
-93.06536080942642,33.59144097517488,0,-1,2018,275,0.3378089716203845,0.2234496772289276,0.29311537742614746,299.26,292.44,,
-85.4654562824016,32.17940836663054,0,-1,2018,43,-0.09247094492167761,0.25722503662109375,0.22358767688274384,290.05,276.87,,
-85.12650183213515,31.125565965444764,0,-1,2018,175,0.28560401389424933,0.125686913728714,0.11138598620891571,304.735,297.1666666666667,34.7,66.2
-85.48894717912262,31.431822108798652,0,-1,2018,319,0.023351648351648352,0.2012786865234375,0.1440407782793045,291.46,292.54,9.3,19.1
-78.57466556011003,34.8045652908154,0,-1,2018,77,0.1435361216730038,0.19375188648700714,0.1703346073627472,290.67,276.2,13.3,29.0
-82.27846322290645,34.33316321227719,0,-1,2017,63,0.04756425009589567,0.3804425895214081,0.3967161178588867,291.296,278.96,11.4,29.700000000000003
-87.70055836381259,33.239002774709334,0,-1,2019,81,-0.05219206680584551,0.3551838994026184,0.3851402699947357,291.48333333333335,280.2866666666667,9.5,37.7
-93.90257560569324,31.501951465554377,0,-1,2020,134,0.3266965322714452,0.31967177987098694,0.3281882405281067,297.26,287.29,26.200000000000003,50.800000000000004
-89.02851511437079,33.659814742673,0,-1,2019,24,-9.233610341643582E-4,0.3446495532989502,0.34318938851356506,277.83,270.64,7.2,11.4
-90.19576365708575,31.271702530964845,0,-1,2017,265,0.13351375732972484,0.2145427167415619,0.2513376772403717,301.1466666666667,293.90000000000003,36.0,58.6
-82.03460341595377,37.68961223324422,0,-1,2017,90,-0.18455114822546972,0.2615564465522766,0.21751366555690765,290.99,284.4533333333333,12.0,28.0
-93.31436388697125,30.75188477904181,0,-1,2017,39,0.2822344917180903,0.3221699595451355,0.3538002669811249,295.40000000000003,284.43333333333334,16.900000000000002,27.5
-82.45995923804105,36.1329587655378,0,-1,2018,73,-0.05134751773049646,0.3240521252155304,0.3440840244293213,,278.3,10.8,28.3
-91.4573430443512,31.546183757286826,0,-1,2017,52,0.1261744966442953,0.3104606866836548,0.34575796127319336,290.955,280.5866666666667,11.700000000000001,32.2
-90.06029931361815,31.82257176013753,0,-1,2020,268,0.35303186022610483,0.23814301192760468,0.24745970964431763,300.42,291.66,,
-87.39280141573393,35.649971431801895,0,-1,2018,56,-0.17384221549918547,0.394293874502182,0.4143904745578766,291.14,286.62,12.200000000000001,20.6
-89.23546256114015,31.13633604136925,0,-1,2018,52,,0.2830905020236969,0.25467628240585327,292.40000000000003,289.3333333333333,,
-90.57927885602363,36.71502507604858,0,-1,2017,67,-0.16184615384615383,0.2427484393119812,0.30059531331062317,290.916,276.38,7.300000000000001,27.0
-89.68054625307732,31.243630346264645,0,-1,2020,300,0.22511653413764737,0.21866415441036224,0.19296742975711823,299.24,291.8266666666667,18.3,33.5
-92.2334340887266,29.882176695010894,0,-1,2020,349,0.029721955896452542,0.7280107140541077,0.9116752743721008,290.12,283.716,,
-82.92865400484807,35.71673805678016,0,-1,2019,101,5.837711617046118E-4,0.2445434033870697,0.30055925250053406,298.44,282.22,15.200000000000001,33.2
-86.82498536437245,32.46964132474357,0,-1,2020,143,0.3305393586005831,0.2508523464202881,0.19705359637737274,301.7,290.68,51.5,62.7
-76.88075210602548,37.48055678935964,0,-1,2018,343,,0.2832249104976654,0.2806173264980316,279.71,289.52,3.5,7.6000000000000005
-81.28428212446228,32.751571202181225,0,-1,2018,202,0.3153871718178797,0.2054692953824997,0.18297022581100464,302.72,292.90000000000003,69.0,77.10000000000001
-85.88324910927825,36.64382405685861,0,-1,2019,319,-0.08777309313913377,0.25232556462287903,0.2745460867881775,283.935,272.35,,
-94.34595695796996,33.59009279807616,0,-1,2018,131,0.21451051846943847,0.3213091492652893,0.40285131335258484,299.968,290.232,23.400000000000002,59.300000000000004
-87.72930257858205,31.313955581003057,0,-1,2020,96,0.20275791624106232,0.39006268978118896,0.4029477834701538,295.11333333333334,288.84000000000003,20.400000000000002,44.0
-79.970214910689,33.435760662592706,0,-1,2020,71,-0.03921936573465941,0.3218238353729248,0.31242063641548157,292.48,277.83,10.200000000000001,28.3
-85.06335258383774,32.99848712062656,0,-1,2020,31,-0.06678992373468916,0.49245938658714294,0.5093724131584167,286.98,275.44,7.5,14.5
-89.53380964465383,29.37575071088182,0,-1,2017,283,0.16526138279932545,,,298.3,296.7133333333333,,
-88.77106771239798,32.556724048657564,0,-1,2017,111,0.20801924619085807,0.28604787588119507,0.3459998071193695,301.08,291.17,40.300000000000004,54.800000000000004
-79.88147604468105,33.38688480154928,0,-1,2017,133,0.296601648904082,0.3040107190608978,0.2964564859867096,300.35,287.632,35.4,62.300000000000004
-94.40746323486104,30.016620782887998,0,-1,2020,3,-0.007410838351088467,0.40741080045700073,0.42814260721206665,288.76,278.98,7.7,20.6
-82.89899407681602,32.95910858144954,0,-1,2020,52,-0.12794117647058822,0.23789304494857788,0.16917799413204193,284.4266666666667,278.66,7.7,16.7
-86.17621526621767,32.84772481572986,0,-1,2019,131,0.25954443375040104,0.23813533782958984,0.19454483687877655,295.5333333333333,287.36,33.800000000000004,54.900000000000006
-81.95672902836681,34.701345107900146,0,-1,2020,152,0.23011963406052077,0.36598798632621765,0.3658607304096222,299.94,292.86,21.700000000000003,46.300000000000004
-81.24029798652457,34.25937193723004,0,-1,2019,65,-0.08339447297627782,0.34133365750312805,0.3306170403957367,,277.7066666666667,8.200000000000001,26.900000000000002
-92.22821081053812,36.54578065290954,0,-1,2017,292,0.04437869822485207,0.21112805604934692,0.24712790548801422,296.5885714285714,286.79,12.8,28.700000000000003
-87.57957208770067,32.95132428147085,0,-1,2020,117,0.2618393960192176,0.3678126633167267,0.3949008285999298,295.56,286.66400000000004,28.3,42.300000000000004
-86.23647033417373,35.93715155912749,0,-1,2017,65,-0.06564428651580326,0.2935771942138672,0.3301476538181305,288.445,274.7666666666667,8.3,26.400000000000002
-81.82735839996302,37.86401600579562,0,-1,2017,32,-0.16280587275693312,0.2566663920879364,0.2684054374694824,285.24,,5.300000000000001,10.8
-81.3774633551837,33.76978428979373,0,-1,2020,112,-0.06193895870736086,0.1569959670305252,0.09191547334194183,298.17333333333335,285.184,13.8,43.400000000000006
-91.89040712464669,33.22382533416182,0,-1,2019,42,,0.4139379858970642,0.42518356442451477,,283.8,9.0,16.5
-92.05778401900609,33.982376199215665,0,-1,2017,80,0.02843966179861645,0.33769604563713074,0.36591365933418274,294.88,290.48,9.700000000000001,38.2
-78.81307499086654,34.094696570646335,0,-1,2018,62,0.0020049008687903764,0.1538543850183487,0.14839132130146027,292.27,284.33,10.200000000000001,28.400000000000002
-86.80761657066702,30.85309055794595,0,-1,2018,138,0.08618699499807618,0.484477162361145,0.7397759556770325,306.72400000000005,291.885,26.700000000000003,50.6
-83.41706643972479,30.735390957568434,0,-1,2020,218,0.2639807576668671,0.18235820531845093,0.16810284554958344,303.54,297.14,44.1,61.300000000000004
-88.84761109302421,34.92249200318442,0,-1,2019,299,0.2540960844209942,0.32102346420288086,0.32345277070999146,293.095,279.23333333333335,10.9,19.6
-93.02686315593711,31.16740530034548,0,-1,2019,146,0.22215810732833238,0.3291812241077423,0.35790082812309265,303.64,295.772,52.0,78.4
-77.57343182990996,36.67027513451522,0,-1,2019,46,0.15206185567010308,0.39280644059181213,0.4108954071998596,285.18,282.42,5.800000000000001,13.700000000000001
-86.5136675250692,35.43001333886533,0,-1,2019,232,0.22837265577737448,0.27633002400398254,0.3419186770915985,303.27,293.8333333333333,29.5,61.400000000000006
-90.38801137083271,31.84843770979521,0,-1,2020,190,0.23065498291994654,0.36212122440338135,0.3490787446498871,,290.74,,
-85.0757165612501,37.27359069492429,0,-1,2020,42,,0.400968998670578,0.4246087372303009,277.42,,,
-86.89113400246495,33.67210669152355,0,-1,2017,33,0.03445875391576749,0.3074406683444977,0.2937317192554474,284.22400000000005,279.144,8.4,16.900000000000002
-79.36701211338621,35.94612158571738,0,-1,2019,126,0.1437088170693442,0.37583106756210327,0.3690953254699707,299.05,291.12,31.400000000000002,53.2
-89.41775313922831,37.43528414506653,0,-1,2017,53,-0.14935212548306434,0.2336650788784027,0.2735878825187683,287.04,273.55,10.3,17.900000000000002
-76.67041061066985,35.71502276836514,0,-1,2017,307,-0.0026905829596412557,0.48152610659599304,0.8380318880081177,296.88,280.7657142857143,8.3,23.200000000000003
-91.65611827583739,32.96405548394267,0,-1,2017,264,0.024480837413472904,0.1381148099899292,0.19748228788375854,301.38,293.99428571428575,13.3,44.800000000000004
-86.8684754448766,36.660171893505684,0,-1,2019,63,-0.01946647440519106,0.45953741669654846,0.4814485013484955,,274.95,8.700000000000001,17.8
-91.36071233731049,31.93778032266259,0,-1,2018,97,-0.13556190156223752,0.3557271659374237,0.36261269450187683,298.648,284.7,11.3,34.1
-78.58959987474945,34.05188499951153,0,-1,2017,345,0.17239263803680982,0.21469902992248535,0.20731626451015472,285.6066666666667,278.74,7.2,16.3
-83.0555868285622,29.356404791716816,0,-1,2018,72,0.17328699106256207,0.13856112957000732,0.06839277595281601,290.9733333333333,282.212,22.200000000000003,36.5
-76.44317471200678,37.154702496413115,0,-1,2019,24,0.08691308691308691,0.4275352954864502,0.43046966195106506,276.74666666666667,270.0333333333333,5.7,9.5
-83.05727194567937,33.84499805395669,0,-1,2018,94,0.0812274368231047,0.3423222601413727,0.35904842615127563,294.11,286.125,11.700000000000001,40.400000000000006
-93.4645603315732,35.67609866293911,0,-1,2017,82,-0.1778270509977827,0.3445340692996979,0.3922734558582306,296.50666666666666,286.4533333333333,13.8,32.300000000000004
-87.70841615847482,34.91012788565474,0,-1,2018,49,-0.1298959946890905,0.3845246136188507,0.4197348356246948,287.46,288.76,15.4,24.8
-80.36319881646727,35.30366233229587,0,-1,2018,12,-0.1017989417989418,0.36786988377571106,0.320533812046051,272.365,272.6066666666667,6.6000000000000005,12.9
-89.33393243943841,35.184110108526546,0,-1,2020,231,0.34314176245210726,0.1165878176689148,0.2089255154132843,302.2,294.67333333333335,33.300000000000004,58.6
-89.43957441421784,32.911881060801065,0,-1,2019,318,0.07080745341614907,0.30356669425964355,0.3282764256000519,288.15000000000003,274.7,8.1,19.8
-77.06518013149383,36.18037943556104,0,-1,2018,139,0.10969030969030968,0.3305363357067108,0.30184459686279297,302.6533333333333,293.18,,
-93.18161774039282,33.0746697374097,0,-1,2020,133,0.2166885923698553,0.3975924551486969,0.40632492303848267,295.468,285.244,40.0,56.5
-91.13456198604861,30.929605699975017,0,-1,2018,76,0.1296843061548944,0.35974249243736267,0.362486869096756,290.06,277.7733333333333,16.8,35.800000000000004
-86.89130616007276,31.14006872157193,0,-1,2019,0,0.3300822919841512,0.3412644863128662,0.34829846024513245,286.22,280.21,,
-81.25908274214731,35.20286307750007,0,-1,2019,135,0.2652052085050272,0.39410606026649475,0.41924893856048584,,288.26,,
-89.802435736383,34.743968280816084,0,-1,2017,284,0.08133387555917039,0.1864326298236847,0.25455912947654724,302.3933333333333,289.74666666666667,11.700000000000001,39.0
-85.26117623021955,32.421894740556475,0,-1,2018,129,0.19745649263721554,0.14592571556568146,0.1733502447605133,302.18571428571425,288.04,,
-92.2494400264948,34.53481705577345,0,-1,2019,1,-0.15440942375039796,0.40688979625701904,0.4356076419353485,281.22,278.89,6.4,9.700000000000001
-88.73918552751572,31.02382277258959,0,-1,2017,48,0.18654607122668174,0.6062252521514893,0.8850642442703247,290.05333333333334,282.72285714285715,11.4,27.700000000000003
-83.67667600423117,33.47073329427202,0,-1,2020,45,0.22364532019704433,0.49285754561424255,0.5169352889060974,284.02,271.12,10.4,17.400000000000002
-82.93116333690011,29.22292033973555,0,-1,2019,289,0.2830188679245283,0.19637645781040192,0.10385405272245407,301.30400000000003,292.112,23.900000000000002,31.1
-86.7624363659357,32.91490947082933,0,-1,2020,130,0.17115663816744636,0.35859230160713196,0.3860745429992676,297.44666666666666,286.14,29.900000000000002,53.6
-90.74489356611605,37.25868430859808,0,-1,2017,337,-0.1913721890775585,0.17089463770389557,0.21706846356391907,290.29200000000003,278.3,5.0,16.2
-81.73581554379979,37.61866481886681,0,-1,2019,262,0.24850042844901457,0.06933547556400299,0.1048429012298584,300.79333333333335,291.51,23.3,47.5
-90.47651470090773,37.64895959593633,0,-1,2020,52,-0.15132605304212168,0.3583154082298279,0.3662605285644531,279.184,265.67,7.800000000000001,13.100000000000001
-83.32476996793514,32.473848475844704,0,-1,2019,279,0.09778410245984956,0.05997057631611824,0.1201096922159195,306.3833333333333,296.04,17.1,48.2
-89.27993194954347,31.490392428601364,0,-1,2020,105,0.22567287784679088,0.28419774770736694,0.28903475403785706,292.45,288.06,26.5,46.800000000000004
-90.10139408700098,35.16242480169575,0,-1,2020,62,0.008863819500402902,0.49914559721946716,0.5209066271781921,285.2133333333333,278.18,,
-90.05658935065078,30.002015514104663,0,-1,2020,287,0.06551643739799487,0.18749013543128967,0.2501111626625061,306.8466666666667,297.3,,
-83.82708658857356,33.486845034565484,0,-1,2020,256,0.28636255075232864,0.30153530836105347,0.3193908631801605,301.23,292.464,28.1,52.900000000000006
-85.0645343958624,33.22406446934526,0,-1,2020,251,0.3082099596231494,0.27129048109054565,0.3369407057762146,300.5166666666667,294.488,30.400000000000002,55.2
-91.75981719617361,30.01817147525145,0,-1,2019,269,0.117968094038623,0.1945326328277588,0.2782425880432129,305.54400000000004,294.92400000000004,13.100000000000001,55.0
-91.56907469837454,37.38989937137121,0,-1,2019,185,0.32867865246989003,0.28180310130119324,0.2682495415210724,300.708,293.996,,
-89.23784081634447,31.865985695620907,0,-1,2019,316,0.13767735155018393,0.22844794392585754,0.199571430683136,292.152,279.40500000000003,10.0,22.5
-90.70346607361138,32.22330621647704,0,-1,2018,60,-0.05788423153692615,0.3048310875892639,0.32986485958099365,296.89,289.68,11.600000000000001,30.5
-86.87898115850885,34.33634816365638,0,-1,2020,80,-0.011175496688741722,0.3474913537502289,0.2827342748641968,,286.40000000000003,,
-90.26977290187763,33.800005558114535,0,-1,2020,18,-0.12353923205342238,0.4081874191761017,0.4227229952812195,,272.92,7.1000000000000005,10.100000000000001
-82.65551634841162,32.98501283913834,0,-1,2017,346,-0.14421364985163204,0.17494191229343414,0.18583527207374573,284.85333333333335,276.485,5.800000000000001,15.3
-93.49013286841947,30.485944010489494,0,-1,2020,143,0.2742824558068808,0.23736357688903809,0.28787392377853394,303.1666666666667,294.35,44.0,58.5
-78.30124837007922,35.98140464843111,0,-1,2017,2,,0.3002641797065735,0.25883814692497253,276.02,277.848,,
-86.35391804778229,32.27711787154474,0,-1,2020,2,-0.006258381761287439,0.37477344274520874,0.34397539496421814,288.55,279.74,11.100000000000001,22.700000000000003
-80.3650627155712,37.69305723690114,0,-1,2020,225,0.3413028413028413,0.14811263978481293,0.16700169444084167,297.5,292.29333333333335,,
-84.52030336354709,30.62033189019378,0,-1,2020,63,0.039272030651340994,0.2654666006565094,0.24976758658885956,290.79,278.55333333333334,,
-82.22989123599274,30.25622828490481,0,-1,2020,339,0.2223433242506812,0.18022654950618744,0.11783044785261154,287.82,284.98,8.700000000000001,20.3
-80.99797097119995,35.730498635129145,0,-1,2019,218,0.24142781783013892,0.26748499274253845,0.322015643119812,302.09000000000003,292.92,41.900000000000006,65.8
-86.24491539548863,36.65587889849779,0,-1,2018,98,-0.06356655290102389,0.38210511207580566,0.40360698103904724,283.14,272.9533333333333,,
-82.20353128762429,27.10070601675431,0,-1,2017,85,0.0772748056698674,0.06946992874145508,0.04123818129301071,301.3066666666667,287.8,16.5,54.800000000000004
-90.58305420098058,29.424253924006884,0,-1,2020,46,0.2125237191650854,0.42531076073646545,0.4573834538459778,288.91,287.06,,
-86.26812833196334,34.817046253957415,0,-1,2018,43,-0.08847736625514403,0.46047210693359375,0.48396363854408264,281.78000000000003,274.6,,
-79.99010125236632,34.24652738151321,0,-1,2019,129,0.10384615384615385,0.16481710970401764,0.17765112221240997,300.41,291.42,21.200000000000003,50.1
-88.02830883190921,31.82252930329805,0,-1,2018,77,-0.040401625627540044,0.35177192091941833,0.3471534550189972,289.5133333333333,278.13,12.3,28.6
-90.09881651213998,30.428451198033798,0,-1,2020,20,-0.028272894898586354,0.36907657980918884,0.3982224464416504,282.63,280.06,,
-86.4932430498259,34.16152708440469,0,-1,2020,40,-0.1652972450459159,0.4542257487773895,0.4762150049209595,284.86,276.91333333333336,,
-84.57372274253908,36.06721407181739,0,-1,2019,207,0.31681069623349095,0.30976781249046326,0.3599610924720764,298.49333333333334,290.32,37.0,58.900000000000006
-78.98955462663531,36.608991976120016,0,-1,2018,46,-0.021247429746401644,0.3298514783382416,0.34068748354911804,281.41,272.67,,
-86.058216752671,33.26988314983046,0,-1,2018,216,0.34345281638624725,0.1515841782093048,0.19006404280662537,302.86,293.36,34.300000000000004,48.800000000000004
-90.24512515855093,32.80278217504201,0,-1,2018,143,0.265281173594132,0.3381562829017639,0.3221314549446106,301.15500000000003,293.88,45.6,53.400000000000006
-90.53353931031906,33.76797814060491,0,-1,2019,0,-0.10114550329027541,0.4228074550628662,0.42678967118263245,283.90000000000003,276.04,,
-84.58370026513286,35.852293763072545,0,-1,2017,135,0.3287029559037312,0.2773664593696594,0.3135407269001007,297.34000000000003,288.34000000000003,27.400000000000002,59.6
-78.77838682209513,34.398693676470224,0,-1,2020,152,0.11233333333333333,0.30690595507621765,0.2856605350971222,303.06,294.6,21.900000000000002,36.0
-80.01919828561542,34.15983379102285,0,-1,2018,39,-0.050359712230215826,0.213304340839386,0.19953565299510956,289.04,275.90500000000003,6.1000000000000005,16.2
-88.15198135383565,37.61063953091441,0,-1,2017,100,-0.017672557519173057,0.27645933628082275,0.3396984040737152,289.8866666666667,273.93,10.100000000000001,40.400000000000006
-77.95918954633947,35.320012182525275,0,-1,2020,259,0.253857535404777,0.15588784217834473,0.14104269444942474,297.46,293.18,,
-90.49967298224469,32.54597646451751,0,-1,2020,100,0.319634703196347,0.3234873414039612,0.37032777070999146,295.82,295.46,,
-88.01081094962302,37.32384343322876,0,-1,2019,196,0.3251088534107402,0.21900516748428345,0.15331190824508667,298.69,294.1,41.1,56.1
-84.97692273240162,36.08736009706515,0,-1,2020,72,,0.358460009098053,0.4028940796852112,286.1,275.35333333333335,,
-93.36888571944978,32.3078695260913,0,-1,2017,290,0.19912948857453755,0.08099360018968582,0.15526844561100006,297.0628571428571,290.7525,13.200000000000001,32.6
-77.81794495335444,35.3435674259052,0,-1,2020,103,0.19649058673003109,0.15406052768230438,0.15222515165805817,297.48571428571427,281.908,20.700000000000003,41.900000000000006
-89.05696647783998,37.012518917295225,0,-1,2020,200,0.2981882577305544,0.3345344364643097,0.3540082573890686,302.212,295.24,36.300000000000004,60.6
-90.52620848239648,33.0949071097659,0,-1,2019,155,0.017091454272863568,0.43051257729530334,0.48035600781440735,307.095,295.795,,
-84.44795039082696,37.84435533008849,0,-1,2019,74,-0.11178957256928135,0.4311080574989319,0.4652307331562042,,284.96,,
-81.54346339872262,30.923086121634913,0,-1,2018,120,0.053889789303079416,0.534079909324646,0.8683793544769287,298.32,289.18,29.200000000000003,54.7
-92.64379578893649,30.49943368331018,0,-1,2019,101,0.20653297498449452,0.3183349072933197,0.36708757281303406,299.8066666666667,289.62,20.700000000000003,40.400000000000006
-78.55115793539213,35.83703813523674,0,-1,2018,103,0.053849222177901876,0.2558256983757019,0.27615565061569214,294.884,278.84000000000003,11.100000000000001,36.4
-89.17574037722338,37.08193106765973,0,-1,2019,292,4.950495049504951E-4,0.1691707819700241,0.23393715918064117,292.39,281.0514285714286,,
-88.59125982211762,33.10249562704505,0,-1,2018,83,0.10940988835725678,0.4133535623550415,0.4473715126514435,286.89,282.06666666666666,19.900000000000002,37.0
-81.65340235070161,32.871585022811914,0,-1,2018,44,-0.08232189973614776,0.17088261246681213,0.1318780481815338,291.82,279.7266666666667,,
-89.21653373363762,33.374828538079996,0,-1,2019,34,-0.015024038461538462,0.33467069268226624,0.3358839154243469,285.4142857142857,279.13,13.3,20.400000000000002
-76.29998646455591,35.78098093349248,0,-1,2017,70,0.061211544560735805,0.21242372691631317,0.23490488529205322,288.53200000000004,277.744,13.600000000000001,24.200000000000003
-86.60893069048335,34.56643333309971,0,-1,2018,62,-0.10965824665676077,0.3587494194507599,0.38410910964012146,288.93333333333334,280.41,9.0,26.400000000000002
-81.7722730094071,37.37028964786963,0,-1,2020,354,-0.18898623279098872,0.2570191025733948,0.21558034420013428,274.68,,5.9,7.9
-82.61362453092337,29.90360984220084,0,-1,2018,45,-0.07030331530684222,0.19651421904563904,0.13743582367897034,,290.3,,
-78.32823686925371,37.55672990566011,0,-1,2017,59,-0.002271694684234439,0.33186712861061096,0.35259318351745605,292.64,282.87333333333333,8.1,25.1
-91.18330612377925,34.00303067365671,0,-1,2019,47,-0.19722747321991177,0.4872626066207886,0.5102813243865967,282.03000000000003,277.74,10.5,14.600000000000001
-90.18234590831946,35.2649362337868,0,-1,2017,23,-0.08405977584059776,0.32635170221328735,0.34594225883483887,292.18,284.86,,
-84.24874667162757,37.86122624415399,0,-1,2018,60,-2.0437359493153485E-4,0.4529023766517639,0.45181310176849365,290.3,279.23,7.5,20.200000000000003
-86.3696149510584,36.1275514936915,0,-1,2018,184,0.1999363260108246,0.26079437136650085,0.2679719626903534,303.0,296.06,39.1,51.800000000000004
-81.976007456811,29.467436668513717,0,-1,2017,20,0.15040750802667324,0.11774018406867981,0.0662660300731659,294.8914285714286,286.7,15.4,29.700000000000003
-84.95443390281055,36.47179166514737,0,-1,2020,117,0.048155339805825245,0.4586329758167267,0.4782748520374298,291.83,280.18666666666667,,
-88.54530148451326,36.2119124481681,0,-1,2017,152,0.1891722735096229,0.3066924512386322,0.2976025342941284,304.67,289.41,24.6,54.7
-85.3068900553814,37.33918791756774,0,-1,2018,167,-0.0015801628783274583,0.2204221487045288,0.27919521927833557,305.31333333333333,293.14,,
-91.91856294227206,32.47128242666373,0,-1,2017,328,-0.05664674067748363,0.23349624872207642,0.3172001540660858,289.05,287.1533333333333,7.300000000000001,24.6
-91.84427173027366,35.120595635213554,0,-1,2018,23,-0.09445196211096075,0.20103883743286133,0.22440116107463837,282.3666666666667,262.4,6.6000000000000005,15.200000000000001
-82.99174642257806,33.44902009217747,0,-1,2018,24,0.07321178120617111,0.30582836270332336,0.318302184343338,283.2114285714286,275.615,6.6000000000000005,19.200000000000003
-84.26316759333106,31.526352707919333,0,-1,2019,124,0.23974334046276494,0.16121287643909454,0.18485349416732788,299.755,289.324,46.1,63.1
-88.76563537599188,36.14489093309564,0,-1,2019,83,-0.0508414526129318,0.35051387548446655,0.34228596091270447,291.6166666666667,275.964,11.700000000000001,32.2
-77.48363938410702,36.98381540418235,0,-1,2020,67,-0.03640256959314775,0.26857513189315796,0.268876850605011,283.885,276.61,9.9,23.200000000000003
-81.14667178383502,36.409251374292126,0,-1,2019,70,-0.10043468313886983,0.3788739740848541,0.39700809121131897,,275.76,9.3,19.700000000000003
-91.35826730050081,32.898489344907524,0,-1,2020,140,0.08097928436911488,0.24884825944900513,0.30876395106315613,300.05,291.37,,
-77.16101115711953,37.11530055119239,0,-1,2017,106,0.15407577497129735,0.2725495398044586,0.31061139702796936,298.37,285.052,20.3,46.900000000000006
-88.83041025672674,33.207603633425556,0,-1,2017,111,0.23141012289106436,0.24423877894878387,0.3264685571193695,297.848,291.5,,
-80.74651691303637,35.689115646124705,0,-1,2017,256,0.2996092946740695,0.2681659758090973,0.2895406484603882,297.6666666666667,286.068,34.2,42.1
-89.50973699034685,35.99082801592393,0,-1,2017,41,-0.1423290203327172,0.3703548312187195,0.41191262006759644,283.5,267.44,6.9,21.3
-87.29558736339234,33.3707657726867,0,-1,2018,72,-0.010051781906792567,0.3206290006637573,0.3273649513721466,287.608,277.335,7.300000000000001,28.6
-91.72702890524505,33.04745819945291,0,-1,2019,260,0.2667706708268331,0.06836115568876266,0.1717187464237213,303.48285714285714,295.89428571428573,26.400000000000002,56.7
-88.5974559255395,30.96032647690747,0,-1,2019,127,0.3177942012507106,0.20329228043556213,0.21267610788345337,302.0133333333333,292.06,61.800000000000004,66.8
-82.4527223087119,35.29294452934551,0,-1,2020,135,0.25326858423608517,0.23484887182712555,0.2903596758842468,292.365,279.4066666666667,18.8,46.900000000000006
-81.62160014918685,27.847690850183398,0,-1,2018,316,-0.05232837253960634,0.12514668703079224,0.05340823531150818,300.1075,293.35,13.200000000000001,36.9
-91.04962210442964,32.840624223909074,0,-1,2019,16,-0.11147757255936676,0.498989999294281,0.5179600715637207,285.6,279.76,6.9,13.4
-90.24359430030871,37.54877535765527,0,-1,2017,129,0.33344316309719935,0.30455780029296875,0.3274734616279602,297.16333333333336,283.644,50.7,64.3
-89.26789627045501,31.50767902894329,0,-1,2018,69,0.020209871745044693,0.3027966320514679,0.3153056800365448,290.98857142857145,279.1533333333333,10.100000000000001,31.5
-85.5623346782142,34.953892770140016,0,-1,2017,72,-0.13071474565357372,0.30690667033195496,0.2899401783943176,291.15000000000003,279.01,7.9,28.200000000000003
-85.19731710351753,35.73009576191967,0,-1,2020,97,-0.06276150627615062,0.3172966539859772,0.3239351212978363,295.868,281.04,13.200000000000001,35.1
-87.6293643220546,36.75153821661933,0,-1,2019,265,0.0895937673900946,0.10845030844211578,0.23341354727745056,305.79,291.94,14.9,42.400000000000006
-89.79126086041832,31.72701601512283,0,-1,2019,101,0.26533656535521166,0.2809813916683197,0.30226823687553406,297.98,289.59000000000003,22.900000000000002,40.2
-86.59436656084198,32.8741108554527,0,-1,2017,112,0.13930431860191564,0.24795788526535034,0.29936742782592773,300.15714285714284,289.56666666666666,30.200000000000003,54.900000000000006
-77.25214560270442,35.70938683445975,0,-1,2018,99,0.044986887230179545,0.3254286050796509,0.339409202337265,296.6,281.68666666666667,13.700000000000001,35.5
-86.4806675082345,36.94395504235694,0,-1,2018,10,-0.03801478352692714,0.364624947309494,0.35222360491752625,271.9,265.74,,
-80.47195696637236,34.167420701902586,0,-1,2019,62,0.04232651885977541,0.32721370458602905,0.3093704581260681,289.45,284.62,,
-84.09076700285364,35.55159378652476,0,-1,2018,97,-0.023000343288705802,0.4370259940624237,0.46600624918937683,283.44,281.12,,
-85.1816859446459,37.80403408177769,0,-1,2020,295,0.0623598026020637,0.28799521923065186,0.34150591492652893,292.55,281.704,10.8,23.1
-87.65812580459449,33.12800269290965,0,-1,2017,99,0.10701468189233279,0.27083659172058105,0.30980369448661804,297.35,284.225,14.9,51.300000000000004
-81.88102468286033,37.28382823725352,0,-1,2018,356,-0.06970046082949309,0.3187826871871948,0.3292524814605713,282.0933333333333,273.0266666666667,5.4,8.8
-85.48306161405502,36.82486911873147,0,-1,2017,32,-0.12913553895410887,0.3047620952129364,0.3486056327819824,281.14,273.83,,
-82.23511131980443,34.328007335561615,0,-1,2019,287,0.130753377604763,0.10832994431257248,0.1426658034324646,298.23333333333335,288.0,14.600000000000001,37.800000000000004
-85.50968116278477,34.28346662915108,0,-1,2017,339,0.05130315500685871,0.3643772006034851,0.29061073064804077,290.17,279.355,6.6000000000000005,13.5
-89.49056879371678,31.89892792057867,0,-1,2017,279,0.21248260783144504,0.07189702242612839,0.11575230211019516,300.48,291.69,24.400000000000002,46.1
-82.96538683381003,30.98238874608118,0,-1,2020,270,0.22118685630210888,0.19240182638168335,0.15980243682861328,296.48,,21.0,40.800000000000004
-91.81965439252168,34.556006494801906,0,-1,2019,38,-0.05762914302776948,0.3882014751434326,0.39395272731781006,290.58,282.92,,
-91.02317829620755,31.032716820013693,0,-1,2019,67,0.09824469478648153,0.35218751430511475,0.3657221794128418,283.40000000000003,274.58,15.8,28.200000000000003
-82.58459198136144,35.43445737203663,0,-1,2019,32,-0.1721773205975998,0.3681390881538391,0.39682385325431824,277.805,269.8,6.0,13.9
-90.08769522133784,32.893486698339984,0,-1,2019,246,0.31482782853127195,0.1737513542175293,0.2605094611644745,302.62666666666667,294.58285714285716,60.300000000000004,68.10000000000001
-89.0439099763304,36.05402287507578,0,-1,2020,51,-0.07824310520939734,0.4075902998447418,0.4311952292919159,278.32,267.78000000000003,,
-94.14611761440796,36.07280889246863,0,-1,2017,36,-0.16188524590163936,0.22391198575496674,0.2773037254810333,284.8266666666667,276.5133333333333,,
-94.43213555171906,36.871540699708994,0,-1,2019,100,0.036100533130236104,0.27064046263694763,0.3911729156970978,298.48,284.85,15.700000000000001,40.7
-81.11849650332519,28.437625364815794,0,-1,2017,114,0.06285714285714286,0.05185753479599953,0.029276857152581215,,287.2666666666667,,
-87.24119623429726,34.73243531218844,0,-1,2019,46,-0.08902575587905935,0.43931522965431213,0.4526434540748596,280.73,274.74,8.4,11.9
-94.22121072452234,35.26096986796058,0,-1,2018,42,-0.1933772022925069,0.23445220291614532,0.2669989764690399,283.42,274.85333333333335,,
-79.42905040677648,35.510466406330785,0,-1,2018,60,0.03123399897593446,0.3645234704017639,0.28372228145599365,290.59000000000003,288.2,8.0,24.5
-84.95704564909072,36.45405773964603,0,-1,2018,126,0.21071301880099327,0.4334616959095001,0.4591473937034607,295.78000000000003,284.07,18.3,49.5
-80.71350589760125,35.684828503129495,0,-1,2020,2,-0.024938216131206472,0.38588184118270874,0.37388262152671814,284.53000000000003,277.14,10.5,19.0
-82.89639576438151,37.461561273801266,0,-1,2020,86,-0.23143115942028986,0.4049673080444336,0.4429645240306854,295.84000000000003,278.47,12.8,25.200000000000003
-89.80666966645943,35.92611774238225,0,-1,2018,35,-0.19208252021187622,0.3937469720840454,0.4098629057407379,279.13,271.1,,
-88.90828127205184,31.620518143013843,0,-1,2017,177,0.28763089005235604,0.722713828086853,0.909620463848114,298.0,290.94,35.4,59.7
-76.55757693205776,36.590014614646634,0,-1,2018,6,0.56269331429931,0.48757582902908325,0.8304815888404846,267.9,265.6933333333333,,
-88.11305024301733,37.65288656602289,0,-1,2018,77,-0.22230950510604872,0.41073188185691833,0.4357765018939972,283.3266666666667,278.535,14.0,22.200000000000003
-81.6055539847428,37.16091516126995,0,-1,2020,267,0.3053016453382084,0.3217529058456421,0.37937337160110474,290.44666666666666,283.225,22.3,34.9
-78.6281201206611,35.0125728113013,0,-1,2018,137,0.0750336473755047,0.30398795008659363,0.22106042504310608,307.445,292.295,,
-83.68828736788065,33.11972984442103,0,-1,2018,268,0.27343516022761305,0.17697063088417053,0.2403271198272705,300.84000000000003,294.14,28.400000000000002,44.300000000000004
-94.31859240851846,32.334950348669864,0,-1,2020,141,-0.024186046511627906,0.32049596309661865,0.3152807056903839,300.05,291.9866666666667,17.7,42.0
-93.30787179277993,37.58372788971372,0,-1,2019,49,-0.16111414527580556,0.38806551694869995,0.3983379602432251,274.56,269.09000000000003,9.4,13.8
-89.29143650439721,29.0532837398651,0,-1,2018,263,0.21199294532627866,0.13720005750656128,0.20054014027118683,301.16,298.89,,
-81.65466787259038,34.293538268526824,0,-1,2020,221,0.2572042240916413,0.1935192197561264,0.23160991072654724,302.92,293.93,48.7,72.0
-81.4040926611989,35.79057641882767,0,-1,2019,109,0.23804971319311663,0.363883376121521,0.3654896318912506,295.96500000000003,282.92,13.8,39.6
-94.23270634025253,35.243268646944564,0,-1,2020,95,0.08261662757362523,0.4019870162010193,0.41181111335754395,293.0866666666667,282.64,15.3,30.700000000000003
-82.81323107591467,31.200321656104734,0,-1,2019,145,0.2894848871860366,0.0701955258846283,0.0702771469950676,306.5766666666667,293.90250000000003,29.3,78.0
-81.73941139653263,26.845270476873214,0,-1,2017,249,0.31351207857711705,0.23218587040901184,0.1375918984413147,302.08,297.1,34.4,48.7
-80.48517663657533,26.618884135256277,0,-1,2020,122,0.21505823627287854,0.42740562558174133,0.7809410691261292,302.26,292.8666666666667,24.3,60.300000000000004
-80.06445918247617,34.04815297661467,0,-1,2019,96,0.10323842642903716,0.4296019375324249,0.4489574134349823,296.04,283.0933333333333,15.3,33.1
-89.98795593265855,35.335748664683095,0,-1,2020,41,-0.08209647495361781,0.4140712320804596,0.44024521112442017,282.7733333333333,276.8333333333333,,
-88.3787094030067,33.51080824465037,0,-1,2019,78,0.04403066812705367,0.29405030608177185,0.3001784384250641,294.31333333333333,283.01,,
-85.68662765691933,31.215297187803024,0,-1,2019,57,0.054159944687716066,0.17155802249908447,0.13461914658546448,293.1933333333333,287.85,15.700000000000001,23.6
-93.34690831053119,34.25178920694756,0,-1,2018,74,0.11351937144405311,0.4583594501018524,0.48634785413742065,288.2233333333333,277.46,10.3,31.400000000000002
-88.8025460152751,37.40928028508569,0,-1,2019,152,0.23732754611688112,0.3288722336292267,0.36572813987731934,300.65500000000003,294.12,32.5,60.800000000000004
-91.46222960404171,34.838026353475755,0,-1,2019,77,-0.06878850102669405,0.408939003944397,0.41502779722213745,289.36,282.19599999999997,7.800000000000001,36.4
-84.44083942998878,32.14188986522645,0,-1,2018,101,0.0844811753902663,0.17642538249492645,0.20273594558238983,297.12666666666667,285.72,,
-90.17049596462145,35.71187325293257,0,-1,2019,201,0.35091926458832934,0.22873654961585999,0.29837557673454285,302.81333333333333,295.34000000000003,42.300000000000004,65.0
-84.58264499431228,33.546666742070926,0,-1,2018,171,0.2827586206896552,0.3727912902832031,0.40378764271736145,307.08,294.74,29.1,57.7
-89.78444452922808,34.96696773262397,0,-1,2020,359,-0.07802178182467416,0.29561397433280945,0.33216145634651184,283.8933333333333,272.77,5.4,11.9
-87.18872984473343,35.76949231522253,0,-1,2020,343,0.008508914100486223,0.263315349817276,0.29571670293807983,283.67,273.34000000000003,5.0,13.3
-77.99128486766674,35.042905971709786,0,-1,2019,232,0.27475538160469665,0.20192816853523254,0.1666257083415985,306.22,293.46,31.6,50.800000000000004
-89.8241295508925,33.09500534250432,0,-1,2019,198,0.33716160787530763,0.2778032422065735,0.3142874538898468,300.64,295.0,,
-89.60539449554832,29.786819558916072,0,-1,2018,267,0.09369024856596558,0.5452410578727722,0.8663268685340881,304.8,298.5866666666667,,
-84.76862925102793,36.652216870026756,0,-1,2017,143,0.3276212605286088,0.3038361370563507,0.3428804874420166,301.32,291.44666666666666,32.5,49.2
-90.45979410412927,34.34702241558879,0,-1,2018,136,-0.10034513613703183,0.1555337905883789,0.2844434082508087,311.44,293.81428571428575,5.300000000000001,57.0
-80.99383617561891,26.07675347996647,0,-1,2020,52,0.05641025641025641,0.07523434609174728,0.10280226171016693,298.7,293.36,,
-79.42129225672956,37.757344558553825,0,-1,2019,112,0.22753488372093023,0.4817090630531311,0.5193194150924683,289.71,279.795,,
-90.69061309919788,37.22056551336471,0,-1,2017,12,-0.156452029997414,0.22031095623970032,0.22836780548095703,274.64,261.94,5.7,7.1000000000000005
-80.64995555292325,26.431589549380693,0,-1,2017,151,0.29380392156862745,0.41268104314804077,0.7855594754219055,303.375,296.62,24.6,60.1
-83.65951624295646,32.81839302961505,0,-1,2017,243,0.07701837703902539,0.16964009404182434,0.09540979564189911,309.06,298.16,,
-94.41943406006597,31.01607215679125,0,-1,2017,108,,0.23142272233963013,0.2038789540529251,295.92,290.2733333333333,,
-82.76606655047242,34.71505204184914,0,-1,2017,350,-0.08027270727952496,0.34773147106170654,0.3658696115016937,283.2966666666667,272.7833333333333,6.1000000000000005,14.0
-85.41653175751816,31.57862427187993,0,-1,2017,258,0.3617245005257624,0.15381847321987152,0.09100344777107239,298.016,290.18,29.3,53.400000000000006
-77.44468362512703,34.9294363127961,0,-1,2020,91,0.16061026352288488,0.6317044496536255,0.8863577246665955,294.58,283.48,18.5,34.9
-93.36240608645464,34.4400404522323,0,-1,2020,101,0.1665903890160183,0.47949716448783875,0.49990755319595337,288.58,289.97,16.5,35.6
-93.10325563816231,31.68178744024903,0,-1,2018,11,0.24680432645034414,0.32493841648101807,0.33765289187431335,283.33,268.64,5.9,14.100000000000001
-81.76538687009136,35.012534981273454,0,-1,2017,61,-0.11305872042068361,0.2517052888870239,0.25967273116111755,291.8266666666667,281.17,9.1,30.0
-85.09536164745286,29.86297551653164,0,-1,2017,144,0.2643873433850074,0.32491567730903625,0.34332096576690674,,292.02,,
-91.68348948560222,34.04067590276426,0,-1,2019,69,-0.13497355713957232,0.5248503684997559,0.5532864928245544,283.45,271.72,,
-87.0775686437001,34.522459055078436,0,-1,2020,256,0.33187294633077763,0.18331021070480347,0.19414672255516052,301.24,292.776,28.700000000000003,56.400000000000006
-81.51139652781798,37.34822063767254,0,-1,2018,83,,0.3181387186050415,0.2786703407764435,283.0866666666667,270.03000000000003,11.4,20.900000000000002
-83.7537002562723,37.56942870386231,0,-1,2020,83,-0.09035979126613568,0.4277959167957306,0.45108550786972046,,,13.5,24.3
-89.20799430072435,37.60263654715711,0,-1,2018,343,-0.16260845228099635,0.2475193291902542,0.2856222093105316,283.12,284.38,,
-93.63584473539163,29.77726043757562,0,-1,2020,356,0.006622516556291391,,,286.62,279.97,,
-88.1173923202819,32.21608144210497,0,-1,2017,264,0.16794200563834072,0.1658247709274292,0.24374693632125854,300.41,293.13599999999997,30.1,50.7
-81.92438649403552,34.45332945234741,0,-1,2018,3,0.07068860450944546,0.3198626637458801,0.34853890538215637,279.35333333333335,271.7,3.0,12.4
-83.39804980640953,36.07413963772939,0,-1,2020,81,,0.4420524537563324,0.4661983549594879,,,16.5,31.5
-91.90184685465111,34.8721267553725,0,-1,2017,33,-0.1674380615300844,0.2064885050058365,0.2428894340991974,285.728,274.56666666666666,10.100000000000001,19.1
-90.56503032257615,32.53116595839202,0,-1,2019,64,-0.06429942418426103,0.3435666263103485,0.38396066427230835,287.58,271.94,12.200000000000001,19.3
-82.00396145106001,27.761806853615923,0,-1,2020,172,0.19854014598540146,0.13873638212680817,0.06888936460018158,304.6,295.54,13.4,60.400000000000006
-93.32288417562555,33.67831833280296,0,-1,2020,183,,0.345121294260025,0.3629071116447449,300.38,295.19,18.1,27.3
-85.15438292493229,30.83865691262353,0,-1,2019,32,-0.03405811044833558,0.3182123303413391,0.23532481491565704,286.03000000000003,275.06333333333333,6.2,17.400000000000002
-86.48637049308073,32.78404761570829,0,-1,2019,204,0.2951826705463951,0.12207967042922974,0.14137911796569824,302.51,296.54,,
-84.48024773565218,36.67874258587296,0,-1,2018,70,-0.13388429752066117,0.36695295572280884,0.41073188185691833,287.58,275.18,8.700000000000001,18.3
-89.57267257933461,32.33536528346432,0,-1,2020,46,-0.032327586206896554,0.5160089731216431,0.5418561100959778,285.79333333333335,277.87333333333333,8.5,16.1
-81.86009893314085,36.55036459713313,0,-1,2020,0,-0.014302280633938926,0.2715892195701599,0.292673259973526,284.74,275.88,4.0,9.3
-91.62725315803739,32.316751703690365,0,-1,2020,69,,0.43190670013427734,0.4426439702510834,288.6,282.71,,
-87.26814513069161,32.05429975823327,0,-1,2020,67,-0.21335952848722986,0.38075774908065796,0.407060444355011,285.0866666666667,282.68,12.100000000000001,30.6
-89.61566047741663,37.66049207362566,0,-1,2019,13,-0.11777032690695725,0.465268075466156,0.48098036646842957,279.8866666666667,274.07,5.1000000000000005,7.5
-81.02961757766879,26.855584100048155,0,-1,2017,350,0.2679075014100395,0.21034134924411774,0.13155564665794373,289.716,287.72,10.100000000000001,29.5
-85.19187064510106,34.90222753420631,0,-1,2019,350,0.045463812436289504,0.43085289001464844,0.4342576265335083,283.24,271.82,6.0,11.3
-78.22609667139916,35.433736745911084,0,-1,2019,85,0.04468599033816425,0.27550652623176575,0.2727568447589874,291.61,279.01,10.600000000000001,35.0
-87.56126179290196,36.95286427632368,0,-1,2018,295,0.06586310804993543,0.23566599190235138,0.2609075605869293,290.495,276.62,10.3,25.900000000000002
-81.21505048558772,33.1779094144133,0,-1,2020,35,0.07891949152542373,0.2589873671531677,0.25454530119895935,287.77,279.09000000000003,7.1000000000000005,18.0
-85.65469049097145,37.5579551334419,0,-1,2018,199,0.2508227214193733,0.256127268075943,0.3428972363471985,301.58,293.7866666666667,26.1,68.4
-81.45572297213552,34.35008644271402,0,-1,2020,192,0.3375700934579439,0.2052544206380844,0.2149241715669632,304.1533333333333,294.90000000000003,32.5,57.2
-91.45508391958063,30.646010101896454,0,-1,2018,2,-0.07485354740724669,0.2757905423641205,0.32160887122154236,281.09000000000003,269.62,5.9,15.600000000000001
-87.28341175482437,30.638693897185952,0,-1,2017,77,-0.08741923223109084,0.13357342779636383,0.10912837833166122,292.695,281.09200000000004,14.700000000000001,42.900000000000006
-83.50483652937424,34.54421418195242,0,-1,2018,176,0.35168,0.42345014214515686,0.41762593388557434,301.74285714285713,293.62,33.5,68.7
-81.09404019708737,36.3303507167303,0,-1,2019,84,0.051976720850893034,0.3467158079147339,0.34214869141578674,290.6,276.32,10.0,32.800000000000004
-82.52893231287555,31.755929850101975,0,-1,2019,233,,0.13018490374088287,0.10162799805402756,301.28000000000003,,,
-84.74965497671577,34.509306389663465,0,-1,2018,259,0.30241187384044527,0.16366395354270935,0.1922522336244583,303.75,293.79,28.1,55.1
-84.3298733124617,37.86004845052321,0,-1,2020,133,0.24086320918900103,0.4831637442111969,0.5080094933509827,291.06,277.81,16.7,38.2
-85.98340946131121,33.51549370690791,0,-1,2017,143,0.3004724409448819,0.3022492229938507,0.2901461124420166,305.088,292.755,42.2,54.900000000000006
-77.46837832945221,36.35363951303379,0,-1,2020,123,0.13902662993572085,0.38509759306907654,0.4095083773136139,296.89,283.7866666666667,15.9,45.1
-86.47138626413285,32.81882399712265,0,-1,2019,23,-0.03288314738696418,0.36698809266090393,0.25970521569252014,281.8,273.61333333333334,6.4,12.100000000000001
-80.85386395544778,28.41848973275545,0,-1,2017,97,0.00779532280631621,0.05922400578856468,0.057227395474910736,301.6933333333333,290.98571428571427,16.3,60.1
-90.48605066848035,31.349473006150745,0,-1,2019,266,0.25380434782608696,0.15227378904819489,0.22665773332118988,303.584,294.05,25.6,53.900000000000006
-83.83464125228441,33.29803785095481,0,-1,2020,139,0.3936275479912923,0.43405085802078247,0.4266110062599182,295.29333333333335,284.48,33.7,51.6
-93.95393780945219,31.143361449353268,0,-1,2017,172,,0.16167157888412476,0.20452339947223663,300.5,296.32,,
-93.48543877709795,30.63889562457579,0,-1,2020,138,0.4011250540891389,0.34297797083854675,0.3333984315395355,297.92,286.72,36.7,52.7
-92.46772171157806,32.15760774859174,0,-1,2020,68,0.2237442922374429,0.44181129336357117,0.45857512950897217,289.00666666666666,281.38,18.2,34.1
-85.89845043316424,34.42594854755383,0,-1,2017,84,0.046887502000320054,0.26421090960502625,0.2457028180360794,295.47,280.24,14.200000000000001,35.9
-81.45313074046062,28.05365118734889,0,-1,2017,70,0.06925207756232687,0.06960146874189377,0.041102997958660126,297.5833333333333,288.79,,
-93.09904882749946,36.48961440950736,0,-1,2018,225,,0.3145757019519806,0.3662917912006378,302.55,295.55,,
-81.15689387412645,26.76350143570598,0,-1,2017,146,0.07540983606557378,0.09199271351099014,0.07167239487171173,310.1333333333333,295.92,19.8,58.6
-79.97680916628806,32.70962203634085,0,-1,2020,152,0.40826785104202257,0.20406170189380646,0.0975501760840416,300.4866666666667,295.84000000000003,36.9,47.900000000000006
-82.33183407867064,32.72004788305854,0,-1,2020,49,-0.030010952902519168,0.30337175726890564,0.24307936429977417,286.83,279.02,9.600000000000001,17.2
-81.24760543887197,33.52660217045694,0,-1,2019,269,0.16491928773506406,0.06861710548400879,0.1316971778869629,304.7275,290.5114285714286,24.0,47.6
-85.94656300055804,30.91367002370945,0,-1,2019,116,0.25650195058517555,0.2390015423297882,0.19405056536197662,298.99,285.345,31.700000000000003,56.6
-91.71032348452127,29.97113827600423,0,-1,2018,66,0.07784854918612881,0.4132842719554901,0.4520445168018341,296.332,285.14,,
-92.17649086191147,36.231424256766786,0,-1,2020,126,0.2647725291964441,0.4100171625614166,0.4398212730884552,295.485,287.1,33.2,52.6
-88.721704306206,32.15773594272288,0,-1,2018,161,0.11037844036697247,0.14526382088661194,0.19516542553901672,308.285,292.23333333333335,,
-76.69323766557143,35.58199242340313,0,-1,2017,326,0.1503017004936917,0.5267553329467773,0.845354437828064,288.11333333333334,276.66,7.9,17.0
-94.14414856099995,36.15315651174403,0,-1,2020,97,0.10835558946966807,0.4156853258609772,0.4457612931728363,290.24,281.6666666666667,14.0,30.8
-78.51558091974586,37.50240933906279,0,-1,2017,294,0.1970195047118124,0.22002950310707092,0.27003350853919983,293.145,284.0233333333333,23.400000000000002,30.6
-92.60966090147367,35.59216032685787,0,-1,2017,51,-0.15170603674540684,0.36532407999038696,0.3630766272544861,287.36,281.49333333333334,11.200000000000001,22.5
-79.17137860019035,35.50093326963368,0,-1,2020,95,0.08955223880597014,0.3460788130760193,0.36896443367004395,296.875,282.1933333333333,17.2,38.1
-88.09004342686717,31.30411930509848,0,-1,2018,309,0.20368171021377673,0.3193497657775879,0.34149396419525146,296.31333333333333,287.06,12.9,22.3
-88.24300861199393,34.11236101460668,0,-1,2020,106,0.3076540755467197,0.3815854787826538,0.4121793806552887,290.768,278.14,26.5,48.300000000000004
-88.10687564792975,33.29473762905075,0,-1,2017,290,0.32582902342561604,0.12991328537464142,0.17003895342350006,294.69,288.93666666666667,13.200000000000001,31.700000000000003
-88.9640883413059,35.82545762255196,0,-1,2017,6,-0.07555262289673376,0.2815687954425812,0.31860288977622986,279.27,275.88,6.5,8.8
-83.35075914282521,33.796415161359505,0,-1,2019,305,0.13318616629874908,0.2836388051509857,0.32178011536598206,292.9266666666667,283.16,8.4,22.5
-90.94737411205413,35.28233676232801,0,-1,2017,50,-0.11862100249489681,0.19865749776363373,0.2566661536693573,285.77,281.875,11.8,24.700000000000003
-79.36814109579574,34.812131272186086,0,-1,2017,77,-0.08521870286576169,0.284452348947525,0.21090450882911682,287.99333333333334,273.996,8.0,33.2
-92.6148397858885,35.726378188585464,0,-1,2017,165,0.34104581212401663,0.3710632920265198,0.3855073153972626,296.47,290.1257142857143,41.1,60.900000000000006
-85.64099250590016,33.467030868549486,0,-1,2017,74,-0.09466437177280551,0.32442691922187805,0.3249022960662842,295.68,278.09000000000003,10.700000000000001,33.6
-84.57484246278028,34.94250231501742,0,-1,2020,72,-0.20096153846153847,0.321228563785553,0.2821665406227112,285.09000000000003,278.24666666666667,11.200000000000001,21.3
-88.11092448417772,36.27354623615082,0,-1,2020,100,0.05136138613861386,0.3852549195289612,0.42538148164749146,296.0466666666667,283.43333333333334,,
-91.2279276503554,32.381424489767916,0,-1,2019,298,-0.13933584388907908,0.38212043046951294,0.3711015582084656,296.575,286.71,13.0,24.0
-81.72638808131985,33.78661928235803,0,-1,2018,351,0.2830427892234548,0.29016029834747314,0.27907249331474304,285.67333333333335,277.31333333333333,5.4,10.9
-89.16664564175699,33.075504426392484,0,-1,2019,111,0.268783542039356,0.3521478474140167,0.38119345903396606,295.745,280.4266666666667,25.5,49.400000000000006
-91.48122656067792,37.708247024894156,0,-1,2017,344,-0.20355891075761662,0.0953766480088234,0.13527652621269226,283.5333333333333,271.16,5.7,15.9
-92.38349023622132,33.31216461621453,0,-1,2020,75,,0.420230507850647,0.4360739290714264,,,,
-90.55276565773475,32.71018724080156,0,-1,2020,251,0.1294546660036466,0.08623188734054565,0.2112082690000534,305.94666666666666,296.40000000000003,17.8,52.5
-91.72879693268676,31.01711279744393,0,-1,2020,93,0.13941018766756033,0.417171835899353,0.4691547155380249,300.23,292.68,17.0,37.4
-92.95113656391155,32.62039373962803,0,-1,2017,11,0.14610498161150118,0.2249695360660553,0.27855783700942993,272.52,282.0,,
-89.63522668602207,36.63292546944035,0,-1,2019,38,-0.17888888888888888,0.3076350688934326,0.26663339138031006,289.8,284.66,,
-81.75816581194094,35.111076375337,0,-1,2020,224,0.2729336107433327,0.20081546902656555,0.2119571566581726,302.888,294.56,31.700000000000003,64.8
-81.6654257096068,27.468597594543148,0,-1,2017,133,-0.18173030449492508,0.04772409424185753,0.030465267598628998,313.54,289.06333333333333,,
-79.77410545609268,33.480656868307896,0,-1,2018,7,0.021975246274311695,0.1920308768749237,0.1934375911951065,274.96,273.76,,
-88.922679240585,34.82845173968573,0,-1,2020,290,0.05003940110323089,0.29082003235816956,0.3473978340625763,294.7066666666667,287.90000000000003,8.6,35.4
-85.88378610914108,33.69581793467147,0,-1,2019,343,0.011356466876971609,0.276092529296875,0.3001645505428314,288.5733333333333,277.03000000000003,7.9,14.100000000000001
-88.96526299562998,36.416472792963106,0,-1,2017,84,0.08707865168539326,0.35161325335502625,0.3400631844997406,292.24666666666667,283.748,,
-79.28493479586196,34.527736535344886,0,-1,2017,111,0.19097281586596,0.18601123988628387,0.2698279321193695,302.695,289.945,18.400000000000002,49.800000000000004
-86.26015152835338,32.6927597973585,0,-1,2020,63,-0.02474381404648838,0.510705828666687,0.5351069569587708,287.93333333333334,273.12,10.3,21.0
-80.61443871690322,33.397557073182085,0,-1,2020,124,0.34181184668989545,0.22185924649238586,0.25155627727508545,298.94666666666666,286.3566666666667,44.0,63.5
-79.67672070226926,35.409229677504094,0,-1,2020,86,0.04149286498353458,0.4243764877319336,0.4394244849681854,300.66,282.04,16.8,29.1
-93.56154042630007,31.243349988413417,0,-1,2019,267,0.276979293544458,0.14877234399318695,0.22074459493160248,300.075,296.40000000000003,32.0,53.5
-87.97508052684061,37.76026580530717,0,-1,2017,68,-1.7608733932030288E-4,0.311713844537735,0.35904669761657715,289.584,276.04,7.5,21.400000000000002
-77.89051909625252,34.66307564563477,0,-1,2020,50,0.24128540305010893,0.7589961886405945,0.9179827570915222,285.49,276.78000000000003,9.200000000000001,15.600000000000001
-80.90168170492902,28.553541843573054,0,-1,2020,160,-0.007016878437322208,0.2063712328672409,0.14757870137691498,303.0,,22.8,33.9
-82.48676994842558,27.998759226323187,0,-1,2019,360,0.1030186871106852,0.21094703674316406,0.16342516243457794,296.94666666666666,,11.100000000000001,20.3
-91.66903752596717,34.49680258635601,0,-1,2017,135,0.4356921957431326,0.4684064984321594,0.5045807361602783,299.01,291.252,45.1,63.6
-93.24044781261837,31.388692797454812,0,-1,2018,110,0.26454293628808867,0.40849053859710693,0.42841705679893494,293.91,285.71714285714285,32.0,50.800000000000004
-90.46499189432345,37.49649076702928,0,-1,2019,68,-0.06701708278580815,0.38424262404441833,0.40396755933761597,273.06,,11.4,17.400000000000002
-84.26214116179793,33.135213327009524,0,-1,2019,260,0.16183107672469374,0.19311702251434326,0.2707788050174713,305.73,294.5342857142857,25.200000000000003,58.0
-81.39259676060325,34.85786593061366,0,-1,2017,79,-0.04564729358942379,0.26122385263442993,0.27230164408683777,288.97,276.16,8.1,33.9
-83.7688172825435,32.812171702140894,0,-1,2017,245,0.2610082961072112,0.1524968445301056,0.07228592783212662,301.96,286.94,,
-94.03341692175708,34.80207855359011,0,-1,2020,116,0.15283842794759825,0.4787903130054474,0.5141975283622742,296.8866666666667,285.7,,
-82.02321124335097,28.386762075725397,0,-1,2020,83,0.11631944444444445,0.077606700360775,0.044759199023246765,300.56,291.97200000000004,,
-89.8877741405517,36.726554529327245,0,-1,2018,23,-5.327650506126798E-4,0.15593385696411133,0.16989676654338837,272.38,,5.0,9.600000000000001
-76.64796066264431,35.22783199103695,0,-1,2017,62,0.1205179282868526,0.2798520028591156,0.3011350929737091,292.36,288.02,11.700000000000001,28.3
-84.09105156775338,30.674387416983066,0,-1,2017,135,0.0061162079510703364,0.10845165699720383,0.16882635653018951,305.652,290.245,22.900000000000002,67.4
-82.4673204742555,34.518050237467016,0,-1,2017,44,-0.11477071193311375,0.3848270773887634,0.4061404764652252,288.228,278.955,6.300000000000001,26.8
-79.98771169580257,33.51088588218522,0,-1,2017,190,0.31358189081225035,0.6407240629196167,0.8689904808998108,304.035,297.43,34.800000000000004,56.800000000000004
-79.88798771068628,34.840120269787036,0,-1,2020,146,0.3350331463539011,0.20697857439517975,0.13228245079517365,298.66,291.49333333333334,20.900000000000002,40.400000000000006
-84.70433975597372,31.41818698915481,0,-1,2017,84,-0.044286279161724,0.13200877606868744,0.1968136578798294,301.90000000000003,286.112,,
-82.9110434328818,35.36305766926666,0,-1,2020,121,0.06287683031869079,0.30017298460006714,0.31624940037727356,289.0266666666667,282.58,17.8,48.300000000000004
-93.67716038185195,34.55408187202683,0,-1,2019,109,0.20572825707300035,0.478629469871521,0.4951283037662506,296.24,283.43,27.5,43.900000000000006
-87.2017848500836,32.85073648501488,0,-1,2017,245,0.24703651019440492,0.2164616882801056,0.24608352780342102,300.72,288.86,35.5,53.2
-88.12355725280867,34.965703769975754,0,-1,2018,346,-0.0462085308056872,0.2744300365447998,0.28394970297813416,278.54,271.58,,
-78.78976512786252,36.580218783127066,0,-1,2017,122,0.3153000845308538,0.3260302245616913,0.36491599678993225,295.6,291.0,27.5,55.2
-83.82208858964101,32.81791120121988,0,-1,2018,141,,0.2847402095794678,0.29432469606399536,298.15000000000003,,18.5,35.9
-76.89385154061169,37.072824130726325,0,-1,2020,48,0.0904040404040404,0.4132126569747925,0.4267105460166931,280.5866666666667,,7.0,12.9
-81.29655259430314,28.773559419714488,0,-1,2020,104,0.20397629516344867,0.059703707695007324,0.035813555121421814,310.0,295.94,,
-89.82470511548192,36.392343568614166,0,-1,2019,251,0.39312457454050376,0.2841269373893738,0.3492579162120819,302.0966666666667,294.28000000000003,33.1,53.5
-80.24571270208608,33.973366823842056,0,-1,2017,4,0.07490144546649145,0.20993806421756744,0.1768990010023117,282.71,274.79,6.800000000000001,11.100000000000001
-89.84944658890377,36.08941458616253,0,-1,2019,261,0.23592608508809626,0.0829438641667366,0.2419877052307129,308.7971428571429,294.545,16.7,52.300000000000004
-93.1974757519613,29.884118497409908,0,-1,2017,1,0.20715350223546944,0.47593241930007935,0.491181880235672,294.46,,,
-84.44213103726698,34.569181185169235,0,-1,2019,299,0.31637843336724314,0.21555471420288086,0.17477113008499146,292.0266666666667,282.66,10.700000000000001,19.1
-86.93932833860494,36.26199267713221,0,-1,2019,165,,0.18126673996448517,0.2548791468143463,288.91,288.26,24.3,51.2
-84.21039834416565,34.34762042176789,0,-1,2019,334,-0.10005652911249294,0.1997329592704773,0.18779192864894867,286.896,277.38,6.4,17.2
-81.19632622621502,27.88041347547891,0,-1,2020,249,0.1524403354117394,0.12238071113824844,0.09060581028461456,301.4566666666667,297.90000000000003,21.6,35.2
-80.6024177572597,32.56968616704849,0,-1,2019,70,0.041044776119402986,0.5473309755325317,0.8691760301589966,,,,
-92.51508685134304,31.31443865344503,0,-1,2020,62,-0.06444833625218914,0.40539559721946716,0.4083578288555145,292.072,278.235,9.3,21.700000000000003
-80.81162625117672,36.936489270850394,0,-1,2020,218,0.26402743142144636,0.3150486350059509,0.31025370955467224,300.06,292.76,37.7,63.0
-84.29120438688943,32.867341635414945,0,-1,2019,169,0.33438541118709453,0.4380156993865967,0.4043726325035095,303.3366666666667,290.12,,
-87.56612425048304,31.761636857528536,0,-1,2018,124,0.3475632791839819,0.18170671164989471,0.2511458694934845,297.596,288.87666666666667,37.0,63.6
-82.63693050876023,34.75445212090407,0,-1,2018,132,0.2450732693279434,0.39715486764907837,0.4227142035961151,302.11333333333334,290.36,35.5,58.900000000000006
-90.52809115214501,29.945396439784606,0,-1,2018,35,-0.1857707509881423,0.6939178705215454,0.9047359824180603,285.12666666666667,279.48,12.700000000000001,20.8
-84.79420452740078,32.90910363817399,0,-1,2018,60,-0.08182288969445883,0.4521699547767639,0.45156896114349365,292.35333333333335,288.435,,
-87.22577030986494,36.41790762060285,0,-1,2018,114,0.12252042007001167,0.4486564099788666,0.4796083867549896,294.04,280.3,17.1,40.2
-92.72553554108455,35.747359611377405,0,-1,2017,230,0.16064400715563507,0.3025067448616028,0.3357272148132324,299.85,,,
-79.17615596963084,34.31205921462562,0,-1,2018,17,-0.10047846889952153,0.23162540793418884,0.20016272366046906,279.8666666666667,281.132,,
-80.35345150322253,37.2030978720137,0,-1,2020,329,0.09308351604544549,0.4417365491390228,0.4643642008304596,283.19428571428574,274.79333333333335,,
-91.11677596772672,31.22591163714881,0,-1,2017,343,0.26433313216656606,0.21089720726013184,0.23647843301296234,276.24,,8.3,14.8
-90.08886036459162,37.335717875011035,0,-1,2017,19,-0.18298368298368298,0.2873744070529938,0.2566617727279663,,,5.6000000000000005,9.1
-82.79103203581553,35.60218456658803,0,-1,2020,270,0.3385939741750359,0.26430124044418335,0.2686281204223633,287.5,280.64,24.400000000000002,36.300000000000004
-94.0383930875916,35.47254521430995,0,-1,2018,10,-0.2223021582733813,0.2025766223669052,0.22020456194877625,278.188,271.4428571428571,,
-81.98596504716126,27.438626452390324,0,-1,2020,36,-0.007777322963569382,0.12139318883419037,0.0654161348938942,295.07,282.788,13.5,30.700000000000003
-90.312157363628,36.50594360366683,0,-1,2018,65,0.03070683661645423,0.27094775438308716,0.29890942573547363,287.305,277.844,,
-83.12154424514264,37.55781463705207,0,-1,2017,319,-0.05365262200666869,0.2814434766769409,0.28353309631347656,,274.97,4.9,13.100000000000001
-94.16016523381037,33.18420902636376,0,-1,2018,69,-0.07464138098711402,0.2796032726764679,0.2172832190990448,289.628,280.24,11.700000000000001,32.4
-89.92011819358277,32.83077820360839,0,-1,2017,132,0.4271782912868349,0.3207153081893921,0.2902429699897766,297.79200000000003,287.115,35.2,60.800000000000004
-90.52813407421833,37.57085303097968,0,-1,2019,247,0.2309308678293759,0.17979207634925842,0.2216893583536148,299.82,292.4066666666667,35.300000000000004,58.400000000000006
-81.10905048627141,27.62038904101318,0,-1,2020,254,0.23760432007854687,0.2076384723186493,0.10089050233364105,302.8,296.3866666666667,,
-90.53862641925713,34.16259533123291,0,-1,2017,329,-0.15681351289659895,0.21968112885951996,0.3282538652420044,286.18,275.63714285714286,,
-89.98243874259349,34.699624031307636,0,-1,2019,38,-0.1266022037328536,0.4079768657684326,0.41104257106781006,287.3866666666667,272.88,11.3,18.1
-87.50515875339568,31.432383861432065,0,-1,2017,213,0.26827609656579393,0.39639827609062195,0.76523756980896,301.2666666666667,293.8,56.6,66.3
-90.27427445543198,30.60905794792266,0,-1,2020,75,-0.08080617818798268,0.387881875038147,0.4138571321964264,,287.06,,
-81.92387181163296,27.56782523408475,0,-1,2017,83,0.052999178307313065,0.07154648005962372,0.04343317076563835,301.0314285714286,286.1275,15.3,48.7
-86.18591537724843,32.33475287636576,0,-1,2018,127,0.12667913620132631,0.15867167711257935,0.23715588450431824,308.74,287.915,19.0,57.7
-87.59600788045739,34.72261835018944,0,-1,2018,46,-0.07860508953817154,0.4112723767757416,0.41759178042411804,285.42,271.82,,
-80.7417605775205,34.53873300456423,0,-1,2017,112,0.15900802334062727,0.11480968445539474,0.16655492782592773,300.38,290.17,33.5,54.6
-92.58926177749922,32.80744525041893,0,-1,2017,62,-0.003780718336483932,0.3406430184841156,0.3818235695362091,291.932,283.535,11.9,30.700000000000003
-82.36159782315347,30.663887852467763,0,-1,2019,52,0.31868131868131866,0.7356976866722107,0.912195086479187,295.53000000000003,285.31,19.8,33.0
-88.95742305197322,36.13847455640451,0,-1,2018,110,0.11943573667711599,0.29984796047210693,0.37311920523643494,296.69,281.305,16.8,35.2
-76.64918442320975,36.19480281468776,0,-1,2019,65,0.024867828470726452,0.34731510281562805,0.3438006341457367,,270.68,9.0,24.1
-90.29531581897415,30.90757261631693,0,-1,2019,16,0.05851482550511677,0.318325936794281,0.3082432448863983,285.3933333333333,278.745,6.7,15.8
-85.12885966548906,30.319767029270484,0,-1,2020,69,-0.1916405433646813,0.28554439544677734,0.2973802983760834,293.005,280.985,16.400000000000002,34.4
-80.7866398174748,35.658121890302475,0,-1,2019,130,0.21785659685063447,0.3562055230140686,0.3624356687068939,298.58,288.93,27.6,49.300000000000004
-87.32418596645229,31.833300754352877,0,-1,2018,98,0.2018754884084397,0.32741761207580566,0.34013041853904724,295.476,283.9533333333333,26.3,43.5
-84.0325910608353,37.768192215927606,0,-1,2020,169,0.35989799171182657,0.32200947403907776,0.3640049397945404,300.6933333333333,290.09000000000003,38.300000000000004,60.2
-80.54097009450786,26.64567494168307,0,-1,2020,214,0.27965328467153283,0.6714356541633606,0.9001501202583313,302.3466666666667,297.3466666666667,29.1,56.5
-89.44859279914662,31.500420705351154,0,-1,2018,9,0.05289672544080604,0.2832053005695343,0.2630292475223541,278.83,273.52,6.800000000000001,14.0
-81.77887657374336,30.48970818963789,0,-1,2019,32,0.17831844779796735,0.2429559826850891,0.20682139694690704,284.995,278.35,7.4,16.7
-89.85571957696298,35.59750418900135,0,-1,2018,116,0.12839059674502712,0.3940707743167877,0.4148091673851013,290.99,284.21500000000003,15.100000000000001,40.7
-84.7275220367716,33.299489442535915,0,-1,2020,14,-0.029918404351767906,0.5106261372566223,0.5262553691864014,287.75,275.03000000000003,7.9,13.100000000000001
-92.04988031741361,31.982071076261914,0,-1,2020,321,0.26389329946014606,0.3170437514781952,0.36157727241516113,293.96,287.9766666666667,12.4,25.700000000000003
-78.40576089477725,36.069749763599155,0,-1,2019,79,-0.0099601593625498,0.3319026529788971,0.3256964087486267,290.8,278.51,10.700000000000001,25.900000000000002
-82.5409157445065,36.37666217635785,0,-1,2020,248,0.26981235197668063,0.38731539249420166,0.41646721959114075,299.79,293.62,23.5,54.7
-88.25584970755835,35.08212982020146,0,-1,2017,47,-0.09175648121176813,0.3246520161628723,0.35198262333869934,285.12666666666667,277.17,6.800000000000001,22.3
-81.93854214625864,27.29468721923935,0,-1,2017,97,0.025600753887231036,0.07529151439666748,0.043051980435848236,306.608,289.69666666666666,28.700000000000003,57.7
-83.68621236298183,34.72589728603171,0,-1,2017,306,0.20012239902080783,0.35388892889022827,0.3821679353713989,289.915,278.508,,
-84.82513927163748,30.47049378789863,0,-1,2018,72,-0.05932565087494665,0.15320956707000732,0.08679487556219101,292.7,279.1,8.9,30.1
-76.05727948345714,36.60713514202939,0,-1,2019,285,-0.05718144979738857,0.1890438199043274,0.25484922528266907,294.42,287.38,10.200000000000001,31.6
-84.00317308456424,31.697798461520573,0,-1,2020,146,0.22256944444444443,0.18219830095767975,0.09669895470142365,301.21,,50.300000000000004,63.2
-86.43915222612674,37.7119892012013,0,-1,2017,80,-0.07895677027509825,0.34831616282463074,0.37226131558418274,284.55333333333334,274.47,9.200000000000001,26.1
-83.50521846602983,32.629667875872926,0,-1,2020,92,0.21417957970706855,0.2769632637500763,0.2717075049877167,296.36,290.68,18.3,42.0
-84.81717399838011,36.09939340249534,0,-1,2019,44,,0.35412484407424927,0.3574799597263336,,,,
-81.96906363429376,34.937816025221345,0,-1,2018,278,0.16334467671366068,0.2956770956516266,0.3460392951965332,303.325,293.08,23.1,48.300000000000004
-91.3566412434219,36.95308947115303,0,-1,2019,246,0.28825928310796306,0.1293177604675293,0.1541862040758133,299.13599999999997,292.07,35.1,57.800000000000004
-88.70700546263517,32.43569415432281,0,-1,2017,171,,0.33603695034980774,0.3490923345088959,303.48,293.29,,
-86.10022344036813,33.45361963436706,0,-1,2017,16,-0.05433526011560694,0.26789426803588867,0.3024207055568695,287.79,283.56666666666666,11.5,18.7
-88.68733883201934,36.25652770755737,0,-1,2018,74,-0.05359985848222183,0.3882910907268524,0.41688984632492065,287.565,272.185,11.700000000000001,23.1
-77.99724223096814,35.20761850684756,0,-1,2017,355,0.07054871220604703,0.2122243046760559,0.19757770001888275,287.485,273.34000000000003,5.4,10.600000000000001
-91.96161178878953,34.36408526341674,0,-1,2020,193,0.3024107415318889,0.24845930933952332,0.2877958118915558,303.42,294.55,36.0,65.2
-93.78343557928737,31.22101622166541,0,-1,2017,252,0.3411111111111111,0.2891445755958557,0.3256330192089081,299.18285714285713,291.13599999999997,32.6,52.0
-88.03366376477051,33.90957370395158,0,-1,2018,135,0.36918696614995256,0.2672173082828522,0.2605477571487427,300.8314285714286,291.63428571428574,64.60000000000001,70.10000000000001
-81.30116953828254,28.45392631156353,0,-1,2020,12,-0.0018744142455482662,0.16415518522262573,0.0829671248793602,293.332,286.72285714285715,,
-88.39361775650104,34.36465063873185,0,-1,2019,76,-0.04680038204393505,0.35901743173599243,0.38876527547836304,287.68666666666667,282.75,,
-90.08135993364847,31.10356246503464,0,-1,2020,94,0.11785297549591599,0.30581343173980713,0.30348777770996094,298.04,288.445,21.3,42.0
-81.55165226149825,30.10459385149089,0,-1,2019,50,0.19179253348532346,0.1903865784406662,0.11215786635875702,298.54,289.5,23.700000000000003,37.7
-88.80800333866372,31.911269238870165,0,-1,2017,3,0.018255578093306288,0.3896147310733795,0.40121638774871826,291.06,,6.2,10.0
-87.2039670669652,35.734745195927744,0,-1,2017,79,-0.11727272727272728,0.30089670419692993,0.35530945658683777,290.87333333333333,274.12,11.9,30.3
-90.86305537293765,34.22221162371214,0,-1,2019,348,-0.08877178759627077,0.4338551461696625,0.4596472680568695,277.52,277.93333333333334,6.6000000000000005,12.100000000000001
-81.46839371893688,36.39481769377962,0,-1,2019,123,-0.009237875288683603,0.3411732017993927,0.3359665870666504,296.04,281.34000000000003,,
-85.82072464575288,34.93172023532726,0,-1,2017,79,-0.18844566712517194,0.41967111825942993,0.46883484721183777,290.1533333333333,277.6,9.600000000000001,29.8
-76.44058005673955,35.941402582461585,0,-1,2017,112,0.26319730438038186,0.25729626417160034,0.27959203720092773,300.455,290.66,29.8,49.0
-88.96078855159163,33.32348233366599,0,-1,2019,43,,0.43126147985458374,0.43185296654701233,,,10.100000000000001,15.5
-92.43908267513036,30.402917896114722,0,-1,2018,55,,0.37436532974243164,0.3851792514324188,,292.432,,
-92.66095193962096,36.20127769827571,0,-1,2018,172,0.11467673430863615,0.23173220455646515,0.27054062485694885,302.99,296.508,,
-79.14609427617735,36.322930279507766,0,-1,2018,103,-0.0661764705882353,0.2056548148393631,0.23343104124069214,295.225,281.5266666666667,11.200000000000001,37.4
-92.43739246511356,29.961175668838,0,-1,2017,182,0.3114449434722007,0.40038904547691345,0.4387859106063843,302.2666666666667,295.91,,
-85.12240187047645,31.78533083519222,0,-1,2018,64,-0.16415362731152205,0.2056288868188858,0.24320051074028015,291.38,288.03000000000003,,
-92.14534701931301,34.638811492396655,0,-1,2018,67,0.26937701082187776,0.37678730487823486,0.40303876996040344,288.04,279.74,12.5,29.8
-88.2042930921909,32.312139683180646,0,-1,2018,207,0.29031065088757396,0.144233837723732,0.22462338209152222,299.85200000000003,296.56,27.1,72.60000000000001
-86.50707679143476,31.26140335811768,0,-1,2018,72,0.014544164597374955,0.23194491863250732,0.2444791942834854,291.255,278.91333333333336,9.4,27.900000000000002
-83.20201085749567,33.499875865173045,0,-1,2018,76,-0.04376094023505876,0.34570440649986267,0.350157767534256,288.73,278.02,11.200000000000001,32.1
-83.85524687337742,32.53223371209273,0,-1,2018,67,-0.04442825928623452,0.19392596185207367,0.22481611371040344,291.80400000000003,280.1,8.3,26.0
-81.04611012558772,25.133302719719456,0,-1,2020,123,0.20251356755212796,0.15884026885032654,0.2216421514749527,300.192,295.61333333333334,,
-91.46481646266705,31.977972918828247,0,-1,2017,76,-0.09730761076955692,0.18915797770023346,0.2606184780597687,296.3466666666667,,13.8,40.0
-89.91680469987446,29.642014746254837,0,-1,2018,54,0.07199511897498474,0.6224970817565918,0.8800540566444397,291.72,291.755,,
-85.84312215040968,36.85587427146526,0,-1,2018,16,0.6884519523677651,0.2907010316848755,0.3002152740955353,279.94,,5.4,6.9
-82.29220805941968,33.32187854853053,0,-1,2020,252,-0.048046875,0.13266126811504364,0.06865815818309784,306.18,294.3366666666667,15.9,50.400000000000006
-78.91588569769299,36.6800759474019,0,-1,2020,94,0.09992810927390366,0.35134565830230713,0.40675926208496094,292.18,281.38,13.600000000000001,37.5
-83.82060751388333,37.51320123770947,0,-1,2020,327,-0.10873337189126663,0.31794050335884094,0.27554312348365784,286.935,276.16,4.9,15.0
-88.16321877231634,34.14289422631037,0,-1,2018,37,0.06670516892867456,0.2950928509235382,0.3024144172668457,279.365,275.06,5.800000000000001,17.3
-92.10951783023374,31.849388466532368,0,-1,2019,83,0.17602386764307024,0.40300410985946655,0.43457111716270447,291.5966666666667,279.48,12.3,38.400000000000006
-76.9932533673551,36.64247088343294,0,-1,2019,22,-0.12353422416143987,0.2699090838432312,0.26861053705215454,278.515,273.1066666666667,6.300000000000001,9.8
-85.70979018786312,35.75784436975134,0,-1,2019,347,-0.02680965147453083,0.39412325620651245,0.37423083186149597,279.38,275.72,5.5,9.5
-80.34630757581756,34.40428452099424,0,-1,2017,78,-0.08762458471760798,0.13797913491725922,0.06994711607694626,290.85333333333335,275.508,8.4,34.0
-92.36775414971389,35.057436795271386,0,-1,2020,133,0.21851417071943652,0.4007662832736969,0.37849289178848267,295.93,284.848,25.6,47.7
-84.09458423725567,31.010216423532846,0,-1,2017,61,-0.060201757240481615,0.20830930769443512,0.21420153975486755,300.64,286.18,6.7,36.5
-77.85639636765615,34.71235655586118,0,-1,2017,95,0.19033078880407125,0.6113342046737671,0.8843687176704407,296.355,285.97200000000004,26.400000000000002,42.800000000000004
-94.47932410270832,37.33626747339428,0,-1,2017,59,-0.14964191481341876,0.25459662079811096,0.29094767570495605,289.52,278.25333333333333,7.7,23.6
-84.88734871744113,36.61836296282761,0,-1,2017,252,0.3277376537185243,0.2769375443458557,0.3499250113964081,294.024,287.845,26.5,40.300000000000004
-81.52423156336617,28.59435578588833,0,-1,2019,93,0.13407378024593417,0.10762327909469604,0.046215422451496124,299.495,288.32,,
-86.69235913190545,35.24675632938977,0,-1,2019,344,-0.007002484752654168,0.41371607780456543,0.41358551383018494,287.91333333333336,276.15000000000003,6.4,10.8
-80.39823498321368,26.54126909469477,0,-1,2017,96,0.036744609778317644,0.34928473830223083,0.7270953059196472,302.2866666666667,292.964,,
-82.80182211633178,35.54025635376259,0,-1,2018,176,0.3325107958050586,0.34410443902015686,0.33718159794807434,302.33,290.54,37.1,64.3
-90.819062588237,31.42844135319088,0,-1,2020,147,0.3736243238201828,0.3276550769805908,0.31819605827331543,299.84000000000003,294.0,,
-81.98197312863174,28.079383508301504,0,-1,2018,286,0.14327363598500625,0.13615934550762177,0.0759197548031807,304.66,296.13,,
-85.67929633294133,32.51503811355475,0,-1,2020,22,0.05710102489019034,0.1847471296787262,0.1355855017900467,283.1066666666667,272.56,7.2,16.1
-81.87330241273087,37.806221916346786,0,-1,2018,99,-0.258974358974359,0.2774549722671509,0.275078147649765,282.77,273.58,10.600000000000001,35.6
-83.10283311330909,33.967538452442696,0,-1,2017,68,0.08443177769861061,0.379584938287735,0.41751837730407715,292.5314285714286,278.27500000000003,12.0,31.1
-91.41684024627295,36.52645462385205,0,-1,2017,63,-0.16219577189554094,0.3301496207714081,0.3614377975463867,290.1166666666667,275.49,7.9,24.400000000000002
-77.99321989211498,36.125603558104096,0,-1,2020,137,0.2139617432459081,0.18556275963783264,0.2154826521873474,295.28400000000005,284.22,25.700000000000003,42.800000000000004
-89.33291854255438,32.258517039742614,0,-1,2019,168,0.3239929947460595,0.3173675239086151,0.3463517725467682,299.3,291.8,,
-92.40634209398246,36.595913639446024,0,-1,2020,254,0.10071942446043165,0.3201262652873993,0.37783750891685486,302.695,293.78000000000003,27.400000000000002,48.7
-87.48197239336386,36.75013185776865,0,-1,2017,235,0.38095238095238093,0.2169855535030365,0.266691118478775,304.42,292.41,21.400000000000002,49.1
-92.50984802758627,35.33894470090084,0,-1,2019,323,0.2357237715803453,0.22594544291496277,0.2228434532880783,288.08,272.795,,
-88.85213876635676,34.63588512056559,0,-1,2019,263,0.2911508482347547,0.08227212727069855,0.18498650193214417,304.31428571428575,295.6914285714286,23.900000000000002,54.6
-87.03981025600605,36.081246036294274,0,-1,2017,62,-0.07566042575019236,0.3031674325466156,0.3491087257862091,287.43333333333334,284.56666666666666,8.8,24.5
-84.48333531198901,31.847885791535166,0,-1,2019,73,-0.044581091468101464,0.18407215178012848,0.09991180896759033,294.74666666666667,286.42,12.600000000000001,30.200000000000003
-84.86649575237679,32.32038736231848,0,-1,2017,130,0.06203383663816627,0.12470848858356476,0.05938200652599335,301.02,287.668,26.400000000000002,64.60000000000001
-87.67079872668678,33.92886568872789,0,-1,2020,147,0.20907418761496016,0.3058044910430908,0.28096461296081543,302.68,288.5733333333333,30.0,55.2
-93.22888860294556,31.109667422868107,0,-1,2020,356,0.048149178959087116,0.3707057535648346,0.3855299949645996,286.5,275.82,7.4,16.2
-85.93630423114833,32.61035420945341,0,-1,2020,83,0.1767631103074141,0.3060918152332306,0.25217193365097046,,288.57,23.3,45.0
-76.75409923982335,35.96586573759229,0,-1,2020,329,0.12190287413280476,0.23787912726402283,0.2409144788980484,287.75,279.12857142857143,8.0,13.0
-79.77707095885843,34.09868118806135,0,-1,2017,5,-0.02240325865580448,0.22107857465744019,0.20823974907398224,283.16,274.11,6.300000000000001,10.600000000000001
-87.97494615590622,36.70346732893195,0,-1,2019,337,-0.10911074740861974,0.3561282455921173,0.38451555371284485,282.93,275.73333333333335,,
-79.91591706653836,35.768589616370384,0,-1,2019,110,0.30479031409019125,0.4331251382827759,0.44290152192115784,293.03000000000003,285.99333333333334,25.200000000000003,44.900000000000006
-88.63784163639922,33.76117226833687,0,-1,2020,145,0.05428006689980234,0.41283106803894043,0.4153808653354645,310.32,287.46,22.8,50.300000000000004
-93.916590525275,36.6762492252644,0,-1,2018,247,0.2748114630467572,0.15947547554969788,0.240301713347435,302.56,294.3266666666667,30.700000000000003,51.5
