lon,lat,label,cause,year,doy,ndmi,smap_surface,smap_root,lst_day,lst_night,et,pet
-81.984543,36.163747,1,1,2017,34,-0.09432902863559797,0.2533072233200073,0.2724094092845917,279.58,275.3,,
-81.48343889,31.71842222,1,1,2017,89,0.10221835580687255,0.16619965434074402,0.2309495508670807,299.83,287.144,23.200000000000003,49.2
-79.961319,33.430244,1,1,2017,59,-0.07440788094739048,0.19142524898052216,0.21764445304870605,296.9066666666667,284.165,7.1000000000000005,36.9
-80.96811,35.838459,1,1,2018,30,-0.08891825561638664,0.250304639339447,0.2543984055519104,284.9066666666667,273.4266666666667,5.800000000000001,13.9
-79.893097,34.335751,1,1,2018,246,0.20678099743741377,0.0878203958272934,0.12093361467123032,305.536,296.115,31.6,53.400000000000006
-88.136,31.142,1,1,2019,46,-0.03669970533083311,0.26414433121681213,0.2686834931373596,287.0,284.83,13.4,20.1
-81.2914,29.6033,1,1,2020,301,0.019651880965749578,0.14500080049037933,0.08410503715276718,298.76,294.78000000000003,,
-86.183,30.999,1,1,2018,61,0.14905149051490515,0.6367406845092773,0.8963361978530884,297.06,289.9266666666667,16.0,37.4
-80.772838,35.464628,1,1,2018,91,-0.00787746170678337,0.4032253324985504,0.43037211894989014,290.325,279.8466666666667,11.4,34.800000000000004
-87.459,33.527,1,0,2019,229,0.34602899805236964,0.08336590975522995,0.18093636631965637,306.39,295.87333333333333,7.0,66.10000000000001
-79.988377,36.398419,1,1,2019,280,-0.011974744175919878,0.11739993840456009,0.18454864621162415,304.312,293.496,19.3,42.5
-83.34553611,33.03325,1,1,2018,61,-0.12429667519181585,0.21944332122802734,0.2510725259780884,295.205,286.91,10.700000000000001,30.400000000000002
-85.13619444,34.38030556,1,1,2018,260,0.17828200972447325,0.17782001197338104,0.22884821891784668,301.3866666666667,295.3,21.8,54.7
-78.18538,35.780746,1,1,2019,298,0.049558390578999016,0.13956670463085175,0.11420457810163498,295.79,281.31,10.3,24.8
-84.7141,36.13485,1,-1,2019,76,-0.03795866722901729,0.33484750986099243,0.36618226766586304,289.2,275.86,10.200000000000001,31.400000000000002
-79.99865,33.439884,1,1,2020,92,0.1676861421641004,0.2972269356250763,0.2941684424877167,294.29333333333335,289.12,26.700000000000003,42.0
-82.157014,35.40122,1,1,2018,74,0.023995686168778646,0.2944190204143524,0.31239765882492065,285.3933333333333,273.725,10.3,30.5
-78.891594,36.039975,1,1,2018,7,0.009830693610049153,0.2533101737499237,0.2991504669189453,270.75666666666666,265.436,,
-81.628319,33.514584,1,1,2017,8,-0.003264417845484222,0.1928137093782425,0.10467670112848282,281.86,,7.1000000000000005,11.9
-81.473411,35.690999,1,1,2017,272,0.2013143483023001,0.1436169445514679,0.1908806711435318,301.21500000000003,290.80333333333334,23.1,47.800000000000004
-79.354088,33.531643,1,1,2018,16,-0.018075491759702286,0.3250027894973755,0.3292680084705353,280.616,280.97,8.200000000000001,15.600000000000001
-81.9121,30.0704,1,1,2017,93,0.029357421474029973,0.22668243944644928,0.08406058698892593,308.985,289.93428571428575,20.5,50.7
-82.66847778,32.17885,1,1,2019,119,0.0812057321693296,0.10850522667169571,0.15119720995426178,303.768,285.24,17.5,57.800000000000004
-81.546175,35.346134,1,1,2017,191,0.2816878193505851,0.2339513897895813,0.24327117204666138,303.564,294.98,72.2,78.2
-79.53965,34.859868,1,1,2019,193,0.07573517332019057,0.13776050508022308,0.0733775720000267,306.2733333333333,293.84000000000003,,
-77.110033,35.59895,1,1,2019,322,-0.029497299542999584,0.32662466168403625,0.3387700617313385,281.04,275.08,5.9,11.0
-77.950254,36.256428,1,1,2019,153,0.19160926737633063,0.16551637649536133,0.16895318031311035,307.97,295.075,,
-85.5439,30.8005,1,1,2019,270,0.029530486509454005,0.07354994118213654,0.08460911363363266,304.90000000000003,293.04285714285714,20.6,55.1
-88.288,31.498,1,1,2018,60,0.07920227920227921,0.2240815907716751,0.20285069942474365,293.94,289.27,19.5,34.300000000000004
-81.0986,36.18665,1,1,2017,325,-0.13253012048192772,0.263877272605896,0.2768753170967102,286.9733333333333,275.3333333333333,5.6000000000000005,17.6
-83.58139,35.65253,1,1,2017,330,-0.04674530362603757,0.1898626834154129,0.22806330025196075,284.1533333333333,276.66333333333336,5.9,19.6
-82.3857,28.4786,1,1,2017,127,0.17670093000489476,0.12108198553323746,0.16781587898731232,301.015,291.5933333333333,33.0,61.800000000000004
-81.60621944,30.87118611,1,1,2020,77,0.17265125430398426,0.675592303276062,0.8970687389373779,298.415,287.82,27.8,43.400000000000006
-88.158,33.718,1,1,2018,256,0.17609046849757673,0.18909385800361633,0.2230057418346405,300.74,293.64,,
-86.545,33.06,1,1,2017,107,0.13021040095275904,0.22788898646831512,0.2621687054634094,299.112,287.4266666666667,40.800000000000004,57.0
-79.179486,36.00007,1,1,2017,356,-0.004878048780487805,0.2769908607006073,0.30311036109924316,285.3,274.3,5.5,11.600000000000001
-87.505,33.307,1,1,2019,74,-0.011108484991727724,0.3408980965614319,0.3402307331562042,283.34000000000003,278.78000000000003,10.3,35.0
-82.0407,27.6403,1,1,2019,47,-0.03918529997786141,0.16518008708953857,0.11196589469909668,297.556,289.46,13.200000000000001,31.3
-87.331,32.607,1,1,2020,124,0.2700414339758602,0.28655651211738586,0.31497180461883545,297.14285714285717,285.8514285714286,41.300000000000004,64.5
-82.691658,34.480129,1,1,2020,308,0.13790255986787778,0.35539510846138,0.3830399513244629,291.26,282.184,8.4,30.1
-88.37138312,34.72152114,1,1,2017,28,-0.061541879582315044,0.2935042977333069,0.33508485555648804,284.312,275.955,6.9,15.700000000000001
-80.112875,35.500772,1,1,2017,39,-0.06881851400730817,0.3701435923576355,0.3829750716686249,285.13,276.5166666666667,,
-82.31348889,32.57524167,1,1,2020,66,-0.020356234096692113,0.3031497001647949,0.2570955157279968,290.26,276.7066666666667,,
-85.28137222,33.98983889,1,1,2019,335,0.03041735439754775,0.33201950788497925,0.3360830545425415,289.73333333333335,277.7666666666667,,
-78.056408,34.283487,1,1,2018,51,0.02047082906857728,0.204620823264122,0.17896276712417603,291.36,286.32,,
-83.1947,30.4611,1,1,2019,16,-0.17282364278830709,0.2195100039243698,0.17701765894889832,289.09000000000003,278.785,7.0,16.2
-80.14815,35.368606,1,1,2017,53,-0.042150274893097125,0.3589092195034027,0.3876015543937683,293.8066666666667,281.3,9.8,24.6
-81.47983333,32.23316667,1,0,2017,157,0.23686405337781485,0.1985701024532318,0.08718373626470566,301.78000000000003,,43.0,56.6
-80.390587,34.370674,1,1,2017,88,-0.06974921630094044,0.14308758080005646,0.0697844848036766,297.07,283.52,10.9,40.800000000000004
-88.54918651,34.75422855,1,1,2017,100,0.006666666666666667,0.27804625034332275,0.3299327790737152,294.552,284.176,17.6,46.5
-81.0064,36.334917,1,1,2017,362,-0.0979020979020979,0.24008908867835999,0.26320216059684753,275.88,274.295,2.8000000000000003,7.0
-83.5183,35.735,1,1,2019,20,-0.23107702567522506,0.33234933018684387,0.35012924671173096,,,5.7,8.9
-80.329988,36.363708,1,1,2017,22,-0.08668941979522184,0.28748035430908203,0.2575891613960266,286.93,276.21,5.800000000000001,11.100000000000001
-80.151939,36.248387,1,1,2017,362,-0.06430517711171663,0.29935422539711,0.33449122309684753,276.26,,,
-80.400283,35.832483,1,1,2017,49,-0.11339798139718979,0.24406841397285461,0.2777814567089081,288.45428571428573,281.75,10.5,24.200000000000003
-80.533951,32.380894,1,1,2018,74,0.05941784941063267,0.11915656179189682,0.09840840101242065,289.7971428571429,278.7942857142857,14.200000000000001,35.0
-79.216345,34.649073,1,1,2017,319,0.06607929515418502,0.09958922117948532,0.08840368688106537,288.22,278.8666666666667,7.300000000000001,19.1
-83.457621,35.28241,1,1,2019,78,0.0054454367240252665,0.29600343108177185,0.3215407431125641,287.21,276.29,9.700000000000001,29.8
-89.00729539,31.53784579,1,1,2020,315,0.3620424484773916,0.16219663619995117,0.17005637288093567,293.045,284.585,,
-78.13038,34.282389,1,1,2017,91,0.02645263395885146,0.16995468735694885,0.13912126421928406,299.8,285.512,17.3,44.7
-83.1996,29.5402,1,0,2017,233,0.34392085394428534,0.23921996355056763,0.14273647964000702,303.04,297.05333333333334,37.5,50.2
-85.861,34.162,1,1,2019,219,0.2769385699899295,0.17996779084205627,0.21013420820236206,300.816,293.03000000000003,37.5,66.9
-89.88681097,33.0055117,1,1,2017,363,-0.18036529680365296,0.23385311663150787,0.26601794362068176,284.87333333333333,275.28000000000003,3.9000000000000004,9.5
-78.819152,34.421694,1,1,2019,176,0.14085603112840467,0.12343067675828934,0.16162297129631042,305.8666666666667,296.57,30.400000000000002,66.7
-81.6992,28.5362,1,1,2020,135,-0.054265902924329215,0.07014549523591995,0.03054063208401203,308.9971428571429,291.4714285714286,9.0,56.7
-77.127768,36.007372,1,1,2017,262,0.2038948393378773,0.16118650138378143,0.1816195398569107,300.18,291.865,21.700000000000003,48.2
-83.04392222,32.66328611,1,1,2017,88,0.007548845470692718,0.21736736595630646,0.2399505078792572,299.2,290.9666666666667,,
-83.541,31.76316667,1,1,2019,174,0.26726210924081073,0.18701615929603577,0.17385797202587128,305.54,295.06,30.3,57.7
-85.26209167,33.72353611,1,1,2019,255,0.2089728453364817,0.11927266418933868,0.16262103617191315,305.004,294.1542857142857,26.700000000000003,60.5
-80.571415,36.53008,1,1,2020,78,,0.3254905939102173,0.3125167191028595,290.5333333333333,281.38,10.4,18.400000000000002
-80.094345,33.431194,1,1,2019,111,0.21216589861751153,0.23819521069526672,0.23806601762771606,298.132,284.88,30.0,50.6
-83.59307778,32.09822222,1,1,2017,272,0.19080459770114944,0.0881054699420929,0.1116570457816124,301.9485714285714,292.64285714285717,29.900000000000002,53.7
-85.5424,30.2943,1,1,2019,8,-0.06068821689259645,0.2318078577518463,0.106703981757164,292.22,280.54,12.3,19.1
-82.22151667,31.21105556,1,1,2018,60,-0.14974336085695159,0.1277681142091751,0.13302648067474365,297.7666666666667,289.04,12.600000000000001,36.6
-82.020821,35.351262,1,1,2020,105,0.09863429438543247,0.30983251333236694,0.31100741028785706,295.628,283.79333333333335,19.0,46.5
-83.0391,36.506283,1,-1,2019,76,-0.04991394148020654,0.35083872079849243,0.38107484579086304,283.78000000000003,277.2,9.3,29.8
-84.37983333,32.47444444,1,1,2017,38,-0.18951886153151118,0.23383794724941254,0.1046673059463501,294.075,278.07,,
-77.858527,36.021466,1,1,2019,261,0.2907488986784141,0.150662362575531,0.1938920021057129,300.90500000000003,294.57,23.6,48.400000000000006
-79.736382,34.020863,1,1,2018,50,-0.03900375939849624,0.19476671516895294,0.18528157472610474,293.66,,,
-78.93333,35.901729,1,1,2017,107,0.1402390438247012,0.24882404506206512,0.2943952679634094,302.04,287.52,29.200000000000003,50.7
-81.967625,32.347225,1,1,2020,18,-0.019255455712451863,0.2800135910511017,0.2750179171562195,290.3666666666667,287.38,6.2,13.5
-88.8568,36.421117,1,1,2017,342,-0.07865590388586446,0.23059141635894775,0.2631053328514099,283.21,273.61333333333334,,
-85.109,30.9442,1,1,2019,270,-0.10023400936037441,0.061587050557136536,0.04394444450736046,308.82,293.6457142857143,7.4,57.900000000000006
-86.487,33.298,1,1,2018,285,0.23741859088217881,0.13340571522712708,0.2036009430885315,299.63,292.404,11.200000000000001,39.800000000000004
-82.638423,35.827236,1,1,2019,86,-0.0743801652892562,0.2818988561630249,0.3219127655029297,288.69,276.45,8.9,34.300000000000004
-79.145384,36.398049,1,1,2017,39,-0.050359712230215826,0.3219258189201355,0.3296303451061249,284.73,274.06666666666666,6.4,19.1
-81.493524,35.733326,1,1,2019,275,0.10019819423034573,0.13640238344669342,0.19242464005947113,302.2833333333333,292.885,15.0,45.0
-85.31389167,34.02236667,1,1,2019,188,0.19369162455979178,0.16746635735034943,0.18468472361564636,304.204,295.79,52.900000000000006,73.4
-84.7154,30.523,1,1,2017,59,0.02715466351829988,0.19630806148052216,0.21990275382995605,297.28000000000003,286.21,10.700000000000001,36.6
-80.655116,35.924409,1,1,2019,113,0.2913411458333333,0.3665097951889038,0.3908065855503082,294.83,282.61,30.900000000000002,51.2
-82.7468,30.1508,1,1,2019,136,0.08613386049138662,0.10613548010587692,0.06612066924571991,311.57,292.2066666666667,,
-84.41138889,32.91916667,1,1,2019,35,0.06020558002936858,0.48576590418815613,0.5030917525291443,286.03000000000003,276.88,11.700000000000001,20.6
-81.1542,25.8681,1,1,2019,190,0.21626199887069453,0.14785489439964294,0.07710455358028412,302.32,,,
-79.345428,36.27584,1,1,2017,364,-0.09571428571428571,0.24660508334636688,0.2772960066795349,273.46,,3.1,8.6
-88.244,32.083,1,1,2017,28,-0.03341288782816229,0.3621078133583069,0.39270204305648804,284.90000000000003,280.1666666666667,5.800000000000001,20.0
-82.54131667,31.89988611,1,1,2020,184,0.17265738624558488,0.11517294496297836,0.06849256902933121,306.29,,,
-81.262611,33.047306,1,1,2019,63,0.015037593984962405,0.22412483394145966,0.22064529359340668,292.77,285.07,,
-84.81700278,34.27412222,1,1,2017,99,0.0019451048195374973,0.39363932609558105,0.44151756167411804,295.928,281.46,,
-77.304776,35.196998,1,1,2017,29,-0.14140799350781091,0.24499273300170898,0.2635911703109741,285.32,276.39,,
-83.0883,30.1296,1,1,2017,81,0.06256375382522951,0.11320701986551285,0.04799981415271759,300.8475,281.1425,14.0,44.300000000000004
-82.222728,35.337157,1,1,2020,195,0.2702515578121394,0.19245010614395142,0.21165244281291962,299.23333333333335,294.57,,
-84.23435,36.5139,1,1,2017,61,-0.15902732945986658,0.3594933748245239,0.38198718428611755,286.42400000000004,275.6666666666667,6.1000000000000005,21.900000000000002
-80.627258,33.514286,1,1,2019,264,0.01766420854055908,0.07322367280721664,0.11924129724502563,306.904,292.68666666666667,15.200000000000001,49.5
-88.66735666,30.49675393,1,1,2019,85,0.19584295612009237,0.25121453404426575,0.2831328213214874,294.7085714285714,283.96,24.900000000000002,46.400000000000006
-76.897528,35.478439,1,1,2018,72,0.040110016044006415,0.4195059537887573,0.4236784279346466,282.35,275.51,8.5,20.0
-82.15109167,32.54423333,1,1,2017,78,-0.05813270698766882,0.15574036538600922,0.16095054149627686,291.195,276.825,7.800000000000001,39.400000000000006
-81.5232,29.422,1,1,2020,141,0.41490752848869794,0.07339514046907425,0.042575642466545105,299.112,291.256,40.0,59.400000000000006
-82.2726,29.5347,1,1,2020,31,0.15126737530662307,0.15725432336330414,0.10113877803087234,289.8266666666667,281.78000000000003,10.600000000000001,18.8
-81.669624,34.979389,1,1,2017,45,-0.116922303243651,0.2595818340778351,0.2777019441127777,284.365,286.42,8.200000000000001,28.1
-79.852386,34.081703,1,1,2017,118,0.10518469438462813,0.17987798154354095,0.1970454603433609,304.3666666666667,292.6066666666667,26.1,50.400000000000006
-82.605244,35.858302,1,1,2020,344,-0.047355473554735544,0.28537681698799133,0.29522520303726196,278.83,271.17,5.5,12.100000000000001
-80.502661,36.226717,1,1,2019,87,-0.06004302757676511,0.44256865978240967,0.4712773561477661,293.248,277.01,9.9,34.0
-92.041653,32.575435,1,1,2018,92,0.16113360323886639,0.3017197251319885,0.33646589517593384,295.356,288.9733333333333,18.7,39.800000000000004
-82.14920833,33.34921111,1,1,2019,115,0.11375947995666305,0.14993882179260254,0.1061505600810051,303.005,286.535,26.700000000000003,55.900000000000006
-80.430878,34.187347,1,1,2018,219,0.18626707132018208,0.1888744980096817,0.1929999142885208,305.04,,40.400000000000006,65.10000000000001
-84.837217,35.9892,1,1,2018,51,-0.018964963034394086,0.4446721076965332,0.465644896030426,285.66,286.94,14.5,22.6
-83.87152778,32.498325,1,1,2018,51,,0.221100315451622,0.22986608743667603,292.52,288.01,19.0,31.400000000000002
-87.692,30.987,1,1,2019,342,0.08358061325420375,0.5270400643348694,0.8520337343215942,286.725,283.94,9.0,17.400000000000002
-83.061615,34.583424,1,1,2017,80,0.10810810810810811,0.38640210032463074,0.38300350308418274,294.09000000000003,276.535,8.6,32.1
-81.39646389,31.50216111,1,1,2019,149,0.13229070837166512,0.36145180463790894,0.7263020873069763,305.20285714285717,296.20285714285717,36.800000000000004,80.2
-81.776312,35.299535,1,1,2019,32,-0.04308497976672221,0.3510492444038391,0.34079357981681824,281.69599999999997,270.95,6.300000000000001,15.5
-82.246862,35.248196,1,1,2019,74,-0.11174108197495866,0.3695846199989319,0.3510949909687042,,281.3,8.700000000000001,29.0
-79.376877,34.491028,1,1,2017,27,-0.10617389446699423,0.2383004128932953,0.2705686390399933,289.676,279.57,6.7,18.900000000000002
-80.569862,33.571453,1,1,2019,79,-0.06402845709204091,0.1662532389163971,0.1934942603111267,299.43333333333334,276.56,11.700000000000001,29.900000000000002
-82.82513333,31.40941944,1,1,2017,73,0.04755555555555555,0.19743679463863373,0.1608997881412506,296.40000000000003,284.32,11.600000000000001,42.800000000000004
-79.762115,33.505577,1,1,2019,111,0.1599639314697926,0.22183778882026672,0.21731406450271606,298.255,283.8,21.3,46.6
-88.162,30.428,1,1,2020,130,0.16747482282730325,0.16120459139347076,0.15743684768676758,301.404,289.9714285714286,36.5,55.800000000000004
-82.77378056,32.52861389,1,1,2018,4,-0.03967102080309628,0.13791298866271973,0.14225202798843384,283.1666666666667,273.81,5.2,14.200000000000001
-89.24273333,35.06851667,1,1,2020,320,0.03537841468875952,0.23465357720851898,0.2687975764274597,291.0266666666667,284.66400000000004,10.3,24.3
-81.811489,35.218026,1,1,2020,175,0.24832904884318766,0.26939037442207336,0.25212976336479187,303.105,280.2,44.800000000000004,66.60000000000001
-83.20403333,32.31638056,1,1,2017,110,0.04623692203847452,0.13626572489738464,0.1477718949317932,303.75333333333333,288.28000000000003,16.400000000000002,59.6
-88.198,31.354,1,1,2017,14,0.05043050430504305,0.22982417047023773,0.20296502113342285,285.656,285.605,,
-87.616,30.993,1,1,2019,13,0.041884816753926704,0.678646981716156,0.902245044708252,288.43666666666667,278.9066666666667,6.800000000000001,17.6
-82.044011,35.837196,1,1,2017,326,-0.06716604244694133,0.23146726191043854,0.26967087388038635,288.14,277.33,5.0,16.5
-82.07033333,32.93469444,1,1,2017,45,-0.07971966710468681,0.22180107235908508,0.24150808155536652,290.28000000000003,283.992,6.7,27.900000000000002
-85.608,30.4137,1,0,2020,175,-0.005058365758754864,0.15324048697948456,0.055520281195640564,304.73,294.505,24.3,56.800000000000004
-89.58430559,32.37392594,1,1,2020,320,0.1087015451341827,0.2956276834011078,0.3472887873649597,294.79333333333335,288.55333333333334,13.700000000000001,27.6
-84.19229444,33.09124167,1,1,2020,124,0.21555970783081366,0.45135143399238586,0.47366321086883545,298.0233333333333,284.185,29.3,57.1
-83.186146,35.382339,1,1,2019,357,-0.08231966053748233,0.3192470967769623,0.32040730118751526,278.26,273.1066666666667,5.2,16.5
-81.047195,33.276817,1,1,2019,265,0.015174182517631973,0.06296385824680328,0.11463913321495056,303.7233333333333,290.78000000000003,13.9,49.900000000000006
-82.5598,29.3533,1,1,2020,79,-0.10754523728234892,0.11907505244016647,0.046361494809389114,306.06,289.9266666666667,8.200000000000001,46.300000000000004
-80.08905,36.256933,1,1,2018,92,-0.02984734563681932,0.2851181626319885,0.31156355142593384,291.3933333333333,277.2666666666667,12.200000000000001,33.5
-82.5585,28.6766,1,1,2017,39,0.09646835743067078,0.4094502329826355,0.7289223670959473,296.3866666666667,283.5933333333333,15.4,34.7
-90.44041978,32.02250133,1,1,2018,238,0.27284886312973694,0.1564949005842209,0.23381859064102173,302.40000000000003,293.90500000000003,57.0,69.10000000000001
-81.2615,27.7657,1,1,2017,144,0.12520325203252033,0.10930898040533066,0.030378464609384537,308.56,293.2,,
-85.465,33.49,1,1,2020,254,0.3251953125,0.1556365191936493,0.21011291444301605,300.772,291.67,26.1,54.400000000000006
-80.310524,36.315483,1,1,2018,58,-0.18090452261306533,0.2662622630596161,0.2810914218425751,290.28000000000003,282.975,5.5,20.6
-82.40339722,32.02246111,1,1,2019,207,0.10962648041299727,0.09648045152425766,0.13840347528457642,303.98,296.74,17.400000000000002,60.0
-87.725917,35.17025,1,1,2017,52,-0.10607287449392712,0.3321892023086548,0.35186147689819336,289.7,275.97,12.3,23.700000000000003
-83.95952778,33.14236111,1,1,2019,85,-0.08362676056338028,0.44603875279426575,0.4540312588214874,293.32,279.908,9.600000000000001,37.9
-79.881677,35.261494,1,1,2017,46,-0.08605050257416033,0.34944388270378113,0.3378072679042816,289.46,273.17,6.6000000000000005,24.400000000000002
-85.314,31.759,1,1,2019,298,-0.028616852146263912,0.11426763236522675,0.06851976364850998,295.14,284.88,12.600000000000001,22.200000000000003
-82.22010278,32.27783056,1,1,2018,61,-0.2317360565593087,0.13686275482177734,0.13644851744174957,296.39,288.165,10.600000000000001,33.4
-82.447525,32.62213333,1,1,2020,278,0.18599666587282687,0.1575060486793518,0.16618309915065765,298.815,288.825,23.1,39.6
-82.81138889,31.92555556,1,1,2019,64,0.037178265014299335,0.2589718997478485,0.25157541036605835,286.6,284.53000000000003,13.5,22.8
-82.486687,34.387287,1,1,2017,29,-0.09890524726311815,0.397641658782959,0.4132493734359741,287.60333333333335,278.83750000000003,5.300000000000001,19.200000000000003
-83.1823,29.5504,1,1,2020,221,,0.1777111142873764,0.10718974471092224,305.1,297.05,32.0,55.300000000000004
-86.9,31.529,1,1,2018,132,0.22377861291424667,0.10140902549028397,0.1812591254711151,304.2342857142857,290.66333333333336,33.4,63.1
-82.0044,26.8543,1,1,2017,107,-0.0067629318223359535,0.05290119722485542,0.040641602128744125,309.095,289.152,17.2,53.1
-85.71,32.463,1,1,2019,275,0.12634408602150538,0.13652445375919342,0.19956575334072113,305.7142857142857,294.7966666666667,,
-87.407,32.648,1,1,2017,218,0.3282258064516129,0.2215072214603424,0.22102157771587372,300.73,294.65000000000003,,
-86.0792,30.6173,1,1,2019,253,0.21343126967471143,0.09853920340538025,0.06242759898304939,305.9485714285714,296.9142857142857,37.2,55.5
-79.48085,35.135433,1,1,2017,65,-0.023510614015065052,0.1536235809326172,0.1013878732919693,289.35200000000003,273.805,9.0,30.900000000000002
-85.486,33.49,1,1,2020,99,0.21012849584278157,0.35699546337127686,0.34359464049339294,294.2,,33.0,48.300000000000004
-89.43902976,32.77163329,1,1,2017,341,0.022378236068451074,0.2366146445274353,0.2772296667098999,288.75,283.87,7.1000000000000005,15.3
-77.534786,34.94105,1,1,2017,27,0.035974842767295595,0.6488839387893677,0.8975217938423157,288.34000000000003,279.85200000000003,8.0,18.6
-83.45220833,31.11272778,1,1,2019,251,0.12143813348632626,0.08008641004562378,0.11036629974842072,306.29333333333335,295.63,20.200000000000003,49.7
-82.80245556,32.27918889,1,1,2017,89,0.004199160167966407,0.13836762309074402,0.1464158594608307,299.86,287.29,17.2,46.6
-83.15478611,33.06416111,1,1,2020,128,0.22793404461687683,0.2527081072330475,0.2883199453353882,297.7975,285.46,36.300000000000004,59.7
-86.9195,30.396,1,1,2019,42,,0.2772192358970642,0.25550583004951477,,,,
-78.970165,34.92382,1,1,2018,129,0.06917245735944409,0.12621136009693146,0.06069459766149521,306.60400000000004,287.23,22.700000000000003,56.6
-88.36444444,34.51416667,1,1,2019,256,0.13813507447459702,0.11681248992681503,0.20014692842960358,303.75333333333333,294.15714285714284,28.400000000000002,55.7
-79.39598,34.81732,1,1,2019,149,0.24049694047839792,0.11392373591661453,0.18516436219215393,306.936,294.508,45.5,76.5
-83.95645833,31.18459444,1,1,2020,84,0.14767483138090168,0.16155630350112915,0.2347566783428192,302.02,291.46,19.5,45.400000000000006
-89.76190457,32.67887628,1,1,2019,280,0.05778524900189115,0.13418461382389069,0.18631866574287415,303.012,294.916,11.700000000000001,47.0
-84.0355,30.4558,1,1,2017,87,0.1503635937133474,0.1246141716837883,0.12613463401794434,301.12,289.04571428571427,13.9,47.6
-82.271425,31.68986667,1,1,2017,151,0.17245557350565427,0.20290322601795197,0.10144691169261932,304.63,288.6,25.6,59.900000000000006
-84.83807778,33.82786111,1,1,2017,328,0.15987460815047022,0.3359742760658264,0.3621220290660858,287.3333333333333,276.855,6.2,18.1
-78.692242,34.726914,1,1,2018,18,0.04680851063829787,0.17706017196178436,0.137669175863266,277.9666666666667,279.95,6.800000000000001,16.400000000000002
-82.6779,28.3721,1,1,2020,131,0.07195160776822668,0.115046925842762,0.047383278608322144,304.716,292.1533333333333,,
-78.274535,34.349842,1,1,2017,55,0.05215419501133787,0.2339901477098465,0.2553723454475403,292.34000000000003,282.38,14.100000000000001,29.400000000000002
-83.14744444,32.26786111,1,1,2019,275,0.03475879502843902,0.08079935610294342,0.10911165922880173,305.81428571428575,295.2366666666667,13.3,47.2
-83.85295833,33.34830556,1,1,2018,256,0.13664951400800457,0.26465538144111633,0.3170609176158905,299.925,295.6,10.8,57.900000000000006
-79.168904,36.098069,1,1,2018,5,-0.03964134025483719,0.26726898550987244,0.29774606227874756,271.31,266.3,,
-88.50278808,34.16795317,1,1,2017,76,0.04436450839328537,0.31531763076782227,0.3226301968097687,287.6933333333333,276.1466666666667,13.3,33.800000000000004
-79.406103,36.485468,1,1,2019,91,-0.04826038159371493,0.3806435465812683,0.400912880897522,290.625,279.056,9.9,29.400000000000002
-82.87742778,31.106525,1,1,2020,252,0.26844444444444443,0.12307874113321304,0.08657197654247284,303.075,296.82,35.7,52.2
-79.606216,33.186623,1,1,2019,110,0.16515151515151516,0.23122085630893707,0.21975697576999664,296.6666666666667,282.82,35.5,50.0
-79.122725,35.46519,1,1,2020,50,,0.41256067156791687,0.41236749291419983,285.49,274.8,6.800000000000001,12.100000000000001
-77.318367,34.717317,1,1,2017,40,5.063291139240507E-4,0.22359350323677063,0.22517792880535126,291.04,280.728,9.700000000000001,19.8
-89.18206629,30.92980232,1,1,2017,94,0.22002970507108,0.23222382366657257,0.2560580372810364,299.456,289.685,32.800000000000004,51.0
-82.44570556,32.16523611,1,1,2019,262,0.065687474500204,0.06695510447025299,0.0999906063079834,305.785,295.42,22.8,55.400000000000006
-82.80969444,31.88847222,1,1,2018,72,-0.023647857644579724,0.18506991863250732,0.1926603466272354,290.06,278.11,10.3,29.6
-82.4789,29.8163,1,1,2017,150,-0.006194081211286993,0.10736290365457535,0.06931816786527634,308.22,290.7733333333333,14.100000000000001,59.1
-88.185,34.074,1,1,2019,267,0.13979963570127504,0.07815466076135635,0.16794918477535248,304.31333333333333,292.4428571428571,31.0,51.300000000000004
-80.905785,32.456242,1,1,2019,114,0.28483301425228674,0.13109010457992554,0.1413063108921051,297.97200000000004,286.3066666666667,40.300000000000004,58.800000000000004
-78.829143,34.357682,1,1,2017,34,-0.06687062937062938,0.24006259441375732,0.22919651865959167,287.5333333333333,277.325,,
-85.1478,30.348,1,1,2019,85,-0.09951405028523136,0.19091178476810455,0.19444875419139862,298.33,283.368,10.700000000000001,47.900000000000006
-82.19747778,31.45573333,1,1,2020,206,,0.1351209431886673,0.12264077365398407,305.252,295.928,16.1,52.900000000000006
-77.205626,36.048779,1,1,2018,39,-0.02354609929078014,0.355272114276886,0.38184764981269836,280.452,272.24,5.5,14.4
-81.1295,29.2922,1,1,2018,130,0.16497854077253218,0.12249219417572021,0.07288593798875809,305.2133333333333,291.49,,
-82.88626944,33.06104167,1,1,2018,103,0.11976401179941003,0.1810576468706131,0.20016688108444214,298.17,281.8866666666667,18.1,39.900000000000006
-83.02153056,33.96359444,1,1,2017,75,-0.13879292826661246,0.38154029846191406,0.41840460896492004,288.47,276.65000000000003,9.5,32.7
-83.76905833,31.27351111,1,1,2019,280,-0.04328523862375139,0.05433536320924759,0.019578255712985992,306.652,295.46,10.0,47.5
-78.91677,35.289745,1,1,2017,46,-0.06587914584279873,0.20869681239128113,0.1537252515554428,291.33,273.65000000000003,8.5,23.200000000000003
-79.521439,33.647465,1,1,2018,67,-0.022395326192794548,0.18654070794582367,0.18825605511665344,290.2133333333333,277.33,7.9,26.5
-81.216533,35.9002,1,1,2017,33,-0.11476137624861266,0.2584904730319977,0.2584533989429474,283.596,273.916,6.7,17.8
-85.476,31.533,1,1,2017,39,0.020005635390250773,0.2401997447013855,0.16172263026237488,293.1,281.66400000000004,10.600000000000001,22.8
-79.169903,35.291024,1,1,2017,53,-0.0626408292023434,0.1628032624721527,0.14639060199260712,293.68666666666667,278.216,12.5,26.6
-82.60491667,32.62475,1,1,2017,86,-0.05690729941685099,0.1491294950246811,0.15791869163513184,298.6,284.825,,
-81.318631,35.447911,1,1,2020,55,-0.03934669636228656,0.37596017122268677,0.34611770510673523,283.38,271.2,7.6000000000000005,13.9
-87.076,31.939,1,1,2018,138,0.22048192771084338,0.18656456470489502,0.23013238608837128,303.6933333333333,293.02,35.7,53.1
-82.19688333,31.33014722,1,1,2018,74,0.14139982998016434,0.10649176687002182,0.12364643812179565,289.6542857142857,276.6485714285714,14.100000000000001,38.6
-89.72098397,30.86747166,1,1,2018,17,0.11703620544484984,0.25988468527793884,0.30264076590538025,277.02,276.85,,
-83.14559722,31.91450833,1,0,2017,103,0.08558740411788454,0.1451348513364792,0.15161439776420593,297.4514285714286,285.6914285714286,23.3,53.5
-81.99434167,32.73151111,1,1,2019,91,0.09479896717078569,0.14260642230510712,0.20456278324127197,296.728,283.52,18.0,33.5
-83.43234722,32.29304722,1,1,2019,147,0.08914549653579677,0.06631118804216385,0.14002619683742523,311.704,295.44666666666666,29.900000000000002,79.4
-82.070612,35.811314,1,1,2017,81,-0.0945945945945946,0.17601218819618225,0.1963915377855301,294.29,275.2866666666667,9.8,34.5
-79.990944,34.384789,1,1,2017,27,-0.07370296147851257,0.1963692605495453,0.21594218909740448,290.43,279.72,5.7,19.5
-76.792356,35.660994,1,1,2020,8,0.08583807202816139,0.24518130719661713,0.2603193521499634,284.916,274.02,7.4,13.700000000000001
-79.814362,33.864292,1,1,2019,42,-0.08886208283071974,0.3022436499595642,0.26429489254951477,294.54,279.48,10.9,17.8
-89.181533,35.082667,1,1,2017,346,-0.121939736346516,0.22554005682468414,0.2667678892612457,282.96,271.67,5.800000000000001,14.3
-84.64074444,30.98514722,1,1,2020,130,-0.03126458236117592,0.10923316329717636,0.11254549026489258,303.52,288.88,17.6,59.1
-85.439,34.083,1,1,2017,26,-0.06825499034127495,0.40326163172721863,0.4336601495742798,286.0933333333333,278.38,7.7,18.2
-81.969887,34.320877,1,1,2017,117,0.14110947057582787,0.27081185579299927,0.27545326948165894,300.8866666666667,289.75,33.4,49.300000000000004
-78.525166,36.282082,1,1,2020,133,0.34666898591059314,0.2470797598361969,0.26753097772598267,291.376,280.44,39.800000000000004,52.900000000000006
-82.00083333,31.67166667,1,1,2018,58,0.1142636058808357,0.1582910716533661,0.11403819918632507,298.69,289.62,15.5,36.1
-81.4503,27.3838,1,1,2017,94,0.04869173453474268,0.07865937799215317,0.03999357670545578,306.316,291.46,11.3,49.900000000000006
-84.6372,30.3764,1,1,2018,128,0.2740498272413166,0.08150193840265274,0.10845112055540085,301.48,289.52,46.7,64.10000000000001
-78.748971,35.109692,1,1,2018,122,0.21915064102564102,0.15671078860759735,0.22297817468643188,300.6,285.28000000000003,30.8,57.6
-78.000767,36.08795,1,1,2018,4,-0.06708193579300431,0.16458535194396973,0.19223982095718384,271.4,,,
-86.067,34.285,1,1,2018,23,-0.08269817073170732,0.21452760696411133,0.20761649310588837,278.56,273.86,6.4,15.5
-84.2082,36.289683,1,1,2018,118,0.13439194422927964,0.37854886054992676,0.42100220918655396,296.0266666666667,283.36,22.1,40.800000000000004
-78.106933,35.9301,1,1,2017,259,0.23375922260212345,0.169076606631279,0.17816296219825745,299.62,289.94,18.6,51.2
-79.237175,33.66806,1,1,2017,98,0.08517745302713987,0.30827319622039795,0.32221609354019165,298.995,287.895,17.1,52.2
-87.584,30.645,1,1,2018,17,0.18714246799237266,0.15997013449668884,0.11248572170734406,278.315,276.78000000000003,8.1,17.3
-80.408941,36.318002,1,1,2017,97,-0.003194888178913738,0.22766578197479248,0.25743797421455383,294.84000000000003,283.44666666666666,15.9,46.7
-77.128586,35.182388,1,1,2018,80,0.012898602651379433,0.2156684547662735,0.10041394829750061,287.66,277.3333333333333,10.8,25.700000000000003
-79.664294,34.87402,1,1,2017,185,0.07505070993914807,0.14101046323776245,0.0763888955116272,306.5266666666667,291.49,25.400000000000002,65.7
-84.41123611,31.17820556,1,1,2017,60,-0.03964336889030409,0.2012891322374344,0.22548379004001617,297.545,286.04400000000004,6.0,36.0
-82.545,28.8191,1,1,2020,0,0.08245948522402288,0.2084788680076599,0.1729222685098648,296.0,286.18,8.700000000000001,13.600000000000001
-82.1317,27.0218,1,1,2018,30,0.0831918505942275,0.13861028850078583,0.0906715840101242,294.7866666666667,285.96,,
-82.4678,29.1508,1,1,2020,33,-0.16797593180678588,0.13938668370246887,0.06106600537896156,292.46,278.8466666666667,10.4,28.6
-81.257088,33.860931,1,1,2017,270,0.09570661896243292,0.12642063200473785,0.06617043167352676,303.26,293.385,20.700000000000003,49.1
-79.769989,33.529423,1,1,2019,282,0.19887297487673164,0.12066388130187988,0.14942875504493713,303.68666666666667,292.96500000000003,18.3,36.800000000000004
-78.664079,35.342724,1,1,2017,276,0.16234601948887664,0.07534528523683548,0.14545148611068726,300.12,288.85333333333335,12.3,37.300000000000004
-88.2653,36.175083,1,-1,2019,256,0.23852491173009024,0.09691502898931503,0.18793989717960358,303.084,292.9742857142857,44.800000000000004,56.900000000000006
-84.12256944,31.55544444,1,1,2019,277,-0.04928092042186002,0.07156413048505783,0.13163162767887115,307.152,296.6566666666667,10.200000000000001,49.5
-86.788,32.527,1,1,2019,250,0.152428810720268,0.07835797220468521,0.1427980214357376,303.748,295.62333333333333,40.1,57.300000000000004
-84.98445,35.182033,1,1,2017,86,-0.12715340442986053,0.4425865411758423,0.44014525413513184,292.39,282.0733333333333,,
-80.00531,34.755684,1,1,2019,239,0.09947466531096424,0.18432776629924774,0.2095603346824646,304.08,295.82,27.700000000000003,46.400000000000006
-79.501887,36.399793,1,1,2017,317,0.009165687426556992,0.17129147052764893,0.16098476946353912,282.26,273.40000000000003,5.300000000000001,15.100000000000001
-86.995,32.073,1,1,2019,335,0.1729283240074607,0.22703903913497925,0.2513662576675415,289.668,283.264,10.5,23.1
-83.36298611,31.08298889,1,1,2017,61,-0.05021004200840168,0.21087278425693512,0.22134265303611755,298.52500000000003,286.288,5.800000000000001,37.9
-93.9927,32.9744,1,1,2019,213,0.23026819923371647,0.09997469186782837,0.0950361043214798,301.71500000000003,294.9433333333333,19.8,60.1
-85.521,33.098,1,1,2019,231,0.21149299872704128,0.18725545704364777,0.21335497498512268,306.276,294.27,43.5,63.900000000000006
-84.9615,30.4072,1,1,2019,141,0.09262495630898288,0.22143477201461792,0.3235248029232025,306.5914285714286,292.01428571428573,29.700000000000003,69.60000000000001
-79.106082,34.915571,1,1,2019,362,-0.05798874480058723,0.26033449172973633,0.2411821484565735,287.8666666666667,280.15000000000003,5.4,8.6
-87.828,31.187,1,1,2019,85,0.1540965816603364,0.28173211216926575,0.2863066494464874,291.1066666666667,282.0466666666667,24.1,44.800000000000004
-89.55462654,30.7744379,1,1,2017,97,0.25315904139433554,0.22729957103729248,0.26183250546455383,298.7885714285714,286.92285714285714,36.800000000000004,57.6
-79.403154,35.063501,1,1,2018,46,-0.07246376811594203,0.17726358771324158,0.11894676834344864,283.69,273.72,12.700000000000001,16.7
-84.90416667,34.34361111,1,1,2017,136,0.2377963737796374,0.2062872052192688,0.2420865148305893,302.91333333333336,290.308,23.0,62.0
-84.73888333,35.60033333,1,1,2020,199,0.30913828401265586,0.2415815144777298,0.3130435645580292,304.2,296.19,43.800000000000004,71.60000000000001
-81.7698,27.8795,1,1,2020,354,-0.1003610108303249,0.14514166116714478,0.08334767818450928,291.03000000000003,284.356,5.300000000000001,22.200000000000003
-86.334,34.83,1,1,2018,23,-0.20751841503683008,0.38878297805786133,0.4119011461734772,277.41200000000003,276.42,6.9,15.5
-86.0,34.34,1,1,2019,273,-0.023186792802819513,0.08766896277666092,0.11517427861690521,308.176,291.59000000000003,8.700000000000001,50.900000000000006
-80.990524,32.787544,1,1,2019,4,0.040666340029397355,0.31284642219543457,0.22809156775474548,,285.72,9.5,15.3
-92.67046636,31.15985558,1,-1,2020,225,0.32119058196357175,0.22336898744106293,0.3022556006908417,301.732,296.38,26.900000000000002,54.800000000000004
-82.89900278,30.95487778,1,1,2020,76,0.13362962962962963,0.19044849276542664,0.13906612992286682,297.6,,,
-79.783432,33.693768,1,1,2018,93,0.006820682068206821,0.14479593932628632,0.18068574368953705,297.19,284.084,7.5,38.300000000000004
-81.86729,35.308177,1,1,2017,76,-0.06344015696533682,0.22767116129398346,0.2540266811847687,286.68,273.624,8.9,32.9
-77.803858,35.524541,1,1,2017,40,-0.026656511805026657,0.20870092511177063,0.22127167880535126,285.585,277.29200000000003,7.300000000000001,17.2
-78.049645,36.40147,1,1,2018,43,-0.011679211004412146,0.36196136474609375,0.35151734948158264,282.43333333333334,272.32,,
-79.078732,35.950063,1,1,2017,89,0.003954522985664854,0.308838814496994,0.3474046289920807,291.14,282.08,12.700000000000001,36.5
-80.6277,27.8876,1,0,2017,91,0.06901494982592668,0.06282273679971695,0.052115652710199356,304.45,289.79,23.6,54.2
-82.34500278,32.70338056,1,1,2020,78,,0.2900902032852173,0.2439132034778595,,,,
-80.283577,33.717224,1,1,2020,360,-0.052479338842975204,0.23438405990600586,0.22227783501148224,284.865,276.2266666666667,5.1000000000000005,12.700000000000001
-81.20127222,32.36660556,1,1,2019,147,0.17608089260808926,0.07387954741716385,0.06534968316555023,306.2514285714286,296.404,7.5,77.10000000000001
-88.68161667,35.67945,1,1,2020,314,-0.02564102564102564,0.2174910008907318,0.2626206576824188,294.8,281.9685714285714,7.9,24.0
-82.53694444,30.33861111,1,1,2017,74,0.1008427782621331,0.11083438247442245,0.09595943242311478,293.04,282.996,12.0,46.900000000000006
-86.501983,35.88475,1,1,2018,287,0.045722414143466776,0.36229562759399414,0.30313926935195923,304.58,293.26,12.0,28.1
-82.5529,29.091,1,0,2020,221,0.20382571732199786,0.1349254697561264,0.06721171736717224,305.44,294.55333333333334,,
-80.695572,34.579075,1,1,2017,158,0.2346187812775979,0.21597658097743988,0.2645554542541504,302.9733333333333,292.64,30.0,59.2
-79.096661,35.000373,1,1,2020,77,0.0621001129092962,0.315362811088562,0.27573084831237793,296.0,,16.400000000000002,27.200000000000003
-81.3284,33.006104,1,1,2018,74,0.006756756756756757,0.15947028994560242,0.18837422132492065,288.6566666666667,276.204,10.5,33.7
-83.27726667,31.94637222,1,1,2017,125,0.24289165582605463,0.16065600514411926,0.159095898270607,305.5,287.93,44.900000000000006,52.7
-81.969409,35.305092,1,1,2017,344,-0.061174148988653185,0.2654205858707428,0.24166080355644226,283.96,275.66,6.4,14.3
-84.54233056,32.38992222,1,1,2018,59,-0.039820806371329016,0.1788298338651657,0.09476897120475769,299.40000000000003,289.7,13.100000000000001,31.6
-80.8698,28.1731,1,0,2017,141,-0.07947671965114643,0.053088098764419556,0.03452952578663826,306.03000000000003,292.908,15.5,52.5
-84.27855833,30.77588056,1,1,2018,24,-0.032509752925877766,0.16251780092716217,0.177677184343338,286.665,271.18,6.300000000000001,23.3
-80.770567,34.942433,1,1,2020,354,-0.031758326878388844,0.3928833603858948,0.3997844457626343,284.93,276.98,5.5,12.4
-81.77833333,35.91583333,1,1,2018,117,0.22138105069970176,0.3115886449813843,0.33581721782684326,292.6666666666667,282.65000000000003,15.9,38.1
-86.2583,30.7636,1,1,2017,145,0.15787635347537549,0.14304369688034058,0.1339016854763031,304.68,291.8933333333333,22.3,51.900000000000006
-80.68455,35.683433,1,1,2018,89,0.00796674748874264,0.34868836402893066,0.37243008613586426,288.61,274.93333333333334,10.3,33.5
-82.58976667,33.322225,1,1,2018,17,-0.09392265193370165,0.13610538840293884,0.07134802639484406,279.665,276.73,6.300000000000001,18.8
-79.074409,33.91893,1,1,2017,88,0.03822853561729685,0.15077801048755646,0.1466277539730072,295.925,281.3866666666667,16.1,42.900000000000006
-78.622514,34.659461,1,1,2017,45,-0.027531721331098876,0.16564872860908508,0.11745412647724152,289.6333333333333,279.768,7.9,24.8
-81.6075,27.7192,1,1,2018,326,0.17161290322580644,0.09048298746347427,0.036796413362026215,296.6466666666667,286.67333333333335,15.0,28.8
-81.2156,28.05,1,1,2017,60,0.28016759776536315,0.07583136856555939,0.04428567364811897,302.34000000000003,289.0366666666667,18.3,44.0
-86.673,32.8,1,1,2017,102,0.07488986784140969,0.2762100398540497,0.29364892840385437,296.37666666666667,284.16333333333336,21.700000000000003,55.300000000000004
-82.239625,31.26111389,1,1,2020,25,0.02366275601511235,0.1444011926651001,0.16437315940856934,285.46,274.56666666666666,8.700000000000001,18.7
-77.85446,35.140182,1,1,2019,144,0.1480552070263488,0.09290556609630585,0.10535671561956406,305.67,294.5,28.1,63.5
-81.423954,35.714681,1,1,2020,184,0.16821499668214995,0.26766929030418396,0.2709766924381256,303.6533333333333,293.74,,
-86.16325,35.29185,1,1,2018,108,0.04897801774006942,0.3684522807598114,0.39724674820899963,297.005,281.95,,
-81.7821,26.7286,1,1,2017,64,-0.0013924806047344342,0.07747609913349152,0.09726814925670624,301.6771428571429,290.34000000000003,11.0,48.5
-78.404719,36.279226,1,1,2019,208,0.16224674682918794,0.18665899336338043,0.21521127223968506,304.595,294.288,27.1,56.900000000000006
-84.668867,35.12355,1,1,2019,164,0.1511265164644714,0.29582679271698,0.33841344714164734,297.26,283.06,32.300000000000004,51.5
-80.99445,31.87755,1,0,2020,188,0.031017911751856708,0.4958053231239319,0.8109999299049377,,,,
-79.357608,34.720902,1,1,2018,65,-0.08106904231625835,0.18116503953933716,0.18434642255306244,289.46,279.685,8.1,20.900000000000002
-77.911117,35.089284,1,1,2018,106,0.0632561354994815,0.20107398927211761,0.1668224036693573,296.29333333333335,284.036,15.700000000000001,46.7
-80.150002,34.633335,1,0,2019,225,0.2488350419384902,0.11050765216350555,0.07201438397169113,307.3933333333333,296.75,,
-81.74666667,29.24444444,1,1,2018,53,-0.11935208866155157,0.15494783222675323,0.07398297637701035,298.496,289.59250000000003,12.5,39.7
-79.933327,33.322464,1,1,2017,101,0.14425627422974904,0.1587943583726883,0.17975808680057526,295.3,283.68,19.700000000000003,51.7
-81.0537,28.1269,1,1,2020,50,0.0832553788587465,0.14717981219291687,0.07313409447669983,297.12,290.505,14.8,38.0
-79.92329,36.494895,1,1,2020,359,-0.06211025193315041,0.37410518527030945,0.37427571415901184,283.98,275.6333333333333,,
-83.143609,29.347148,1,0,2018,176,0.06817487007031489,0.19597211480140686,0.10259297490119934,301.744,298.86,,
-83.86803,35.017703,1,1,2017,32,-0.1185918591859186,0.2874281108379364,0.3158907890319824,283.6766666666667,274.705,6.300000000000001,16.400000000000002
-84.44383889,32.02779444,1,1,2019,278,0.04807870800074253,0.07108045369386673,0.026971539482474327,306.0725,295.004,20.1,48.1
-84.5649,30.5577,1,1,2019,78,-0.03505154639175258,0.22807130217552185,0.2471388876438141,297.3466666666667,288.74,11.9,32.4
-78.899764,34.962147,1,1,2018,104,0.10416666666666667,0.13389964401721954,0.06495141237974167,295.75333333333333,284.62666666666667,14.600000000000001,35.4
-81.820755,33.388683,1,1,2019,339,-0.07907700285195748,0.27859383821487427,0.3242630958557129,286.3933333333333,282.56,8.0,16.7
-85.1564,30.1925,1,1,2017,41,0.16423712342079688,0.14489096403121948,0.10811012238264084,291.62,283.5,19.1,33.800000000000004
-82.50423889,32.36333611,1,1,2019,37,-0.02349147858129894,0.244366854429245,0.22283612191677094,287.15000000000003,278.67333333333335,14.100000000000001,25.0
-80.519135,34.060459,1,1,2019,262,0.13398838767306834,0.08206130564212799,0.1533658504486084,301.93,294.85200000000003,8.700000000000001,49.400000000000006
-83.36083333,34.85944444,1,1,2017,29,-0.0677739083846772,0.21709966659545898,0.22922839224338531,286.89,279.91,5.6000000000000005,18.2
-83.06779444,32.14727778,1,1,2020,247,0.32871744147708537,0.11318319290876389,0.13089953362941742,304.42,297.78000000000003,22.0,49.0
-80.07695,34.498039,1,1,2020,50,-0.13293519132935191,0.26094934344291687,0.15473809838294983,286.52,274.82,6.5,13.200000000000001
-80.398666,33.599907,1,1,2018,34,-0.09436722750548647,0.2877334952354431,0.31474947929382324,285.38,275.0866666666667,6.0,17.400000000000002
-88.032,32.779,1,1,2019,73,-0.007881538094100788,0.4337669909000397,0.42690765857696533,,290.7,10.9,34.1
-81.9079,28.846,1,1,2019,62,0.05084075173095945,0.12891048192977905,0.08012241870164871,300.41333333333336,290.48,15.700000000000001,30.6
-82.07560833,32.18873889,1,1,2017,54,-0.00911718923726929,0.21235418319702148,0.17256881296634674,292.535,282.67,9.600000000000001,29.3
-80.690648,35.516242,1,1,2017,39,-0.089419795221843,0.3913838267326355,0.4043373763561249,286.06,279.9866666666667,7.1000000000000005,19.900000000000002
-82.364334,35.315781,1,1,2019,329,-0.014554794520547944,0.33494651317596436,0.34494495391845703,285.512,276.015,6.300000000000001,15.700000000000001
-81.712196,33.950947,1,1,2018,173,0.2581143740340031,0.22465792298316956,0.2835596799850464,303.4733333333333,295.85,74.7,82.2
-83.2745,36.344933,1,1,2019,207,0.13334337803224347,0.36762914061546326,0.4052491784095764,301.625,290.7,28.400000000000002,52.300000000000004
-79.121119,35.263513,1,1,2019,30,0.01846080076720211,0.23974794149398804,0.20275095105171204,279.81,275.885,5.7,16.1
-88.068767,35.770733,1,1,2018,72,-0.17461687891215194,0.3942373991012573,0.4235563576221466,288.21,274.7133333333333,8.0,23.0
-79.371206,34.804422,1,1,2017,65,0.06818757921419519,0.1737651824951172,0.2056969553232193,288.885,275.165,10.5,30.5
-83.76544444,31.37597222,1,1,2019,282,-0.01023783272956371,0.05024456977844238,0.018790628761053085,304.6466666666667,295.012,,
-85.5305,30.3788,1,1,2017,143,0.16276517922457936,0.1993439644575119,0.0634768009185791,295.95,292.495,18.6,48.900000000000006
-90.12848899,33.07459992,1,1,2018,87,0.01199909440796921,0.379631906747818,0.3823837339878082,293.56,279.0333333333333,20.0,37.1
-81.1294,28.9669,1,0,2020,141,0.16034985422740525,0.07287634164094925,0.054935261607170105,307.94,293.48,24.900000000000002,58.7
-84.19073333,31.14554444,1,1,2019,271,0.10765731614859743,0.07520782202482224,0.12723925709724426,304.6,294.5333333333333,13.200000000000001,56.400000000000006
-83.02144444,32.48244444,1,1,2018,92,-0.05804749340369393,0.16860203444957733,0.19608505070209503,297.46500000000003,284.87333333333333,15.4,41.0
-77.231235,35.235518,1,1,2018,49,-0.09881422924901186,0.2381623089313507,0.2573813199996948,293.64,,16.3,26.3
-87.4852,35.7142,1,1,2018,232,0.2172338884866039,0.1625869870185852,0.21618816256523132,302.88,294.6,37.9,58.6
-86.2235,30.8278,1,1,2017,28,-0.01564644523744167,0.2729964852333069,0.22979919612407684,287.99,282.71,,
-88.4334708,34.12951576,1,1,2017,328,0.060267248431960734,0.16947036981582642,0.20709271728992462,283.004,275.956,6.2,20.1
-77.777801,35.77253,1,1,2020,94,0.12317571511967308,0.21255171298980713,0.18379785120487213,296.4066666666667,285.6666666666667,12.9,34.4
-78.813097,35.312971,1,1,2019,35,0.03009027081243731,0.40971609950065613,0.4452304244041443,282.94,274.885,12.200000000000001,22.0
-79.708542,34.098118,1,1,2018,73,-0.03449862005519779,0.1772015541791916,0.1814253181219101,286.62,275.015,13.3,32.0
-82.633025,32.09886944,1,1,2017,131,0.03495113466953785,0.07470351457595825,0.12504130601882935,302.9266666666667,288.64,18.6,62.900000000000006
-84.99436111,34.73961111,1,1,2018,59,-0.009151620084095969,0.3994109034538269,0.3722347915172577,294.98,285.23,8.5,23.8
-82.89145,33.31691944,1,1,2020,301,0.22466107165913493,0.3426326513290405,0.3519578278064728,295.13,290.80400000000003,19.5,37.4
-79.533098,34.861043,1,1,2018,91,0.028730703259005147,0.14669457077980042,0.10355938971042633,293.7,278.2866666666667,12.100000000000001,37.300000000000004
-83.19537,35.27331,1,1,2020,85,-0.06367860071057665,0.30726858973503113,0.32884395122528076,292.84000000000003,,12.4,28.6
-80.574228,35.902645,1,1,2017,40,-0.08260767239350435,0.24983862042427063,0.25996798276901245,286.14,280.02,7.300000000000001,18.7
-81.5363,26.2609,1,1,2020,39,0.2062043795620438,0.13559536635875702,0.107582688331604,296.32,286.9066666666667,18.7,31.8
-88.5466364,30.45081892,1,1,2017,97,0.22619745845552297,0.19391334056854248,0.27220848202705383,299.23,289.42,28.400000000000002,56.900000000000006
-82.05130556,30.88166667,1,1,2017,297,0.14820962769741522,0.2337489128112793,0.20251360535621643,297.58,289.752,22.3,32.800000000000004
-82.6002,29.4091,1,1,2018,118,-0.05280985373364126,0.14417386054992676,0.06837159395217896,304.89,287.23,18.400000000000002,55.300000000000004
-82.11443889,30.41452778,1,0,2019,177,0.1848230001955799,0.08427425473928452,0.04695585370063782,305.28000000000003,296.02,31.3,60.7
-80.4352,26.0807,1,1,2019,86,-0.012753897024090695,0.4455951452255249,0.8076305389404297,300.395,290.065,11.4,55.6
-80.437494,35.638067,1,1,2019,84,-0.0426189005558987,0.4204462766647339,0.41587916016578674,291.18666666666667,278.0166666666667,11.3,36.4
-79.388553,35.355037,1,1,2017,29,0.09058823529411765,0.17443609237670898,0.15928210318088531,285.536,278.508,5.4,16.900000000000002
-79.668216,35.421116,1,1,2017,23,-0.02508581991021917,0.37322670221328735,0.37707018852233887,289.2266666666667,278.76,7.6000000000000005,14.700000000000001
-82.01733333,32.99883611,1,1,2017,304,-0.04564820450395618,0.10794176161289215,0.15792177617549896,294.5825,282.0714285714286,6.1000000000000005,33.5
-83.21097222,33.32397222,1,1,2018,66,-0.1959981809913597,0.3843536078929901,0.4059019386768341,290.84000000000003,279.09000000000003,7.0,22.700000000000003
-86.21,35.553617,1,1,2017,96,-0.0689121176926055,0.34891852736473083,0.3845660090446472,299.52,283.64,,
-80.405655,33.510654,1,1,2017,80,0.04252126063031516,0.12614819407463074,0.07047299295663834,291.656,278.9733333333333,7.1000000000000005,37.6
-79.834444,35.355289,1,1,2019,196,0.24431353297332678,0.27125126123428345,0.32372206449508667,302.195,293.96,13.0,59.400000000000006
-78.656834,34.632678,1,1,2019,109,0.17926654374103668,0.300773024559021,0.2564808428287506,296.8933333333333,284.08,25.0,48.6
-84.99212778,33.53433333,1,1,2019,275,0.21990291262135922,0.19389750063419342,0.2701224088668823,303.38,294.42857142857144,16.5,48.400000000000006
-78.285679,34.324909,1,1,2017,51,-0.006595636732623034,0.23934750258922577,0.2617582678794861,291.488,286.67,10.9,28.200000000000003
-93.6796,31.6312,1,1,2019,329,-0.07347140039447732,0.22770775854587555,0.28806018829345703,289.28400000000005,279.16,9.3,17.7
-86.8518,35.3127,1,1,2018,261,0.10868079289131921,0.20298795402050018,0.28068816661834717,300.76,293.44,16.900000000000002,53.6
-87.154,33.269,1,1,2017,276,0.16079923882017128,0.09914899617433548,0.17407697439193726,300.2514285714286,292.8228571428571,20.3,43.5
-80.759954,34.959377,1,1,2017,81,-0.04003481288076589,0.32707419991493225,0.3497118353843689,294.108,274.416,9.4,39.1
-82.6682,28.0746,1,0,2020,109,0.3006187326648176,0.2347487211227417,0.07689756155014038,,295.68,28.3,46.1
-79.461517,34.532501,1,1,2017,150,0.009257806370626079,0.20532432198524475,0.28678643703460693,300.84000000000003,289.79,14.4,55.6
-80.188336,35.223715,1,1,2019,194,0.12766288291090033,0.29739323258399963,0.36638855934143066,305.08,295.13,22.3,58.7
-79.537197,35.040735,1,1,2018,121,0.0035830063129158847,0.1521456390619278,0.11066730320453644,301.0733333333333,284.6466666666667,18.2,55.400000000000006
-92.5837,32.0722,1,1,2017,325,0.13488372093023257,0.2199929803609848,0.2547805905342102,292.16,285.03000000000003,10.3,21.700000000000003
-84.20808611,32.71806111,1,1,2019,84,0.09272467902995721,0.3280390501022339,0.34251490235328674,292.7633333333333,279.21,21.1,39.0
-78.878159,35.24565,1,1,2018,87,-0.10506741050674105,0.1759576052427292,0.11907806992530823,289.17,275.56666666666666,13.5,31.1
-79.43077,35.164734,1,1,2017,49,0.1399662731871838,0.16942241787910461,0.11719796806573868,291.648,278.68333333333334,13.4,27.6
-78.49,36.134,1,1,2017,65,0.007771371270995237,0.2324810028076172,0.2548302710056305,285.9733333333333,275.86,9.5,29.3
-84.47555556,30.22361111,1,1,2018,81,0.1521119461000259,0.15352001786231995,0.11611564457416534,294.36400000000003,283.41200000000003,27.5,44.0
-79.800003,33.650002,1,1,2018,64,-0.007420340462680052,0.1797499805688858,0.21268293261528015,290.504,277.82,10.5,29.700000000000003
-80.624589,36.346051,1,1,2018,100,0.044444444444444446,0.2966407835483551,0.30303502082824707,286.0,276.32,14.3,36.4
-92.9349,30.8965,1,1,2020,286,0.2924683892248488,0.3625424802303314,0.37375086545944214,299.3,290.88,23.700000000000003,37.4
-83.73973611,32.03520278,1,1,2019,209,0.13060365754976533,0.07565551996231079,0.14157572388648987,303.36,293.94,29.3,51.400000000000006
-92.8478,30.8979,1,1,2019,329,0.07750651813225883,0.21409691870212555,0.22745227813720703,290.93333333333334,278.964,11.9,21.0
-84.392067,35.41355,1,1,2018,92,-0.014391829155060354,0.4200058579444885,0.45499616861343384,,278.0,9.9,32.300000000000004
-88.25,30.38,1,1,2018,55,0.07421097526300825,0.26145029067993164,0.2578599154949188,295.85333333333335,292.47,,
-80.425,27.6917,1,0,2017,79,0.08143690050780515,0.07216747105121613,0.057793594896793365,300.34000000000003,285.16,10.9,50.0
-81.578033,33.528492,1,1,2018,237,0.11705822267620021,0.09763701260089874,0.047996897250413895,302.37333333333333,291.48,31.200000000000003,64.0
-83.340833,36.225317,1,1,2017,344,-0.044729270206643995,0.3926178514957428,0.41200992465019226,282.952,281.8,5.0,11.700000000000001
-93.0969,32.3755,1,1,2017,70,-0.09083245521601686,0.28639835119247437,0.2718311548233032,295.14,280.0,,
-83.50340833,32.19699444,1,1,2018,13,-0.12963855421686746,0.1797257512807846,0.18057666718959808,286.71,285.02,8.0,15.100000000000001
-81.215988,33.907681,1,1,2019,25,-0.014385353095030515,0.19342611730098724,0.10802158713340759,281.605,275.81333333333333,5.2,16.6
-82.243656,35.234688,1,1,2017,42,-0.07995791688584955,0.2395249605178833,0.2523193061351776,287.925,274.62666666666667,7.2,25.3
-79.701554,34.838332,1,1,2019,134,0.17967874486365334,0.16443553566932678,0.12281737476587296,299.72,286.12,30.1,54.300000000000004
-79.039446,34.314308,1,1,2017,362,-0.032095657646318436,0.20566526055335999,0.20222803950309753,288.57,,3.1,8.1
-79.840828,34.069584,1,1,2020,116,0.21068566340160286,0.1996765434741974,0.21079178154468536,296.6,286.49333333333334,26.8,52.7
-78.375633,35.425417,1,1,2019,178,0.2945079248064873,0.18644098937511444,0.2696293890476227,305.63,296.52,19.5,69.60000000000001
-79.156334,35.505278,1,1,2017,300,0.20179372197309417,0.19968554377555847,0.25494813919067383,294.72,285.52,15.100000000000001,26.900000000000002
-79.437927,34.546185,1,1,2017,26,-0.1719438877755511,0.27874991297721863,0.3715263605117798,289.848,280.68,,
-83.56165,30.73979444,1,1,2018,23,-0.10154346060113728,0.13261842727661133,0.15945975482463837,286.068,273.8066666666667,6.5,24.1
-78.170217,35.957667,1,1,2018,88,0.021207177814029365,0.25193658471107483,0.24358651041984558,289.455,277.72,10.200000000000001,30.3
-80.371109,32.690556,1,1,2017,15,0.10504201680672269,0.16472476720809937,0.15953285992145538,288.4142857142857,283.6466666666667,10.0,18.0
-81.76753333,31.33328611,1,0,2019,181,0.18808622675662334,0.18303492665290833,0.22132308781147003,306.45,296.02,27.3,62.300000000000004
-84.0066,30.5126,1,1,2018,24,-0.09371980676328502,0.14396311342716217,0.12384417653083801,287.61333333333334,273.85,6.4,24.400000000000002
-79.534746,35.797887,1,1,2017,360,2.929973630237328E-4,0.28594422340393066,0.32830822467803955,286.88,277.46,5.7,11.4
-82.5845,29.252,1,1,2019,125,0.06263982102908278,0.19341003894805908,0.05756136029958725,302.44666666666666,292.7,19.700000000000003,53.400000000000006
-82.2218,30.0766,1,1,2020,85,0.06535668517727466,0.09892508387565613,0.11241330206394196,300.01,291.16400000000004,37.4,53.6
-89.05503583,34.43177149,1,1,2017,28,-0.1811303960836671,0.3429427742958069,0.40075868368148804,286.48,276.1,7.5,16.0
-82.41423333,32.04780556,1,1,2017,361,0.011039794608472401,0.18916566669940948,0.140414759516716,288.28000000000003,289.37,5.300000000000001,8.4
-80.9308,27.6962,1,0,2017,92,-0.05234619395203337,0.14376920461654663,0.03719726577401161,308.23333333333335,287.872,15.8,51.900000000000006
-82.94694444,31.33944444,1,1,2019,203,0.2051948051948052,0.14699450135231018,0.1252976804971695,304.11333333333334,294.22,32.7,59.6
-83.39671389,32.49684444,1,1,2017,65,-0.026173285198555957,0.1966533660888672,0.2370690256357193,293.436,278.66,10.600000000000001,33.4
-80.14222,33.119961,1,1,2019,85,0.1502708867978329,0.19890739023685455,0.22484426200389862,295.344,281.165,17.400000000000002,40.5
-78.483725,34.419708,1,1,2020,85,0.05475141598489616,0.29908987879753113,0.26451289653778076,296.51,289.32,,
-82.009125,34.887676,1,1,2017,34,-0.07019027484143764,0.3053091764450073,0.3101291358470917,286.244,276.11333333333334,6.9,20.8
-85.1033,30.7646,1,1,2020,114,0.1693831895174177,0.31144678592681885,0.10382992774248123,301.0866666666667,284.93333333333334,33.300000000000004,54.6
-78.478525,34.229374,1,0,2019,240,0.1577951265673054,0.43407896161079407,0.7853224277496338,301.44666666666666,293.35333333333335,23.3,43.800000000000004
-78.592808,36.284974,1,1,2019,25,0.04323877719636464,0.42377278208732605,0.4284561574459076,281.07,274.56,5.2,14.0
-83.86877778,33.37044444,1,1,2017,210,0.2986463620981388,0.2905522882938385,0.34670454263687134,301.565,294.55,21.5,59.400000000000006
-79.982903,33.826351,1,1,2019,241,-0.01979544704717915,0.14672741293907166,0.1510421484708786,302.3666666666667,295.63,20.1,46.900000000000006
-79.523263,36.268148,1,1,2018,87,-0.08272969881814717,0.353142648935318,0.3639511168003082,288.184,274.63,11.600000000000001,29.6
-84.44800833,30.90454167,1,1,2017,76,0.05384615384615385,0.12757350504398346,0.12045122683048248,290.74,277.71,21.0,42.6
-79.709183,33.856377,1,1,2018,330,0.11700716370390024,0.24635449051856995,0.24167175590991974,286.6533333333333,280.03000000000003,8.8,15.200000000000001
-88.84168534,31.5649558,1,-1,2020,71,0.0778990104034509,0.7059791088104248,0.9072692394256592,287.18666666666667,283.545,19.3,32.4
-84.55295,35.941867,1,1,2017,89,-0.10659694288012872,0.268433541059494,0.3199388086795807,292.7066666666667,284.18,13.200000000000001,32.2
-80.88395,36.257433,1,1,2017,273,0.1471993052540165,0.23086483776569366,0.3021452724933624,299.235,290.9166666666667,21.5,40.800000000000004
-82.8035,30.4989,1,0,2017,207,,0.21805265545845032,0.1514267474412918,302.02,295.0,,
-81.98833333,30.88033333,1,1,2018,22,-0.07675244010647737,0.2691572308540344,0.30237823724746704,287.15500000000003,273.495,7.9,22.8
-90.93944444,31.87805556,1,1,2019,335,-0.06149193548387097,0.21348923444747925,0.2597891092300415,288.35,280.08,8.6,19.3
-81.638,29.5333,1,0,2020,141,0.04307116104868914,0.07012975960969925,0.0713537186384201,303.42,292.4533333333333,12.5,58.6
-81.000745,36.381738,1,1,2017,59,-0.1711803781297905,0.24422065913677216,0.24620890617370605,289.88,274.64,7.800000000000001,25.1
-86.1083,30.7916,1,1,2017,283,0.16797642436149313,0.23011371493339539,0.16742081940174103,303.36,293.19666666666666,27.400000000000002,47.7
-88.44111111,34.87833333,1,1,2018,119,0.14996203492786636,0.3380042314529419,0.34152138233184814,295.23333333333335,284.67,22.0,43.2
-89.3706417,33.52131533,1,1,2018,65,-0.008799171842650104,0.32954150438308716,0.33992505073547363,291.41,279.5133333333333,8.1,29.6
-78.348312,36.250561,1,0,2020,196,0.18469565217391304,0.2301592379808426,0.22827859222888947,304.895,294.2,35.5,66.0
-82.72866667,33.38733333,1,1,2020,212,0.24704956726986624,0.29107576608657837,0.3312477171421051,301.65000000000003,295.26,25.0,66.0
-84.9718,30.7016,1,1,2019,51,-0.056327985739750445,0.24233567714691162,0.21526972949504852,285.88,286.02,15.5,30.900000000000002
-84.49868611,32.94690278,1,1,2017,27,-0.2354442124797031,0.2646065652370453,0.24774150550365448,287.43,279.8333333333333,5.800000000000001,20.900000000000002
-76.98732,36.358852,1,1,2019,282,0.19152615650670127,0.20293927192687988,0.25324955582618713,303.43333333333334,290.46500000000003,20.1,36.2
-81.23,27.57,1,1,2018,336,0.05647382920110193,0.06774598360061646,0.03715803101658821,298.06,285.94,10.9,26.700000000000003
-83.377675,31.56303889,1,1,2018,31,-0.09785804283914322,0.15446747839450836,0.14779141545295715,285.26,275.3666666666667,7.800000000000001,19.200000000000003
-92.7669,30.9334,1,1,2018,234,0.21861777150916784,0.12375854700803757,0.2048114538192749,302.1566666666667,295.524,19.0,56.0
-82.87759444,32.22284167,1,1,2018,291,0.11505997334517992,0.14749319851398468,0.13508261740207672,299.59000000000003,289.56,20.6,34.300000000000004
-80.747354,35.587461,1,1,2019,253,-0.031135531135531136,0.22170814871788025,0.2967415750026703,307.408,293.42,,
-79.85347,34.111629,1,1,2018,197,0.21395348837209302,0.07094025611877441,0.12069881707429886,307.1466666666667,295.45,31.900000000000002,60.2
-89.93100499,34.39206024,1,1,2017,335,-0.08620320855614973,0.17167778313159943,0.2519194781780243,290.572,279.05,7.0,22.1
-81.88145278,32.03735556,1,1,2020,128,0.07405956112852664,0.19332090020179749,0.17888391017913818,302.8175,288.6466666666667,27.5,59.7
-81.623475,31.18446944,1,1,2018,60,0.09663526244952894,0.1628022938966751,0.18258702754974365,300.5,289.2275,22.1,35.800000000000004
-88.014,34.203,1,1,2017,127,0.31549067315490675,0.24296918511390686,0.2751156985759735,296.54,283.2866666666667,32.4,53.6
-84.998167,35.7187,1,-1,2019,42,,0.3491186499595642,0.33314254879951477,275.66,279.94,,
-81.911014,35.205006,1,1,2019,31,0.019838354151359296,0.3559647500514984,0.33712881803512573,281.5333333333333,271.43,6.1000000000000005,16.1
-83.11555278,30.79408889,1,1,2020,249,0.06475667189952904,0.14185091853141785,0.07556064426898956,306.46,297.42,29.700000000000003,42.0
-87.0722,30.8869,1,1,2018,16,-0.047823289727643145,0.5785428285598755,0.8768754005432129,283.18,275.27500000000003,9.700000000000001,16.7
-80.863598,35.5267,1,1,2019,175,0.07816711590296496,0.3800920248031616,0.41260048747062683,302.54400000000004,296.56,21.900000000000002,60.900000000000006
-81.301863,35.457106,1,1,2020,63,0.028464575109079578,0.3659304678440094,0.33662059903144836,284.2266666666667,271.9866666666667,9.700000000000001,20.0
-76.356027,36.242172,1,1,2019,4,-0.004655493482309125,0.42588353157043457,0.4104646146297455,,279.76,6.9,9.8
-81.156917,36.25205,1,1,2020,65,0.016483516483516484,0.33864304423332214,0.35652416944503784,279.68,274.56666666666666,10.8,26.8
-80.0998,26.9173,1,1,2017,39,0.12095933263816476,0.1222493126988411,0.07642600685358047,300.81,291.245,,
-79.160374,35.47853,1,1,2017,109,0.2403262915708011,0.2692195177078247,0.29205653071403503,303.22,290.46,28.900000000000002,53.0
-83.88230278,30.66976667,1,1,2018,59,0.07564766839378238,0.2071501463651657,0.2085995376110077,299.06666666666666,291.16,14.4,37.5
-79.310033,34.981435,1,1,2019,147,0.1410385259631491,0.12347061187028885,0.08713923394680023,307.09000000000003,294.06,28.5,76.9
-77.722667,35.725307,1,1,2017,55,0.006896551724137931,0.1409725695848465,0.13794071972370148,292.28000000000003,279.8,,
-82.90191667,31.52466944,1,1,2017,88,-0.049474335188620905,0.10652752220630646,0.1349700391292572,303.62,288.545,6.4,43.900000000000006
-78.907708,35.355663,1,1,2017,229,0.2530833744449926,0.14628741145133972,0.09786032140254974,303.03000000000003,293.18,27.3,59.6
-78.072647,36.000657,1,1,2018,110,0.10199373867193937,0.24821221828460693,0.27387604117393494,297.2666666666667,286.62,14.600000000000001,44.7
-78.893138,34.88779,1,1,2018,72,-0.00943577893317928,0.21876132488250732,0.2154264599084854,287.9533333333333,274.42,8.3,19.3
-81.99901389,31.13203889,1,1,2019,262,0.25618915159944367,0.07708694040775299,0.0650022029876709,303.46,294.31333333333333,19.5,54.6
-81.55663611,32.11582778,1,1,2020,98,0.26485814868502794,0.16308370232582092,0.13364842534065247,294.004,285.1333333333333,32.4,49.400000000000006
-80.22415,35.275583,1,1,2017,212,0.3175495708789583,0.08580823242664337,0.1585485339164734,303.6,292.37333333333333,33.5,59.2
-79.273355,34.853601,1,1,2018,37,-0.03591497678964085,0.21605230867862701,0.2054906040430069,283.748,273.6066666666667,6.2,16.0
-79.22817,34.558245,1,1,2019,86,0.12832263978001834,0.2933734655380249,0.3698863983154297,292.74,279.5,10.700000000000001,38.0
-92.7669,30.9334,1,1,2017,144,,0.26803091168403625,0.28387272357940674,298.71,291.92,,
-81.063339,32.449818,1,1,2017,76,0.06415655189497152,0.13355495035648346,0.15637041628360748,289.895,282.28000000000003,10.0,42.300000000000004
-84.91573889,31.66933333,1,1,2017,80,-0.05371723248818221,0.14464184641838074,0.10535458475351334,294.53000000000003,280.4166666666667,9.1,40.2
-92.6674,31.0868,1,1,2018,65,0.18252898355351846,0.31989794969558716,0.32442212104797363,291.82,282.9066666666667,20.200000000000003,33.300000000000004
-80.410141,34.562798,1,1,2019,237,0.2052366565961732,0.1264626383781433,0.053909774869680405,304.8,295.5,38.1,53.0
-88.57905751,34.71202517,1,1,2018,126,0.11341206924445882,0.3318991959095001,0.3634442687034607,296.245,285.988,21.0,52.1
-82.90995833,32.51358333,1,1,2017,326,0.04599145513948228,0.13729001581668854,0.16328658163547516,291.308,280.9166666666667,8.6,21.200000000000003
-81.426,27.7573,1,0,2018,163,0.08322121852777244,0.15647174417972565,0.08249478042125702,303.68,294.69,,
-84.42370833,30.92916667,1,1,2019,16,-0.05201305767138194,0.2035798281431198,0.18336531519889832,287.98400000000004,277.5333333333333,7.2,17.3
-84.07555556,32.59494444,1,1,2018,77,0.005819787276740919,0.22237737476825714,0.2489478886127472,292.67,276.425,12.100000000000001,31.6
-81.290215,33.198769,1,1,2019,151,0.051761102603369066,0.0749126747250557,0.14010629057884216,308.172,296.32,17.400000000000002,81.0
-83.11371667,30.95619722,1,1,2017,74,0.012048192771084338,0.15047670900821686,0.11399532109498978,297.90000000000003,281.82,8.6,43.800000000000004
-81.804985,35.662327,1,1,2017,48,-0.13870077752696264,0.25173306465148926,0.2809382975101471,289.86,279.325,,
-79.279792,34.618991,1,1,2019,302,0.036290322580645164,0.2018694430589676,0.23840954899787903,297.556,287.09200000000004,12.3,27.1
-79.006644,36.333626,1,1,2017,330,-0.1301789654327041,0.2456488162279129,0.27683037519454956,287.0766666666667,273.265,5.1000000000000005,20.5
-79.33388,34.635412,1,1,2020,67,0.04103311810039575,0.32558196783065796,0.324174702167511,288.50666666666666,277.235,10.3,26.400000000000002
-77.859891,36.175262,1,1,2019,164,0.3229624619546838,0.23399819433689117,0.23569127917289734,297.0266666666667,286.78000000000003,34.5,60.2
-83.2341,30.0826,1,1,2020,34,-0.14118689105403012,0.12284190207719803,0.10744141042232513,293.925,278.485,11.200000000000001,24.3
-84.01260556,34.59964444,1,1,2019,277,0.25375984721890665,0.08059733361005783,0.12369705736637115,302.9433333333333,293.98285714285714,17.2,45.5
-78.237925,35.930006,1,1,2017,64,-0.008573312816003518,0.22631032764911652,0.24558357894420624,286.8,276.825,10.100000000000001,29.200000000000003
-86.573,31.927,1,1,2019,259,0.2343547690979715,0.12132351845502853,0.2104940563440323,304.41333333333336,295.904,28.5,59.800000000000004
-80.17472222,35.49305556,1,1,2017,99,-0.026396983201919782,0.34871745109558105,0.37840721011161804,294.1,287.64,15.4,49.5
-84.987167,36.068167,1,-1,2019,284,0.07922201138519924,0.12020543962717056,0.19409428536891937,299.48,287.77500000000003,10.0,35.2
-87.0729,30.4841,1,0,2020,170,0.0989429175475687,0.15370088815689087,0.09319800138473511,302.52285714285716,295.5733333333333,32.0,59.1
-83.060353,35.565484,1,1,2017,99,-0.1359244148593515,0.28353190422058105,0.33971092104911804,298.0866666666667,279.356,7.9,49.400000000000006
-88.64277778,31.63916667,1,1,2019,152,0.16250209626027168,0.15034441649913788,0.20453430712223053,303.4266666666667,296.04400000000004,31.5,71.5
-79.21867,35.68075,1,1,2017,77,-0.04265849634692435,0.24252118170261383,0.22353878617286682,286.99,271.94666666666666,13.0,31.900000000000002
-81.356054,36.31375,1,1,2019,32,-0.11312217194570136,0.3743646740913391,0.40707775950431824,274.56,,,
-81.95402222,32.66516667,1,1,2018,29,-0.02522812667740204,0.2187109738588333,0.21816402673721313,286.476,277.36,7.0,17.5
-78.009225,35.482673,1,1,2017,63,-0.0636240572423129,0.16767403483390808,0.20268535614013672,291.83714285714285,280.10400000000004,9.1,29.200000000000003
-83.10429395,35.92322694,1,1,2020,310,0.1947069943289225,0.25520509481430054,0.30361828207969666,289.66400000000004,281.6,5.2,27.8
-85.6564,30.2768,1,0,2019,175,0.31793364132717344,0.17202317714691162,0.09164712578058243,304.61,296.64,,
-81.54444444,29.10444444,1,0,2018,268,0.2850455777285046,0.13973918557167053,0.08361934870481491,303.55,295.065,35.4,48.900000000000006
-79.405931,36.492555,1,1,2019,80,-0.08594757198109153,0.42354050278663635,0.4321705996990204,289.065,273.685,11.0,28.1
-80.876169,35.615499,1,1,2018,54,0.0013301409949454642,0.4048457443714142,0.4249759316444397,289.42,287.36,,
-81.6498,29.7326,1,1,2017,22,0.18046132971506107,0.12524890899658203,0.08873540908098221,295.008,288.4266666666667,17.1,30.0
-78.685117,35.935917,1,1,2018,107,0.17036042086411463,0.3307631015777588,0.35694536566734314,295.90500000000003,282.61,21.1,46.1
-80.5914,25.3872,1,1,2018,212,0.16405900759946357,0.2634701132774353,0.3114452064037323,305.06,297.28000000000003,23.5,42.0
-79.645841,35.029036,1,1,2020,267,0.15755627009646303,0.12299191206693649,0.08341391384601593,294.7133333333333,283.93333333333334,17.0,37.9
-92.57,32.8559,1,1,2017,294,0.17016868896123113,0.09496847540140152,0.15656915307044983,296.13,287.66400000000004,10.200000000000001,31.0
-82.72055,35.583267,1,1,2020,87,-0.06239388794567063,0.3103347420692444,0.3463699221611023,294.02,279.19,12.4,29.0
-83.97588889,32.54775,1,1,2018,17,0.0997485331098072,0.23974308371543884,0.24715979397296906,278.44,286.46,7.4,20.5
-84.42493405,30.40274569,1,1,2020,86,0.2369620253164557,0.123808853328228,0.12674137949943542,301.22,290.815,32.7,51.1
-76.649399,36.054454,1,1,2018,87,0.06053726825576996,0.270378977060318,0.2951034605503082,287.13,273.92,11.600000000000001,31.3
-81.87544444,32.07297222,1,1,2018,47,0.15179662674162797,0.1678905189037323,0.1293436735868454,,279.98,15.8,23.900000000000002
-82.15430833,31.44507222,1,1,2018,17,0.059694364851957976,0.13616642355918884,0.10638220608234406,282.66,276.92,7.800000000000001,22.400000000000002
-89.28166667,34.85083333,1,1,2019,55,-0.07001102535832414,0.3922748267650604,0.41578465700149536,287.6,276.12,,
-80.925957,32.751152,1,1,2020,85,0.03832912554509984,0.30348441004753113,0.29527461528778076,301.16,289.96,21.5,36.9
-81.1499,27.6915,1,1,2020,127,0.14562043795620438,0.08439996093511581,0.04893720895051956,306.575,289.0342857142857,19.3,61.7
-86.673,33.221,1,1,2019,261,0.23479683665121354,0.152798593044281,0.2444291114807129,306.468,295.87666666666667,20.400000000000002,55.900000000000006
-81.7229,28.6508,1,1,2018,86,-0.05255972696245734,0.35100990533828735,0.7435178756713867,300.24666666666667,286.91,11.4,50.800000000000004
-82.2998,29.9498,1,1,2017,84,-0.13516160626836435,0.08241771161556244,0.099615179002285,301.4766666666667,283.3571428571429,,
-76.8637,34.81095,1,1,2019,298,0.08513289036544851,0.37943488359451294,0.7454912066459656,297.7666666666667,280.68,,
-81.7942,28.4391,1,0,2017,122,-0.016913635683280945,0.07050653547048569,0.018625421449542046,306.79,291.98,22.700000000000003,58.800000000000004
-81.95845,31.72743056,1,1,2018,64,0.0018407731247123793,0.1205458790063858,0.09363386034965515,295.40500000000003,282.28000000000003,14.0,35.300000000000004
-78.53271,36.419211,1,1,2019,338,0.17076326002587322,0.22504979372024536,0.23445455729961395,283.43,275.08,5.6000000000000005,11.8
-93.10829647,31.05936554,1,1,2020,342,0.21354933726067746,0.3173269033432007,0.33944815397262573,284.68666666666667,277.46,6.7,16.6
-86.367,32.952,1,0,2019,182,0.24488778054862842,0.11879990994930267,0.11696448922157288,300.63,295.17,37.9,52.900000000000006
-80.793747,32.920422,1,1,2019,80,0.10387065164135229,0.15071336925029755,0.18748065829277039,296.14,276.18,11.700000000000001,29.6
-83.342617,35.85355,1,1,2017,275,0.27628607277289835,0.09671483188867569,0.19792550802230835,295.91333333333336,289.584,21.6,41.0
-88.94805556,32.9525,1,1,2020,359,0.07224532224532225,0.37105342745780945,0.38355305790901184,283.62,275.72,6.4,14.0
-82.9697,30.3363,1,1,2017,103,0.09464863835459912,0.11101619154214859,0.11804506182670593,300.58285714285716,286.46285714285716,18.5,57.300000000000004
-88.883317,36.3391,1,1,2017,270,0.01869319156233922,0.11006321012973785,0.20334693789482117,304.07599999999996,293.3625,10.600000000000001,47.0
-88.51091324,34.32879533,1,1,2017,79,-0.051321249181043894,0.24901683628559113,0.30513855814933777,292.1,277.1533333333333,11.8,33.2
-79.743769,35.537065,1,1,2018,105,0.23119777158774374,0.39812228083610535,0.36851412057876587,293.76,286.8,24.5,44.6
-79.788925,33.821262,1,1,2018,171,0.07694974003466204,0.11149978637695312,0.16135600209236145,305.76,,16.2,63.5
-84.28578056,32.53235278,1,1,2020,5,-0.17586206896551723,0.20722635090351105,0.10989568382501602,288.4533333333333,278.73,10.8,23.5
-78.869698,35.210266,1,1,2019,173,0.014860577725830689,0.14003905653953552,0.0876624658703804,304.735,294.34000000000003,19.8,62.5
-84.25383333,32.98713889,1,1,2018,301,0.0985178727114211,0.32882925868034363,0.3658030033111572,290.795,284.12,15.4,26.0
-93.5118,30.4052,1,1,2017,92,0.15801303663744662,0.36459439992904663,0.3419457972049713,300.29,289.64,29.6,52.5
-89.36388,36.14117,1,1,2020,359,-0.14415862808145766,0.30159541964530945,0.32679036259651184,279.705,272.92,5.800000000000001,13.3
-78.582364,34.656418,1,1,2017,65,0.035402097902097904,0.1553936004638672,0.1065453439950943,290.676,274.64,10.9,29.700000000000003
-81.51638889,31.81861111,1,1,2019,183,0.19173942243116185,0.18625286221504211,0.27108195424079895,306.55,295.93,11.9,65.0
-83.19169444,31.04527778,1,1,2018,17,0.029746070133010883,0.41796573996543884,0.7901895642280579,285.8933333333333,282.57,7.1000000000000005,23.400000000000002
-79.3459,34.9694,1,1,2019,28,-0.010855176065660577,0.2202541083097458,0.14625030755996704,279.205,275.18666666666667,6.0,16.7
-79.725647,34.255547,1,1,2017,72,-0.07297297297297298,0.22872062027454376,0.19039182364940643,295.48,280.188,9.600000000000001,31.0
-79.198314,36.49132,1,1,2020,90,0.00973338975878121,0.30764347314834595,0.33777061104774475,296.74,279.74,15.0,37.7
-81.54833333,29.06555556,1,1,2019,150,0.30538922155688625,0.07383161783218384,0.04614418372511864,306.0571428571429,293.58,52.300000000000004,75.0
-89.13337396,30.42827834,1,1,2019,363,0.00535031847133758,0.2537146210670471,0.24991466104984283,,281.56,5.5,10.0
-82.42919167,31.51756944,1,1,2019,292,0.030809859154929578,0.1735042780637741,0.08974160254001617,304.49,290.39,17.5,32.800000000000004
-83.4231,30.5298,1,1,2018,285,0.17530163236337828,0.13187983632087708,0.058962881565093994,303.29,294.016,,
-83.41369444,32.31022222,1,1,2019,273,0.03741373047584454,0.08431202918291092,0.1400461047887802,307.6457142857143,293.71714285714285,13.100000000000001,46.900000000000006
-93.6277,30.3912,1,1,2017,10,0.12818877551020408,0.34507206082344055,0.3585972785949707,280.74666666666667,280.5866666666667,,
-89.19140419,33.57031223,1,1,2017,28,-0.028620492272467088,0.3413558602333069,0.36609071493148804,286.648,276.21500000000003,7.1000000000000005,18.5
-89.69971688,31.51200198,1,1,2020,131,0.06254008980115458,0.2356829196214676,0.22578904032707214,298.348,288.645,35.4,48.900000000000006
-85.451,33.749,1,1,2017,116,0.26172052799271733,0.1988687664270401,0.2195086032152176,298.98,287.5,19.1,47.900000000000006
-79.805923,33.665863,1,1,2018,236,0.23642857142857143,0.10300709307193756,0.15936093032360077,304.995,295.97,51.5,68.9
-83.082,30.0219,1,1,2020,58,-0.042155584528465885,0.18563657999038696,0.14979879558086395,290.67333333333335,278.7133333333333,13.9,29.900000000000002
-80.380788,36.259993,1,1,2017,358,-0.05413499193734163,0.31010180711746216,0.3396179676055908,285.55333333333334,280.76,6.4,10.600000000000001
-79.52182,33.703903,1,1,2017,65,-0.046296296296296294,0.1632061004638672,0.1855553537607193,291.868,278.14,6.7,29.700000000000003
-86.9937,30.8988,1,1,2019,196,0.17767188563648742,0.42640262842178345,0.7751380801200867,307.25,,28.6,48.6
-88.66972222,30.45194444,1,1,2017,59,0.10081053698074975,0.28181830048561096,0.29705119132995605,295.6,284.72,16.5,38.0
-83.742875,32.48816667,1,1,2018,5,-0.12509876218066895,0.14416109025478363,0.18721139430999756,282.256,272.2133333333333,5.1000000000000005,14.700000000000001
-89.05861111,31.08916667,1,1,2018,18,0.15873015873015872,0.22356896102428436,0.217625230550766,278.34000000000003,287.03000000000003,,
-81.65138889,36.01111111,1,1,2018,73,0.014042426053181954,0.2344525307416916,0.2580244541168213,278.7,,10.0,29.400000000000002
-81.74631111,32.30928056,1,1,2019,259,0.14944237918215614,0.08265774697065353,0.06886197626590729,304.5933333333333,296.36400000000003,18.2,52.900000000000006
-81.49583333,29.03555556,1,1,2019,86,0.0822841726618705,0.4225238561630249,0.7634410858154297,300.01,285.92285714285714,15.200000000000001,42.900000000000006
-81.9229,28.2591,1,1,2018,83,-0.01222850885198029,0.07906400412321091,0.048857711255550385,300.92400000000004,283.81333333333333,17.0,50.7
-83.1502,30.5005,1,1,2020,359,-0.1091387245233399,0.22658322751522064,0.10465291142463684,288.86,278.2266666666667,,
-87.763,31.765,1,1,2019,188,0.28518713758566155,0.25468558073043823,0.19628140330314636,301.90000000000003,295.6466666666667,27.700000000000003,65.3
-79.523094,35.043359,1,1,2019,30,-0.03577661431064572,0.23217958211898804,0.14775827527046204,281.24,274.43,5.800000000000001,16.1
-78.639226,35.420274,1,1,2018,120,0.2126252126252126,0.1833718866109848,0.23056195676326752,296.145,284.56,21.400000000000002,38.300000000000004
-87.197,31.583,1,1,2017,133,0.35298621745788666,0.22881540656089783,0.2004481852054596,299.096,286.325,53.7,68.7
-81.062,29.1386,1,1,2018,93,0.18079519879969994,0.13960795104503632,0.07131075114011765,299.5266666666667,289.6666666666667,22.8,48.800000000000004
-82.8149,30.0871,1,1,2018,11,0.026552868658131817,0.19438423216342926,0.16553375124931335,283.35333333333335,272.74,8.3,17.7
-80.891624,32.416199,1,1,2019,37,0.04042766455061811,0.222027987241745,0.19433270394802094,291.0266666666667,278.90000000000003,,
-80.4973,27.5665,1,1,2020,110,-0.07788662277180022,0.09496229141950607,0.06324109435081482,305.54,294.84000000000003,12.4,51.400000000000006
-82.004308,35.825288,1,1,2019,84,-0.0962962962962963,0.3317011594772339,0.32530298829078674,289.89,275.96,7.4,34.6
-79.880531,33.864109,1,1,2018,93,-0.09569297804591922,0.14717631042003632,0.18514131009578705,300.05,283.62,8.8,37.5
-88.348,30.711,1,1,2018,132,0.03760217983651226,0.09933383017778397,0.09379573911428452,308.0133333333333,291.57714285714286,19.1,61.1
-90.10364374,31.4131043,1,1,2017,28,0.12195121951219512,0.2865462899208069,0.31115907430648804,289.47,284.4733333333333,9.0,22.1
-82.53305556,31.46930556,1,1,2017,221,0.3129112775130474,0.2127198576927185,0.11957624554634094,,294.28000000000003,,
-82.79523333,32.10784444,1,1,2020,230,0.15751357875678937,0.10184647887945175,0.11419180780649185,304.77,296.62,,
-83.3493,29.7193,1,1,2018,50,0.0852312749471707,0.16302843391895294,0.12076742202043533,295.55,289.15000000000003,25.1,42.1
-80.507622,33.48724,1,1,2018,87,-0.04117869285984133,0.12011042982339859,0.13250580430030823,292.195,279.145,13.700000000000001,34.800000000000004
-79.040906,35.870368,1,1,2017,291,0.2202258726899384,0.15050055086612701,0.2011522501707077,293.42,288.764,13.8,30.400000000000002
-81.84445833,31.77052778,1,1,2018,19,-0.05508662816525989,0.39892008900642395,0.7707786560058594,281.5933333333333,274.145,7.0,21.400000000000002
-78.99061,35.3097,1,1,2019,19,0.1788642575159429,0.25068390369415283,0.2031676471233368,285.22,272.96,8.1,13.3
-81.7397,26.2045,1,1,2019,54,0.0650347972162227,0.13091067969799042,0.11230669915676117,303.39,293.66400000000004,,
-81.99313889,32.36347222,1,1,2017,134,0.06273282670242884,0.1364710032939911,0.15770623087882996,304.79333333333335,289.63599999999997,11.9,64.3
-78.04776,34.255795,1,1,2019,54,-0.0391304347826087,0.23119144141674042,0.18438921868801117,,287.46,13.3,19.900000000000002
-81.0469,27.1347,1,0,2019,84,0.1404096834264432,0.09522045403718948,0.12397853285074234,301.05333333333334,286.3,15.100000000000001,49.1
-77.232829,35.828478,1,1,2017,24,0.007428807263722658,0.24957413971424103,0.24229639768600464,287.8,277.56,7.800000000000001,12.100000000000001
-82.81236111,31.88497222,1,1,2018,72,-0.08400833140476742,0.18506991863250732,0.1926603466272354,290.06,278.11,10.4,27.8
-88.786583,36.292267,1,1,2018,99,-0.021299638989169676,0.3633924722671509,0.385185569524765,288.75333333333333,273.8266666666667,13.700000000000001,29.3
-82.98421944,32.30027778,1,1,2018,59,-0.09510459348716843,0.1967131346464157,0.1999325454235077,297.51,290.00333333333333,,
-79.796764,35.865497,1,1,2017,46,0.016313519594974686,0.33333060145378113,0.3295064866542816,288.7,278.5266666666667,8.1,23.8
-81.7302,28.8957,1,1,2020,361,0.20500782472613457,0.13039691746234894,0.07773016393184662,291.415,282.105,,
-84.55123889,32.58026944,1,1,2017,38,-0.07102349446394815,0.32697758078575134,0.2738872766494751,293.385,277.74,11.3,20.200000000000003
-85.2254,30.7108,1,1,2017,14,-0.06929316338354577,0.19796381890773773,0.20217156410217285,288.42285714285714,278.6,9.0,22.0
-79.186005,36.443467,1,1,2017,103,0.05868405453467694,0.288933664560318,0.30639955401420593,297.244,283.72,9.9,46.5
-85.811,33.091,1,1,2019,336,0.21224218230206254,0.25191086530685425,0.2661789357662201,289.795,280.72,7.4,18.7
-78.775785,35.104276,1,1,2017,52,-0.019516728624535316,0.24722826480865479,0.29351186752319336,293.152,279.51,13.9,27.400000000000002
-80.523252,34.916556,1,1,2018,5,0.01626518427012559,0.30730804800987244,0.34620797634124756,277.168,267.47,3.7,11.9
-79.001299,35.98637,1,1,2017,320,0.11485897063099738,0.2346036434173584,0.2756970226764679,286.915,275.2,6.1000000000000005,16.5
-82.2601,27.9603,1,1,2017,117,0.19347196630692287,0.04586678743362427,0.02735299803316593,309.54,292.17333333333335,15.9,61.800000000000004
-89.484381,30.434469,1,1,2017,75,0.06274821286735505,0.18799781799316406,0.18647101521492004,288.86,276.96,16.8,45.2
-80.404139,34.891126,1,1,2019,33,-0.045907319185794715,0.4737524092197418,0.500657320022583,283.23,272.2666666666667,9.4,21.1
-79.159668,33.516666,1,1,2019,113,0.33765224151334544,0.21929298341274261,0.21581879258155823,295.60400000000004,286.48,,
-84.77842222,33.92516111,1,1,2019,86,0.017790027562014532,0.4531635046005249,0.4785289764404297,293.615,281.355,,
-85.08376667,34.36906944,1,1,2019,275,0.19336183052552175,0.13017679750919342,0.18809114396572113,304.7,294.18,19.1,49.800000000000004
-79.311623,33.295448,1,1,2019,56,-0.08050089445438283,0.3467317819595337,0.34892284870147705,294.04,290.44,14.9,22.3
-84.43083889,31.31413333,1,1,2017,82,-0.010622786919391794,0.13902868330478668,0.1975713074207306,298.39428571428573,281.9566666666667,12.0,46.6
-81.6143,28.4669,1,1,2018,102,0.027672273467173086,0.1222444400191307,0.059504520148038864,305.065,289.29,7.0,47.6
-86.405,33.18,1,1,2019,19,0.04342723004694836,0.40125763416290283,0.3802916705608368,283.08,276.08,7.7,12.9
-81.472038,34.165737,1,1,2018,124,0.1581516433452652,0.3329518437385559,0.3718734085559845,298.60285714285715,285.19666666666666,28.1,61.5
-80.521568,33.47073,1,1,2018,71,-0.02673575129533679,0.25569429993629456,0.19936688244342804,290.985,275.21,6.0,23.700000000000003
-84.4663,30.0499,1,1,2018,22,0.1781231320980275,0.10848216712474823,0.07255034893751144,284.76,274.36400000000003,7.7,22.6
-78.844299,34.919291,1,1,2020,3,0.006818716200329179,0.19964711368083954,0.11121756583452225,285.48,281.38,11.0,22.0
-80.593956,33.19442,1,1,2020,92,0.13530326594090203,0.2789163887500763,0.2701205909252167,296.98333333333335,289.83,24.8,42.5
-79.224461,36.082184,1,1,2017,53,-0.09412780656303972,0.3413310945034027,0.3473183512687683,291.615,277.92,8.200000000000001,24.0
-81.72583333,31.30805556,1,1,2019,143,0.23616784255477163,0.11743895709514618,0.21152891218662262,303.74857142857144,293.0657142857143,40.6,72.2
-85.698,31.992,1,1,2017,76,-0.08946412352406903,0.25013208389282227,0.23803545534610748,295.18,274.04,11.0,37.300000000000004
-92.2673,30.5577,1,1,2017,296,-0.052965747702589806,0.22377504408359528,0.26989689469337463,299.04,286.845,6.5,30.1
-87.156,31.234,1,1,2018,119,0.1603840682788051,0.4896155595779419,0.8384696245193481,295.716,285.9428571428571,31.700000000000003,57.300000000000004
-82.51463889,33.31006944,1,1,2017,8,-0.14320987654320988,0.1980016976594925,0.10666034370660782,282.07,286.06,6.9,11.200000000000001
-85.042,31.045,1,1,2019,100,0.062162632770329095,0.17145834863185883,0.10803081840276718,300.82,286.48,22.900000000000002,41.7
-87.559,34.505,1,1,2017,12,-0.035096642929806715,0.3692977726459503,0.38675403594970703,275.3,,10.600000000000001,15.4
-80.405891,36.127806,1,1,2017,46,-0.049289520426287745,0.33272024989128113,0.3505025804042816,288.86,277.04,8.6,24.6
-81.3281,27.7647,1,1,2020,262,0.3684785577711008,0.15654365718364716,0.07682545483112335,,,,
-75.810227,36.129017,1,1,2017,61,0.0802836879432624,0.21630491316318512,0.21816882491111755,293.944,287.22,12.0,28.0
-83.33390556,30.79753889,1,0,2017,187,0.3123504509479109,0.12953875958919525,0.1183788999915123,303.1466666666667,297.41,42.7,57.2
-80.409515,35.244271,1,1,2017,327,0.0696798493408663,0.16860391199588776,0.20059292018413544,288.0733333333333,276.66,5.7,19.900000000000002
-86.321,32.843,1,1,2020,93,0.06212341574901309,0.24786032736301422,0.2464984506368637,294.40500000000003,285.9733333333333,13.3,43.800000000000004
-81.5281,30.0509,1,1,2017,116,0.3346905537459283,0.0691385492682457,0.04131646454334259,303.78000000000003,290.884,23.0,59.300000000000004
-83.2951,29.6718,1,0,2017,175,0.20184501845018452,0.11048249900341034,0.10027793794870377,,294.12666666666667,40.900000000000006,56.2
-81.2031,26.8003,1,1,2018,22,-0.07142857142857142,0.15258006751537323,0.11597686260938644,292.7,280.82,7.9,24.900000000000002
-83.0109,29.6121,1,1,2018,31,0.015652951699463326,0.17802704870700836,0.14309170842170715,288.01,279.4666666666667,9.5,24.0
-81.4849,26.2051,1,0,2020,178,0.3149271844660194,0.10203512758016586,0.09386145323514938,304.44,291.8,40.0,48.5
-81.230917,35.421,1,1,2018,60,-0.033807829181494664,0.4443574547767639,0.43753087520599365,289.78000000000003,285.15000000000003,8.5,23.900000000000002
-86.376,31.967,1,1,2019,281,0.11609756097560976,0.12830181419849396,0.20449358224868774,304.3266666666667,295.425,22.700000000000003,39.900000000000006
-81.828478,35.377001,1,1,2017,75,-0.08848285772941901,0.23462867736816406,0.25373175740242004,292.18666666666667,276.52,8.700000000000001,32.7
-77.461364,34.838543,1,1,2017,62,-0.07612005219660722,0.560613751411438,0.8748655915260315,294.94,287.03000000000003,10.200000000000001,30.200000000000003
-83.37555556,34.52777778,1,1,2017,95,-0.088493582526458,0.3708556890487671,0.3149106800556183,298.34000000000003,288.004,9.9,34.7
-76.656383,35.5134,1,1,2019,205,0.36988068365043536,0.20446503162384033,0.21967379748821259,304.385,300.38,19.700000000000003,50.0
-87.116,31.725,1,1,2017,330,0.21082034695677743,0.1888861209154129,0.23880548775196075,289.796,277.52500000000003,8.6,23.400000000000002
-80.5337,27.0312,1,1,2017,20,0.09701492537313433,0.11642792820930481,0.1047181785106659,298.796,287.44,8.1,33.2
-77.770574,35.052678,1,1,2019,179,0.051990493166963754,0.08805439621210098,0.08841177821159363,305.72400000000005,295.40000000000003,19.200000000000003,67.3
-82.88514444,32.64891111,1,1,2018,92,0.09901639344262295,0.18196873366832733,0.20072372257709503,294.975,285.24,17.0,41.900000000000006
-81.94369167,31.94613611,1,1,2018,92,0.057245418477234085,0.10659031569957733,0.10874374210834503,301.93333333333334,285.916,17.0,39.900000000000006
-85.746533,35.402417,1,1,2017,101,-0.019529293940911366,0.2523612678050995,0.29316142201423645,294.644,277.645,12.700000000000001,50.0
-87.349,33.236,1,1,2020,56,0.0012172854534388314,0.38692280650138855,0.39807435870170593,283.23,271.9,7.800000000000001,16.8
-79.654269,35.899086,1,1,2017,345,-0.03995793901156677,0.27603936195373535,0.2745159864425659,284.51,276.34000000000003,6.2,11.4
-81.9589,26.9267,1,1,2019,81,0.06213078019963333,0.1815999150276184,0.12421497702598572,301.36,289.38,17.5,50.1
-79.341742,34.775273,1,1,2019,237,0.11006103563693641,0.1889626383781433,0.1725926399230957,306.7133333333333,296.92,16.900000000000002,45.400000000000006
-80.632999,36.18957,1,1,2019,262,0.05621301775147929,0.212127223610878,0.2805020809173584,305.26,290.1,23.6,46.5
-81.1572,29.1303,1,1,2017,24,0.25667697497891484,0.10186906903982162,0.05697840452194214,295.496,287.85333333333335,18.2,31.0
-87.038,31.1,1,1,2019,170,0.20833981639956434,0.4126909673213959,0.7555965185165405,306.5,293.08,26.5,49.6
-92.739,30.926,1,1,2017,278,0.2688805570433851,0.1580781787633896,0.22818909585475922,299.504,290.168,28.200000000000003,47.900000000000006
-85.7413,30.8611,1,1,2018,22,0.07425872474416163,0.14153270423412323,0.15302520990371704,284.0133333333333,274.555,7.300000000000001,21.0
-79.44221,34.902899,1,1,2017,336,0.061279826464208244,0.1580008864402771,0.15508203208446503,291.6714285714286,275.88,5.5,22.900000000000002
-79.075774,35.727028,1,1,2017,103,0.2269157291445553,0.2193536013364792,0.25342103838920593,296.052,284.952,15.100000000000001,47.800000000000004
-81.75541667,32.25797222,1,1,2017,32,0.050761421319796954,0.1818372905254364,0.14932584762573242,289.54400000000004,281.464,4.800000000000001,24.200000000000003
-82.522659,34.99855,1,1,2017,75,-0.1284518828451883,0.36725807189941406,0.38727667927742004,295.82,279.6933333333333,8.8,32.0
-82.15894444,31.39818056,1,1,2018,23,-0.02065491183879093,0.12315797805786133,0.09799735248088837,287.8933333333333,271.985,7.300000000000001,22.5
-85.287,32.461,1,1,2017,89,-0.06651933701657459,0.20196625590324402,0.2134934961795807,300.18,287.915,17.2,44.0
-86.238,31.371,1,1,2017,27,-0.10209725743258816,0.3152657449245453,0.3356321156024933,290.57,282.1,7.1000000000000005,21.0
-81.9698,29.4603,1,1,2017,87,0.15703893881044073,0.0740160271525383,0.041753534227609634,302.63,287.54571428571427,20.200000000000003,49.300000000000004
-78.750133,36.110692,1,1,2018,71,-0.029567053854276663,0.36311617493629456,0.35250410437583923,282.0333333333333,274.39,7.4,18.2
-82.8942,29.9216,1,1,2020,267,0.23425263874702076,0.1711181253194809,0.18918783962726593,297.71,293.54,33.0,49.0
-79.65195,36.4428,1,1,2018,71,-0.054260089686098655,0.42146578431129456,0.41427168250083923,281.48,272.9133333333333,8.6,17.7
-88.33611643,34.1747869,1,1,2017,93,0.0292772186642269,0.3499734401702881,0.38963308930397034,298.03000000000003,287.168,19.6,42.5
-86.313,32.406,1,1,2018,105,0.07168587896253602,0.35283419489860535,0.37229830026626587,298.43,281.94,,
-80.747246,32.839653,1,1,2019,206,0.25183374083129584,0.09005425870418549,0.09823437035083771,302.31,297.6,27.700000000000003,56.1
-82.569275,31.91929667,1,1,2018,21,-0.0670568154108754,0.12221759557723999,0.07350780069828033,285.58,273.16,7.300000000000001,21.5
-89.66109706,31.51528318,1,1,2019,80,0.051185464214491466,0.28193894028663635,0.2721364200115204,291.1,279.12,11.8,32.300000000000004
-89.41369993,34.66514596,1,1,2019,79,-0.058333333333333334,0.3228694498538971,0.3678106665611267,290.24,277.64,9.200000000000001,35.5
-85.562,32.244,1,1,2019,78,-0.02506836827711942,0.45078858733177185,0.4803542196750641,292.4866666666667,283.66,11.4,31.1
-82.7214,29.9236,1,1,2019,37,0.02217391304347826,0.226361483335495,0.20196209847927094,291.92,282.97,17.3,29.5
-76.79532,36.496032,1,1,2018,101,0.07912003087610961,0.36392536759376526,0.38364413380622864,289.785,278.75333333333333,12.8,36.2
-84.29766667,32.56088889,1,1,2018,65,-0.21589172669722767,0.23804980516433716,0.10649608075618744,294.21,279.63,8.8,26.0
-86.214,31.071,1,1,2017,60,0.14142480211081795,0.6820630431175232,0.904438853263855,295.06,285.8933333333333,15.4,35.800000000000004
-80.190529,33.808987,1,1,2017,27,-0.012512820512820513,0.2391549050807953,0.2584836781024933,290.596,280.7066666666667,5.0,20.700000000000003
-88.298,30.913,1,1,2018,225,0.20042083114150447,0.1312871277332306,0.14503933489322662,304.87333333333333,294.44,,
-80.376111,36.075635,1,1,2018,101,-0.016976556184316895,0.35843220353126526,0.36960604786872864,290.372,278.73,13.3,37.5
-79.454559,35.948585,1,1,2017,98,0.02650787552823665,0.29631030559539795,0.31757742166519165,296.2266666666667,282.836,18.6,47.5
-88.61659478,32.27091662,1,1,2017,88,0.09376786735277301,0.31673261523246765,0.3310149610042572,297.9266666666667,290.0133333333333,16.6,39.800000000000004
-82.88777778,31.05916667,1,1,2020,345,0.0037253858435337944,0.12982158362865448,0.09487317502498627,287.43333333333334,275.79200000000003,7.6000000000000005,19.400000000000002
-87.25,33.386,1,1,2019,75,0.08800433252098565,0.34275636076927185,0.35721150040626526,,284.52,17.5,34.7
-83.41277778,32.94586111,1,1,2019,205,0.10457619122503538,0.11394988745450974,0.06736057251691818,303.93333333333334,295.3066666666667,40.2,66.5
-79.4658,35.96425,1,1,2019,356,-0.06079907353792704,0.3444431722164154,0.3396647274494171,282.26,274.3066666666667,6.5,12.0
-88.84611111,32.99444444,1,1,2020,326,0.1997707079392376,0.2660009562969208,0.3005051612854004,291.9485714285714,280.875,7.6000000000000005,25.700000000000003
-80.4593,25.4146,1,1,2020,94,0.18762343647136273,0.10561811178922653,0.17116357386112213,303.15000000000003,291.81,,
-84.62061389,31.042675,1,1,2018,61,0.0310376492194674,0.16652584075927734,0.15933670103549957,297.035,289.564,,
-81.657522,35.926357,1,1,2017,347,0.0560369728480647,0.21837343275547028,0.249616339802742,277.14,271.19,6.5,12.700000000000001
-85.946,33.316,1,1,2020,93,0.061686949223667645,0.279598593711853,0.2732318639755249,294.02,285.73333333333335,12.600000000000001,42.6
-79.784633,35.505953,1,1,2017,336,0.012887828162291169,0.2389335036277771,0.2734902501106262,289.3866666666667,276.68285714285713,5.300000000000001,22.400000000000002
-83.37150556,31.86159444,1,1,2017,254,0.06684084476377096,0.2592528760433197,0.17889012396335602,303.1533333333333,292.31333333333333,28.8,43.5
-78.306143,34.388964,1,1,2017,67,-0.020212997174527278,0.2103387713432312,0.20391562581062317,289.54,276.46,9.600000000000001,28.700000000000003
-86.361,33.254,1,1,2019,339,0.06199460916442048,0.29299813508987427,0.3375687599182129,289.156,275.88,6.800000000000001,13.5
-79.736227,35.287328,1,1,2019,119,0.0725163161711385,0.4141997992992401,0.4275033473968506,299.375,285.76,,
-79.660746,35.159583,1,1,2020,295,0.1159488878371983,0.15658654272556305,0.10514727234840393,296.0133333333333,284.552,12.200000000000001,29.3
-86.819,32.931,1,1,2019,265,0.05505761843790013,0.11763609945774078,0.21736130118370056,305.87,294.53000000000003,16.2,55.300000000000004
-82.3814,28.9603,1,0,2020,179,0.14728682170542637,0.11777380853891373,0.051021918654441833,302.18,294.99,19.1,47.400000000000006
-84.25631944,32.89866111,1,1,2017,78,0.0051581071989235255,0.4151397943496704,0.44134604930877686,292.7133333333333,276.6666666666667,11.200000000000001,34.1
-80.8981,27.5086,1,1,2019,148,-0.05079787234042553,0.07430621981620789,0.05107712000608444,309.1675,292.6066666666667,19.3,72.8
-82.51920278,33.25285,1,1,2017,17,-0.02982994145525509,0.26052096486091614,0.26298725605010986,291.915,284.5,,
-79.6884,35.745883,1,1,2017,53,-0.05016146393972013,0.3348613679409027,0.3470742106437683,293.185,279.44,9.9,24.6
-83.62832222,34.58037778,1,1,2017,53,-0.1237665632929236,0.4129863679409027,0.4176308512687683,289.04,276.37,10.700000000000001,24.5
-82.020529,36.056704,1,1,2017,61,-0.1186161449752883,0.2598839998245239,0.29421862959861755,285.2,278.78000000000003,8.1,24.5
-79.5938,32.9184,1,0,2017,190,0.27280532303069327,0.2314223051071167,0.2003503143787384,303.56666666666666,298.83,,
-79.515638,36.49778,1,1,2018,117,0.19704433497536947,0.3970378637313843,0.42163264751434326,294.1533333333333,280.31333333333333,16.3,36.9
-77.570525,35.053194,1,1,2017,53,0.0614359733530718,0.1611553132534027,0.15774314105510712,292.72,279.08,11.9,27.900000000000002
-89.23888889,32.64444444,1,1,2020,58,-0.05909090909090909,0.38924986124038696,0.40376609563827515,283.8333333333333,273.85,8.9,20.0
-85.2435,30.9293,1,1,2019,183,-0.028958892498940528,0.10165812820196152,0.14589883387088776,,294.95,,
-81.0311,29.1139,1,1,2017,104,0.14466783216783216,0.08368600159883499,0.04724662005901337,303.74,288.908,,
-87.54505,35.056017,1,-1,2020,65,-0.0787662503186337,0.40688034892082214,0.42903393507003784,282.8066666666667,274.12,11.5,23.400000000000002
-79.168465,35.865427,1,1,2017,329,-0.01394169835234474,0.23530612885951996,0.2634345293045044,285.9666666666667,274.21500000000003,4.2,20.900000000000002
-82.3425,28.9614,1,1,2017,125,0.09436980166346769,0.08304980397224426,0.036064282059669495,303.052,293.8866666666667,14.700000000000001,59.1
-79.406616,34.513885,1,1,2018,66,-0.01612115290669272,0.2329253852367401,0.3167906105518341,288.384,280.32,8.0,21.200000000000003
-81.514384,35.334919,1,1,2019,37,-0.01462701121404193,0.350140780210495,0.33410322666168213,285.9033333333333,276.05333333333334,10.3,21.6
-79.092141,35.621415,1,1,2017,138,0.3152664859981933,0.1842774897813797,0.22424305975437164,301.064,290.44,30.900000000000002,54.800000000000004
-81.56553333,32.39778333,1,1,2018,24,-0.03701887717577838,0.13334299623966217,0.11407855153083801,286.235,273.90000000000003,6.800000000000001,19.5
-82.11661111,30.47472222,1,0,2019,181,0.02705444707473791,0.09679224342107773,0.07575423270463943,311.62,295.84000000000003,,
-83.06876667,31.43733611,1,1,2017,128,-0.008711885500933417,0.08283203095197678,0.09833723306655884,305.348,286.79333333333335,11.3,53.7
-84.26742778,34.68895278,1,1,2017,98,-0.08705975464978236,0.25736987590789795,0.28742605447769165,296.53000000000003,283.21500000000003,10.3,49.0
-83.1668,30.2881,1,1,2020,43,-0.05040713454827452,0.1488604098558426,0.07321327924728394,291.3,280.23333333333335,14.9,25.0
-82.5435,29.4878,1,1,2017,33,-0.16198862594019445,0.11145677417516708,0.04240420088171959,294.436,280.392,9.200000000000001,30.400000000000002
-88.96805556,31.09166667,1,1,2019,68,,0.30086860060691833,0.27310818433761597,282.54,275.6,,
-84.87642778,34.14820833,1,1,2019,280,-1.8942981625307822E-4,0.09454227238893509,0.16922882199287415,308.565,294.8914285714286,15.9,50.0
-79.772853,34.912898,1,1,2018,31,-0.045714285714285714,0.15916718542575836,0.10628750920295715,281.708,275.21500000000003,5.4,14.9
-82.01737778,31.32708889,1,1,2017,111,0.28112534117153054,0.07929126918315887,0.062354184687137604,300.065,289.172,45.800000000000004,61.2
-78.991319,35.773187,1,1,2017,176,0.34029968454258674,0.24725326895713806,0.26101985573768616,300.28000000000003,297.79,,
-83.53472,35.69269,1,1,2018,362,-0.021434695627322094,0.34340769052505493,0.3644128143787384,278.64,272.59000000000003,,
-92.4844,31.1086,1,1,2019,269,0.23858921161825727,0.2674696445465088,0.3159623146057129,302.94,296.015,31.3,57.400000000000006
-80.3096,26.6943,1,1,2019,330,0.17807138631433642,0.10449152439832687,0.10183822363615036,297.04,288.17,12.5,31.700000000000003
-82.4952,29.543,1,1,2018,51,0.11454545454545455,0.187103733420372,0.09192664176225662,297.94,289.98,,
-77.76081,34.875925,1,0,2017,79,-0.05104882123630963,0.22271068394184113,0.21724793314933777,289.56,272.81333333333333,8.6,28.6
-82.01789444,32.35053333,1,1,2019,46,-0.035751620321973654,0.15147344768047333,0.08518128842115402,292.2266666666667,288.33,12.0,19.8
-87.209,32.613,1,1,2019,252,0.06847195357833656,0.19959717988967896,0.2569117248058319,305.04,295.05428571428575,,
-88.03,31.969,1,1,2019,89,0.14799712161189735,0.3569066524505615,0.3579297363758087,296.39,283.448,21.8,38.2
-87.037,32.569,1,1,2019,262,0.22886297376093295,0.10092116892337799,0.1923062801361084,304.66,297.3,20.8,57.6
-86.553,32.878,1,1,2018,20,-0.09409641660221707,0.17064689099788666,0.1929669976234436,278.17333333333335,272.43,6.7,18.6
-78.735029,34.643908,1,1,2018,21,-0.08746939683952816,0.20333331823349,0.18950511515140533,282.61333333333334,273.55333333333334,,
-81.438864,35.374899,1,1,2019,255,0.09818050801657359,0.10593648254871368,0.17995502054691315,307.0,293.62,19.0,58.900000000000006
-88.235267,35.190633,1,1,2018,247,0.02265940628842438,0.07878699898719788,0.160589799284935,304.156,295.86,10.600000000000001,60.800000000000004
-84.509775,33.53765556,1,1,2019,249,0.2656537753222836,0.20224927365779877,0.285767138004303,304.5371428571429,294.7833333333333,10.5,58.2
-90.8432,32.3702,1,1,2017,189,0.32989368355222015,0.3639465570449829,0.3973757028579712,300.7866666666667,296.53200000000004,,
-82.550003,34.566666,1,1,2019,30,-0.021353023348633007,0.49200624227523804,0.5172040462493896,281.68,272.49,5.7,16.3
-93.0736,30.4538,1,1,2020,258,0.1257222554293684,0.2282300740480423,0.2663153111934662,305.49,294.88,25.0,38.1
-80.992823,35.233727,1,1,2017,350,-0.025087671971944968,0.26740920543670654,0.2914067208766937,282.59000000000003,274.50857142857143,6.7,14.200000000000001
-83.64457778,33.18565833,1,1,2019,86,-0.03179579041648007,0.4300922155380249,0.4484996795654297,292.2266666666667,278.84000000000003,13.100000000000001,39.2
-81.57761389,32.54146111,1,1,2017,126,0.12063601797442101,0.1243121549487114,0.13142138719558716,299.6933333333333,289.38,20.3,58.5
-82.07444444,30.65111111,1,0,2019,145,0.20915581688366233,0.0827992856502533,0.047007493674755096,306.97,293.9725,24.3,78.10000000000001
-77.763492,35.112386,1,1,2017,362,-0.1819571865443425,0.21103635430335999,0.19917628169059753,282.98,279.5,3.4000000000000004,7.0
-82.82325,33.50177778,1,1,2019,335,0.04232651885977541,0.31126755475997925,0.3136221170425415,287.772,280.956,6.2,17.5
-87.053,33.378,1,1,2017,98,-0.03105852524825692,0.27775561809539795,0.30537039041519165,300.548,285.004,12.4,51.300000000000004
-82.07628333,33.34178611,1,1,2017,306,0.10795770728992765,0.09500830620527267,0.05709468200802803,294.7375,280.85333333333335,9.200000000000001,32.800000000000004
-83.11866111,32.22728056,1,1,2020,117,0.1765160293549633,0.2826075851917267,0.2509188950061798,299.416,290.18666666666667,19.5,49.7
-78.648262,36.229774,1,1,2020,212,0.2006275056649817,0.21996979415416718,0.2453102022409439,306.16,295.47,36.300000000000004,63.6
-82.32616389,33.12826389,1,1,2017,128,0.25613640622072326,0.11878173798322678,0.16370588541030884,300.58,286.9066666666667,32.800000000000004,53.2
-88.175,31.88,1,1,2019,225,0.2594262295081967,0.20550887286663055,0.28713279962539673,302.432,296.74,11.100000000000001,63.900000000000006
-77.58682,35.396443,1,1,2019,18,-0.0979253112033195,0.28666558861732483,0.2588023245334625,283.93333333333334,273.1,6.800000000000001,10.3
-93.3664,30.7172,1,1,2017,306,0.27704918032786885,0.23554176092147827,0.2557030916213989,292.355,281.756,,
-79.550003,33.766666,1,1,2017,65,-0.011368605159597726,0.1413555145263672,0.1791466623544693,293.995,280.42,10.0,29.400000000000002
-83.6309,30.4346,1,1,2017,24,0.05676328502415459,0.4512953460216522,0.8062002062797546,293.85,286.6,9.4,22.700000000000003
-82.35925,31.77441667,1,1,2020,105,0.10636796613159287,0.19899266958236694,0.15933503210544586,302.4066666666667,288.24666666666667,27.400000000000002,45.400000000000006
-82.75848333,31.38107778,1,1,2019,50,0.039923954372623575,0.2400691956281662,0.22232632339000702,297.14,285.4066666666667,14.600000000000001,29.1
-84.09056944,33.38578056,1,1,2017,15,-0.0912938331318017,0.41795963048934937,0.4304068684577942,284.992,283.445,12.700000000000001,19.0
-79.675523,36.080316,1,1,2017,56,-0.09099078858683442,0.25741785764694214,0.2882348895072937,295.172,281.556,9.4,25.0
-80.4264,27.6778,1,1,2020,124,0.06919275123558484,0.08031872659921646,0.06401049345731735,304.98,291.78400000000005,14.600000000000001,60.800000000000004
-81.75663889,32.15927778,1,1,2017,42,-0.06860536555396272,0.1809922456741333,0.11892697215080261,292.3,277.16,8.6,31.0
-89.65041253,34.74526214,1,1,2017,344,-0.06750629722921915,0.222512885928154,0.28664371371269226,281.44,268.64,5.7,15.8
-79.132749,35.596884,1,1,2018,127,0.21585557299843014,0.21506816148757935,0.24753186106681824,298.29333333333335,284.4733333333333,25.700000000000003,57.2
-79.700924,34.956304,1,1,2017,278,0.10904440827714484,0.08300493657588959,0.05997620150446892,300.54285714285714,290.28000000000003,20.200000000000003,41.7
-81.111,27.3834,1,1,2020,79,0.0718608169440242,0.07201694697141647,0.040975142270326614,303.2666666666667,290.18,,
-89.482871,30.463155,1,1,2017,54,0.04032729398012858,0.19459295272827148,0.18971969187259674,294.42333333333335,282.512,16.3,33.4
-85.09066667,31.2747,1,1,2018,0,-0.09217660728117738,0.1497931331396103,0.0661463737487793,284.5733333333333,274.73,4.4,6.7
-84.608475,32.84233611,1,1,2019,261,0.14552683896620278,0.194851815700531,0.2718949317932129,306.31333333333333,295.90000000000003,27.6,59.1
-83.6092,30.3163,1,1,2018,19,-0.005985156811108451,0.36120036244392395,0.7163352966308594,282.56333333333333,276.26,7.2,24.8
-79.997971,33.224388,1,1,2019,147,0.23005181347150258,0.06795913726091385,0.13813410699367523,304.776,295.86285714285714,21.0,77.30000000000001
-80.111031,34.090168,1,1,2018,227,0.14375,0.15282458066940308,0.1882060021162033,304.212,295.02,19.700000000000003,55.2
-80.64928,25.39064,1,1,2017,84,0.18661971830985916,0.19029735028743744,0.2406979352235794,301.555,288.172,,
-82.7975,30.1971,1,1,2018,270,0.17898118402937127,0.15904374420642853,0.0772380605340004,303.0133333333333,295.665,37.300000000000004,53.400000000000006
-79.476754,35.090167,1,1,2019,152,0.06844637591184231,0.12916521728038788,0.08615661412477493,308.5057142857143,295.8833333333333,28.400000000000002,75.2
-82.29094167,31.20400556,1,1,2017,127,0.05845442536327609,0.07475630193948746,0.06603975594043732,304.796,287.64,20.400000000000002,56.2
-79.093657,36.250645,1,1,2017,51,-0.06107156238291495,0.32821470499038696,0.3424467444419861,291.90000000000003,280.67333333333335,9.8,23.900000000000002
-88.330967,35.844483,1,1,2017,32,-0.1226215644820296,0.3137952983379364,0.3266329765319824,283.168,275.71,6.7,14.0
-81.655094,35.305301,1,1,2017,53,-0.1366240634640811,0.2665019929409027,0.2600380778312683,292.336,277.73333333333335,10.200000000000001,24.3
-84.85888889,32.87722222,1,1,2019,73,-0.006318207926479035,0.4702660143375397,0.48733246326446533,289.21,287.84000000000003,11.700000000000001,30.6
-80.173713,36.195238,1,1,2017,318,-0.006071118820468344,0.2943383753299713,0.3313743472099304,282.8333333333333,280.36,5.300000000000001,15.0
-81.5577,26.774,1,0,2019,156,0.01571648690292758,0.1576756238937378,0.10123325884342194,306.7714285714286,295.97200000000004,,
-87.668,31.051,1,1,2020,319,0.12786069651741294,0.41736873984336853,0.7849627137184143,296.63,290.47,16.400000000000002,30.900000000000002
-82.1453,26.9664,1,1,2018,64,0.05308641975308642,0.1021132618188858,0.07040998339653015,301.13714285714286,290.21714285714285,,
-92.8014,32.2563,1,1,2018,236,0.21894736842105264,0.12034107744693756,0.19970516860485077,302.85,294.672,26.1,63.300000000000004
-79.026544,35.862546,1,1,2017,288,0.1330148353029922,0.18867738544940948,0.24493777751922607,296.49,292.57,17.6,37.6
-79.249236,35.607332,1,1,2019,222,0.2640961054059291,0.10241347551345825,0.1663207709789276,301.73,293.0466666666667,19.0,62.6
-79.155718,36.216392,1,1,2017,179,0.2144483229625133,0.3214809000492096,0.34032097458839417,300.42,288.96,29.0,66.9
-82.39976389,32.43915,1,1,2019,169,0.0427074939564867,0.13338921964168549,0.07548467814922333,304.26,291.63,,
-85.974,31.448,1,1,2019,145,0.16163302473820004,0.0934194028377533,0.0855054184794426,304.82,293.3266666666667,46.900000000000006,82.2
-89.9880314,32.0053309,1,1,2017,79,0.05879828326180257,0.26598459482192993,0.27852723002433777,294.67333333333335,282.245,13.700000000000001,41.0
-90.6126,30.7638,1,1,2019,320,0.07689057879171948,0.25085610151290894,0.28038257360458374,290.485,276.83,10.8,22.200000000000003
-88.3498395,34.1172617,1,1,2017,81,-0.19646799116997793,0.32377830147743225,0.3593553900718689,297.9266666666667,281.596,14.4,35.5
-81.7041,28.8781,1,1,2019,109,0.23719097097814404,0.220145583152771,0.07200209051370621,304.595,291.14,11.5,58.800000000000004
-81.678847,35.549963,1,1,2020,5,-0.13157162726008345,0.23426492512226105,0.2529315650463104,285.61333333333334,277.0333333333333,7.9,20.6
-86.353183,36.0346,1,1,2020,169,0.17491862258009253,0.23002950847148895,0.2805088460445404,304.176,289.87666666666667,36.6,60.6
-84.904125,30.89013611,1,1,2020,73,0.03420523138832998,0.2268775850534439,0.26172706484794617,294.505,282.368,15.8,35.4
-83.52595556,34.53138056,1,1,2018,3,-0.07929391986550854,0.3867571949958801,0.40298226475715637,278.085,272.6,4.3,13.4
-81.6178,28.0111,1,1,2020,92,-0.034419176398279044,0.0725259929895401,0.029367420822381973,307.22,293.5566666666667,12.100000000000001,53.1
-88.74859066,34.67696785,1,1,2018,129,0.3120172444763787,0.31340619921684265,0.3551739752292633,299.46500000000003,290.16,39.7,63.7
-81.6085,26.6445,1,1,2017,98,-0.024695908588278657,0.07780445367097855,0.09324271231889725,307.18,292.47200000000004,12.8,57.300000000000004
-80.630035,32.684872,1,1,2017,89,0.09415121255349501,0.18701264262199402,0.2343675196170807,297.815,287.308,29.400000000000002,45.0
-81.1647,28.6554,1,1,2020,83,0.19973279893119572,0.099640391767025,0.040883466601371765,304.29333333333335,292.74333333333334,23.3,55.1
-82.4532,33.18363889,1,1,2019,335,-0.057529943059100724,0.19469040632247925,0.0801931619644165,287.92,280.61333333333334,7.1000000000000005,17.7
-82.3866,27.1531,1,1,2020,211,0.16167897396035755,0.1731833964586258,0.08221442252397537,,,,
-85.0995,29.7603,1,0,2019,182,0.17864119817668764,0.14773057401180267,0.12322059273719788,304.3666666666667,296.23333333333335,,
-90.16003106,31.39479013,1,1,2017,41,0.021949078138718173,0.2719661593437195,0.30241554975509644,288.18666666666667,280.69,14.0,27.400000000000002
-81.124809,32.245331,1,1,2017,125,0.4074330164217805,0.15137866139411926,0.127540722489357,297.652,292.29,38.0,60.900000000000006
-84.06268333,34.43651111,1,1,2018,98,-0.1537277325709259,0.27370667457580566,0.27177104353904724,,281.07,,
-79.676376,34.857355,1,0,2019,195,0.07141662485365445,0.11406567692756653,0.06809017807245255,307.21,294.3,18.5,57.1
-81.1001,28.5701,1,1,2019,138,0.16505162827640985,0.0910261794924736,0.04314733296632767,307.0,292.656,40.2,70.9
-77.85581,36.117968,1,1,2017,99,0.06015037593984962,0.19368815422058105,0.23820945620536804,296.316,282.796,11.600000000000001,45.2
-79.241651,34.605459,1,1,2017,350,0.013647310677013648,0.20948685705661774,0.2588139474391937,284.665,273.56,6.0,14.5
-90.0034,30.9051,1,1,2017,95,0.22752253242470874,0.2655090093612671,0.2835386097431183,300.85200000000003,288.71,32.1,51.5
-81.284103,26.04055473,1,0,2020,220,0.018294131622713233,0.12196801602840424,0.07683917135000229,302.06,297.2,13.3,51.6
-84.427575,31.17709167,1,1,2017,60,-0.041240875912408756,0.2029981166124344,0.22768105566501617,297.575,286.36400000000003,6.6000000000000005,36.9
-83.57563611,32.08778889,1,1,2017,60,-0.1731301939058172,0.1994580775499344,0.20100869238376617,296.78000000000003,283.915,6.300000000000001,35.9
-83.6802,30.4429,1,1,2017,309,0.021148036253776436,0.36886632442474365,0.7455071210861206,296.3025,284.03000000000003,17.5,36.9
-89.03388889,31.53055556,1,1,2017,101,0.2507204610951009,0.2075004130601883,0.22797586023807526,296.56,284.4066666666667,28.0,55.400000000000006
-80.61275,35.960767,1,1,2020,134,0.14121386408354775,0.35214248299598694,0.3571189045906067,293.65000000000003,279.62333333333333,,
-85.321,33.1,1,1,2018,122,0.2564246858000375,0.23746030032634735,0.2807784676551819,297.348,283.745,38.300000000000004,59.2
-81.2412,29.044,1,1,2018,74,0.0915508493271564,0.12156745046377182,0.07188862562179565,296.684,279.625,15.200000000000001,44.800000000000004
-80.478027,33.376846,1,1,2019,266,0.008768267223382045,0.08885826170444489,0.15903078019618988,304.2266666666667,291.8285714285714,,
-79.474675,34.692571,1,1,2017,80,0.043824701195219126,0.23888012766838074,0.21143367886543274,292.81,276.2266666666667,7.2,33.1
-87.212017,35.073133,1,1,2020,64,-0.13960216998191682,0.43554016947746277,0.45300784707069397,285.6466666666667,274.78000000000003,11.4,18.900000000000002
-86.299,33.265,1,1,2019,89,0.05998481397114654,0.2586400508880615,0.3338818848133087,297.46,277.67,18.1,37.2
-78.99254,34.559421,1,1,2020,91,0.06144526179143228,0.3369046449661255,0.28064486384391785,294.36,289.4666666666667,15.8,35.800000000000004
-79.824111,35.101189,1,1,2019,271,0.1902439024390244,0.06770049780607224,0.048625968396663666,302.69428571428574,290.48400000000004,25.1,49.6
-83.36286389,31.639675,1,1,2017,41,-0.07407407407407407,0.21874350309371948,0.21995705366134644,286.895,281.73,5.1000000000000005,32.300000000000004
-92.7641,32.8024,1,1,2018,76,-0.08939160992752032,0.43274053931236267,0.423399955034256,289.5133333333333,281.612,10.0,31.900000000000002
-83.19869444,32.94686111,1,1,2020,263,0.19916666666666666,0.23077891767024994,0.24235409498214722,301.11,294.48,28.1,41.5
-84.09273611,31.09715278,1,1,2019,283,0.03875656035526847,0.06019650399684906,0.12075857818126678,305.908,294.28400000000005,20.0,42.300000000000004
-82.59867222,32.66728333,1,1,2019,279,0.06351039260969978,0.08459826558828354,0.1017381101846695,305.18857142857144,295.512,15.5,46.2
-85.627,33.196,1,1,2017,117,0.28348271446862994,0.25408822298049927,0.24066324532032013,298.02,288.288,23.5,50.2
-78.24665,34.562567,1,1,2019,36,0.030067895247332686,0.2774738073348999,0.26087620854377747,285.4714285714286,275.35,9.600000000000001,19.8
-85.49423333,34.70206667,1,1,2018,99,-0.1395396211040945,0.2507215738296509,0.271538108587265,286.44,282.27,10.0,38.1
-80.2389,36.214715,1,1,2018,84,-0.12398921832884097,0.4493783712387085,0.44954630732536316,286.5333333333333,273.16,12.0,28.1
-85.455,33.781,1,1,2017,157,0.28030166995869993,0.2595442235469818,0.22799183428287506,,292.38,,
-81.134827,35.766044,1,1,2017,10,0.59375,0.24991826713085175,0.2423253059387207,270.17,257.83,,
-81.1006,26.6142,1,1,2020,284,,0.1375759243965149,0.10892646014690399,305.22,294.72,15.700000000000001,26.200000000000003
-82.9496,29.9498,1,1,2020,6,0.06525037936267071,0.1646600067615509,0.18069691956043243,289.504,280.42,10.200000000000001,22.6
-79.779546,36.012109,1,1,2017,48,-0.08832439990678163,0.26271939277648926,0.2958308756351471,292.27500000000003,276.93,,
-85.735433,35.335383,1,1,2017,330,0.020289855072463767,0.2258123904466629,0.26291435956954956,284.42333333333335,274.7,6.0,18.400000000000002
-83.87207778,31.24723889,1,1,2020,124,0.04592404258700143,0.18413951992988586,0.23147571086883545,299.81714285714287,288.1,15.200000000000001,57.400000000000006
-82.73200556,32.45016944,1,1,2020,324,-0.0088415325323056,0.11675441265106201,0.15427875518798828,292.488,283.9166666666667,9.200000000000001,25.6
-86.425,33.195,1,1,2017,65,-0.027480204937121566,0.2580547332763672,0.3201378881931305,289.94666666666666,279.62,9.8,29.3
-78.373551,35.815992,1,1,2017,274,0.15127619838140693,0.11391086876392365,0.1724499762058258,299.948,289.18,21.8,39.0
-78.652358,36.262995,1,1,2017,267,0.12260869565217392,0.16132007539272308,0.22784605622291565,301.18333333333334,291.32,15.9,45.5
-79.800552,34.367367,1,1,2017,54,-0.10408254822790489,0.16328191757202148,0.06685591489076614,294.59000000000003,278.8933333333333,11.200000000000001,27.700000000000003
-80.41983,33.114422,1,1,2019,19,0.19895799413871704,0.28297150135040283,0.3125426471233368,286.42,273.41,8.0,17.2
-93.3155,32.497,1,0,2019,250,0.08387819914066878,0.11131695657968521,0.2176881581544876,306.22,296.90285714285716,16.1,57.5
-85.756,31.636,1,1,2019,138,0.17545375972342264,0.140220507979393,0.09768224507570267,301.012,286.89,33.6,72.10000000000001
-88.66375,35.0703,1,1,2020,31,-0.09855649576903933,0.32558926939964294,0.32858628034591675,285.92,275.64,7.6000000000000005,11.100000000000001
-83.68953056,32.13563056,1,1,2019,282,-0.02702702702702703,0.06049847602844238,0.12342777103185654,309.84000000000003,295.835,8.9,39.5
-81.592682,34.271664,1,1,2018,80,-0.027974947807933193,0.2695014476776123,0.2832752764225006,293.2,279.28000000000003,9.600000000000001,31.1
-79.186522,35.521301,1,1,2019,80,-0.014760147601476014,0.41548386216163635,0.4217946231365204,295.44,274.99,11.200000000000001,27.3
-89.41111111,32.49194444,1,1,2020,76,0.08841201716738198,0.36366626620292664,0.3723424971103668,297.06,286.40000000000003,,
-78.3016,35.9004,1,1,2018,119,0.11917640900366429,0.2203284651041031,0.23336710035800934,295.66,285.9066666666667,21.0,38.5
-86.9438,30.834,1,1,2017,114,0.12855146716348392,0.14382225275039673,0.06712628155946732,301.08,290.81,,
-77.069769,35.100316,1,1,2017,23,-0.03427570678008506,0.30193763971328735,0.10540270805358887,285.74,285.42,8.200000000000001,13.5
-82.97828056,31.94745278,1,1,2017,212,0.18189246608923026,0.12792249023914337,0.1357213854789734,301.55333333333334,294.74,21.8,55.900000000000006
-83.637,30.2988,1,1,2017,40,0.020833333333333332,0.17049291729927063,0.12941376864910126,295.07,282.38,9.1,29.5
-79.788383,33.450588,1,1,2017,26,-0.09613889608706919,0.23291251063346863,0.21942675113677979,291.32,282.96500000000003,5.2,21.5
-78.930459,36.356751,1,1,2017,72,-0.06863698230604705,0.33730217814445496,0.3292468190193176,291.86,276.212,8.3,29.5
-83.373283,35.8807,1,1,2017,234,0.3515358361774744,0.13145391643047333,0.2202065885066986,300.5833333333333,293.04,,
-81.395097,35.229956,1,1,2019,88,-0.08268059181897303,0.42848819494247437,0.4742223620414734,293.55333333333334,278.04,9.4,36.300000000000004
-78.547497,34.989147,1,1,2017,41,0.1723212574276404,0.16643637418746948,0.15574806928634644,285.53200000000004,280.645,8.0,22.700000000000003
-80.307144,33.60017,1,1,2017,53,-0.13690262306863096,0.1957012116909027,0.20937888324260712,294.99333333333334,280.2866666666667,7.5,27.900000000000002
-77.502355,34.526669,1,1,2018,66,0.01557632398753894,0.1942290961742401,0.11946393549442291,285.105,276.595,9.3,24.0
-84.21388889,30.79888889,1,1,2019,80,0.1622889305816135,0.21431200206279755,0.24705097079277039,296.105,281.18,16.900000000000002,34.4
-89.18222222,33.19533333,1,1,2017,62,-0.05578684429641965,0.2655697762966156,0.3091917335987091,289.308,286.14,7.6000000000000005,23.700000000000003
-81.339464,35.27462,1,1,2019,268,0.19113215669393027,0.17461952567100525,0.2674221992492676,304.12,290.436,20.900000000000002,50.2
-80.59079,34.653709,1,1,2020,247,0.20804438280166435,0.2555782198905945,0.3090001344680786,302.165,294.98,34.300000000000004,59.300000000000004
-93.9922,32.2998,1,1,2019,248,0.15910837817063797,0.09767063707113266,0.17435896396636963,305.04,296.3566666666667,31.3,58.800000000000004
-81.5618,29.4816,1,1,2017,129,-0.012875536480686695,0.05541228875517845,0.0498245507478714,306.4057142857143,290.316,14.0,59.400000000000006
-87.366867,35.909333,1,1,2018,99,-0.1777440182301557,0.4351698160171509,0.453056663274765,293.62666666666667,273.87,11.700000000000001,31.6
-80.766945,36.548166,1,1,2018,98,-0.044156911070034915,0.31460022926330566,0.32316264510154724,288.11,276.52,13.200000000000001,36.7
-81.294022,34.291374,1,1,2017,35,-0.09913573970513473,0.2859640121459961,0.2804340124130249,287.3666666666667,281.1933333333333,6.5,21.200000000000003
-83.18222222,31.835,1,1,2019,149,0.2505415162454874,0.06692666560411453,0.14518633484840393,305.19428571428574,295.824,,
-83.19552778,31.03115556,1,1,2020,130,0.09687773562882988,0.5164291858673096,0.8567776679992676,304.93666666666667,289.10285714285715,19.8,56.800000000000004
-77.2987,34.7126,1,0,2019,219,,0.12357130646705627,0.11671990901231766,,292.86,29.200000000000003,47.7
-88.30190217,34.07920932,1,1,2018,244,0.40739276536864993,0.12824958562850952,0.19611726701259613,300.23333333333335,296.26,8.0,53.0
-82.81,29.5489,1,1,2020,34,-0.11981566820276497,0.13706308603286743,0.10579346120357513,294.55333333333334,279.47,11.600000000000001,27.200000000000003
-82.996,30.3387,1,1,2017,122,0.293764352587882,0.09070917218923569,0.050584957003593445,308.04,288.585,59.0,57.300000000000004
-79.1445,35.035583,1,1,2018,71,-0.07839543881083283,0.23689545691013336,0.13143475353717804,287.0133333333333,274.82,7.7,19.0
-81.293297,33.546997,1,1,2018,104,0.016827783745076978,0.11958689987659454,0.05514001473784447,294.52,285.58,15.700000000000001,36.300000000000004
-83.96532778,33.14464444,1,1,2019,85,-0.07489380728817349,0.44603875279426575,0.4540312588214874,293.32,279.908,9.600000000000001,37.9
-79.64,33.04194444,1,1,2018,107,0.1999098489970701,0.1383192539215088,0.058956488966941833,294.556,285.74,33.5,51.1
-86.84333,30.49111,1,1,2018,26,-0.14728323699421966,0.13753196597099304,0.0944322794675827,289.02,276.07,9.0,18.8
-78.422,36.1257,1,1,2020,87,0.06181818181818182,0.3203445076942444,0.3173171877861023,,,19.900000000000002,29.6
-78.101921,36.06123,1,1,2017,66,-0.08731130150958792,0.20320992171764374,0.24506381154060364,288.736,273.485,8.700000000000001,28.5
-82.66236111,32.4241,1,1,2019,250,0.22194626326484534,0.08287457376718521,0.1105409488081932,303.8,295.716,35.7,60.1
-80.9512,28.0034,1,0,2019,129,,0.13753439486026764,0.056618403643369675,,292.416,,
-88.032,31.409,1,1,2017,356,0.14629141014365288,0.3477916419506073,0.35999512672424316,,284.40000000000003,9.8,16.3
-82.216674,35.323061,1,1,2018,2,-0.03902591320636903,0.2533296048641205,0.25294432044029236,275.768,270.16,3.7,10.9
-81.89055556,29.39388889,1,1,2017,125,0.21959789186023815,0.07954028248786926,0.027382032945752144,301.6066666666667,291.83,44.300000000000004,60.400000000000006
-81.9602,29.362,1,1,2017,86,0.040535062829347386,0.07176743447780609,0.028608087450265884,299.90000000000003,286.8257142857143,16.400000000000002,49.0
-89.02305556,31.13694444,1,1,2018,60,0.1676595744680851,0.2795625329017639,0.26126134395599365,295.0,290.52,15.9,36.0
-82.76657222,32.63699167,1,1,2018,58,-0.13704888076747374,0.2103540599346161,0.20778819918632507,296.805,289.7857142857143,12.0,32.6
-83.3301,30.4295,1,1,2019,43,-0.00477326968973747,0.18406908214092255,0.08996453881263733,300.49333333333334,285.58,15.5,25.8
-78.748838,34.524161,1,1,2019,178,0.09123867069486405,0.10761408507823944,0.14218798279762268,305.5933333333333,297.36,,
-80.413254,36.19619,1,1,2018,58,-0.10546773775589531,0.3912622630596161,0.4117066562175751,289.16,282.3666666666667,6.6000000000000005,21.200000000000003
-82.40793333,31.68081111,1,1,2019,170,-0.10521356783919598,0.13656792044639587,0.09501299262046814,303.7,294.36,16.7,58.2
-79.470734,33.440029,1,1,2019,269,0.14434700165916095,0.2639296054840088,0.3031449317932129,300.7833333333333,290.26,18.1,50.1
-87.483,33.367,1,1,2017,343,-0.10853242320819112,0.22670531272888184,0.21615372598171234,,281.28000000000003,,
-93.4056,30.432,1,1,2020,292,0.1063204311611955,0.30623507499694824,0.3255184292793274,301.72,291.2257142857143,,
-78.296649,34.72449,1,1,2019,151,0.2752311626991934,0.1086956337094307,0.13882455229759216,308.9666666666667,295.012,35.800000000000004,62.800000000000004
-83.553375,33.28173611,1,1,2019,150,0.2950115626032375,0.21091657876968384,0.29760903120040894,305.5114285714286,294.99666666666667,55.2,78.30000000000001
-89.37277778,30.82,1,1,2020,316,0.1794990723562152,0.18320530652999878,0.2074645608663559,294.63,285.3,21.5,33.7
-82.2825,28.6542,1,1,2018,59,0.05457122608079376,0.1311003416776657,0.05936858057975769,301.036,292.42333333333335,15.700000000000001,44.7
-79.734408,35.289354,1,1,2017,63,-0.09308795206505457,0.3440656363964081,0.3661985397338867,292.065,279.0,8.3,30.6
-87.921,32.073,1,1,2017,65,-0.024498886414253896,0.3204326629638672,0.3510216772556305,289.35333333333335,279.3,10.4,25.900000000000002
-82.6425,28.3246,1,1,2017,126,-0.045806451612903226,0.0703570768237114,0.027119936421513557,309.26,295.095,18.7,60.2
-84.386383,36.456067,1,-1,2017,326,-0.01106344547301874,0.25221920013427734,0.29371872544288635,283.3,275.11,5.0,14.9
-81.551815,35.842298,1,1,2018,79,0.016846652267818573,0.36193010210990906,0.3537376821041107,291.456,277.4266666666667,11.600000000000001,30.5
-92.9718,32.421,1,1,2018,231,0.0513041976161686,0.13018439710140228,0.17421354353427887,306.9666666666667,295.04400000000004,18.6,54.5
-81.074956,36.188965,1,1,2018,72,-0.056818181818181816,0.3101309537887573,0.3024626076221466,282.0,271.62,7.9,16.8
-81.96313889,32.46597222,1,1,2017,333,-0.07606448945845391,0.12243287265300751,0.15443338453769684,292.596,279.62,7.5,24.0
-84.892767,36.02095,1,1,2019,265,0.22821760283060594,0.09462584555149078,0.18714889883995056,300.3466666666667,292.565,25.900000000000002,43.6
-80.973991,33.942219,1,1,2019,280,0.07084468664850137,0.09564090520143509,0.04293183237314224,307.31,296.128,,
-85.7174,30.7412,1,1,2018,22,-0.003416300634455832,0.13530711829662323,0.12107329815626144,283.8433333333333,274.29200000000003,7.0,21.700000000000003
-81.188423,33.910183,1,1,2018,124,0.07438596491228071,0.13934831321239471,0.0760665163397789,301.67333333333335,285.98,26.400000000000002,59.900000000000006
-84.15541667,32.27244444,1,1,2017,102,0.1574740207833733,0.14199373126029968,0.07242699712514877,295.9033333333333,284.00666666666666,,
-81.5601,29.4262,1,1,2019,151,0.05587989991659716,0.0906902626156807,0.03755197674036026,306.0714285714286,296.8666666666667,,
-81.4569,27.4534,1,1,2018,252,0.0778335724533716,0.18885958194732666,0.07802112400531769,304.68666666666667,294.74666666666667,21.1,42.400000000000006
-80.2379,26.6166,1,1,2020,102,0.014343271555197422,0.08744499832391739,0.08764491975307465,309.04,295.61333333333334,15.8,48.900000000000006
-82.98000556,32.36641667,1,1,2018,259,0.13896457765667575,0.09765443950891495,0.1459265500307083,306.88,290.68,19.400000000000002,54.300000000000004
-78.967833,34.979167,1,1,2017,220,0.08295165394402036,0.16370515525341034,0.05112086236476898,307.675,294.96,16.0,40.900000000000006
-78.987755,35.303861,1,1,2019,19,0.17814726840855108,0.25068390369415283,0.2031676471233368,285.16,273.88,7.9,13.0
-79.948434,35.62133,1,1,2017,29,-0.09476876421531463,0.348325252532959,0.3569749593734741,286.928,276.428,5.800000000000001,18.2
-93.1688,31.7966,1,1,2019,239,0.2790346907993967,0.20050208270549774,0.2384299635887146,303.04,297.51,41.7,50.6
-79.971512,33.580063,1,1,2019,148,0.11257889329223543,0.07488605380058289,0.14587998390197754,309.86,295.2666666666667,22.700000000000003,69.7
-87.615,30.99,1,1,2019,196,0.17867623084447343,0.46705204248428345,0.8102943301200867,304.36,293.52,,
-80.590714,32.737648,1,1,2017,48,-0.0270901447921532,0.22530482709407806,0.2821590006351471,291.40000000000003,282.30285714285714,7.0,28.400000000000002
-78.930567,35.105399,1,1,2019,181,0.1888363718208418,0.11989405006170273,0.08414656668901443,308.045,298.94,23.8,70.8
-79.744363,34.882879,1,1,2017,166,0.056556082148499214,0.10456179082393646,0.07002514600753784,302.35333333333335,293.78000000000003,,
-77.756091,34.97465,1,1,2018,23,0.09777571825764597,0.25389528274536133,0.20938651263713837,285.78000000000003,272.87,6.300000000000001,14.8
-80.084633,33.647873,1,1,2019,131,0.3491041920333971,0.13205623626708984,0.16781143844127655,299.21,289.73,34.2,55.7
-83.26904167,32.18111111,1,1,2018,22,-0.00186219739292365,0.15959911048412323,0.17713409662246704,284.24666666666667,273.56,7.5,21.400000000000002
-78.76152,33.846535,1,1,2019,147,0.11368015414258188,0.08349258452653885,0.14893732964992523,306.516,294.572,31.3,72.10000000000001
-89.33517801,32.87151147,1,1,2018,131,0.27432409161356985,0.2756548523902893,0.31874486804008484,300.08,289.68666666666667,59.400000000000006,73.7
-81.89956667,31.63479444,1,1,2019,282,0.06048053024026512,0.08038067817687988,0.045791056007146835,304.17333333333335,294.316,15.4,37.2
-80.812675,34.757435,1,1,2017,29,-0.10856134157105031,0.256650447845459,0.2714036703109741,287.0566666666667,276.075,4.6000000000000005,19.8
-83.57910278,31.66068056,1,1,2020,131,-0.10620340413560275,0.1349749118089676,0.17226120829582214,303.9733333333333,289.42,9.200000000000001,54.2
-92.5431,32.9366,1,1,2019,311,0.11100938429846646,0.26989176869392395,0.262189656496048,289.11,277.96500000000003,11.5,22.900000000000002
-80.221403,36.237976,1,1,2017,47,-0.07772020725388601,0.3681090474128723,0.39263203740119934,288.325,276.24,7.6000000000000005,22.700000000000003
-79.024708,35.96668,1,1,2017,88,-0.031168213181061145,0.27754804491996765,0.3052581250667572,289.24,280.8466666666667,10.4,35.6
-79.157284,34.539435,1,1,2018,0,-0.1036077705827937,0.1695074886083603,0.1926112174987793,279.42,274.28000000000003,,
-80.52024,35.261529,1,1,2018,74,0.02997694081475788,0.23716804385185242,0.28993672132492065,285.2666666666667,273.028,12.200000000000001,30.3
-85.691,32.056,1,1,2019,80,0.02407628128724672,0.17354051768779755,0.13206073641777039,289.98,281.85,10.4,29.900000000000002
-80.002023,35.562353,1,1,2017,350,-0.05752212389380531,0.26191604137420654,0.2927494943141937,280.86,271.276,7.0,12.8
-82.28483611,31.76639722,1,1,2018,127,0.07460348541217936,0.08893901109695435,0.08438489586114883,303.84000000000003,287.93,30.1,62.900000000000006
-81.7269,29.6881,1,0,2020,175,0.2060016220600162,0.13767652213573456,0.06337855756282806,303.23,294.19714285714286,47.300000000000004,67.3
-92.6912,32.8171,1,1,2017,28,-0.10918293564714389,0.3497787117958069,0.37048524618148804,286.91,275.22,,
-81.111797,35.508622,1,1,2020,280,0.2189239332096475,0.25577542185783386,0.26105979084968567,294.7885714285714,285.48,24.700000000000003,39.300000000000004
-82.6432,30.2662,1,1,2018,128,0.13575525812619502,0.10423753410577774,0.06281208246946335,302.67428571428576,290.176,42.400000000000006,66.8
-83.04144722,32.10631111,1,1,2020,306,0.22112211221122113,0.11380931735038757,0.1175580769777298,296.12,288.0133333333333,9.9,31.400000000000002
-87.44,31.093,1,1,2020,176,0.17026637868970482,0.2699023485183716,0.20735225081443787,302.3,293.395,25.900000000000002,52.7
-82.60930556,32.79938889,1,1,2017,328,-0.11664432101130051,0.11356216669082642,0.12228436768054962,292.395,279.3,5.800000000000001,20.1
-82.2938,29.7084,1,0,2020,215,0.16695880806310254,0.16472432017326355,0.07911089807748795,304.91,,27.200000000000003,61.900000000000006
-81.2865,27.2771,1,0,2020,178,0.26931940390228915,0.10578878968954086,0.059101928025484085,306.845,293.795,38.900000000000006,55.7
-85.371,31.985,1,1,2017,54,0.031010132023334358,0.22736883163452148,0.19136764109134674,292.14,281.716,17.0,29.700000000000003
-88.359,31.038,1,1,2020,85,0.14739583333333334,0.23231741786003113,0.25004756450653076,298.45,291.90000000000003,,
-83.16653889,34.49904722,1,1,2017,29,-0.061703002879473466,0.366391658782959,0.3837083578109741,287.86,278.0885714285714,5.4,18.900000000000002
-82.080048,35.136398,1,1,2018,121,0.1777347190417474,0.2817842960357666,0.30088335275650024,297.876,284.765,27.400000000000002,56.0
-80.1158,35.2348,1,1,2017,321,0.14951677089255258,0.2611302435398102,0.32370248436927795,286.835,277.3266666666667,5.5,19.700000000000003
-81.0693,27.0327,1,1,2018,61,-0.010775862068965518,0.12093257904052734,0.16269363462924957,300.728,291.77714285714285,10.4,46.900000000000006
-86.63,31.745,1,1,2020,57,0.010143042912873863,0.39462989568710327,0.4018987715244293,284.89,274.46,10.600000000000001,23.6
-93.091,32.7618,1,1,2019,149,0.293551912568306,0.29236000776290894,0.35960283875465393,302.07,296.565,35.300000000000004,70.3
-85.01833333,30.27138889,1,1,2017,29,0.19688221709006928,0.15502691268920898,0.09015978872776031,290.9866666666667,284.54,12.8,24.400000000000002
-79.632357,34.951101,1,1,2019,198,0.08345393150024119,0.09890918433666229,0.0664847195148468,307.92,294.89,22.200000000000003,58.7
-78.742232,34.362053,1,1,2019,201,0.01065496709495456,0.13571897149085999,0.17154452204704285,304.5866666666667,297.54,,
-81.94734722,32.07496944,1,1,2020,229,0.09987712831314727,0.14305710792541504,0.12645594775676727,304.09000000000003,,35.4,54.5
-78.687249,36.144133,1,1,2019,263,0.09780602829608366,0.16518838703632355,0.23839226365089417,301.115,291.992,21.900000000000002,49.6
-93.3117,30.7447,1,0,2018,218,0.1901051811453058,0.17018337547779083,0.208199605345726,304.0266666666667,294.0133333333333,,
-84.4462,30.4905,1,1,2020,124,0.26665436427385125,0.11178234964609146,0.11114489287137985,300.0485714285714,288.3066666666667,50.2,69.10000000000001
-80.431065,34.826765,1,1,2017,364,-0.039735099337748346,0.3053819537162781,0.3437022566795349,282.892,282.12,3.2,8.1
-82.1798,27.8878,1,1,2020,7,0.05537459283387622,0.12542888522148132,0.041949138045310974,292.15000000000003,284.832,,
-81.8296,27.172,1,1,2017,141,7.903055848261328E-4,0.07950106263160706,0.04080851748585701,309.18,293.32,17.7,53.6
-84.294946,35.097815,1,1,2020,316,0.052320425657700266,0.3879782557487488,0.3714660108089447,292.365,282.708,8.4,22.1
-83.52651389,32.86624167,1,1,2019,264,0.19266939956595128,0.07648905366659164,0.046884115785360336,303.79200000000003,293.58,24.900000000000002,56.800000000000004
-77.278288,34.905082,1,1,2019,57,-0.044458625824292705,0.2575565576553345,0.2617553770542145,289.36,,12.5,20.3
-80.624709,36.494485,1,1,2017,345,0.016526824307144673,0.26505303382873535,0.24570737779140472,283.58,268.62,5.2,11.4
-87.859,30.943,1,1,2018,16,0.10410437618918185,0.22478307783603668,0.22917035222053528,279.2133333333333,279.765,8.3,15.8
-81.49826,35.156662,1,1,2020,361,-0.02304699191858725,0.32094866037368774,0.3548908233642578,282.608,275.72,4.3,8.9
-82.8383,29.7915,1,1,2017,26,-0.14285714285714285,0.15301749110221863,0.10681688785552979,296.86,285.12,6.1000000000000005,29.0
-81.48305556,31.46638889,1,1,2020,288,0.27028968158965766,0.15630142390727997,0.11711130291223526,298.62666666666667,293.78000000000003,28.8,47.0
-82.102225,35.22828,1,1,2020,163,0.23368620635171433,0.3112953305244446,0.29805585741996765,301.43,,47.6,67.4
-93.921,32.8576,1,1,2018,160,0.2700753851196329,0.17976602911949158,0.2588692307472229,303.98,295.72400000000005,36.800000000000004,72.2
-90.674,30.7529,1,1,2017,38,0.07344037904711766,0.36750492453575134,0.3581157922744751,292.52,282.608,,
-84.54598889,31.18387778,1,1,2017,104,-0.07571473452717561,0.11716378480195999,0.18816153705120087,301.36,285.4514285714286,,
-89.07159538,31.08661569,1,1,2020,72,0.12150040771948899,0.290833055973053,0.2683725953102112,289.86,284.345,20.0,33.9
-87.254,31.89,1,1,2017,76,-0.0291156462585034,0.33924341201782227,0.3687727749347687,283.92,273.48,15.4,38.2
-90.17813192,33.09124562,1,1,2017,47,-0.17323187108325871,0.2340758591890335,0.31621602177619934,289.38,284.596,10.3,25.400000000000002
-80.470442,36.137703,1,1,2019,78,-0.12538226299694188,0.41782960295677185,0.4487380087375641,287.21,276.1,10.600000000000001,29.1
-80.429787,33.873753,1,1,2017,73,0.00995732574679943,0.19230984151363373,0.1534534990787506,293.36333333333334,280.268,8.4,36.4
-83.71869167,31.8512,1,1,2017,300,0.060680809077454365,0.11924120038747787,0.16339540481567383,296.35200000000003,284.54,7.2,33.300000000000004
-79.395093,34.845235,1,1,2019,177,0.10246305418719212,0.12480159848928452,0.16966703534126282,304.776,291.66,24.3,71.5
-87.96375,36.409233,1,1,2019,275,0.2349213799577564,0.14421488344669342,0.24216829240322113,303.48400000000004,294.69,18.8,43.6
-83.88311111,33.34913889,1,1,2017,271,0.23099740452354467,0.26060014963150024,0.3238877058029175,300.505,293.9742857142857,22.700000000000003,51.2
-83.2146,30.9168,1,1,2017,65,-0.02585551330798479,0.11886405944824219,0.1475304514169693,296.43,282.96500000000003,12.3,36.0
-84.641233,36.186867,1,1,2020,91,-0.12284263959390863,0.3803616762161255,0.39575716853141785,296.19,280.90000000000003,8.1,36.2
-78.09914,35.733948,1,1,2019,73,-0.026252983293556086,0.22893299162387848,0.18960297107696533,293.5266666666667,275.5933333333333,11.200000000000001,25.1
-84.24077778,31.06701389,1,1,2017,233,0.06416275430359937,0.09548217803239822,0.08106046169996262,306.82,295.98,,
-82.49033,35.64794,1,1,2017,301,0.15869400151860288,0.3618261218070984,0.2556881606578827,288.72,282.14,7.300000000000001,22.6
-92.603,30.8171,1,1,2020,297,0.22303325223033252,0.3180600702762604,0.31267815828323364,297.28000000000003,291.56,18.6,29.900000000000002
-82.39833333,33.17062222,1,1,2019,280,0.1452081316553727,0.07241702824831009,0.13626983761787415,305.79,295.42,15.100000000000001,48.2
-87.159,31.434,1,1,2018,2,-0.04893722194760257,0.3795503079891205,0.40779051184654236,280.5866666666667,273.16,,
-78.820368,34.511659,1,1,2018,48,-0.055404557808906546,0.23577538132667542,0.21620583534240723,291.64,,,
-80.207327,36.492756,1,1,2019,249,0.11990820424555364,0.11853954941034317,0.18530328571796417,301.385,292.06,,
-83.03819,35.570547,1,1,2017,101,-0.02051702913418137,0.2715263068675995,0.33222392201423645,299.83,280.395,12.700000000000001,49.0
-79.171158,35.321188,1,1,2019,148,0.07916734961481724,0.10177204012870789,0.09976791590452194,306.132,294.3,33.1,74.5
-80.9884,28.9047,1,0,2019,124,0.33361702127659576,0.17042918503284454,0.06047910451889038,300.468,292.40000000000003,36.1,52.0
-80.917633,32.431908,1,1,2017,104,0.19122609673790777,0.11826241761445999,0.11424796283245087,295.776,285.3857142857143,27.0,51.400000000000006
-81.1354,28.6281,1,0,2017,95,0.12364602493357858,0.08682860434055328,0.03116588108241558,306.27500000000003,291.828,11.700000000000001,51.2
-84.73222222,30.99388889,1,1,2019,85,0.04470958437131244,0.15868522226810455,0.15300588309764862,299.375,282.75,11.600000000000001,39.900000000000006
-82.73138611,32.70048611,1,1,2017,176,0.2018649628734243,0.19848617911338806,0.18204037845134735,303.46,295.05,,
-89.16666667,31.11472222,1,1,2018,55,-0.020398481973434534,0.28439950942993164,0.2556626498699188,296.28000000000003,291.40000000000003,14.4,21.1
-84.7885,33.96231944,1,1,2019,116,0.21768042245257188,0.4306519329547882,0.4561355412006378,298.672,281.42,25.200000000000003,54.6
-83.800333,35.323667,1,1,2020,94,0.004606172270842929,0.32973921298980713,0.36806297302246094,296.35,277.78000000000003,10.3,38.400000000000006
-79.788328,35.487692,1,1,2020,322,-0.057226510513707744,0.3502783477306366,0.37487179040908813,290.87,284.3866666666667,5.2,20.3
-79.745665,35.28866,1,1,2018,72,-0.030597172399240345,0.3821524381637573,0.3984098732471466,282.95,273.1466666666667,7.4,18.5
-81.3284,27.2158,1,1,2019,153,-0.15457037301871052,0.11568116396665573,0.03846001997590065,310.06333333333333,295.48571428571427,5.9,39.6
-84.770983,35.770733,1,1,2018,228,0.2324487107095803,0.28546708822250366,0.34667375683784485,297.8666666666667,293.21,34.5,54.0
-87.258,33.728,1,1,2018,301,0.21009817671809256,0.14651726186275482,0.18825174868106842,292.39,280.22,9.4,26.700000000000003
-85.0658,30.9554,1,1,2017,145,-0.04056869714425788,0.12519091367721558,0.0826931893825531,,292.51,9.9,54.900000000000006
-82.059,33.19588889,1,1,2017,65,-0.2129202373104812,0.1878032684326172,0.2223595529794693,294.7866666666667,280.3666666666667,8.700000000000001,33.4
-83.2005,30.2911,1,1,2018,19,-0.14459485972140476,0.14708904922008514,0.07571027427911758,284.54,283.64,6.9,24.900000000000002
-84.512675,32.64395278,1,1,2018,18,-0.08106267029972752,0.31792929768562317,0.318272203207016,278.73,285.91,,
-81.990385,35.694834,1,1,2020,69,-0.06298568507157465,0.34718990325927734,0.3578051030635834,287.65000000000003,276.676,12.0,26.900000000000002
-79.787621,34.673206,1,1,2018,127,0.09391902966726766,0.10459452867507935,0.044605229049921036,301.7066666666667,285.656,31.200000000000003,60.7
-82.111649,34.686302,1,1,2019,312,0.11669283097854527,0.2865210473537445,0.32479003071784973,288.944,278.8366666666667,8.200000000000001,24.8
-85.208,30.8157,1,1,2017,123,0.0884899006091696,0.07878772914409637,0.0948292687535286,296.19,291.0933333333333,26.6,55.2
-86.148,33.359,1,1,2019,246,0.177836016473231,0.1130213737487793,0.1934318095445633,302.01,293.27,34.4,63.1
-81.188604,35.927416,1,1,2019,80,-0.003468208092485549,0.34614792466163635,0.3536793887615204,289.44,274.44,10.600000000000001,29.1
-81.4982,26.4451,1,0,2020,179,0.2451412706189776,0.12702064216136932,0.10496173799037933,303.16,293.79,25.400000000000002,53.1
-82.0622,28.5364,1,1,2020,131,0.16289213219258514,0.082148976624012,0.045842140913009644,302.0942857142857,290.30571428571426,29.900000000000002,62.300000000000004
-89.2714695,30.89757672,1,1,2019,79,0.11334002006018054,0.2801448404788971,0.2672247290611267,293.7066666666667,277.91,13.9,29.700000000000003
-82.63707778,31.85283611,1,1,2019,278,0.04646537696619056,0.07184339314699173,0.06810160726308823,305.175,295.53000000000003,11.4,42.900000000000006
-80.8428,28.87,1,1,2017,87,0.16426884260253383,0.0676683709025383,0.044805292040109634,301.1066666666667,289.5233333333333,,
-81.981284,36.02059,1,1,2020,322,-0.08036622583926754,0.2593359649181366,0.29540401697158813,285.1533333333333,277.42,5.300000000000001,20.1
-85.3884,30.5295,1,1,2019,331,0.09963985594237695,0.12941882014274597,0.05722130089998245,292.555,280.915,13.3,25.5
-78.763993,34.25371,1,1,2018,35,0.08196721311475409,0.3101288080215454,0.23670616745948792,282.805,274.0733333333333,6.6000000000000005,16.0
-84.63065833,32.02041111,1,1,2020,97,0.1954555017883442,0.18863455951213837,0.2420869618654251,297.468,285.17,26.700000000000003,49.900000000000006
-83.37151111,32.41369722,1,1,2017,53,-0.09094903339191564,0.2641826570034027,0.2534462809562683,291.8266666666667,280.6933333333333,9.9,27.900000000000002
-79.103118,35.277264,1,1,2018,122,0.16991245309987493,0.15060727298259735,0.14680629968643188,298.7633333333333,285.37333333333333,35.0,60.1
-82.14836111,33.25838889,1,1,2017,89,-0.07380140061052254,0.19220063090324402,0.2218553125858307,302.35,286.028,11.8,41.2
-87.564433,35.908117,1,1,2017,60,-0.14323843416370108,0.4031324088573456,0.42799845337867737,290.32,285.02,7.6000000000000005,23.700000000000003
-82.75125556,31.53764722,1,1,2019,335,0.00313782283369539,0.20494431257247925,0.1187368631362915,290.845,283.19,10.8,22.6
-78.777975,35.027423,1,1,2018,127,-0.04814973567652522,0.16880351305007935,0.19516369700431824,303.944,285.515,12.9,51.0
-83.042047,35.483516,1,1,2017,104,-0.13438735177865613,0.3340522050857544,0.37248772382736206,297.008,280.28000000000003,7.300000000000001,49.5
-82.9557,30.5121,1,1,2020,110,0.137668626772743,0.19695204496383667,0.08788403868675232,299.08,291.1,20.900000000000002,41.6
-80.467435,36.372345,1,1,2018,59,-0.13080739738385205,0.2296721190214157,0.2381405532360077,290.62,282.105,6.300000000000001,20.1
-83.51858611,31.10862222,1,1,2019,140,0.14923831655047767,0.08187182247638702,0.11722669005393982,305.072,291.1666666666667,22.0,67.4
-81.2868,28.9726,1,1,2017,76,0.057904227609697455,0.08506251126527786,0.04716326668858528,298.00666666666666,283.3,16.400000000000002,46.400000000000006
-92.4248,31.6439,1,1,2017,132,0.3010151232649679,0.2100585550069809,0.2436121106147766,298.7733333333333,287.432,43.0,65.9
-83.23618611,33.53433889,1,1,2019,278,0.02225819506272764,0.17392469942569733,0.22145242989063263,305.54571428571427,295.9566666666667,6.300000000000001,48.400000000000006
-82.0172,26.7149,1,1,2020,110,-0.10374925609998016,0.08504407852888107,0.05962475761771202,309.28000000000003,296.63,10.3,52.2
-86.1309,30.5246,1,1,2018,137,0.1419624217118998,0.13699577748775482,0.05333581194281578,307.925,291.555,,
-79.222407,36.223061,1,1,2017,62,0.01014799154334038,0.1998349130153656,0.2194700688123703,292.82,279.748,9.4,29.0
-81.085457,32.302593,1,1,2017,8,0.06448887637285272,0.3004797399044037,0.3110670745372772,287.66,272.8,8.3,15.700000000000001
-78.737707,34.164283,1,1,2017,73,-0.027808676307007785,0.21806667745113373,0.2476917803287506,295.74,279.596,9.200000000000001,32.2
-84.13802778,34.96888889,1,1,2019,86,-0.06975666280417149,0.2901996374130249,0.3119029998779297,290.865,278.99333333333334,7.7,35.2
-77.953664,35.035668,1,1,2018,23,0.017937219730941704,0.24022340774536133,0.19553153216838837,282.35,272.75,6.6000000000000005,15.100000000000001
-81.31945278,32.27609444,1,1,2018,290,0.15747356387539296,0.1103205606341362,0.062492985278367996,300.125,292.2666666666667,15.8,34.300000000000004
-81.987221,33.726006,1,1,2018,16,-0.03738046942915097,0.3262234926223755,0.3589310944080353,284.8266666666667,275.93,,
-82.8229,30.154,1,1,2017,128,0.023703490877747452,0.07743041962385178,0.10508161783218384,304.1466666666667,287.6466666666667,21.700000000000003,57.900000000000006
-88.7641,35.96365,1,1,2017,30,-0.12519440124416797,0.2872909605503082,0.30082225799560547,284.225,274.8066666666667,6.9,14.600000000000001
-87.514,34.233,1,1,2020,322,0.023145712782745922,0.1521582305431366,0.16399532556533813,289.66400000000004,283.56,5.4,22.0
-84.57243611,32.70321944,1,1,2018,278,0.24757558471192243,0.2415388971567154,0.3102726936340332,300.795,292.455,21.3,47.300000000000004
-79.191667,35.316476,1,1,2018,88,0.05112190608373814,0.19242730736732483,0.16625496745109558,287.52,274.88,,
-78.237144,34.426123,1,1,2017,49,-0.06917164816396243,0.23857524991035461,0.23682686686515808,291.9533333333333,291.08,13.200000000000001,28.900000000000002
-80.544017,35.858783,1,1,2020,99,0.25889679715302494,0.38079917430877686,0.37972745299339294,295.764,280.8,18.3,44.0
-77.173431,35.478561,1,1,2017,42,0.19822073950514318,0.2312852144241333,0.2558593451976776,285.015,279.0933333333333,8.3,20.400000000000002
-82.60467222,32.33296111,1,1,2020,343,0.045816733067729085,0.143991619348526,0.13446182012557983,283.24,277.6933333333333,5.800000000000001,18.1
-82.08730556,33.06208333,1,1,2017,266,0.11920162631676215,0.17579282820224762,0.1773878037929535,302.6775,292.98333333333335,29.1,50.5
-80.941498,33.776596,1,1,2019,78,-0.0235319991202991,0.15623292326927185,0.08634176105260849,294.1066666666667,280.41,11.8,29.700000000000003
-78.170593,35.706985,1,1,2018,73,-0.01105379513633014,0.1527264565229416,0.1569502204656601,282.7666666666667,272.73333333333335,11.600000000000001,27.900000000000002
-90.1294,30.9799,1,1,2017,328,0.06906906906906907,0.15738540887832642,0.20367474853992462,290.988,282.548,11.200000000000001,24.3
-79.370133,34.718143,1,1,2017,53,-0.04530120481927711,0.1811138093471527,0.20364157855510712,295.42,278.1066666666667,11.9,26.700000000000003
-78.660179,36.227534,1,1,2018,7,0.03864278982092366,0.2432393729686737,0.2627735137939453,270.796,262.56,,
-83.93836389,32.06435556,1,1,2019,275,0.009548058561425843,0.10063578188419342,0.19108186662197113,306.48333333333335,295.48333333333335,11.100000000000001,48.6
-80.536746,35.751033,1,1,2017,53,-0.08971553610503283,0.2959209382534027,0.3286415934562683,293.66,280.31,10.4,25.400000000000002
-85.0299,30.5336,1,1,2019,83,-0.06153553057725281,0.19487421214580536,0.19775471091270447,299.795,280.475,10.9,46.7
-90.0265,30.9465,1,1,2017,62,0.004564315352697096,0.2520199716091156,0.2759886085987091,293.184,285.8333333333333,13.600000000000001,31.900000000000002
-77.691722,35.694078,1,1,2017,329,0.04645730599532832,0.11616549640893936,0.1073981523513794,287.02,274.595,6.1000000000000005,20.1
-87.627,31.019,1,1,2017,29,0.013175584834632966,0.682065486907959,0.9054368734359741,287.755,279.1533333333333,,
-86.05365,35.82575,1,1,2019,25,0.042315281736461305,0.49176594614982605,0.51414954662323,276.50666666666666,,6.6000000000000005,12.9
-80.90665,35.250833,1,1,2017,42,-0.05963424330771269,0.3986436128616333,0.4291991889476776,287.068,276.665,7.7,25.700000000000003
-79.522972,33.33482,1,1,2017,292,0.21704087507196315,0.2792432904243469,0.302303671836853,297.41333333333336,290.7266666666667,19.700000000000003,29.8
-80.3458,26.9051,1,0,2018,204,,0.18717724084854126,0.13520926237106323,,,,
-82.032463,35.71938,1,1,2018,32,-0.09793172190381261,0.28206101059913635,0.32168126106262207,281.43333333333334,272.43,6.1000000000000005,14.5
-80.121147,33.638607,1,1,2018,249,0.04043026706231454,0.08047998696565628,0.11719663441181183,306.02,295.94,,
-77.234783,34.725117,1,1,2020,71,0.036017806556050184,0.2158057540655136,0.22269895672798157,290.444,280.75333333333333,12.600000000000001,26.700000000000003
-77.328661,34.742571,1,1,2017,163,0.19541313226515866,0.14531560242176056,0.19999577105045319,303.3333333333333,292.88,39.1,64.2
-87.001,34.78,1,1,2019,272,-0.038088874039425326,0.12392769753932953,0.22534187138080597,309.03000000000003,292.625,8.0,48.1
-85.9718,30.3847,1,1,2017,306,0.18584521384928718,0.15186256170272827,0.07833491265773773,293.6314285714286,283.4771428571429,15.8,37.2
-90.90775996,31.12858239,1,1,2017,74,0.04325461772270283,0.30623844265937805,0.3368651866912842,288.0466666666667,283.31,15.100000000000001,43.2
-81.87060278,32.71306389,1,1,2018,237,0.10325613790701724,0.11548979580402374,0.1491016298532486,299.71,294.58,19.0,63.400000000000006
-78.661709,34.582054,1,1,2018,88,-0.1273362445414847,0.22373834252357483,0.21880623698234558,289.26,278.30400000000003,12.100000000000001,30.5
-79.611045,35.086766,1,1,2017,61,-0.01690638405248549,0.16405881941318512,0.10711536556482315,293.432,284.67333333333335,10.600000000000001,32.4
-81.5178,29.1771,1,0,2019,181,0.17282070803197563,0.19920924305915833,0.061746664345264435,304.7,296.4533333333333,29.1,57.0
-81.91958333,30.84627778,1,0,2017,90,0.1354679802955665,0.08464603126049042,0.13865624368190765,300.184,288.18,24.900000000000002,50.7
-82.7015,29.0826,1,1,2020,34,0.07061994609164421,0.14078623056411743,0.08952759206295013,292.37333333333333,281.44,16.7,28.700000000000003
-81.192106,35.546566,1,1,2020,87,0.12735026167861987,0.4679275155067444,0.4941970705986023,298.355,279.32,21.6,33.7
-79.769723,34.84724,1,1,2019,13,-0.07569721115537849,0.2466401308774948,0.15383192896842957,284.06,275.915,6.0,13.100000000000001
-79.114806,35.319707,1,1,2019,265,0.16636029411764705,0.09441222250461578,0.08555588126182556,301.5466666666667,290.48285714285714,20.200000000000003,49.300000000000004
-82.04968889,30.60055833,1,1,2018,132,0.1470267915486822,0.08972079306840897,0.07090755552053452,303.3866666666667,290.34000000000003,26.0,47.300000000000004
-79.072699,35.270125,1,1,2017,11,-0.05310848225522275,0.2244202196598053,0.17150215804576874,,260.4,8.8,11.4
-79.348953,35.297214,1,1,2017,46,0.0268067767531632,0.20778128504753113,0.1579977124929428,289.75428571428574,277.8933333333333,7.7,23.3
-84.794075,31.35000278,1,1,2017,13,-0.032436928195176046,0.2625465393066406,0.26524513959884644,284.708,278.54,10.0,20.700000000000003
-83.06350833,32.34041111,1,1,2020,262,0.13881636205395997,0.22099678218364716,0.20988209545612335,,296.26,,
-88.55194444,34.06694444,1,1,2017,134,0.18748954674694765,0.3845178782939911,0.39665886759757996,299.87,287.812,29.700000000000003,63.0
-82.92193889,32.75566667,1,1,2019,218,0.15713196033562166,0.11685022711753845,0.041345465928316116,307.25333333333333,295.18,35.7,65.3
-80.162453,34.067142,1,1,2017,22,-0.1412631998406057,0.28040027618408203,0.2652795910835266,292.71,282.72,7.6000000000000005,14.600000000000001
-86.584,33.029,1,1,2019,285,0.1026348808030113,0.1291072964668274,0.20205381512641907,301.9866666666667,291.888,9.1,34.1
-78.451267,35.021995,1,1,2019,30,-0.09709864603481624,0.30609315633773804,0.27953317761421204,283.69,276.5,6.5,16.3
-79.099121,34.234974,1,1,2017,90,-0.06832045546970313,0.22963504493236542,0.20469628274440765,298.04,285.17333333333335,16.8,44.300000000000004
-87.623,32.948,1,1,2020,231,0.20075187969924813,0.2278243899345398,0.2589743435382843,303.115,294.83,39.400000000000006,67.0
-80.62709,32.926064,1,1,2018,74,-0.18126888217522658,0.10929938405752182,0.09599751234054565,291.428,275.2866666666667,10.600000000000001,33.800000000000004
-81.68166667,29.17583333,1,1,2017,100,0.3304932735426009,0.08383236825466156,0.03552969917654991,299.165,285.29200000000003,42.1,58.0
-80.078911,33.569309,1,1,2020,84,-0.014906027219701879,0.7028771042823792,0.9076082110404968,299.74666666666667,289.84000000000003,17.3,31.200000000000003
-78.708562,36.265801,1,1,2020,31,0.04917184265010352,0.38979825377464294,0.38498276472091675,283.27,273.896,6.300000000000001,13.200000000000001
-83.59409722,32.35888611,1,1,2017,75,-0.06987847222222222,0.19819068908691406,0.21076300740242004,288.436,280.87,10.0,36.9
-81.1723,26.2989,1,0,2018,77,-0.029331514324693043,0.08205755800008774,0.10374525189399719,300.108,283.86,13.9,49.400000000000006
-84.1649,30.2681,1,1,2017,60,0.08053691275167785,0.1697339564561844,0.09978189319372177,298.4533333333333,286.195,21.6,36.2
-84.27161389,31.74289722,1,1,2018,328,0.07342817806333181,0.25468581914901733,0.23951132595539093,291.765,279.316,8.0,17.900000000000002
-85.19222222,34.45916667,1,1,2019,256,0.19570707070707072,0.11736180633306503,0.19062544405460358,303.92,293.81,13.8,57.900000000000006
-82.9732,29.5897,1,1,2020,318,0.15124153498871332,0.15343409776687622,0.11102981865406036,,292.095,,
-78.796691,34.238779,1,1,2019,37,-0.10365744870651204,0.258710116147995,0.25756514072418213,290.6433333333333,277.4114285714286,12.100000000000001,20.1
-82.6349,30.1212,1,1,2018,58,-0.00631578947368421,0.1941797435283661,0.19271251559257507,299.23333333333335,291.6,14.3,36.9
-82.405966,35.291275,1,1,2020,354,-0.004380314351971141,0.4041138291358948,0.4022258520126343,282.688,273.24,5.9,12.200000000000001
-89.80215,32.51036111,1,1,2020,250,0.1857642460399095,0.17988274991512299,0.2768044173717499,304.0933333333333,296.04,,
-79.036992,34.669297,1,1,2020,312,0.08337303477846593,0.15571008622646332,0.18428641557693481,293.2633333333333,284.04,8.0,24.8
-81.37361111,31.51,1,1,2019,182,0.20310022899418706,0.17293809354305267,0.22728553414344788,304.725,297.63,8.5,67.60000000000001
-84.346733,36.251367,1,-1,2019,262,0.19728879206003389,0.137786403298378,0.2322843074798584,300.904,292.54,28.0,50.1
-82.949236,35.113237,1,1,2020,104,9.070294784580499E-4,0.3315542936325073,0.368729829788208,290.90000000000003,279.66,13.8,42.400000000000006
-85.379,33.813,1,1,2017,79,-0.07792207792207792,0.22863109409809113,0.25051209330558777,289.38,277.435,9.9,32.6
-85.212,31.338,1,1,2018,65,-0.04836252856054836,0.28498584032058716,0.24031566083431244,295.185,281.855,8.6,27.5
-81.5025,32.22638889,1,1,2017,126,0.35054617676266137,0.1180865690112114,0.08329516649246216,298.87,287.02,36.6,59.5
-84.66600556,32.31017222,1,1,2017,43,-0.13948717948717948,0.18105219304561615,0.09800206124782562,288.335,282.485,8.6,28.200000000000003
-82.492318,35.526472,1,1,2017,38,-0.14937012597480503,0.23975835740566254,0.2709575891494751,283.40000000000003,278.62,6.9,19.700000000000003
-88.89151925,31.85862161,1,1,2018,78,0.17148760330578514,0.3530043363571167,0.3771420419216156,288.475,278.05333333333334,14.0,30.8
-81.1007,26.3298,1,1,2019,31,0.06224489795918367,0.12226113677024841,0.12683218717575073,290.45,,13.200000000000001,24.400000000000002
-80.639521,35.215874,1,1,2017,194,0.14213111976960868,0.2854820787906647,0.34781065583229065,305.29333333333335,295.6066666666667,,
-80.372193,35.607776,1,1,2018,51,-0.10148131770948486,0.3414006233215332,0.339424192905426,292.42,,16.0,26.400000000000002
-82.42888889,30.56361111,1,1,2017,41,0.1319693094629156,0.22014731168746948,0.49052590131759644,294.344,282.565,19.200000000000003,33.7
-93.1914,31.6567,1,1,2018,60,0.04354753053637812,0.4933076500892639,0.5209048986434937,,290.88,14.5,29.3
-81.069473,33.484566,1,1,2017,12,0.13049267643142476,0.2546737492084503,0.25040149688720703,284.2,278.16,10.8,18.8
-79.899833,36.237,1,1,2017,275,0.17381689517912427,0.1857345998287201,0.25450509786605835,298.736,288.31,25.900000000000002,40.0
-89.25972222,32.47388889,1,1,2019,76,0.05798816568047337,0.35096079111099243,0.35788148641586304,291.1,,9.1,34.0
-85.819,33.203,1,1,2019,251,0.2506654835847382,0.10712498426437378,0.19337411224842072,303.4514285714286,294.2475,17.5,57.1
-80.801567,34.172325,1,1,2019,115,0.1192100538599641,0.14835190773010254,0.1056317612528801,300.4866666666667,287.18,26.0,55.6
-81.809,27.7862,1,1,2018,23,-0.0708204334365325,0.11345338821411133,0.04425589367747307,297.23333333333335,283.096,6.7,26.6
-85.25658333,33.50642222,1,1,2020,133,0.3343788116396585,0.4379977285861969,0.44807296991348267,296.74857142857144,280.295,37.1,55.300000000000004
-82.054857,35.693094,1,1,2018,100,-0.015350389321468299,0.2873634397983551,0.32952427864074707,292.69,280.12666666666667,10.700000000000001,35.300000000000004
-86.063,33.073,1,1,2020,321,0.019782393669634024,0.21273468434810638,0.24567151069641113,293.2066666666667,285.37,8.4,23.3
-79.866943,32.94278,1,1,2019,70,0.09839300817592332,0.3670331537723541,0.37955203652381897,289.58,278.03000000000003,10.5,33.2
-84.76777778,31.34722222,1,1,2017,287,-0.08960573476702509,0.10865189135074615,0.14406929910182953,302.16,294.3933333333333,,
-84.89981667,30.90175833,1,1,2017,191,0.0010456605088881143,0.2226598858833313,0.19041472673416138,305.7066666666667,296.376,20.3,51.800000000000004
-78.841349,35.884754,1,1,2017,102,0.10205928943199818,0.2747451961040497,0.29023095965385437,299.60400000000004,286.02500000000003,11.100000000000001,46.800000000000004
-80.013962,34.408875,1,1,2020,117,0.16314251332301874,0.1772608906030655,0.20288421213626862,299.7066666666667,285.625,25.400000000000002,50.400000000000006
-77.106933,35.997158,1,1,2019,362,-0.054444163079260574,0.22072266042232513,0.2100542187690735,285.78000000000003,277.78000000000003,4.5,7.1000000000000005
-78.617996,33.887672,1,1,2017,53,0.12177121771217712,0.1858135163784027,0.20101706683635712,293.3,280.31,17.3,31.3
-84.48918333,31.95770833,1,1,2019,211,0.20800435611216989,0.08729688078165054,0.0428137332201004,302.6657142857143,295.8,24.400000000000002,48.400000000000006
-82.38716389,33.21725278,1,1,2019,179,0.12217071175347696,0.13917134702205658,0.18408438563346863,304.615,295.0466666666667,22.5,59.2
-80.5879,27.9366,1,0,2019,178,0.2523197715917202,0.11396174132823944,0.09598436206579208,304.0266666666667,296.82,30.6,50.1
-83.83888889,34.7175,1,1,2017,53,-0.1650346310007165,0.2197490632534027,0.20162741839885712,284.735,275.875,11.4,24.700000000000003
-89.51,32.99611111,1,1,2018,65,-0.023450197353146043,0.34980517625808716,0.38289380073547363,291.06,279.8066666666667,9.9,31.900000000000002
-87.271,34.636,1,1,2019,80,-0.07875691783737761,0.43831101059913635,0.4654957950115204,291.3233333333333,279.545,11.5,34.7
-85.3442,30.6607,1,1,2019,292,0.01448608875603587,0.1910213679075241,0.11729897558689117,,291.12,10.8,29.6
-81.0104,28.78,1,0,2020,141,0.3274176023180007,0.07122839242219925,0.028598589822649956,300.4733333333333,292.99,39.900000000000006,58.1
-79.001314,35.644972,1,1,2017,23,-0.03772996570003118,0.33330971002578735,0.34398913383483887,289.97,,7.5,13.8
-81.001411,32.630627,1,1,2019,146,0.131430584918957,0.06132843345403671,0.11534711718559265,306.744,294.705,5.6000000000000005,75.9
-81.297161,26.172784,1,0,2019,123,0.15870919041328552,0.0935535654425621,0.08581400662660599,302.2266666666667,290.65500000000003,,
-82.88584167,32.27236389,1,1,2017,84,0.01053864168618267,0.14091990888118744,0.1551266461610794,299.19599999999997,283.40000000000003,,
-82.13963889,32.64808056,1,1,2020,328,-0.013724121888811351,0.10541542619466782,0.10496029257774353,294.0714285714286,280.896,8.5,25.6
-79.923143,34.953846,1,1,2017,249,0.26577992744860945,0.20539143681526184,0.0787540152668953,302.436,292.12666666666667,28.200000000000003,44.1
-78.075655,34.143518,1,1,2017,48,0.008053055423969682,0.19216273725032806,0.1689387857913971,290.04333333333335,276.4733333333333,9.600000000000001,25.200000000000003
-85.29376389,34.54694722,1,1,2018,24,-0.04142312579415502,0.25565746426582336,0.284854918718338,283.0166666666667,270.80400000000003,6.9,17.1
-90.4136,30.829,1,1,2020,58,0.05337243401759531,0.35189634561538696,0.35176414251327515,286.99333333333334,277.87333333333333,11.200000000000001,26.400000000000002
-81.081566,33.976639,1,1,2019,265,0.05609041439933026,0.08858336508274078,0.03736862540245056,308.4533333333333,294.564,,
-82.6584,29.0951,1,0,2020,200,0.2667857142857143,0.1281135380268097,0.0704694464802742,302.976,296.42,73.8,71.60000000000001
-84.01041667,32.83922222,1,1,2017,27,-0.09238960225493266,0.4025460183620453,0.4147336781024933,290.22,281.468,6.300000000000001,20.1
-87.156,31.282,1,1,2020,58,0.0986442262739598,0.701994001865387,0.9086489081382751,283.9866666666667,275.22,10.9,24.6
-86.649,31.347,1,1,2019,270,0.24143183549124142,0.07660169899463654,0.07221897691488266,304.156,293.74,31.200000000000003,55.300000000000004
-80.06345,36.0569,1,1,2019,209,0.1651129720334966,0.2286096215248108,0.27658548951148987,304.336,291.575,25.700000000000003,53.6
-88.033,33.029,1,1,2017,274,0.19657713334917995,0.16463108360767365,0.2509411871433258,300.8,292.18,26.900000000000002,41.400000000000006
-78.834991,34.86406,1,1,2020,105,0.13602110022607386,0.19465917348861694,0.11123932898044586,297.408,283.17333333333335,26.200000000000003,46.7
-82.6715,29.8981,1,1,2019,22,0.06900640265591652,0.20771424472332,0.14605195820331573,289.37333333333333,275.64,10.200000000000001,20.8
-77.246333,34.877833,1,1,2018,14,0.0352760736196319,0.22902561724185944,0.21951833367347717,272.3666666666667,271.14,7.300000000000001,12.200000000000001
-84.814175,32.10415556,1,1,2020,230,0.25380424572609434,0.11359574645757675,0.15404775738716125,300.496,295.72,41.300000000000004,59.1
-93.6135,31.3898,1,1,2018,30,0.028037383177570093,0.348266065120697,0.3721962571144104,284.492,278.516,,
-75.98705,36.388567,1,1,2018,0,,0.2227911800146103,0.2402796745300293,278.11,,,
-81.9625,27.8908,1,1,2017,19,0.06823760432007854,0.07887831330299377,0.03493629768490791,298.73333333333335,287.736,7.4,30.400000000000002
-80.499058,34.925979,1,1,2017,347,-0.12616710557816616,0.2858172655105591,0.3307320773601532,283.7266666666667,273.8933333333333,6.6000000000000005,13.3
-78.5058,36.0429,1,1,2019,258,0.1840994892294026,0.24123719334602356,0.30266863107681274,300.29333333333335,293.66,17.7,49.900000000000006
-82.42404167,32.26256944,1,1,2020,123,0.18708990955843235,0.22976312041282654,0.2300039678812027,298.764,287.05,32.0,61.800000000000004
-81.6235,28.9361,1,1,2017,85,0.009081002542680712,0.08057832717895508,0.03260933607816696,303.665,285.99,,
-81.6614,28.4114,1,1,2017,25,0.01818181818181818,0.08309993147850037,0.03471604362130165,297.06,286.1666666666667,11.200000000000001,30.8
-83.94136667,32.61145833,1,1,2017,6,-0.10753880266075388,0.23982074856758118,0.10974057763814926,287.04,274.91,7.1000000000000005,11.8
-81.298333,36.171067,1,1,2020,50,0.05310531053105311,0.35921594500541687,0.37782159447669983,281.28000000000003,272.34000000000003,8.3,17.2
-78.711929,34.752046,1,1,2020,23,-0.07947019867549669,0.2018125355243683,0.12565523386001587,279.47,276.1533333333333,6.4,12.200000000000001
-82.054258,35.44588,1,1,2017,60,-0.15353535353535352,0.2677564322948456,0.25227823853492737,294.41,279.3,8.6,27.900000000000002
-87.584,34.57,1,1,2017,106,0.06320250598857564,0.3909577429294586,0.43378034234046936,299.8857142857143,283.36,24.3,44.6
-82.13069722,31.00303611,1,1,2019,251,0.07556829817734999,0.10465306043624878,0.08662362396717072,305.51,295.685,22.700000000000003,54.7
-86.647,33.102,1,1,2017,91,0.07304437920911759,0.24997177720069885,0.28365251421928406,297.74666666666667,287.62666666666667,22.1,40.5
-82.07055556,35.85,1,1,2019,335,-0.047542948461845785,0.26951950788497925,0.2787100076675415,284.17,276.5733333333333,5.800000000000001,15.5
-89.71305556,30.79083333,1,1,2020,77,,0.318048357963562,0.30966639518737793,296.66,,23.3,38.900000000000006
-82.0591,27.0346,1,1,2018,29,0.047889995258416314,0.1793432980775833,0.09346920996904373,297.91333333333336,288.18,9.9,27.3
-84.17173056,30.96578056,1,1,2019,263,0.09848778596355176,0.10119302570819855,0.14482536911964417,305.86400000000003,294.71500000000003,16.3,57.2
-79.879929,34.690716,1,1,2019,152,0.12471655328798185,0.13233904540538788,0.20972229540348053,312.7666666666667,297.052,,
-78.217081,36.287312,1,0,2019,200,0.2196169679613388,0.20839932560920715,0.24831019341945648,305.17333333333335,295.90000000000003,,
-82.314805,35.851584,1,1,2019,80,-0.1457670273711012,0.28560104966163635,0.3011891543865204,285.06,273.40000000000003,9.4,28.1
-81.217384,33.775986,1,1,2018,356,-0.0037341299477221808,0.19201266765594482,0.10476516932249069,286.02,278.36,5.7,12.0
-80.4084,25.604,1,1,2018,64,0.03394518481267287,0.1891493946313858,0.24747297167778015,305.064,293.244,,
-83.76685,34.39798056,1,1,2020,85,0.03863134657836645,0.5022148489952087,0.5368517637252808,295.54,284.18,18.2,32.4
-80.252319,34.25745,1,1,2017,53,0.05511240029006526,0.1585308015346527,0.09954612702131271,294.79333333333335,278.8,10.4,27.200000000000003
-84.98933889,34.88059722,1,1,2020,52,0.05726872246696035,0.3771142363548279,0.3875007629394531,280.985,273.78000000000003,7.300000000000001,15.700000000000001
-81.098488,32.901756,1,1,2017,87,-0.06027881405851168,0.1128343865275383,0.09653259068727493,298.5257142857143,284.65500000000003,6.5,41.300000000000004
-79.5282,34.907394,1,1,2017,55,0.048895157498824636,0.1507381945848465,0.11001713573932648,293.892,283.3666666666667,14.9,28.200000000000003
-82.668981,35.305881,1,1,2017,134,0.2979968090764049,0.2858850657939911,0.32427117228507996,295.448,283.40000000000003,39.0,58.900000000000006
-75.875721,35.685259,1,1,2019,13,0.2933768656716418,0.701352059841156,0.909813404083252,289.0466666666667,276.365,7.0,10.0
-80.94042,35.792731,1,1,2019,361,-0.05653710247349823,0.41713449358940125,0.424648255109787,285.78000000000003,273.43,4.5,9.8
-86.734,33.31,1,1,2020,19,-0.06367860071057665,0.34551945328712463,0.36176598072052,284.8333333333333,283.98,5.6000000000000005,13.5
-89.44277778,31.78583333,1,1,2020,288,0.1952288218111003,0.15117447078227997,0.18348704278469086,298.87333333333333,290.42,23.3,39.800000000000004
-84.33751944,32.28939444,1,1,2020,170,0.04095665171898356,0.14155489206314087,0.06896704435348511,303.892,290.8933333333333,33.5,59.5
-85.04972222,30.12916667,1,0,2019,179,0.07698692674828803,0.3566395938396454,0.34411856532096863,303.46,296.8933333333333,24.5,47.1
-81.6669,26.6733,1,1,2018,78,0.050552636347164344,0.0915297344326973,0.1041012853384018,302.07,283.5371428571429,12.200000000000001,46.1
-89.58222222,34.14583333,1,1,2018,99,0.02019446522064323,0.3403211832046509,0.372978538274765,293.91333333333336,278.48,12.200000000000001,36.300000000000004
-89.1675,31.14111111,1,1,2017,74,0.06140567200986437,0.24221254885196686,0.23731686174869537,288.8,280.17,14.8,43.300000000000004
-79.516798,36.479961,1,1,2018,3,-0.17123670956911025,0.2610247731208801,0.30227425694465637,273.3466666666667,261.66,,
-82.1111,29.6631,1,1,2017,117,0.11859649122807017,0.06848031282424927,0.05647439882159233,304.232,288.74,20.700000000000003,59.5
-84.25861111,35.20388889,1,1,2018,4,0.12014925373134329,0.21701455116271973,0.25364118814468384,274.44666666666666,264.54,3.5,10.4
-79.598656,34.733448,1,1,2017,300,-0.027783494546202922,0.13834521174430847,0.16083192825317383,296.48285714285714,285.3066666666667,5.5,31.0
-79.555715,34.853693,1,1,2019,329,0.06659939455095863,0.14891137182712555,0.08859729021787643,287.69,278.708,7.4,14.5
-77.750638,35.373268,1,1,2017,88,0.053847587106390905,0.16603679955005646,0.1372893750667572,293.3,279.995,12.5,33.7
-88.63758542,32.8362485,1,1,2018,151,0.37740852041718226,0.21143700182437897,0.1870502233505249,302.62,,,
-83.27182778,33.97648611,1,1,2019,83,-0.08004268943436499,0.45695918798446655,0.48193439841270447,294.00333333333333,279.2666666666667,11.3,37.7
-80.721786,32.614403,1,1,2017,48,-0.04458314757021846,0.18807338178157806,0.2245418131351471,291.90000000000003,282.3314285714286,10.600000000000001,29.8
-80.349289,34.876727,1,1,2017,297,0.08786833023626228,0.2732386589050293,0.32354632019996643,299.732,282.93,9.3,27.6
-85.36205,35.466483,1,1,2017,60,-0.0690749328777154,0.3720044791698456,0.34657755494117737,286.445,284.64,7.5,22.5
-87.5954,30.9304,1,0,2019,175,0.31658092599920856,0.10467087477445602,0.07181069999933243,303.89,297.125,41.400000000000006,54.0
-82.81995278,31.40269167,1,1,2018,123,0.0871177015755329,0.08487797528505325,0.11821848899126053,302.6085714285714,288.18,17.400000000000002,59.1
-77.08666667,34.80055556,1,1,2017,95,0.12440944881889764,0.5861877202987671,0.8797300457954407,296.4533333333333,287.21,23.700000000000003,40.6
-80.56617,25.38297,1,1,2018,288,0.20444574436969873,0.22066734731197357,0.30832889676094055,302.46,297.32,21.3,38.6
-78.955759,34.814258,1,1,2019,67,0.08586410312431723,0.35377442836761475,0.2829585075378418,288.74,273.85333333333335,11.100000000000001,27.0
-77.566867,35.575953,1,1,2019,112,0.1435448577680525,0.2058301717042923,0.18502984941005707,298.2233333333333,283.84000000000003,,
-86.874,32.956,1,1,2019,86,0.015315089128797388,0.3667377233505249,0.3930797576904297,290.2,281.272,11.200000000000001,37.6
-84.5621,30.6613,1,1,2018,50,0.0956564177647633,0.23688097298145294,0.24942952394485474,297.63,290.6,17.5,38.400000000000006
-81.168968,32.553665,1,1,2019,252,0.28771526980482204,0.10346680879592896,0.1290430724620819,304.095,296.425,36.9,60.6
-89.82666667,31.47527778,1,1,2020,43,-0.02732491389207807,0.4879107177257538,0.5050064921379089,286.51,279.29,11.8,19.5
-76.742455,35.844642,1,1,2017,28,0.04118316268486917,0.3208480477333069,0.34021180868148804,286.28400000000005,278.1533333333333,7.0,14.4
-81.4899,29.6414,1,1,2020,58,0.09759615384615385,0.16299253702163696,0.10536520928144455,291.62,284.83,14.8,35.300000000000004
-85.35001944,33.72638889,1,1,2017,26,-0.016195856873822974,0.28399893641471863,0.2955986261367798,287.12,280.6066666666667,,
-93.0033,30.9671,1,1,2019,71,0.18768158047646716,0.39714857935905457,0.40667057037353516,288.74,276.53000000000003,17.3,26.3
-83.26783333,32.69891667,1,1,2017,81,-0.06207565470417071,0.14494529366493225,0.09284539520740509,294.0166666666667,281.16,7.0,45.400000000000006
-75.855867,35.74875,1,1,2019,277,0.06051502145922747,0.3450626730918884,0.73734450340271,303.692,294.84000000000003,17.8,39.900000000000006
-80.5613,25.4526,1,1,2019,247,-0.03874856486796785,0.14811483025550842,0.1784764677286148,303.34000000000003,297.6,21.0,37.300000000000004
-79.944649,33.058868,1,1,2018,61,0.05728900255754476,0.27614498138427734,0.3350569009780884,295.6,289.5333333333333,,
-85.853,33.179,1,1,2019,246,0.11311311311311312,0.1366419792175293,0.2006339579820633,301.6333333333333,292.76,29.5,59.5
-83.76997222,31.64741667,1,1,2019,8,-0.06834313526668019,0.3054162561893463,0.2855064570903778,289.7133333333333,282.2866666666667,9.700000000000001,17.0
-82.2954,29.9447,1,0,2020,238,,0.1470569372177124,0.12206576019525528,303.66,292.52,,
-85.26533889,33.73640833,1,1,2020,99,0.1367595818815331,0.32928550243377686,0.31893643736839294,294.6,282.45,18.5,40.5
-92.6465,30.5713,1,1,2018,179,0.36153036153036155,0.12930305302143097,0.21304923295974731,303.92,297.516,58.300000000000004,67.2
-84.17711944,31.08248889,1,1,2017,315,-0.058775005155702206,0.1306523233652115,0.15255825221538544,300.595,287.87666666666667,,
-89.68083333,31.70583333,1,1,2019,226,0.3322914631764016,0.14405900239944458,0.16454339027404785,,295.52,50.6,67.3
-84.069717,35.506983,1,-1,2018,52,-0.05136138613861386,0.4006442129611969,0.43949073553085327,294.2066666666667,,12.8,26.0
-89.7978135,32.91583732,1,1,2019,80,0.07196969696969698,0.32722702622413635,0.3642995059490204,291.112,281.335,11.0,36.2
-88.358,31.035,1,1,2020,86,0.2038009502375594,0.2127065509557724,0.24490544199943542,300.09000000000003,291.8,,
-88.715,33.81972222,1,1,2019,271,-0.049268668206312545,0.14634428918361664,0.26026538014411926,305.816,292.6114285714286,9.8,53.900000000000006
-82.213619,35.911734,1,1,2020,308,-0.027354024197790636,0.1909053772687912,0.2456497997045517,287.276,278.805,6.2,24.6
-80.119765,35.263814,1,1,2018,22,-2.5348542458808617E-4,0.3233564496040344,0.36963897943496704,278.2,273.3866666666667,6.6000000000000005,14.200000000000001
-80.6537,26.2092,1,0,2019,171,0.18294849023090587,0.38257935643196106,0.7157917618751526,,,,
-85.957,33.849,1,1,2018,206,0.2696022262236045,0.16388659179210663,0.2228206843137741,302.83,294.92,31.200000000000003,66.9
-78.739717,34.377383,1,1,2019,258,0.06591337099811675,0.20370057225227356,0.21642595529556274,303.0466666666667,294.7342857142857,26.3,53.1
-79.559225,34.845797,1,1,2019,68,0.004074241738343142,0.23531684279441833,0.15347927808761597,288.64,273.26,10.600000000000001,26.200000000000003
-78.554396,34.101931,1,1,2019,137,-0.02097902097902098,0.12236818671226501,0.15473465621471405,302.005,289.4266666666667,38.0,67.10000000000001
-80.395591,36.138393,1,1,2017,317,0.0032397408207343412,0.2785302400588989,0.3108260929584503,283.85333333333335,278.94,6.0,15.4
-79.725155,34.956726,1,1,2019,267,0.11879507848960542,0.07443151623010635,0.053554046899080276,303.87142857142857,290.78285714285715,22.700000000000003,50.300000000000004
-89.29730181,30.44691518,1,1,2017,32,0.013513513513513514,0.2506239116191864,0.2773165702819824,293.33,280.06333333333333,8.3,21.0
-88.5291,35.67595,1,1,2019,80,-0.05963888382272479,0.36287155747413635,0.3868825137615204,291.93333333333334,277.78000000000003,10.5,31.900000000000002
-80.6182,26.9878,1,1,2017,5,-0.012004801920768308,0.13990181684494019,0.12141724675893784,294.31666666666666,292.36,10.5,26.8
-81.4319,33.119652,1,1,2018,59,0.05387523629489603,0.1353117674589157,0.05872771143913269,294.26,288.34000000000003,10.600000000000001,30.400000000000002
-79.068121,35.377718,1,1,2017,41,-0.06333973128598848,0.16039389371871948,0.12828224897384644,286.38,274.3,7.4,22.900000000000002
-81.398041,33.240879,1,1,2019,146,0.011923944569771189,0.07219269126653671,0.16338178515434265,306.4371428571429,295.10400000000004,22.8,80.30000000000001
-79.361383,34.636375,1,1,2018,93,-0.06661502711076685,0.16695170104503632,0.20406220853328705,297.72400000000005,281.3866666666667,12.9,36.800000000000004
-81.420675,31.38652778,1,1,2017,115,0.19104991394148021,0.4425976574420929,0.8191189169883728,299.6766666666667,291.208,30.700000000000003,58.1
-81.2972,27.7972,1,1,2020,111,0.15809051456912585,0.1579446792602539,0.043753206729888916,,295.1333333333333,28.900000000000002,46.400000000000006
-77.474723,36.252865,1,1,2017,360,0.044971381847914965,0.12969420850276947,0.14416517317295074,283.2,276.45,6.1000000000000005,11.5
-87.331,32.661,1,1,2020,124,0.34818846742643306,0.28655651211738586,0.31497180461883545,296.6333333333333,285.8933333333333,36.9,61.0
-83.5628,30.1508,1,1,2018,57,-0.01869734949660982,0.2153933346271515,0.10227520763874054,301.25,290.535,16.6,38.2
-79.071174,34.931318,1,1,2017,268,0.242116515232496,0.1276860386133194,0.16589826345443726,302.448,291.8233333333333,31.200000000000003,44.800000000000004
-88.075,30.871,1,1,2019,79,-0.035977859778597784,0.6617366671562195,0.9010137915611267,293.11,279.64,13.0,30.3
-92.7992,30.9876,1,1,2017,36,0.08872901678657075,0.29214927554130554,0.2967129051685333,292.435,281.53200000000004,13.9,25.700000000000003
-83.0908,30.3516,1,1,2020,82,-0.021823850350740453,0.12355832010507584,0.14136704802513123,304.84000000000003,289.964,20.0,49.900000000000006
-81.4742,27.428,1,1,2020,53,0.2122662026968247,0.09247326105833054,0.038872022181749344,295.8,292.325,17.0,40.2
-83.12898611,31.69697778,1,1,2019,84,0.023014959723820484,0.13944043219089508,0.17753687500953674,296.42,282.056,15.9,41.400000000000006
-81.226211,36.168783,1,1,2020,319,0.023727006131698213,0.33741268515586853,0.3353777527809143,293.09000000000003,283.13599999999997,11.200000000000001,18.6
-87.783,31.006,1,1,2017,322,0.088630667578036,0.5261449813842773,0.8598525524139404,292.06333333333333,283.9866666666667,8.200000000000001,24.3
-82.59510556,32.43375833,1,1,2019,68,-0.05045763905186576,0.21303901076316833,0.20310086011886597,287.52,275.07,12.9,32.5
-87.375,33.128,1,1,2018,77,-0.11498586239396795,0.34627875685691833,0.3661964237689972,288.24,276.90000000000003,9.700000000000001,28.900000000000002
-92.4737,32.9922,1,1,2019,251,0.296113074204947,0.06183690205216408,0.14625497162342072,305.4075,296.5075,13.0,56.2
-80.785,28.4365,1,1,2017,346,0.1335286730849728,0.15028370916843414,0.10929719358682632,291.62,291.9733333333333,10.5,26.5
-77.612797,34.92142,1,1,2017,26,-0.11741528762805359,0.6636375784873962,0.9004570245742798,289.415,279.6333333333333,7.1000000000000005,17.7
-79.004261,36.501063,1,1,2018,86,-0.11120401337792642,0.31304603815078735,0.3123655617237091,285.1466666666667,273.42,11.3,29.3
-88.86691635,31.6834984,1,1,2017,254,0.09698319497874064,0.3836425244808197,0.7601889371871948,299.66,290.22,26.900000000000002,50.900000000000006
-81.83373889,33.09865556,1,1,2018,92,-0.05598678777869529,0.15962986648082733,0.16251571476459503,297.27,283.64,9.0,39.7
-82.093526,35.365068,1,1,2019,267,0.1926262356398611,0.11370763927698135,0.17936275899410248,300.5466666666667,289.75,22.400000000000002,48.900000000000006
-84.72582778,31.15468333,1,1,2020,107,0.08907999350965438,0.17455899715423584,0.20906265079975128,299.148,,19.700000000000003,43.1
-88.141,30.933,1,1,2019,215,0.18049645390070923,0.13903124630451202,0.13069793581962585,303.24285714285713,295.18,,
-84.3274,30.1035,1,1,2018,16,0.13406987160346373,0.11791051924228668,0.06901410222053528,285.0,278.552,10.0,18.900000000000002
-78.002937,35.662876,1,1,2017,40,-0.11011498733190411,0.16792944073677063,0.15217988193035126,285.01,277.328,,
-79.206383,34.944929,1,1,2017,34,0.036888761795824995,0.23597323894500732,0.24158665537834167,287.13428571428574,277.4033333333333,6.1000000000000005,19.200000000000003
-84.855167,36.2209,1,1,2017,96,-0.08871303623490212,0.32694587111473083,0.3039996027946472,297.84000000000003,279.83,13.100000000000001,31.5
-82.4358,28.5821,1,0,2017,186,,0.24995335936546326,0.24441100656986237,303.75,296.02,10.5,36.2
-80.175307,34.962525,1,1,2020,59,0.07766059443911794,0.39740949869155884,0.40204840898513794,283.38,272.61,7.9,20.1
-80.124,35.369367,1,1,2019,86,-0.05115736238085976,0.4123920202255249,0.4611949920654297,293.505,278.38,9.9,36.4
-82.29450556,31.66764444,1,1,2019,249,0.1871060171919771,0.09159252792596817,0.08746393024921417,305.90000000000003,295.085,21.8,52.6
-87.01,31.303,1,1,2017,319,0.26476072094468617,0.3270977735519409,0.36605262756347656,291.76,281.31333333333333,8.200000000000001,23.400000000000002
-77.482481,34.766263,1,1,2017,30,-0.05368647100930565,0.24035494029521942,0.28531932830810547,286.78285714285715,279.16,8.0,18.3
-79.194849,34.924071,1,1,2020,68,-0.052658227848101265,0.28568336367607117,0.27620208263397217,287.68,277.515,12.0,27.400000000000002
-83.95526944,31.42201667,1,1,2020,163,0.09093387866394001,0.1746986359357834,0.17452070116996765,,295.93,19.6,64.5
-82.70756944,31.37048611,1,1,2017,59,0.08553428640659075,0.15163032710552216,0.13622355461120605,296.61,285.985,12.5,39.0
-81.9721,29.6207,1,1,2017,6,0.015088449531737774,0.11125019937753677,0.04528745263814926,293.16,285.9666666666667,8.5,24.0
-78.666021,36.355152,1,1,2017,34,-0.09795530194959581,0.3269156217575073,0.3228244483470917,284.06,273.1,6.5,19.1
-79.475813,35.19159,1,1,2017,104,0.19640321817321343,0.1466132402420044,0.09569327533245087,298.83,285.3333333333333,17.5,49.300000000000004
-85.657,34.594,1,1,2017,335,-0.059658460856065645,0.33592337369918823,0.3414580523967743,289.748,277.0333333333333,6.6000000000000005,17.8
-78.759757,36.249135,1,1,2020,87,-0.01793829227457546,0.3851638436317444,0.4077712893486023,,286.16,,
-75.859283,35.743583,1,1,2019,277,0.06329711856400567,0.3450626730918884,0.73734450340271,303.068,294.94,17.0,40.2
-86.118,31.115,1,1,2018,126,-0.008879492600422832,0.12810280919075012,0.2084149569272995,304.22,287.60333333333335,17.6,58.6
-82.5559,28.6331,1,1,2017,116,-0.09230220955096223,0.0694742426276207,0.5996355414390564,303.03200000000004,289.62,11.100000000000001,61.6
-83.24863889,31.16798056,1,1,2017,57,-0.08426635238656452,0.1450289636850357,0.1607116311788559,296.785,287.69599999999997,,
-87.754,34.414,1,1,2017,134,0.40116678105696635,0.2082483470439911,0.24767205119132996,298.652,287.69,,
-85.23833333,33.89694444,1,1,2018,356,-0.014202172096908938,0.3160971403121948,0.3147261142730713,283.79333333333335,278.58,6.300000000000001,10.9
-89.7992,30.2513,1,1,2020,123,0.19174615534358574,0.6049462556838989,0.8871694803237915,299.9633333333333,289.9733333333333,35.6,66.2
-88.13459628,34.7784664,1,1,2017,95,-0.003149275666596683,0.2567199468612671,0.3143003284931183,295.0733333333333,286.572,18.400000000000002,41.2
-92.5015,31.5015,1,1,2017,21,-0.008099352051835854,0.31809788942337036,0.31616300344467163,294.0,288.36,8.3,16.7
-82.0481,27.9938,1,1,2018,21,-0.14943779470438884,0.12224811315536499,0.07134105265140533,293.228,279.2633333333333,,
-87.89,34.216,1,1,2019,73,-0.053660754888585724,0.3807884752750397,0.38271820545196533,,,10.4,35.2
-85.757,32.033,1,1,2019,280,0.1696588868940754,0.05702091008424759,0.09101227670907974,306.0733333333333,295.28000000000003,18.7,48.5
-83.97409722,30.99103333,1,1,2019,272,,0.06866036355495453,0.12933357059955597,306.192,294.6685714285714,10.8,55.300000000000004
-89.93164146,32.99106912,1,1,2017,288,0.10106963545077494,0.14296205341815948,0.21039187908172607,299.285,289.468,24.8,46.1
-77.967189,35.030271,1,1,2019,151,0.08476469766792348,0.1388469934463501,0.14401254057884216,308.2857142857143,294.92,22.900000000000002,68.5
-93.6428,32.7831,1,1,2018,127,0.27753141167775314,0.35819560289382935,0.36612316966056824,301.355,288.84000000000003,37.4,53.1
-77.721721,34.681506,1,1,2019,269,0.10779686615065132,0.3731825351715088,0.7916703224182129,299.98285714285714,289.96250000000003,25.3,48.400000000000006
-92.4311,31.9132,1,1,2020,307,0.03848238482384824,0.36382678151130676,0.3768690526485443,290.89,282.18,13.600000000000001,28.3
-81.576633,35.816713,1,1,2019,311,0.06670181914052202,0.27013590931892395,0.274396687746048,288.52,277.98333333333335,6.800000000000001,21.200000000000003
-80.6894,27.9515,1,1,2017,131,0.039562560308780956,0.06170302629470825,0.05268412083387375,304.90000000000003,290.04,17.0,64.4
-83.4557,30.4321,1,1,2017,114,,0.08898216485977173,0.08607769757509232,303.48,290.55333333333334,18.400000000000002,57.6
-78.196003,34.004861,1,1,2019,127,0.1688125894134478,0.20170536637306213,0.17916780710220337,301.1,288.88,25.700000000000003,54.0
-85.242,32.537,1,1,2017,79,-0.055442522889114956,0.28441721200942993,0.29488465189933777,290.18,277.59000000000003,9.4,35.1
-80.7964,25.4861,1,0,2017,79,0.022487130858845843,0.32409006357192993,0.6873407363891602,297.268,287.815,,
-85.0,32.243,1,1,2019,138,0.25356478611283323,0.146262988448143,0.11898351460695267,299.452,288.3066666666667,74.8,78.9
-86.001,33.463,1,1,2018,60,0.0536986301369863,0.3778291344642639,0.37686192989349365,293.72,287.79333333333335,10.700000000000001,26.700000000000003
-90.51769124,31.51160129,1,1,2018,71,0.005917159763313609,0.38399019837379456,0.40182051062583923,289.268,280.36,9.200000000000001,31.3
-81.7504,29.7037,1,1,2020,133,0.33986287952987265,0.0738925039768219,0.045424044132232666,299.4566666666667,288.7514285714286,52.300000000000004,66.4
-82.333078,35.409833,1,1,2017,41,-0.1135567783891946,0.19384115934371948,0.21629494428634644,284.37,272.51,7.0,24.0
-81.244499,35.990969,1,1,2017,28,-0.09080426635918132,0.2684798836708069,0.29162782430648804,286.77,273.6533333333333,4.9,17.900000000000002
-82.555,29.424,1,1,2020,81,0.11835795127565701,0.112706758081913,0.04424707219004631,305.06,290.772,15.0,50.6
-79.322748,34.827371,1,1,2017,22,-0.19759965709387056,0.28760242462158203,0.2488001137971878,290.8333333333333,279.47,,
-79.494945,35.839023,1,1,2019,338,0.010238907849829351,0.21180516481399536,0.21797506511211395,284.8466666666667,276.9066666666667,5.300000000000001,12.600000000000001
-86.453,31.745,1,1,2017,12,-0.14826789838337182,0.3972518742084503,0.42239856719970703,283.46,284.86,9.700000000000001,19.900000000000002
-82.3034,30.0057,1,0,2019,195,0.07480190174326466,0.15206006169319153,0.12195370346307755,306.46,294.84000000000003,,
-82.64756667,32.23996667,1,1,2018,61,-0.1885558583106267,0.15157222747802734,0.18088211119174957,297.2,287.6,9.600000000000001,33.5
-83.63438407,35.43299681,1,1,2020,102,-0.014259429622815088,0.3038451373577118,0.35244596004486084,290.86857142857144,284.74,14.100000000000001,38.7
-81.93784444,32.65966389,1,1,2020,337,-0.022877478393492627,0.15360385179519653,0.18408264219760895,291.3933333333333,280.555,6.2,17.8
-80.3719,25.4633,1,1,2020,73,0.31010452961672474,0.2035011202096939,0.27356788516044617,301.12,292.4066666666667,39.800000000000004,52.6
-82.39257222,33.20373889,1,1,2018,91,0.03410696266397578,0.20260277390480042,0.21412457525730133,295.74,285.35,9.1,39.2
-81.2027,29.0922,1,1,2018,36,0.13532031517643028,0.18855540454387665,0.10984798520803452,289.42,282.00666666666666,17.1,27.200000000000003
-88.072,31.905,1,1,2019,257,0.1665847665847666,0.1750497817993164,0.2917030155658722,303.7966666666667,297.95714285714286,17.900000000000002,57.2
-80.8267,27.3434,1,0,2019,176,0.11724522514986756,0.08458179980516434,0.06453130394220352,303.796,297.705,28.0,49.5
-84.50342222,30.97087222,1,1,2018,66,-0.028903976721629487,0.1709747016429901,0.1576719433069229,295.876,280.4733333333333,10.5,27.3
-83.75728333,33.91699722,1,1,2017,66,-0.08909512761020881,0.42244821786880493,0.40961459279060364,291.69599999999997,278.5,10.5,30.700000000000003
-82.79385,33.69418889,1,1,2019,245,0.2331384015594542,0.1828436702489853,0.2563278377056122,302.535,292.7866666666667,46.1,64.2
-81.6731232,29.00189544,1,1,2020,96,0.14032815198618306,0.13572919368743896,0.038598425686359406,300.3433333333333,290.195,19.3,53.5
-82.92243333,31.27659167,1,1,2018,15,0.011275964391691394,0.14768213033676147,0.14093723893165588,282.21,284.41333333333336,6.6000000000000005,15.8
-84.70969722,32.31963333,1,1,2017,96,0.021779425393883226,0.17771491408348083,0.08756893128156662,300.868,288.02,13.0,44.2
-80.221984,36.252569,1,1,2020,64,-0.12410714285714286,0.47179505228996277,0.49817386269569397,283.28000000000003,272.35,7.7,19.1
-86.241,33.453,1,1,2020,326,0.009188763454975058,0.18592283129692078,0.24386455118656158,291.11428571428576,280.5425,6.5,23.900000000000002
-82.62933,35.46581,1,1,2018,23,-0.11717861205915814,0.35094118118286133,0.3788200914859772,279.944,274.63,7.4,17.3
-81.3262,27.4595,1,1,2017,139,-0.14660455994116206,0.04780399799346924,0.03049970604479313,311.67,291.19,8.9,52.2
-79.201175,35.337755,1,1,2020,91,-0.024072869225764477,0.20580114424228668,0.16687531769275665,301.98,,12.5,35.4
-84.72343333,30.92074167,1,1,2019,322,0.018305661983822902,0.11794546246528625,0.1232244223356247,292.00666666666666,281.25,7.2,22.700000000000003
-75.733033,36.124483,1,1,2020,128,0.1754698318496538,0.6729961633682251,0.9005025625228882,293.1,287.79,,
-89.07048075,32.98431932,1,0,2018,191,0.31841302136317395,0.21841055154800415,0.27438026666641235,303.18,294.06,,
-80.467803,35.570973,1,1,2017,45,-0.1203588337901819,0.3115837872028351,0.3306804597377777,289.6533333333333,280.896,,
-80.9431,27.7072,1,0,2017,188,,0.15098075568675995,0.09610629826784134,306.6666666666667,296.212,,
-80.172477,36.169881,1,1,2017,91,-0.05060240963855422,0.35537949204444885,0.38558122515678406,297.04,285.4066666666667,12.0,34.9
-82.559425,33.01045,1,1,2017,77,-0.13995680345572353,0.20168866217136383,0.22158566117286682,288.632,276.25,,
-78.618576,36.450318,1,1,2020,201,0.25454247831068916,0.24418677389621735,0.3112161457538605,304.33,294.235,31.6,63.2
-84.63041389,32.66306111,1,1,2017,250,0.29619762654395737,0.1832524836063385,0.2572742700576782,299.23333333333335,291.105,26.400000000000002,44.2
-79.95622,35.385327,1,1,2018,116,0.15599153683400654,0.2667514383792877,0.2701558470726013,295.62,286.3866666666667,18.3,41.0
-84.38380404,30.35179568,1,1,2020,64,0.10436755530346001,0.25963684916496277,0.14069095253944397,290.49,278.24,16.900000000000002,28.0
-80.51996,35.027217,1,1,2018,46,-0.07421638018200202,0.4055350720882416,0.42808982729911804,287.3,273.56,,
-84.14411111,30.99395833,1,1,2019,37,7.415647015202076E-4,0.293133944272995,0.27746260166168213,294.48,280.2733333333333,13.700000000000001,23.5
-80.921814,35.581459,1,1,2018,3,-0.025838796760509063,0.20981627702713013,0.23269417881965637,278.06666666666666,277.1466666666667,4.0,11.8
-92.872,32.2614,1,1,2017,269,0.31459170013386883,0.16466084122657776,0.20475497841835022,300.888,293.7725,35.2,53.900000000000006
-83.8119,35.5875,1,1,2019,272,0.18646474207288216,0.09838448464870453,0.14428718388080597,300.3666666666667,289.21500000000003,15.0,47.5
-82.6041,30.1292,1,1,2017,68,-0.09690651170740044,0.11084713786840439,0.07657600194215775,299.45,283.68,9.700000000000001,36.0
-79.184121,35.402517,1,1,2018,61,-0.1157556270096463,0.17244625091552734,0.13376297056674957,290.92,285.78000000000003,7.5,24.1
-81.60655833,32.32791944,1,1,2018,16,0.10119356512714063,0.13719762861728668,0.11778119206428528,281.845,278.8666666666667,7.7,15.8
-82.595,29.5107,1,1,2017,135,0.02293379489398529,0.06545238941907883,0.024653689935803413,310.66400000000004,290.404,23.5,61.6
-83.31842222,31.80889167,1,1,2019,273,0.1595719381688466,0.08815724402666092,0.1484079211950302,306.65714285714284,293.65714285714284,17.900000000000002,46.2
-85.06376389,34.14155278,1,1,2018,131,0.26264073694984647,0.3275347352027893,0.33375951647758484,299.43333333333334,288.208,38.800000000000004,58.6
-86.334,31.518,1,1,2019,185,0.27031019202363366,0.14490123093128204,0.2160644829273224,303.2,292.84000000000003,,
-87.912,33.64,1,1,2018,78,-0.15431519699812382,0.3681410551071167,0.3925229012966156,288.445,276.105,9.9,27.900000000000002
-84.84218611,30.90068056,1,1,2020,72,-0.006603605211493843,0.19189506769180298,0.17437845468521118,295.9666666666667,281.0333333333333,14.5,32.6
-87.859,33.925,1,1,2017,101,0.10158799216880575,0.2549247443675995,0.30646708607673645,298.0366666666667,285.4066666666667,15.0,49.300000000000004
-81.9095,29.6295,1,1,2019,15,0.062468257998984256,0.1710766851902008,0.08882215619087219,292.425,282.1766666666667,8.700000000000001,20.900000000000002
-78.214859,36.160453,1,1,2017,48,-0.00801201802704056,0.24331019818782806,0.2589656412601471,289.4733333333333,273.50666666666666,7.0,20.700000000000003
-88.76916667,32.13583333,1,1,2019,203,0.17189554762352058,0.21779528260231018,0.2497178465127945,,296.61,41.300000000000004,60.400000000000006
-84.78583333,30.7525,1,1,2019,80,0.10626702997275204,0.18922655284404755,0.20316669344902039,293.46,283.66,17.2,34.0
-82.6428,29.0704,1,0,2020,200,0.23119015047879618,0.1495979130268097,0.0778241828083992,304.6466666666667,296.58,40.6,63.0
-85.26750833,33.72710833,1,1,2020,343,0.016535646516671186,0.222177654504776,0.23980849981307983,282.13,271.68,5.800000000000001,14.5
-89.39040103,30.7982588,1,1,2018,78,0.2104959630911188,0.2709730863571167,0.2594662606716156,289.35,277.615,20.0,36.5
-77.503147,34.958503,1,1,2017,77,-0.04418290565309666,0.6330851316452026,0.8882726430892944,287.39,272.6466666666667,8.9,28.1
-78.0674,36.2051,1,1,2018,81,0.11421247507832526,0.28743115067481995,0.28304678201675415,287.25333333333333,274.62,14.600000000000001,32.1
-81.1077,28.5538,1,1,2019,45,0.1062557497700092,0.16111032664775848,0.07421451061964035,299.49333333333334,289.06666666666666,15.600000000000001,29.8
-82.647375,32.19500556,1,1,2019,206,0.11384615384615385,0.09637139737606049,0.1264936476945877,302.1533333333333,295.84000000000003,25.400000000000002,63.7
-79.634308,34.6553,1,1,2020,58,0.017523017523017523,0.31698423624038696,0.28352683782577515,284.86,273.03000000000003,9.1,22.5
-79.161406,35.025327,1,1,2019,180,0.023937469467513434,0.11618732661008835,0.08096925169229507,306.3866666666667,298.2,25.0,69.8
-85.731,32.006,1,1,2019,260,0.18895481515289822,0.06814753264188766,0.10827270895242691,304.65000000000003,294.56,,
-79.416998,35.371195,1,1,2017,57,-0.05396333591531113,0.3037203848361969,0.3232482373714447,293.35333333333335,284.204,13.5,27.200000000000003
-81.4871,26.2461,1,1,2018,99,0.03034435731333106,0.09367813169956207,0.09545167535543442,305.0933333333333,291.856,,
-85.596,32.848,1,1,2018,70,-0.016318087795908987,0.32850080728530884,0.30306586623191833,286.18,275.13,10.4,27.8
-89.36737267,32.70383766,1,1,2019,336,0.09763779527559055,0.30000656843185425,0.3345383107662201,290.648,276.78000000000003,9.600000000000001,19.5
-77.192282,34.881272,1,1,2018,58,0.1176037318929536,0.2156030833721161,0.20754405856132507,294.548,289.035,12.700000000000001,25.8
-79.537252,35.270449,1,1,2020,94,0.08629961587708067,0.16067183017730713,0.12807275354862213,297.62,281.22,11.200000000000001,36.0
-77.959852,35.238224,1,1,2017,347,0.0558053425019836,0.17986024916172028,0.191327765583992,279.71,272.88,6.4,13.3
-89.16222222,34.79055556,1,1,2019,261,0.231606340193991,0.0973176434636116,0.1831498146057129,304.2628571428572,295.7975,8.700000000000001,53.400000000000006
-84.210025,34.43294444,1,1,2018,65,-0.015072285450630576,0.30366259813308716,0.26973462104797363,290.92,279.65500000000003,8.0,20.3
-91.16410597,31.43301569,1,-1,2020,232,0.313469387755102,0.12151962518692017,0.2211058884859085,302.0133333333333,295.99333333333334,6.4,53.800000000000004
-90.50888889,32.67222222,1,1,2018,3,-0.1685022026431718,0.14737731218338013,0.23068001866340637,274.82,264.46,5.5,15.8
-84.40113889,33.27808333,1,1,2018,123,0.2531047752317649,0.40140628814697266,0.42208200693130493,297.14,284.205,47.7,63.400000000000006
-81.2628,29.4703,1,1,2018,15,0.039272030651340994,0.19870752096176147,0.12848606705665588,286.92,284.06333333333333,11.100000000000001,19.400000000000002
-80.999315,36.151689,1,1,2020,261,0.1250989707046714,0.3514656126499176,0.26492300629615784,,293.18,11.700000000000001,35.1
-87.05055556,32.88222222,1,1,2019,294,0.2851924697948862,0.22847408056259155,0.22542494535446167,,285.32,17.400000000000002,26.3
-80.754517,32.633965,1,1,2020,18,0.09167842031029619,0.2215418964624405,0.22844809293746948,294.61,,5.800000000000001,12.100000000000001
-77.955535,34.482923,1,1,2018,121,0.24268435427233712,0.1890719085931778,0.20518024265766144,296.87,285.6933333333333,40.400000000000006,59.300000000000004
-78.270818,36.296186,1,1,2017,199,0.25,0.2686154842376709,0.31551772356033325,305.18,296.0,,
-83.84645833,32.84111667,1,1,2018,20,-0.057926829268292686,0.30217763781547546,0.3150373101234436,279.865,271.42,6.800000000000001,19.6
-82.01085833,32.17250556,1,1,2020,40,0.017552182163187855,0.23333950340747833,0.20619545876979828,285.82,278.795,8.5,21.5
-80.1781,26.4456,1,1,2020,52,0.1872146118721461,0.13901609182357788,0.08925245702266693,302.68,295.195,14.700000000000001,35.4
-86.1363,30.3736,1,1,2017,30,0.24572457245724572,0.18548433482646942,0.09763623028993607,,,13.4,24.400000000000002
-78.872333,36.046833,1,1,2018,99,0.05065055762081784,0.3483778238296509,0.378349632024765,297.2866666666667,281.56,,
-80.8997,27.3622,1,1,2018,72,-0.07261802575107296,0.10569370537996292,0.09097578376531601,300.285,285.05,9.700000000000001,43.300000000000004
-78.410985,34.227922,1,1,2017,132,0.24014178112538767,0.5812133550643921,0.8736169934272766,298.38,287.036,36.1,61.400000000000006
-85.0805,30.7377,1,1,2018,23,-0.03883680887698489,0.11397218704223633,0.06946341693401337,284.7766666666667,273.25,,
-79.342374,34.836839,1,1,2017,51,-0.14234048049599587,0.16695980727672577,0.15244431793689728,292.1366666666667,282.595,12.700000000000001,26.5
-81.424,26.4598,1,1,2018,91,0.041759548224104624,0.09209862351417542,0.09708966314792633,307.45,287.016,20.700000000000003,53.0
-88.75833333,30.55416667,1,1,2020,301,0.21810699588477367,0.3069881200790405,0.22146464884281158,298.39,291.19666666666666,18.3,31.400000000000002
-81.696683,35.192019,1,1,2018,22,-0.08897742363877822,0.2558515667915344,0.24189239740371704,279.7,272.90500000000003,6.6000000000000005,16.900000000000002
-81.57083333,33.33944444,1,1,2018,337,0.07029145236345824,0.1943732500076294,0.13654519617557526,285.76,277.34000000000003,5.6000000000000005,11.8
-85.01653056,33.92140833,1,1,2018,4,-0.1032276824658331,0.3509256839752197,0.37290388345718384,274.38,272.9,4.2,13.0
-75.875566,35.685264,1,1,2019,228,0.3428258488499452,0.4095166027545929,0.6852566003799438,303.075,292.645,,
-81.73325,32.322775,1,1,2020,87,0.006751954513148543,0.24350126087665558,0.2629958987236023,299.884,290.3466666666667,21.8,38.900000000000006
-78.8271,36.0305,1,1,2019,35,0.01507537688442211,0.40153738856315613,0.4263095259666443,282.69,273.88,,
-81.630244,36.213049,1,1,2019,103,-0.036241610738255034,0.27150994539260864,0.29847514629364014,297.92,282.56,15.600000000000001,32.5
-78.720717,35.317516,1,1,2018,23,0.037673130193905814,0.17448854446411133,0.12549369037151337,279.205,272.32,6.6000000000000005,14.9
-87.794,33.247,1,1,2019,85,0.01482544237207078,0.35131219029426575,0.3768828213214874,292.87428571428575,282.105,10.200000000000001,38.0
-79.51799,34.3839,1,1,2018,21,-0.06908747936807356,0.13466876745224,0.059805404394865036,281.96,272.58,6.4,17.0
-89.85694444,31.49638889,1,1,2020,314,0.29956763434218653,0.2928694188594818,0.3273179233074188,291.97,283.188,17.2,32.4
-82.70225278,32.98628611,1,1,2017,45,-0.09734513274336283,0.24890068173408508,0.2612224519252777,291.66,281.35333333333335,7.300000000000001,28.200000000000003
-80.561118,35.886479,1,1,2019,117,0.2384213371778699,0.27497598528862,0.29557114839553833,294.896,283.44,39.900000000000006,54.800000000000004
-89.48972222,34.61138889,1,1,2018,78,-0.10495552731893265,0.3865736722946167,0.4146176278591156,288.01,274.28000000000003,11.3,27.0
-81.60694444,34.53777778,1,0,2017,94,-0.026617826617826617,0.27507051825523376,0.3050082325935364,298.54,288.25,11.5,36.5
-78.993678,34.944356,1,1,2019,36,0.020833333333333332,0.2034381628036499,0.10221532732248306,286.6,274.98285714285714,12.3,21.900000000000002
-81.784012,34.771698,1,1,2020,320,0.10569583088667057,0.2814675271511078,0.2885729670524597,293.44,288.21,10.200000000000001,21.8
-82.06827222,33.04124722,1,1,2019,115,0.011984357259997478,0.13443589210510254,0.1924542784690857,299.94666666666666,286.81,,
-79.428058,36.177438,1,1,2020,322,0.078940856223707,0.2349219024181366,0.25255733728408813,291.17,283.52,5.7,18.3
-80.452917,35.347732,1,1,2017,77,-0.03241590214067278,0.270536333322525,0.2602209150791168,288.07,272.55,9.9,33.2
-86.79,32.918,1,1,2017,79,0.06253585771658061,0.33727365732192993,0.37716004252433777,292.88,278.795,12.3,36.5
-78.339481,34.367772,1,1,2017,65,0.08097165991902834,0.1714458465576172,0.1978234201669693,290.055,275.3933333333333,11.8,27.200000000000003
-78.282384,36.231471,1,1,2020,17,-0.05367986397862521,0.2703315019607544,0.29856255650520325,,278.14,5.2,11.0
-93.6957,30.3618,1,1,2017,53,0.11635944700460829,0.2948223054409027,0.3075234293937683,293.0466666666667,282.98,16.6,32.1
-86.064,33.1,1,1,2019,281,-0.05006765899864682,0.17938823997974396,0.19552141427993774,304.04285714285714,294.316,7.2,35.800000000000004
-81.8565,26.7687,1,1,2018,94,-0.006279434850863423,0.06922044605016708,0.08219294250011444,306.72,288.66,22.5,54.800000000000004
-83.58885,35.801483,1,1,2017,105,0.0674561218016494,0.3580628037452698,0.4049670994281769,298.5857142857143,282.14,17.3,42.0
-81.0778,29.0055,1,0,2020,178,0.18777589134125636,0.16093404591083527,0.09196936339139938,307.7266666666667,295.52,24.1,42.300000000000004
-82.7195,35.544983,1,1,2020,78,,0.3781028985977173,0.3961348831653595,,280.28000000000003,,
-88.9175,31.10638889,1,1,2017,272,0.27200227855311876,0.1221325695514679,0.1423577219247818,301.08,293.645,25.3,56.300000000000004
-78.615098,36.491461,1,1,2020,86,0.12052117263843648,0.3958120346069336,0.4248981177806854,294.46,281.08,15.9,26.0
-83.0423,29.6557,1,1,2020,135,0.23550176500252143,0.10640037804841995,0.08235184848308563,300.34000000000003,288.508,24.1,63.300000000000004
-87.654,30.702,1,1,2018,60,0.08161746464897048,0.6678681969642639,0.8998111486434937,,291.312,18.1,39.300000000000004
-81.541717,35.794867,1,1,2017,57,-0.07514761137949544,0.2465914636850357,0.2750304639339447,289.88,280.42,7.7,26.5
-83.4225,30.5009,1,0,2020,113,0.17994310099573257,0.14880265295505524,0.07657039165496826,299.09000000000003,288.54,34.9,54.7
-80.21775,34.63038,1,1,2017,88,0.04858548585485855,0.14058513939380646,0.0876983031630516,297.425,281.67,10.700000000000001,40.7
-81.840025,32.36251667,1,1,2019,8,-0.005851063829787234,0.2766076624393463,0.2711021602153778,290.045,283.37333333333333,10.100000000000001,16.5
-84.204943,35.052387,1,1,2019,265,0.1649525316455696,0.09383238852024078,0.18055710196495056,299.99333333333334,290.7,13.5,51.2
-81.89011667,31.57968056,1,1,2019,227,0.22476675148430875,0.1868702620267868,0.08293191343545914,305.36,297.01,,
-80.3578,27.135,1,0,2019,119,0.1110153050226342,0.09773252159357071,0.10920502245426178,305.565,291.48,22.8,63.6
-85.704,33.885,1,1,2019,179,0.14987370193657032,0.17438863217830658,0.19891592860221863,300.66,295.85,39.1,59.400000000000006
-89.1167,33.6833,1,1,2017,28,0.05177466623249756,0.3317123055458069,0.35693544149398804,285.37333333333333,276.72,7.0,18.2
-85.859,30.796,1,1,2017,80,0.059843518714315924,0.18181225657463074,0.19226863980293274,294.36857142857144,282.7066666666667,12.3,43.400000000000006
-82.1896,29.0665,1,1,2017,318,0.03463018383924754,0.12420289218425751,0.05876081436872482,302.18,288.86,15.8,30.0
-83.93722222,34.67944444,1,1,2017,277,0.28489483747609945,0.08853200823068619,0.11317688226699829,295.19,289.79333333333335,24.400000000000002,42.1
-84.97504444,32.85757778,1,1,2019,253,0.18552631578947368,0.22414955496788025,0.2889290750026703,304.3025,295.1725,30.200000000000003,58.400000000000006
-88.5658107,34.13434076,1,1,2019,272,0.17159464240586303,0.19662056863307953,0.2848511338233948,306.096,292.82,16.0,50.300000000000004
-79.778236,33.679298,1,1,2019,261,0.17092337917485265,0.143338143825531,0.1724076271057129,300.42,295.24,30.8,51.0
-77.275267,34.767617,1,1,2019,107,0.10069959720161119,0.19371165335178375,0.2290695756673813,299.504,284.71500000000003,27.400000000000002,52.0
-80.785011,32.954052,1,1,2019,266,0.12451757058704042,0.06587852537631989,0.11969362199306488,303.2,291.8285714285714,,
-80.53952,34.275501,1,1,2017,44,-0.1528649524195181,0.16473430395126343,0.11600986123085022,291.49666666666667,277.7866666666667,7.6000000000000005,26.5
-81.835845,35.32177,1,1,2020,117,0.14663376806485726,0.3055568039417267,0.3042025864124298,298.13,283.5,22.200000000000003,44.7
-82.142815,34.735077,1,1,2020,104,0.16879795396419436,0.4522818326950073,0.483964204788208,296.436,278.61,24.5,47.400000000000006
-88.27288804,34.13812883,1,1,2018,99,0.015734265734265736,0.3664442300796509,0.397392600774765,289.07,278.1466666666667,11.200000000000001,40.300000000000004
-82.00425,35.175438,1,1,2017,56,-0.0967425912319373,0.23526211082935333,0.2536889910697937,295.705,280.585,10.600000000000001,25.6
-82.8857,29.4296,1,1,2019,256,0.009372236958443855,0.20986057817935944,0.09354903548955917,308.93,295.9033333333333,24.3,49.900000000000006
-92.4024,32.8921,1,1,2019,253,0.13874450219912035,0.06507667899131775,0.0840645581483841,305.6514285714286,296.66285714285715,19.700000000000003,57.2
-80.797798,33.845669,1,1,2019,238,0.2343477418104284,0.13108986616134644,0.15068881213665009,305.99,296.1,30.8,48.400000000000006
-81.088409,33.94043,1,1,2018,152,0.10296624616433686,0.17492851614952087,0.07870333641767502,,,,
-83.85308333,32.70061111,1,1,2017,88,0.027297771099423992,0.14003582298755646,0.0697539672255516,299.91333333333336,287.52,12.0,45.6
-81.217415,33.016273,1,1,2017,75,-0.07174887892376682,0.17261695861816406,0.18604376912117004,290.772,279.676,7.1000000000000005,39.1
-80.766376,35.644786,1,1,2018,89,0.03403279844824546,0.34636902809143066,0.37291836738586426,289.8466666666667,273.12,10.700000000000001,33.6
-76.513883,34.7736,1,1,2019,137,0.049485220856858185,0.19619020819664001,0.23261551558971405,298.06,288.58,,
-89.61031111,31.13636944,1,1,2020,276,0.041462973021908385,0.11834891885519028,0.14595013856887817,298.065,288.884,18.3,46.7
-81.663675,32.22560833,1,1,2019,201,0.270481144343303,0.13388791680335999,0.09418245404958725,306.66,,24.700000000000003,62.0
-85.785,34.288,1,1,2018,20,-0.10012210012210013,0.29680654406547546,0.3183332085609436,277.7266666666667,268.9,6.6000000000000005,16.2
-79.822021,33.680561,1,1,2019,138,0.05972488246561031,0.171287402510643,0.17675328254699707,305.5933333333333,291.27500000000003,,
-85.8768,30.6815,1,1,2017,343,0.08470964304741609,0.16048216819763184,0.07461319863796234,295.86,283.6333333333333,7.5,14.4
-90.408903,31.677523,1,1,2017,38,0.043907252096694625,0.37910160422325134,0.3770366907119751,290.31,282.848,12.100000000000001,23.1
-80.552528,34.441677,1,1,2019,79,-0.11853529633824085,0.1696101725101471,0.09617370367050171,296.42,274.16,10.600000000000001,29.200000000000003
-85.748,33.195,1,1,2018,21,-0.03400309119010819,0.25728839635849,0.26793527603149414,280.26,272.7066666666667,6.6000000000000005,19.0
-79.586502,34.642624,1,1,2018,248,0.07729138166894665,0.09472440928220749,0.14214202761650085,304.56666666666666,296.36,19.200000000000003,47.800000000000004
-82.34916667,31.83416111,1,1,2018,77,0.029500580720092914,0.11336859315633774,0.047135140746831894,293.63599999999997,278.676,11.9,37.0
-82.7729,31.78555278,1,1,2018,59,-0.020221473278767454,0.1465422362089157,0.07288786768913269,296.76,288.75666666666666,12.600000000000001,35.2
-89.83405043,33.08719761,1,1,2017,332,-0.09808013355592654,0.1923118680715561,0.2468683123588562,288.92333333333335,274.83750000000003,4.800000000000001,23.900000000000002
-88.7414172,34.66137772,1,1,2017,59,-0.12712253327214318,0.32954779267311096,0.32659220695495605,289.3333333333333,284.4066666666667,10.100000000000001,24.200000000000003
-82.53954722,31.61943611,1,1,2018,71,0.0375329681476973,0.16749848425388336,0.10995037853717804,290.8466666666667,277.056,10.600000000000001,31.700000000000003
-85.459983,35.725167,1,1,2017,99,-0.11601584606677985,0.27510905265808105,0.30162498354911804,298.7,280.55,8.8,49.1
-80.4626,27.7223,1,1,2020,32,0.14233650536545858,0.1755647212266922,0.09737959504127502,291.095,284.01,10.0,28.200000000000003
-92.9076,32.2433,1,1,2018,176,0.17894358605821056,0.11320845037698746,0.17757466435432434,304.79,298.055,32.300000000000004,55.7
-79.480124,36.288898,1,1,2019,260,0.1302454473475851,0.17584407329559326,0.2394067347049713,302.18,292.08,28.3,49.5
-80.011475,33.869133,1,1,2017,134,0.3199370959287087,0.1868860423564911,0.18944451212882996,301.272,287.955,30.6,61.0
-85.721767,35.357167,1,1,2017,81,-0.17145899893503727,0.29887595772743225,0.3384813666343689,289.75,271.232,,
-78.6925,34.009167,1,1,2017,79,-0.0023507287259050304,0.18523509800434113,0.20876404643058777,290.81,276.93,7.800000000000001,31.400000000000002
-83.60416667,35.07416667,1,1,2017,97,-0.10669610007358352,0.24988257884979248,0.29418113827705383,295.17333333333335,279.24666666666667,6.6000000000000005,49.7
-83.55117778,32.10628889,1,1,2018,58,-0.16813864355940678,0.1872217357158661,0.16335460543632507,299.25,289.6666666666667,10.0,31.1
-76.747465,35.846932,1,1,2020,129,0.15177713736791545,0.2785072922706604,0.30314016342163086,297.3466666666667,284.40000000000003,14.8,48.900000000000006
-79.766444,36.340477,1,1,2018,92,-0.03168426903835464,0.3970566391944885,0.41581159830093384,294.38,280.84000000000003,9.9,32.6
-88.78338889,31.75672222,1,1,2020,124,0.24862271192464902,0.6045497059822083,0.8810118436813354,296.73333333333335,285.50666666666666,46.2,65.0
-82.3623,29.1648,1,1,2019,91,0.0501918158567775,0.19540183246135712,0.06184733286499977,299.76,285.8233333333333,18.2,41.7
-80.9424,27.2884,1,1,2020,60,0.11524986170016596,0.09127949923276901,0.06377986818552017,297.312,283.545,22.5,41.7
-82.51070278,31.5004,1,1,2018,268,0.031107588666534576,0.15792766213417053,0.12173580378293991,303.648,295.30400000000003,22.8,48.2
-82.3491,29.7152,1,1,2020,355,0.06144957983193277,0.1850411742925644,0.09452302008867264,291.78000000000003,280.82,6.800000000000001,17.900000000000002
-80.4074,25.4962,1,1,2019,268,,0.21624550223350525,0.2615628242492676,304.645,296.37,,
-79.725021,34.003502,1,1,2018,84,-0.04536410664544369,0.3013070821762085,0.30745646357536316,291.91200000000003,277.52500000000003,13.4,34.300000000000004
-80.205083,35.46015,1,1,2017,330,0.05684313247133447,0.2668280005455017,0.31503838300704956,286.095,274.52500000000003,6.6000000000000005,20.8
-90.66,31.12555556,1,1,2019,268,0.2678375411635565,0.10980018973350525,0.17965365946292877,303.77,294.615,33.5,54.1
-79.301228,34.636424,1,1,2019,274,0.033261026753434564,0.0905885174870491,0.15431927144527435,306.46,293.69,9.600000000000001,42.2
-82.063925,33.36991111,1,1,2019,149,0.0031631269769543608,0.08502358943223953,0.05575457587838173,314.6,298.18666666666667,17.3,81.4
-81.48725278,32.52433056,1,1,2018,30,0.0013966480446927375,0.15734808146953583,0.1306190937757492,286.39,276.36,6.1000000000000005,17.3
-79.037389,35.738075,1,1,2020,170,0.26180886122299524,0.28748995065689087,0.2925388216972351,297.9666666666667,292.7,24.5,60.900000000000006
-81.4753,26.8273,1,1,2017,47,-0.010670731707317074,0.11307366192340851,0.09984640032052994,301.88,288.7833333333333,11.8,38.800000000000004
-84.26190556,32.43636944,1,1,2020,123,0.10506894542629637,0.18551263213157654,0.1027151495218277,299.1,283.99,32.9,59.7
-83.3982,29.6895,1,1,2018,31,0.15416666666666667,0.16002167761325836,0.12212613224983215,287.416,278.54,11.100000000000001,23.5
-79.617523,34.455742,1,1,2018,232,0.28920798743549475,0.3193252682685852,0.6820695400238037,305.55333333333334,295.58,43.800000000000004,63.800000000000004
-82.7208,30.2481,1,1,2017,86,-0.03317367394003903,0.10091172158718109,0.08095335960388184,302.0,286.58,14.8,45.2
-84.32583333,30.93944444,1,1,2019,78,0.057615516257843696,0.23301514983177185,0.2526930868625641,298.38,,12.3,31.900000000000002
-83.58898333,30.69582778,1,1,2020,207,0.07959570435881239,0.17351317405700684,0.16738928854465485,304.2733333333333,297.0,27.400000000000002,64.3
-83.5241,29.8381,1,1,2019,46,0.17612732095490716,0.24644415080547333,0.20886904001235962,295.64,285.55,16.900000000000002,26.200000000000003
-79.492432,33.497749,1,1,2019,80,0.06184959748674652,0.27009811997413635,0.2593190371990204,293.58,278.14,13.200000000000001,31.700000000000003
-81.5793,26.1458,1,0,2018,250,,0.14385373890399933,0.08935350924730301,301.7,294.8,,
-84.37636111,30.767,1,1,2019,70,0.011646494633477963,0.2881757318973541,0.26358523964881897,291.932,282.496,,
-85.4042,30.5939,1,1,2019,117,0.03741323853055697,0.1654789000749588,0.08783799409866333,301.85200000000003,284.43666666666667,19.0,54.6
-81.8094,27.0272,1,1,2017,148,-0.11844172164624568,0.07056817412376404,0.05356920510530472,310.45,291.95,16.0,58.2
-84.69034444,30.94363611,1,1,2020,124,0.11535788742182071,0.13012340664863586,0.15219104290008545,303.1114285714286,287.5333333333333,32.6,62.2
-79.532013,34.58363,1,1,2017,63,-0.053712818317997006,0.19062325358390808,0.2578001022338867,293.93333333333334,280.73,9.600000000000001,33.7
-81.199849,35.786287,1,1,2017,40,-0.07073715562174236,0.25551488995552063,0.26240938901901245,285.475,275.0933333333333,7.0,18.5
-80.887245,33.086777,1,1,2017,63,-0.06173766185025333,0.13581368327140808,0.15935039520263672,294.96,282.535,6.0,38.0
-90.32259664,31.12647887,1,1,2019,272,0.09964926758819889,0.07906685769557953,0.15167243778705597,303.34000000000003,294.46,24.400000000000002,53.1
-89.46084027,30.89971785,1,1,2018,20,0.2585883822610868,0.20995353162288666,0.2248883843421936,276.776,273.16,8.9,18.7
-84.66463056,31.10664167,1,1,2017,6,-0.23351093147161492,0.2915785610675812,0.26855406165122986,287.19,278.52,7.7,17.400000000000002
-84.54728333,32.0941,1,1,2018,59,-0.009940357852882704,0.2363249510526657,0.2383846938610077,298.76,289.7133333333333,13.600000000000001,33.9
-82.783279,34.95443,1,1,2017,60,-0.15509086382872792,0.2960767447948456,0.26491251587867737,291.82,279.4666666666667,7.7,27.700000000000003
-80.01667,34.400002,1,1,2020,91,0.11975180972078593,0.2780667543411255,0.24677033722400665,300.75,288.13,,
-88.42972,30.42222,1,1,2019,139,0.13194090677534387,0.1749589741230011,0.253669410943985,301.844,293.01714285714286,34.2,68.0
-80.630816,36.10121,1,1,2020,66,-0.08702999577524292,0.4121584892272949,0.4218904376029968,283.78000000000003,272.455,11.8,27.6
-87.118,32.617,1,1,2017,233,0.3184593705965242,0.21865111589431763,0.2627926468849182,301.50666666666666,296.67,34.300000000000004,53.5
-85.3852,30.5004,1,1,2018,15,0.2542372881355932,0.11945337057113647,0.04706517606973648,281.0933333333333,275.68,10.0,18.7
-93.0245,31.9004,1,1,2018,87,-0.045974854569337587,0.269646555185318,0.20971527695655823,295.595,283.74666666666667,,
-80.534,25.6189,1,1,2020,73,0.06890879181136904,0.1495460420846939,0.21149513125419617,302.62,288.256,29.5,52.900000000000006
-87.0815,30.4802,1,0,2017,198,0.1735002157962883,0.26528799533843994,0.15273015201091766,301.90000000000003,297.3,,
-82.65028056,32.21658889,1,1,2019,147,-0.022500803600128575,0.07943374663591385,0.11722956597805023,310.80285714285714,296.1314285714286,,
-79.341821,35.246151,1,1,2020,23,0.06224953246059311,0.1904599964618683,0.17072969675064087,278.26,274.23333333333335,6.0,12.4
-85.15805833,33.82788333,1,1,2020,115,0.16585079302917563,0.32945337891578674,0.32527247071266174,292.475,282.695,26.900000000000002,43.300000000000004
-93.0395,32.7264,1,1,2018,78,-0.09438288116163546,0.3908461332321167,0.4426937997341156,292.428,281.16400000000004,12.200000000000001,32.1
-81.5243,27.5998,1,1,2018,59,-0.05764411027568922,0.10223072022199631,0.04308745265007019,303.3,292.10285714285715,5.6000000000000005,45.400000000000006
-80.135934,36.165163,1,1,2020,133,0.20936093609360937,0.4161471426486969,0.43537765741348267,296.08,281.0,22.8,48.900000000000006
-93.453197,29.866907,1,-1,2020,130,0.09893534146974811,0.39899757504463196,0.4290432929992676,299.24666666666667,293.692,,
-79.91571,34.19936,1,1,2018,105,0.01639935123445666,0.20995089411735535,0.16447357833385468,300.92,286.52,12.3,45.300000000000004
-80.825722,33.330055,1,1,2018,79,-0.0852102102102102,0.20220108330249786,0.17228014767169952,292.08,278.572,9.700000000000001,33.0
-79.701455,34.956006,1,1,2017,160,0.10647923735660042,0.129536971449852,0.09722760319709778,303.26,289.56,29.200000000000003,57.900000000000006
-78.982449,35.295376,1,1,2019,170,0.16972312117943186,0.14828667044639587,0.12638506293296814,302.315,292.09000000000003,37.4,66.5
-85.686,33.892,1,1,2019,85,0.02592152199762188,0.32152703404426575,0.3239043056964874,292.035,279.4266666666667,9.0,33.5
-89.33452778,33.67808333,1,1,2017,59,-0.0014903129657228018,0.33186712861061096,0.31743693351745605,289.87333333333333,284.145,9.8,24.200000000000003
-82.41015556,32.48714444,1,1,2019,80,-0.05711354309165527,0.13954393565654755,0.09733172506093979,294.88,277.94,10.9,31.1
-81.8675,30.4142,1,1,2020,139,0.08490566037735849,0.12100154906511307,0.07034879922866821,301.09000000000003,289.568,40.400000000000006,56.2
-80.3435,27.5048,1,1,2018,195,0.2099117060666477,0.16763563454151154,0.15627099573612213,304.6333333333333,297.6,,
-84.42944444,30.40888889,1,0,2019,146,0.27747786655150075,0.07570221275091171,0.09245893359184265,304.5025,294.5466666666667,20.700000000000003,77.4
-84.60052778,32.09631389,1,1,2019,279,0.16236162361623616,0.09411974996328354,0.1348496824502945,305.83714285714285,295.51,18.7,49.800000000000004
-79.594476,34.827125,1,1,2019,221,0.16178521617852162,0.10142762213945389,0.043203070759773254,305.1333333333333,295.36,25.8,62.5
-80.066666,33.566666,1,1,2018,71,-0.17083600598674364,0.5072811841964722,0.8201554417610168,289.53000000000003,274.87,6.2,24.6
-87.5146,35.920583,1,1,2018,308,0.029994643813604713,0.27566009759902954,0.26363682746887207,292.12,280.58,,
-81.73425,32.98394444,1,1,2017,312,0.015753669889008236,0.11764369159936905,0.1247226744890213,299.75,287.7742857142857,,
-86.103,33.502,1,1,2020,86,0.10589700996677741,0.4266958236694336,0.4593219459056854,295.34000000000003,288.63,23.200000000000003,39.800000000000004
-82.8686,30.3279,1,1,2018,3,-0.05909090909090909,0.22678405046463013,0.09823373705148697,286.28000000000003,279.18,6.9,14.0
-83.26705556,30.91826111,1,1,2018,84,0.05727820844099914,0.1340097188949585,0.16731974482536316,293.79,280.03000000000003,13.600000000000001,37.0
-79.012889,35.806001,1,1,2017,83,0.030830432620586774,0.22672836482524872,0.26227471232414246,289.085,279.08,10.8,35.800000000000004
-93.0838,30.8677,1,1,2020,320,0.10658622423328305,0.2950173318386078,0.3203112483024597,298.0733333333333,289.07599999999996,12.9,28.3
-84.0604,30.4572,1,1,2017,266,0.18338658146964856,0.17603696882724762,0.1811109483242035,301.728,293.415,32.6,54.7
-78.660682,34.395444,1,1,2017,86,0.10626450116009281,0.1936241239309311,0.20546507835388184,293.72,278.825,15.3,41.2
-83.83045,36.43921667,1,1,2020,342,-0.08154308154308154,0.4036306142807007,0.41830557584762573,282.0,272.36,4.6000000000000005,11.8
-85.0077,29.7226,1,1,2019,72,0.10780017528483786,0.22856482863426208,0.17310293018817902,294.39,284.08,20.5,37.4
-78.316,34.194,1,0,2019,228,0.21612690019828157,0.4405224621295929,0.7680202722549438,306.8866666666667,295.62666666666667,33.2,44.800000000000004
-84.04532222,30.98325,1,1,2017,63,-0.08466548253404381,0.14985176920890808,0.20262432098388672,294.296,284.7,9.1,37.300000000000004
-78.960923,35.772499,1,1,2020,133,0.26321525885558583,0.2365206778049469,0.27241379022598267,292.66333333333336,284.04333333333335,32.0,51.900000000000006
-87.578033,36.236883,1,-1,2019,79,-0.1646400308820691,0.3858577311038971,0.4237188696861267,291.628,277.07,9.600000000000001,29.400000000000002
-79.355683,35.228317,1,1,2017,222,0.231633714880333,0.13037322461605072,0.10768875479698181,304.52,291.90000000000003,24.8,52.2
-86.361,32.895,1,1,2020,31,-0.09884041965764771,0.23702727258205414,0.22287340462207794,290.19,275.955,,
-83.54876667,31.47565833,1,1,2020,134,0.0564050288820931,0.12292496114969254,0.2000754475593567,302.6066666666667,288.468,14.8,57.300000000000004
-86.545,34.023,1,1,2019,205,0.04650839927807858,0.13995087146759033,0.17676608264446259,306.12,291.76,,
-80.7435,27.2237,1,1,2020,71,0.03193548387096774,0.08531259745359421,0.08390501141548157,300.2133333333333,287.0266666666667,7.2,45.1
-80.475302,36.134788,1,1,2017,56,-0.09813269765593961,0.30160731077194214,0.3376733660697937,292.012,279.06,10.4,23.5
-79.110156,34.948325,1,1,2019,356,-0.09723089735581927,0.2369602620601654,0.2296793907880783,283.43,275.095,6.6000000000000005,11.4
-82.48105278,32.44242222,1,1,2019,139,0.20914687774846086,0.0874650776386261,0.13581052422523499,306.5,290.956,34.800000000000004,68.60000000000001
-84.237075,33.03023333,1,1,2017,26,-0.13343065693430656,0.45355460047721863,0.4854179620742798,289.595,280.33,5.800000000000001,20.900000000000002
-80.5591,25.4134,1,1,2017,23,-0.0655109184864144,0.15240150690078735,0.16485095024108887,299.73,289.8066666666667,,
-88.115333,35.068033,1,1,2017,65,-0.10582370269657829,0.2464580535888672,0.2840050756931305,287.68666666666667,277.86,8.4,25.700000000000003
-79.821327,33.002926,1,1,2019,143,0.1953785846915618,0.11640135943889618,0.16703428328037262,302.008,293.52500000000003,47.800000000000004,71.7
-79.798653,33.969131,1,1,2018,106,0.059467623182933735,0.3024533689022064,0.3140392005443573,293.5933333333333,287.45,15.200000000000001,46.300000000000004
-87.028,33.946,1,1,2018,257,0.22625516192132145,0.11571859568357468,0.1082092821598053,303.32,293.82,30.900000000000002,59.7
-85.54030278,34.77035556,1,1,2019,228,0.13424852914958102,0.1285717785358429,0.21974143385887146,302.39,294.15000000000003,27.400000000000002,62.7
-90.4815,30.6159,1,1,2020,321,0.14132674083230326,0.21029327809810638,0.24158215522766113,296.895,287.9666666666667,13.4,25.8
-83.47453889,31.59431667,1,1,2018,31,-0.07422402159244265,0.16850556433200836,0.19253018498420715,287.2666666666667,275.3933333333333,7.5,19.6
-79.495288,35.165797,1,1,2017,182,0.12522045855379188,0.15472252666950226,0.07788501679897308,304.72,293.1,23.900000000000002,68.4
-80.611931,32.898972,1,1,2018,66,-0.035984414393765755,0.1416167914867401,0.09990216791629791,292.29200000000003,277.6066666666667,8.0,26.8
-83.856917,36.4017,1,1,2018,327,0.12524461839530332,0.3936190903186798,0.41505107283592224,283.45,276.94,6.5,13.9
-78.541266,36.130026,1,1,2019,4,0.07196495619524405,0.49363255500793457,0.5056794881820679,,279.8,,
-85.12273889,34.37670278,1,1,2018,60,-0.011904761904761904,0.3850312829017639,0.36648595333099365,295.36,285.04,9.9,25.200000000000003
-84.55352778,32.10280278,1,1,2020,248,0.2138728323699422,0.10948336869478226,0.15700678527355194,302.675,294.8466666666667,14.100000000000001,48.800000000000004
-83.5343,30.6202,1,0,2018,162,0.21070942368779308,0.2406923770904541,0.2013988196849823,305.03000000000003,292.56,53.6,60.7
-83.84263333,30.89823056,1,1,2018,21,-0.09329446064139942,0.12954181432724,0.16625072062015533,284.7714285714286,273.62,6.1000000000000005,23.200000000000003
-81.7872,30.1081,1,1,2017,126,0.13403179190751446,0.0778949186205864,0.07612353563308716,303.192,291.16,20.900000000000002,59.0
-77.993952,35.967264,1,1,2017,90,0.029472241261137764,0.2788904309272766,0.22703514993190765,293.6,282.8666666666667,12.600000000000001,36.9
-83.26774722,33.13675,1,1,2017,84,-0.06325878594249201,0.32793161273002625,0.3626461923122406,296.652,281.12,8.1,43.400000000000006
-82.86918333,31.93978889,1,1,2020,127,0.10739673390970221,0.2107122242450714,0.23434674739837646,300.3825,288.4733333333333,29.0,61.1
