lon,lat,label,cause,year,doy,NightLights,nbhd_dev_2km,nbhd_dev_500m,nbhd_forest_2km,nbhd_wetland_2km
-79.344741,35.636392,1,1,2017,363,0.6499999761581421,0.06241592087562286,0.09695836701697655,0.5724390998717891,0.0024157945595674932
-79.775044,35.05257,1,1,2017,175,1.1456292867660522,0.15430392661640085,0.1817307692307692,0.5021558327516011,0.05377736644102813
-81.32992,35.84513,1,1,2019,32,1.159999966621399,0.20035376427296708,0.08112892620504779,0.3345978300352185,3.5060566338697706E-4
-80.5996,27.0946,1,1,2018,76,0.6499999761581421,0.06421559788299527,0.15956693311747444,0.005631004691449412,0.6389070789321335
-78.826928,34.133289,1,1,2020,31,0.8399999737739563,0.05596875809641769,0.12930773117736233,0.09675574569191593,0.4479554373171395
-79.569568,35.002758,1,1,2017,29,1.242889165878296,0.1109531751446694,0.14725230239854264,0.5603820786900162,0.06105172718772904
-86.944,33.221,1,1,2020,116,0.6600000262260437,0.016923548541035248,0.015678737608739637,0.8402391735114068,0.008864715902447036
-80.331354,36.301902,1,1,2017,59,5.658323764801025,0.24718267387851636,0.27979588743495176,0.506225114540213,0.0
-83.27240556,34.57923611,1,1,2019,152,1.0,0.18011727685172313,0.07130205961236778,0.6255734307270405,8.625156390198282E-4
-80.4765,25.3748,1,1,2017,76,1.5702122449874878,0.02340738020928951,0.049100582721053956,0.0,0.9587783215056688
-83.247675,31.72365556,1,1,2019,114,12.09000015258789,0.6177227434814498,0.9322308198047842,0.06811600617081005,0.1324100300953441
-84.85762778,32.73065,1,1,2017,43,0.350898802280426,0.027983476664106645,0.0020230629172567263,0.7383604982285144,0.016090341054547878
-80.493446,33.725349,1,1,2019,71,0.44999998807907104,0.036019921879937807,0.08782485590049549,0.42254357911236384,0.21085780378970784
-82.139425,35.421709,1,1,2019,257,0.4399999976158142,0.12683125596204506,0.04301837137506958,0.7592281402209825,0.010471088424630274
-81.5766,30.1132,1,1,2017,57,11.825786590576172,0.5252785894079108,0.6208240534521163,0.1440822676735097,0.3164946432411237
-84.75638889,32.03941667,1,1,2017,73,0.5790460109710693,0.049231061025146614,0.03967009057329353,0.6273024704041473,0.035107240512731355
-75.857817,35.7433,1,1,2018,43,0.20000000298023224,0.05407420041566389,0.10492733073378238,0.0,0.9443149443149442
-79.473245,35.242464,1,1,2017,64,1.6152496337890625,0.10352387420827346,0.1237212600020257,0.5726113945443918,0.11640947070809177
-82.59858889,32.63453889,1,1,2017,9,0.17883698642253876,0.030689971238029003,0.0,0.31341698536616186,0.2782926135465722
-81.783974,33.695393,1,1,2018,358,2.0999999046325684,0.08245409473973592,0.09986327037018278,0.39486265550594535,0.009669254614225182
-83.12278,34.601826,1,1,2019,183,0.6200000047683716,0.0806595309103776,0.10297089733225545,0.682135545670525,0.0014090380629833699
-79.742048,35.979895,1,1,2018,59,3.5,0.20616052362239554,0.32321293255872696,0.44986163935254814,0.004485664826069927
-79.604581,36.499297,1,1,2018,31,1.340000033378601,0.04870001736467399,0.09871179590805759,0.6274582853173796,0.0
-81.304491,35.969919,1,1,2017,78,0.31129181385040283,0.03507608345492792,0.0,0.9099979155217831,0.0
-85.0776,30.9017,1,1,2019,152,0.800000011920929,0.06453326419431439,0.03547032333147802,0.26339436748864126,0.04846160413063482
-78.030492,34.646056,1,1,2019,168,0.7099999785423279,0.052192673504392294,0.08789151444618731,0.1523610369673097,0.20185294572884324
-80.266953,35.514571,1,1,2017,72,0.6011192798614502,0.05689174935418473,0.06443298969072164,0.6065453144441573,0.004528602196719451
-79.798096,34.083557,1,1,2017,320,2.9200000762939453,0.06172874609041803,0.18285395989467282,0.2915616213313117,0.2468928695542288
-90.7151,30.8728,1,1,2020,101,1.5499999523162842,0.03523244306306934,0.12342492788826477,0.6236771629393777,0.18537583275102681
-78.685197,34.164269,1,1,2019,349,0.46000000834465027,0.0661515611174314,0.06062749456878693,0.17707622298065975,0.2994817342940208
-82.30777778,31.57222222,1,1,2019,139,1.690000057220459,0.03455862827662074,0.05888304330230677,0.23994410935346394,0.31673684609840275
-81.278628,35.920691,1,1,2019,289,0.6700000166893005,0.09754010087197099,0.09540421659335659,0.5491616635979779,0.0
-90.15305556,31.39083333,1,1,2019,266,0.5,0.05650540931882419,0.02764137093099782,0.43953955979336484,0.00403090678014328
-89.17709301,30.6012267,1,1,2018,117,1.090000033378601,0.07364133957735841,0.12923310554290054,0.30080411321458755,0.4242195232237893
-76.230791,36.512651,1,1,2019,86,0.8399999737739563,0.04902787382727511,0.1860747332760277,0.06644309501479424,0.17616372518370452
-89.43222222,30.51611111,1,1,2020,91,1.309999942779541,0.06981002011105356,0.15413039076736182,0.40385272131645233,0.22040892475430385
-80.077652,34.520523,1,1,2018,59,0.41999998688697815,0.08801582136516144,0.06770648706132579,0.3511597490316997,0.1173902329607562
-85.1682,30.745,1,1,2020,101,3.4100000858306885,0.16188341232527184,0.14598096780724834,0.4015878486263624,0.20869996869832455
-79.948983,36.246033,1,1,2019,91,1.6699999570846558,0.2181737216272466,0.14167130637242498,0.3904899362984907,0.0354353462841839
-87.95,31.58,1,1,2020,125,0.7599999904632568,0.04657749902792311,0.09732409327735338,0.6954475189120327,0.06691050254004485
-83.88785278,31.69666111,1,1,2017,110,0.9254763126373291,0.05065896165725145,0.13264531795416604,0.06728079132301296,0.22368025896924437
-85.9163,30.9257,1,1,2017,302,0.5699999928474426,0.05292512576001417,0.0515985430999595,0.45923351998406475,0.15674867284057967
-80.349129,33.799587,1,1,2017,75,5.3031415939331055,0.12583262762743783,0.2400505689001264,0.1331635426014636,0.3700721715939685
-80.902,33.624413,1,1,2020,98,1.5800000429153442,0.09880667201810217,0.10196038803556991,0.20388337241566742,0.27323292017722933
-82.10194444,35.6875,1,1,2017,65,0.9199973344802856,0.187244150199626,0.1481743703853545,0.7183283216253095,0.0016772375802294437
-89.6602549,32.78383392,1,1,2020,321,0.7799999713897705,0.04651875730855539,0.1032231948590801,0.3960083436048168,0.419661199077147
-83.274,30.4113,1,1,2017,112,0.7855303287506104,0.07243773794917843,0.16930708103457004,0.21056209762082428,0.002419018226432753
-81.565134,35.919654,1,1,2019,317,2.299999952316284,0.4966362826659592,0.6503386917399654,0.3882424655890138,0.0
-78.961667,35.171667,1,1,2017,212,15.149648666381836,0.41461480875473383,0.808457837427197,0.46694547717344237,0.04492660692456635
-79.362634,35.733272,1,1,2018,71,0.6499999761581421,0.062308936105707306,0.15816326530612243,0.6795905863924611,0.0
-77.485069,34.691902,1,1,2020,69,3.240000009536743,0.17475688279191445,0.23096356929917636,0.3486765198379852,0.3907410098763405
-76.841618,35.118118,1,1,2019,139,0.7599999904632568,0.04739915795192177,0.11227999190774832,0.3430129907867432,0.3715150232621308
-78.88301,34.656016,1,1,2019,79,1.2899999618530273,0.08231384700913828,0.15481912471540601,0.1765835599735929,0.23741475325430147
-78.654066,35.225387,1,1,2019,222,0.6499999761581421,0.06911333145905921,0.06278117575696306,0.15887947890967782,0.3428373772376777
-80.615074,32.348389,1,1,2020,96,2.440000057220459,0.09599433542383173,0.13269854132901132,0.2088654410277161,0.2347258749747118
-87.375933,35.851317,1,1,2020,104,0.9900000095367432,0.047363218020510585,0.12549297198907883,0.8493353168023198,0.0
-82.20666667,35.76638889,1,1,2017,29,0.5370223522186279,0.0993187137365883,0.2896799312332508,0.877156853765078,0.0
-87.231583,35.9184,1,1,2017,60,0.9276827573776245,0.10812193642932948,0.27343947434925453,0.5474916620344638,0.0
-82.13763889,30.41983333,1,1,2017,85,2.3628249168395996,0.03152589107282891,0.038700865078160555,0.5565632035617616,0.22710025043636634
-79.0755,35.265947,1,1,2018,92,5.670000076293945,0.3339367344940118,0.7877716018191002,0.3498210331112439,0.1311149652965353
-88.00335,35.499533,1,1,2017,342,0.5099999904632568,0.05388536882734573,0.12877945191627058,0.4542858767269536,0.08125130291410562
-82.76,35.25055556,1,1,2017,97,0.3999584913253784,0.1145266044149051,0.03867151956323931,0.88107618048799,0.0
-81.281535,36.181369,1,1,2018,101,1.2200000286102295,0.13172206010535487,0.30084874204304346,0.5770676216823937,0.0014085218731446033
-92.451,32.5427,1,1,2017,8,0.33449503779411316,0.04348045971198462,0.09404087414002427,0.45795772065795975,0.3375772824396598
-77.929224,36.091139,1,1,2019,73,1.1799999475479126,0.04352398698796701,0.014246021722657237,0.380431418374759,0.19972523134257641
-81.073242,34.25034,1,1,2019,149,0.6000000238418579,0.07808970125910357,0.196311268317332,0.7916301995292182,0.005715730106320792
-84.75277778,31.56138889,1,1,2019,135,1.940000057220459,0.11854949862802379,0.18505968035605908,0.18262458429751036,0.22858578961344428
-93.2337,32.2376,1,1,2018,246,0.3100000023841858,0.02310211203054572,0.0010629682121887022,0.5174538052582663,0.33463135869118554
-75.6703,36.0242,1,0,2019,45,10.739999771118164,0.4619352189636931,0.7790868180209336,0.04429810015634624,0.06426619920721405
-79.996788,33.423119,1,1,2019,270,1.7300000190734863,0.12167698211497244,0.2873691132581314,0.26592993924527575,0.3177168614906087
-80.367692,36.443507,1,1,2017,37,0.7971259355545044,0.07264279667976402,0.09324174159005963,0.7541471364859575,0.0
-84.96055,35.980133,1,-1,2019,261,2.0399999618530273,0.11020645352821727,0.2175429726996967,0.5633272590033261,0.001610697558371996
-78.740565,34.16488,1,1,2017,23,0.42093944549560547,0.04960798379476745,0.07124090541632982,0.1909392272177121,0.4023593655689371
-80.0584,35.0728,1,1,2019,191,0.3199999928474426,0.02782041321635432,0.051546391752577324,0.462022877860522,0.3595493907869554
-85.22765,35.740117,1,1,2019,55,1.9900000095367432,0.05215498998780851,0.1250821578441782,0.6867636933300489,0.0
-80.1425,35.48972222,1,1,2017,61,0.936909019947052,0.11390249834949098,0.1805105348460291,0.6018908989825286,0.0
-77.580483,34.83305,1,1,2019,323,2.9100000858306885,0.23261499199327884,0.32227895455234823,0.29775527543436864,0.2624309479515745
-85.059,32.312,1,1,2018,65,1.7999999523162842,0.05132897768758834,0.16112376613515567,0.6373845896115637,0.03757297603130504
-82.5253,28.6642,1,1,2020,108,0.8700000047683716,0.5323346417963796,0.5992105662668896,0.23927160466491842,0.0
-81.4797,28.8775,1,1,2018,362,2.140000104904175,0.049353352162925544,0.10721524118362383,0.41714083290898224,0.3110108834199433
-82.28550833,32.41059722,1,1,2020,262,0.7599999904632568,0.07713168616320196,0.06293670886075951,0.3140011568330588,0.18527977343772228
-86.655,32.549,1,1,2019,182,0.5400000214576721,0.03728392486321956,0.044173455447047504,0.6045742027858637,0.05713328465815165
-79.456321,34.924442,1,1,2019,153,0.9100000262260437,0.11075001894944281,0.0855858131662709,0.3843483918239468,0.14694029662194594
-84.52027778,33.02194444,1,1,2017,273,0.39489731192588806,0.04020276783146508,0.07031210481056198,0.5227149904715558,0.08713075301576073
-79.412457,35.499588,1,1,2018,117,0.4000000059604645,0.03286371632227037,0.04026676097610267,0.750761903859577,0.0024159852956502814
-81.489391,35.572205,1,1,2017,66,0.7562095522880554,0.0868937635223702,0.045916561314791396,0.5244452867137288,0.0
-85.27563056,33.82852778,1,1,2017,334,0.5799999833106995,0.04330859188619565,0.05411693303661742,0.6903021742771104,0.030492332679249088
-83.01198,35.554298,1,1,2020,134,1.0099999904632568,0.2086539311930663,0.3994239805972413,0.5201265966720995,0.0
-81.79448056,31.23083889,1,1,2019,144,3.299999952316284,0.12849794336264161,0.22639599048245831,0.3805648560037686,0.33292864527510896
-80.4677,25.4329,1,1,2018,44,13.829999923706055,0.27460990663079604,0.07737492404294104,0.004035448646937807,0.5915524608324101
-83.7142,30.5115,1,1,2020,262,0.3400000035762787,0.044976932879263624,0.04594211698036834,0.27617936385971903,0.4465472045938193
-87.483,34.245,1,1,2020,318,0.6499999761581421,0.046219124588485816,0.07944374209860934,0.6789304738494979,0.004833909400532045
-84.22011944,32.57162222,1,1,2018,188,1.9800000190734863,0.15568816850835704,0.1779532341330094,0.33182668723291264,0.08440589678104529
-80.506518,34.919391,1,1,2017,334,1.2899999618530273,0.07633223590670396,0.17379219729128764,0.3567700269827928,8.056922950539969E-4
-79.714836,34.798286,1,1,2019,36,2.880000114440918,0.06489230953938123,0.15536580436540012,0.43280601815430253,0.1405836800849266
-85.621,32.495,1,1,2019,3,1.2200000286102295,0.11849653432957528,0.20535127206514586,0.47953942772978836,0.21261485070593478
-89.61805556,30.31277778,1,1,2019,181,0.7200000286102295,0.09249280586914597,0.10359311740890687,0.446678050785821,0.3387692502292639
-88.45757666,34.35123683,1,1,2017,45,0.804877758026123,0.06041381663544138,0.17067125297182462,0.3048272288692234,0.2110692316684411
-81.009186,34.083214,1,1,2020,91,9.869999885559082,0.4828376081338111,0.4000708358631855,0.3499364940948987,0.13053780970976858
-81.97395556,30.83965556,1,1,2019,79,2.9000000953674316,0.1411709652226428,0.2345685253526111,0.45473631623712724,0.13197942258014536
-92.7338,30.9321,1,1,2019,335,1.4299999475479126,0.05192719316827332,0.1790901270178635,0.5298097625905422,0.2065610881187775
-85.60472681,34.44250653,1,1,2020,319,0.6499999761581421,0.012682023689540012,0.05738119312436805,0.9258603966370837,0.0
-81.0667,27.1,1,0,2018,159,1.1100000143051147,0.05694025623906367,0.08964608051921713,0.18237335974407748,0.4317776941015655
-79.962196,33.584251,1,1,2018,170,0.7300000190734863,0.10167450504437525,0.0644492746297326,0.22085261321398753,0.3201218741308249
-82.653367,35.785033,1,1,2019,90,0.41999998688697815,0.13675354043230542,0.15911618970573368,0.5743838194979597,0.0
-79.919006,33.174568,1,1,2018,66,2.119999885559082,0.09151248127334913,0.24877481938058907,0.4540319980783457,0.3034950093870303
-77.026447,34.707435,1,1,2020,68,4.150000095367432,0.25439089725932185,0.3106432511766789,0.21058616898952495,0.3386582176116045
-86.752,33.69,1,1,2019,259,1.2999999523162842,0.051157352546175636,0.13412228796844178,0.85238659525051,0.0
-81.824471,34.455681,1,1,2018,44,2.049999952316284,0.10817957790976877,0.17437038535450594,0.6243112599519781,0.004833817768229497
-77.01388889,34.72666667,1,1,2017,48,0.48408010601997375,0.015315178734989601,0.02576668519173445,0.27233160883599566,0.6272495846677654
-79.51599,35.132587,1,1,2020,101,0.6200000047683716,0.04824762332036915,0.07709796392664076,0.5684979763864357,0.051365978648586316
-83.705405,35.411017,1,1,2019,91,0.38999998569488525,0.086912436864898,0.1603177012192037,0.8552070073250935,0.0
-80.539597,33.046749,1,1,2017,55,0.5875803232192993,0.06612892010291352,0.12912532901397045,0.29699856502582306,0.42873804451580666
-84.21436519,34.60872862,1,-1,2020,99,0.3199999928474426,0.032467081153486475,0.10794678537103541,0.9643105365582431,0.0
-81.218231,33.457455,1,1,2018,50,0.4000000059604645,0.011185965089677306,0.010813542193026781,0.1419922393417343,0.46345918070705394
-89.1533566,34.53476017,1,1,2017,347,0.550000011920929,0.03234306331809434,0.05738699565173425,0.705797234236824,0.06854062866296166
-84.66967778,31.38832778,1,1,2017,74,0.5486522316932678,0.03425458730098511,0.03441643891082094,0.22664934178079588,0.3594692514890549
-80.2425,26.2807,1,1,2019,110,29.989999771118164,0.9614192792821308,0.8442544148155645,0.0,0.028879358095810874
-80.5293,27.6332,1,1,2018,330,5.460000038146973,0.32021174266874236,0.21357943309162813,0.04075381908848135,0.16045550619533985
-88.52900907,31.09144302,1,1,2018,281,0.47999998927116394,0.05186897125170328,0.10262638530438745,0.4521857621159857,0.3146251782343809
-83.16366111,33.84561111,1,1,2019,90,0.47999998927116394,0.03970006920021611,0.11470766740845639,0.5701213057670004,0.006724112325538035
-80.4308,25.5188,1,1,2019,122,52.16999816894531,0.6565701643609289,0.7761526393036084,0.008877958924010367,0.048577152786349775
-83.41316667,31.43422222,1,1,2018,66,0.75,0.054653291306121045,0.0,0.18261603588963757,0.24054150608751743
-83.17833333,32.19777778,1,1,2017,291,31.729999542236328,0.6123635283184665,0.987097100642615,0.1415133105327374,0.14531902922564374
-86.4161,30.9614,1,1,2018,20,0.4399999976158142,0.07348798386255347,0.19105217875398553,0.4940638605299684,0.0946905145075771
-82.38966944,33.09445833,1,1,2019,263,0.5899999737739563,0.03138915664554461,0.0,0.0865919757280786,0.0695131393897255
-81.893,28.6472,1,1,2017,127,1.6148625612258911,0.06891359703923952,0.14380474960757506,0.12080914799057356,0.33834595979565674
-84.05433611,33.15263056,1,1,2020,182,0.5699999928474426,0.0648853635027731,0.08504398826979472,0.7156319623303365,0.018177508809076117
-82.0869,27.303,1,1,2018,62,0.6499999761581421,0.013586414850767755,0.04237116533360332,0.035570208605573146,0.24843142404232219
-78.143662,36.382612,1,1,2017,102,1.0116121768951416,0.1258850130422975,0.15263742926434926,0.6427042082725433,0.04846808268753435
-83.459343,35.255533,1,1,2019,143,0.3199999928474426,0.0918331890805941,0.1082106541205039,0.8144067421835027,5.433168864151824E-4
-86.512,32.853,1,1,2019,228,1.0,0.038661862772984446,0.1055001770986186,0.7774027369552169,0.0
-93.0459,30.7358,1,1,2017,54,0.8849686980247498,0.07512330846085744,0.11428137805433297,0.4564847603389399,0.13086189452383962
-89.03361111,34.76416667,1,1,2020,293,0.5400000214576721,0.07971227385160684,0.17346009912005667,0.8007682806246071,0.0040277869916695895
-84.7155,34.59115556,1,1,2020,6,0.5199999809265137,0.09798854478307441,0.08687073109031114,0.7804806389142505,0.004027965135197468
-84.70835278,34.33543333,1,1,2019,86,0.8299999833106995,0.15082208573450623,0.0647689351805036,0.41012347083206996,0.003222626630269945
-83.66192222,30.95357222,1,1,2019,273,0.4300000071525574,0.047366257746300745,0.03619886593762658,0.38369482736815486,0.1864613633489313
-78.794883,35.413683,1,1,2017,79,13.408894538879395,0.16454040941638748,0.19272543571608988,0.2709090736804203,0.20756671730938706
-80.738365,32.644226,1,1,2018,65,1.8899999856948853,0.06572801112480643,0.15353453514279927,0.34198982333048894,0.5377579722511929
-82.875206,34.734707,1,1,2019,247,0.7900000214576721,0.09907243006893593,0.06254427689505113,0.7149270518061709,0.004116565463816561
-89.13212147,30.65418196,1,1,2018,103,0.9399999976158142,0.11402979034201031,0.28986240388506673,0.5099706902493701,0.2287140702611952
-79.746611,35.046683,1,1,2019,119,0.9200000166893005,0.12955780164245098,0.04501087341324028,0.4641566645609602,0.05623499684144028
-77.998693,34.22927,1,1,2019,69,33.400001525878906,0.4879417386771139,0.6640549967143508,0.08154057597826259,0.3140234751425727
-81.21337222,32.31424722,1,1,2017,24,2.404709577560425,0.3379522223135322,0.3445658773527626,0.24486538425068435,0.2709983500957703
-81.286443,25.90894469,1,-1,2020,179,0.3199999928474426,0.011449185930602363,0.02584765090466778,0.006787867280581002,0.9777092134618122
-81.816231,35.446743,1,1,2020,71,0.6299999952316284,0.10167724817587417,0.11102680829539704,0.4888815186834708,8.054581635553871E-4
-83.58289722,31.67095,1,1,2018,17,0.8799999952316284,0.05372700259214767,0.03873810006076565,0.04169248277170131,0.15831383953973566
-79.480866,35.234739,1,1,2020,5,1.159999966621399,0.10148534395361107,0.10700752791390895,0.6057379819156294,0.13987752150006164
-84.20375,36.04215,1,1,2019,79,8.390000343322754,0.4250649014319378,0.43941384537645267,0.3672631492511862,0.022995003695118043
-83.76343056,31.51179444,1,1,2018,2,1.7300000190734863,0.07241671461358987,0.07767432446108694,0.270796846251604,0.2227255771018137
-78.906076,35.976131,1,1,2018,73,34.58000183105469,0.9534614157710056,0.9875417806137955,0.024085730799478226,0.0200367002611972
-93.4307,32.5673,1,1,2018,201,2.0799999237060547,0.30532913180759375,0.22911501290289923,0.4247217858802187,0.1944069559061041
-79.917747,34.201969,1,1,2017,132,7.355940818786621,0.16405299595231262,0.3219825190723994,0.034094104784865915,0.35289768292798557
-84.16284444,31.69982222,1,1,2017,80,0.7158946394920349,0.04120722794061861,0.03870086507816056,0.25873144331200537,0.12843946789408467
-79.485565,33.323753,1,1,2017,84,1.6570382118225098,0.064133519584853,0.08658227848101265,0.35684758768464514,0.38815743731393326
-87.706,33.043,1,1,2017,77,1.764081597328186,0.04641387549223487,0.1039190897597977,0.6060667353530501,0.19810438223340313
-83.29491667,30.67275,1,1,2020,341,0.8799999952316284,0.03343704350135648,0.06448186921559702,0.31526626320881806,0.1927111988010094
-84.65538889,32.55825,1,1,2019,275,0.9599999785423279,0.09340042798124971,0.17488108491043414,0.6298689188890184,0.020801658822450993
-78.858083,34.214667,1,1,2019,178,0.5799999833106995,0.062048350759450116,0.058624349320260775,0.16006749262984282,0.24267328953895856
-77.078514,35.44912,1,1,2019,153,0.5899999737739563,0.05489680789907578,0.049412717699473446,0.1998174317896107,0.3929575418359161
-80.4629,27.3596,1,1,2019,46,0.5400000214576721,0.06164038992719714,0.012926445987732542,8.068113864816381E-4,0.030139942225976803
-83.1539,30.0364,1,0,2018,158,0.4399999976158142,0.06906148109964548,0.05245569620253161,0.369803707018415,0.2649401823465977
-77.901616,36.517557,1,1,2020,77,1.100000023841858,0.1503233303021118,0.1976050929668553,0.31760255633020124,8.051682327978178E-4
-90.03232479,31.18174291,1,1,2017,41,0.3156641721725464,0.07751330195032044,0.08992004857807909,0.5767276727988945,0.06637222698201431
-80.987117,36.159453,1,1,2017,318,1.2200000286102295,0.12425228184316087,0.10771484868387816,0.37729842402804575,0.0
-83.82418889,33.41703611,1,1,2019,138,2.299999952316284,0.15658161685237726,0.194994944388271,0.6303050796038446,0.020664134343734385
-82.69436111,31.25183333,1,0,2019,215,0.23000000417232513,0.037782316194137466,0.08884726370677871,0.4977364121500295,0.2829864184729005
-85.07489722,34.19592222,1,1,2020,247,0.9200000166893005,0.06993166071106979,0.05271945357955982,0.5002322208847141,0.010274589348170193
-89.53212063,33.32665902,1,1,2019,150,0.44999998807907104,0.043806231216758994,0.06110577166270424,0.6102060744724892,0.09986442884726598
-80.9658,27.0854,1,1,2018,302,0.36000001430511475,0.017595641899266375,0.06441329757627888,0.0,0.22352982116475434
-82.4901,29.6492,1,1,2018,70,15.979999542236328,0.3600798188579959,0.4527050964117618,0.42094960406810533,0.0
-83.12038889,30.91725,1,1,2019,118,0.6299999952316284,0.031301081626265104,0.025670886075949362,0.4881956981563981,0.251929442935599
-80.6368,26.3358,1,1,2019,16,0.2800000011920929,0.002420916720464817,0.0,0.0016139444803098782,0.9069102140533422
-82.058302,35.474056,1,1,2017,64,0.5393332839012146,0.09783607758661529,0.08043302306758394,0.7691258081939094,0.0
-79.684662,36.38543,1,1,2018,93,2.259999990463257,0.24982627263193796,0.16649828248130935,0.47675211947389035,8.054632519236357E-4
-80.055756,34.361805,1,1,2019,266,17.3700008392334,0.4633294785999105,0.4569753928553382,0.08130011943354383,0.14182259379324733
-93.1064,31.1812,1,1,2019,75,2.259999990463257,0.047109112925918524,0.08993424380374306,0.5721354339571335,0.13684090715078387
-86.617,31.724,1,1,2020,124,0.5400000214576721,0.01935600121389915,0.06136800566629566,0.6923966921248296,0.2390685853017046
-82.63193889,31.54588333,1,1,2017,308,0.5299999713897705,0.061896376758904775,0.03281423804226918,0.2626494140408891,0.29310284870652725
-82.303411,36.043303,1,1,2017,327,0.5,0.05731755847666935,0.06018916595012897,0.8775006158763448,8.053767584059226E-4
-93.5036,30.9567,1,1,2017,28,0.11381550878286362,0.07766192213573449,0.13944545638534706,0.7261882931702787,0.08865802070225803
-81.40688889,32.301475,1,1,2017,165,0.7836945652961731,0.1203871404142605,4.557423536560663E-4,0.2390705848513296,0.3896848952653688
-82.38865,36.593767,1,1,2017,102,1.2280895709991455,0.08686659445940874,0.046355272469922146,0.6065030740713845,8.052267107909858E-4
-79.930779,36.01544,1,1,2017,75,5.691240310668945,0.5181318681318682,0.5592441008539234,0.3907224958949098,0.007689149930529243
-82.33394444,31.87355556,1,1,2019,205,0.6700000166893005,0.048779639692610205,0.10122482032594395,0.2644646125541742,0.12631622205152038
-82.23739444,32.01141667,1,0,2019,249,0.4000000059604645,0.058953876889131916,0.035291738295075335,0.09657372079570344,0.20032306092322077
-78.4121,34.385083,1,1,2019,148,0.4399999976158142,0.037373019258416684,0.04724369662978122,0.443815662669637,0.14516327788046832
-79.48333,33.599998,1,1,2017,328,0.6100000143051147,0.07113088373298118,0.09494151602612791,0.40565963214918793,0.339972889881733
-82.36865,31.69840278,1,1,2020,154,0.4399999976158142,0.07880669298930547,0.12466467581110491,0.3106239982802822,0.31363666539163054
-89.3573485,31.0322312,1,1,2017,64,0.3500988483428955,0.030991134549961427,0.06431860735792722,0.6626670966599641,0.15565757357311782
-87.273,34.639,1,1,2017,6,0.6591712236404419,0.035258212699275225,0.07688805705903184,0.22512495182009462,0.2321481603174502
-80.066288,36.210279,1,1,2019,32,2.6700000762939453,0.08731226394836242,0.11655542071197411,0.5000284209329651,0.029655664607727998
-83.60486389,31.97162778,1,1,2019,251,0.3700000047683716,0.08036541227418569,0.06790810646695677,0.2703323797632408,0.21288425977145933
-87.642,30.308,1,1,2020,58,1.4900000095367432,0.1791306712538421,0.04191556140528501,0.20693198922351114,0.4709686191674786
-85.129567,35.244517,1,1,2018,90,2.9600000381469727,0.22148238229859277,0.4039637999898883,0.5483645782333338,8.054708845965539E-4
-81.814975,31.84815,1,1,2018,18,1.1799999475479126,0.060867476125597855,0.11398937515810774,0.38786064493287353,0.2041170501639044
-87.431,32.535,1,1,2019,279,0.6000000238418579,0.026565902719172658,0.0995193523905894,0.06962447413419814,0.11677618582540787
-84.52276944,32.86981944,1,1,2020,77,0.33000001311302185,0.014440444622838604,0.02372281234193222,0.6957456155599031,0.0330685865810375
-84.47306389,30.87731111,1,1,2017,61,0.7736040949821472,0.07214405413096407,0.059231158320687885,0.5981345053277264,0.1753406899168432
-82.2682,28.5874,1,1,2019,91,0.5899999737739563,0.028693256404659997,0.0,0.8778029778229058,0.004839673938830317
-85.13558611,34.01341944,1,1,2017,15,0.8239291310310364,0.1268728869790514,0.1610439532648829,0.45600176940819614,0.00473316692470536
-81.71875833,32.38784444,1,1,2019,78,1.7200000286102295,0.13935361517186892,0.11473833383945739,0.0870264717502964,0.25825681548794954
-79.7725,32.97694444,1,1,2017,60,0.5615246295928955,0.05429831355007981,0.16447368421052624,0.4992492373832368,0.42543741800881957
-84.3545,32.46098333,1,1,2020,158,0.49000000953674316,0.05610888619862375,0.06422064777327935,0.5214007782101169,8.060259129428797E-4
-84.356733,35.362433,1,1,2017,70,0.672633945941925,0.05656878972039375,0.04105987055016181,0.6050387254096814,0.003221853007694546
-82.358803,34.161785,1,1,2020,92,2.259999990463257,0.2063715237186495,0.13718156085725838,0.5849504900442967,0.011279549576305994
-90.0136,30.9253,1,1,2020,31,4.289999961853027,0.09547854681126886,0.20806116765405844,0.3245897492648687,0.14814240996616815
-80.612852,35.901058,1,1,2018,23,1.3700000047683716,0.12884764798403145,0.1630907802853962,0.5031962403117914,0.009320262015905403
-81.278667,35.780479,1,1,2017,40,2.851274251937866,0.49893565951210933,0.4034280513702092,0.31148224414770664,0.0019423424333918676
-89.61972222,32.97444444,1,1,2017,341,0.7599999904632568,0.05408403520692762,0.14619587211655194,0.46319548693962065,0.2858587614367208
-84.77866944,31.77866944,1,1,2020,85,1.149999976158142,0.26635351536569796,0.09199413341425175,0.4884370041156425,0.06236368119258805
-76.271482,35.909296,1,0,2019,81,0.8199999928474426,0.0676465849752177,0.10438561034761522,0.005638794908973736,0.5796333677663101
-79.209199,34.830269,1,1,2017,327,1.0,0.12139991787485396,0.009360926984769515,0.04976152121039832,0.2612053444518147
-88.61160947,30.99964097,1,1,2019,162,0.46000000834465027,0.06401135731269283,0.03649339474616591,0.6392567157383515,0.16793140081954763
-81.6,30.6341,1,1,2017,92,9.913389205932617,0.28482759711001865,0.5462461398268617,0.3138254312048443,0.2816720155565747
-81.7214,30.0986,1,1,2019,275,47.400001525878906,0.6823672643329226,0.859644682897201,0.1470322233817159,0.14275685418840722
-80.7453,25.6572,1,0,2019,172,0.36000001430511475,0.0,0.0,0.0,0.9998892103547169
-90.00944444,31.66694444,1,1,2018,79,0.6800000071525574,0.032103363028812414,0.017002327699625553,0.6537452342865816,0.024905001865188008
-77.859329,34.282498,1,1,2017,186,5.813173294067383,0.6367410253088974,0.3734068379526602,0.09527089145070437,0.16917881142012264
-85.482,31.576,1,1,2017,28,0.28027158975601196,0.029147514241816875,0.10410238251808386,0.5446696720430444,0.299884295117001
-82.228,35.622867,1,1,2017,133,1.5763723850250244,0.062045743850860334,0.09005362744106042,0.9191664903076232,0.0
-77.167155,35.779867,1,1,2017,327,0.6899999976158142,0.07127852135923252,0.05617863999191672,0.2044661218532922,0.13218621371552403
-89.19,30.58333333,1,1,2020,58,1.1100000143051147,0.12091251146172574,0.06057385759829967,0.39540582413760395,0.28165175324880637
-83.23361944,33.96918611,1,1,2019,287,1.2999999523162842,0.12652224195352538,0.2195282445839238,0.4487983215050841,0.008427232568868214
-78.662068,36.218775,1,1,2019,353,1.4600000381469727,0.09573591138932677,0.2615143233120761,0.6730191617106894,0.008183285379049408
-82.432005,35.498394,1,1,2017,98,0.8052936792373657,0.24136210158591795,0.12088134222761264,0.4195180654392466,8.054352666938307E-4
-87.332,33.879,1,1,2017,314,3.7799999713897705,0.12886000195903102,0.2769433065291054,0.5331218422474512,0.07962197021640974
-77.926659,36.200253,1,1,2020,98,0.8600000143051147,0.04745482222601207,0.09061930783242256,0.6661013523329486,0.0753099754293547
-76.6745,36.190683,1,1,2020,126,0.7099999785423279,0.04737227706513571,0.08396560445118866,0.12668397218485328,0.2106409989199841
-78.839577,34.25231,1,1,2019,256,0.550000011920929,0.06614794596712031,0.05911230325421326,0.1525392673465004,0.17431479586034349
-79.166753,34.748459,1,1,2019,178,0.800000011920929,0.0814871218057276,0.056288211813450575,0.05912405530419838,0.3106785380279555
-81.532082,35.075069,1,1,2020,86,1.9900000095367432,0.12111639367566455,0.14922048997772827,0.7038239800350649,0.0
-77.501824,35.507599,1,1,2018,58,0.6399999856948853,0.040245566166439276,0.0,0.09264627861149005,0.3657944267596382
-81.04955,36.394833,1,1,2019,87,0.3100000023841858,0.015689791844971726,0.024352043651796086,0.8781072451593138,0.004001402227773586
-82.92405278,33.69473889,1,0,2017,97,0.2940003573894501,0.04312679536972372,0.020489729839117676,0.7092931023040774,0.02417527548753473
-90.30103818,32.51056202,1,1,2020,58,0.8399999737739563,0.05275934003413616,0.0773978146499393,0.4176623048233135,0.0022030469688349447
-83.345525,35.449575,1,1,2017,100,0.8680644631385803,0.18135042340893948,0.1651088768756631,0.7018733595075126,0.0
-81.76638889,31.81166667,1,0,2019,183,0.949999988079071,0.06597140996541631,0.10213368389119223,0.24883509202298837,0.42501912535484654
-81.031164,35.322755,1,1,2017,327,2.9700000286102295,0.40083083241194123,0.22461164802914532,0.44100458063497094,0.06299478755330913
-92.2937,31.2792,1,1,2017,25,0.40498992800712585,0.046869911887727225,0.03889928676210229,0.40014416647433954,0.34445354266979894
-84.99194444,30.19666667,1,0,2017,185,0.1660066545009613,0.05037108714144317,0.08370021760032385,0.45875983847353025,0.42267568533328276
-83.23312222,32.33905278,1,1,2019,252,0.3199999928474426,0.05147235462947747,0.0637921447707628,0.23496352303043344,0.17105296430693767
-79.334805,34.785022,1,1,2017,41,3.48721981048584,0.2498562519350702,0.19641232945932285,0.03183308796117855,0.39554728521511673
-80.335457,33.56889,1,1,2019,269,1.6100000143051147,0.06437456359574988,0.21878956697898205,0.17062813776630528,0.3230007551175804
-83.748217,35.058583,1,1,2020,90,0.3499999940395355,0.10816164066794279,0.04667981591058513,0.785104595108575,0.0
-78.234761,36.270724,1,1,2017,55,0.9665021896362305,0.08706677403565284,0.20224321729904512,0.5749324996447351,0.0013452702382644125
-79.679529,35.73339,1,1,2017,79,5.16939115524292,0.20850121888065087,0.3766607729224551,0.5754727109674002,0.00805219082744945
-87.298283,35.25545,1,1,2018,72,4.110000133514404,0.37600174367365485,0.39415541736184845,0.05959446952203755,0.003222005666939377
-81.64166667,29.24888889,1,1,2019,76,0.3700000047683716,0.03792843857939954,0.04560639805628669,0.5204556093981303,0.16589065880536968
-77.97396,35.798863,1,1,2020,72,1.1200000047683716,0.08835456790747334,0.06835187057633973,0.10634447385210137,0.36018975308096124
-80.845299,36.20038,1,1,2019,90,0.7200000286102295,0.09060649602880108,0.09931299252374219,0.5488465364513428,0.0
-80.8815,27.2645,1,1,2017,43,1.5348255634307861,0.28617844510671164,0.6866616046570486,0.02334807615648907,0.23826110615465423
-79.833619,35.066966,1,1,2018,7,0.4099999964237213,0.045341132328138925,0.04702194357366771,0.6776218961411397,0.011275274617682917
-84.4959987,30.02374935,1,1,2019,112,0.4399999976158142,0.022288421278991073,0.07280644018024401,0.2922319412557159,0.6154077250504398
-85.798,34.558,1,1,2019,257,3.8299999237060547,0.1708801971439404,0.23483890546760403,0.22513901175281195,0.0024169088841147486
-87.322,31.07,1,1,2020,58,0.3400000035762787,0.044256153274632885,0.08267557174661,0.19856146951421946,0.45508781359174216
-82.525075,32.39245833,1,1,2017,32,0.7258206009864807,0.05937574081390755,0.12324050632911396,0.24552192809166332,0.1788289213749506
-81.3684,24.6861,1,1,2017,176,0.6015162467956543,0.3600354536965227,0.3884611488197751,0.0,0.3680600180433991
-81.62147222,32.21830556,1,1,2017,135,1.1122509241104126,0.069945033931038,0.07198099378254057,0.2327602828271335,0.4609247827749807
-82.81,35.28583333,1,1,2017,25,0.1785551905632019,0.03156587991509149,0.0,0.9615195087435561,0.0020816486404528463
-84.3731,30.2217,1,1,2020,76,0.8299999833106995,0.21274590721222408,0.17568182968172852,0.43444740645169455,0.20466943050403666
-84.298983,35.444133,1,1,2017,269,0.46666419506073,0.040538619715907456,0.12898330804248864,0.8828063060075111,0.0
-81.783928,34.445015,1,1,2017,66,0.49869054555892944,0.04875852634439006,0.04847196923699655,0.70875050154967,0.011228393872089827
-82.04926944,30.45761111,1,1,2017,127,0.440643846988678,0.04523550541333606,0.06255693896143336,0.5364135383992716,0.24440010624304379
-80.271945,36.370342,1,1,2017,25,0.7463569045066833,0.07251023450924901,0.13873591673824082,0.7410005812190444,0.0
-80.523766,32.981712,1,1,2018,130,1.0499999523162842,0.06998100163430199,0.10090071855075394,0.3834508745254358,0.3710655838757298
-87.0426,30.7934,1,1,2019,185,0.44999998807907104,0.03419022323404793,0.07563025210084033,0.3427591222411939,0.2442357553911339
-88.39486188,34.66332388,1,1,2019,263,0.33000001311302185,0.024730829500075827,0.023766181229773472,0.8543857099529901,0.02640840620734975
-83.82316944,30.91786667,1,1,2019,65,0.7900000214576721,0.05829273150943933,0.02582017010935602,0.1662213903371348,0.16563014768419423
-88.9634424,32.0062241,1,1,2017,53,0.44098952412605286,0.030825739112843305,0.0721550371907099,0.8119130481509926,0.08234632174207146
-81.888,30.1277,1,1,2019,177,1.3700000047683716,0.283291010344097,0.14796435082033624,0.39139646890288055,0.12887271163339334
-81.57001336,33.33963644,1,1,2020,19,1.059999942779541,0.028417207073963113,0.07412460209185993,0.6549515213571492,0.18193080258384214
-80.524658,32.389645,1,1,2019,266,2.240000009536743,0.10433944374209864,0.17921382376717868,0.2689791403286979,0.43650442477876117
-79.218854,35.405747,1,1,2017,364,1.809999942779541,0.24945285038892645,0.22424334293365666,0.42920531453602057,0.05256741862235153
-82.10690556,31.92805278,1,1,2020,57,2.1700000762939453,0.07522000809225164,0.0769581287023442,0.23135304976734772,0.46401792939510395
-81.2448,29.0482,1,1,2017,361,1.6399999856948853,0.39702891698109655,0.6969313348187157,0.261720343727169,0.27212893880403966
-82.7144,30.0944,1,1,2017,127,2.0191493034362793,0.0843914147563224,0.15063778092731323,0.38753450952984814,0.048245350502977395
-79.904784,35.868231,1,1,2018,124,6.75,0.3768275269469402,0.6560258611981009,0.29247381123873806,0.0017817203078206159
-76.948967,34.930783,1,1,2017,24,2.638993740081787,0.20846656471569588,0.464904745060387,0.4174355117980865,0.3118657027665785
-83.35813889,31.20375,1,1,2018,58,0.7300000190734863,0.06408452708021785,0.05174421548276037,0.10985738268295071,0.2586839750743753
-85.584,33.658,1,1,2020,31,5.599999904632568,0.24942806946586132,0.2663565577914854,0.6505599231527592,0.0
-82.97027778,31.31916667,1,1,2019,172,0.9700000286102295,0.055956747186037714,0.15621523212298968,0.33223725812571153,0.1857436448716328
-77.915084,36.001093,1,1,2018,166,1.2300000190734863,0.15400188874114443,0.12407173528668858,0.18944894871657184,0.35553183223683155
-89.10187576,31.00582126,1,1,2017,344,0.4300000071525574,0.035847869457855494,0.03871261575831183,0.7832275729493705,0.10838147090719957
-82.737614,35.549451,1,1,2018,71,3.430000066757202,0.3969139897027701,0.5661608497723825,0.37569095675795194,0.0
-80.311356,33.607513,1,1,2019,282,1.3600000143051147,0.14185853963759554,0.08711030266282654,0.1750399757301496,0.20664134343734394
-82.03581667,31.14371389,1,1,2018,77,0.6700000166893005,0.04818016263452762,0.056813003190034926,0.4035511489383229,0.30956837352825883
-83.5804,30.3965,1,1,2018,90,0.28999999165534973,0.02066429298710497,0.0,0.2576886347969619,0.588639856314388
-78.896172,33.985752,1,1,2019,280,1.0099999904632568,0.08470426175228196,0.03682317783518209,0.12175487262766467,0.4301308319089584
-77.186866,35.112414,1,1,2019,85,0.7900000214576721,0.027847813311595995,0.06517455666144596,0.7307223243793168,0.1681231951369011
-82.27740556,31.26134444,1,1,2017,84,1.540794014930725,0.2321068373095918,0.11166717217672634,0.1894819376908826,0.16422379178865237
-79.977466,34.946832,1,1,2018,7,0.9200000166893005,0.10293220944082353,0.15646945889961092,0.5921255911967376,0.011800239480094411
-85.10525,34.05230556,1,1,2017,105,0.8913530707359314,0.07637866427384343,0.11176857330703485,0.6346752943109361,0.0032227284503731405
-80.422684,33.11483,1,1,2018,358,0.5799999833106995,0.03360205284430808,0.03919582721426039,0.470785838660848,0.23207632434687267
-84.05011944,31.57715556,1,1,2019,149,7.679999828338623,0.2702608717643934,0.23015792670581087,0.19305838317674281,0.10182913721374288
-81.37944444,32.4438,1,1,2018,13,0.550000011920929,0.048684048333212174,0.07565706183217703,0.2834440100256963,0.4550597843779926
-82.6498,30.0959,1,1,2017,26,0.880757749080658,0.13109585445529848,0.06885727304946587,0.2202966931145822,0.047916159370562844
-77.427849,36.069197,1,1,2019,208,0.6499999761581421,0.03782924872217695,0.12599141197272037,0.15827631304611536,0.33579104986826896
-81.7085,26.4942,1,0,2018,217,1.2200000286102295,0.12838282575124677,0.1433059693929259,0.0024208247892458412,0.5803872053872055
-78.699754,34.677103,1,1,2020,87,1.2999999523162842,0.09668674984282044,0.21418826739427016,0.28333391255446,0.25096282348183513
-90.41206,30.9421,1,1,2017,14,0.4279327690601349,0.04757282781209888,0.06450796863141917,0.38115487489487626,0.08155070915034746
-88.79763164,34.70885169,1,1,2018,63,0.9300000071525574,0.049082138423192485,0.09996460534964856,0.7804745522838341,0.016518665238776695
-81.6988,29.9047,1,0,2018,225,0.9599999785423279,0.044963647690940564,0.0,0.45098051617432694,0.16002605854951288
-85.12596111,33.90916944,1,1,2017,28,0.39622047543525696,0.046058618336240226,0.05974604138210147,0.7618140340234071,2.496145193498647E-4
-85.331667,35.3667,1,1,2019,268,0.8399999737739563,0.07444762070218112,0.2311270667947616,0.7331427578691351,0.0
-89.47619726,31.36201006,1,1,2018,128,0.9399999976158142,0.021330407923897187,0.0,0.7510409125254098,0.02680922768558591
-81.1899,27.5195,1,1,2018,32,0.20000000298023224,0.02064797823198128,0.0581089289329824,0.13824273872049617,0.4975447699803836
-77.589916,35.777486,1,1,2017,245,0.9960259199142456,0.04829808406122158,0.06445095464188302,0.3555653835826318,0.2037813334175736
-82.00919444,33.12627778,1,1,2018,237,0.9200000166893005,0.026489856932018236,0.08987117959080577,0.26411796866852305,0.4107571194255794
-82.329017,36.235083,1,1,2020,65,1.8200000524520874,0.26111233932350053,0.5392077607113984,0.5000505321668823,0.0
-78.337692,35.274271,1,1,2017,297,0.8500000238418579,0.06998063552134043,0.07457181831960795,0.1681266367407024,0.1132300771736075
-82.69570278,30.67728889,1,1,2017,122,0.32956528663635254,0.04692657939669894,0.0841509052290887,0.2820084740403467,0.49726174666413747
-82.6326,29.6064,1,1,2018,77,0.6000000238418579,0.03413910562754406,0.02115491674679893,0.1900644259386356,0.0
-80.139793,34.583855,1,1,2019,35,0.25,0.05014389557382903,0.1333063823336197,0.7112484954935888,0.07603878072589082
-81.48838889,32.24316667,1,1,2020,130,0.7400000095367432,0.046616745741496435,0.04749367088607596,0.21865112353690502,0.5747660154188016
-85.54406389,34.86713889,1,1,2019,281,0.9700000286102295,0.17378063227995466,0.22480659351772259,0.5862442621241754,0.0
-79.661427,35.421246,1,1,2020,183,0.8199999928474426,0.06037447458922429,0.12822067293119122,0.677130143972816,8.052877403626005E-4
-87.0558,30.3899,1,1,2019,134,13.020000457763672,0.5387084227934313,0.7816912099590101,0.026049094226384878,0.0758294887888973
-87.719,31.471,1,1,2020,227,1.9199999570846558,0.04712301744114364,0.11396054628224588,0.7311591705893693,0.027734484906155446
-80.144066,34.452255,1,1,2017,39,2.007326602935791,0.12078349121715319,0.21796752491274213,0.26532378554755,0.10219121051983213
-84.28305,34.73743889,1,1,2020,98,0.38999998569488525,0.03195865215111174,0.06040981533012899,0.9484573537123974,0.0
-81.21517778,31.82065833,1,1,2019,34,0.4099999964237213,0.052693804392151364,0.012895069532237674,0.5084956865621151,0.312872032041778
-81.1631,28.3754,1,1,2019,251,0.9100000262260437,0.09071960172190754,0.27155870445344144,0.059355834527345275,0.3552715230531282
-87.32,33.728,1,1,2019,269,1.0800000429153442,0.05668259264876889,0.03910558000708249,0.6402339602608826,0.025503690783153843
-79.272612,34.698911,1,1,2020,15,2.4100000858306885,0.14023028445974756,0.02977365942579371,0.13276894160756872,0.36920379700851336
-89.1287854,31.1584057,1,1,2020,72,0.41999998688697815,0.22439908064001104,0.07482545785692601,0.6211528673092913,0.09622613473618982
-92.5253,32.562,1,1,2017,79,0.7218498587608337,0.17277758287742448,0.03823008849557521,0.3962250435365248,0.09277783572112602
-90.96469415,31.14974776,1,1,2019,90,0.3700000047683716,0.032464699224110126,0.06241457858769934,0.7324887284132512,0.09194642755515646
-81.48944444,29.02416667,1,1,2018,93,0.5299999713897705,0.17251783816608476,0.051256077795786045,0.5018280957441427,0.2533652143110167
-80.527846,35.232864,1,1,2019,339,2.799999952316284,0.22294104268277276,0.20387025060630565,0.38800826362740387,0.01006734729979025
-79.610214,35.281779,1,1,2020,58,0.7599999904632568,0.13963954006145562,0.06471658078205514,0.4645429826528259,0.01651029050910939
-86.07583333,33.20111111,1,1,2018,258,0.25,0.03209139173302996,0.07371616493802174,0.9115630135254712,0.0
-80.050003,34.483334,1,1,2017,77,1.025736927986145,0.02880452985673571,0.022079628132578823,0.34605249022048934,0.14770694961419126
-78.855377,36.262752,1,1,2019,338,0.9700000286102295,0.03240191000732675,0.0582494817211913,0.8260781688183725,0.015503019125337913
-93.3568,32.1235,1,1,2017,296,0.7400000095367432,0.050547609640458326,0.09030201851570802,0.5890983800869223,0.16549980244962467
-81.817963,35.786662,1,1,2020,86,0.49000000953674316,0.08409821671099092,0.04091942409699419,0.756444918921309,0.0016108349178474187
-88.50190088,32.48051875,1,1,2017,274,1.190000057220459,0.1418623763315105,0.20881177601294953,0.35105730631855087,0.04056958624395485
-81.969975,32.24817778,1,1,2020,355,0.46000000834465027,0.049461386739493275,0.08843743683040228,0.22622073028877776,0.4382206797147629
-83.41829167,34.82700833,1,1,2019,72,4.909999847412109,0.20977479000091614,0.4859222564828386,0.7288318712110923,0.0
-79.342653,35.643243,1,1,2017,356,0.6399999856948853,0.0539992546599544,0.11588785046728972,0.6017704984303643,0.002416038707150843
-82.33318611,32.50854722,1,1,2017,157,0.0,0.09226417181598368,0.41859642026494104,0.28691625709183416,0.30141757668663177
-84.36070278,34.92106111,1,1,2017,51,0.6642561554908752,0.14349931608325772,0.1458196348186738,0.7025325452759199,8.055370404885026E-4
-77.565015,34.839647,1,1,2017,29,2.802840232849121,0.24395214159113102,0.5341822040321359,0.24580038354969883,0.18143417257208944
-82.107509,35.390805,1,0,2020,201,0.44999998807907104,0.04386239224716582,0.0,0.8148688645244031,0.008054810617188022
-80.709263,34.965589,1,1,2017,356,3.5,0.24459349734769392,0.08063864187550526,0.48897215631387936,0.016112878613155072
-85.366,32.273,1,1,2019,72,0.7300000190734863,0.0315208526940657,0.09053185567532009,0.4920439243651264,0.3120760394737677
-89.85916667,33.54333333,1,1,2019,73,0.5600000023841858,0.02631021788247933,0.0,0.777307990077578,0.013692310123082268
-78.683778,36.319164,1,1,2018,95,0.5799999833106995,0.05118034391826812,0.10777626193724421,0.529210946012096,0.0031360040423818484
-82.243433,36.2232,1,1,2017,101,0.6422374248504639,0.04759829464708667,0.025867731016015753,0.863821253750197,0.0
-85.2076,30.25,1,0,2020,101,0.4699999988079071,0.07935644628830904,0.020001012709504273,0.29752975550524285,0.21838833305928335
-79.94458,33.237022,1,1,2017,90,1.421736717224121,0.0815222201150516,0.16390377034266654,0.31156520639737034,0.384986408748973
-87.59285,36.0319,1,1,2017,45,0.3005397319793701,0.04420454868469672,0.11705837755875664,0.8094807955302743,0.0
-78.990298,36.006301,1,1,2020,91,2.680000066757202,0.12572236994183147,0.18520763867838738,0.7337478605218118,0.0017652668742460513
-85.15905556,33.82263889,1,1,2019,271,0.49000000953674316,0.07070317684009629,0.053222705656177274,0.652626722868572,0.006686088764463879
-86.437617,35.075033,1,1,2018,17,0.8600000143051147,0.06695497795018897,0.08853271311558297,0.22197020432403763,0.01047208076927938
-79.217131,35.638015,1,1,2019,179,0.47999998927116394,0.05985035831256725,0.06473146556083745,0.8161599125774177,0.012080613221402097
-82.98339167,33.34082778,1,1,2017,61,0.2913534939289093,0.02755911732454409,0.0,0.8172237373083013,0.036483202558406314
-82.6185,28.2723,1,1,2017,53,7.005377292633057,0.32878315749513637,0.4379554655870445,0.19420129387387117,0.4100504579174644
-79.100314,34.516511,1,1,2019,35,1.4700000286102295,0.15451081736844768,0.05639211723092472,0.06872377799120458,0.32369016327149575
-78.863167,35.008184,1,1,2017,46,6.095489025115967,0.17434395516210768,0.18427568086503957,0.28883665383959206,0.3663677895096013
-81.359918,35.322031,1,1,2019,86,1.6299999952316284,0.13191204389592087,0.12063652437484214,0.45943512747696363,0.007871951277296745
-79.857771,34.990691,1,1,2017,236,0.36178576946258545,0.02978958675597117,0.09015109404214464,0.7075003159358014,0.09146657399216473
-78.975123,35.306869,1,1,2018,99,3.640000104904175,0.26933891033619983,0.3171483427647534,0.5555162413359538,0.018339030384977487
-82.68933056,31.50774444,1,1,2017,158,0.3745439052581787,0.06417398012089325,0.03311760542016381,0.33391082222615637,0.2499336098535622
-81.94350278,32.18366944,1,1,2017,132,1.570127248764038,0.08539530414332858,0.16706335139514858,0.1998331036401108,0.4761730158930853
-80.9781,28.0338,1,0,2017,119,0.3729965388774872,0.0,0.0,0.24503874743001747,0.35983235805788405
-81.579257,35.888801,1,1,2020,250,3.4100000858306885,0.41705830332891114,0.4217415474806692,0.3955403954266941,0.009345587770829377
-82.386,26.9902,1,1,2020,109,3.0299999713897705,0.5865608545970029,0.890071461152501,0.03407566322397732,0.08441550222762254
-89.29305556,30.93361111,1,1,2017,263,0.3476235866546631,0.03550900134688226,0.03921469412538582,0.455201937486958,0.26849117570806175
-82.12242778,33.43676111,1,1,2019,263,20.969999313354492,0.4294874023138156,0.15386558868115213,0.27726917935704865,0.12785395342664016
-85.87277778,33.41666667,1,1,2019,323,0.4399999976158142,0.020907134528056828,0.011431461810824484,0.9597531340161225,0.00241746643197755
-82.11911389,32.03751389,1,1,2019,341,5.070000171661377,0.09121656862342224,0.18383245649534605,0.23289511532856866,0.3305000363513371
-86.8004,30.7714,1,1,2018,70,0.550000011920929,0.036444005994953635,0.038722413444017,0.7029019875674276,0.2149993992398804
-79.835571,32.941601,1,1,2019,74,5.409999847412109,0.1364618816793171,0.2823000353696125,0.499200535925325,0.27131535539812074
-81.290001,33.111996,1,1,2019,37,0.20000000298023224,0.024583946957582495,0.0,0.4492772401762181,0.2834059148110459
-85.993,33.727,1,1,2019,179,0.33000001311302185,0.09558070754180416,0.1439842209072978,0.778760474727942,0.04945082723492464
-78.317633,34.04774,1,1,2020,117,0.8899999856948853,0.041566491537900145,0.08231182251038398,0.435391385939361,0.31885230105298396
-81.35419444,32.28730556,1,1,2017,82,4.357679843902588,0.12871180730050666,0.4460108129958063,0.23075075302870834,0.43300810078732194
-80.20515,35.301683,1,1,2019,8,0.550000011920929,0.08603373487885715,0.028288543140028287,0.3889778755050915,0.0
-83.87575556,31.54671667,1,1,2018,130,2.0199999809265137,0.09938826802396356,0.16349752199858397,0.2308806095189924,0.16908145361427707
-82.6706,29.6498,1,1,2017,134,0.6662700176239014,0.05736307597911308,0.07317813765182185,0.2798636215561438,0.0
-84.6008,30.502,1,1,2018,1,0.36000001430511475,0.025793374735963378,0.0,0.5999386549626241,0.24119983304031073
-80.06375,34.827703,1,1,2019,163,1.0499999523162842,0.0470387898624442,0.14253874987336645,0.4366118423131122,0.15328598598535356
-90.2471,30.6128,1,1,2018,70,0.7300000190734863,0.05536426270042276,0.012903552272037239,0.4122787879937649,0.3712788796878607
-81.2981,28.5706,1,1,2018,113,26.829999923706055,0.8459370195319169,0.9292111521530134,7.87730387411499E-4,0.1312124720814431
-81.446342,35.187395,1,1,2018,91,2.490000009536743,0.20748757020386768,0.09738320595232071,0.41080239309111816,0.0
-84.94641667,32.84381389,1,1,2017,97,0.39523881673812866,0.047393155235022126,0.0,0.5402743847517674,0.04177398812326771
-81.558142,35.917623,1,1,2019,84,4.300000190734863,0.6723275902910478,0.8901853816234782,0.24301754496786326,0.0
-80.314056,35.085354,1,1,2019,37,0.7099999785423279,0.048914794806179544,0.06260737746336532,0.28390989795596017,0.002802262028875622
-82.98530556,32.11396667,1,1,2018,20,0.41999998688697815,0.05753030614341483,0.05149476453032525,0.5045881999652286,0.1622164972894375
-90.5803,30.8205,1,1,2018,46,1.3899999856948853,0.031623277666415844,0.020342070640623412,0.3197675521521661,0.10464263356582339
-89.84865541,31.73976615,1,1,2017,48,0.9464590549468994,0.04678159211686865,0.1161084690883335,0.5118439812721889,0.005292092526262881
-77.86149,35.723646,1,1,2017,158,1.9521327018737793,0.14226385419265594,0.04199727093546267,0.09378878652842214,0.33047622356199685
-85.6295,30.4575,1,1,2018,1,0.8899999856948853,0.08913229765153408,0.09179232871166881,0.2597858016942346,0.018485433946036193
-80.916725,34.25275,1,1,2020,133,1.1100000143051147,0.062248044382100555,0.09663695299837922,0.7773565353654068,0.0032225044546385097
-80.396965,36.119145,1,1,2018,70,3.1500000953674316,0.372273513772939,0.4577966358539174,0.4484383091049168,0.0032206322543162783
-82.89806389,30.95199167,1,1,2020,77,0.8500000238418579,0.017736999190611082,0.027084493494659037,0.5272125404694453,0.32669276102792383
-85.214,31.125,1,1,2020,131,0.9100000262260437,0.04882783477449849,0.08798663494152788,0.13637269005200836,0.20278853601859023
-81.6312,29.4232,1,0,2020,109,1.090000033378601,0.17005765684845067,0.051611597429540045,0.35437296991280304,0.24901559549751565
-87.526717,35.459733,1,1,2017,33,0.33101922273635864,0.05173301493744216,0.04958803012687661,0.7601480793589123,0.024899948513362836
-82.99377222,32.37554167,1,1,2017,54,1.1363227367401123,0.1080581333603054,0.1901582966671725,0.32787569221432705,0.1585834576579765
-82.91821389,31.08742222,1,1,2018,122,0.4000000059604645,0.04522158672345053,0.02963037872275877,0.4373401372803815,0.3776822948777534
-81.92954444,31.85588889,1,1,2020,13,0.25,0.061452090129732205,0.11788782213239009,0.3291764661254838,0.3527489062539514
-82.60095833,32.38130556,1,1,2020,327,6.28000020980835,0.3212724462412326,0.6450194572193869,0.308417123151277,0.17663978859994883
-78.914508,35.30354,1,1,2018,99,0.6899999976158142,0.07546347334139883,0.029860549717057386,0.4676998013121613,0.15612947245062028
-82.1575,29.9784,1,1,2020,57,0.9599999785423279,0.09824966400505966,0.058207217694994186,0.40492687168946145,0.3224824096766542
-88.58555,36.270533,1,1,2019,31,0.4399999976158142,0.028809014739275548,0.05156723963599595,0.09411723835180338,0.15467238509713
-81.445435,33.490543,1,1,2018,234,0.8399999737739563,0.05783298521470123,0.04490684487646821,0.28907644811557737,0.04116752985341098
-89.21444887,32.79752722,1,1,2017,329,3.259999990463257,0.1110633537074845,0.2873551586297626,0.4835563533851219,0.3530785616312807
-83.93919444,31.38577778,1,1,2019,147,0.6600000262260437,0.05242325566690904,0.1772151898734178,0.09136606493629666,0.09141348676930858
-77.922209,34.138784,1,1,2020,363,5.840000152587891,0.49313371714580084,0.6150464834276478,0.045021075980965296,0.20414947199453998
-93.0119,31.8753,1,1,2019,283,0.8100000023841858,0.07866070694745626,0.05020496988714002,0.41902537095458764,0.20048301543246952
-80.659569,33.035263,1,1,2019,265,0.4699999988079071,0.07173675975534585,0.042356156064976475,0.5524694577465898,0.21069018380667892
-81.185068,35.571867,1,1,2017,27,2.3799004554748535,0.28343430004485076,0.24384821383457134,0.4006178025684922,0.016307334668325936
-81.4127,30.0353,1,1,2017,73,1.6934916973114014,0.14184471177564423,0.14810690423162584,0.11972347665490242,0.6695666198626238
-81.0589,29.1314,1,0,2019,150,2.3299999237060547,0.3227651303074302,0.13817887331072526,0.21038030980239583,0.282276354871464
-79.459663,34.317669,1,1,2018,11,2.5299999713897705,0.12074727857418141,0.17025044270174547,0.08788167878646207,0.34470340723144294
-88.514067,36.038717,1,1,2018,87,0.5199999809265137,0.040125318586502354,0.09242041435068218,0.3317184248009526,0.2350544636850865
-79.406639,34.541615,1,1,2017,27,0.3223547339439392,0.037257682916428427,0.11832254148118167,0.12951901421130263,0.4915266015749621
-79.841126,36.447535,1,1,2018,168,0.6800000071525574,0.1304383521848139,0.0,0.49834220647581484,0.004026069987306037
-81.915863,34.431305,1,0,2020,201,0.6800000071525574,0.10329117603384379,0.0029338863877788456,0.6357211236189347,0.004028270560766854
-87.154,33.401,1,1,2018,104,0.8299999833106995,0.0372399758580046,0.09913008294557958,0.7982215818062881,0.01298422238443283
-84.33444444,33.17052778,1,1,2017,28,1.2970677614212036,0.0844399638462073,0.05162562572685443,0.4816829211253183,0.08488240536491942
-89.55722222,31.11583333,1,1,2019,82,0.25999999046325684,0.01409132010091877,0.0,0.6962288250804635,0.11492472193592042
-84.55710278,33.02416389,1,1,2019,320,0.8199999928474426,0.05729482706310681,0.08965272856130406,0.4135726385517803,0.13382382686084146
-88.92516862,34.6254337,1,1,2018,355,0.4699999988079071,0.05979541677986768,0.0021244309559939304,0.7892818105425434,0.04466017577224163
-79.305498,34.731397,1,1,2019,263,1.6399999856948853,0.10589595887142898,0.14953271028037385,0.11932530942803608,0.361123136085139
-82.51638889,33.71548611,1,1,2018,60,0.47999998927116394,0.06671111335802121,0.12021222839818092,0.73186322215341,0.007257870856030632
-83.03334444,31.55538611,1,1,2017,108,0.45150312781333923,0.03485949666010175,0.04278264391676371,0.2791383599882402,0.28949473171749496
-88.58339402,32.78571451,1,1,2019,80,0.6800000071525574,0.032868746246958055,0.10385996863459299,0.4541038525963146,0.2837584147150848
-83.8146,30.4904,1,1,2018,46,0.15000000596046448,0.028044623489308945,0.05306866518128416,0.38460249299595867,0.47600602062950975
-84.7826,30.3549,1,1,2017,128,0.47254014015197754,0.040363508731988205,0.0,0.22361984626135573,0.6893511799172174
-81.83641667,33.20838889,1,1,2017,327,0.6000000238418579,0.032155306178559134,0.07746443218064906,0.31822534312160866,0.22158245189344986
-82.5638,28.4847,1,1,2017,302,3.2200000286102295,0.7387674660643513,0.46773295540820986,0.13689408534289962,0.092688374094074
-86.2,33.099,1,1,2019,19,1.1100000143051147,0.07447238848893575,0.08169769324160259,0.6320150682940083,0.059906581633620476
-81.66905556,32.21058333,1,1,2018,29,0.6100000143051147,0.05309505145775915,0.05973093263200487,0.23871595822692004,0.4143613927731563
-82.739525,31.49550278,1,1,2018,166,0.5799999833106995,0.04894488089404549,0.0567888748419722,0.23613802696678943,0.3173987955044814
-81.4639,27.9631,1,0,2018,170,0.46000000834465027,0.0,0.0,0.17602508090870833,0.4540156977130436
-82.795471,34.548954,1,1,2017,333,1.8300000429153442,0.24351436145172153,0.53567452686975,0.42602217328526704,0.0
-89.08505,35.034183,1,1,2017,65,0.7390856742858887,0.04618971203295381,0.09009100101112234,0.6130387536169616,0.060208994073868115
-81.9235,29.7682,1,1,2018,34,0.8700000047683716,0.08940255978039145,0.13247949782322566,0.5255298087596735,0.08559483110319764
-76.769383,36.01195,1,1,2017,101,0.7945003509521484,0.07833650208126731,0.413520898694464,0.3900812925964993,0.1408945343835469
-85.75655,35.330317,1,1,2017,60,0.26563015580177307,0.01614100478544467,0.0,0.7034066680354409,0.00805470884596554
-80.8025,28.3659,1,1,2017,59,6.970333099365234,0.5068943374381979,0.6356907477820025,0.05583480161579611,0.3606597306795646
-82.83448056,32.50763333,1,1,2017,234,2.582005739212036,0.16837766764438145,0.250417784979997,0.24226256700718113,0.25810407605947194
-93.48,30.4866,1,1,2019,242,0.4000000059604645,0.06298575231927958,0.015783882227955688,0.4888573398005452,0.2678949731551688
-80.320473,33.053589,1,1,2019,151,3.009999990463257,0.07460526606820672,0.3358971763991499,0.4632408469440309,0.33921366030605493
-82.79484444,32.56376667,1,1,2019,256,0.8700000047683716,0.07568310760623927,0.041177066450567276,0.40944102912590696,0.1039587843924333
-77.736011,34.55676,1,0,2019,149,0.3499999940395355,0.0,0.0,0.07221583224844223,0.8690357318907448
-79.055519,35.44031,1,1,2017,343,1.5800000429153442,0.14759204561608566,0.1546001111504067,0.3765601554232281,0.017216597431725923
-82.66825,35.312567,1,1,2020,66,1.0499999523162842,0.1409175911652473,0.39001213101496146,0.8198870384877814,0.0016110282782846022
-81.85302778,31.593175,1,1,2019,44,2.009999990463257,0.16950658185910641,0.07656882591093117,0.12555797220571308,0.5406450348376978
-87.149,33.334,1,1,2020,218,0.6200000047683716,0.027640128435264078,0.10402022756005058,0.6706760549136603,0.012088210755189241
-89.47592137,31.87572556,1,1,2018,155,0.550000011920929,0.033963134951619005,0.0645242914979757,0.6707624319172553,0.1496287257818256
-81.490327,35.730802,1,1,2019,62,2.7899999618530273,0.28632069661452175,0.6681507715658995,0.561208021047512,0.0
-90.08222222,32.94,1,1,2019,79,0.9700000286102295,0.05723198088580148,0.16068177220311552,0.6236923777076866,0.005514926646734971
-81.507385,35.353235,1,1,2019,321,2.0,0.210929306968223,0.09016517654190029,0.2820235011687411,0.0
-90.00795025,33.96020218,1,1,2017,342,0.6000000238418579,0.03673055413372766,0.10747521747926363,0.6785183921338158,0.004028512388860453
-81.941299,35.704179,1,1,2017,98,1.5183582305908203,0.20714551920610963,0.23265223548452363,0.7085162561825289,0.0026561976893290976
-77.314564,35.508248,1,1,2020,8,1.940000057220459,0.1021108296110033,0.17038047597392758,0.23525546661275343,0.19157942620309698
-82.5664,29.3544,1,1,2020,37,0.8100000023841858,0.27289863873285763,0.8907341772151897,0.11387012296948534,0.0
-82.69590833,31.97946667,1,1,2019,80,0.3799999952316284,0.025664693107928276,0.0,0.28455281982873354,0.21653616733417838
-87.433,31.139,1,1,2019,265,0.699999988079071,0.05443847968081142,0.09365986945301827,0.526936282413643,0.08185531548962706
-79.615439,36.379098,1,1,2017,330,0.8700000047683716,0.08929981116942338,0.07537536019412568,0.6076302709939821,0.022593357458176252
-85.834,33.113,1,1,2017,88,0.22310447692871094,0.03988269053307546,0.025799271549979762,0.7254193687031487,0.013690318176646822
-85.00822222,33.81861389,1,1,2017,113,0.9580150246620178,0.1140108891774974,0.0818246181854961,0.5047035811679798,0.09422330081747829
-80.054864,36.024665,1,1,2020,335,3.799999952316284,0.43547628145813494,0.5246598209317618,0.33427022178992,0.002864352236373798
-82.41993,34.959984,1,1,2018,92,4.940000057220459,0.3748377008008341,0.2422325675538913,0.5283071917104998,8.055726673932622E-4
-82.6754,30.0587,1,1,2017,52,0.6637886166572571,0.07857994453105975,0.05161943319838056,0.2671901534725011,0.012064652623389929
-82.4413,28.3799,1,1,2019,253,0.5,0.0,0.0,0.3746737902957954,0.31268682919422675
-79.064729,34.996884,1,1,2020,91,19.040000915527344,0.3054577965362767,0.34057604850934803,0.1797730446265534,0.20009603902217094
-83.3,30.3607,1,1,2017,48,0.4710609018802643,0.06681886308014348,0.012902246508803884,0.24838264960886397,0.0
-80.619713,32.34417,1,1,2019,144,1.0099999904632568,0.08335519764813736,0.06677796327212021,0.20829158039482218,0.24726801435142032
-80.139168,34.678474,1,1,2019,78,0.8500000238418579,0.04978374809259185,0.11969405328740752,0.32033715710092925,0.1792821510825233
-84.14938333,33.08060556,1,1,2018,52,1.4800000190734863,0.057706285750402944,0.09242209631728045,0.6591378819960182,0.05922952943779035
-82.3674,28.4733,1,1,2020,8,0.6899999976158142,0.0841655726555209,0.038743985819194734,0.5947772171519856,0.16477231387311572
-83.39938889,32.57733333,1,1,2019,231,0.49000000953674316,0.04153167817690474,0.0956112852664577,0.47651437331099794,0.03199582786794572
-81.3039,29.6653,1,1,2017,73,0.8093339204788208,0.05742008121544869,0.0011136421159200205,0.45216890789257314,0.23434515300636324
-79.492622,33.495945,1,1,2017,25,2.5357093811035156,0.07315485033347027,0.13548778637536035,0.36823339760407103,0.35442361791573135
-80.776202,36.474356,1,1,2018,91,0.8700000047683716,0.1254752251398835,0.12897847832676568,0.48069733368698914,0.0
-85.996,31.174,1,0,2019,249,0.3499999940395355,0.05369952923992323,0.03429785511938486,0.3882553422890511,0.1401499223830767
-81.5813,28.2023,1,1,2017,18,3.080648183822632,0.16688494511404262,0.14080008112356132,0.05201353959064885,0.2759577362310589
-82.70115,31.29860278,1,1,2017,85,0.3177536129951477,0.0474296553904521,0.03265657435066579,0.3208061966487511,0.28206765728738536
-81.6864,29.6406,1,0,2017,206,15.605916023254395,0.6350218843293025,0.7423291139240505,0.22990879421140517,0.05409414056570359
-80.405084,35.523622,1,1,2017,345,1.2400000095367432,0.08472767008381808,0.09471076051779938,0.4968260284615237,0.011274704868019628
-81.4522,28.8651,1,0,2019,130,0.6399999856948853,0.0010627664823694635,0.0,0.47233327850807844,0.29814711724591664
-80.517395,33.493786,1,1,2018,98,2.5899999141693115,0.08875934088503407,0.0890171654260975,0.24093084980330826,0.24059592081773232
-83.05555988,35.01333975,1,1,2020,97,0.33000001311302185,0.025796383578261035,0.0395694360218314,0.9718533213712583,0.0023502950504807997
-79.293743,36.243456,1,1,2020,57,1.0299999713897705,0.06472113686830565,0.0393633148054573,0.47873425798116837,2.9375625811383233E-4
-82.13313889,31.35679722,1,1,2017,60,0.46079307794570923,0.045815813600581685,0.05982603418630526,0.2730802061269007,0.22984097878663323
-80.573972,34.876579,1,1,2017,328,1.4500000476837158,0.09506300364217599,0.07429120129377875,0.2956353907047122,0.0
-76.546833,36.267467,1,1,2019,68,1.0199999809265137,0.043845548969389615,0.1321394242930136,0.04666247706508938,0.31143161212289655
-83.0023,30.4747,1,1,2020,131,1.100000023841858,0.0813348258895256,0.13854720323968617,0.3867428123300322,0.11102783996761921
-80.5054,25.6388,1,1,2018,297,8.8100004196167,0.27791000936874893,0.2984454909109322,0.0,0.24857253184108577
-82.71060833,31.70190833,1,1,2017,344,0.23000000417232513,0.02558768857247633,0.018403357095909807,0.19246089452586598,0.14691265917224117
-81.198837,33.864861,1,1,2017,65,2.3492796421051025,0.18251736319571293,0.22703385548256697,0.5436244367625785,0.007412931236057312
-82.7356,33.32076944,1,1,2019,251,0.3199999928474426,0.028205735956387763,0.06501845391576923,0.7445745437307414,0.09449316583708618
-82.66926389,31.92783333,1,1,2019,219,1.0800000429153442,0.20868014832564635,0.1717391304347826,0.20500361962627767,0.40896718943132376
-89.70638574,32.37627881,1,1,2018,65,1.6100000143051147,0.03214213467519661,0.11999190611088628,0.4942852808051183,0.27127215718006437
-83.01944444,33.08025833,1,1,2017,95,0.4706006348133087,0.025899285122843823,0.05155420773313116,0.5575978610572089,0.03397088661201322
-83.74644167,31.93228611,1,1,2020,119,8.569999694824219,0.20734324866838416,0.39291856348002024,0.20137508100333493,0.18452638733028803
-83.44270833,31.44666389,1,1,2019,294,1.6299999952316284,0.07430123266320378,0.05158288661879235,0.13387626577976455,0.19493719709016863
-85.639,31.331,1,1,2020,80,0.8799999952316284,0.07708480213467553,0.11384335154826959,0.4216395142601512,0.27025207002190965
-82.36267222,33.12082222,1,0,2020,206,0.38999998569488525,0.041106107292407365,0.08939761471598946,0.4502551947538911,0.16046772536936085
-80.046483,34.931594,1,1,2017,54,0.5155668258666992,0.10330565455878263,0.07785187430534506,0.5352146052930916,0.0328543262303784
-81.486819,35.284739,1,1,2019,33,15.489999771118164,0.5590163157645353,0.33987457009913025,0.22167959186896857,0.0
-89.27896895,33.52699734,1,1,2017,286,1.9600000381469727,0.257079116094028,0.15692027519222987,0.24270758613280086,0.26380036592417977
-86.714,33.757,1,1,2019,90,4.889999866485596,0.07656504758654688,0.12467755803955288,0.8086268784994759,0.0016114966063777356
-79.040914,34.53353,1,1,2018,74,1.3799999952316284,0.05221438004309338,0.09681664051824482,0.07565666841483373,0.3726597203353954
-79.092425,35.692027,1,1,2020,71,0.5799999833106995,0.029955532535782422,0.0,0.7129353579504544,0.002722368903093774
-85.02646389,32.63694444,1,1,2017,97,0.8765437602996826,0.15172058507477781,0.10417720238697277,0.7120801254092869,0.004029658284977433
-84.19372222,32.53780556,1,1,2018,80,0.5199999809265137,0.02282741312497236,0.0,0.44719224715052464,0.05070897102796061
-83.10332778,34.49593611,1,1,2020,5,2.9600000381469727,0.19042819726203994,0.34626473117191847,0.5399936179556611,0.016861866653186453
-80.712372,32.934853,1,1,2018,59,1.100000023841858,0.09920445530315722,0.08396097659606733,0.22900119157866788,0.3946685546498434
-81.909,26.8225,1,0,2017,147,0.6375579237937927,0.044925403831854116,0.08121673003802284,4.8412359390573886E-4,0.9438100210419734
-78.231332,36.500484,1,1,2017,46,0.543470025062561,0.08561349654501581,0.07578819725141471,0.45368615858819344,0.09011381867333657
-81.187019,33.508644,1,1,2017,59,0.4256706237792969,0.043676250308113326,0.05516788025889966,0.2736141220192009,0.2523400812787177
-77.191195,34.767464,1,1,2020,99,1.649999976158142,0.04599749162030585,0.09454600698840337,0.26032495205961975,0.20125798084912117
-89.45083333,30.26444444,1,1,2020,125,1.5499999523162842,0.2261820435629537,0.22941027587952414,0.15148372081256795,0.4550804472665634
-80.186867,34.23732,1,1,2017,41,3.247305154800415,0.06353053447175336,0.18428499242041435,0.16263564029804534,0.38168247688506063
-93.117,32.929,1,1,2018,218,0.46000000834465027,0.06942508683271542,0.02580057671877372,0.7853343573114879,0.0016876677001261
-82.9381,30.0009,1,1,2018,22,2.140000104904175,0.07903499701164035,0.22500000000000003,0.3205829989216607,0.002419148270071815
-85.45605833,34.91138056,1,1,2019,79,0.699999988079071,0.0770173659485877,0.03514716294123596,0.6966313787558565,0.0032476250951699475
-81.38726,33.839264,1,1,2018,164,1.4900000095367432,0.10370639534883724,0.1161084690883335,0.40333354398382226,0.05122282608695654
-76.624972,34.779142,1,1,2018,71,3.6700000762939453,0.060845390787894145,0.23722461382628507,0.077405699121754,0.40613508561319295
-84.5375,33.20972222,1,1,2017,61,0.4259059429168701,0.046499721899175825,0.05435057384094242,0.5412000050563788,0.0035394650351418333
-85.15051667,33.90441944,1,1,2017,59,0.4896217882633209,0.059184311891528084,0.06243364845053337,0.7751596522882179,8.057661255920803E-4
-83.4018,29.6775,1,1,2017,97,0.7567837834358215,0.17959689687125432,0.3267371830558227,0.20527392733011385,0.45987153578307166
-80.431168,33.757023,1,1,2017,84,0.5656828284263611,0.05958843939403513,0.09621123981992004,0.20210520328388953,0.19500464522489838
-92.9702,30.7175,1,1,2019,355,0.20999999344348907,0.02987911118419181,0.1161848833088645,0.502354217195114,0.1627904035213651
-80.39624,33.610863,1,1,2019,325,0.6499999761581421,0.07478360348004157,0.11711802748585286,0.08676086248905769,0.19676835222622158
-81.87733333,32.12544444,1,1,2017,29,0.5900203585624695,0.058097450729379045,0.08126582278481012,0.31328686801637357,0.3986028795852892
-92.9952,30.5173,1,1,2020,80,0.36000001430511475,0.018150886357743225,0.03704828423929548,0.39637551464403403,0.24294360576527826
-82.5514,29.4494,1,1,2017,84,0.5788857340812683,0.1832308057246778,0.3633464925599757,0.44244801138609935,0.0062971455681189205
-86.2029,30.3888,1,1,2019,329,2.190000057220459,0.14962686567164177,0.14535060204391378,0.1489375158107766,0.4907285605868964
-82.892,30.166,1,1,2018,291,0.550000011920929,0.06811469552184057,0.08028126264670177,0.36489315279877044,0.12534229681956452
-82.394,28.822,1,1,2017,355,0.5,0.08161290016479462,0.0,0.7634832722338373,0.0024197298126528138
-93.2816,30.9939,1,1,2017,9,2.2530853748321533,0.04566019481936053,0.07534281232606385,0.6993009646119263,0.04380748230280151
-79.310157,34.726346,1,1,2018,48,1.2000000476837158,0.14447677081655144,0.09605063291139242,0.09023480318293668,0.33654912292339895
-83.104,33.65338889,1,1,2017,42,0.73347008228302,0.05214047372279378,0.06521299200647576,0.740991304128011,0.0037001693672741964
-78.22395,36.047283,1,1,2019,23,0.4099999964237213,0.03280293603016887,0.04490002531004807,0.4109084132929907,0.08082926428693257
-80.549726,35.058822,1,1,2017,109,1.7665817737579346,0.06952473008231783,0.038642218517957266,0.17948183386084954,0.001610977389458523
-84.46273333,34.37777778,1,1,2019,75,0.7099999785423279,0.08020309059142078,0.1029166456048122,0.730194086108136,0.003222657175625337
-89.41916667,31.18166667,1,1,2018,192,1.8600000143051147,0.17816131928724088,0.15032911392405066,0.5355020044768758,0.09166529662463796
-79.590411,35.835914,1,1,2017,15,0.851165235042572,0.15774009800111843,0.2016972268525534,0.42768231462086953,0.004028092390222636
-79.783497,35.402301,1,1,2019,209,3.7799999713897705,0.24727067168162,0.7747233311435648,0.510966262754498,0.0
-92.9721,32.8241,1,1,2019,261,0.41999998688697815,0.05079673090658563,0.05978453290172475,0.8629313123779307,0.014768439216479474
-77.753,34.317,1,1,2019,79,2.6600000858306885,0.2916491551828199,0.2654607922392885,0.428886522424706,0.13704144928726947
-93.9663,32.8239,1,1,2017,282,0.949999988079071,0.023197749755064636,0.014616629577179848,0.6509339148573053,0.17466262128251325
-78.982607,34.841111,1,1,2019,281,1.690000057220459,0.10237670938550594,0.18240614420696277,0.22009365283991808,0.26118525820884203
-80.364,25.5128,1,1,2018,55,2.5299999713897705,0.1112943455470867,0.10983274201723268,8.07145931984503E-4,0.3317971183307589
-85.89222222,33.39527778,1,1,2019,272,0.3100000023841858,0.020202626689082414,0.025796661608497723,0.9304015876426787,0.0
-77.932264,36.264141,1,1,2017,212,1.0334471464157104,0.10242725498493632,0.14157280670740943,0.5683932620462716,0.08732559828708945
-83.72222778,31.11068056,1,1,2018,78,1.7899999618530273,0.07720518495099592,0.040400972053462936,0.09639582674675942,0.33705975339867233
-78.055021,34.749392,1,1,2017,45,2.2917351722717285,0.10769293958187866,0.04597817299919159,0.29588861050642784,0.20972414860778932
-87.658,31.483,1,1,2017,302,0.46000000834465027,0.021738305702037247,0.01401821862348178,0.8665319878093497,0.006332435474284555
-82.59077778,32.18772222,1,0,2017,132,5.622373580932617,0.2995189085989555,0.469033270876589,0.2791499664942914,0.2266692796904831
-82.71119444,31.76139722,1,1,2017,57,0.4002515375614166,0.03944731401693084,0.1012395648874273,0.3872721640229369,0.10201172134308642
-80.305621,35.062672,1,1,2019,162,0.6200000047683716,0.07805415925512858,0.10305112143867447,0.2523324623788747,0.0024169776089930524
-80.91469722,31.97265,1,1,2017,60,0.41132867336273193,0.0,0.0,0.08726493375944772,0.6021204563343417
-87.278,31.305,1,1,2019,55,0.18000000715255737,0.009674512717557975,0.01290747114800567,0.8647307102546672,0.06918541235239255
-84.3824,35.3961,1,1,2017,335,0.550000011920929,0.04739959252649369,0.042344618494188996,0.6993129807160798,0.0
-81.92561111,32.21388889,1,1,2017,75,1.2507961988449097,0.06855632789952998,0.10832827362882008,0.2539852632976454,0.30157766798481445
-85.5536,30.1596,1,1,2020,76,1.690000057220459,0.23605511230856305,0.009360453349524383,0.13508017974429756,0.33101537819351284
-77.02277778,34.70527778,1,1,2019,136,3.450000047683716,0.2905124478705925,0.32812894750138943,0.18051307974219633,0.30355427777075683
-82.6225,30.197,1,1,2019,275,4.880000114440918,0.5516129134266626,0.6679489775258152,0.21073336095045062,0.18169744077867636
-81.287745,35.851439,1,1,2018,3,1.7799999713897705,0.16993389740042775,0.24902684394115568,0.4858114702064563,0.004026794766114287
-79.064833,35.655766,1,1,2017,212,1.7090178728103638,0.04704997836092712,0.012883993532740503,0.5848741300934748,0.025252956023717698
-83.84227778,32.6785,1,1,2019,335,1.2999999523162842,0.05447620853679736,0.12178838761885494,0.4197348251394617,0.0335529954645301
-79.02769,35.01236,1,1,2018,129,5.980000019073486,0.44101376519241886,0.7406153690698732,0.16361528230176,0.2217500781933697
-77.736334,34.750579,1,1,2018,79,0.4000000059604645,0.035602345685253514,0.05153597413096201,0.390039684545776,0.3173594610990343
-82.91733889,31.57338056,1,1,2017,149,0.6603440642356873,0.09506392180169694,0.1140386365935066,0.2715475272189273,0.2192372377688698
-92.3481,30.7949,1,1,2018,20,0.6000000238418579,0.04652817302219693,0.12251303599453246,0.32300638714981345,0.2738411433630557
-85.92433512,35.90049295,1,-1,2020,306,0.5099999904632568,0.0259267330547686,0.0,0.7028769230283337,0.0
-80.175873,33.321999,1,1,2017,86,0.9806470274925232,0.03545079701101124,0.06964493744618348,0.2551951847580531,0.44966587149875964
-79.831453,36.437271,1,1,2017,65,0.9279235005378723,0.08876496389087998,0.08450490543137451,0.517738782805301,0.003966161317927615
-85.314,33.091,1,1,2018,156,0.6499999761581421,0.049218303115726544,0.1115664845173042,0.561807304686389,0.014448830219924344
-82.357162,34.526649,1,1,2019,204,1.3700000047683716,0.05861928427225077,0.11029002378903677,0.6884369559928849,0.005566841591446905
-81.8412,27.7365,1,1,2020,19,0.4699999988079071,0.06440447376330818,0.0024805102763997165,0.045082498853084026,0.23968803885276768
-82.67855556,32.83978889,1,1,2019,32,0.3400000035762787,0.04734874224471156,0.09173290133144331,0.4037459267945019,0.19383559262572025
-83.78005833,33.107025,1,1,2020,128,0.9200000166893005,0.07460101760262933,0.14632419860451007,0.7535537085611349,0.028356982586986056
-81.255253,35.268081,1,1,2018,118,6.639999866485596,0.439280648717633,0.49226960388035595,0.3874836920297066,0.005897720201034234
-82.76502778,31.89847222,1,1,2017,48,0.24510613083839417,0.030971437241588604,0.025825400040510434,0.3269576047237923,0.2896135998685027
-88.235866,35.776684,1,-1,2020,258,0.47999998927116394,0.060347441566645656,0.03795613059739209,0.83217624763108,0.008186986734049278
-78.375892,36.296192,1,1,2017,344,6.099999904632568,0.34217341595447015,0.1899150313574752,0.41397737393644257,0.030019644628046984
-81.373489,32.931362,1,1,2019,146,0.5,0.03307764998878027,0.07770184763351051,0.3369268062969529,0.34949922094011815
-78.795781,36.057441,1,1,2020,311,1.3799999952316284,0.10761368732905059,0.3013115916341722,0.5206244828087198,0.05418585406836088
-83.457383,36.322767,1,1,2019,83,0.5600000023841858,0.03683199959577332,0.04606826801517068,0.8349618195254127,0.0
-81.168843,35.553009,1,1,2019,194,1.840000033378601,0.17195174725111584,0.1278100530436979,0.40848687390036725,0.0
-85.16696944,33.72980556,1,1,2019,328,1.0299999713897705,0.2488853639038017,0.1485960030356691,0.595748109621419,0.0010585488085796174
-82.5527,28.6331,1,1,2017,101,0.6955709457397461,0.23926192118133102,0.10394936708860761,0.22126864019132095,0.2887244636496499
-83.66043611,32.97578333,1,1,2020,77,1.1399999856948853,0.06490181763015923,0.1486465975208702,0.6749251740670862,0.009661789943773888
-87.795,30.757,1,1,2018,131,2.9700000286102295,0.11492675585178537,0.12062335559603325,0.5121683619427645,0.10466656759551149
-85.764717,35.45025,1,1,2017,42,0.3838232457637787,0.05615904833803458,0.12778761061946897,0.7390826418348426,0.0
-85.735,33.178,1,1,2017,81,0.5628126859664917,0.05663460079890779,0.0017196034796682178,0.6348378166557108,0.014786747231632697
-80.073746,33.552032,1,1,2019,112,0.550000011920929,0.02780876066013026,0.10908355658899058,0.33941791502229207,0.3434212896111326
-83.53305556,35.1325,1,1,2017,97,0.24497182667255402,0.021828336402778613,0.0344496155402671,0.9724350125252321,0.0
-82.07355,32.60555556,1,1,2020,75,0.36000001430511475,0.04758578621162657,0.0524346463063154,0.3169183020066564,0.23616216335805976
-81.93660556,32.38819167,1,1,2018,17,1.3899999856948853,0.07092510177763169,0.07712134229544648,0.1773649075783246,0.2455843679672289
-89.67666667,30.5675,1,1,2019,76,0.9700000286102295,0.1902408484239084,0.06280364372469639,0.21712088586181497,0.45081373692914295
-83.4008,29.8842,1,1,2017,35,0.3619956374168396,0.08854510898954218,0.11013817887331072,0.2600095502224695,0.5518131192228269
-79.384595,35.035976,1,1,2018,73,1.6699999570846558,0.07235364185263242,0.2644874450563331,0.4792749469985879,0.15212906120359812
-84.43676667,31.03786944,1,1,2017,302,0.4000000059604645,0.036599323405735226,0.0,0.11154004236618283,0.37849125802270056
-84.314,30.2918,1,1,2017,83,0.5629817247390747,0.08205741172899238,0.1527130998177769,0.7586468590509803,0.025891564055375325
-87.092,31.346,1,1,2017,107,0.5099664330482483,0.04004843625510602,0.10465292896562203,0.7209540551136283,0.07282194933795351
-86.158,34.355,1,1,2017,108,0.7423754334449768,0.10329531452402765,0.10728376327769344,0.23282676692679533,8.05661748443967E-4
-88.4980011,34.7922828,1,1,2017,76,0.9040816426277161,0.05025543167479139,0.0707172825152909,0.6839187041699967,0.13832486106854794
-81.98916667,36.35388889,1,1,2018,101,0.3799999952316284,0.02748083888876609,0.0,0.656969528543503,0.0
-84.90888889,30.98,1,1,2019,262,0.5099999904632568,0.027354642891017755,0.016503822204222137,0.08228840620949134,0.05767491858737238
-80.842578,35.357228,1,1,2020,85,20.75,0.7723224155901579,0.5082149537434912,0.1607182337892044,0.008325700388490571
-79.087063,35.625424,1,1,2017,48,1.474974513053894,0.12199243785872005,0.28804980513235817,0.6867807831901878,0.037649608152203126
-88.728467,36.383,1,1,2019,271,0.6600000262260437,0.04357149173224866,0.11108303431545964,0.4070967497441988,0.013007970895494112
-87.987,33.663,1,1,2019,190,0.36000001430511475,0.05348943767676288,0.05122370550161814,0.6967025327455724,0.01713039768687491
-87.7345,35.516883,1,1,2017,52,0.2691616117954254,0.025979317620452438,0.0,0.8552580875431932,0.0
-84.42813889,32.50933333,1,1,2017,32,0.8467007875442505,0.07371841474747609,0.07747583624310508,0.41342938242415467,0.0
-81.47208056,32.45730833,1,1,2019,144,0.49000000953674316,0.04273423226940269,0.08396212082848029,0.30287254957739906,0.39421381023725105
-79.78396281,32.96675642,1,-1,2020,175,0.8100000023841858,0.05601517426697225,0.05297543681944794,0.44954714297004633,0.47830870149371696
-82.2147,30.2851,1,1,2017,63,0.4759751260280609,0.09086050916542024,0.1540369526702101,0.39958829128233647,0.1587450156999522
-81.97426667,31.19673611,1,1,2020,320,5.519999980926514,0.16409628955155925,0.057527044788191255,0.4328919746060653,0.2470281002605155
-84.89813056,31.27577222,1,1,2018,1,0.6499999761581421,0.02845155742162307,0.08434527423598462,0.1891891037395825,0.255172435597486
-90.1093,30.9627,1,1,2019,84,2.1600000858306885,0.06407135269121815,0.13865142394658306,0.4136419971671388,0.18704471873735332
-79.559195,34.820055,1,1,2020,91,1.5399999618530273,0.1632618898722103,0.08385987969468736,0.24526710758210318,0.30312936256766915
-82.6398,30.2087,1,1,2017,75,9.101663589477539,0.5142735177865612,0.5022013056019433,0.16927114624505923,0.20735177865612642
-78.718147,34.148391,1,1,2017,103,1.2212412357330322,0.055792852449072436,0.11244939271255057,0.15529115907597427,0.39774364353232566
-85.22166667,33.89527778,1,1,2019,105,1.3300000429153442,0.09901005741224651,0.18506904051388395,0.597093682757052,0.0049576122572144495
-78.779075,35.287768,1,1,2017,39,0.8935279846191406,0.040931202223766505,0.08410978326919182,0.19624739402362756,0.35694611156737643
-80.300919,34.151283,1,1,2019,26,1.649999976158142,0.09989005364623804,0.1598379336540896,0.07840628337092986,0.3878231253830743
-87.853,34.48,1,1,2017,25,0.5868373513221741,0.08104487608841261,0.11651663800950741,0.6325746565734433,0.024144119096664945
-79.000503,35.397253,1,1,2019,85,0.5799999833106995,0.04733038077848891,0.013034911332289194,0.5383684712631334,0.0965371712334393
-78.227191,34.427863,1,1,2020,59,0.6800000071525574,0.041799637266735336,0.08210802890202615,0.2692504565762782,0.25381533464355455
-78.12062,36.003143,1,1,2019,181,0.7099999785423279,0.05199674053111655,0.07668572006677118,0.43166169745053945,0.08044760845945877
-81.517408,35.365241,1,1,2017,29,1.2733160257339478,0.1052578377951513,0.10029811530493656,0.3382136934375742,0.0
-84.489225,30.74253333,1,1,2018,107,3.4100000858306885,0.14131689194530075,0.0026321117635148806,0.31689510710615754,0.343824203620267
-81.16317,32.520832,1,1,2020,99,1.4500000476837158,0.05163661879235365,0.22332844797089005,0.24610599777485612,0.5401379336502482
-77.5205,35.325633,1,1,2020,94,1.3899999856948853,0.13099359419813772,0.09419152276295131,0.19225618153562374,0.21571253490340767
-79.7,35.2227,1,1,2017,289,1.1699999570846558,0.05408000202121008,0.08470635803093098,0.5578413476418163,0.014078991416173468
-82.59746389,31.53384722,1,1,2018,30,0.6700000166893005,0.05471362909293226,0.12044349939246658,0.06302119884427416,0.4015072485758904
-82.8499,29.3748,1,1,2020,78,0.4399999976158142,0.046984217351424856,0.051648184718213565,0.4509725780434575,0.031033937438719666
-88.95826536,31.1378657,1,1,2020,58,0.3799999952316284,0.04181881989168272,0.07865566634610516,0.7273003196403339,0.11603797744496404
-88.78827635,33.79772903,1,1,2019,79,1.7200000286102295,0.04747881369321091,0.060540157798907555,0.4368139333539772,0.11703499137380798
-79.204074,34.94408,1,1,2019,281,1.340000033378601,0.0830574544168004,0.057854580364812266,0.04002034343766191,0.3884017133976067
-85.103,31.145,1,1,2019,280,2.440000057220459,0.08608239274083909,0.12607551371596315,0.27110879256378634,0.27471624142400963
-79.397475,34.897455,1,1,2019,258,0.5199999809265137,0.06822655196054582,0.10999949471982212,0.16978759568935833,0.3106827710184855
-79.76696,33.497608,1,1,2019,6,0.6299999952316284,0.07084897432980695,0.05153076689906033,0.24931432399297246,0.22520191104538723
-82.6142,35.396167,1,1,2020,303,0.7699999809265137,0.12099790261036561,0.21268845492259436,0.6619443812700582,0.0
-76.6958,34.6948,1,1,2017,202,1.1830146312713623,0.08802234043897446,0.1775156914355133,0.01691643816575898,0.1171483086720833
-83.81715411,35.22813676,1,1,2020,86,0.38999998569488525,0.09544973544973541,0.05599353143319182,0.8700750217168128,0.0
-78.420476,36.09592,1,1,2020,343,8.079999923706055,0.14214520545349474,0.14751945033848637,0.5427471489794441,0.016226578364772738
-81.7216,26.674,1,1,2018,152,2.819999933242798,0.4092289971013027,0.7163522330686358,0.023363628308502436,0.33220149112036573
-80.982259,36.083219,1,1,2020,63,0.7599999904632568,0.056620220063416694,0.07905637502525763,0.7418423678924699,0.0
-87.094,33.909,1,1,2018,70,1.0700000524520874,0.04628023445028997,0.1450242718446602,0.813368722056339,0.016487353271087118
-79.12653,34.663541,1,1,2019,146,2.0399999618530273,0.14314553071037284,0.24972213802162266,0.09989006059304094,0.2690798577106065
-77.12891,35.628394,1,1,2017,46,1.1830322742462158,0.07365089192920163,0.21551288529560386,0.266239366188507,0.2834745909951003
-86.216,33.699,1,1,2017,13,0.603096604347229,0.042174080651175117,0.0742576761596439,0.6788551350189902,0.012086300928354297
-81.1961,29.2545,1,1,2020,65,1.4600000381469727,0.08265824826892484,0.2747102586163266,0.38733697526041283,0.4565768205154161
-81.9431,30.7239,1,1,2017,88,0.5229035019874573,0.0697753832144483,0.14559076642705276,0.39318687711842953,0.24654411392725237
-79.96521,33.915199,1,1,2017,80,0.626794695854187,0.048938099797447385,0.07633626351419621,0.13863319650762648,0.4331813398807435
-88.785967,36.2503,1,1,2018,130,0.6600000262260437,0.058388282552675405,0.06867451614533326,0.08345649537668627,0.02431345055833457
-81.23683056,32.30837222,1,1,2020,88,6.900000095367432,0.3488641859024407,0.6257274429431708,0.33068041380487473,0.21859403693647866
-79.390193,35.116833,1,1,2018,89,9.699999809265137,0.15550853479448598,0.3395311236863381,0.5434161284719479,0.037805744603578134
-82.55810278,33.50161667,1,1,2020,210,0.6399999856948853,0.06686595840153699,0.07863576561076813,0.6973430577587891,6.541235061019924E-4
-81.88976389,32.62343333,1,1,2020,306,0.49000000953674316,0.032642534537306,0.021876740770749983,0.3036217157558386,0.2990357051425901
-87.123,33.246,1,1,2017,345,1.059999942779541,0.16268751520820632,0.05682048168386967,0.6197047790899413,0.03868967674858821
-82.49308611,31.77076944,1,1,2020,124,0.5400000214576721,0.04967756211670988,0.04556718757902191,0.06251817664538158,0.26993424796105464
-81.55367222,32.52078333,1,1,2019,268,0.3199999928474426,0.03235349895695049,0.0,0.13282445160882475,0.6708831152411653
-81.752205,34.898903,1,1,2017,270,4.554677963256836,0.29302278564185524,0.544948651793393,0.47931349290337694,0.0
-80.279579,33.719635,1,1,2020,361,4.550000190734863,0.061475642978591635,0.11139739314943924,0.08682502259669175,0.29101694593860034
-83.28389167,32.49074722,1,1,2019,280,0.47999998927116394,0.0313020555111278,0.061333872680386266,0.3448157057107362,0.26792764145665326
-82.94298333,32.50375556,1,1,2018,14,4.769999980926514,0.3809486183497315,0.45623355596033194,0.23886130399466485,0.10665714276684034
-83.55243889,31.89735833,1,1,2019,150,0.46000000834465027,0.0354221193844909,0.06454715739381361,0.23711261995979208,0.1428169530528898
-84.10376944,31.81263611,1,1,2019,266,0.30000001192092896,0.03534737281331202,0.0,0.13772262016905545,0.2468879012220797
-75.884588,35.690032,1,1,2019,97,0.25,0.04302940126551485,0.08521062733609457,0.0,0.9553594839378171
-80.197701,36.299528,1,1,2019,30,0.6600000262260437,0.10887221559079685,0.03635720064724919,0.46828283976581586,0.008052445101271339
-82.619667,36.1207,1,1,2017,49,1.1615372896194458,0.045059640546097096,0.22595327197329826,0.8121062255445344,3.5054808667064603E-4
-82.53055556,31.54472222,1,1,2018,302,1.7599999904632568,0.1515371871561723,0.165545155578042,0.12976932707751077,0.25780291629254004
-84.4625,34.37888889,1,1,2019,78,0.7099999785423279,0.08136346116176645,0.09890276583910605,0.7271403206136773,0.0032225655412962285
-85.4788,30.9009,1,1,2017,107,0.5799484252929688,0.061125057700941586,0.1257087889833941,0.17520851381344738,0.13821667731104137
-79.170073,34.595181,1,1,2018,82,0.7699999809265137,0.06881407876652818,0.14489971201940077,0.20412631711979273,0.3424211307878233
-78.780424,35.070899,1,1,2019,172,2.1700000762939453,0.2194264376966525,0.11068451629199291,0.25526618395946266,0.2742017008478966
-81.4631,27.4048,1,1,2019,249,0.7200000286102295,0.30799095065576115,0.5051426255256624,0.03107468873103515,0.3844768941131802
-84.02944865,36.49389592,1,1,2020,66,0.47999998927116394,0.027378918548506798,0.0386519805982215,0.8793243375533293,0.0
-82.4035,31.31338889,1,1,2019,256,0.3700000047683716,0.10564566861926278,0.0,0.07261697399243203,0.5244411707989416
-80.478203,34.208855,1,1,2018,44,1.1699999570846558,0.07328486434053412,0.16683508488278087,0.3048301531481147,0.33377252433718474
-82.07692,34.304752,1,1,2019,250,3.930000066757202,0.1603871053354946,0.2951134468644196,0.41452371699478396,8.056795670183228E-4
-85.4188,30.4678,1,1,2018,116,1.559999942779541,0.21734717430966388,0.2627448995089353,0.2760332512276329,0.32468325012094496
-80.378,27.5404,1,0,2017,190,3.823171377182007,0.5719785521092009,0.3964278486136409,0.10305743163089391,0.2693007291650193
-79.72366,35.099061,1,1,2018,53,0.6399999856948853,0.08777694922966085,0.36761808537509455,0.47609041847297157,0.05517498514932821
-78.326126,34.383161,1,1,2018,131,1.8899999856948853,0.0874390151419399,0.24484640258690377,0.38402765489521995,0.15152367350034124
-88.276,31.89,1,1,2019,334,1.25,0.06927128116938946,0.11596842744383724,0.4920211420767786,0.16736950584188953
-81.8578,26.756,1,1,2017,124,1.8848540782928467,0.12531763737915555,0.18422384132766648,0.07753674783626847,0.48401449344155995
-87.108,33.75,1,1,2018,107,0.6299999952316284,0.0702384149905993,0.0701896333754741,0.9045613258970188,0.009890509219028964
-89.644964,30.904125,1,1,2017,74,0.39006906747817993,0.051750957999772376,0.13249354985582035,0.3881954193066992,0.33357362370527766
-81.87963611,32.80371389,1,1,2017,329,1.1699999570846558,0.0632458912768647,0.10561740890688255,0.2945448798988621,0.2689285714285713
-94.0369,32.4036,1,1,2019,42,0.3400000035762787,0.01741898166439619,0.06421089915498657,0.7208853937840379,0.0371073933478518
-83.19410278,32.24541389,1,1,2020,228,0.41999998688697815,0.0531795854116487,0.0,0.44668449434508606,0.19119869010816723
-81.351223,35.3546,1,1,2019,32,3.319999933242798,0.11775389785965178,0.17180238432006462,0.4327224370151365,0.0
-82.67093889,31.53310556,1,1,2020,327,0.5199999809265137,0.06990771915515136,0.10037419093851131,0.2323902920171854,0.2463193568477193
-80.066,36.029,1,1,2019,251,2.3399999141693115,0.28284767772721375,0.25882650480526054,0.37553963196073903,0.0066761197659252584
-81.9426,29.6416,1,1,2018,70,0.8700000047683716,0.5077831963920882,0.5722958615804917,0.18765061955634818,0.023178807947019854
-88.201,33.837,1,1,2020,248,0.3400000035762787,0.03536906368201023,0.06442803681602104,0.7716921093461163,0.0731491517175784
-80.4328,25.7557,1,1,2018,64,53.13999938964844,0.6459447824407907,0.8320664842403972,0.0,0.34661964965148756
-79.992813,34.6315,1,1,2018,106,0.9900000095367432,0.056127638336986974,0.03743045017703591,0.3752898143293053,0.22086220947495455
-88.025,31.045,1,1,2017,76,1.4003262519836426,0.042598061223844554,0.16063565969937751,0.3750766720837736,0.27615229447138956
-84.82383333,31.58738889,1,1,2017,80,0.42568665742874146,0.06201908182168802,0.0,0.16520507584044106,0.12621948520811074
-88.287,30.709,1,1,2017,118,2.0429956912994385,0.1061639396095171,0.01108075288403158,0.3790024503991781,0.07395462809264093
-83.42415,35.784933,1,1,2018,20,0.9300000071525574,0.1576957576370113,0.18779698716004456,0.8053572782171458,8.053920206180353E-4
-85.7619,30.3247,1,1,2019,105,1.5499999523162842,0.04275825868082457,0.09491525423728811,0.18810851149274455,0.6525646417470111
-79.874802,33.382755,1,1,2020,206,0.6499999761581421,0.06272754854368934,0.03875303152789005,0.3837985436893206,0.3784922380663433
-81.40889194,26.41222704,1,-1,2020,86,21.459999084472656,0.5550109173760325,0.7657881398884944,0.03062244865668809,0.2291288250371824
-77.277905,35.462746,1,1,2019,266,1.0499999523162842,0.054119624207886054,0.13738568035975945,0.2829339331181015,0.34398751571591923
-85.103622,35.354975,1,1,2019,90,0.8500000238418579,0.09825859253339568,0.04884214784103548,0.6321880833778186,0.0
-90.32638889,32.03138889,1,1,2019,77,0.8299999833106995,0.053301554286220035,0.03161675435046539,0.6622327730906489,0.024905879861293303
-89.26957292,33.47499906,1,0,2020,222,0.5299999713897705,0.03272585930661374,0.06472819216182048,0.35349047391822314,0.19716729815735326
-81.3434,28.226,1,0,2018,171,1.399999976158142,0.04729924236432945,0.0,0.025639403381680723,0.5077044746373945
-83.096975,34.47744444,1,1,2017,49,0.9225800037384033,0.12976665129122153,0.16980846010006573,0.5704721946657738,0.0016112624083002135
-85.82575,35.490083,1,1,2018,121,0.4000000059604645,0.009469511521028443,0.0,0.9458393215306625,0.0
-87.338,33.879,1,1,2019,271,3.7100000381469727,0.13627573654874292,0.24674996206181385,0.5263937865746529,0.0595211011261517
-80.97617,25.54267,1,0,2019,169,0.20999999344348907,0.0,0.0,0.0,0.9983858818465512
-86.697,32.633,1,1,2019,224,0.3499999940395355,0.05125393087972696,0.025812329183115705,0.6664243611826621,0.037565778037641655
-81.7347,27.9936,1,1,2017,88,13.466891288757324,0.5049493987643112,0.6534407621364144,0.0053084634877047995,0.1289912337590438
-83.173325,31.79406111,1,1,2017,86,0.32097089290618896,0.03692802812359711,0.08655644875878456,0.4680005564021013,0.15853982384815268
-83.39703333,32.45565833,1,1,2017,29,0.35568666458129883,0.0400015171245433,0.03802916751063399,0.40107083707346697,0.10248808425098302
-92.8966,31.7069,1,1,2017,56,0.34103280305862427,0.03969980146937951,0.07451059739996962,0.5755807336781276,0.22042905375501068
-89.71025913,31.28529712,1,1,2018,46,0.5199999809265137,0.07037938665823588,0.056871078729002225,0.4664274423016125,0.08827062914954159
-87.21,31.499,1,1,2018,59,0.3499999940395355,0.04593794852016008,0.12897026097511632,0.7016641481041227,0.05792272333537766
-79.518503,36.254593,1,1,2018,92,1.940000057220459,0.10826629269201737,0.23254872184257155,0.44011509827889517,0.0
-93.1156,30.8636,1,1,2018,205,0.44999998807907104,0.028293833468231496,0.10283921251075458,0.5348574716713884,0.14077992209631734
-88.41889,30.45611,1,-1,2017,105,2.1400880813598633,0.09629109629109626,0.12718898673954857,0.05467700062294656,0.8308873984549664
-87.41138889,32.89361111,1,1,2019,275,0.3700000047683716,0.04307688417912143,0.05174245106469069,0.7751184377281444,0.05926153009851108
-87.279867,35.906983,1,1,2019,274,0.7400000095367432,0.11486847133657381,0.1376346260808009,0.6412073664894852,0.0
-81.27794167,32.31792222,1,1,2018,66,0.8600000143051147,0.0495628204560829,0.06975214972180073,0.3985130205534445,0.3811017050950542
-86.205,32.908,1,1,2019,177,0.7599999904632568,0.024945718647185453,0.0,0.7486876080491269,0.006447392124700155
-83.5581,30.0237,1,1,2018,51,0.5,0.0659386878672308,0.11622018534460932,0.49906077452896397,0.11311816531633233
-79.510097,36.259761,1,1,2017,45,0.9119471907615662,0.1094587551526446,0.04744580870092468,0.4909202899695185,0.0
-78.455734,34.32259,1,1,2019,34,0.27000001072883606,0.029091058457007983,0.1240020212228398,0.07389198360764514,0.8259655153891603
-82.3988,28.4647,1,1,2018,73,1.1299999952316284,0.06739696387844125,0.06661267463049199,0.4904895817187396,0.04727214062702648
-81.086583,36.265889,1,1,2019,84,0.9599999785423279,0.05830954426030722,0.01516223592439098,0.5950257679870656,0.0
-82.5657,29.6964,1,1,2017,101,1.1474210023880005,0.059147963201320666,0.0393377885783718,0.48008424860929705,0.0032257350406537494
-78.213207,34.692662,1,1,2017,128,1.346531629562378,0.03705856339629795,0.0764750569764497,0.33891591382904795,0.2926622022869417
-80.945251,34.051819,1,1,2017,360,38.38999938964844,0.7813998900411405,0.9684721099434113,0.12014585347665913,0.01944818346699024
-81.53532317,29.03733545,1,0,2020,110,0.5,0.05030378361624275,0.0,0.4871354517535957,0.2701128158416595
-86.141,32.021,1,1,2019,54,0.3400000035762787,0.039564399626989495,0.03720012146978439,0.584842497905767,0.02820970775577295
-82.29789722,33.23251389,1,1,2017,32,0.629539966583252,0.04134866684996096,0.06402223345123802,0.4453609159658821,0.16252200321713103
-81.8071,29.6568,1,1,2020,25,1.1699999570846558,0.11019886651148676,0.1517007491395019,0.4516053537091389,0.26454812265965
-76.842411,35.144491,1,1,2017,24,6.378066062927246,0.09753894071156237,0.21185110154469475,0.35521573359530734,0.27784604401540275
-77.802509,34.752097,1,1,2017,39,1.0421422719955444,0.06716872893376002,0.08654917451635775,0.3108911078749438,0.08612242190288763
-78.586359,35.356014,1,1,2019,73,1.75,0.12953117448042528,0.15524560339599755,0.10094548533123573,0.0858297241886927
-86.9907,30.9035,1,1,2019,196,0.550000011920929,0.053528011306330066,0.07547551598543102,0.6920795616583879,0.09665710771682316
-85.6833,34.2889,1,1,2019,38,0.3199999928474426,0.049974091954604054,0.03985433946995752,0.7508815054470088,0.014998230670070523
-81.02182,33.71685,1,1,2019,263,1.809999942779541,0.07170166646654744,0.05036189704914713,0.3694632802280096,0.13639810666144253
-78.032106,36.493699,1,1,2019,272,0.36000001430511475,0.087645111984134,0.13642109521160942,0.5612123087806173,0.01569546378990185
-83.89754722,34.25088333,1,1,2018,108,3.990000009536743,0.501131100200312,0.4055325174471528,0.3384548792124003,0.0016113438607798904
-82.515,27.5361,1,1,2017,11,3.774294137954712,0.5364987866957308,0.3961460446247464,0.004840562011395881,0.21248801723619712
-84.39119444,32.47775,1,1,2017,38,0.25639602541923523,0.046326529967158,0.07998583426085197,0.5673640722840538,0.0016120722081912242
-88.36834153,34.63853365,1,1,2018,259,0.3400000035762787,0.03331637923681294,0.07288821446636315,0.5697998047646277,0.23685083448905522
-87.079,31.606,1,1,2019,270,0.4699999988079071,0.02833433439762276,0.038243626062322955,0.5333164733031966,0.10031612556507455
-82.2684,30.2556,1,1,2017,107,2.100924253463745,0.16974712323828978,0.18911943319838048,0.3742146021546856,0.1948640435617139
-85.815,32.895,1,1,2019,80,0.9300000071525574,0.11801201011378001,0.07738998482549315,0.7585524652338812,0.0088653603034134
-83.0934,29.6132,1,1,2017,267,1.0698367357254028,0.2511188353359037,0.3183291139240506,0.2920990457876443,0.15251267486249792
-81.6535,26.5477,1,1,2020,111,6.119999885559082,0.4722864801060755,0.9747490112564651,0.007063268787124089,0.35284382011449317
-89.01323592,31.84307638,1,1,2017,100,0.5454765558242798,0.028705456913365228,0.047048110487175616,0.5464405043764681,0.18317312099535019
-89.48913889,32.99072222,1,1,2017,78,0.5756650567054749,0.04996365475174616,0.08804045512010114,0.5729306911918082,0.1429442811541987
-83.17361111,31.95555556,1,1,2018,301,0.46000000834465027,0.05241495727711555,0.07389611046482222,0.27927141913315084,0.23866650228708905
-83.52641389,32.18661111,1,1,2019,84,0.3199999928474426,0.04861967165443431,0.06498633464925599,0.09117689822804655,0.11337530896976367
-79.178777,34.991539,1,1,2018,120,4.599999904632568,0.3753937138470384,0.44182755483675334,0.20064952912297776,0.19448595266904026
-85.5963,30.236,1,0,2017,235,7.389883995056152,0.42777863857856174,0.6383431233542639,0.04227445350569026,0.3465626116625508
-80.647234,36.053289,1,1,2019,280,0.5199999809265137,0.12545710622548678,0.07632855122246919,0.4382156594013881,0.0024157945595674937
-78.993803,35.27822,1,1,2017,350,1.2699999809265137,0.10619225849244329,0.012174176601333603,0.5352726583597858,0.15665892831761977
-79.175185,34.893553,1,1,2017,160,0.6882815957069397,0.06529217220455061,0.04723572296476306,0.0948489624956962,0.30825675901913296
-80.453804,34.188766,1,1,2018,243,1.5399999618530273,0.07043473039889533,0.2322420935637062,0.32783797705159484,0.1487633078315939
-79.430647,34.993609,1,1,2019,80,0.49000000953674316,0.07521515988945919,0.15696880845255548,0.521831819976313,0.2232988551125149
-81.9774,29.6371,1,1,2019,91,0.9200000166893005,0.35353145625725424,0.6275631613589187,0.24284869434315529,0.17787736281668948
-84.033425,35.09875,1,1,2018,101,5.019999980926514,0.41519250451725404,0.7522360907574913,0.5160599436448868,0.0017942659304279703
-84.4972,31.15671667,1,1,2020,57,0.5400000214576721,0.03306427900712313,0.09038432325687376,0.4639685355034727,0.016405674485366412
-81.266183,26.13157475,1,1,2020,235,0.28999999165534973,0.013719613508834678,0.044966034675048165,0.11843808450775553,0.8670352658946555
-82.66796944,32.18117222,1,1,2019,106,3.240000009536743,0.14532851191341667,0.5255722098440347,0.32224701769469527,0.2590259383119551
-82.165579,35.289076,1,1,2017,328,1.7599999904632568,0.16730000789702293,0.2561641067097817,0.5774840085287846,0.0038253178551686026
-79.976474,34.871399,1,1,2020,323,1.409999966621399,0.06408527011786563,0.07209619562471581,0.3975744518191612,0.0875099116402936
-82.5607,29.3401,1,1,2018,6,0.6499999761581421,0.30037921796968126,0.0597944407878082,0.06437217128380615,0.0016130205549423251
-83.45380833,31.102375,1,1,2020,85,1.3899999856948853,0.08671843383245649,0.09715759660125427,0.14639189599352492,0.14172210137596117
-80.029022,33.413868,1,1,2018,23,2.5999999046325684,0.059173504627274484,0.2067551144419688,0.30724534191909436,0.2453040035640597
-83.3564,35.4831,1,1,2018,328,1.2300000190734863,0.13627591260703803,0.3439789782202235,0.8403091666587699,0.0
-86.902,33.59,1,1,2020,174,3.759999990463257,0.5190445040655031,0.2936239065581231,0.47370300496455936,0.0
-82.8429,30.4758,1,1,2019,77,0.5,0.02554924553836814,0.10430471951034447,0.11893047316696813,0.5153200612170045
-81.9122,29.6493,1,1,2018,117,1.7100000381469727,0.6126342088202277,0.9603463992707385,0.1515820432946981,0.030496038962065753
-93.0649,31.6969,1,1,2018,70,1.2999999523162842,0.06653095157563324,0.024439609371046906,0.06445729242071258,0.15595118050001738
-80.178711,34.703251,1,1,2017,59,1.8399962186813354,0.08167494937176764,0.1123146226653844,0.3716538766535135,0.15425735254626055
-83.85575278,31.76108889,1,1,2017,78,0.4518125057220459,0.03869582947407686,0.04884097580726793,0.3122441431502281,0.36552243005130586
-82.32398889,32.408025,1,1,2019,46,0.550000011920929,0.08565278682099484,0.20146761133603233,0.3221706671049554,0.40711544904577374
-82.7141,30.1586,1,1,2018,52,2.319999933242798,0.21686042098871616,0.4324406419278084,0.38573660375449037,0.06048234073774219
-78.275453,35.965676,1,1,2017,104,0.9961328506469727,0.09215866488533461,0.07754483455418035,0.31322386353228027,0.15619186588212253
-87.497,33.972,1,1,2019,79,1.0700000524520874,0.08017062959159492,0.10928491959138258,0.5059262185006714,0.06709218737657004
-89.9802,30.4933,1,1,2018,134,1.6100000143051147,0.19187680827180595,0.3798076923076921,0.5643673617808416,0.19043493383503818
-84.1021,30.4446,1,1,2018,59,0.6399999856948853,0.0649182276976006,0.08109885662248306,0.4408494706618945,0.3234812360076397
-87.249,33.877,1,1,2019,161,2.2799999713897705,0.20486975644898303,0.15934844192634562,0.6578342033088554,0.0016114558713868619
-80.8247,25.4761,1,0,2018,190,0.2199999988079071,0.0,0.0,0.0,0.9991928464034185
-89.09583333,32.92444444,1,1,2019,260,1.75,0.042464562822964236,0.07556522178948964,0.5332848722365324,0.1460406757162498
-80.442596,36.31587,1,1,2020,90,0.949999988079071,0.1441211018907962,0.22682027184073564,0.5898664948909355,0.0
-89.01970537,31.01784567,1,1,2020,310,0.5699999928474426,0.04764042670241491,0.07260675976522969,0.7772237784789717,0.09780072466059202
-81.05938,35.772595,1,1,2017,29,2.256530284881592,0.09527133741866192,0.14682700080840744,0.45297870996272627,0.0
-78.593085,34.393977,1,1,2019,145,0.6100000143051147,0.034889267246417104,0.043916523148617166,0.45602120206082036,0.19300761593692453
-79.084124,36.064536,1,1,2018,66,21.309999465942383,0.49094906142509254,0.5657050472389227,0.4365928925416222,0.0016108807095455739
-88.339233,35.503767,1,1,2017,54,1.2563813924789429,0.07650419934490847,0.07534004146230468,0.6635407157995812,0.005906562601667102
-81.784981,33.451584,1,1,2017,47,1.5917060375213623,0.08000316005688103,0.11595594179466454,0.42240164322957824,0.12717016906304313
-81.453178,35.092476,1,1,2018,34,1.0499999523162842,0.0900592960918916,0.22083564896680646,0.7548484111364193,2.0218166654556837E-4
-79.760742,33.514927,1,1,2018,58,1.2599999904632568,0.08784994170929203,0.09896176247151174,0.1540138444380554,0.3467554665310234
-79.200859,35.292787,1,1,2020,92,0.8399999737739563,0.058190145293746075,0.11608992169739833,0.7079153506001266,0.09071067593177516
-78.982651,34.014229,1,1,2018,93,0.7200000286102295,0.06492000707678312,0.0931315483119907,0.07749077490774908,0.39817014608502255
-87.673767,36.152767,1,-1,2019,262,0.6800000071525574,0.0654821309010978,0.08261287223823247,0.6871644411879885,0.0
-92.2458,31.5267,1,1,2017,28,0.15553706884384155,0.01943886825258832,0.09742395870236348,0.21122579625385288,0.4733233225322059
-85.7072,30.7144,1,1,2019,267,0.4699999988079071,0.05268499664849686,0.11034622393196998,0.4111219314775699,0.24262036955064548
-93.0602,31.8337,1,1,2018,204,0.3700000047683716,0.06127048856433845,0.0,0.028346531367063405,0.2631450835348602
-81.6135,28.0445,1,1,2019,148,2.059999942779541,0.24954916762106027,0.1850782555842577,0.006454021424820139,0.05944659930018157
-85.329,33.393,1,1,2019,256,0.4099999964237213,0.07881863686924859,0.07298937784522001,0.6698983719284048,8.058195975326114E-4
-81.2452,27.0535,1,1,2019,78,0.25999999046325684,0.023400195555386805,0.09169068932382538,0.37249503991798094,0.28614689437161234
-86.101,34.023,1,1,2018,108,3.3399999141693115,0.4607431749241657,0.5325713129678337,0.3696694893832152,0.07617226996966632
-81.2603,29.4811,1,0,2017,186,3.5248961448669434,0.510942649133127,0.6220500354502178,0.2170091779097642,0.21802121482381068
-80.082413,34.477791,1,1,2019,99,0.7799999713897705,0.051851571087442636,0.07270704823541307,0.4789605680425523,0.04726528446348023
-80.374355,35.576394,1,1,2020,71,1.090000033378601,0.11229395821355696,0.145397595230878,0.4162312595952769,0.002375522014644842
-80.168722,34.861881,1,1,2019,243,0.6700000166893005,0.05786382492046288,0.10869125821121783,0.628053924093024,0.026229073136209813
-79.716667,33.533333,1,1,2017,59,0.328912615776062,0.022311905266052104,0.0,0.40654756449436397,0.23062482815724536
-82.81583333,31.54388889,1,1,2019,135,2.940000057220459,0.28104835522675903,0.5359817813765182,0.15951059894721867,0.283315154676657
-82.320925,31.52620556,1,1,2017,60,0.2996799051761627,0.02709503652819358,0.0,0.3408265392895418,0.3290793504272423
-78.70748,34.008708,1,1,2017,127,0.4691925048828125,0.024572632696323583,0.008760824429027194,0.48050585882583374,0.2290170630996648
-89.59739452,30.77853987,1,1,2017,355,0.3799999952316284,0.04869057141863459,0.06136800566629566,0.4905164046123252,0.23154579917352508
-86.487,32.594,1,1,2018,59,1.2200000286102295,0.075629614645494,0.13259472858805077,0.5689415393951649,0.035956306260746404
-80.358283,35.25515,1,1,2020,6,1.690000057220459,0.10724598305395318,0.14085717173759224,0.40788351330346834,0.0
-79.575294,34.676613,1,1,2020,59,0.9100000262260437,0.0402872651673607,0.03865198059822152,0.16866244131158725,0.28795394657853657
-88.01,32.655,1,1,2019,335,0.3700000047683716,0.036558616417400984,0.02579666160849772,0.2785528262051354,0.3677385301963363
-79.106155,33.673637,1,1,2017,42,7.250135898590088,0.07419202977538925,0.3334177343393932,0.244149344555976,0.528383617216899
-85.06693333,31.27741389,1,1,2019,307,1.0199999809265137,0.057665313555142435,0.13847400131638904,0.5391327440342958,0.18363746727872826
-82.45350833,32.61963056,1,1,2017,120,0.45584598183631897,0.04868690125130774,0.05461908377625919,0.21944505023878838,0.24753072957656566
-89.9035,30.594,1,1,2017,323,0.6899999976158142,0.07062748011952003,0.07373108648347755,0.34396787504149995,0.19262643669074986
-85.141,32.361,1,1,2017,302,0.44999998807907104,0.0046054835915817945,0.0,0.4004905772501121,0.24513057826161164
-82.68243889,32.11737778,1,1,2017,15,0.2361273467540741,0.04830649112547616,0.0,0.4598188743658237,0.12087370201198028
-78.562624,34.739773,1,1,2017,251,0.394038587808609,0.023967495703164487,0.05026267932915741,0.3967622080679405,0.4780513850975632
-82.98456389,31.60074167,1,1,2017,88,0.2784958779811859,0.03426734153844208,0.03868129645547859,0.33997982972238994,0.18210788885481513
-85.54972222,34.81638889,1,1,2017,231,0.5039563775062561,0.11114937227125969,0.12856420626895854,0.6572765355186426,0.0
-88.84261736,34.78749686,1,1,2017,48,0.690669596195221,0.047492986934216185,0.06583737864077668,0.6139402057165964,0.09871363946523794
-81.3268,29.399,1,0,2020,129,0.5,0.006483156443308751,0.0,0.57496110106134,0.2442505471151536
-79.439096,34.950234,1,1,2020,280,0.7400000095367432,0.16962176434175116,0.2769775082132929,0.6301716841214292,0.04821430827343126
-79.99857,34.920915,1,1,2017,363,1.0099999904632568,0.03419483855069992,0.11731420199060277,0.664944919899286,0.05432821863972528
-81.831406,33.567291,1,1,2018,88,8.609999656677246,0.39830749492817286,0.3013622322378083,0.3961618434274808,0.02080555151775613
-83.56802778,32.41566667,1,1,2017,97,0.5575413107872009,0.021806193856715683,0.03555353259495271,0.4715182471600422,0.38512791660608475
-93.2004,30.6869,1,1,2019,337,0.41999998688697815,0.028019919373962532,0.09035687167805621,0.4545948936842937,0.06502885147419177
-81.72777778,31.8525,1,1,2019,141,1.3799999952316284,0.0676255354122872,0.11672817349982301,0.3189935039276739,0.34243942531097366
-77.696221,34.812135,1,1,2018,73,0.46000000834465027,0.04165837542127426,0.025778406793368385,0.43334312489932103,0.18982056165685945
-79.533822,35.035174,1,1,2017,30,2.736107349395752,0.17534923548946676,0.48254433385540346,0.38062165655008084,0.07961716017277715
-84.36578611,31.28457778,1,1,2019,77,0.5199999809265137,0.03437504939852357,0.06582342524664811,0.2169994151214808,0.019734117386699546
-78.5128,36.0568,1,1,2018,61,3.2100000381469727,0.2925682269673781,0.20287144229310958,0.5509890186244382,0.009042185284261928
-77.732747,34.92199,1,1,2019,84,2.2200000286102295,0.07703048491549515,0.14388452772853888,0.18151634812825776,0.19330279576686143
-93.57,30.6837,1,1,2018,43,0.33000001311302185,0.054763290034529434,0.015488181404059324,0.587980471269747,0.1489445126038729
-86.486,32.538,1,1,2018,131,1.350000023841858,0.07341256044754894,0.09387011936071214,0.6576724928095076,0.03258952558551157
-88.105,31.114,1,1,2019,151,1.8899999856948853,0.07305598239523466,0.04686946398744749,0.5664731660121798,0.04298749834006796
-81.48145833,32.17831667,1,1,2018,64,1.7899999618530273,0.2242976768886937,0.4677631578947368,0.23594326411521685,0.3600901553061077
-87.12,31.221,1,1,2018,60,0.7300000190734863,0.044004577816558546,0.11970655198583356,0.4571967828825069,0.23699685117037825
-80.58425,25.61419,1,1,2018,62,0.75,0.06087446323071036,0.07753509349820098,0.005648537550908041,0.9003927078487773
-77.937233,34.429367,1,1,2017,65,1.0143189430236816,0.056713145774234135,0.07156242086604205,0.27701400691184574,0.4409713227907684
-79.201257,35.747401,1,1,2019,37,0.5899999737739563,0.11852696623534172,0.15624368559304908,0.7934062879094218,0.0
-78.295567,34.318212,1,1,2019,34,0.4300000071525574,0.07960450460410974,0.0779049741667511,0.3745676243425522,0.1775875412632477
-84.44805556,31.26138889,1,1,2018,300,1.7599999904632568,0.06662198433800072,0.14479477706361654,0.2713661095075354,0.010976677721327696
-82.44083333,33.95861111,1,1,2017,28,0.6158139705657959,0.07225459095332584,0.15900131406044676,0.6919353411776601,0.018250066352388055
-85.3602,30.5261,1,1,2017,275,0.7200000286102295,0.13544611181726768,0.2850561911511592,0.224440818804424,0.2554526885596301
-87.094,32.372,1,1,2019,204,1.0299999713897705,0.07763498094052054,0.1682261898740579,0.19110684055149227,0.419283262426591
-80.517779,35.06958,1,1,2020,115,1.9299999475479126,0.12321548731136049,0.139196921363107,0.30781599972199664,8.055777572083411E-4
-88.456467,35.968733,1,1,2018,191,0.8600000143051147,0.04240649851875715,0.05718185954800546,0.6867597733603685,0.034248608768705044
-77.874543,34.599797,1,1,2018,31,0.5899999737739563,0.06696366508688785,0.11636014551333873,0.3387140600315958,0.2791374407582939
-81.9212,29.4387,1,1,2017,79,0.6219854354858398,0.16211275401280933,0.16832034018426645,0.5591302285126909,0.26544160670514744
-85.07509444,33.715975,1,1,2017,79,2.2035610675811768,0.08632343321925932,0.14467030744336565,0.7492550424854887,0.0021961631923048987
-81.837775,32.09604722,1,0,2017,90,0.4560069441795349,0.05770288467009311,0.11705787130716305,0.21599939310030905,0.22623766444768967
-88.08,33.638,1,1,2017,123,1.0609654188156128,0.0702627545780601,0.051580278128950705,0.5092667203867851,0.15614542351993174
-83.48285,31.43811667,1,1,2018,125,6.630000114440918,0.3713967766206998,0.2796314110677941,0.08223474142782172,0.19973823479201047
-83.49338889,31.50538889,1,1,2017,295,1.5700000524520874,0.10081090052637401,0.10748773952171493,0.40610151273256073,0.08326509966331029
-86.514,31.642,1,1,2017,75,0.21618148684501648,0.03787028636638081,0.08801213960546284,0.7896681766310623,0.0038344455227395597
-87.862,30.774,1,1,2018,18,1.0700000524520874,0.04880053878526691,0.07743698754934712,0.6297368995184454,0.18343045591225146
-78.801572,35.136644,1,1,2019,43,0.9900000095367432,0.0641531487419248,0.0515140791668773,0.1312884016995467,0.3907883306218509
-83.09192778,32.21041944,1,1,2019,262,0.550000011920929,0.07136241651046132,0.10497042018506347,0.23320805292754718,0.25890054590225614
-79.934094,35.191039,1,0,2019,210,0.1899999976158142,0.022527017894025413,0.06133791430881164,0.644769171493358,0.11919138964508805
-82.3343,26.8909,1,1,2020,20,1.0700000524520874,0.11900527801334063,0.2247065965196277,9.99911400255674E-4,0.19328034224815527
-79.134222,36.536803,1,1,2020,139,0.8799999952316284,0.059281858866854255,0.04769844878985396,0.49106666287667017,0.0
-81.9591,30.1737,1,1,2020,40,1.090000033378601,0.047897469627305976,0.05178435839028094,0.5668610350432265,0.16795261796495034
-93.3956,32.6804,1,1,2018,235,0.38999998569488525,0.03304424230547988,0.07629648368327852,0.5378578607685356,0.17144446481285996
-80.416178,34.951641,1,1,2020,205,0.9900000095367432,0.06763330806166289,0.09120834599412538,0.2848148850138995,0.0
-87.875,31.03,1,1,2020,84,1.0099999904632568,0.05958437008956942,0.01290094100981483,0.17556617165837793,0.6670439563566463
-81.20272222,32.31865556,1,1,2017,117,6.902613639831543,0.27019082147745205,0.18179056106947544,0.31529321772992935,0.2224364586922232
-90.098,29.9973,1,1,2019,100,12.199999809265137,0.9500186580144075,0.8447481650215137,0.014515302734189703,0.0024192171223649506
-88.9497,35.121683,1,1,2018,333,0.5299999713897705,0.04734753959579748,0.11876832844574775,0.7880843025643287,0.005208892707550207
-82.47501389,32.05391111,1,1,2017,76,0.3082309067249298,0.04155959097877453,0.07838768482884345,0.4379593191408659,0.22537575269072127
-79.746307,33.754662,1,1,2017,57,2.618882417678833,0.045696205732492126,0.1289637384311941,0.13833082573679087,0.545389604642636
-84.475525,31.17834444,1,1,2018,20,0.3700000047683716,0.025159897185240466,0.06454715739381357,0.4954330897858663,0.05213138284586959
-90.2161,30.8655,1,1,2018,145,0.8199999928474426,0.059660105920480634,3.541076487252125E-4,0.2753711169077545,0.3828851474191765
-86.905,34.307,1,1,2019,25,0.6800000071525574,0.09423369172003504,0.17258292880258902,0.6783587300283405,0.015307524856956004
-92.849763,30.00694,1,-1,2017,72,0.3381206691265106,0.0016128930240795435,0.0,0.0,0.7009032200934842
-79.231526,35.375921,1,1,2019,207,0.6100000143051147,0.16747091444235318,0.13519931288839482,0.4673490140595985,0.03701855664893953
-92.57333333,31.20666667,1,1,2017,210,0.4344000220298767,0.024440214745069282,0.001416860641635462,0.5980454151674776,0.37590188502665356
-80.323311,33.722351,1,1,2020,310,1.940000057220459,0.05913919026113779,0.09826706411357548,0.13256621674151378,0.4199283870009452
-80.22296,34.998792,1,1,2020,189,1.4800000190734863,0.13598433403872281,0.09564513681654944,0.5303622753545376,0.021316446100881226
-84.92897222,34.28146944,1,1,2018,4,0.6899999976158142,0.039625389823974885,0.062307186567541625,0.7760712062662514,0.0024171456195949915
-76.574152,36.26189,1,1,2018,120,0.8700000047683716,0.05230597241170231,0.07481687294771405,0.11268063766358451,0.14956609064726398
-83.53881944,30.89286111,1,1,2017,76,0.40845903754234314,0.02612258835581356,0.02601477882376759,0.2097743124719393,0.1358393565154706
-78.053463,34.277427,1,1,2020,64,1.6200000047683716,0.20536941594329755,0.2258993532740501,0.3274547413725001,0.33270660654302775
-82.385,31.18222222,1,1,2018,19,3.890000104904175,0.4115591950297995,0.4260429835651074,0.12104589215422805,0.1945555432600346
-81.8285,32.18686111,1,1,2019,149,1.2100000381469727,0.07308307466668355,0.07723453790869521,0.1661208853037306,0.3995625320040714
-84.54783056,31.30778056,1,1,2019,277,0.28999999165534973,0.018453474292543046,0.0386891215293582,0.1039458251266957,0.2273062100667385
-79.257926,34.922899,1,1,2017,135,2.334102153778076,0.07462399009519476,0.21696491760186024,0.13179770951379277,0.35437472758627203
-89.33722222,33.63361111,1,1,2020,320,0.44999998807907104,0.022561879271826416,0.033734574145255915,0.7106833974271878,0.006177657419666757
-82.26194444,31.165,1,0,2019,207,1.5299999713897705,0.056308150471210475,0.07294355859276133,0.41078615169152083,0.2780473771232924
-81.4123,26.7139,1,1,2017,160,1.4525723457336426,0.07445556209535018,0.18803548795944236,8.069262754181772E-4,0.28255393748378227
-80.362205,35.12758,1,1,2017,163,1.0662175416946411,0.07205388481867261,0.12794867909279187,0.3480303418033846,8.435299358348573E-4
-82.0857,28.4616,1,1,2020,39,0.5,0.04836138175376443,0.1516947864417085,0.5084683031760094,0.4013191193217769
-82.814665,35.786004,1,1,2020,66,0.4300000071525574,0.054921939402361834,0.09029356778333583,0.854996478350541,0.0
-80.388485,35.901091,1,1,2017,364,0.800000011920929,0.039983955885000366,0.08843916013154568,0.4089322767799338,0.0016107280806753699
-93.2919,32.3711,1,1,2019,77,0.550000011920929,0.048660831413010155,0.041333603156936134,0.6919611952470817,0.06502862308876477
-85.959683,35.237233,1,1,2017,80,0.32718223333358765,0.0408858872139599,0.08445860516866434,0.6651830277605794,0.0
-82.5085,29.3384,1,1,2018,23,0.949999988079071,0.30075242664709967,0.5720504125120209,0.2238999041676024,0.017256157152481057
-81.3573,27.077,1,1,2017,65,0.20219355821609497,0.023093058794124082,0.0,0.006454286880396373,0.16300238239118683
-86.263,34.63,1,1,2019,262,1.3799999952316284,0.09364791517916383,0.048589341692789965,0.5199035782210626,0.009850691570360733
-75.835667,36.120167,1,1,2018,26,3.440000057220459,0.2135596110667243,0.3388450647249191,0.0997186265438434,0.44196475094817494
-86.8985,30.8354,1,1,2020,340,0.44999998807907104,0.03201593524724926,0.058493143753478714,0.6399519413178196,0.19166245099279108
-84.25134167,32.2269,1,1,2019,85,0.6000000238418579,0.029877827124591045,0.10091093117408906,0.6276556400246558,0.078117937127594
-82.9394,30.5692,1,1,2019,275,0.30000001192092896,0.07271824643950317,0.15895514832438995,0.6397510814297641,0.2660317219397434
-84.41375,34.94146667,1,1,2019,319,0.8299999833106995,0.11459919504135359,0.1952884080683484,0.722595707308443,0.0
-81.682,29.5756,1,1,2018,32,0.9599999785423279,0.18297480724347104,0.08746709860295603,0.11495183458675157,0.4838236317290849
-81.682686,33.601021,1,1,2019,257,2.809999942779541,0.12194158558820474,0.1621744627054362,0.32561468481307493,0.2284532472990525
-82.89025556,32.16565833,1,1,2017,19,0.17411185801029205,0.04135609293504032,0.03883298781412753,0.4552015173067806,0.2038817765133555
-90.36256437,32.84079894,1,1,2020,37,2.309999942779541,0.11612207940787003,0.2383868029551664,0.7684827300682331,0.0016117970905482324
-84.23771389,32.13461944,1,1,2020,341,0.7599999904632568,0.02567976785793312,0.0387243735763098,0.4451886786488729,0.05382509688391004
-79.468957,34.920104,1,1,2020,99,0.75,0.0628482268069892,0.11015020482476105,0.41827961744008335,0.2237748101729608
-80.403005,35.130235,1,1,2017,359,2.390000104904175,0.06695269207195707,0.1997574410025771,0.21307839581450883,0.0
-81.8361,27.5634,1,1,2017,145,1.662969946861267,0.16239927359932163,0.14533589639821934,0.008067603352326475,0.09553307875562754
-79.635872,33.508759,1,1,2020,71,1.5800000429153442,0.04448993905617638,0.13744555859414562,0.3151418073366381,0.47166222778267486
-85.714,32.826,1,1,2017,84,0.6708066463470459,0.11019456138354768,0.0774134790528233,0.6283770116686265,0.11495429893427396
-81.98220556,32.84236389,1,1,2019,210,0.2800000011920929,0.029952118329356365,0.0,0.2717624563455064,0.23230037451999816
-80.03777778,35.30694444,1,1,2018,239,0.41999998688697815,0.0241699573527089,0.03874791065187662,0.9123550781867004,0.0
-81.5692,26.8309,1,1,2020,43,0.41999998688697815,0.008534999193020101,0.014245880861850444,0.11607219147259595,0.3051776463402671
-82.31023056,32.09208333,1,1,2019,363,0.7599999904632568,0.06035853488144204,0.1627989281561252,0.3215149378996851,0.26855343725007375
-93.00404644,31.00038553,1,-1,2020,84,0.33000001311302185,0.026359304799815353,0.009663057775978956,0.694447693995567,0.09954692474777338
-83.44968611,32.15768056,1,1,2018,259,0.3499999940395355,0.034453656670891765,0.025800576718773713,0.13518476958722006,0.26696842591041464
-85.421,30.4376,1,1,2020,129,1.7699999809265137,0.10503048394849356,0.18769604371142362,0.26794568544612823,0.23197842090617027
-89.15361111,30.39611111,1,1,2020,288,1.1699999570846558,0.13105661749592884,0.0,0.0569811380417082,0.7462220746573069
-81.528664,33.485966,1,1,2018,17,2.6600000858306885,0.10245755293835111,0.14290780141843967,0.34307148296903506,0.029486211222519633
-80.87402287,25.48777459,1,0,2020,186,0.2800000011920929,0.0,0.0,0.0,1.0
-78.07705,36.418531,1,1,2020,100,0.5899999737739563,0.03992193100747527,0.07092700176812324,0.541922606847459,0.03151814504031352
-82.77483056,32.57883333,1,1,2017,66,0.95002681016922,0.05276665412951618,0.04768413059984813,0.4583129209559001,0.12156084363434087
-78.736879,35.293239,1,1,2019,360,1.7100000381469727,0.03968477076390973,0.10485259852091988,0.349095848007707,0.39535052669814746
-88.25579702,34.93310019,1,1,2017,99,0.7532274723052979,0.08065280436719297,0.09356991204124959,0.5687238976186412,0.09847666344434544
-83.15513333,32.90316667,1,1,2018,20,0.6299999952316284,0.039034179795521685,0.1259476397452744,0.671226079673846,0.09806425106268664
-78.037219,34.751227,1,1,2018,17,0.7400000095367432,0.11398726420458136,0.03429237159355687,0.21450276068581262,0.20556369792916981
-78.090088,33.970919,1,1,2018,92,0.6000000238418579,0.08182826237359457,0.025831940434584415,0.1343143542226757,0.765742826363725
-93.0258,32.4089,1,1,2018,170,0.6800000071525574,0.04073808342314948,0.11610259523448171,0.7903106006251834,0.023638771504518197
-79.316789,34.770961,1,1,2018,71,4.920000076293945,0.13579997282926343,0.2198474053862867,0.04560892463911889,0.3809210879668388
-84.69217222,30.92652222,1,1,2019,147,0.9200000166893005,0.02103812092335031,0.07293248304484257,0.26467435809069756,0.047991830101523046
-80.4716,25.4328,1,1,2019,18,3.7300000190734863,0.286695447409733,0.17419485517520764,0.004035423102243378,0.5748689674380917
-79.921448,33.333893,1,1,2018,60,1.940000057220459,0.08244474985387738,0.06189535531580814,0.29617869611234854,0.45582989747721264
-80.456456,35.518757,1,1,2018,107,1.6299999952316284,0.08633041258931218,0.15418502202643175,0.540124958147233,0.0
-80.038836,35.739782,1,1,2019,145,0.6399999856948853,0.07763823142098338,0.11164459718993226,0.6909471011586527,0.0
-80.779275,35.766598,1,1,2017,136,1.4408321380615234,0.14878624984997882,0.0697297844347738,0.5608485828527392,0.004026883792029611
-79.806636,35.967033,1,1,2019,5,1.7599999904632568,0.19998041389855037,0.2019196766860319,0.5240514166753543,8.055573983339181E-4
-83.54651111,32.16385556,1,1,2019,264,0.3400000035762787,0.04592825330395779,0.08711066092681694,0.2305958661411101,0.1075062507309641
-81.99442778,31.51683056,1,1,2020,125,0.6100000143051147,0.062343516855921696,0.12977215189873417,0.16140525024657948,0.3910118611061935
-76.955266,35.951498,1,1,2019,34,2.0799999237060547,0.07981635733276074,0.21077094068909769,0.3499156936173437,0.41503684852005973
-86.881,32.812,1,1,2019,281,0.5299999713897705,0.024369585897180652,0.025801882019629657,0.3582749455626876,0.17294789503790872
-79.069301,35.95041,1,1,2017,23,9.365606307983398,0.48232414936449075,0.4153698464025869,0.47119602115733833,0.0016104839346333002
-80.444843,35.626061,1,1,2020,92,4.260000228881836,0.46898111729266817,0.38613511191955946,0.38314804459566654,0.005639222450739737
-89.45717832,32.62229144,1,1,2019,79,4.059999942779541,0.08404341394960747,0.13234847718304157,0.49400750957660655,0.0350415302342634
-77.956107,35.884924,1,1,2018,37,2.700000047683716,0.1531641651505964,0.1634337807039757,0.07583826056195678,0.2581994137861331
-84.25984167,33.58651111,1,1,2020,211,7.900000095367432,0.5641921783755088,0.496207140689795,0.31528553732588427,0.06286813964658593
-79.484635,35.285932,1,1,2018,91,0.8600000143051147,0.07117879514418654,0.1762650053183406,0.6571774241950411,0.03655759092014693
-86.923,34.855,1,1,2017,28,1.3475922346115112,0.16268761866851167,0.16546180678428796,0.201561922453583,0.03836250880634879
-80.027802,33.544472,1,1,2018,240,0.7900000214576721,0.0464952414656033,0.09311392405063292,0.2732871172002374,0.2690341375867341
-93.252,31.253,1,1,2017,36,0.43930816650390625,0.03478953658212721,0.049822964087000515,0.7286928315344201,0.14204778977053575
-89.05584855,30.42955266,1,1,2019,103,16.3799991607666,0.7690870227849058,0.7306855552744749,0.017795372191410908,0.13336410950414523
-82.2795,27.0565,1,0,2017,93,1.3335118293762207,0.33245052810105113,0.012520275750202755,0.13182908384434786,0.4520817116928978
-81.9858,27.7388,1,1,2017,133,1.2288047075271606,0.05282673829614229,0.0161535345351428,0.008574022925228821,0.3009197300606507
-85.263,32.906,1,1,2020,92,0.550000011920929,0.013763439500913357,0.04106402346515626,0.5697495085614604,0.1691496691085843
-82.4586,29.2913,1,1,2020,73,0.6600000262260437,0.06202616921748542,0.060316013369796424,0.3430368817071669,0.11386171494719673
-79.485954,33.42522,1,1,2019,143,1.8300000429153442,0.09230978312400046,0.18714632174616005,0.5654705090359733,0.20556444017420872
-81.9548,29.7223,1,0,2019,182,0.75,0.08216214848642012,0.1887184161223353,0.47734374011713904,0.23270104110004913
-76.408204,36.41381,1,1,2020,8,0.5199999809265137,0.06096155364332516,0.08671017352152577,0.14913081234704345,0.09481961001026286
-86.926,31.285,1,1,2017,54,0.8164926171302795,0.032246846448104736,0.06581676531593059,0.5409629793556958,0.1868167304226868
-80.736954,34.447357,1,1,2019,256,0.2800000011920929,0.03238707802341522,0.12678336537488613,0.7876296020167681,0.0020155048555344237
-79.394926,34.856046,1,1,2017,23,0.9574647545814514,0.07796376687961683,0.09139594806244632,0.14199414861013693,0.3026103770544634
-83.0124,35.907067,1,1,2018,100,0.6700000166893005,0.04907330200121285,0.0,0.7088576409945417,0.0016108247422680407
-93.5319,30.7668,1,1,2017,84,1.387961745262146,0.15517944599546604,0.048744685158939045,0.5808479222458652,0.12638841023273756
-79.218439,34.519026,1,1,2018,83,0.47999998927116394,0.03942092907897773,0.04870900914557121,0.1474596138474031,0.3556761777780588
-81.2457,29.3165,1,0,2017,122,0.4602777361869812,0.0,0.0,0.42170820193764447,0.427249752496386
-79.155187,34.513507,1,1,2019,264,0.6499999761581421,0.0711803690904152,0.07736259291095715,0.0681572646116717,0.1898522248406317
-81.459257,36.164257,1,1,2017,127,0.48219266533851624,0.03143613291982746,0.08826352750972564,0.9189463179237118,0.00724793299688608
-83.54777778,31.64086111,1,1,2019,209,0.28999999165534973,0.05997104344747356,0.01290747114800567,0.0754925142886045,0.1963861210864397
-77.841062,36.401782,1,1,2018,30,0.550000011920929,0.031254243496988916,0.023995958575397828,0.5383106855596368,0.027341541901276148
-83.17306667,32.55433889,1,1,2020,151,0.7099999785423279,0.0760784363305351,0.094985071605688,0.17029306159603533,0.2631517396581372
-80.388847,34.563236,1,1,2019,98,0.75,0.06381876204619423,0.041887726744479825,0.4596416948402797,0.13872792189326688
-83.6972,30.0881,1,0,2020,228,0.2199999988079071,0.10375675932074764,0.2266538442071165,0.45098188027701375,0.376245138032445
-80.5939,27.1553,1,0,2017,90,0.3588743209838867,0.05637159486892207,0.007891541885876166,0.0419550761654276,0.5053947214336133
-81.7862,30.5275,1,1,2020,34,1.3700000047683716,0.43351725664416396,0.3703310051624658,0.3528228802706679,0.10152566757837829
-81.9721,29.629,1,1,2020,81,0.9399999976158142,0.3925143498679652,0.43850592165198904,0.24190003320630593,0.07175724609035275
-80.408852,34.025906,1,1,2018,29,1.4700000286102295,0.19334216073240018,0.16699509878227475,0.045294669746775824,0.1905928156769551
-84.25527778,32.48888889,1,1,2019,86,0.25999999046325684,0.15486222177268957,0.17281012658227843,0.6387232993444552,0.002459083754243341
-81.054,27.3993,1,1,2019,178,0.33000001311302185,0.016597470982114615,0.08449132772086416,0.0031960811614748833,0.30980152652430937
-81.007085,35.376321,1,1,2019,86,2.859999895095825,0.21151045500352247,0.47134916624557843,0.5605960568256851,0.0031843612480927023
-89.75638889,33.05027778,1,1,2018,116,0.6100000143051147,0.04602238072514559,0.04255642141483655,0.5216364917691895,0.07138635982972695
-78.653314,36.251964,1,1,2019,306,1.4800000190734863,0.08536704766897965,0.0806304940891179,0.5196686258965768,0.005097577229558368
-80.377693,33.654701,1,1,2018,87,0.7699999809265137,0.04391606800274336,0.08900232487617508,0.10995609973482848,0.22116378370348835
-85.50040278,34.90562222,1,1,2019,338,1.1100000143051147,0.1303481109633313,0.13970885564092192,0.6771056780092057,0.0
-89.15918,36.20533,1,1,2020,271,0.5799999833106995,0.03807842443689283,0.03830410834301885,0.0019738753647721673,0.01549729026389924
-84.40727778,34.8737,1,1,2020,99,0.550000011920929,0.09433401988905597,0.184806797491402,0.8426123655846046,0.0
-88.78395904,34.92572039,1,1,2019,89,0.8799999952316284,0.06405052014392808,0.05278058645096056,0.5008608516270884,0.24942267656935624
-84.67649722,32.77578333,1,1,2017,87,0.4109994173049927,0.09756166937943454,0.038679340681565366,0.7375673582907982,0.00241778732953019
-85.0734,30.4439,1,1,2020,14,1.600000023841858,0.21564262767814252,0.38308105097959794,0.20720347557736588,0.3873409556572993
-80.808052,33.212631,1,1,2019,145,0.47999998927116394,0.030579899310087647,0.06410709775195755,0.1585186636621926,0.44765293900138114
-84.90866667,31.65903056,1,1,2017,77,0.4657474458217621,0.03284627689506263,0.05583961929833441,0.6877896573744476,0.04523555111563533
-80.9957,28.0969,1,1,2017,43,0.5642136931419373,0.049974689951910935,0.14171515304831772,0.4322450012655025,0.20005378385218947
-79.319203,35.952134,1,1,2019,142,1.090000033378601,0.14295323844382904,0.2135234916300006,0.4941907285353817,0.004831848513653921
-90.375,30.6373,1,1,2018,107,0.8799999952316284,0.03390018086842139,0.08457761805942195,0.37563715012078996,0.2238088612878338
-79.330533,36.328053,1,1,2018,101,0.6800000071525574,0.04865095277940039,0.05153337038346891,0.6847760534251116,0.0
-80.097481,32.986816,1,1,2019,281,41.849998474121094,0.5110768443238087,0.6517649438656824,0.12914611449390312,0.31079940974054504
-85.7302,30.7725,1,1,2018,2,0.4000000059604645,0.05371179591604431,0.054178470254957506,0.4281987719043073,0.3175721395551791
-81.85168056,31.15091667,1,1,2020,25,0.7599999904632568,0.06218245625128443,0.09467395706763868,0.2432950252138037,0.5314658783730383
-86.94,33.016,1,1,2018,283,1.2699999809265137,0.054096930778176656,0.10928408803440426,0.5342822470546593,0.0
-79.766352,36.449502,1,1,2017,321,2.2200000286102295,0.11727059358682362,0.15507400111127947,0.6387494590402663,0.002416550051016056
-80.314392,33.669601,1,1,2018,248,1.1699999570846558,0.03676879518681429,0.07382482416637147,0.29238396784468373,0.2838964305576621
-79.333769,35.57585,1,1,2017,331,1.190000057220459,0.07796083484126459,0.05153597413096201,0.6632560577782411,0.0021632102671959434
-87.635,34.25,1,1,2019,275,1.409999966621399,0.3006982401819849,0.12893765485159528,0.4404789738080947,0.005661748443967018
-89.39833333,32.57777778,1,1,2018,80,0.6100000143051147,0.05084231486456586,0.0,0.7300610006637372,0.029662757988558414
-83.264658,35.332161,1,1,2020,306,1.409999966621399,0.20268434751844755,0.1625872357641347,0.7306744667947037,0.0
-84.91860556,31.53022222,1,1,2018,15,0.27000001072883606,0.019935193234805974,0.1272515685083991,0.4564166600806133,0.024206117126373196
-81.81561111,32.47727778,1,1,2017,71,2.55794095993042,0.1728447349456996,0.1343879510765188,0.15680430357662106,0.279716676991542
-81.586453,35.402167,1,1,2017,275,2.069999933242798,0.16809281492922967,0.29377559791677194,0.38191081756357675,0.004027328980659347
-80.405556,34.855329,1,1,2017,334,1.1399999856948853,0.06628658064719907,0.11457332186757044,0.2967355769990049,0.0037587454002747968
-85.633167,35.30625,1,1,2018,72,0.3199999928474426,0.01047128687851413,0.05035898473050863,0.9427474887864047,0.0
-79.262133,35.230827,1,1,2017,95,0.7196130156517029,0.06796432441654374,0.05152556071933723,0.32010084702656094,0.349732559498798
-84.10992222,31.09051944,1,1,2018,22,0.6299999952316284,0.07463484034144795,0.07747227707732034,0.16421751501738843,0.14755611760986398
-89.9221,30.7345,1,1,2017,79,0.8565780520439148,0.06059925756818802,0.1399939265107805,0.4795641533178609,0.18108316627563573
-82.818825,32.90614722,1,1,2017,60,0.8385772109031677,0.06350736363061753,0.0367524392093423,0.4570539156816889,0.0817394602111118
-84.27930833,30.84090278,1,1,2020,334,0.49000000953674316,0.052092061454404065,0.09513934550604418,0.3104339055291891,0.33997856241719826
-81.88583333,31.85416667,1,1,2019,79,0.4099999964237213,0.06483928481108696,0.0,0.2923821506246523,0.3361394213747408
-88.042,31.172,1,1,2020,85,0.8399999737739563,0.052274149999683855,0.08770242914979756,0.48571582135608016,0.2577443770669062
-84.88361111,34.63888889,1,1,2019,6,0.8799999952316284,0.05766533129446858,0.1269215210355987,0.6494205664168641,0.008056464760075327
-88.85904531,30.6317256,1,1,2020,58,2.180000066757202,0.04054083965482894,0.08533252353477071,0.72872957701052,0.19360061217584873
-80.369926,33.168312,1,1,2018,102,0.75,0.08534546247625431,0.041295546558704446,0.3151122251266703,0.3927579154984782
-83.70861944,31.27813611,1,1,2017,248,0.9398688673973083,0.05428304958821395,0.06556298096395301,0.31785776386715375,0.12143658810325485
-82.53781944,31.56846389,1,0,2019,181,0.6000000238418579,0.05148558043377245,0.08573020052663559,0.22045198061585455,0.2502236510600904
-80.867397,35.961899,1,1,2017,267,0.6544325351715088,0.07874630052527018,0.11731956675776901,0.4466659717813388,0.0016108705333876617
-80.103168,36.4986,1,1,2019,364,3.240000009536743,0.08653439203572809,0.324288818149664,0.5881041267916138,0.0
-83.2429,30.5616,1,1,2019,53,0.44999998807907104,0.07015496890187407,0.0656683193362339,0.4929345437413242,0.09713935185624345
-82.820075,31.538275,1,1,2019,307,2.440000057220459,0.3605351847285187,0.47510877263988666,0.1613521255003129,0.2897357588633646
-85.835,34.249,1,1,2018,247,0.6499999761581421,0.0734130181328733,0.054372565879318165,0.4423801805388359,0.0
-80.870041,33.550674,1,1,2018,61,6.929999828338623,0.19821838245053,0.40210515662162843,0.26353277253566076,0.28249603417874325
-90.23916667,31.68194444,1,1,2019,75,1.2000000476837158,0.04561562121647978,0.07708660221693577,0.5777915464106543,0.15219748434432678
-81.182555,35.605147,1,1,2017,46,2.4561822414398193,0.11250829148109545,0.1312957817630715,0.37440222369626347,0.003872516503995705
-81.752,26.6256,1,0,2017,245,11.443339347839355,0.7030303222070702,0.4041571609632448,0.0064264220555058146,0.22073541556580067
-82.03691667,33.09686111,1,1,2018,89,4.670000076293945,0.30564246480965257,0.3965743734842361,0.13540777822022476,0.15580775040926345
-83.60136111,33.20752778,1,1,2017,41,0.3453477621078491,0.034506951006386885,0.03564746928249987,0.7404030604021753,0.06503196609665989
-83.6087,30.1324,1,1,2020,32,0.9100000262260437,0.19333426097516232,0.17683389864830662,0.5151258325058347,0.030400298532006792
-82.60001111,32.23930278,1,1,2019,150,0.47999998927116394,0.04665680492075834,0.032716423948220066,0.1429226169027796,0.24209005796936534
-82.591583,36.525117,1,1,2017,86,2.4167208671569824,0.19664775185279906,0.0,0.7572114701452237,0.0
-81.503032,35.37011,1,1,2017,52,4.118605136871338,0.15268226888075329,0.27337475375056824,0.2582451773490977,0.007546299659800556
-80.8158,27.3603,1,1,2019,2,0.699999988079071,0.23269785629318432,0.035987245027079014,0.050776998810457864,0.38331730404191244
-79.062406,35.739428,1,1,2019,351,2.609999895095825,0.10919088270499552,0.2247622901072223,0.764892034526213,0.004648974035859006
-82.65777778,35.40361111,1,1,2019,181,0.5,0.03349147788292672,0.08494384296266315,0.9423446245593644,0.0016109265038472724
-81.3397,27.0207,1,1,2017,57,0.3089311718940735,0.050984177215189865,0.09045811187041253,0.06372151898734178,0.2779082278481012
-80.680481,32.555862,1,1,2019,84,3.6600000858306885,0.07798089747722806,0.05646427305413481,0.2472329155051549,0.4911567076909464
-89.70083333,31.4075,1,1,2019,267,0.46000000834465027,0.04492168975612226,0.07440777485320915,0.6463835652817211,0.04540539856973946
-83.817583,35.073133,1,1,2019,76,1.090000033378601,0.12669244425911536,0.302190297941221,0.6364664480625739,1.2636074729745955E-5
-82.614963,35.862733,1,1,2018,36,0.23999999463558197,0.06828949363250454,0.10361725775487521,0.781000480088943,0.0
-81.154861,33.275921,1,1,2018,85,1.2200000286102295,0.058352084544788,0.09955025519227852,0.1769682451394331,0.3867216140368619
-81.9086,29.3893,1,1,2020,96,0.5699999928474426,0.13961034853564425,0.02581102282504175,0.4202447972673793,0.35850464925042697
-81.4131,26.7478,1,1,2017,342,5.409999847412109,0.7656022050842256,0.9334685598377281,0.0,0.16594461339822847
-85.5366,30.8049,1,1,2017,290,1.1299999952316284,0.1291671936259011,0.12002632378252506,0.13411534083723278,0.38314468192740603
-83.128825,32.8824,1,1,2020,201,0.28999999165534973,0.03734897494161261,0.0440499671268902,0.7387183530802317,0.04779392012540257
-82.119,30.97727778,1,1,2018,77,1.1200000047683716,0.05748667328523276,0.07791550720971413,0.4033425866789763,0.17486926224065863
-81.54187,36.006251,1,1,2019,335,0.46000000834465027,0.08786558019076497,0.3310916721444101,0.7137230749794709,0.00805381845745689
-84.12519167,32.077325,1,1,2019,310,0.8899999856948853,0.019146030762617047,0.10764011948762091,0.6285063124687856,0.11192067214990618
-80.159607,33.324703,1,1,2019,114,0.9300000071525574,0.06851384276039908,0.07448958965029312,0.2268057526220821,0.45220210651388715
-87.044,34.798,1,1,2019,260,1.1200000047683716,0.07768907310816324,0.029731506295191373,0.14102568152882353,0.10452372753379617
-90.72016428,31.36489956,1,1,2017,9,0.7898552417755127,0.032687528849376216,0.03872045351014829,0.6229315392446367,0.0
-78.811345,35.310067,1,1,2019,280,0.9800000190734863,0.08374686103258211,0.2216552142279709,0.30524187816858034,0.18536885828450503
-84.18137222,30.83524444,1,1,2019,269,0.8899999856948853,0.06903442235761686,0.13058227848101267,0.2523705486013841,0.197576807671756
-83.26574722,30.95659167,1,1,2017,53,1.3966044187545776,0.05312529640519778,0.16131808058311403,0.38526036232571403,0.3143349457776094
-80.0868,33.880936,1,1,2017,153,5.551849842071533,0.08134142103434122,0.054920024296416264,0.3614254573026258,0.17559157109910617
-77.72244,35.323575,1,1,2019,80,1.5099999904632568,0.11216860353089451,0.22457455429497572,0.17750499878386616,0.22301367439832942
-84.97224444,34.59420278,1,1,2019,276,0.8700000047683716,0.08917000243271336,0.161128812016386,0.616171541044929,0.005813237120046506
-81.41777778,31.92,1,1,2019,143,1.0099999904632568,0.02238560645332591,0.05499393449251919,0.41373228306634136,0.4011897687473922
-80.4216,25.5787,1,1,2016,365,3.648949384689331,0.38256420971321264,0.21904617099994925,0.004036355693160986,0.060282576556212934
-84.95015,33.58560278,1,0,2019,276,1.3700000047683716,0.048171450420757614,0.09190692969145167,0.798159600319795,0.0032232274618979773
-79.093279,36.06468,1,1,2019,83,10.079999923706055,0.53376453571,0.47595716739064553,0.3837901172963111,0.0
-88.018,31.782,1,1,2017,144,0.8566368818283081,0.056340922166516004,0.09187493676009309,0.5157329725423752,0.11031731480486313
-80.286679,36.287385,1,1,2017,26,0.989439070224762,0.06815138999406363,0.05118488201707849,0.7819932300152831,0.0032207949679815087
-77.154233,36.124817,1,1,2020,288,0.7799999713897705,0.07581179547270647,0.02764696946680845,0.27850088278118723,0.1597154886249144
-84.19972222,31.01116389,1,1,2017,41,0.7349959015846252,0.029113627884329606,0.05488390915069048,0.173995662044151,0.23368998159846716
-89.40972222,30.45027778,1,1,2019,253,0.6800000071525574,0.056813366809382586,0.10327022375215142,0.3693232483572915,0.2859261461014528
-85.27449722,33.68452778,1,1,2020,320,2.2799999713897705,0.17832957823920317,0.121339335390218,0.6629326389832488,0.0
-92.8963,32.7478,1,1,2019,307,0.3700000047683716,0.04676432939837858,0.09537060460409816,0.4397319805938778,0.26506739992730594
-88.29963337,34.9687543,1,1,2020,65,0.7900000214576721,0.06079397019847679,0.02037411526794743,0.7296287287442234,0.04142961388168476
-82.8526,30.2395,1,1,2019,53,0.7799999713897705,0.10471757183244683,0.06455696202531645,0.42876839688573204,0.16815401837949287
-79.189683,34.598683,1,1,2017,272,0.895913302898407,0.09795937707300131,0.10709585990484866,0.1680197112802857,0.24247401838455965
-78.262452,33.947059,1,1,2018,101,2.0,0.3014148871282248,0.48668721265093723,0.3371046801571324,0.2279557930731526
-79.650353,34.962028,1,1,2017,40,0.6469801664352417,0.07823045423523167,0.024199252298676366,0.4736166932079573,0.159209827860772
-89.57642096,30.84529089,1,1,2018,45,0.9200000166893005,0.08689562281045672,0.18261397561099021,0.5107943694747628,0.2112490356524049
-79.121297,34.727656,1,1,2017,65,1.4370542764663696,0.11939388386354806,0.16531932093775256,0.03289658680534713,0.3975488693772968
-79.032964,36.037033,1,1,2020,23,2.2699999809265137,0.15696956490157626,0.21641300500581478,0.7715930659642941,9.411289125539651E-4
-82.5776,28.8598,1,1,2019,112,13.65999984741211,0.4602904473749974,0.3074235365606642,0.13841642599791867,0.3853220005504015
-81.251789,35.287963,1,1,2020,92,3.3399999141693115,0.4618093833212777,0.5809923201293453,0.388972244245585,0.007205061547840537
-77.929889,35.001901,1,1,2019,130,0.8899999856948853,0.055093338387188454,0.022684692895842816,0.36510944755045943,0.1385356454720616
-87.41,32.231,1,1,2020,362,2.0999999046325684,0.043540515595564724,0.19423368740515934,0.45100388150658105,0.2874843538619095
-93.1102,30.9896,1,1,2017,186,0.33419349789619446,0.01876770538243627,0.04603865223110393,0.8931227235936867,0.01744928672602186
-92.41611111,31.55166667,1,1,2018,48,0.5699999928474426,0.09909553902523069,0.07776765836875126,0.5432962085982278,0.24026858792176295
-84.2027,30.2633,1,1,2018,118,0.5699999928474426,0.07292677913576928,0.0891600425294922,0.6409600455357566,0.02532294021850838
-83.4295,30.564,1,1,2018,10,0.75,0.040735599619299366,0.11521530132064968,0.3033494698965088,0.28508279606272063
-80.965,28.4273,1,0,2019,125,0.5199999809265137,0.028481062702617244,0.05415527887438001,0.29845180675258964,0.5376389657626318
-89.49,31.97027778,1,1,2018,51,0.8799999952316284,0.039684772541197365,0.07825779036827196,0.6321966978880519,0.06266299554597385
-81.114271,36.124808,1,1,2017,64,2.8981709480285645,0.17969078188910462,0.24468731026108073,0.6124382116517425,0.0016898027510620483
-82.862357,35.456765,1,1,2019,288,0.5799999833106995,0.11417290501910994,0.19017753274998736,0.7361287469597907,0.012820998768122814
-79.993054,35.230718,1,1,2017,62,1.3377690315246582,0.13726413008458788,0.20768179747988463,0.5176724764209052,0.0068921078731751075
-78.918454,34.997275,1,1,2017,85,21.826974868774414,0.8046571430376621,0.9374273439474347,0.0741345649605428,0.07168942270633648
-92.866,30.746,1,1,2017,115,0.3856707215309143,0.034985376650067186,0.10806843490585138,0.6515975021737411,0.18191447316417675
-85.342,31.433,1,1,2019,162,0.75,0.10538994850005227,0.06720647773279353,0.1838222508859953,0.048528189029151736
-80.008083,36.388332,1,1,2019,194,1.4800000190734863,0.11215690979644301,0.14762049105789626,0.6806549695785203,0.002039675798899335
-76.625917,34.71335,1,1,2017,199,1.7636346817016602,0.15774641657741686,0.3465992414664981,0.09905632062983571,0.21220306640507772
-85.697,32.91,1,1,2020,220,0.41999998688697815,0.035868019341992984,0.06312275555105964,0.6857400208590121,0.005641414620271166
-80.4625,25.604,1,1,2019,6,4.570000171661377,0.2691231845078,0.1491485911210217,0.0034933392399455762,0.029357972344397694
-81.547,27.6022,1,1,2017,137,3.0872578620910645,0.5350231610388297,0.8869692978011958,0.01655128334936465,0.13503012200678374
-87.565,33.853,1,1,2019,260,0.38999998569488525,0.021812425151119696,0.07621889540764716,0.9051666661400251,0.0032230441335857
-82.55766111,32.41821389,1,0,2017,164,0.4940991699695587,0.09186450428125768,0.040356473745506105,0.3552195310055347,0.19988368380960828
-81.5297,29.961,1,1,2017,106,7.497282028198242,0.4134063195709374,0.9818789228588782,0.12295398198745203,0.3973417577413482
-79.28385,34.774226,1,1,2017,322,1.059999942779541,0.02526107639919893,0.040974081746071846,0.029996146240689386,0.3684099136378857
-82.299,27.4154,1,1,2017,78,1.005435585975647,0.5752948769869396,0.518094852457357,0.019682722486585005,0.12891376430090118
-87.367,31.067,1,1,2019,280,2.359999895095825,0.04591831895257036,0.07502278019641591,0.4760733403102956,0.24213747988326761
-80.105042,34.153137,1,1,2019,268,0.7300000190734863,0.05678281285054781,0.1046834739554388,0.0381174775412442,0.3298743320830794
-87.73783333,35.10518333,1,1,2020,275,0.46000000834465027,0.05306385478989899,0.06764750492947066,0.40027861840650486,0.0016110588131234955
-88.87694444,31.13444444,1,1,2017,60,1.1606268882751465,0.054102418990227275,0.11243232302788038,0.4303247978905367,0.39079765657357673
-86.065,33.401,1,1,2018,89,1.3200000524520874,0.15140512373241807,0.1251075024029949,0.7105189145802316,0.005868244172046677
-82.8051,31.48516111,1,1,2017,307,2.5399999618530273,0.10787800613952724,0.14436637517060102,0.2902048932854058,0.17844463202354643
-90.15694444,34.13944444,1,1,2019,311,0.5,0.03563845249680868,0.05369602588734959,8.057279356934315E-4,0.06927680388266075
-79.436956,35.722797,1,1,2020,105,3.25,0.3868938599704431,0.46261493381832863,0.4439237580366052,0.003322007351362276
-81.653239,35.86548,1,1,2017,22,0.7174479365348816,0.11000461129324679,0.05677562999696386,0.7096148622613032,0.003221588432602478
-82.08650833,32.62112222,1,1,2018,65,0.46000000834465027,0.03862272988741887,0.02578492340360989,0.2660575105722613,0.3084698192759663
-79.144933,36.354573,1,1,2017,318,0.5199999809265137,0.042998086166711955,0.06828305324964566,0.7280051288205611,0.03693761408783423
-87.039,32.283,1,1,2018,58,0.7099999785423279,0.08684822738077178,0.15628636478623828,0.4744822485207102,0.11581133363677742
-82.55044444,32.28791667,1,1,2017,66,0.34632188081741333,0.04487438837823829,0.0,0.43669793787060823,0.1596538252437005
-84.69216944,30.95418889,1,1,2018,80,0.47999998927116394,0.06980391164958294,0.03750379593076223,0.2644853076013479,0.10392492870376806
-77.584,35.627833,1,1,2017,331,1.7100000381469727,0.07486250935820853,0.06412005457025918,0.09407487198602509,0.3476799540065769
-83.23255833,31.20446944,1,1,2018,92,10.149999618530273,0.4062500988039192,0.4988874279356729,0.2515215803568324,0.17169433703360595
-92.4906,31.4968,1,1,2018,65,2.690000057220459,0.08717739590050962,0.27385472032396857,0.5847590506177054,0.15236839775931618
-81.721624,35.457628,1,1,2018,58,0.3799999952316284,0.04867255239509138,0.1339637908364519,0.7739911872009102,0.005824660043906061
-82.883375,35.477659,1,1,2017,35,2.8164806365966797,0.2771311156947783,0.3321201091901728,0.3076096947719871,0.004027379865627656
-80.685,26.1485,1,0,2019,123,0.5299999713897705,0.022102857576946945,0.07436845036197032,0.0016142714254966265,0.9705063114847499
-80.829018,33.497025,1,1,2018,61,21.81999969482422,0.630676288816147,0.8647183954619124,0.09373696649520367,0.14283457401766872
-82.7598,28.1208,1,1,2018,56,24.8799991607666,0.7908379704469031,0.8468819599109132,0.018553726720846285,0.15022033539064056
-81.5403,28.8834,1,1,2017,73,2.7662277221679688,0.2907267694741003,0.29490358823827123,0.13078054567022532,0.10749228944246733
-81.94626111,31.74144167,1,1,2017,106,0.5777313709259033,0.0968289544812238,0.09157564724919093,0.1897316418561571,0.3930914137406706
-82.4621,29.2406,1,1,2017,103,0.9916108846664429,0.05491050672267044,0.03871653423756263,0.10193598992943642,0.01774367505985722
-76.446338,36.085358,1,1,2019,137,0.6399999856948853,0.12600735145513334,0.25246249431732076,0.23447920877122067,0.24937158953112365
-82.078209,34.996365,1,1,2017,135,2.019477367401123,0.23854292041408817,0.1965180424110532,0.44545428698693096,0.009843595502778385
-84.286467,35.939667,1,1,2017,100,1.1047905683517456,0.10481051358257085,0.015258690379951494,0.71235143816385,0.016107687788793474
-87.4015,30.3407,1,1,2018,312,4.019999980926514,0.32012850674154497,0.48420573048496496,0.07092851180086522,0.5429694417039798
-82.33683333,33.07780556,1,1,2019,19,0.3400000035762787,0.02427877929761574,0.06453735574002836,0.460629946145483,0.23838208894844637
-79.586197,33.044621,1,1,2019,111,1.6100000143051147,0.04601003062278981,0.16134913400182316,0.387806504419605,0.5042521118348078
-82.068875,31.61042778,1,1,2019,117,0.3199999928474426,0.050255910925926524,0.0,0.28451161952573506,0.26414623120184877
-86.631,34.354,1,1,2019,335,0.5600000023841858,0.06655081987930868,0.04955251049198564,0.6264035891441027,0.0
-77.74435,34.729144,1,1,2019,174,0.3799999952316284,0.039270687237026626,0.03874398581919473,0.39820009350163604,0.05168808359551694
-88.35829293,34.96420692,1,1,2017,295,0.5699999928474426,0.02830978396494918,0.0,0.551014154891982,0.16459602803812115
-78.37002,35.956359,1,1,2019,329,1.7400000095367432,0.1584657513478686,0.17708965796397488,0.48877960652030467,0.019525537647144306
-86.1944,30.3485,1,0,2019,211,0.6800000071525574,0.16033833992094867,0.01392475568383209,0.18310513833992098,0.4347383399209489
-85.1468,30.8833,1,1,2020,86,0.8399999737739563,0.06119512943177762,0.04751543366056067,0.2608555429431463,0.07850645182709552
-85.871,33.933,1,1,2017,32,0.6076963543891907,0.05043288675429728,0.038675429726996974,0.7021833923154706,0.0014661274014155714
-79.672053,35.272792,1,1,2019,74,0.3400000035762787,0.03312997020640674,0.06294518817883303,0.7506690130832738,0.021335751364091625
-89.10833333,33.12444444,1,1,2020,151,1.0800000429153442,0.03716157495046283,0.05316942378711995,0.42652854194779893,0.2937025367459999
-85.3384,30.1399,1,0,2018,175,0.3799999952316284,0.06345697751636468,0.10327545183010176,0.1162887771558676,0.4584416405780606
-92.778,30.8993,1,1,2017,284,0.5600000023841858,0.037940465086867846,0.06452429149797573,0.5177640419242139,0.10061495170494962
-85.314,31.584,1,1,2020,14,0.5899999737739563,0.04796077402385552,0.14482339844145325,0.5736388036203729,0.07097536995646828
-81.98221944,32.53034722,1,1,2017,275,0.4699999988079071,0.05291338084928175,0.08424297554073176,0.17782132528406852,0.29562716310823844
-79.531119,34.704361,1,1,2017,331,1.2400000095367432,0.13348226134654523,0.06891325215985449,0.12468244840181496,0.29650472061778804
-80.4654,27.7831,1,1,2017,96,5.8123884201049805,0.6316881867740719,0.7137495562205202,0.013513214221305381,0.20146427430147978
-85.784,33.212,1,1,2018,224,0.3199999928474426,0.0332424241466598,0.0,0.6961347267826051,0.012293281674161674
-82.428124,35.849411,1,1,2020,322,0.5699999928474426,0.04913931966773,0.08983427647534356,0.8816967246770473,0.0
-84.247124,35.118027,1,1,2020,330,1.1699999570846558,0.08800199645565941,0.1658413340070743,0.848790596441128,0.0016110639023758455
-90.5798,30.6585,1,1,2020,82,0.6200000047683716,0.0469460411410215,0.05440008096756237,0.49105849916845307,0.3143974604619987
-88.41593002,33.89874957,1,1,2018,31,2.5399999618530273,0.052295821642526746,0.025795356835769556,0.6392248679254827,0.17960554586587807
-79.322632,33.298714,1,1,2017,66,1.00612473487854,0.19999747150704497,0.15452248610409294,0.2570971636630277,0.42439806064590346
-82.107475,32.60140278,1,1,2018,57,0.4000000059604645,0.04984402013989199,0.09032486590426068,0.34118974546994674,0.3052242980906297
-89.60408503,31.76397974,1,1,2017,53,0.4292263984680176,0.06114913459258672,0.03136858082469011,0.5086888484944282,0.10177191179957318
-85.064,32.448,1,1,2018,279,2.109999895095825,0.19909031715627712,0.31323045788009113,0.6321663600675155,0.017444543483345665
-80.024567,32.973072,1,1,2018,24,17.3799991607666,0.6676961204239622,0.6625683060109289,0.07875163190021145,0.17549605024830167
-89.83158768,32.27131974,1,1,2017,28,0.4685512185096741,0.03235095172169649,0.04483578766256768,0.6499902014704122,0.079794799825523
-81.9534,26.8013,1,1,2017,27,0.7388341426849365,0.07120842957947032,0.1123447401774398,0.005648197955890265,0.7514856184539441
-81.161606,33.206059,1,1,2017,102,0.7113454937934875,0.061750167507364,0.1022399757293826,0.3018861961289996,0.1071573052173803
-85.24817222,33.30192778,1,1,2017,290,0.7599999904632568,0.042456571683188934,0.0732780418731668,0.5794539898432878,0.0
-81.4662,29.6145,1,1,2017,54,0.3565855324268341,0.2233620684202871,0.3139717425431711,0.36049673963228385,0.29897666828999914
-78.664508,35.102051,1,1,2020,98,0.7699999809265137,0.040931146463816834,0.06396523848019403,0.26466091307699113,0.35494825560090476
-92.3758,32.5781,1,1,2019,238,0.3700000047683716,0.08635021777196207,0.17445861161708154,0.5094409992856823,0.20979752580708363
-85.758717,36.181333,1,1,2019,97,0.6100000143051147,0.05746571037863068,0.1344822358113913,0.7647777767250609,0.0
-92.7182,30.927,1,1,2017,29,0.2565920352935791,0.04157418473621308,0.058290286640332215,0.5207886732558066,0.2742713688590418
-82.51599167,32.61265278,1,1,2018,2,0.7400000095367432,0.05986371767561519,0.1074643471224841,0.3138254499023394,0.24514067546981375
-85.35378056,33.78457222,1,1,2020,87,0.5,0.04890950572264598,0.012898983256613893,0.6281038481713441,0.023509931682160878
-82.70935,36.364117,1,1,2019,359,0.6600000262260437,0.0966347277401262,0.08646844660194175,0.35481262987689705,0.0
-81.1567,28.8875,1,1,2017,65,2.6620781421661377,0.37308796923037973,0.30652426987903014,0.19310087425195147,0.3015979453181339
-82.34604,35.553837,1,1,2020,93,0.7300000190734863,0.06476872149291825,0.06437920056597099,0.8686589510657384,0.0
-82.158197,35.277312,1,1,2017,329,1.0399999618530273,0.12766414480438443,0.12857215113044354,0.5890101558921543,0.004833130636678088
-93.4312,32.6031,1,1,2018,22,0.8199999928474426,0.03638380792535487,0.03348846620801295,0.4111834931110669,0.3266419493199568
-81.3629,29.9655,1,1,2018,291,0.7799999713897705,0.1876668058032609,0.07340657115374878,0.4338310628770917,0.23347436724471607
-79.227375,35.435881,1,1,2020,244,6.659999847412109,0.24589325138260282,0.19294962573336025,0.4787200778237155,0.003221598607764054
-80.8848,28.9457,1,0,2019,151,12.010000228881836,0.521991472887832,0.6373576309794987,0.2101509324156778,0.11540699881075885
-81.058044,32.694691,1,1,2018,83,0.3100000023841858,0.03354964329402244,0.10045546558704455,0.38109221252532655,0.34347134814945934
-83.93516667,34.685,1,1,2017,89,0.2372341901063919,0.01865506609042888,0.006930743157788234,0.9736428084009402,0.0
-83.57789722,33.10184444,1,1,2017,77,0.3479940593242645,0.020927549972347307,0.05155941970378608,0.7624365963498453,0.07776250296278736
-83.17514444,30.86239444,1,1,2018,31,0.7400000095367432,0.048983463496379685,0.022479874436737372,0.5095677743700007,0.28536060960571674
-83.91847778,34.09365,1,1,2017,53,4.773151874542236,0.5712579466892479,0.4409460757062716,0.3458911034997028,0.0025814891116138564
-87.605,34.152,1,1,2020,326,1.2400000095367432,0.05952031140895491,0.03929004854368932,0.7733690998650858,8.24652366373141E-4
-92.6942,30.9315,1,1,2017,28,0.657149076461792,0.028452367025733262,0.08024285352896533,0.49966327624311097,0.39051735312994973
-82.481759,35.21664,1,1,2020,99,0.47999998927116394,0.10212152992759749,0.14901465386558868,0.8170670069875281,0.0
-82.5444,28.1984,1,0,2017,233,5.500695705413818,0.4687065016576823,0.32598560859430425,0.05347923468225648,0.3222388834054615
-79.244892,35.365266,1,1,2020,67,0.7400000095367432,0.13013328615612074,0.08735852869846404,0.4633297213279963,0.03422032811330111
-75.859523,35.75042,1,1,2019,273,0.20999999344348907,0.05224545224861038,0.07632004855351002,0.0,0.9461438858009097
-81.659,26.5855,1,1,2017,205,3.102839708328247,0.9937854394491699,1.0,0.0,0.0053981875253138875
-82.1313,28.9776,1,1,2019,34,2.390000104904175,0.1294969034861874,0.11023901154547298,0.11266692391875044,0.023168502223543615
-81.7387,27.479,1,1,2020,32,0.8799999952316284,0.03912958193863541,0.04447255249177838,0.011294680426983216,0.234916697777131
-83.89663056,32.75613889,1,1,2018,47,0.9800000190734863,0.0564480699880214,0.15346058427421394,0.5458079564597641,0.07007967837874571
-79.97355,36.288492,1,1,2017,33,1.167566180229187,0.08688578964825557,0.13826025459688826,0.5819973781056025,0.001611043545559365
-92.6414,31.026,1,1,2020,69,0.46000000834465027,0.045695406114641623,0.11540018213093191,0.8226153213822758,0.020945967308482718
-81.995122,35.35239,1,1,2018,44,0.6000000238418579,0.1788373158135789,0.2025591745903297,0.6533457571976816,0.009482145959348695
-85.851,33.89,1,1,2017,52,0.497335821390152,0.04856077601188033,0.0903388973191705,0.6891718537710514,0.016919965875699078
-85.564,31.588,1,1,2019,283,0.5099999904632568,0.049960958122449245,0.07633935346790104,0.5328283706417724,0.11280415519383427
-77.677007,35.447409,1,1,2020,69,3.2100000381469727,0.24988234104986556,0.22297057780928747,0.26437729198055576,0.25839800627303844
-81.42617,34.33284,1,1,2017,161,0.5908212065696716,0.0553089586801925,0.06457003950167121,0.48889682211221047,0.06123570835084086
-83.254,30.0645,1,1,2019,257,0.25999999046325684,0.056097345020807245,0.025853781937768786,0.28876851465361314,0.2364816149963951
-82.811066,35.604263,1,1,2019,80,0.5299999713897705,0.04260305688304061,0.051611597429540024,0.8910697195488272,0.0
-82.8574,30.172,1,1,2019,63,0.41999998688697815,0.03740611312281587,0.09035687167805621,0.34867253838490836,0.10659540487974568
-83.16696111,32.23643056,1,1,2019,281,0.6800000071525574,0.05897525049783484,0.07589556769884638,0.4572810317033857,0.235493251572526
-89.12472222,30.55583333,1,1,2020,103,6.610000133514404,0.1267437742673935,0.16933974196812548,0.33501650498943947,0.3459660794010143
-81.2309,27.4243,1,1,2017,100,0.42137590050697327,0.058596098233890836,0.1618517581583607,0.02823813049338422,0.1360271086052737
-82.3561,29.7567,1,1,2017,123,1.050853967666626,0.03183438277793417,0.07106701761490182,0.5748215522503237,0.2195168232663609
-79.3983,34.269032,1,1,2017,59,0.961413562297821,0.08728185067099781,0.07830260166708765,0.1465451592415055,0.29120387778897777
-81.72902778,32.95830556,1,1,2017,43,0.5119970440864563,0.04581870356265861,0.02576408183884819,0.21102581687056168,0.219021493516549
-79.60511,33.029274,1,1,2019,85,0.6800000071525574,0.06147133075715114,0.01291335392717881,0.5626356682222765,0.2827238861382228
-79.925836,36.190447,1,1,2019,309,2.5999999046325684,0.2265248168703547,0.3508993532740501,0.4373126455008071,0.07129658000056859
-81.861549,34.325375,1,1,2017,227,0.3076745271682739,0.026741397667710342,0.04695001768838126,0.8523157026725604,0.04857304439312131
-79.312483,34.568083,1,1,2018,92,0.9300000071525574,0.05495755362271223,0.15166523475008845,0.06468530916190918,0.21437711086608313
-80.22831,34.344868,1,1,2018,44,0.5199999809265137,0.05163595467282484,0.051640340218712034,0.583633187276294,0.12432750052915399
-83.71694444,31.28388889,1,1,2017,307,0.5099999904632568,0.042591263606157274,0.12245724116992207,0.23373030802158656,0.15635660066580462
-80.710236,33.106277,1,1,2019,143,0.46000000834465027,0.04736143588447197,0.06648129423660264,0.5385198761296848,0.1965208873159325
-93.2605,31.2247,1,1,2020,114,0.5,0.04494076507431637,0.07410406964972664,0.4475517179235054,0.2165370886200018
-81.8172,28.0198,1,0,2017,148,12.6580171585083,0.3631192840489576,0.43428311149349647,0.09929739869855843,0.29718042080155405
-80.149765,33.358379,1,1,2018,31,1.440000057220459,0.12531133447120543,0.07759187180912906,0.38892787154687375,0.3358334913711358
-82.331444,33.909473,1,1,2018,86,1.0399999618530273,0.08262556558226535,0.026587141124140713,0.6946550896084528,0.0016114355046636837
-81.850082,33.58604,1,1,2017,245,3.495213270187378,0.23979030790232075,0.34415781487101654,0.3835665352141162,0.03922089084382427
-81.61467778,31.53128056,1,1,2018,43,0.20000000298023224,0.027491582757694075,0.06876645736277093,0.5959692079098365,0.2594565543840793
-82.110977,35.383262,1,1,2017,327,1.0,0.06302928457939941,0.12627054361567636,0.8149995419842506,0.0024480152124403396
-85.7136,30.4927,1,1,2017,60,0.8697607517242432,0.131206324110672,0.18085698386199212,0.26338972332015814,0.030083794466403174
-77.976048,35.236288,1,1,2019,136,1.059999942779541,0.08086813672837563,0.036017377247928875,0.33136728375560787,0.09170405004106914
-81.3383,26.9393,1,1,2017,83,0.2900553345680237,0.027530338749742887,0.0,0.05791180798379824,0.459962343559641
-87.07325,36.184267,1,1,2019,275,0.8199999928474426,0.025560205290169776,6.571630775452433E-4,0.9414259771022503,0.0
-81.403462,35.526763,1,1,2020,326,2.0299999713897705,0.10482113415412216,0.3724598119502579,0.43348831039209623,0.004832504753542257
-81.6176,31.77844167,1,1,2020,33,9.550000190734863,0.46746226191417056,0.5230138234847335,0.21492452382834124,0.23128744171342774
-77.54067,35.462193,1,1,2017,331,1.2100000381469727,0.06782042981888237,0.032988128315231124,0.13085947985914836,0.16331538473685053
-80.632423,32.79414,1,1,2018,282,1.4600000381469727,0.08148988765465666,0.09750050597045133,0.3260923166406404,0.47620959329341933
-81.975,28.4787,1,1,2018,18,0.3700000047683716,0.03819375247133256,0.09352991842731924,0.4645345986555953,0.4940450771055757
-78.664363,35.342625,1,1,2017,276,2.619999885559082,0.2747541563606611,0.12205102298560239,0.22000991903665312,0.13196109463203215
-85.431,33.717,1,1,2018,357,0.6399999856948853,0.06537112522513984,0.011229135053110774,0.7593673965936741,0.0
-85.0497,30.8318,1,1,2019,269,0.7300000190734863,0.07498996107743722,0.11750126454223571,0.21039052199235447,0.07186919995320439
-82.87453889,31.69412778,1,1,2018,256,0.4300000071525574,0.03504057612726395,0.11336974110032365,0.33605000015806846,0.13940357676902126
-83.27880556,31.8885,1,1,2017,318,0.4099999964237213,0.024286161345079726,0.044457947237834826,0.35312451596792227,0.2677515307267516
-83.97490278,33.17634444,1,1,2017,85,0.9016309976577759,0.054609061691174354,0.03917901016126584,0.7414602235558458,0.008864491784938892
-93.7818,31.787,1,1,2017,26,0.6500909328460693,0.04123844959867987,0.011029597773842648,0.4837338104706777,0.1536776351353487
-83.6182,32.45375278,1,1,2020,325,1.3799999952316284,0.09161364548664125,0.11449957012087188,0.2961600338829838,0.28468343747925795
-81.4009,29.8815,1,0,2020,177,0.9700000286102295,0.035690229301659306,0.09183415177441402,0.300391182116305,0.5111140626334117
-81.118412,36.496137,1,1,2017,275,16.260000228881836,0.38502716018191024,0.4452872168284788,0.32652854977261253,0.0
-80.761683,35.648617,1,1,2018,89,0.8799999952316284,0.10069960992403784,0.06453408918358051,0.29413622652832394,0.0
-82.66818889,32.17914444,1,1,2019,118,5.150000095367432,0.14432106609012826,0.56071880536573,0.33571661119381957,0.25492538823090594
-79.07808,36.051566,1,1,2017,39,24.512514114379883,0.46032914038838685,0.6856001213899147,0.481434928294641,0.0016106466904368644
-88.39547895,34.02167409,1,1,2017,267,3.578984022140503,0.07452532995453152,0.18703544521413765,0.3085979341702398,0.11870147843644051
-81.8106,32.41196944,1,1,2018,62,14.84000015258789,0.4364243246062379,0.3379418616428645,0.11731163728660346,0.21328756428370504
-85.3252,30.0072,1,0,2020,181,0.9700000286102295,0.12476874472263601,0.05268485247229112,0.2154682504293046,0.5879718793582727
-84.64111111,32.06994444,1,1,2017,45,0.2954563796520233,0.057769025054845005,0.08552631578947369,0.4072439670487377,0.039254487175434484
-78.431253,34.471184,1,1,2019,126,0.4699999988079071,0.06628045448371502,0.1589585127399828,0.3765884660700808,0.1469617378284727
-78.325007,36.164803,1,1,2020,90,0.7099999785423279,0.056381087132971804,0.12935172553180738,0.5689651360732206,0.06662960986132119
-81.036942,32.637753,1,1,2017,81,0.5579721927642822,0.04298876368980833,0.05165864775892632,0.41302210913918197,0.2511971174360354
-80.782288,32.987061,1,1,2020,162,0.7599999904632568,0.04597072665037909,0.11268317331985857,0.3321428458550491,0.527495519869025
-81.46318333,31.76523611,1,1,2017,84,0.9248198866844177,0.05374862095889587,0.03869499241274659,0.3122149059723149,0.5159052041613059
-81.75277778,29.21916667,1,1,2019,308,0.3700000047683716,0.050794705128813365,0.0,0.81732378105676,3.700716420742988E-4
-79.078525,35.460002,1,1,2017,21,1.5943620204925537,0.1262063845582777,0.10235941999696858,0.4009793236348703,0.004833436004359571
-88.74711667,36.18466667,1,1,2020,251,0.5099999904632568,0.0378872100661984,0.05352269281310017,0.23183650007579976,0.14900323411996572
-82.0966,28.2211,1,1,2020,75,1.0099999904632568,0.0016133726447922867,0.0,0.3561599200273325,0.45662874713705454
-81.6355,26.5419,1,1,2017,68,2.180588960647583,0.5585282270185775,0.6655852385056011,0.004841358491521294,0.2584241219895768
-93.9372,32.7331,1,1,2019,249,0.5,0.04727935877823992,0.0,0.3993476529412508,0.4302488021340343
-89.43636667,35.92511667,1,1,2020,322,1.1699999570846558,0.07406237662850375,0.10685942475863112,0.06361468614291353,0.05283537307540466
-85.581,32.103,1,1,2017,75,0.41989895701408386,0.038230412998466884,0.11395737356350932,0.7768259337116123,0.07313534274289149
-89.29160776,31.84011337,1,1,2019,268,1.3300000429153442,0.0314573566463189,0.08856275303643724,0.342430287070903,0.3387822326472419
-82.2134,26.9893,1,1,2018,32,5.78000020980835,0.609810429989463,0.89254441463785,0.079625100069297,0.22773715236796394
-82.79333333,31.01361111,1,1,2020,98,1.1100000143051147,0.09700142909537006,0.13039076736181412,0.36235155746101627,0.3114574243401502
-85.162,32.264,1,1,2017,42,0.4614883065223694,0.040871090601640375,0.07852953074433654,0.595641386285696,0.1242378747412171
-90.992,30.919,1,1,2019,251,0.33000001311302185,0.050435843848705135,0.0,0.5219344700790115,0.21300544132944238
-80.396128,36.158033,1,1,2018,99,1.340000033378601,0.18786359013877219,0.09226175413735514,0.6135980343235405,8.053462357169471E-4
-84.34069167,31.46731667,1,1,2020,31,0.07999999821186066,0.02911970662156396,0.00845141700404858,0.3866715141551934,0.5214042963501576
-88.52302271,34.39487919,1,1,2017,96,2.01326847076416,0.04409395082557677,0.05072060682680151,0.5264544747966864,0.04322508893986214
-81.514408,35.813531,1,1,2017,32,1.9787849187850952,0.3343366549279094,0.23734897123502352,0.3849438592612481,0.0
-88.128,34.155,1,1,2017,133,0.43796828389167786,0.036313369879460974,0.1005917159763314,0.40384208281331474,0.3048105025355851
-88.296,30.813,1,1,2017,28,1.7486050128936768,0.2141007439916272,0.3349698840917144,0.45953577199012213,0.17604745357561796
-82.12962368,36.30444705,1,1,2020,193,0.6700000166893005,0.04606939939551086,0.12110342040115192,0.7740871866620769,0.0
-82.9288,30.4921,1,1,2018,121,1.2599999904632568,0.08259581424320905,0.18257261410788383,0.3420760569525999,0.2166646114151832
-81.8098,30.265,1,0,2019,180,3.4600000381469727,0.4925721441174796,0.32137072281838425,0.2516869991968176,0.17768987041569426
-83.78623333,31.62206111,1,1,2017,39,0.3347100019454956,0.024548236573553015,0.025795356835769563,0.462784051391646,0.12658860127214547
-81.5829,29.6076,1,1,2017,26,5.353793621063232,0.16712049766443082,0.49114372469635637,0.2912582978333129,0.3440892861096091
-88.89,30.66,1,1,2019,79,0.30000001192092896,0.07010931259861694,0.1720070868134649,0.5258546272083077,0.3608043029385074
-82.49775278,32.65305,1,1,2019,63,0.3100000023841858,0.03730697024671148,0.09462191670036395,0.3344131832289304,0.26760260681032366
-82.7358,30.3624,1,0,2017,133,0.4941982626914978,0.034517432631558986,0.024442082890541984,0.37925855188682245,0.3594290520670618
-82.86488611,33.32016667,1,1,2020,273,0.4699999988079071,0.03950724188823193,0.08191990278973216,0.7606337086747808,0.04971825689030196
-87.115,31.336,1,1,2017,107,4.160728931427002,0.06820172179944797,0.14057993016547746,0.5904324100449891,0.05791392267394253
-81.67583333,33.0425,1,1,2019,37,0.4000000059604645,0.03304489630804823,0.015497594327677893,0.19250169080140844,0.24997629717651987
-85.9534,30.2649,1,1,2017,142,7.025547504425049,0.344029168735315,0.3473156909376106,0.15434068349202626,0.261724889241657
-78.507719,36.522174,1,1,2018,72,0.3700000047683716,0.02979263567727327,0.05198807659273481,0.7185977410014236,0.06663319534306525
-89.62828521,34.5988755,1,1,2019,256,0.33000001311302185,0.013354564152141566,0.021548889675754967,0.7625118080632878,0.06866527023483435
-79.427421,35.046234,1,1,2020,59,2.509999990463257,0.06129700637385269,0.16847908552931065,0.44532005078867787,0.20831569837589947
-88.411483,36.131217,1,1,2018,254,0.6700000166893005,0.028240094491570934,0.03189607238538139,0.522233310805263,0.009818659558744579
-81.89091667,32.95191667,1,1,2019,29,0.28999999165534973,0.04787714829305909,0.04641392924026927,0.3027457697826265,0.42920667227113823
-82.5476,28.9853,1,1,2017,337,1.1399999856948853,0.4195339039341095,0.09470272460245113,0.42222559606272836,0.0016131174918869692
-81.91686389,31.27524722,1,1,2019,276,0.44999998807907104,0.03097059753398671,0.07746051032806804,0.24606386342080294,0.5360796711982296
-79.227552,36.443315,1,1,2017,46,0.5345057249069214,0.04744449496097597,0.06440695089917156,0.8249381172488693,0.003062564724306028
-81.193369,36.014759,1,1,2017,97,0.7626922130584717,0.06769158860795477,0.13729953963676833,0.8173173489303382,0.0016106517770857949
-81.409247,36.494288,1,1,2020,18,0.4099999964237213,0.09872894067863512,0.18263110033343438,0.624691708903731,0.001297901567902989
-77.168134,34.665798,1,1,2017,29,1.6296907663345337,0.16213261892200137,0.18261926466119718,0.2078690554795581,0.1868063475615343
-82.6535,29.0312,1,1,2020,71,2.049999952316284,0.19676367420396573,0.25856571688850644,0.5632952830994337,0.12813408358399678
-88.37638889,34.72916667,1,1,2017,119,0.5387353301048279,0.056385193516081886,0.06446556780260894,0.6871645336880056,0.03880431039657294
-76.28625,36.474067,1,1,2017,43,0.6259439587593079,0.042628864188405946,0.06586856594433498,0.031090390501369275,0.1682601952664778
-82.5211,28.8559,1,1,2019,239,4.190000057220459,0.467684132281074,0.7829280648429585,0.4039665343434187,0.0
-83.038449,35.721389,1,1,2019,84,0.4099999964237213,0.055641714861480056,0.0996410697133613,0.9312690897260558,0.003221761419091147
-83.86401111,32.74935,1,1,2018,18,1.940000057220459,0.12227314390467454,0.2683087194011733,0.3845759979771799,0.043749802458990475
-88.326,30.686,1,1,2020,325,1.090000033378601,0.0237934130979182,0.02433841016040075,0.4923070599246203,0.27354994561505586
-81.353271,33.542465,1,1,2019,86,1.8700000047683716,0.06949000423469036,0.04305639781685871,0.25840775643578145,0.06818483475227068
-79.005784,34.599957,1,1,2019,134,3.9000000953674316,0.27947363766156635,0.33658808054234546,0.08925164567197742,0.38310675072965483
-79.292061,34.362419,1,1,2019,147,0.7200000286102295,0.04700756127540045,0.12637057248244155,0.08857403761995199,0.4070228544525581
-83.52297222,31.71231944,1,1,2019,280,0.38999998569488525,0.05584411068293254,0.09025179492365253,0.2786230704302826,0.21605490520885037
-79.584236,33.734543,1,1,2020,68,0.7699999809265137,0.07016307884776998,0.21902542802147704,0.2215338636607759,0.3421243847422396
-83.54344444,31.37806389,1,1,2017,65,0.8685925006866455,0.04490804993787798,0.06950491039789407,0.12014049375144235,0.3904360554261128
-84.73680278,32.64608611,1,1,2018,59,0.5899999737739563,0.05190577183838474,0.050663022573134917,0.5667407334827316,0.12430582114602332
-83.660467,35.69825,1,1,2019,364,1.3200000524520874,0.16589337771980303,0.2222839818089944,0.6425983771986621,0.0
-82.636783,35.24155,1,1,2018,157,0.8399999737739563,0.18169125311937334,0.09856522178437911,0.4295258552610798,0.003222036200524371
-81.9039,32.83951389,1,1,2019,144,0.4099999964237213,0.03767603853252762,0.0,0.2101084675482288,0.23725063841622204
-82.1592,28.1756,1,1,2020,98,3.140000104904175,0.2947272848063422,0.4978460290912776,0.08136374996440986,0.3385047089677601
-89.35370686,32.09015299,1,1,2017,24,0.7473419904708862,0.06166630842953057,0.07918036933974197,0.6264397971956356,0.11944469029345942
-81.5162,26.8065,1,1,2018,329,0.3700000047683716,0.032093092437347065,0.012917278759941237,0.04045103121330936,0.36712586277283515
-80.4423,26.0298,1,1,2020,141,3.369999885559082,0.1001130129505877,0.0017743979721166034,0.0,0.8308477870671399
-88.669183,36.111283,1,1,2018,212,0.41999998688697815,0.04131398756885137,0.12683173319858515,0.24698380413360949,0.026327757845267565
-81.8138,30.0969,1,1,2017,84,10.30482006072998,0.45237410071942435,0.6989269082810287,0.2680781089414181,0.2082915645505573
-82.4025,29.1942,1,0,2020,190,0.4300000071525574,0.016121278062789797,0.012905511412520875,0.10632389314474036,0.0016130766749112803
-81.193237,32.612415,1,1,2018,27,0.8700000047683716,0.05690311774094148,0.048303070153254773,0.20550542799804053,0.40775247696853806
-83.69022222,34.63430833,1,1,2018,82,0.8700000047683716,0.11453367327273827,0.25325036677290425,0.8078678912067538,0.0
-79.288834,35.278383,1,1,2017,33,2.451545238494873,0.08199574244979689,0.16734115742614325,0.5686071999343048,0.05490597383564843
-81.8637,28.9974,1,1,2020,62,0.8500000238418579,0.10068192457079243,0.02581886295752544,0.15640300603484272,0.23568148176262965
-80.627288,35.103953,1,1,2018,158,8.850000381469727,0.4844227804594505,0.5603274050121261,0.2188645151507492,0.04551542874472438
-80.689351,34.984082,1,1,2018,106,4.630000114440918,0.3554818535013743,0.32224637314866306,0.34153321330427366,0.012574623329858812
-81.0857,28.9398,1,0,2017,148,1.415835976600647,0.054933132583473585,0.054922804353328275,0.3046769234662249,0.29435897111479453
-80.290663,34.873212,1,1,2020,279,0.550000011920929,0.037039260415416005,0.10304224782696586,0.7054615768620736,0.06309280826029534
-77.606253,35.739517,1,1,2018,0,0.949999988079071,0.07059176550482474,0.11439712361371349,0.17173676147759745,0.23742952352374475
-79.112657,34.97549,1,1,2019,259,1.9800000190734863,0.12732631791774224,0.0990224383325736,0.25073845094316394,0.271437191390689
-87.589,34.572,1,1,2017,106,0.5897404551506042,0.042104365243599985,0.05142597087378639,0.4005933218123168,0.18264707462016974
-78.09557,34.131857,1,1,2018,75,7.900000095367432,0.09847008241905789,0.21953813430568211,0.5318793377412319,0.18669227585901904
-92.6573,32.7095,1,1,2019,279,1.4800000190734863,0.14830266081344592,0.08583712696004045,0.5870476948992912,0.15527785415619746
-82.50785,31.56963056,1,1,2017,7,0.6436607241630554,0.10149280154780951,0.004050222762251925,0.20075683331331123,0.16215959888466672
-78.599409,34.793042,1,0,2017,208,0.35059839487075806,0.02334758199297993,0.0,0.27272124124465674,0.4910069158128527
-89.39614659,31.43679441,1,1,2019,246,0.699999988079071,0.040139362246994915,0.06082072559834033,0.31505731936338505,0.38617063655160627
-79.313289,34.568081,1,1,2019,307,1.3700000047683716,0.05581831796252236,0.15628315901167197,0.06498393410613913,0.21554205409640795
-79.883583,34.021328,1,1,2018,90,0.7900000214576721,0.07156286238810411,0.10734491816528595,0.055046654259235314,0.3786531090726977
-79.785896,33.789249,1,1,2019,147,1.7599999904632568,0.06021282445932665,0.18792624400101038,0.2282695607927664,0.42535815758617757
-76.752334,35.851195,1,1,2020,194,11.930000305175781,0.38952840229024754,0.5987863463969658,0.10606448189940215,0.2863314669016287
-79.10793,35.267461,1,1,2017,103,0.9743913412094116,0.15270995091195105,0.0532511493962512,0.5386102459456557,0.14674925925691934
-80.91246,33.579128,1,1,2017,268,0.9948691129684448,0.06253752377822581,0.10641200545702593,0.4497418364058066,0.1018561235646168
-89.8211634,31.67158478,1,1,2018,63,1.340000033378601,0.02406957225455454,0.0933056722157567,0.6573421046808271,0.012161235154093947
-78.198532,34.390872,1,1,2018,66,0.46000000834465027,0.028057017571572106,0.07452787200648067,0.23255321703197776,0.5597629322600421
-83.02693889,32.50591389,1,1,2018,275,1.4600000381469727,0.08963097589885421,0.2349641160416456,0.40274041880679584,0.23260055314105094
-82.1398,32.50148056,1,1,2019,126,0.5,0.05599261649719797,0.026033768071984636,0.4180307919881407,0.19013784013578564
-87.677,30.564,1,1,2019,79,1.6699999570846558,0.16343992183720518,0.24717907200323838,0.19384499609502226,0.2841242889620348
-81.80008333,33.15605556,1,1,2018,248,2.0999999046325684,0.0673174770720485,0.20685644941093184,0.2860099991783231,0.20370007521505834
-87.096,33.909,1,1,2018,242,0.7699999809265137,0.041107273870497896,0.15420418901143373,0.8160599578500364,0.01365292316636598
-81.7412,28.8845,1,1,2018,22,8.949999809265137,0.3630871612880784,0.6844318354526574,0.032262043705580425,0.15226103156303294
-76.441823,35.869079,1,1,2019,145,0.550000011920929,0.05493106770051953,0.06866063759915123,0.08922192568261135,0.517056993509467
-77.715167,36.107833,1,1,2019,363,11.800000190734863,0.1656019174958869,0.7318613581244945,0.11728556856974141,0.2084645190628525
-80.6096,27.3177,1,0,2017,189,0.3059196174144745,8.067297075842082E-4,0.0,0.02823553976544729,0.4417019149548706
-82.34315,36.55485,1,1,2020,62,3.640000104904175,0.10419317862454655,0.10759429669329557,0.43280146267063724,0.0
-89.24277778,30.41111111,1,1,2019,272,2.5199999809265137,0.23161889101459357,0.540949584936222,0.30254715638686414,0.1710057394026593
-85.42415,35.100183,1,-1,2019,257,0.6299999952316284,0.031081192072226895,0.03382204246713852,0.8801609815578819,0.0
-81.0213,27.4205,1,0,2018,94,0.44999998807907104,0.013246730237473027,0.013111932364704097,0.1033257613627016,0.30586437524914734
-84.70170556,32.29891389,1,1,2018,84,0.8600000143051147,0.06556330326267679,0.06066278775613458,0.7181239450509852,0.08022986035161805
-82.1485,27.0512,1,1,2017,67,3.708888053894043,0.8200852442624664,0.759971618265673,0.018289229289346367,0.14631699854129163
-81.93037778,32.6677,1,1,2018,71,1.1699999570846558,0.06899810366624524,0.03848877200080922,0.27325537294563834,0.3837168141592919
-84.51465,32.97256111,1,1,2020,31,0.5099999904632568,0.034558498198596826,0.0727539309368522,0.6295208899563873,0.11384236141836808
-81.5875,26.0955,1,1,2017,124,0.5856123566627502,0.004911221444823129,0.0,0.0,0.9942818446193329
-82.022225,33.52033333,1,1,2019,322,33.0,0.586594703229823,0.6403681788297169,0.11464748765235092,0.08309185766154649
-93.3114,30.8269,1,1,2019,243,3.640000104904175,0.28371451789875746,0.18045569620253155,0.31757369937170155,0.10980202434142494
-78.940625,35.414996,1,1,2018,84,3.0899999141693115,0.11051648917517788,0.2363581244947453,0.4412730104473036,0.01328737825431776
-83.60826389,31.83456667,1,1,2019,181,0.6200000047683716,0.03976164509143787,0.12687095469255663,0.2829848104066891,0.2171463796291906
-81.078317,35.863351,1,1,2018,18,1.9800000190734863,0.11844000303206405,0.10347615198059819,0.3803250625363216,8.053920206180355E-4
-81.291966,35.227012,1,1,2017,72,3.063791036605835,0.06777037549475787,0.10127797140980957,0.8512046346925948,0.0030893738805757996
-78.125538,34.752348,1,1,2019,148,0.5699999928474426,0.038689742763444744,0.14513032935946651,0.13887677793995923,0.3222123228378798
-84.4075,34.895,1,1,2019,79,0.6000000238418579,0.08325909639429613,0.048411574261432604,0.8117983029751648,0.0
-79.182701,36.288532,1,1,2018,73,1.590000033378601,0.05557906437697765,0.0828067337343916,0.4284261651077162,2.1789519556883282E-4
-85.25,31.351,1,1,2018,52,0.949999988079071,0.04896840401383468,0.07740564605888899,0.2335428351027168,0.08194912521419127
-82.823275,32.96261944,1,1,2018,30,21.389999389648438,0.4026742767569893,0.37371590506553326,0.3962493126268087,0.0317455802693871
-84.081467,36.36065,1,-1,2018,100,1.5700000524520874,0.15614055586960035,0.11207114344904251,0.5218517196840747,0.0
-81.515198,33.760464,1,1,2018,189,0.6200000047683716,0.10321944560312463,0.18503360113182754,0.3610531771011084,0.11145766182549009
-77.915826,35.550373,1,1,2017,67,0.5569466352462769,0.03901408183765138,0.0486311421486767,0.12676812665441056,0.21233629626821812
-82.4149,29.8279,1,1,2017,106,0.5597626566886902,0.041265574599962045,0.05849906381256008,0.37633293276832575,0.35888305610018323
-82.31658611,31.29994167,1,1,2018,93,1.0099999904632568,0.047610918264762214,0.044750430292598974,0.2195002434289978,0.3551660691591266
-93.470937,29.904449,1,0,2020,197,0.4699999988079071,0.0,0.0,0.0,0.8705769249014113
-80.891505,35.731717,1,1,2020,46,2.819999933242798,0.14883549030075405,0.14224355735219812,0.465778608906059,0.00642194010190447
-78.940344,35.364848,1,1,2019,172,0.8899999856948853,0.10655238083206739,0.10452662422956449,0.33107730400811025,0.07795460359469794
-76.954371,35.084451,1,1,2020,206,1.2400000095367432,0.33062995632277575,0.42749557745767,0.07395125710189146,0.47901566758568864
-82.84878611,30.79361389,1,1,2017,307,0.3499999940395355,0.0,0.0,0.1718200128372545,0.7813018746818348
-80.422806,34.144722,1,1,2018,7,1.7699999809265137,0.06058691201375023,0.0923778171689035,0.40677842934054564,0.12687043449687843
-75.73874054,35.79878359,1,0,2019,181,0.33000001311302185,0.0,0.0,0.0,0.6172035878971641
-92.4292,30.8781,1,1,2017,27,0.26915791630744934,0.06587259930057988,0.012903552272037242,0.33523471046157927,0.4821192555539396
-84.21514444,31.86153889,1,1,2019,77,0.3700000047683716,0.04135253972619197,0.06431388411366164,0.24020002971364282,0.3449184929493323
-81.74175833,32.27370278,1,1,2018,5,3.3399999141693115,0.09324833033589247,0.09629479856442397,0.14675976117402748,0.23922106574035734
-78.088186,35.895369,1,1,2019,54,0.5899999737739563,0.01540385775514909,0.04233045061447429,0.5076766611182878,0.22314274073068038
-85.56756667,35.36421667,1,1,2020,213,1.809999942779541,0.17253045082381482,0.1568756319514661,0.6347891185686846,0.03220079854442535
-92.455,31.008,1,0,2018,145,0.33000001311302185,0.01142938442568529,0.0,0.7968667994561953,0.10856492459451769
-78.257819,33.950764,1,1,2017,67,5.260599613189697,0.26661273400664903,0.5555836280949976,0.346386722453262,0.2505561805564335
-84.09346667,31.14058889,1,1,2019,267,0.5299999713897705,0.049757346780695245,0.06612030151262203,0.08111098815978755,0.21037955073586367
-89.72888889,30.58,1,1,2020,104,0.8999999761581421,0.10187922731282828,0.11674176074520325,0.35983898661489283,0.22443849269716393
-81.8278,28.272,1,1,2019,73,1.0800000429153442,0.033279765143558515,0.1286452004860267,0.05268136206612929,0.5842243790097054
-82.650688,35.030045,1,1,2019,78,0.7200000286102295,0.1426770827739363,0.17003639304488474,0.7323296299923243,0.0032221278047516936
-82.504,28.5572,1,1,2017,40,4.997746467590332,0.8890614669699262,0.9350557244174261,0.029694325906852104,8.06653148636123E-4
-82.0338,26.7745,1,0,2018,309,2.859999895095825,0.42982445037907074,0.16177439797211657,0.003626169170600817,0.5077554455821488
-81.5371,27.5791,1,1,2019,150,1.0199999809265137,0.3571202591716125,0.3819497141700815,0.023335569025955124,0.22710418749446346
-83.7565,35.00605,1,1,2017,71,0.45950084924697876,0.12664034117832884,0.16065557185492438,0.44556310219554596,0.001611119886273891
-86.301,33.24,1,1,2017,101,2.0906083583831787,0.09988338616245668,0.12376713368064339,0.5668538597916121,0.0560378473528027
-78.433148,33.968859,1,1,2017,132,1.4140186309814453,0.13351618315738262,0.12863133431010967,0.42994460787876326,0.19992353169800728
-83.2524,35.337794,1,1,2019,58,1.0700000524520874,0.21585560770985082,0.27706941914592176,0.6797259477797222,3.695724962253066E-4
-79.816542,35.908445,1,1,2017,335,3.4700000286102295,0.2055415219450586,0.3450697110527379,0.39822229239027496,0.0
