lon,lat,label,cause,year,doy,nbhd_dev_1km,nbhd_forest_1km,nbhd_forest_5km,nbhd_wetland_5km,nbhd_grass_2km,nbhd_crop_2km,nbhd_shrub_2km,nbhd_pasture_2km,dist_water
-83.86770741045302,31.393332695265897,0,-1,2017,80,0.03518223436274884,0.12038090902192886,0.3830881705810765,0.1648639844941008,0.004836981091513788,0.5490542595467152,0.006449308122018384,0.005643144606766085,0.042426406871192854
-81.31994418497021,27.227875264164044,0,-1,2017,282,0.1701489515179893,0.12508384059529987,0.04852706750436491,0.16845540654030322,0.024794879015798993,0.37113212860682276,0.0530798998838729,0.05289637474567532,0.09486832980505139
-90.06892304442533,33.86159190287086,0,-1,2020,43,0.00471519227365813,0.006940055115920409,0.3117560197095537,0.23821422992558125,8.057177523318421E-4,0.5184019615277672,0.0028405500366522588,0.04107264730416319,0.4459820624195552
-93.51012310378972,32.23030166079705,0,-1,2017,83,0.029032054118985885,0.016121894164506535,0.0322662863731529,0.14130736009547795,0.027407479997597486,0.40269712363713334,0.012897637645928228,0.2808334149972969,0.21633307652783934
-89.43506373179642,31.796705022240484,0,-1,2017,23,0.045651129264776526,0.5095475353448491,0.4263952382180641,0.29966928698192347,0.03459329251137249,0.0,0.020446807636256725,0.1727483379856037,0.0670820393249937
-88.71705581899631,33.73029811132346,0,-1,2020,54,0.019317564065285273,0.10661323151999391,0.09861733213350457,0.3502012072434608,0.001497753369945082,0.10979732932247194,0.00241726018567086,0.23489765351972036,0.09
-82.74921335894065,31.718859609709664,0,-1,2020,64,0.07699117282545463,0.1466600905480942,0.22818619170255938,0.2088759389597752,0.03671598381385941,0.4245068285280731,0.016186140617096622,0.0024184370257966633,0.480936586256442
-80.54258559536524,37.29089886239376,0,-1,2019,83,0.022061702047053176,0.9560155075959437,0.6946950107267683,0.0,0.0016100568571058753,3.4726716525813E-5,0.002415085285658813,0.19947657367272909,1.7526266002774238
-85.2808976613126,33.94737590808804,0,-1,2018,295,0.05430481993199258,0.6732483029743772,0.5125951269522062,0.010100366707007464,0.033711664001921146,0.0,0.02933853222024912,0.22484343303483972,0.24738633753705963
-88.93760240368945,32.495293848712414,0,-1,2018,51,0.025796009205634653,0.7120963051010344,0.5274968723673019,0.19647500371675017,0.04520584749111024,0.0,0.0837013038324773,0.10912366653496644,0.2716615541441225
-84.12590668911652,32.81401950701,0,-1,2017,75,0.013755088624238285,0.7828642949252826,0.7239762811433876,0.05076941669148548,0.1673914692422443,0.0,0.02338752496776316,0.04803607999797733,0.21840329667841554
-87.04442069103658,32.33409265959346,0,-1,2020,51,0.01689236176965191,0.04769310523587351,0.2945693822368244,0.3131011144020675,0.011976293954958514,0.3225476096404583,0.007608060055314105,0.12956143816673255,0.08485281374238571
-81.1634748776564,27.426159877583384,0,-1,2019,171,0.0,0.004871013044193373,0.002514774553599676,0.4932617911694358,0.003338354049059568,0.0,0.0016138014834316393,0.09067665746905308,0.5366563145999496
-90.15330440932102,32.15118402342189,0,-1,2019,94,0.2005563985837126,0.3808421851289831,0.4137332027923364,0.12239027577459824,0.002418200037300339,0.0,0.02268050361781691,0.3339581667198773,0.03
-87.65670696892171,34.97823474454993,0,-1,2017,322,0.0719151679073824,0.48185690271862097,0.6007061565815794,0.03877695216511891,0.008860795481468144,0.01611053723903299,0.02171763598399055,0.2879742736832795,1.5047923444781346
-79.60033619344203,35.96975470547636,0,-1,2019,145,0.15311856744162547,0.407124906866026,0.49612550376535547,0.008480639645575555,0.04744177528544003,0.06095281398403556,0.03398757199151258,0.2628669041123572,0.24186773244895649
-82.69568943284283,37.23234709492413,0,-1,2020,113,0.06500707285035869,0.8786753561685358,0.8721495417747277,0.0,0.03810413910473585,0.0,0.05226531443492644,0.0,1.2343824366864589
-89.9917044693866,37.12528083630186,0,-1,2017,60,0.0,0.0,0.18582887903141482,0.1363847385285624,0.007859123087318683,0.4918440679250532,0.0,0.17648767611192867,0.06
-85.21936326487173,32.57134111501816,0,-1,2017,268,0.031771919843226505,0.7909349516404326,0.7516448108625526,0.013985253716278907,0.11742414664981043,0.0,0.023381795195954496,8.05941845764855E-4,0.6841052550594827
-89.51885626163585,34.44178537274488,0,-1,2018,61,0.013879583865299775,0.4589869673488477,0.6260981295656413,0.07716426299710272,0.021771136105143436,0.0,0.014716289649943131,0.18843359029445217,0.20124611797498107
-78.22227528587082,35.305850456639035,0,-1,2019,22,0.0267591049148861,0.16515128554831543,0.20559375107393307,0.2616338540097883,0.016438702340714543,0.4553905929178385,0.06994661528255999,0.00287456170831096,0.15
-81.93573503161865,32.934204895138436,0,-1,2018,44,0.03728145029772063,0.4497288277012932,0.3214730670204738,0.2769779807495887,0.0572749596265735,0.14149503351547474,0.06896192098501686,0.03022871427623327,0.2683281572999748
-85.42436973157548,33.61839850111552,0,-1,2018,101,0.03846688662191717,0.6822152274767092,0.6231597573306372,0.003478766430738118,0.0905574760950762,0.0,0.07176217049756371,0.14712034936264073,0.45793012567421243
-82.37940410417144,29.737831508035132,0,-1,2018,100,0.24990509932936858,0.45831962545868654,0.4481533821393173,0.2089595359636755,0.04240455890910013,0.0,0.04626900599590155,0.0677985933665596,0.10816653826391967
-92.21080240648679,31.052615170423742,0,-1,2019,324,0.0,0.0,0.05752865051231004,0.21112250926690304,8.06237432181204E-4,0.7800773987934893,0.0,0.0010623363812269982,0.21213203435596426
-91.70148128955694,34.70386834415299,0,-1,2020,268,0.03875665221403379,0.0,0.030915933689906628,0.224944931972411,0.012232415902140668,0.8553845376197331,0.0,0.0011657441807566909,0.10816653826391967
-89.92207082647421,33.22593172871619,0,-1,2020,348,0.05805823524205682,0.8187829517150695,0.7753762301899291,0.040330258437845226,0.0668381600070788,0.019340403746729188,0.012365849650482241,0.0644680124890973,0.03
-92.84529300649757,31.50407060556409,0,-1,2020,35,0.09299002187851728,0.004135419169628064,0.1826344640203607,0.24369975712466369,0.006449369289620939,0.26665296702601865,0.016385824033384965,0.32839303215200266,0.21213203435596426
-94.44323507515503,34.15533540463102,0,-1,2018,116,0.0025914268016736827,0.8376376300453817,0.7476763259993175,0.001546841233934461,0.11383886255924165,0.0,0.027731437598736166,0.0015797788309636646,0.24186773244895649
-82.26792510612938,35.695727523436894,0,-1,2017,200,0.0,0.9806965903205023,0.9801634525446418,0.0,0.006854074542008841,0.0,0.0016108654453569167,0.0,1.8653149868051775
-94.39371785811908,32.84718843570428,0,-1,2019,48,0.012897026097511631,0.20685818328950037,0.3828849419162627,0.17783625311099682,0.05018630242619798,0.0,0.3761001956254482,0.09119179826876213,0.4036087214122113
-84.82548567496924,33.14676697039062,0,-1,2018,92,0.0,0.4086266181229774,0.6430381500458584,0.05281668421121817,0.03050595708371521,0.0,0.04641468887273649,0.1848876528774137,0.39115214431215894
-87.42413095365254,31.895080539388854,0,-1,2019,76,0.04596146065142627,0.3009811855148696,0.2964756468293363,0.4625754627904023,0.009539885445510756,0.10739167267255878,0.014641732731479729,0.17657638862547262,0.2954657340538831
-79.45464331534495,36.1669909270854,0,-1,2017,113,0.08762580661455503,0.41673717309222236,0.456344983765791,0.00244953146647507,0.015265994562969462,0.05266215580470894,0.01618163849745987,0.36955073456745285,0.15
-81.79867378101498,33.45157501455153,0,-1,2020,140,0.08765388407189259,0.2976693040774538,0.3812190812274228,0.13409337374523808,0.05902131492044432,0.030899524403924856,0.2069395945582961,0.05005293178909449,0.09486832980505139
-83.69437370766887,31.482976378744855,0,-1,2020,21,0.07113769728854717,0.14537383650343993,0.14628604839717188,0.2500921805129638,0.012490792348085604,0.431781178769131,0.0,0.003224654061009192,0.12727922061357855
-82.96345802136103,29.281516149720535,0,-1,2019,9,0.038720453510148294,0.32020296603735376,0.3509704959908029,0.4787471549018677,0.0794181463933047,0.0,0.00485194299125132,0.006509321170792188,1.4424978336205567
-82.97019838615296,35.27944642896315,0,-1,2017,65,0.039652253026359024,0.9079203416816193,0.9345305358402687,0.0,0.0024164966169047354,0.0,0.03544195038126945,0.001610997744603157,0.2716615541441225
-91.73847903962405,36.82423793956885,0,-1,2019,61,0.05220675542530884,0.4165424550943586,0.4201441145965163,3.435389666651007E-4,0.007736491927207507,0.0,0.009416415888543996,0.6905561116707352,0.8782368700982669
-79.90261604097905,36.20163617047928,0,-1,2018,61,0.48063395845172685,0.3529961482604028,0.4762357577748025,0.05527473915569816,0.009349276465146236,0.0,0.010770139149818916,0.2021477128846985,0.21633307652783934
-89.13130500623234,37.687788067328384,0,-1,2018,60,0.03778922905931091,0.45739870667879173,0.5191426771815817,0.05500025002639171,0.0030244481487094023,0.19744468858918032,4.767136434813359E-4,0.1751243875334648,0.09
-82.39451406124263,31.412899079881296,0,-1,2017,84,0.05887709801044738,0.30540202117298865,0.20449530040913722,0.28310994913223336,0.028475770145176816,0.3603115989680816,0.06340735494966876,0.06286989731397648,0.32310988842807026
-86.33725298835344,33.47385951376267,0,-1,2019,53,0.2568831694182489,0.4216620736732991,0.40944359199273955,0.017886655662034765,0.1098418055529221,0.005568090606296176,0.0153106691189018,0.14858143253509287,0.16155494421403513
-88.63022952909546,32.1067858528228,0,-1,2020,48,0.0374908327643325,0.665516020534608,0.5817304531556432,0.22517697678440834,0.008506562476291635,0.0,0.031200212426978235,0.010479098702678102,0.42
-84.60048966549162,36.63631201136584,0,-1,2017,164,0.003221690187110715,0.9967783098128893,0.9714766685848266,0.0,0.0,0.0,0.0,0.0,0.5307541803886239
-86.10417440515117,30.91885944321311,0,-1,2017,220,0.05855496958429768,0.5355187110318576,0.4642576038395545,0.18817833613907844,0.1469498352715016,0.06355800909326607,0.08065056690632925,0.031617754001226774,1.064048871058092
-83.66226725089311,33.00848349670933,0,-1,2017,19,0.022160139559578285,0.9418248931813011,0.7923974878409252,0.031229063866299988,0.04996492026470983,0.0,0.024265063743987483,0.029580749758234284,0.48373546489791297
-87.22699633029083,35.341711783590476,0,-1,2018,97,0.07302461958444974,0.37848187654820303,0.4533635341872046,0.004639287793518337,0.009384495839992926,0.06403947110737684,0.008320014150973198,0.4003430347520108,1.5911316727411342
-80.88426832739474,36.69258037534606,0,-1,2017,136,0.37506946198534985,0.2102551149280121,0.44493893274392166,3.8648563309125346E-4,0.0074301900019262245,0.0,0.01342991843527082,0.3969483486536924,0.6586349520030045
-84.9853943762724,32.16047358762387,0,-1,2019,38,0.012985863490377563,0.7374124370937968,0.6146915512580944,0.07404286953289552,0.052124687081194575,0.09928060282701603,0.03268263079373912,8.060029837914387E-4,0.4080441152620633
-80.85996278760898,28.327731033768256,0,-1,2017,227,0.0,0.0,0.005936640408125052,0.692669792723693,0.0016132399552088671,0.0,0.0,0.010460753984070046,0.21840329667841554
-82.61236704081948,37.50250156585123,0,-1,2020,266,0.025232370175793085,0.9683269347342897,0.8136307154547107,0.0037353767199401916,0.011454695856986786,0.0,0.01060853861066031,0.014678302381238028,0.8904493247793498
-76.68017694231256,37.35729595720318,0,-1,2019,73,0.046338383838383845,0.7047979797979799,0.44407798525463416,0.0973189095804466,0.0024149633020282535,0.04830242285533896,0.0032199510693710046,0.008854865440770262,0.23430749027719963
-80.35080659121331,32.85302506420869,0,-1,2019,145,0.022212951022781872,0.5388758249260411,0.47620509159161245,0.4552736219795597,0.03876118445380676,0.0,0.005641610750982148,0.004835666357984698,0.6155485358604958
-93.32769820713614,35.12788295631825,0,-1,2018,132,0.022051482946431958,0.40502697989460784,0.49630942880924817,0.04593996738247662,0.0064440520451968086,0.0,0.0327635822611673,0.45742029434155335,0.34205262752974136
-93.57232984489309,33.69279570342369,0,-1,2018,69,0.04667981591058513,0.16417589642441713,0.30550231868950195,0.0643045170083572,0.004028639678467157,0.0,0.035742723170839596,0.4006679642572767,0.33
-94.09424319872129,31.44248384766034,0,-1,2018,32,0.09289472352911414,0.6610512470278745,0.6642295819763302,0.1180366690624449,0.06274323833009275,0.0,0.031058630119662967,0.05902530785159891,0.17492855684535902
-88.4506243766195,33.892707123404534,0,-1,2019,186,0.04314573220064725,0.27317202669902907,0.3010739424871548,0.31794035989509306,0.013788658165135295,0.051167170102245876,0.003977983645716164,0.22609418247538637,0.4295346318982906
-89.38043352133461,35.54498962507864,0,-1,2018,111,0.041324925122268694,0.028447219097928696,0.04017751787281763,0.3262280029289845,0.0,0.6580238217819907,0.007665800171193397,0.0024162905360374737,0.5408326913195983
-92.39035563523844,36.69369362728049,0,-1,2019,322,0.032210797564611066,0.8536492938887906,0.7604084989774391,6.441528102239937E-4,0.02083280701311169,0.0,0.0530499204203825,0.16711719677639394,1.0741508273980893
-84.76108263748897,36.399798097201746,0,-1,2018,65,0.110552382877647,0.6746853995047255,0.789660041986343,0.0,0.014495545540961762,0.0,0.05613786874425626,0.08809438842377525,1.041393297462587
-79.31855215669601,34.014781219128416,0,-1,2018,168,0.0,8.085095631521765E-4,0.10571720479627846,0.6616737028193987,7.773813624398405E-4,0.05223307536491106,0.0024174664319775523,0.0,0.19209372712298545
-92.61474319152133,34.72492608711488,0,-1,2018,214,0.029777929448046612,0.9120438832644496,0.7282447339491276,0.0015916299169815135,0.017166812514018717,0.0,0.07472333757712267,0.011429798983386034,0.21633307652783934
-77.38888525179826,36.304738682875254,0,-1,2018,98,0.04194815198312983,0.05505537105552259,0.24206139688291506,0.27023914964523904,0.006090745476934737,0.36279245997916093,0.09210002841716398,0.0024154589371980684,0.41785164831552357
-81.45306510627137,34.6573929432695,0,-1,2017,23,0.055440440693384524,0.6729418304947691,0.8148524985405278,0.027376917847512307,0.029360006824234883,0.0,0.042079622392336646,0.03222555360025781,0.15
-83.89687493134828,33.882311346832125,0,-1,2017,312,0.1279150603551792,0.5479618277191431,0.3637030476381132,0.0311957503126703,0.02842219680356929,0.0,0.007251688900966262,0.10385872003741181,0.19209372712298545
-85.15261236302625,32.97997979682296,0,-1,2020,257,0.08866440780823305,0.4836654192373826,0.46789359146013376,0.02855133344389744,0.061183534802875895,0.0,0.02492849806431225,0.12183297779884653,0.3014962686336267
-80.42169778888069,35.40203240401433,0,-1,2018,245,0.1987520367820738,0.19717313594967728,0.4854257262626999,0.006316975735232806,0.010369944533589396,0.05927261930332166,0.0049054291381859065,0.3201795393381935,0.21633307652783934
-86.33591974355723,37.53341378035619,0,-1,2019,325,0.07292364049769476,0.43164277142676727,0.4437996879374013,0.0,0.007883537078197618,0.1221269448373409,0.005635608203677512,0.38539351384118015,0.12369316876852982
-78.0781280820597,36.24761797041597,0,-1,2019,344,0.001919337323534612,0.6042124403363893,0.6685543647966532,0.10033701676999494,0.044258826501610574,0.06791195604117983,0.08231857512789746,0.08521758352807429,0.1341640786499874
-84.88703255178285,32.096576016645486,0,-1,2018,99,0.0,0.9625237071690481,0.8142940876308498,0.06331058080888535,0.0020387263175861495,0.0,0.07708598051673025,0.0,0.3189043743820395
-75.80604454442127,35.623623612599275,0,-1,2020,153,0.0,0.0,0.0,0.9267281741750331,0.0,0.0,0.0,0.0,0.942019108086455
-80.02193166836692,37.34948051668123,0,-1,2017,14,0.00608593542847763,0.9906943269485726,0.6556521422855894,0.0,0.004678429032777413,0.0,0.00563494994838575,0.017031123233356368,0.5707889277132134
-77.38856867185417,37.26924839770888,0,-1,2020,130,0.7513319698002675,0.13411862737671387,0.2207239155209621,0.15792081908780098,0.010742301560995628,8.049623561721673E-4,0.007475101409473301,0.0024148870685165016,0.24
-91.13270259225789,31.838248679933233,0,-1,2018,107,0.03740610536432382,0.9428412453526896,0.9096709066642528,0.00828208029106637,0.002418360572819524,0.0,0.009673442291278096,0.012139221698858787,1.0538500842150178
-80.17854894208259,35.595885195601475,0,-1,2018,3,0.025424049913484976,0.5048562082422926,0.6533761303962908,7.731364884039632E-4,0.01336036992116434,0.043688093794218716,0.0779323327269052,0.1366232059834243,0.4080441152620633
-83.81799156086156,37.18003881865326,0,-1,2019,42,0.05126326427488632,0.858413340070743,0.7726092265072525,0.0,0.008051555213145186,0.0,0.010236526274908507,0.12478016096795469,0.30886890422961005
-85.69773424420028,37.166672211144984,0,-1,2017,166,0.06050959437096555,0.1640075289599678,0.2490550978242749,0.020932323686457154,8.051402680643483E-4,0.15327344773692442,0.00336580206179057,0.5445116271726947,0.6
-78.3257338586122,36.31216810559518,0,-1,2020,92,0.0850212142640671,0.48065461157692707,0.48022959119226766,0.03131110516024394,0.03930033095015539,0.1554013086425992,0.03144026476012432,0.16218136573781686,0.18
-88.9587381546662,35.76244878045526,0,-1,2020,355,0.0381640802709397,0.2123666784613052,0.15239094809703985,0.043778926426885495,0.005637726338130931,0.5510032626169793,0.004832336861255084,0.24069775154208414,0.30886890422961005
-88.78313690668844,30.64780473445884,0,-1,2018,306,0.05848500562842293,0.5321578993966839,0.5554132368533944,0.277523998575464,0.06736901347886165,0.0,0.07989300382897058,0.05003904854350515,0.517880295048962
-82.40230696132272,29.0295572980088,0,-1,2018,134,0.06324260714421288,0.38973035214921103,0.3867657425198462,0.2537936541592176,0.002419660931174089,0.0,0.00293205971659919,0.23925860323886636,0.47434164902525694
-80.96938985531186,32.2378386934586,0,-1,2017,52,0.3793857984872631,0.34838481191975923,0.22173034444255627,0.4697626647571418,0.03855356189019285,0.0,0.025771908809036927,0.003214377147263988,0.15
-85.79412820875031,31.956992553711444,0,-1,2020,307,0.0,0.7423025858253779,0.6340143306819008,0.12661584305030704,0.04754544017701913,0.013096254148885728,0.06268373636794689,0.017844159949423108,0.5531726674375732
-89.37944532102728,32.34218760511945,0,-1,2020,105,0.03770626541063413,0.43634064614022877,0.4989145270316396,0.13283023485963685,0.0077221663790215,0.005642270563468431,0.013762714864617118,0.2215468355870806,0.03
-89.12127399969391,33.71924690478606,0,-1,2017,63,0.02840600230079769,0.3792144419301417,0.6006441720427713,0.03993442003030269,0.005640113371018347,0.13520789426288296,0.11786731040845792,0.1378273082598433,0.49477267507411926
-92.25341447321398,32.635402264230336,0,-1,2019,314,0.032851561018170786,0.10296776804117194,0.30925973964899184,0.4877037927022228,0.010686043351011709,0.0,0.03207709375019753,0.05741575377535602,0.24
-77.44891915218938,35.6951912491242,0,-1,2019,73,0.08591273599797945,0.22476479131148586,0.18565919362271502,0.2871440669744278,0.004737689902403592,0.5062853352705223,0.02521082720065698,8.054072834086104E-4,0.2830194339616981
-83.60904985755798,32.79480344146302,0,-1,2019,113,0.0,0.04326224098914018,0.15365147716619523,0.4062325865502178,0.1529449318601301,0.005641450279386114,0.006447371747869845,0.0013147581603499292,0.03
-80.71422950261224,34.453563522371695,0,-1,2020,109,0.003221608782989904,0.9426174623829796,0.7157344523679064,0.04767910180694021,0.1371278353707665,0.0,0.05058879659265766,8.057050234918308E-4,0.6307138812488592
-79.2480851209998,37.08991914300318,0,-1,2020,9,0.07401141356497144,0.4126180495934548,0.49308779273633496,0.0033413001163443323,0.012109656156478474,0.0040881138484462004,0.03342782821714041,0.3978634475269278,0.4080441152620633
-82.59728524021186,31.15619735683313,0,-1,2017,96,0.1341799691365833,0.16990057932151084,0.26994033844465165,0.3589081353677442,0.0547164740661113,0.23050729563526579,0.1117093760374347,0.05568079422040252,0.18248287590894657
-79.97292536307222,37.41537096140482,0,-1,2019,289,0.011616161616161613,0.9851641414141413,0.7762533895873496,2.5762884473164166E-4,0.010673157057352826,0.0,8.049852261534961E-4,0.0,0.2580697580112788
-93.5423637678593,35.33815183777504,0,-1,2019,13,0.0451082218263144,0.10194205425621977,0.33079608102159874,0.005073830807957021,0.006538714242393608,0.0,0.003076670372991002,0.7503980086930147,0.21213203435596426
-91.22619306340324,31.158659547202134,0,-1,2020,95,0.017148060094086693,0.8504097324093273,0.845672648915507,0.03510136775655552,0.022204306174713074,0.0,0.05332131904265072,0.003914129438173827,0.24
-92.64926058070662,33.16787291988575,0,-1,2017,321,0.028978177864313344,0.32413330973272303,0.3887894827583591,0.21511868653800564,0.06495406697657367,0.0,0.04812933930394166,0.043657703380430325,0.3059411708155671
-85.60178405363396,35.23611690490099,0,-1,2020,35,0.0,0.9680537828718738,0.9451557099546117,5.154871024621581E-4,0.009482894778406041,0.0,0.011542470859525542,0.02013772625327732,0.8863972021616495
-87.6492595476115,36.87836390034371,0,-1,2018,63,0.06804285208954473,0.03941583708120674,0.15406004538666565,0.0021900177626354165,0.004831192451972266,0.644645270483625,0.001780910158766247,0.16495206699253542,0.7788452991448301
-76.24857820105656,36.36550158566192,0,-1,2019,66,0.006440939114181433,0.0,0.052327684643445414,0.4463157203342729,0.0,0.16497566921500456,9.694420497857437E-4,0.0,0.0
-92.21025533562113,33.53958001567588,0,-1,2017,82,0.01934358248204713,0.7066602609487206,0.42000473207171696,0.32701143381773035,0.039644695554902486,0.0,0.1023538445495653,0.022334505673684897,0.8590692637965812
-91.44268749567895,36.28612013521011,0,-1,2020,107,0.028994112742249285,0.6352047906612426,0.7934743615783927,0.0024479859820592206,0.03690544991741593,0.0,0.004831879032487282,0.20794449339485302,0.20124611797498107
-93.7684410190262,35.959149796103944,0,-1,2020,49,0.05617537431296988,0.6757470465601113,0.7577513396613013,0.0,0.02449970942719256,0.0,0.021413952548197186,0.2223260984915481,1.7454225849346625
-78.922403824897,33.8017964517962,0,-1,2018,268,0.07716213143333588,0.11733495035245965,0.0967867342136141,0.6193917235947366,0.025673681316424026,0.0016117155922422764,0.02723799350889447,8.058577961211382E-4,0.0670820393249937
-80.3634875179477,35.68404803114175,0,-1,2020,320,0.15379174455615627,0.4317309149699389,0.469209604107239,0.03815366268390481,0.02256016676141747,0.054279578043080035,0.02233908154885983,0.24636472743351648,0.23430749027719963
-82.23264902300738,30.738709148271653,0,-1,2017,74,0.0,0.0,0.0,0.997939092441872,0.0,0.0,0.0,0.0,0.6307138812488592
-82.25432554064382,29.047183122120018,0,-1,2017,43,0.1890041756295078,0.5227002404150322,0.36710690178484284,0.02200045442101552,0.011864208425454117,0.0,0.14268046976065987,0.0067876809600172045,1.6368567438844488
-85.34259462565821,37.0908942642657,0,-1,2019,304,0.13292738390014666,0.28975693567133276,0.3189357643554711,1.2881884735926408E-4,0.0016103262963126693,0.08024476959703955,0.0016103262963126693,0.46058489577084133,0.21840329667841554
-80.82868431992871,35.111536077942105,0,-1,2020,101,0.9226901796316415,0.07086733533766201,0.06108128706456245,0.001417638966523504,0.0,0.0,0.0,0.0032221379833206965,0.24186773244895649
-83.20840115113272,30.04802200775347,0,-1,2018,203,0.048673406126244656,0.31456153447119684,0.29575709680226503,0.25427872365830095,0.15864251991411407,0.04512179310824616,0.12634355048334625,0.17433348195792356,0.6462197768561405
-81.65097810643752,29.178134687131607,0,-1,2019,256,0.036301291865423316,0.6899143395796693,0.5909566342085699,0.2739186383488625,0.0,0.0,0.0037764135457486873,0.0016130409617519518,0.6074537019394975
-90.47184106908058,31.40277354375928,0,-1,2019,84,0.13005703590353215,0.42961567159460234,0.4196281663696777,0.20319341731969637,0.02149527982750662,0.0,0.03160270880361174,0.19656846937420566,0.7823042886243179
-93.56019481686589,37.214144780881135,0,-1,2018,163,0.061747729770008974,0.2570190838248481,0.2491978031526135,0.0018630365070288217,0.0,0.0053237005718399615,0.0031796954186493723,0.6774140582323166,0.8658521813797087
-94.25981843874501,34.53739212726219,0,-1,2017,38,0.049680803994690596,0.9262119967132291,0.6560819950221498,7.733662763778555E-4,0.020434404865334477,0.0,0.02526814627596555,0.0401642840217992,0.3
-88.36732852168089,32.287286278161226,0,-1,2018,39,0.05295768948686175,0.6751599605472801,0.6817766683826779,0.13538671443178948,0.02503492878321396,0.0,0.13456906416148795,0.004030244216994672,0.7648529270389177
-84.08229992046296,36.74771233200109,0,-1,2020,17,0.03633469356815284,0.694490417293091,0.6728455374915376,0.0030075074013074777,0.01665435116239413,0.0,0.028477235264025454,0.21866651509122945,0.2545584412271571
-80.11214119171647,26.34074597204565,0,-1,2020,81,0.9354969471257379,0.0,0.0030984690423958663,0.032084343162534446,0.0024206103102178246,0.0,8.068701034059416E-4,0.0,0.10816653826391967
-83.89385636121928,30.29889279826327,0,-1,2018,8,0.052601616759649306,0.4022670057054663,0.360247674196827,0.47095383099205756,0.017493375158901335,0.0,0.04052062713054261,0.0,1.3945967159003352
-81.80015299311171,36.98552214001939,0,-1,2018,234,0.03538727725085564,0.5391318624417474,0.6634391985317261,0.00266940545106334,0.016444844408658166,0.0024155733434376913,0.008857102259271535,0.276366851386981,0.6
-90.60870517215034,31.094397458771127,0,-1,2020,11,0.016124748643624075,0.64734226201768,0.6215707241667459,0.08041182671471378,0.002235262129537708,0.0,0.061926561996117534,0.1473059874673563,0.4459820624195552
-94.01130500403178,33.52211301659607,0,-1,2019,206,0.11561607120281167,0.0,0.0846401339544365,0.07385087659872215,0.004028919743918699,0.0,0.0,0.8523171818417371,0.22847319317591727
-84.85232566573615,34.25804676637016,0,-1,2017,63,0.25774772497472215,0.3736981799797778,0.44829723208910355,0.0030935980213104407,0.010473966742390973,0.011481868821070525,0.011614570662150592,0.23268951876625205,0.15
-81.0897994164745,28.772295186721227,0,-1,2018,67,0.3900380815020054,0.12466947533558535,0.09247646047292621,0.466512789733801,0.005623521374441757,0.0,0.020969598825955484,0.05205394532090126,0.2954657340538831
-87.29486769254733,35.72352744516003,0,-1,2017,115,0.05126876611231869,0.6189784158115558,0.5386494802486393,0.0010308616740283998,0.010469930926881038,0.009377141756232216,0.01016988765748324,0.3603993417998176,0.7256031973468694
-77.64940778031102,35.57204249127924,0,-1,2020,142,0.0205084167855835,0.6002374127066312,0.22025632318430166,0.21466182359159697,0.020941713809212475,0.25968988575237,0.09332486820618278,0.0028585597281051717,0.6841052550594827
-88.3357043574842,34.17238786445655,0,-1,2018,282,0.04112099914041562,0.5506269909490821,0.5400264072581543,0.2628063070076291,0.004761333046874013,0.006445334715078291,0.007769155913910549,0.1332636141898467,0.36249137920783714
-84.76926988295976,34.22299065875503,0,-1,2017,187,0.04658863975327994,0.8061123890897144,0.4782524300309307,0.0037780542262495394,0.016982622432859404,0.0,0.008862559241706163,0.14342812006319117,0.17492855684535902
-81.81867672665672,34.30475583896922,0,-1,2019,351,0.02330195235989132,0.5193530043596386,0.6362689261344308,0.012513376498711247,0.25048893382411025,0.0,0.12315445253629488,0.01256220280880239,0.6801470429252781
-92.24549731117118,33.02980940140479,0,-1,2017,25,0.0,0.31309823359085553,0.5814617024374854,0.20342192442420173,0.05962456151439495,0.0,0.10592232089245641,0.0,0.37589892258425006
-92.08805781654242,36.85396686538496,0,-1,2019,31,0.016104991915925623,0.9838950080840744,0.8197224937670976,1.2882594099771906E-4,0.0,0.0,0.01796456348542215,0.0634048989670929,0.4295346318982906
-84.24160783550505,37.833563272330785,0,-1,2017,0,0.01844226056640478,0.19820377434757355,0.23888009754269363,0.0,0.0016100314429670032,0.00966018865780202,0.002415047164450505,0.7418772335240114,0.39
-92.55506917605764,35.814031136986294,0,-1,2019,141,0.08640665074732466,0.780287811595851,0.7295362498262988,5.154183352493085E-4,0.013761627264256723,0.0,0.025208066834067684,0.15598300721719494,0.8919641248391104
-84.2585719253758,36.35134247587837,0,-1,2017,22,0.019419561069907908,0.974136732914703,0.927078617623282,2.5767987065480983E-4,0.002134842460626999,0.0,0.008409889752440383,0.001610605998402026,0.8149846624323674
-90.11308682382547,31.53743040259362,0,-1,2019,97,0.3693169602772121,0.20964172347071686,0.4215982107452391,0.2659346650913239,0.002450120293002771,0.012092529188045934,0.026432846154575702,0.18809020236412885,0.2765863337187866
-90.85387338912221,36.01182735555049,0,-1,2020,320,0.0027923431676037647,0.0,0.0,0.03925128431600922,0.0,0.9155607072244786,0.0,0.0,0.5474486277268398
-83.0367686701417,32.84829815644167,0,-1,2019,74,0.038645816214302874,0.6981277574807531,0.29347045641172914,0.5346581462798982,0.03802381110405271,0.0,0.03973995518430379,0.003546065668585084,0.21
-89.48443496381772,36.284797676412474,0,-1,2017,317,0.0439671509791535,0.0,7.730505484111541E-4,0.03770970890857392,0.0,0.900381496172406,0.0,0.0,0.7249827584156743
-83.20570178126937,30.60201942474975,0,-1,2019,52,0.028591670462021154,0.0924927888264764,0.28534123584296683,0.26848381894376444,0.020678664929743143,0.20210707374758133,0.04403860017453554,0.07436098498741577,0.18
-82.56051471553774,29.268392940040194,0,-1,2017,247,0.003226541147889462,0.1460421095252556,0.2052731211393927,0.09339488546516544,0.022016845527838128,0.2861905258929615,0.11069150164311899,0.25905929461328975,1.548709139896837
-93.49805906935894,32.27490683974755,0,-1,2020,36,0.0214455515654241,0.021989277224217285,0.02401699577179101,0.22128992486723953,0.010122020610735279,0.023765568691913746,0.013333754820762465,0.17441992792564956,0.0
-88.56909280792354,34.941011595330004,0,-1,2020,64,0.10256831568037615,0.1960994969539169,0.23968531062081716,0.18487343992123678,0.014161433391036255,0.13734347556892135,0.023094856016476928,0.23445496013444367,0.20124611797498107
-78.86149570891784,36.418181735522445,0,-1,2020,13,0.03135140595209535,0.6193260015909292,0.6138955075776409,0.02822239198401005,0.05877374964081482,0.02387831595034877,0.09342288491232725,0.0752883743988582,0.3
-80.87856270999751,34.239659330683025,0,-1,2017,279,0.06568291789319416,0.7600090963071517,0.7015155329234896,0.022724400676535663,0.03140778938454636,0.0,0.11785820362611461,0.03759771487793935,0.579396237474839
-85.26765352474013,31.338339285360377,0,-1,2017,129,0.08749920961112873,0.2393550426809992,0.28141150859204206,0.08034093012763383,0.004837042259309727,0.33761606530323207,0.04208226765599462,0.19717112064468612,0.36249137920783714
-79.73456441367259,33.774822131679606,0,-1,2018,72,0.022159614922997235,0.04671964423332029,0.20986389210050432,0.45577516995161393,0.011929365515759405,0.3163794138652408,0.013155483084001695,0.013670578866536475,0.34985711369071804
-84.85532833559594,35.2305524843683,0,-1,2018,106,0.45622614805267037,0.44040488285692647,0.3388470098791336,0.006185829598588173,0.011059584657471932,0.0,0.009243171867398706,0.16018865421186637,0.6067124524847005
-78.17760837264338,37.69797969251852,0,-1,2019,13,0.02596828763318689,0.5172322375397669,0.5856309751820334,0.05061226675071316,0.16149611419408202,0.020123487187257344,0.028725291514359503,0.16009457249821654,0.4326661530556787
-89.86207630780986,36.072169983738156,0,-1,2019,51,0.06039318744630312,0.0,1.2884800785821268E-4,0.006600555006477773,0.0,0.9157433960357267,0.0,0.0,0.6413267497929585
-87.62114713656138,33.17026020889387,0,-1,2018,33,0.30306708134213256,0.022566942274140942,0.02129924052629742,0.46551172327874585,0.0015896442420430875,0.10984662935374478,0.002430291097676211,0.2702142385351254,0.3612478373637689
-91.3741686421553,35.201455393655785,0,-1,2019,193,0.03395806741061837,0.0,0.0050260449700888455,0.407445217625979,0.0,0.34647823257753313,0.0,0.0,0.0
-89.0070631819111,31.338482252298842,0,-1,2020,75,0.028997786911160305,0.6907998735377808,0.5531952129088191,0.13563728492762256,0.05268931765658047,0.0,0.020938518591115594,0.07380171795123092,0.1341640786499874
-91.37169671239519,34.3241999220423,0,-1,2017,237,0.0,0.05649596096228966,0.04488001548806881,0.17934668050348362,0.0,0.6249229904049988,0.0,0.0,0.1341640786499874
-81.36904276451904,26.52690493262228,0,-1,2017,79,0.0,0.0,0.03609030854846943,0.6703329917617803,0.0016137606318347515,0.11859242102065619,8.068803159173758E-4,0.1519719522073715,0.8319254774317228
-85.31618392411028,34.32878545927881,0,-1,2020,94,0.046690934829870086,0.8804540168865971,0.7756890298611194,0.004124701451985895,0.03348446312064579,0.0,0.00873287941738677,0.03990774237373816,0.2683281572999748
-93.3913185856725,37.48735585338302,0,-1,2020,228,0.01708764839605961,0.40056832533468045,0.30690670667333475,0.003045962205822185,0.004025701340321741,0.03909824289976794,0.010466823484836527,0.5466744549516127,1.3583077707206126
-78.44488680958486,37.7008835970849,0,-1,2019,72,0.0,0.4816689811892438,0.6077015431068317,0.0117863238236279,0.10166329420009411,0.0,0.07733734030765735,0.23038944886214774,0.7683749084919418
-86.11941913659192,30.79361323407101,0,-1,2019,59,0.16990868388434988,0.38827055877368294,0.4476477756570996,0.10888538271607433,0.02556952019603194,0.10884515058098176,0.13456643743577587,0.12448660184965617,0.08485281374238571
-81.5337981678341,33.934498145266744,0,-1,2018,10,0.2640970554783267,0.44031340831543003,0.4911042246970616,0.02155520617957362,0.08287278851592396,5.466501091720307E-4,0.008503095050762625,0.11207591168914886,0.03
-86.73586094136714,31.759097588438895,0,-1,2019,55,0.031018436559520503,0.4069699805265422,0.5942847952450333,0.0577736282866271,0.10655038122573882,0.0,0.08923084704186535,0.13810107855905526,0.15
-85.06555016077318,32.3579499052077,0,-1,2020,244,0.0,0.36606149489228257,0.5246600329410644,0.09204332200067662,0.017377342448694495,0.08691199757260844,0.07661454728198518,0.12284877160710395,0.39458839313897714
-81.87713031917275,27.909748858243574,0,-1,2020,21,0.10088446305879972,0.04178107324973744,0.034111103406352525,0.2235764600840922,0.20602499976272048,0.06879838523425809,0.06277465096193087,0.08401590721424435,0.09
-87.62160516919944,30.71913556010744,0,-1,2018,247,0.0,0.4744137808919133,0.4319889235295575,0.18859087121984328,0.11703644682216725,0.19727194255522995,0.12970287951079623,0.0,1.631349134918703
-88.22661687014491,32.412675940643396,0,-1,2020,246,0.06126319782512487,0.6627931971928936,0.7280855500963841,0.05750469783181658,0.10718778645257136,0.0,0.11695167051237475,0.024986566362170875,0.0670820393249937
-89.77813100394049,35.727720509496564,0,-1,2017,46,0.00644386884831638,0.0,0.003489773488131184,0.229021312076001,0.0,0.9796598392369283,0.0,0.0,0.9734988443752771
-93.11897115855452,31.83490745041861,0,-1,2018,76,0.0,0.35575816588474796,0.21862783078555478,0.24844002714843355,0.014450327985457988,0.048070813245870536,0.06859400932585155,0.16454911878605857,0.08485281374238571
-94.48981226787234,30.053835126027153,0,-1,2019,337,0.0,0.018087757244589484,0.328622977228388,0.4446930325181534,0.0033140121366207814,0.0,0.0,0.0,0.8077747210701756
-93.64112439602539,30.31816443774492,0,-1,2020,139,0.07317412532571024,0.7046598699688836,0.4926145955645584,0.25456512951839694,0.022583470619669938,0.034583508564453955,0.031449901817871356,0.007737573873751377,0.24186773244895649
-81.90196700199857,28.434750094513003,0,-1,2017,112,0.024229158495388238,0.1250047446132824,0.18474431560818333,0.5269698308562256,0.004033291260569595,0.0,0.005203736567558418,0.28334899199352137,1.6371316379570704
-84.9717717136472,30.24057925666301,0,-1,2019,116,0.022188488298545223,0.42435167615433256,0.4373454118463662,0.41751765511177397,0.008727879884134237,0.0048382812401178915,0.11226393614733676,0.002118724464626789,0.4846648326421053
-79.56295953955123,35.465852209107815,0,-1,2018,84,0.09784530665858339,0.68345205617864,0.6668243267484988,0.00786683382677907,0.009666291808291533,0.0,0.034356401865025726,0.16071631644785897,0.16155494421403513
-91.96310827149703,36.01884606990915,0,-1,2018,250,0.012747946936197093,0.984131396083386,0.7955062913134295,0.0,0.01530191676641601,0.0,0.011938337539123326,0.05443629254611895,1.224499897917513
-83.33073159606428,29.798619888025968,0,-1,2019,0,0.0751157670993699,0.5669677876464483,0.37572384189092195,0.33027023936556416,0.021046672696567386,0.0,0.14635581052618266,0.0,0.7256031973468694
-82.29819050679164,29.472386011127462,0,-1,2020,35,0.049806392832738584,0.6825728241338292,0.5537304370265794,0.1554371530782115,0.005939635841495851,0.0,0.026715710305173297,0.1740933199654628,0.5474486277268398
-86.02222621771027,35.85645573706052,0,-1,2019,78,0.07989283593029285,0.6882637651489306,0.776312318782725,0.0,0.0016107331678383962,0.0,0.0048321995035151884,0.16753519925716776,1.1148542505637227
-92.9319899188529,35.88691427457731,0,-1,2018,62,0.0024510732921451945,0.9724949146546388,0.8893200243353753,6.442608736076388E-4,0.015255313302443691,0.0,0.03353958011566244,0.0035943160534536067,0.9794896630388705
-91.863991710647,34.9602662248422,0,-1,2020,136,0.025781013042159538,0.23100545950864418,0.2909255029720677,0.11809678513324404,0.012083322803204528,0.04480148601177689,0.008008162955849276,0.35396080264853796,0.0
-90.3496698404981,31.486652733046068,0,-1,2018,141,0.06296474277909857,0.4682330922150837,0.5354736376777727,0.014943589152203578,0.007255379887897267,0.006449226567019793,0.021108571464701544,0.40270361694123297,0.4965883607174055
-81.36284220334623,31.626815011388416,0,-1,2020,160,0.039217670723376244,0.5881891556815015,0.32651983608762886,0.49717219801795853,0.052874326268038674,0.0,0.13203091659158814,0.004852450724706406,0.7206247289678588
-80.51378638571865,37.70316176426946,0,-1,2019,55,0.08553462296075559,0.6506010404565886,0.49550361801664194,2.5759995635953677E-4,0.00243061693477108,0.0,0.0016446122376827697,0.26138286320361626,0.6627216610312358
-83.3772289711683,32.00907877182108,0,-1,2017,123,0.03579466430648626,0.6414085219370333,0.4189145928800342,0.22165423161710585,0.01938420686603023,0.2202630081557818,0.015372700259214778,0.004049440475437822,0.2765863337187866
-87.56327185751816,36.93508480120268,0,-1,2017,54,0.009626681826795531,0.42215905501863443,0.398799164416468,0.0,0.018525769354645186,0.22652465787163645,0.004291208548314779,0.2225018472089778,0.5954829972383763
-86.3347846774148,36.22345310762916,0,-1,2017,109,0.8397690227692002,0.02898587349321475,0.15615414115272885,0.002386381607834081,0.0024159089976030397,0.0019169369431961375,0.0,0.1518264587826977,0.29698484809834996
-93.46391452280317,32.67784457121882,0,-1,2017,304,0.0,0.6953899453773008,0.6170144661949786,0.23788314583105782,0.03785386266162241,0.0,0.06831520760048164,0.0,0.7689603370785778
-86.52149742818247,34.37959470940311,0,-1,2017,72,0.18243294486437298,0.5386657228809065,0.4212390445154462,0.01002806888781391,0.00992066626436364,0.023310406273399666,0.012084888044965264,0.36290365895656074,0.06
-92.15049860393043,31.437335433261865,0,-1,2018,79,0.025203920328801765,0.0,0.11847346900789248,0.680479433347294,0.0,0.008507476842338206,0.002418513483607851,0.019556763934115252,0.042426406871192854
-93.88687361347252,30.07990708658978,0,-1,2020,133,0.3941356541098491,0.02600753915045412,0.07427922658776576,0.42129676476659605,0.011538850731731993,0.0,0.023090350244753907,0.3981362020769299,0.18248287590894657
-86.90041786156897,31.52900437298112,0,-1,2019,83,0.11924784076682814,0.6816727576221245,0.738682838255451,0.07276860904442295,0.04723503396736985,0.0,0.04794947096888407,0.10289473434640081,0.19209372712298545
-88.7256260038954,37.61052036674971,0,-1,2018,71,0.07907399689311562,0.32671541696662004,0.5811864919594153,0.043333843493862184,0.002891989252913302,0.16937396009938854,0.002415253033273664,0.25580528956200277,0.480936586256442
-91.10088304401461,30.441582846309107,0,-1,2019,41,0.990323927094269,0.0032253576352436713,0.015179323944631007,0.013541241927210072,0.0,0.0,8.062833184724246E-4,0.0,1.1669190203266036
-82.750741770133,33.77388254009903,0,-1,2020,176,0.032229524772497464,0.4960313447927196,0.6024826319903014,0.03407324947347451,0.17166166903119612,0.0,0.05095060398188848,0.15440955754337526,0.8105553651663778
-84.46352627455755,37.45032704345587,0,-1,2020,200,0.05340744015663492,0.5070927809006509,0.573062035180664,0.005133691676428407,0.0017774943328555464,0.0016101636052510279,0.002415245407876542,0.39466057119764597,0.9158602513484249
-86.49576752198192,35.931284378538194,0,-1,2020,41,0.6900360144057628,0.08915145005370576,0.19355860724512663,0.0012885210961221575,0.004026693027030955,0.02014609789759252,0.0,0.22932885291358876,0.39
-85.5064227962008,31.379231722831413,0,-1,2018,39,0.01246870178810795,0.22768658792584545,0.39157928172715667,0.21481976413653292,0.0024185517143263634,0.1781223818782505,0.05044498190038099,0.062088806689745674,0.18
-90.61391647417031,30.698274471738024,0,-1,2017,22,0.07492664170798335,0.09497369219872502,0.24466523910625196,0.36728974468319736,0.015793118057904936,0.0,0.059549066166683005,0.3229542458035203,0.7323933369440222
-82.5733513539334,35.11728819993279,0,-1,2017,327,0.013342936204086275,0.9834350479511766,0.9256547529700849,0.0,0.0024165729520728815,0.0,0.003917059425582187,0.016318974993998047,0.5135172830587107
-86.13479116152453,33.00631224098213,0,-1,2019,110,0.0,0.4144500632111253,0.7527343092288716,0.008026337145599086,0.4009772069327333,0.0,0.008011706256399886,8.059112802295743E-4,0.39
-83.95832224051132,32.70596693981236,0,-1,2017,111,0.07404551201011376,0.43013906447534755,0.4740179984112205,0.06963727593636591,0.19749492727514104,0.0,0.06024690421557664,0.1332435729682237,0.16155494421403513
-89.58683793076764,29.7586188671559,0,-1,2017,304,0.0,0.0,0.0,0.5321739684794834,0.0,0.0,0.0,0.0,0.10816653826391967
-91.37087578186421,33.786692310356116,0,-1,2017,24,0.02204915545666026,0.0,0.0038491559560304466,0.15706366121765583,0.0,0.8715602417823388,0.0,0.0,0.5731491952362839
-82.99935283814501,32.94351922436507,0,-1,2018,279,0.024120755480265987,0.6127531541553944,0.45288974800946313,0.18523380051806784,0.09185808376420622,0.07600217438023847,0.0411014752917083,0.001611822560459149,0.12369316876852982
-91.13572118144184,32.3146254454794,0,-1,2020,95,0.02679429467401749,0.0,0.002063254946502024,0.12434398100996327,0.0,0.9061134819029553,0.0,0.0,0.15297058540778355
-93.43621135061503,34.86206765057668,0,-1,2017,358,0.01507569439179114,0.961836884272247,0.8653159666609219,0.0,0.04269467698625807,0.0,0.052854209445585165,0.0,1.458012345626744
-93.95745596077447,32.25722386952509,0,-1,2019,110,0.01717248356095093,0.44611785533636805,0.599450092645786,0.14752627661037804,0.041312882892565614,0.0,0.01248964728047492,0.07032578664862707,0.09
-91.04373367224038,30.17751658421282,0,-1,2020,129,0.009802681507715655,0.0032253984315709573,0.009151735460255543,0.2560421741759061,0.0031019860932366573,0.8431109663587868,0.003045068917213966,0.014403207599075407,0.5307541803886239
-90.83109249256806,29.418290410519685,0,-1,2020,80,0.0,0.0,0.0027237864021175005,0.7252087620610913,0.0,0.0,0.0,0.0,0.042426406871192854
-83.13805444576327,31.229485813632163,0,-1,2019,13,0.034944604644103816,0.22555268882480908,0.4056940617812682,0.2636677563610043,0.02786884727618772,0.3396932687960596,0.014732708826663044,0.0024185670069521953,0.15
-76.22524195578238,35.804888737239594,0,-1,2018,276,0.0,0.0,0.04098784371925496,0.5441195122530483,0.0,0.495260925453931,0.0,0.0,2.0169283576765933
-82.17047177143569,33.88625693710279,0,-1,2020,48,0.07622598584428712,0.8822800808897874,0.807753632493107,0.009791124695291172,0.018971302902571433,0.0,0.005640202478529315,0.006445945689747788,0.9529428104561155
-88.48534531755801,31.033957240468915,0,-1,2018,276,0.012887315037308718,0.5309725559630709,0.424514916332267,0.22280994695302356,0.01611801752810694,0.012510591478760132,0.06311256686858978,0.06530358023598447,0.2683281572999748
-90.98979290122556,32.59563195792985,0,-1,2019,135,0.02030623727699174,0.0,1.2894697851945604E-4,0.6561621232662319,0.0,0.20202987603279654,0.0,0.0,0.06
-84.98225725033713,33.035760682894775,0,-1,2018,162,0.5284123231735837,0.36341225996485593,0.4295378908845266,0.0414165939412203,0.06312456150330892,0.0,0.007967208348344936,0.08326854643482443,0.37589892258425006
-87.01392059013983,37.433152630282365,0,-1,2018,312,0.08095851649739785,0.19832246980950954,0.398615934433682,0.040030813138520194,0.00788035499483799,0.11271180821943759,0.04989628619327707,0.2842737034195563,0.1341640786499874
-87.67331175536653,31.138344174053795,0,-1,2019,132,0.04909201274723052,0.6423946583034043,0.5947484467447015,0.13704964701157368,0.09867152278518633,0.0,0.19171867392555222,0.012092873266688169,0.9904544411531506
-78.22088235232678,34.687075901157996,0,-1,2017,74,0.06367608799979793,0.4143492207825011,0.33647475774674657,0.2933821849595758,0.030442049522437405,0.14847884538219236,0.04256831688799161,0.006445436536146581,0.39115214431215894
-84.03496685879564,31.556367799429278,0,-1,2020,21,0.1748504659897066,0.4801654042160375,0.2528414723459698,0.08937082984345095,0.03189501737170389,0.15754349248701474,0.012278743926226379,0.008861307730487265,0.3313608305156179
-90.63096764425495,32.5073644153811,0,-1,2019,97,0.0,0.9935511607910577,0.9017740294468055,0.05264036182473909,0.002418039523093066,0.0,3.1608359778994328E-6,4.519995448396189E-4,1.0217631819555841
-92.70256008283336,31.3740915581195,0,-1,2020,83,0.04202658437567186,0.0,0.14204033322711343,0.14186077095441146,0.00925384364892934,0.5143138972055096,0.011751464585948192,0.2791549821214601,0.41677331968349407
-90.46163355741159,33.0917943775039,0,-1,2019,106,0.059097978227060644,0.0,0.0018050486756403371,0.2445436462792233,0.0016117359660460953,0.5482936140492809,0.0,0.0,0.03
-87.37252293766979,36.32101887676409,0,-1,2019,106,0.11107460989323398,0.4653863162549754,0.55562775112268,0.0011858374528595501,0.004026375125528167,0.0,0.0,0.45221087468657456,1.14
-79.83278312871046,37.63201374397934,0,-1,2017,134,0.025590526329078763,0.9280511053036904,0.8126085715656786,3.864251130861728E-4,0.013684014482643236,0.030995003046153158,0.007244478255517007,0.1432386447932877,0.5531726674375732
-81.62227189585765,27.783627111296184,0,-1,2017,92,0.0,0.29585911109424223,0.10977288107625753,0.35365227131577726,0.010428267692619219,0.055998152272957374,0.04425685937025413,0.17194302419763094,0.5408326913195983
-92.23990289215247,35.63463125034294,0,-1,2017,127,0.07081669783190982,0.7605119522919086,0.7442422790751262,0.0011597305180432848,0.004902146584290389,0.0,0.017249112433511477,0.06774880289075036,0.27
-79.45914480616393,35.269792042038056,0,-1,2017,11,0.0393291065700068,0.7179772158933035,0.5953737537792785,0.08086834845718519,0.06579238356406743,0.03232909776763995,0.038524481401211924,0.06620309232101,0.3661966684720111
-77.29696069449834,37.173069304837355,0,-1,2017,26,0.06279906571554825,0.2252130547313931,0.44434750760914876,0.14440332908147155,0.04372517946548644,0.2760801075845872,0.027262338449493967,0.018514777096605154,0.042426406871192854
-94.00013457834973,34.81045647223161,0,-1,2018,173,0.09782732339893076,0.27657073522162823,0.5713056083164939,0.0036774851581429817,0.03173966336433481,0.0,0.03792837646583096,0.4847856854023449,0.5108815909777921
-81.19019626263388,32.38527807529687,0,-1,2020,14,0.04120191213293875,0.08632420264562307,0.2215055546930821,0.6149565338755617,0.006871179605175828,0.022803845837784543,0.012895314070431176,0.001611914258803897,0.12369316876852982
-82.52831201629095,37.0785102410158,0,-1,2019,97,0.03316494064157615,0.4058221773175045,0.7873108711784624,0.0,0.09451877018872802,0.0,0.029722228361946178,0.07791309729427622,0.8237718130647589
-91.70473835371338,35.634314020225446,0,-1,2020,82,0.06686292594791969,0.7551518061328917,0.7319100531961393,1.288592720310193E-4,0.0486985195877461,0.0,0.026715013534385556,0.16839491978862994,0.5408326913195983
-89.08185458275545,35.39352103123099,0,-1,2017,337,0.0,0.05681933070468103,0.22798728709703026,0.4458951160236855,0.012511133993265911,0.1127865621387375,0.028190323375384563,0.10253381259515224,0.19209372712298545
-87.42964049746612,33.138054282493734,0,-1,2020,74,0.03934210692658754,0.777663999190908,0.6849609085655319,0.055614852672086455,0.02898074376534762,0.0,0.027615456818059703,0.0986483027144559,0.16970562748477142
-84.99941718792192,30.814246169773924,0,-1,2017,45,0.016087621890295577,0.28917247397776574,0.2166431189964191,0.24503488140927876,0.038449498670393586,0.23578775623776718,0.07012922952390291,0.012530868686740936,0.2716615541441225
-79.62380014406992,33.150039220119794,0,-1,2018,57,0.06379752593472411,0.5364349704956977,0.3491198241417785,0.5822042642989714,0.015214052297909734,0.00483537598998793,0.009797167038537634,0.0036976404629319457,0.33541019662496846
-82.26777421756569,29.404690440640774,0,-1,2018,110,0.08512791962952652,0.1765822304324721,0.43407762205420913,0.058169482880583594,0.01431155867897197,0.0,0.02390741923853019,0.4166545426943049,0.8072174428244226
-88.8805093363482,32.65356684274392,0,-1,2018,59,0.014160724219895818,0.5236812825570221,0.5426492725804472,0.23855447518136813,0.11707013335103342,0.0,0.017282850216351706,0.022959514259615718,0.45099889135118726
-84.56130249102891,34.13952530394142,0,-1,2019,258,0.8537069335962186,0.14218548570561923,0.3382217272774604,0.0017783637132921816,0.005639988625233025,0.0,0.0,8.05712660747575E-4,0.3244996147917591
-81.21259920180034,26.90941679092103,0,-1,2019,146,0.0,0.015468354430379746,0.05465347857914523,0.40201172671944463,0.0,0.0,0.027013343712127696,0.5903920209854162,0.2954657340538831
-83.84685855202942,35.463617017420546,0,-1,2018,254,0.0,0.993554991090723,0.9320978139969486,1.2886487229491148E-4,0.0,0.0,0.003221791948047025,0.0,0.32310988842807026
-91.04703380068823,35.28656818040915,0,-1,2017,267,0.0,0.0,0.0012886949613543134,0.047566994450020404,0.0,0.9812653397730109,0.0,0.0,0.7299315036357863
-89.77686844945634,32.598439469104726,0,-1,2017,127,0.0193970967578777,0.03774467654645693,0.20679325579407956,0.585685831008521,0.028573686290003945,0.0,0.14438561833267483,0.013932832872382454,0.0
-88.52501907164763,34.59743850586127,0,-1,2018,162,0.04621121152752322,0.6673955634203372,0.6689529890337396,0.023868902241775306,0.018749427407966687,0.0,0.043523312788467904,0.12343978543199502,0.1341640786499874
-80.20235883548943,36.938974335476544,0,-1,2019,34,0.05263224356303116,0.5595711633897792,0.6345523510059575,0.008116062984488292,0.010465799094542627,0.0,0.012880983500975541,0.40984258680456886,2.5443466744922953
-83.33765568714705,33.135458454817865,0,-1,2019,36,0.05430619287800067,0.7051714766076327,0.6815973198340773,0.014935877859507693,0.04195399756018941,0.0,0.09547181260231727,0.01289433597330115,0.39
-92.0701108690657,35.468185316314916,0,-1,2017,62,0.020064945731144885,0.8118469100236277,0.5216525624582461,0.002963854618003865,0.015304188514751406,0.0,0.0016109672120790952,0.1859056162739276,0.5408326913195983
-87.29612494833437,34.637784016199724,0,-1,2019,40,0.0,0.30900197178826033,0.3348447920131091,0.10825134120686879,0.02909658423161008,0.3834809750672918,0.049495785576181894,0.07960964452251275,0.2683281572999748
-88.21292847120358,32.77158834435676,0,-1,2020,152,0.04655514673342691,0.3747423788390295,0.1855189891851548,0.19580087902219395,0.03546211369368572,0.0020101518992142707,0.004029785647009741,0.46098851432075216,0.2954657340538831
-85.34607898342084,30.422669234570773,0,-1,2018,131,0.04553734061930782,0.10087785873304997,0.3664357746971948,0.28225379701944975,0.14155659765811526,0.007718796740460602,0.14823821073168889,8.063470580980964E-4,1.3803260484392808
-87.59525347852914,33.71673165189388,0,-1,2020,352,0.02578916096734638,0.8202343779629091,0.7493885429273707,0.044646729981163376,0.03302766208897118,0.0,0.09262091499137336,0.04636259645707856,0.7427651041883969
-89.63479374890389,30.21302550877621,0,-1,2019,63,0.0,0.0,0.00478905105353052,0.8183292252523535,0.0,0.0,0.0,0.0,0.12
-92.03698233448257,32.888230453538625,0,-1,2018,249,0.027878925807919883,0.0,0.13042669231290438,0.39966415159596247,0.003447905342199073,0.5964149369200815,0.0,8.058807170126157E-4,0.12727922061357855
-90.77510305988878,35.20322938143924,0,-1,2019,256,0.11581528195536231,0.22735889593812392,0.3143060885262923,0.008806335912313666,0.0032219853115375502,0.3897749348495617,0.0016109926557687751,0.09899391929242675,0.12369316876852982
-94.12957416221163,29.913071668280775,0,-1,2017,17,0.049586358691527326,0.0,0.001290186788689666,0.26671500229197875,0.0016127247142156934,0.018546334213480474,0.0,0.8269419893433677,0.33
-88.35399000338586,34.765739310159766,0,-1,2020,31,0.07469252063556267,0.6778956150219311,0.6158561857087407,0.10736741444005951,0.012291935845635277,0.022969587646778235,0.013694562295252875,0.14684614388293762,0.46572524088780076
-85.25002708918032,37.41496913135573,0,-1,2017,61,0.07263494309210118,0.21290249232596056,0.5254421191410686,0.0,0.008051021374672437,0.1212294383228618,0.003220408549868975,0.4054241783222304,0.8237718130647589
-87.4422987534639,34.41516503131703,0,-1,2018,97,0.04095304303861469,0.7306579030525187,0.5198061015338499,0.08189329013245852,0.005639578785073599,0.07051527109471016,0.0016113082243067425,0.27786852356775243,0.18248287590894657
-82.69112020771915,35.97877575026556,0,-1,2020,198,0.060322393188306934,0.7891937643699941,0.9122186912742691,0.0,0.0016107789537516926,0.004026947384379232,0.0016107789537516926,0.11319670137737387,3.5029416209808577
-94.1760892372274,36.6893935896294,0,-1,2018,70,0.03349965262426578,0.5569254089559783,0.38011323936631647,0.0,0.007247177705849845,0.02821188916081156,0.01852056524828294,0.4782253098602668,2.007311634998412
-92.34733038899199,31.758541342762555,0,-1,2020,294,0.04926905761545853,0.06206687237594211,0.40582889788453885,0.4254500690857818,0.009449202239483053,0.026365455562826587,0.04684136151971242,0.0016122760595973095,0.12369316876852982
-81.3841473833199,26.55665047343936,0,-1,2019,163,0.0,0.037279035607557104,0.06277531980257221,0.6559508060690473,0.0,0.003749644021137235,0.00403442711135019,0.039505743125652644,0.848528137423857
-88.12759046198683,31.027159038846566,0,-1,2020,134,0.0,0.8586803930744035,0.640649999367705,0.11186210908355142,0.09748494285398128,0.0,0.019639893137735346,0.030749774735610746,0.24
-78.25451391960073,34.7832268969279,0,-1,2020,230,0.010709098945507357,0.4714150407274105,0.38882644123512927,0.18132103069627895,0.026308639166919442,0.17188289859468217,0.07991482155494901,0.04175197148923267,0.16155494421403513
-89.90692921301961,37.326706434279075,0,-1,2019,54,0.020068705953674004,0.6505216095380032,0.6886058275654092,0.0014229960608721046,0.002964810634166366,0.009769035252514095,0.004025701340321743,0.24436480747675363,0.2563201123595259
-82.4043537608687,31.858723720176,0,-1,2019,69,0.06131121003642248,0.16734115742614322,0.24377003090645255,0.30269712030353146,0.04267271083461364,0.21283563783042203,0.04067484778938985,0.0024246217653269616,0.8297590011563599
-93.29000457637687,33.68650529908907,0,-1,2020,115,0.029722998343805693,0.7499399471534948,0.6885690784900459,0.10767489346815319,0.04298533872598582,0.0,0.06477186552072797,0.004787032355915064,0.5939696961966999
-83.22313430057886,35.83913319506787,0,-1,2018,124,0.24675915396861497,0.31703434159654303,0.7231156919012686,0.003994463839869749,0.003366843852351578,0.008053894768758466,0.0075611859123167705,0.1917174377876108,0.9585927185202274
-87.74373591356789,35.19969857170589,0,-1,2020,31,0.016113540429188892,0.9086772994970045,0.697893861197195,3.866190392441066E-4,8.149624580278542E-4,0.0035599329077418283,0.004832916902258205,0.11665334718980096,1.0615083607772478
-84.78856257874254,36.5192511100696,0,-1,2018,255,0.0,1.0,0.9010958641108293,0.0,8.052775681249034E-4,0.0,0.005636942976874324,0.0,0.80049984384758
-84.80907761723358,34.78514894265057,0,-1,2018,196,0.37116099188594853,0.40747200525770344,0.26479461533368326,0.017037089077774296,0.009234220003790991,0.05130473241928351,0.030308965691539777,0.2500189549504013,0.5239274758971895
-88.57632260608307,32.112243515192276,0,-1,2017,0,0.022368903557022368,0.4684951253746064,0.5182620621853787,0.3031039083068588,0.0069037894976418405,0.0,0.028993387029473884,0.04268716729677446,0.4459820624195552
-81.49931030960272,27.188687014186627,0,-1,2017,265,0.0,0.025819189733075138,0.030955406274204084,0.24995519872025287,0.023715952814904833,0.0,0.450043033616849,0.19393289287160803,0.7299315036357863
-89.87141952752745,36.511042120273366,0,-1,2019,83,0.06065965160491643,0.0,0.0,0.0010306845918211138,0.0,0.9726992528216563,0.0,0.0,0.9918165152889925
-83.97426776654669,37.2767053527987,0,-1,2018,67,0.03865539849168151,0.6439281969656773,0.5270687565764314,0.0,0.009605001420858194,0.0,0.013687600644122376,0.3322061191626408,0.37947331922020555
-84.75416322393384,33.644773282373926,0,-1,2017,42,0.11635991303028775,0.7967462203569805,0.7099906522637041,0.014260732581436272,0.01354690699496929,0.0,0.007252193037894686,0.07374484920494483,0.33541019662496846
-86.97204794634814,32.121039536348235,0,-1,2019,67,1.2644303109234138E-5,0.18795756571876543,0.6391835265012022,0.16293968489649438,0.0036540649892527507,0.0,0.03954039701605767,0.09003350613225443,0.5939696961966999
-86.9700573269203,31.76020660541414,0,-1,2017,315,0.039819427935560564,0.6982499178068333,0.7505789697549942,0.023935133133962387,0.03203188963808044,0.0,0.11118697860852693,0.10029367043791355,0.21840329667841554
-85.91334313336827,32.95986137137931,0,-1,2020,283,0.13107956053959066,0.7156908605888976,0.6593512164438857,0.010138886360740477,0.10628365907309549,0.0,0.021383782963768305,0.04490720841445224,0.51
-85.16828758710572,35.30482589836113,0,-1,2017,43,0.13172759784160848,0.7389458253825839,0.7005609116494661,0.0010309575321302458,0.016381635889239167,0.0,0.005638492106111052,0.0728929097146323,0.563648826841678
-88.91836078346257,36.315226376426985,0,-1,2017,121,0.048946896281602585,0.007568195888662868,0.010818610921077502,0.08866693411722625,0.0,0.7697428674292429,0.0,0.04034473828818304,0.9716480844420987
-83.64866474578254,33.44061845925132,0,-1,2017,31,0.08272026292504109,0.7847933257489572,0.6839533736177508,0.03909529934234473,0.047685409023254945,0.0,0.03626176729899605,0.21065005735521364,0.2563201123595259
-93.17706007075482,30.78446627758188,0,-1,2020,86,0.05743375703535064,0.15599822930500212,0.40512812470912946,0.2614446202595679,0.021693215376540592,0.0,0.039105332717833265,0.08033856719173879,0.4695742752749559
-91.03350879595976,32.06759750089026,0,-1,2017,232,0.022571508054930325,0.0,0.36028401433220447,0.4231656775557371,0.0032244094114820578,0.04603318612745267,0.0,0.0,0.03
-85.6676834179034,32.60417570802512,0,-1,2020,266,0.012895884695619196,0.32970478538466413,0.7681258868135188,0.017265494395692513,0.15739719403154906,0.0,0.10385370278479256,0.0,0.1341640786499874
-83.00587288392028,31.785333049635618,0,-1,2017,42,0.0,0.0677179493664483,0.3145348666661945,0.48072797233284326,0.005250812437565599,0.06211511955793284,0.003224460377072192,0.00242150651846794,0.20124611797498107
-91.36770098433018,32.000973017085926,0,-1,2020,53,0.00967423744246042,0.00967423744246042,0.0015475296420199812,0.45447456058502683,0.0,0.6235568959194768,0.0,0.0,0.5028916384272063
-87.31509930178068,31.228218067646974,0,-1,2017,348,0.029025281715969603,0.6578684440172509,0.6016671640507633,0.1920050986085048,0.004837011675218378,0.07537202310384401,0.01998665869982392,0.07984230709649683,0.6413267497929585
-84.2928452206966,31.176351044674828,0,-1,2020,16,0.02101908411427705,0.4502282758533471,0.24743851733452044,0.12197847221519693,0.02525490444047488,0.3977394520937733,0.04794574685025057,0.003224837572519326,0.24186773244895649
-93.42557116010906,33.85973433903025,0,-1,2018,114,0.06116153826704758,0.29618720133498516,0.6054734992389207,0.019641446166118924,0.09199342791241427,0.0,0.08758570570950107,0.23941988688426166,0.10816653826391967
-83.72184276893414,34.017159002614754,0,-1,2018,38,0.4620187567936498,0.42473267777244117,0.37615711720601425,0.03256104564167683,0.009065200562427924,0.0,0.004028626949144511,0.08985891906409471,0.21213203435596426
-88.22961548607478,33.69842901855458,0,-1,2019,75,0.041454904043085807,0.31989430832638005,0.49380955366098295,0.25874447940595985,0.05471660552285072,0.011280797049929377,0.02157886920279208,0.19871898175797162,0.03
-94.35717923949817,33.57234507626638,0,-1,2020,164,0.009671668963424654,0.004854798538503356,0.10646800929418027,0.12714028024096924,0.010516104364752088,0.07860219232968996,8.057712178520981E-4,0.6886752805189791,0.09486832980505139
-90.69972713000315,30.99071524174998,0,-1,2019,110,0.08553505255036863,0.5544917601527815,0.4943374122310276,0.18917782837267808,0.006449838279790189,0.0,0.061165966353343613,0.16961177664589433,0.3841874542459709
-88.13729488950374,31.25336129458304,0,-1,2017,72,0.039584176446782686,0.6682770133549173,0.4731051882710162,0.3262187426815245,0.01910777683988227,0.0,0.05856894006215402,0.03385908172652864,0.042426406871192854
-91.346360267891,32.36839863732866,0,-1,2017,246,0.005942822461340043,0.09996586038160506,0.007995064400471309,0.6441801898385309,0.0,0.27185914558012353,0.0,0.0,0.5408326913195983
-88.90472649494944,36.69934879493845,0,-1,2017,26,0.020719104530409076,0.09025444071051368,0.07820655251871692,0.06268689743811263,0.0,0.8114873420719405,0.0,0.062160736897615636,0.32310988842807026
-79.72321129635597,33.61877203984511,0,-1,2020,23,0.03747409915601152,0.15516500732804367,0.13034749760872943,0.4518909742430335,0.026595458926511724,0.3080882933843164,0.0472499170471962,0.008965223024538232,0.3612478373637689
-79.50218534524741,36.72651061398145,0,-1,2020,38,0.06642844516275664,0.27200181822773306,0.4667652515176743,0.010241777073616308,0.027451277534152285,0.08966575425502692,0.048910315302942736,0.48518199297222003,0.27
-88.75737701919553,35.40987327459714,0,-1,2017,140,0.020499728271172725,0.9376413937793054,0.7464886387698351,0.012592537564603849,0.010012792368799258,0.042442236927304616,0.008509294208689339,0.08932863753375768,0.23430749027719963
-82.85479811261085,30.814884321508345,0,-1,2018,51,0.03982188938926277,0.3841648535141426,0.36735065528956373,0.5314760556768494,0.04902441260817467,0.0,0.06012881358075832,0.007256435145808504,0.618465843842649
-85.66745427382553,35.5744460689592,0,-1,2018,185,0.01943538807592186,0.6595016048727478,0.7263247473657667,0.005331887374933607,0.04413553047603707,0.0,0.024634151734245553,0.11757050850776868,1.2614277624977184
-91.66874169215826,36.07107447443452,0,-1,2019,71,0.032862070272523976,0.4189566513790445,0.5773588642849636,0.0,0.002416061598516886,0.0,0.0016107077323445906,0.4192609062283858,0.5028916384272063
-87.84843361293069,33.27661318255856,0,-1,2018,61,0.09111597152862942,0.7720646800763622,0.6358870906581324,0.09815154686607307,0.08438677217910147,0.0,0.06306411650190882,0.025791343260941017,0.48373546489791297
-84.5841646668318,31.740659117400288,0,-1,2017,45,0.032420403105480125,0.06981008016589538,0.2176571353141189,0.17457714811991934,0.06003312870248024,0.6038812424527884,0.004235921882013771,0.0025162640433454937,0.5762811813689563
-94.45606384190306,30.746721736702263,0,-1,2018,97,0.0752573929321292,0.6029065796463533,0.49140210469233186,0.12734536915583158,0.13743549855820303,0.0,0.07759776395001768,0.04299147569180957,0.21840329667841554
-85.96960183303264,35.15129440051266,0,-1,2020,144,0.0,0.9645479708294892,0.695290641728527,0.0024637936053563615,0.0,0.005695530761552165,0.006444194538861019,0.016356882020697232,0.6413267497929585
-93.31025151718906,36.88744130507771,0,-1,2019,24,0.042855518926906915,0.03895267325982343,0.3754870722819564,0.0,0.0016104635924706092,0.0,0.004831390777411827,0.7732625150388879,0.9827003612495518
-81.57487162254016,37.55443228602573,0,-1,2018,73,0.027832148404450117,0.9232090315574134,0.9309602296089232,3.8641945250677596E-4,0.024300304661478464,0.0,0.017711408230595582,0.0,0.4368065933568311
-82.33154103266827,32.84680956141712,0,-1,2020,274,0.003223971173904798,0.27453062772615217,0.2778501126316876,0.3864245317125827,0.005477036269168049,0.05704587689468165,0.04576311897146759,0.0024177338406887235,0.29698484809834996
-79.2391170198403,37.58718905677432,0,-1,2018,78,0.06747289091987829,0.6086698562177307,0.7442757847307115,0.0,0.018292471203957102,0.0,0.031471257619232494,0.24861662200083964,0.21213203435596426
-86.00327760972546,31.9938872323204,0,-1,2017,141,0.0,0.8849971549598536,0.652171296415706,0.08219859092175721,0.1274355472948198,0.0,0.13975078708796423,0.006679184210193581,0.6007495318350237
-87.31851783130253,36.39778803671145,0,-1,2020,136,0.0334175615919141,0.40803537586860406,0.4826581111293559,0.03410779471762936,0.01829693840493898,0.04431181216743248,0.006558981889378367,0.3070658266622457,1.0261578825892244
-86.76711843844994,30.560423657336745,0,-1,2017,0,0.12185990032634272,0.40233752434921205,0.32624554061956823,0.011789155029614537,0.34891809934576884,0.0,0.10920825046087106,0.0,1.5463828762631846
-85.22725660197322,37.80807957021854,0,-1,2019,40,0.045204233713087676,0.6958976431656864,0.4608387988009218,2.575946218283661E-4,0.0045018310392726385,0.014897714357873479,0.002415077661320875,0.29110998863492876,1.0602358228243374
-87.14910073007674,31.58510380284318,0,-1,2018,203,0.03503136382031567,0.8549929178470254,0.6383505162981904,0.0669033033373256,0.04308036631588266,0.0,0.1103057163359561,0.076730975314457,0.49929950931279715
-84.99261101995552,31.17568457380736,0,-1,2018,42,0.025797966513227792,0.1496029136526886,0.22016314675873916,0.1494957240617443,0.03185367858610769,0.5914319137500397,0.00470454329887129,0.03180625375446585,0.2830194339616981
-90.00748033597334,32.530000519665236,0,-1,2018,70,0.036958830669633826,0.06850596803560591,0.18970891342647184,0.10881765168723412,0.004412457289878845,0.28502704052443756,0.006751438947837547,0.3115365529099775,0.03
-79.29432463529713,34.638074564927756,0,-1,2019,81,0.11486674245294934,0.11095111784766958,0.1282229489635512,0.27614929311207603,0.0024173060151421333,0.5565776002629023,0.013963497099232792,8.057686717140444E-4,0.1341640786499874
-92.59450966087891,31.181991067204166,0,-1,2019,65,0.013165716020184895,0.7288697213825895,0.7739119174653664,0.16756602548149596,0.0,0.0,0.0,0.0,1.88904737897174
-91.38103897437811,34.351435710318746,0,-1,2018,323,0.0,0.10454327105402873,0.03453606084792621,0.1630923177319621,0.0,0.6512940893983238,0.01931024024061974,0.0,0.24186773244895649
-87.46723579006677,36.3816120811506,0,-1,2018,49,0.07736530880420502,0.7779111492974833,0.7459962742879893,1.288386984967302E-4,0.00993822949825679,8.305542923551114E-4,0.0032211611338487218,0.21632939214794625,1.822361105818493
-94.14610891283162,32.40402451781875,0,-1,2019,40,0.022002756667214622,0.8784284467824128,0.6880804742201938,0.03710079201892512,0.028452303432230958,0.0,0.08046997983271897,0.014509062632367526,0.18248287590894657
-81.53095465100766,28.018541729282603,0,-1,2018,323,0.49455999190324385,0.03065381306614038,0.06844249454754908,0.2666075151451346,0.030060678152701414,0.13430182161002743,0.05761893613924973,0.11277341550298334,0.1341640786499874
-81.19388552107672,35.07702072706704,0,-1,2018,57,0.08179429524266692,0.3753821277885853,0.5016857683348467,0.004022494431733582,0.01435119519584027,0.0,0.021294608587972542,0.3755476862133126,0.09486832980505139
-93.72417480662199,30.328923134970864,0,-1,2020,99,0.0,0.0,0.13278088907101346,0.7279915210935565,0.0,0.0,0.0,0.005043382576140846,0.45
-86.24798360595736,34.626625992462145,0,-1,2017,140,0.01761836151765629,0.8006749071054836,0.6469891313852418,0.013754208473405173,0.0096672384869824,0.04759693302120158,0.0169176673522192,0.1848811972211428,0.28460498941515416
-85.1994087357471,36.81763372395032,0,-1,2017,263,0.01572863369338641,0.9725222664392648,0.8358607763444063,0.0,0.0016104381654898896,0.0,0.008857409910194394,0.044075482184133104,0.7130918594402827
-79.05621788858674,35.6113956817944,0,-1,2017,250,0.11159378196466681,0.6019017792875273,0.5842956330156553,0.0816821126461641,0.03737184224989105,0.1400938718011889,0.01333535479876944,0.05604512921586094,0.03
-79.15128331134456,33.562944334938486,0,-1,2020,11,0.0,0.0,0.26741116905242773,0.595141692217861,0.0,0.0,0.0034099492141947446,0.0023954972236882453,0.3313608305156179
-83.3828255892611,32.10930293542635,0,-1,2017,116,0.0255671041650861,0.12445944920719215,0.18887963422324766,0.5510076206861497,0.02584454707241595,0.13879432153322405,0.01924432516840366,0.007254554247944546,0.66
-81.68651266761749,36.38516180991567,0,-1,2017,359,0.03639050638507497,0.6651467114653463,0.8045838444795199,6.441957708421327E-4,0.00644246468487189,0.0,0.012970197284690614,0.24123240559736478,2.030492551082126
-80.4136000772166,25.731482605062237,0,-1,2020,77,0.9632402305402495,0.0,9.038821357949984E-4,0.1176484885926023,0.0016145524998654546,0.002421828749798182,0.0016145524998654546,0.0,0.17492855684535902
-80.96464686594763,34.42301068784887,0,-1,2018,346,0.024406574110334884,0.6677572986015485,0.7441909365974275,0.05121478547534486,0.17504431321623898,0.0,0.11854140797543102,0.0024170845221281713,0.5692099788303083
-84.28900595707867,32.22560173320825,0,-1,2019,311,0.22722789803762894,0.3414803762897025,0.5805783420846754,0.04944445034441499,0.03548298390843837,0.23511190762918938,0.03994285298868124,0.04207638355506249,0.6307138812488592
-91.47012825202678,34.51609939016136,0,-1,2018,307,0.006447127235952214,0.0,0.0012889405363711228,0.1180396579202364,0.0021672785174045727,0.832797305750554,0.0,0.0,0.2683281572999748
-92.16187536301052,35.85560326997432,0,-1,2018,344,0.02037825477240281,0.8738266395461953,0.6536097289589331,0.0,0.019822619769557313,0.0,0.008859536082474228,0.13677481301799074,0.6906518659932802
-82.0431724633537,32.267726429416086,0,-1,2019,294,0.04022457986115501,0.232748700699283,0.23337293032396184,0.33689908532468754,0.019707874615562122,0.3024044555284778,0.026813456353458456,0.03589140597589542,0.03
-75.85069605412848,37.36638146372618,0,-1,2020,2,0.0,0.0,0.013570457268592516,0.272986682615469,0.0,0.0,0.0,0.0,0.0
-88.6877179782902,34.50910425391479,0,-1,2017,90,0.050536587832286275,0.3182111210830352,0.30282353999665396,0.03991603328543275,0.004501942943796795,0.07723438536631595,0.007266293874198336,0.4759264524689602,0.06
-82.8450317481122,31.33114763183452,0,-1,2019,9,0.07906253161995347,0.11901750480623294,0.24959143776981405,0.31197311152193535,0.02673462032159954,0.3123581225062759,0.04027898094810526,0.13896248427096317,0.17492855684535902
-89.85315678295255,35.7674373227105,0,-1,2020,168,0.04426109370261801,0.0,6.442781280461095E-4,0.12660343140004424,8.054123711340207E-4,0.6934411006670711,0.0,0.0,0.2954657340538831
-88.03010868119027,33.83748097109924,0,-1,2019,114,0.050414006699955785,0.6262436002781117,0.6665097818762173,0.13347474871050305,0.06322122372628569,0.0,0.025989332524425226,0.013978943111009997,1.5945218719101975
-88.48944530769904,34.962829769165346,0,-1,2018,19,0.33715874620829134,0.2449696663296259,0.35275804016684525,0.05817607122622748,0.03142265956942712,0.019424744515171146,0.02089368356209822,0.28649681729873167,0.20124611797498107
-88.53104258741728,30.76639170627125,0,-1,2017,99,0.009030316061062138,0.484437249421377,0.33869278810694753,0.24187305052867797,0.037416095181183835,0.0426329751075784,0.14478264581179398,0.13190801850253417,0.33541019662496846
-77.96411682168097,34.920372471625164,0,-1,2017,274,0.022266004875030002,0.013437906515616518,0.281172465903319,0.16762198866350106,0.059788068924990084,0.5779544923195523,0.051785364497437786,0.030566981972589252,0.19209372712298545
-80.42401581380524,35.719244831954356,0,-1,2018,15,0.0496753984894031,0.4346250031576024,0.48537937523465713,0.04018745284749344,0.006297849761224953,0.00228668165853905,0.042651034691866485,0.12347133436086616,0.0670820393249937
-90.74783043843775,30.082529855682225,0,-1,2020,41,0.00287138231127302,0.0,6.450666315885336E-4,0.8867151689315669,8.06347058098096E-4,8.06347058098096E-4,8.06347058098096E-4,0.001612694116196192,0.6328506932918697
-89.57621698319406,31.75988639878428,0,-1,2017,19,0.0691460438295881,0.33194653447817984,0.5031604948761441,0.07601321449993978,0.06571996699617799,0.0032245113442734875,0.08468135821475872,0.2395179671668872,0.40024992192379
-86.24914703744639,33.39437786610277,0,-1,2017,314,0.021274981986423448,0.5964073975754358,0.5847641736230581,0.03128189908878883,0.16237568694124305,0.06243541409244753,0.0368127822423911,0.1449284064227229,0.3
-85.43061277831,33.24954860403175,0,-1,2017,122,0.020972921038658957,0.799031630047281,0.6352804069085467,9.894632528414827E-4,0.06778916498386726,0.0,0.0387660102958883,0.1693923276987205,0.42638011210655685
-90.14976195406672,35.836129428612786,0,-1,2018,122,0.0455998483795565,0.0,0.0,0.07592431267761643,0.0,0.8844204123014532,0.0,0.0,0.3244996147917591
-85.79627876709526,36.11563871362166,0,-1,2019,122,0.06766233273947163,0.8731536585674036,0.7110616495460037,0.008943504337852239,0.002106533094992958,0.0,0.01430358079043944,0.11188312057454355,0.5954829972383763
-81.48848029141422,29.868236223981572,0,-1,2019,135,0.0414879483773012,0.7126716011893466,0.46986572923022757,0.23406008943289364,0.004879977228881368,0.14054524178500263,0.03589613839779879,0.01902653467851608,1.2477980605851253
-91.6618942059532,31.482368819285945,0,-1,2017,126,0.0,0.0,8.598382694793831E-5,0.280947096680215,0.0,0.7279811829571712,0.0,0.0,0.18248287590894657
-81.12742282201933,27.806496598964497,0,-1,2017,40,0.0,0.1002327758520355,0.08294759901582706,0.2953683030912566,0.010488315731524433,0.09340770598545876,0.1403441053450862,0.28108686160485485,0.2563201123595259
-80.48680146576939,35.13900502492009,0,-1,2019,108,0.08359966145800438,0.39394666700352426,0.35518565332818486,0.01328120380398663,0.006412747151381899,0.2353952052868835,0.017914625170190518,0.29715659423105484,0.6854195795277518
-81.5237169677757,35.69689512555463,0,-1,2020,40,0.052495957962813256,0.8327354486661279,0.729610513251726,1.2885868598502603E-4,0.001610850181457535,0.0,7.927909716585123E-4,0.07876425681373833,0.8367795408588812
-87.53973174165877,32.01200090281749,0,-1,2017,140,0.0,0.022760321173421007,0.43279788362250093,0.43895362509551955,0.024610969045052684,0.0,0.03125839620941767,0.027408388465149217,0.5028916384272063
-90.29680117556703,32.83232214338586,0,-1,2018,2,0.05376493646077005,0.5519630777012074,0.7349689280820358,0.0036103091011139374,0.005641468109112629,0.0598027224429295,0.00679820610795589,0.22526050308621484,0.2545584412271571
-85.32160415133919,34.05020587390056,0,-1,2018,85,0.0736541402803585,0.7155081971357428,0.637260918533856,0.004706308171687738,0.07883761051041752,4.834337063882762E-4,0.03454181227605645,0.1321132688333765,0.0670820393249937
-81.31150928976083,25.800051491592622,0,-1,2017,274,0.0,0.0,0.0,0.8177522061519082,0.0,0.0,0.0,0.0,0.0670820393249937
-90.62338353439293,30.554519873501892,0,-1,2020,131,0.05099730594589124,0.5595411254316177,0.38864347822567763,0.3364502623522055,0.03968482326641729,0.0,0.12295623634460755,0.016100320298987877,0.5247856705360769
-93.79619758211761,35.003498547755534,0,-1,2018,177,0.09941490907712333,0.8898436808916632,0.9549653042761911,0.0,0.010472014607117804,0.0,0.008478699006185276,0.0,1.4843180252223576
-89.84826891152368,29.7285252755584,0,-1,2020,106,0.0,0.0,0.0,0.5539342698775311,0.0,0.0,0.0,0.0,0.042426406871192854
-83.61453309871972,31.655289732607343,0,-1,2018,82,0.03224501150704332,0.05838243848157609,0.11086496929970971,0.20106363608776137,0.00569672675311866,0.5732797592326812,0.0032245623130860344,0.004116058952586291,0.09486832980505139
-84.63447511273645,30.63220146115692,0,-1,2017,52,0.08710444438823262,0.3708673766220626,0.48099254493551874,0.13978511486121092,0.04588745683821765,0.12127986542377606,0.01740068047000494,0.05160125469562251,0.08485281374238571
-87.26474880817398,37.54110289051475,0,-1,2020,32,0.2905556467809371,0.24781164344629852,0.11386659487232845,0.03349246285729005,4.009623095429032E-4,0.4769746604449104,0.0,0.08340331756846356,0.12369316876852982
-79.71457723534094,33.81739338199395,0,-1,2017,76,0.05191277541944613,0.2392990701435214,0.1542873753522995,0.4493065227557091,0.019257630053784853,0.33155735891747723,0.03252055642984901,0.006446597523748128,0.21840329667841554
-89.65190923720273,33.48950787840352,0,-1,2017,6,0.017876106194690263,0.8635018963337546,0.613814347928521,0.022448909430837268,0.012671627877581332,7.236415920115026E-4,0.06898927177639792,0.221064606342134,0.10816653826391967
-83.35051838911045,29.873690145660387,0,-1,2019,126,0.05698380566801618,0.1353744939271255,0.264079231966,0.6333593898227904,0.01673877019214957,0.0,0.01923393166609743,0.0,1.2314625451064276
-82.68917104853216,33.74867544792312,0,-1,2017,73,0.0064463123301523075,0.7506288314478918,0.5814594713467082,0.042346862685125934,0.051443358905979494,0.0,0.09782169082797243,0.1053418182277778,0.03
-79.3576866433501,36.39818248226101,0,-1,2020,305,0.046240876834103585,0.6397328080410131,0.6820493310314408,0.0019366009495559154,0.008849920751690733,0.0,0.07755283746834801,0.12764660937213868,0.18973665961010278
-89.58805865034192,35.19824089827068,0,-1,2019,114,0.13398374805697025,0.55324849296718,0.2830257144488814,0.07737329641333955,0.002416473717294687,0.13235010755677137,0.010000726521509776,0.322180701693427,0.09
-91.30493187059864,35.064502021161886,0,-1,2017,45,0.009592780768939104,0.012891484037309468,0.005652375852670302,0.34620246159351137,0.0,0.3712720690668209,0.0,0.0,0.1341640786499874
-86.07960779844765,33.10061119831551,0,-1,2017,96,0.05677766820905714,0.6507623454448914,0.72435426499847,0.018124315838172488,0.15903165147037912,0.0,0.02978999099284169,0.03703680293285718,0.6958448102845921
-89.69917878895646,30.325055220093397,0,-1,2018,57,0.002883922134102379,0.0024665123515349293,0.0688229205347666,0.7205431647069419,8.063113626662032E-4,0.0,0.0,0.0031145752636321964,0.12369316876852982
-79.76093700086041,35.121724469386606,0,-1,2020,245,0.007553461582184946,0.5653980724778638,0.5259195173730831,0.036899956893872515,0.13960726077821145,0.13200208534100075,0.06352075072276026,0.05385551114551576,0.3014962686336267
-85.75936873880444,34.47672759821831,0,-1,2020,62,0.09588088828220785,0.5717589959428206,0.4547252154028584,0.0013541341275160655,0.026680778465815742,0.0016333880955389862,0.007955263490458738,0.29000695058764053,0.4295346318982906
-77.47939225118586,37.04683338911097,0,-1,2020,101,0.049355437431345565,0.2089367558490423,0.387107024518043,0.21959493422770918,0.08430197685357647,0.28754348635901583,0.12405056098192356,0.008855117026448547,0.5028916384272063
-79.70263036658716,36.754095230175416,0,-1,2019,217,0.03166706650336495,0.8854025934670895,0.6838830636971832,4.7591765715134486E-4,0.06157022706033891,0.0,0.01303576389765867,0.11297451569721918,0.08485281374238571
-81.64402717952474,27.05261147198777,0,-1,2020,50,0.0,0.003164396739405599,0.011101751373417762,0.272735050350214,0.01210312814444016,0.0021168608440863966,0.011296252934810817,0.7509698323598099,0.6037383539249432
-80.8323655451622,36.44186741864539,0,-1,2018,65,0.09723783421953347,0.6814731550829155,0.7045183781735508,3.8651004168245535E-4,0.013689026989645595,0.025694951006861866,0.03081373134139832,0.11036481967430532,0.45
-86.38457476921667,33.53183944811225,0,-1,2018,139,0.029466791393826006,0.6208884281849669,0.7081912263583369,0.031953973012735254,0.04376404263589164,3.8869068121991996E-4,0.015974238972086954,0.16440351780866938,0.0670820393249937
-79.41133395432188,33.27375450141996,0,-1,2018,320,0.021530919107427157,0.6311061130625963,0.4518373252766454,0.36010149728208074,0.018026445528784175,0.0,0.053542082775010776,0.001611761434025233,0.9936297097007517
-79.86928490364497,33.339725352271316,0,-1,2018,229,0.03809511776003235,0.6428535328009704,0.4675218834587641,0.3691770080354784,0.009323110568930973,0.0,0.0030339614054826223,0.0025409426770916957,1.0682696288858915
-82.50939372519612,32.442496562115444,0,-1,2020,52,0.07942849917815144,0.27007206979390563,0.37371910789632296,0.1970318498650839,0.13510933539002304,0.12984960457191996,0.1663832396654509,0.005281857089573472,0.16155494421403513
-79.4736056315036,34.27339086273548,0,-1,2020,141,0.0908907163881204,0.22067684844809943,0.2509267417766043,0.3460041543509722,0.008057992264327431,0.29129800035391984,0.06738061531460933,0.002417397679298229,0.7689603370785778
-76.55977169083549,35.61458621419159,0,-1,2019,42,0.021926113040732557,0.2914682664982634,0.10687280187573275,0.3802456846020134,0.03544004725339634,0.30825576216632816,0.02496912420125651,0.004832733716372228,0.45694638635183454
-81.50871402324911,32.77152549214162,0,-1,2019,79,0.02044351168200667,0.029419945382825927,0.25881308923952834,0.3824913849988999,0.08515217597421071,0.35871179798362895,0.03675610758193485,0.024158528491514186,0.24
-90.37243003879787,30.70425453931413,0,-1,2018,7,0.044382328016897885,0.30934824127594424,0.28517170854645013,0.1656614270776792,0.025655051174143854,0.0,0.03321181384436863,0.4878759805610975,0.21840329667841554
-80.72970622506097,28.024757473016198,0,-1,2018,77,0.4358711603663781,0.012904205252770605,0.008260091660698517,0.2829784918752992,0.016941538247381267,0.0,0.0,0.34205456092784603,0.15297058540778355
-84.52762342118159,32.656736054006515,0,-1,2017,281,0.055667235602756174,0.8617738162968582,0.7589865467904199,0.022256832162298137,0.0049493528863323935,0.0,0.010530807035287061,0.026936995306648146,0.08485281374238571
-85.95596811262519,33.729154500287684,0,-1,2019,62,0.07852456736907304,0.8844379274166023,0.8042813471117538,0.011539536790678168,0.02099086488177432,0.0,0.014671170502194518,0.01125537569003163,0.16155494421403513
-91.74806730890032,31.854254820827766,0,-1,2017,39,0.02681066862266512,0.9401439176457198,0.5079755705795006,0.20346606058399191,6.13289412538291E-4,0.0,0.016451330427058077,0.0,0.0670820393249937
-85.06054100518392,31.300034020475863,0,-1,2019,112,0.05825819749870386,0.7010963719824481,0.4205527587101657,0.16690650465926402,0.03396753735354187,0.16457056863377406,0.015162724231904954,0.006449532408900355,0.2683281572999748
-90.0241014013166,31.451693244574088,0,-1,2018,283,0.006930041984925892,0.09192422479639839,0.2302298221531196,0.5354232019317238,0.0016123219332688395,0.0,0.048647862566942944,0.017353009983750316,0.4295346318982906
-78.84163625995018,37.25001717518649,0,-1,2017,51,0.019215715981112543,0.555336716915385,0.5166202684278296,0.008835113742617829,0.1965519745170649,0.11496364767127264,0.06063877813240896,0.16290199866776525,0.2954657340538831
-93.63576518801639,33.03119111107025,0,-1,2017,110,0.03647743077506637,0.5906562144392462,0.6480425403467407,0.08654950239989727,0.11955212984821327,0.0,0.03910805199237746,0.004029314447699496,1.7309246084101988
-92.00900754571073,30.234930001224747,0,-1,2019,258,1.0,0.0,0.017489166976542993,0.12367834584221847,0.0,0.0,0.0,0.0012205687977081129,0.7451845409024532
-81.239145785889,32.06480842770514,0,-1,2018,176,0.5526505521193029,0.036820602334965,0.1586614684926019,0.383241603328881,0.020851573587374647,0.0,0.005901150202763146,0.0016119906820617053,0.18973665961010278
-89.81516945066922,36.09658779365811,0,-1,2017,328,0.07727100442198356,0.0,3.122639388205216E-4,0.006132601012078756,0.0,0.8148931869575653,0.0,0.0,0.22847319317591727
-79.80980961826447,33.46756759096498,0,-1,2017,111,0.05305317952670347,0.3276182293706648,0.38559006273982427,0.2893018741057928,0.03807720992554578,0.13861886763832185,0.104356015118381,0.0038522797658926303,0.35114099732158877
-82.14089187129672,27.48674584282838,0,-1,2017,356,0.04515426864764989,0.02084335214761193,0.04375175901984885,0.38441746324534365,0.008903372777320765,0.0048408530025944455,0.03700563184205532,0.5111940770739734,0.2580697580112788
-81.1672613528577,29.441267169729574,0,-1,2018,351,0.26692899438230683,0.3553823574067514,0.3279022650590708,0.3089996174638871,0.025403170968527507,0.0,0.0853277078635338,0.06834060237648683,0.12369316876852982
-90.60742464553898,33.17055411908233,0,-1,2019,66,0.0032240934607798504,0.0,0.0,0.06692884124264281,0.0,0.8899222601441027,0.00161167993932499,0.001523195550499304,0.03
-88.04068465278482,32.98448949825254,0,-1,2018,71,0.0355666257854876,0.6524256868670265,0.6498746043463751,0.09414736011811457,0.021769085875377677,0.0,0.010040706420742578,0.24448503849411524,0.15297058540778355
-81.84313943648395,27.5019424567804,0,-1,2020,31,0.07023182830532497,0.0,0.005300288071238788,0.3208377603638069,0.00645465447032283,0.40058091890232916,0.0016136636175807075,0.39722702981480845,0.874642784226795
-82.32120652398936,33.343462914894786,0,-1,2017,228,0.022563519150549858,0.5508026798129183,0.4314618898469826,0.13788061489924835,0.2622058739879792,0.012893195047496262,0.16344020780796728,0.07107373769932315,0.7256031973468694
-77.5960892584213,35.372479423003696,0,-1,2018,245,0.023351856529426625,0.035425612528416264,0.11022000540727657,0.190114285569899,0.008055217727796824,0.6607331827586754,0.0030199169206955936,8.055217727796825E-4,0.2830194339616981
-90.60531513664428,35.72351609939508,0,-1,2018,90,0.038881447597867005,0.0,0.0,0.013383481595123037,0.0,0.9665071619210057,0.0,0.0,0.6552098900352467
-88.03400148923721,37.85367188051768,0,-1,2019,128,0.04683000757767114,0.5172265723667594,0.1092604882936995,0.20485798591223484,8.05048760698467E-4,0.40003346477201357,0.0,0.0056353413248892694,0.21840329667841554
-83.55091342436715,32.06473248629639,0,-1,2017,258,0.05109369073207737,0.6735870527247437,0.44817224116716803,0.09727379894576983,0.10900303146208783,0.21094740302640447,0.11307764525887555,0.010526349063850372,0.18248287590894657
-91.66101347831966,36.401491463697774,0,-1,2019,110,0.06695469819853964,0.4257181838853938,0.5356553161131511,0.0,0.02590590122723799,0.0,0.010469104299438491,0.42060218666902477,0.7262231062146123
-83.57413470995522,34.046443323740185,0,-1,2018,77,0.06068074672329024,0.675147562532388,0.5249568802534813,0.05431318786864097,0.01208568991121363,0.0,0.004050680906189771,0.2869822111283138,0.1341640786499874
-76.85431264028018,34.81502692672353,0,-1,2018,170,0.07278928751894898,0.1000378979282466,0.1425586448566246,0.5980382890475855,0.013504504134451027,0.2652462818378007,0.007251482683332968,0.001611440596296215,0.4368065933568311
-81.00941850082987,33.794687434024986,0,-1,2019,314,0.13738721661991046,0.18359996967169603,0.3806973260691193,0.2532694268588173,0.05902894089837506,0.04355987586825856,0.13491742458238273,0.04168589107502893,0.5316013544000805
-83.97487900849318,31.459333574250646,0,-1,2019,157,0.02995738438776414,0.5531683506367053,0.4587898734458923,0.1030621127217201,0.05223590408295531,0.12981995795330611,0.02572119564358315,0.011924821775761511,0.4883646178829912
-83.4479749319269,30.33032769892467,0,-1,2019,163,0.059994939271255036,0.24076417004048575,0.19310584524880972,0.7230479538163673,0.0,0.0,0.0,0.0,1.0517128885774862
-79.3715165069443,36.0283738105951,0,-1,2020,141,0.4704827568789383,0.3105150837847735,0.4325713283826506,0.0011596057037442378,0.010363610527811547,0.003034561156985648,0.013145554731041885,0.18753019562025353,0.06
-82.4681502582783,35.709870626559216,0,-1,2017,298,0.12192687672132807,0.6313515425625994,0.8965988243997689,0.0,0.0,0.0,0.004832642128636718,0.11606869300719838,0.9241753080449617
-90.53529126351647,31.55887695415552,0,-1,2020,153,0.08430291380008091,0.5043504653986237,0.6374719860647262,0.014752615013294447,0.031016255793220742,0.0,0.12127668991331506,0.1933718599637074,0.09486832980505139
-80.36398920178631,36.33587052831523,0,-1,2018,46,0.11545844910330888,0.5197777216468805,0.5917292803805986,6.442000021220704E-4,0.010818355205820312,0.03608013035075975,0.024797590026651172,0.26112465422945264,0.36249137920783714
-88.12169645200379,34.8758863422132,0,-1,2017,197,0.05217523193205085,0.8827953183851966,0.6046350245433003,0.011769260628017367,0.004754263041843836,0.0,0.04636117236019942,0.015128349307235965,0.31320919526731655
-87.84843267099923,30.447079602092114,0,-1,2019,321,0.07553661097127537,0.22347301450778517,0.1329889543066265,0.1929308371840311,0.03711913284342867,0.25836042143607,0.02120144694737109,0.19994814262044197,0.17492855684535902
-92.64517101343782,34.27839907985891,0,-1,2017,20,0.08279715329482105,0.6897824520598159,0.48327877371270983,0.2790709430086177,0.11846387159963348,0.0016113234968879334,0.11874506334712957,0.0,0.8949860334105779
-84.07276253245266,35.594790403640886,0,-1,2017,336,0.062207788925674176,0.8299679041674041,0.742232021349655,0.005551678465541539,0.014043133836182387,0.0,0.008398716345121226,0.0592426941591176,0.3612478373637689
-90.00733983785777,37.07240494859276,0,-1,2018,73,0.02254670388662229,0.0,0.04836619731117042,0.07281703723573812,0.0,0.9438959004979524,0.0,0.0024787099341010504,0.5707889277132134
-85.1533169901537,34.232620814555595,0,-1,2018,61,0.7167812721205384,0.2557639801799981,0.3808025153163352,0.006069919323857085,0.006047469794247004,0.0,0.0038420706738789743,0.10219718416662452,0.29698484809834996
-78.60231734828807,34.044716720629296,0,-1,2020,13,0.01269596634621458,0.06491997119721069,0.11063823764175046,0.6349533644759191,0.01692306719927189,0.20299464023866115,0.01772892754209436,8.05860342822471E-4,0.3189043743820395
-90.51802679886936,31.65699368726429,0,-1,2018,258,0.04209927284223836,0.7780208662662026,0.5733461596430479,0.012463673119271526,0.001612311738894017,0.0,0.012509642256477696,0.2356251343593115,0.36496575181789315
-80.51288635636986,34.01879836401911,0,-1,2017,82,0.07664902151529314,0.4085126274430532,0.26363521013624197,0.33769005580412975,0.03741847001719083,0.023255005561735265,0.06639637475983416,0.009549752249974721,0.3661966684720111
-82.05913403726991,35.54477898386561,0,-1,2019,110,0.06545220258473666,0.8446757709362406,0.8528258541690562,1.2886252793916465E-4,0.008054683403561745,0.0,0.014192036287138398,0.08729381589836566,0.5126402247190518
-87.88416522932954,33.665594109807344,0,-1,2020,140,0.023222299475380834,0.7454269641615577,0.5417585084224782,0.13189975935774806,0.17227671461435395,0.0,0.07712604595899587,0.012826427686629421,0.21633307652783934
-90.1343556529142,35.745885105692665,0,-1,2020,318,0.03345884612468727,0.0,0.0,0.008812798771059258,0.0,0.9626637271840031,0.0,0.0,0.8297590011563599
-80.22093302687232,35.338899766637454,0,-1,2019,203,0.5335051220836964,0.28607879545770337,0.33891260964286113,0.005541206310253985,0.05349877435495692,0.027971873341588536,0.022554395895984437,0.1100395491647924,0.42638011210655685
-83.14009793300724,37.649838916800256,0,-1,2017,265,0.051746131986106704,0.8551310388380167,0.9018000421257438,0.0,0.011571041141128809,0.0,0.011555255273269152,0.028982853390330826,1.295569372901351
-92.26730380793042,32.33969683072647,0,-1,2018,123,0.026668184059785285,0.6437540305754714,0.6309875992560166,0.10925873670391645,0.20374075795077015,0.0,0.030447000660654387,0.0,0.5307541803886239
-91.67883457538125,37.4653167604987,0,-1,2018,181,0.02070071738910781,0.9389208851167021,0.8802389069361106,3.8642550347707196E-4,0.005635946286432366,0.0,0.003384725164736973,0.029218513688876815,0.618465843842649
-93.30703013743133,31.29143221001967,0,-1,2017,250,0.012899798914899261,0.6939965347598992,0.70125104261982,0.0956691254537831,0.042658598428084525,0.0,0.06411593982965642,0.008061915511125438,0.8828363381737298
-86.41273005949742,31.253296843552437,0,-1,2018,141,2.529372336254759E-5,0.7138774013228618,0.4969380792472737,0.10229298841138736,0.025674261560689086,0.04709635198492616,0.11572860715313198,0.06602720757234225,0.23430749027719963
-77.97514165664961,35.395262057181064,0,-1,2019,49,0.8718508883809621,0.025761153695589036,0.06568811512172937,0.12852699271013632,8.054963278843882E-4,0.08566058595909348,0.00827292110874201,0.0031967148385058856,0.9044888059008801
-88.1196544895165,37.48319657825141,0,-1,2019,135,0.026120675499867376,0.6902780058354703,0.4935081269643068,0.05721000997117754,0.010466393877396386,0.037104392412416996,0.0016102144426763671,0.06844990022985029,0.18248287590894657
-82.38851848831835,33.33342441588159,0,-1,2020,65,0.06330506010694102,0.503608944620713,0.4275954958015818,0.19678262874338678,0.12518999541799,0.008058017727639005,0.04673650282030623,0.14780300516661143,0.3189043743820395
-85.02263055841937,34.06718691613996,0,-1,2018,356,0.01659567476016533,0.8457727163567881,0.5421533023827622,0.014358955175593258,0.012891524770369714,0.0416036045714358,0.008161472667123767,0.2179268026806788,0.6029925372672534
-77.6511228223353,35.8908431748899,0,-1,2017,218,0.025761153695589043,0.06782507671520037,0.17339288312906248,0.2180951476247454,0.01322991115841469,0.5435475364067324,0.018589462181529928,3.474075501135393E-4,0.15
-80.58266581944979,36.49113671714847,0,-1,2020,103,0.48640525352023745,0.2787522889436131,0.3759276783499361,3.8650633137789746E-4,0.011162511644062708,0.0048312992405702805,0.014140233986453409,0.135592149928162,0.7925906888173744
-93.94963116266126,32.56209489345652,0,-1,2020,105,0.03407596601254298,0.3836865264009709,0.564070421003927,0.2316879347268191,0.033810073170346226,0.0,0.0415474817074134,0.056437568152725284,0.16155494421403513
-84.71163386498881,30.531389463251593,0,-1,2018,101,0.04782685691155637,0.2931339809755111,0.3607384706288251,0.2557445766602891,0.060567157005350335,0.1789377822187932,0.032946079609415535,0.027772858931710966,0.480936586256442
-83.1748023666948,32.26678605213913,0,-1,2019,75,0.07892274623846247,0.24315336957896058,0.41997732435477547,0.20790239156247514,0.11349060092742158,0.16564936891715487,0.10052440092173189,0.013462468509076661,0.20124611797498107
-77.27897294349437,36.87903387039962,0,-1,2020,80,0.034355626822893656,0.397747503188091,0.4945923389447588,0.10731660986534398,0.13963656797934074,0.2289918486668057,0.022821838753875206,0.004830185820089786,0.12727922061357855
-89.30694599276376,33.58659907629035,0,-1,2018,35,0.029013906447534762,0.704993678887484,0.6132685675111909,0.0391239020464126,0.054290535416350656,0.021616992770109703,0.03458845239900904,0.10135434046210623,0.6029925372672534
-81.63674746068479,37.65206232025963,0,-1,2019,304,0.03082420982182319,0.9644530312788069,0.8844873002603845,7.728189961939923E-4,0.008473693349539848,0.0,0.0016101280209632348,0.0,1.650272704737008
-82.05299325246477,32.3958926089383,0,-1,2017,151,0.6448288507011619,0.05804028678729939,0.17325633905665977,0.3193293629261328,0.008666710916831822,0.15818801895171372,0.02741929876131147,0.08844343722639972,0.23430749027719963
-78.95043103000822,37.029724885592145,0,-1,2020,100,0.11877675223172009,0.6582911400396468,0.6477336908693928,0.020626186552589222,0.06840137901423211,0.0040473815146425535,0.042188111684998794,0.11986184601007739,0.33
-82.1958448662016,28.0251775515804,0,-1,2017,145,0.5674482165226303,0.07317381786893751,0.051234461675507166,0.20084119528687694,0.01855507678290085,0.10141860126674385,0.019924957131919788,0.08429035136007287,0.5408326913195983
-92.48276876810682,37.61625175431433,0,-1,2018,275,0.008979200080825431,0.5146559236199693,0.5488806420605419,0.0036443977045598178,0.00402556152636664,0.032286582093039425,0.04667756988690542,0.38330607528273664,0.7156116265125938
-85.98078888680399,30.636338192913026,0,-1,2017,76,0.06815421979356408,0.44471007893139064,0.577109862381144,0.28850130819865194,0.01046603912591183,0.0064503685247311576,0.04146891333423977,0.0022924103825637697,0.5707889277132134
-82.52811363431594,35.942280480019406,0,-1,2020,214,0.1247899743547633,0.8035044279090919,0.8400090955027789,1.2885295603840314E-4,0.005637726338130924,0.0,0.006957933402186233,0.03919246281785246,1.324424403278647
-75.6657067368882,37.44463277662079,0,-1,2020,15,0.0,0.1001729950879497,0.007599605598401384,0.18002654936990714,8.050690938710563E-4,0.0,0.007245621844839506,0.0,0.06
-81.01275785837589,35.94037777665361,0,-1,2018,24,0.07615546881907866,0.291485088483838,0.48626609203504556,1.2683128457857898E-4,0.0064428512775163435,0.07486024697596563,0.026576761519754917,0.4768594258282536,0.06
-91.85757209459378,33.231607923448045,0,-1,2017,279,0.04442871050535444,0.23572250388782817,0.43669159064675783,0.15603618215656048,0.04699785109341421,0.28114018455315365,0.16712804955125762,0.0153109594235874,0.4695742752749559
-81.74303664237856,36.14815342211542,0,-1,2017,79,0.0047996766533623,0.9716061233769514,0.7886540482638751,0.0012884514329601028,0.0,0.0,8.053487791859975E-4,0.030473766158296826,0.3841874542459709
-92.14711003154954,35.265056776786885,0,-1,2017,247,0.01038639407647014,0.37032170023502053,0.39712073079889215,0.0,0.003222026022598406,0.0,0.006712554213746679,0.651661080768611,0.16970562748477142
-92.70632929618507,35.67532966088182,0,-1,2018,226,0.013000303214069132,0.896692439862543,0.7574956099902725,0.0,8.054301786791576E-4,0.0,0.025811668314376767,0.0531899772900275,1.0606601717798212
-87.85999860694324,35.67408699922936,0,-1,2017,121,0.011410880141530296,0.920187022177292,0.8968308912556168,0.003311914199491033,0.021190174631801388,0.0,0.014680568145567572,0.028628371271821103,1.1837651794169317
-94.35689713957768,35.13781708946111,0,-1,2020,8,0.02412455295648988,0.8237479622398303,0.5512560500489461,0.008118954689005881,0.029543049391101067,0.0,0.017523021275923614,0.1252515360679819,0.5239274758971895
-92.36481653523145,31.606331794708662,0,-1,2020,95,7.588212975844186E-4,0.45262425698747927,0.4663011334698563,0.3913482834084312,0.0120484594032361,0.0,0.09263814154647709,0.0,0.0
-83.24656414814704,34.49806127315557,0,-1,2020,156,0.09967898488448516,0.4743440675395585,0.4790297185344683,0.021669585699519045,0.04008858727932165,0.0,0.04618607119839256,0.2882151116503016,0.15
-83.67479764471285,32.512661816872836,0,-1,2019,265,0.3503344164464616,0.3147307599914024,0.24716832958878768,0.11654108153400457,0.01773150518670233,0.17093360641747743,0.00532261225212241,0.034865638808291154,0.10816653826391967
-92.16321816891626,34.943595557367054,0,-1,2019,289,0.1401038836301136,0.35042400192096257,0.4385771259995141,0.01014612953587586,0.007006747706537945,0.0,0.0039677525335489894,0.4200320958325961,0.2563201123595259
-82.07090097016393,33.52132983947141,0,-1,2017,55,0.8708446039891798,0.09469878908916245,0.1349091473485868,0.0269754593441905,0.0040289197439187015,0.0,0.0024173518463512208,8.057839487837403E-4,0.20124611797498107
-94.05093117345986,34.98118283896621,0,-1,2018,34,0.0,0.8798291397591275,0.7790675695208867,0.0024486837756126268,8.055395851629082E-4,0.0,0.07909451032670155,0.0011972529520656557,0.8919641248391104
-80.90000725269212,28.791341854079654,0,-1,2020,61,0.03890287564996269,0.5201725643004442,0.2723511303662225,0.5255604514278807,0.007657176111887756,0.0,0.017420787288012288,0.007954480760593848,0.12727922061357855
-83.1033531420146,31.57911809231342,0,-1,2020,76,0.006449899457449633,0.3411364469906792,0.28670850479277166,0.24037905180401625,0.022474574235014064,0.29880529728465166,0.01608533319844585,0.0018336268190052268,0.042426406871192854
-81.0067329629356,33.295710385942705,0,-1,2018,34,0.1494154079504518,0.11810655375086891,0.21689093466515513,0.43033417229485427,0.054196268298232764,0.08225039819988371,0.053924481076024586,0.0064470457361009295,0.15297058540778355
-92.69654140410627,35.12973466801103,0,-1,2017,81,0.06568439142741608,0.23794480388192477,0.15494438295657273,0.029429780008187155,0.031150099190053196,0.2756472624808885,0.0013994010689781528,0.3134405680999735,0.042426406871192854
-83.41916674788878,34.39060793631957,0,-1,2019,14,0.05129987487835398,0.6258989168762562,0.5337898119275164,0.018472117686961692,0.025261747850097632,0.004833726139400873,0.029002356836405237,0.28393244156878117,0.22847319317591727
-93.60854477466457,37.12584060902708,0,-1,2019,20,0.03732238711714556,0.4201073571203032,0.3034351762043325,7.729146459747821E-4,0.0011746354525188356,0.01932464776724536,0.0016103873139371133,0.634533650779617,0.48373546489791297
-82.45833646023065,34.06518657435703,0,-1,2019,342,0.009213735923459004,0.7538200983304053,0.6950117809059848,0.04449244540873245,0.010360124106640715,0.0,0.033500578195398444,0.17198943450594306,0.36
-79.10900366910569,37.49649125967665,0,-1,2019,77,0.16293602999659126,0.7291721900289108,0.5655433208966156,1.2881247025947376E-4,0.044236111111111094,0.0,0.04737058080808079,0.11928345959595954,0.5770615218501403
-77.89460677868769,34.126320099222774,0,-1,2017,120,0.7123367272176045,0.025769940122786196,0.06460309227799972,0.2160970125638328,0.010602392885810184,0.0,0.04812949140115919,0.0,0.2580697580112788
-89.04045468901661,36.82363825574607,0,-1,2019,96,0.03823949266665824,0.5812099698076025,0.4189276165957028,0.0043113987846846846,0.016423674595881618,0.21720554381909657,8.052368817438594E-4,0.24756771094837973,0.45
-85.27183582864033,36.392918239682956,0,-1,2020,197,0.02973024196095776,0.6239307599974735,0.5756495132156062,0.001288390890722726,0.00966363599041216,0.004670757395365877,0.013743837853030629,0.3672150095846848,1.47
-92.85453948201221,37.21572855577226,0,-1,2020,79,0.011897995528778753,0.5728594344031426,0.43487751330849983,0.0,0.015260450709028392,0.0,0.03832637093030967,0.43257204745169725,0.3313608305156179
-83.17017586066856,34.09245207935563,0,-1,2018,308,0.047502275255334216,0.46618717767216106,0.3712612778382135,0.026270639808797406,0.024300157977883107,0.0,0.0260221169036335,0.4384423380726701,0.2765863337187866
-89.72309506850725,36.66439104301609,0,-1,2017,141,0.023597180465374804,0.0,0.0,0.004251399955945091,0.0,0.9672210871356975,0.0,0.0,0.12369316876852982
-81.51435773377143,35.56922153903738,0,-1,2019,64,0.028989717808149965,0.7287092943940581,0.5775769452729177,1.2886116043770338E-4,0.008054530752514276,0.0032218123010057105,0.015303608429777123,0.2236253600849042,0.06
-78.48976721063676,36.100423687831146,0,-1,2017,227,0.07485510082961877,0.41729698331923265,0.6194788014879838,0.01869327466557254,0.022113091948396477,0.05752814666266642,0.05959355113770944,0.1444267239337429,0.2580697580112788
-85.29441154378335,29.855538686309124,0,-1,2017,12,0.03739783912350396,0.045317679208522046,0.07223152053363989,0.5944732613394428,0.008649342681580859,0.0,0.023465492759535637,0.0,0.16970562748477142
-83.84247318493856,30.8557920576376,0,-1,2019,334,0.04181581310633562,0.57248200756378,0.42030352036477897,0.1863993011170695,0.023017433809069128,0.16600375614167104,0.04129226449813774,0.00675979031370739,0.19209372712298545
-78.21137727451577,35.304188213065906,0,-1,2020,26,0.02931036660057838,0.1738921792718502,0.19619498611465583,0.24966985983256734,0.01913642839317812,0.477602039365826,0.015784868385723187,0.025776371028117112,0.09486832980505139
-79.69690614212716,37.459778638644046,0,-1,2017,90,0.036360881751382475,0.9066106103073004,0.761787110657601,0.0,0.018473155209859076,0.0,0.00885461386938734,0.029253371382393048,1.8024982662959763
-78.14554276022984,35.439637395102466,0,-1,2018,284,0.047884833943679754,0.17211769162773077,0.10548977395048442,0.2584403442542591,0.0073345462815556095,0.6092000859171658,0.00644378743082405,0.004027367144265032,0.5028916384272063
-88.23831584564708,35.03613595440678,0,-1,2020,72,0.23103757725899615,0.5716849728882539,0.41435348855544774,0.038011712162019415,0.023211736015466073,0.0,0.0385356515586106,0.07041546101262307,0.3661966684720111
-80.3616614999554,35.69285947505222,0,-1,2020,112,0.13415096246147626,0.5432223513363311,0.43445718244537584,0.03998801380332834,0.025699495611472386,0.0592538081807587,0.02290435568076659,0.276232467208429,0.3661966684720111
-89.80174430324121,36.53429511101519,0,-1,2017,59,0.02254841276859139,0.0,0.0014126356112503602,0.01644235097730033,0.0,0.9817721902740806,0.0,0.0,0.7256031973468694
-89.38479522859284,30.46901431300915,0,-1,2020,69,0.07431159007829598,0.45856891688485824,0.3880218727851376,0.2582067209894456,0.04096525731341774,0.0,0.12366726953090423,0.08080488699457422,0.17492855684535902
-92.64786148888287,32.69258278627578,0,-1,2017,67,0.28937752095793234,0.32485743548244334,0.5444262517243197,0.2579510839445144,0.022565373213574613,0.004029530930995466,0.012745959407611543,0.047946677454221355,0.2683281572999748
-87.11369761559847,36.696531817589474,0,-1,2019,39,0.06218336639167186,0.01929175141813956,0.10050587135115083,0.009778933259639362,0.0016104381654898894,0.7996235995503406,8.052190827449447E-4,0.07064455419282317,0.28460498941515416
-87.30372340947841,32.120139372321646,0,-1,2017,206,0.06292910518529758,0.8516481432310435,0.47851964308471545,0.2621574521540535,0.012144277301707217,0.0,0.03794691541046204,0.006448288832764894,0.4589117562233507
-87.12751412062403,37.441524476248446,0,-1,2017,265,0.05209438633722403,0.09696326613106974,0.19951557949875862,0.10482526260490932,0.002415214906769548,0.5765449482544156,0.0,0.15048841012559122,0.36496575181789315
-87.02206814047686,36.60901091706783,0,-1,2020,52,0.03295009475679093,0.28342387871130775,0.19374615715341617,0.015938245676434457,0.0036976923368405106,0.45271311465056663,0.0,0.23485240807871582,0.09486832980505139
-91.81510466154187,31.587120752510593,0,-1,2017,323,0.006917920829644618,0.003224990514733779,0.002599681867724747,0.2879375267112254,0.0,0.7338395829447408,0.0,0.0,0.36
-94.17422751706877,30.706431918745942,0,-1,2018,64,0.11332591318425574,0.5265734088839419,0.5641270922060442,0.20538132062863193,0.04430145605742019,0.0,0.025883357311115667,0.1928066652965076,0.5954829972383763
-85.72920407548563,30.29619957610119,0,-1,2017,250,0.0,0.3109908041033685,0.14510280866503797,0.5808017978046509,0.019352696570588333,0.0,0.02419087071323542,0.0,0.51
-88.5027588854962,35.053337610671264,0,-1,2017,41,0.022535104460257076,0.3656298580654947,0.4027551400489934,0.030331103001118454,0.008055141391423012,0.17422165222006017,0.018855348613883906,0.31686715018574213,0.4295346318982906
-92.35049788981415,29.81398426242347,0,-1,2018,259,0.012788726693146455,0.0,0.006322008025585537,0.6344503141777417,0.009676899091446697,0.1427026377455988,0.0,0.27159197639595595,0.19209372712298545
-79.63967198335978,36.72734982553236,0,-1,2018,93,0.04591198939326978,0.5220405328619232,0.6429384108456245,0.002190121767738976,0.09343368967411549,0.0,0.13518428480321268,0.18248520859511635,0.7256031973468694
-84.7987051490524,33.486850897163876,0,-1,2020,42,0.08059765639813422,0.5349328142183569,0.5947803586740228,0.07693108831761335,0.052203809740497785,0.0,0.02517917409275341,0.13532542060091265,0.10816653826391967
-88.02401571596553,34.53730072416301,0,-1,2019,191,0.041269560381222044,0.5112748691761256,0.6860667769236676,0.010759661303431853,0.18482549892427608,0.010754080958895025,0.008890124505972562,0.16157975048257522,1.1164676439557037
-87.81925073052349,33.660994479982406,0,-1,2017,288,0.034435679611650505,0.07761933656957934,0.47273422179351243,0.28257270242246185,0.004028996132163712,0.004028996132163712,0.007963192355335338,0.11033445407892405,0.28460498941515416
-81.79146333415218,33.070241568425914,0,-1,2019,8,0.05880717012615982,0.19532020327155963,0.18524220733354246,0.24077442032491816,0.09450759910119183,0.6091195535034248,0.04101523612678128,0.01903804765200574,0.39
-79.7598430519402,32.96959300743365,0,-1,2017,251,0.027244582043343655,0.26755544322992364,0.3443672984236494,0.5641422846086529,8.059214684837302E-4,8.059214684837302E-4,0.0,0.0,0.39115214431215894
-89.37650924155143,31.604219342568324,0,-1,2017,335,0.04437559279165348,0.5332405943724311,0.430596551424161,0.14179805013645802,0.008683941820434924,0.0,0.1607619866532208,0.17226575959991272,0.042426406871192854
-80.24516635745319,34.680649074781314,0,-1,2018,35,0.06764609282231372,0.37926025113059286,0.43292410787620383,0.12491679104835944,0.12610947329838634,0.054199488749648486,0.0663077170997128,0.09094126308538641,0.12369316876852982
-83.42407730706921,31.099113843560712,0,-1,2018,245,0.14673631224151673,0.10649196251280564,0.14680500103948052,0.2536676464592663,0.016124391778457186,0.4395034951990414,0.011192224881517342,0.010114103784173439,0.08485281374238571
-84.02414015604138,36.39998560412626,0,-1,2017,339,0.18079017524353425,0.33153499185060725,0.4339825122851547,0.0,0.03836643434378522,0.0,0.022933331649071388,0.28988779657484276,0.9202716990106781
-86.00399190645024,31.560573074423697,0,-1,2020,34,0.10965400374323438,0.5428575041732002,0.5815476822699341,0.137740687353008,0.015164878937035884,0.0768391802050436,0.0660811891642404,0.14033756634832123,0.09
-83.54616736415922,32.163766113662454,0,-1,2018,41,0.04475913516247313,0.3519661145530408,0.16269852909197752,0.14193104341115528,0.01047873433326485,0.5594316511513967,0.032763825449257974,0.008060564871742192,0.23430749027719963
-80.67089368946618,25.57648604218866,0,-1,2017,264,0.0,0.0,0.004028162195938316,0.9954553418342493,0.0,0.0,0.0,0.0,0.9534149149242422
-82.39460867699496,31.349362395974744,0,-1,2017,145,0.0,0.19813564038349657,0.22319836201393786,0.33835863518695924,0.09655512557857206,0.15673609530313387,0.18291726736980565,0.005984900220047049,0.48373546489791297
-77.8323757552854,36.64652222224028,0,-1,2020,315,0.058071114702762765,0.4333425930602557,0.627655049001133,0.03546228999334122,0.1391014954026473,0.039693215115691634,0.09473198949176521,0.10444137112256244,0.15
-83.5352311388203,34.49336420389145,0,-1,2019,127,0.5793218496846843,0.41262780087707124,0.5726723012402566,0.002375679912008859,0.006444866379596312,0.0,0.0,0.018718545734856935,0.9396275858019495
-84.36722070568794,30.586090757349453,0,-1,2017,81,0.029042336541988695,0.2404467662572575,0.4023196555574048,0.3827462022431666,0.040024916759682935,0.0016600633037473168,0.04636477756732745,0.006096384856428242,0.6363961030678928
-91.53693019941406,32.40301632331796,0,-1,2020,305,0.0514003919833091,0.04703799709173674,0.025880230230787036,0.4140776154061655,0.0,0.523332817038978,0.0038121489330092267,0.0,0.7212489168102784
-86.99374245723057,34.39023342731886,0,-1,2017,46,0.02792314498799141,0.009670079635949947,0.12277870223034563,0.20666990842864838,8.404051637526304E-4,0.018691116348723915,0.0016113031335106822,0.6316687413510935,0.24738633753705963
-89.34899281158087,36.671087473240064,0,-1,2019,69,0.016107229935444747,0.0,2.5766060339061167E-4,0.119003833585605,0.0,0.9536935577077934,0.0,0.0,0.5977457653551382
-86.79423248425176,35.04827666993087,0,-1,2018,154,0.061450183895552395,0.4900848068148787,0.4151643998522202,0.009108869257932667,0.004027596141089063,0.0160977489686195,0.0057049714751426246,0.35511710038349037,0.34205262752974136
-90.71549465714244,35.26321435967031,0,-1,2018,268,0.05343241330502474,0.7014204832676166,0.4135650387953019,0.07151394412243486,0.021748469552142626,0.3193439764478448,0.028192460530555255,0.01824218034330046,0.3
-87.40023729360948,32.613901332947606,0,-1,2019,77,0.04805978075332854,0.2537015261287917,0.31704259637760374,0.10615973211784462,0.0032238387069246166,0.05763085782555242,0.006447677413849233,0.4818880316568318,0.0670820393249937
-84.97385115067233,32.86353266105271,0,-1,2018,132,0.09302384383928801,0.47669979013375824,0.5305864262920748,0.03652188334780305,0.012097577008283117,0.0,0.011677258893836499,0.3613756095402732,0.16970562748477142
-94.41592782043308,32.2735534014522,0,-1,2017,315,0.0032245419253676606,0.39133293711510964,0.4749476215930016,0.10353452474086411,0.02141050768160839,0.0,0.025722324081684254,0.1973730795979009,0.16155494421403513
-89.10982230616519,35.207027058067396,0,-1,2019,21,0.022041631384047616,0.6741276240789654,0.4888356329843849,0.024634786572638897,0.011276592384351755,0.1450700443798664,0.007795694679154099,0.2658275028823223,0.7427651041883969
-94.09973704778089,33.451961381828596,0,-1,2019,201,0.7166879496289177,0.07794621521500003,0.15687670282679997,0.008725652325804202,0.0361949483809602,0.0,0.03407457031533907,0.05424502216758884,0.8297590011563599
-85.18439159514895,33.064173651923106,0,-1,2018,103,0.05730503267891231,0.8973111007167871,0.65907043156512,0.013419605233752213,0.008573803286045215,0.0,0.010476283779299626,0.022339924596038934,0.3
-91.33234437426725,37.52396595680744,0,-1,2017,132,0.03175324921374711,0.9650259558182713,0.9086925489479,3.8642081883834343E-4,0.005635821724908754,0.0,0.0,0.011893636099569341,0.12369316876852982
-91.21345728464355,36.88493727868681,0,-1,2017,77,0.029305509941136343,0.8366217820781646,0.8995664911446684,0.0,0.028947202223064298,0.0,0.015040419350764181,0.0,0.39115214431215894
-90.3719630435416,34.95186367661427,0,-1,2018,40,0.020044740467373576,0.0,0.0,0.08548172295717886,0.0,0.970333655553239,0.0,0.0,0.6579513659838393
-79.00370653178108,35.04084572798669,0,-1,2020,191,0.7122957237756056,0.06130181101765552,0.10691066114633199,0.12821031181265366,0.006444886740593314,0.022557103592076598,0.015429817078949876,0.0024168325277224927,0.16155494421403513
-81.85931719967977,29.844321026764273,0,-1,2019,122,0.07049951920643759,0.7490637177994841,0.6532117537294555,0.20074396841170047,0.0,0.0,0.001612882822481689,0.0,1.3566502865514016
-77.42742609754295,34.954006109742615,0,-1,2017,195,0.0,0.0,0.05082144189257627,0.9150674671003755,0.0,0.0,0.003589495669538897,0.0,1.738188712424517
-87.22808079346575,37.2696150051835,0,-1,2020,70,0.047990197316894495,0.5659028321669491,0.6648323060307595,0.040143098314927406,0.031355078663959826,0.0014365684011783022,0.030717305439700446,0.020737101667998,0.0
-92.7946913760201,35.69562631470043,0,-1,2017,282,0.035137593813964065,0.4817046976473858,0.6995710323269514,0.0,0.060913400948208594,0.0,0.02913483071538896,0.20979984017536488,1.7047287174210446
-75.81377709016162,37.542719816261474,0,-1,2019,104,0.3241912266080765,0.10533626284819558,0.12281186482456533,0.2803192091194525,0.006405723161630066,0.3931169257580158,0.002415169156553475,0.0056353946986247745,0.5692099788303083
-86.56682076432148,37.793694308043634,0,-1,2020,353,0.05068967259498791,0.5613252829426033,0.7204602173804341,0.0035573455928665184,0.01764100491851927,0.056780800727359984,0.004227148458464084,0.1839772447452662,0.674166151627327
-87.64645812364826,35.78472773256567,0,-1,2019,220,0.04611049332794177,0.8403886979377277,0.7603446062920112,0.007217954535577884,0.00997422745534023,0.03512456729918895,0.012286176314526122,0.15913598807388138,0.874642784226795
-80.8250047072792,34.56779350445384,0,-1,2019,122,0.0,0.6436078827690753,0.7859759293620638,0.023019803106205064,0.12065615413050414,0.0,0.025319815109111528,0.02652672418968061,0.4846648326421053
-90.79912276827119,30.752207058128086,0,-1,2017,99,0.03251631507057215,0.8167906106136488,0.5033492948826253,0.1879965642031652,0.08418729507289634,0.0,0.03497949543271435,0.040544343300523915,0.4368065933568311
-78.9179984637707,37.36975695408282,0,-1,2019,47,0.07819148264585936,0.7805386159615164,0.541228893034468,0.0033491293021535957,0.01192937707753937,0.0,0.008049725204478803,0.19087003324062995,0.46572524088780076
-93.36146296614045,30.59098812544077,0,-1,2019,192,0.01070073362003541,0.8667467746015681,0.6170105778618659,0.1582035340479672,0.022974186449466905,0.0,0.09029999873524983,0.13480655646477033,0.2716615541441225
-85.31208816816377,31.80362863867744,0,-1,2019,124,0.06313540033382226,0.7021268524606747,0.5945644406164349,0.04343278683052478,0.032009356873034196,0.007280026553288345,0.1008424346836524,0.1502031010447455,0.18973665961010278
-89.894430956386,37.200887110891436,0,-1,2018,198,0.0373860105590219,0.6990426149998739,0.41247195739291814,0.033376322315322934,0.0,0.27498113410102026,0.0,0.1755712657360543,0.39115214431215894
-81.4290325981683,32.38021010749483,0,-1,2019,73,0.045258538929425,0.4608556000961065,0.3232414511880421,0.432783463135468,0.047124340622698734,0.05930207934967782,0.029548320622509085,0.06732680777630641,0.3313608305156179
-79.66795656424661,34.92730360831921,0,-1,2018,69,0.0874744208372281,0.45703963822853255,0.3557442008664906,0.09881306072861809,0.25192267588455736,0.0,0.10028247695000732,8.05722843980461E-4,0.18248287590894657
-84.57765326136898,33.356758565991576,0,-1,2018,14,0.2818840304903485,0.39304991972897463,0.4047164984417879,0.09135460294412073,0.029241577205917215,0.0,0.004835146776726828,0.046673387415345435,0.21
-77.65528442705595,37.45588415658688,0,-1,2019,38,0.7036574126677525,0.24959284929742837,0.2635279236792841,0.040617362902256274,0.022616650147410686,0.0,0.004024595804319417,0.009280244442901247,0.12
-92.83402877268657,31.791301698215662,0,-1,2020,26,0.049900729668550886,0.5070880281244862,0.6989546192477514,0.15759506794722025,0.07801954282065302,0.0,1.8335224811984906E-4,0.0,1.3819551367537224
-86.23985457211216,30.930928940561234,0,-1,2017,225,0.005147402901263456,0.0742895445749915,0.5144721826540188,0.11655494269804781,0.017171167867057035,0.5130483170295239,0.03151261832645138,0.013168461455771045,0.12
-81.87282298463867,30.556490177532286,0,-1,2018,266,0.09624362656410124,0.30944217411657526,0.40102461680575946,0.2951026918576505,0.019557188571139472,0.0,0.025903393496325717,0.12861894944537902,0.3059411708155671
-78.59476984372284,33.97987102403149,0,-1,2020,275,0.017800517971069418,0.03961847009032911,0.13786735713159137,0.6182978934214415,0.018538358220747425,0.2446646124674095,0.021240420320771128,0.0016117563403650165,0.7523961722390673
-88.31772235890024,33.91087128372222,0,-1,2019,2,0.017103633099891286,0.8344120547113999,0.5683529502759416,0.22663293796132433,0.07576882608874241,0.0,0.08712151133214739,0.01832923103172622,0.40024992192379
-86.19958439067031,37.00212863231124,0,-1,2017,63,0.03902272641139988,0.09886431107012478,0.17044700794899698,3.8646220374388403E-4,0.0024154665639435574,0.17741207228086356,0.0040257776065725955,0.6053506531232142,0.39
-88.64911155624131,34.33624065117432,0,-1,2019,56,0.07739758061457949,0.7380768793214597,0.5650008921715861,0.08396825789976237,0.012890058542349208,0.0,0.043775649794801634,0.04642000739282767,0.17492855684535902
-89.6281760178855,37.115598135026985,0,-1,2020,353,0.05259568018188707,0.2701654667171909,0.2935423511677438,0.00981135049284078,0.0,0.4538817860604935,8.051860295487489E-4,0.3236342624022332,0.0670820393249937
-86.6060345954296,30.591998791187308,0,-1,2019,42,0.02660038705270748,0.7413450714023708,0.5389488157647789,0.01510905971940968,0.08270305820453801,0.0060519060025801255,0.27822009460450775,0.0056440189209015276,1.5970597985047397
-92.75203442706602,33.55615220717261,0,-1,2019,143,0.0,0.0,0.162435028971227,0.7136365727551657,0.0,0.039723317660144586,0.004114212043075988,0.011612695282875772,0.34985711369071804
-93.36495765421182,36.620774513429744,0,-1,2018,169,0.21451940932001065,0.4191099377234317,0.40822024251898037,3.8649852044324583E-4,0.011456974764970963,0.0,0.0016105449642048488,0.04400577269842072,0.03
-86.32600998099969,31.977067540642288,0,-1,2017,309,0.05368838985408291,0.8823306274182535,0.7856520081200731,0.021637851599284275,0.03351983562509879,0.0,0.03614351193298562,0.08269638059111746,0.2683281572999748
-89.43759477082345,31.895843439414996,0,-1,2020,248,0.031600111276902446,0.9262158266103538,0.5706092711413612,0.21628010359596964,0.04215071710590785,0.0,0.010017670804606419,0.0858978128032724,0.23430749027719963
-82.75614425902866,31.030092529514288,0,-1,2019,51,0.5376811960838878,0.1730501657011308,0.32843501999808816,0.3581466094806162,0.020041987315277957,0.00806232334026799,0.01943494179318719,0.025318856983869046,0.5316013544000805
-78.93532231510514,37.34501213921922,0,-1,2020,66,0.077269800386349,0.720907036349633,0.5922041866012395,0.004390278647060695,0.06814781142867965,0.0,0.023505123397162712,0.12580575916560915,0.3014962686336267
-75.8294615591367,37.189359467706964,0,-1,2019,37,0.0,0.0,0.0,0.30606512948355624,0.0,0.0,0.0,0.0,0.10816653826391967
-86.8273385603492,33.37917862769856,0,-1,2019,229,0.6170815266171952,0.35937954312731496,0.2685805695194882,0.002131539658215501,0.010137975059570082,0.0,8.058552494359011E-4,0.00559358349608449,0.3818376618407357
-92.06206400925358,34.76130832091993,0,-1,2019,176,0.0726907325951767,0.024154406188381612,0.02154162633719066,0.15095110172125795,0.0,0.5573839889051403,0.0,0.11237967669479339,0.27
-82.50821350776147,28.56824384976605,0,-1,2020,81,0.9179214009160614,0.022471341447984416,0.18787839527759675,0.02207300514235483,0.017749701060996204,0.0,0.015263287759634054,0.08354475227604878,0.543323108288245
-88.36857191300238,37.624431301912566,0,-1,2018,95,0.03864905145628616,0.912079723141435,0.7356963327090194,0.01749241831887713,0.0012470638749273871,0.04790303841588164,8.050665521683132E-4,0.05192521405298921,0.48373546489791297
-88.31606134936426,35.58807888787056,0,-1,2018,190,0.03907444617153833,0.8532686304987932,0.4729542617756597,0.055305300499780184,0.011276058117498426,0.14657612128869243,0.003572331017056224,0.07611813013265954,0.46861498055439926
-80.33883219214701,33.786528434955386,0,-1,2019,25,0.165721216409142,0.06803451630427915,0.08990912882474121,0.40310301682191,4.234610036657818E-4,0.25354253570977114,0.02112880798887625,0.052177347996460635,0.36496575181789315
-83.79527568063646,32.85117414960782,0,-1,2020,137,0.10741962807044157,0.7166660345634064,0.5075381635965555,0.026838653567076397,0.012338382673168771,0.0,0.024177414818068926,0.06899886539974913,0.0670820393249937
-90.9381532737488,32.395772015245115,0,-1,2019,316,0.020901297321902736,0.0,0.0046665146223020745,0.7405502826052984,0.0,0.10487368500910373,0.0,0.0,0.0
-88.7431361218869,37.54892479286725,0,-1,2017,32,0.04153931647679913,0.4813584581575691,0.6873697742374613,5.485582666366965E-4,0.001610183939835952,0.06497565780749782,0.006440735759343808,0.4266482284819442,0.30886890422961005
-83.6041494780469,33.101555877784534,0,-1,2020,306,0.038126540673788,0.6375703179318627,0.7728612614762624,0.0272346036815052,0.03676361372449257,0.0,0.07082834271411738,0.14079392719331799,0.10816653826391967
-89.5943147703888,36.979635278696506,0,-1,2018,164,0.0,0.037427683601546115,0.020593709080327854,0.027036284130037676,8.051987419953776E-4,0.8663054324075128,0.0,0.01368837861392142,1.6824089871371943
-91.20936114811137,30.193899907600358,0,-1,2019,187,0.03870576032786055,0.009372865491158388,0.004054000726512547,0.45901578798785364,0.0,0.7140675393663443,8.06298615063555E-4,0.02418895845190665,0.618465843842649
-84.07713148026399,33.422926935374356,0,-1,2019,104,0.32979395778030585,0.5018834534192896,0.4403067853766311,0.04124918475375771,0.005801974440975341,0.0,0.008058297834687974,0.24854002603936254,0.15297058540778355
-83.61352453636621,34.21309655515514,0,-1,2018,319,0.0968365709085854,0.5385033428965029,0.5421259882322017,0.05772185939300806,0.019469009772419228,0.0,0.00322271826807329,0.23080033996518215,0.31320919526731655
-85.09545377937519,35.657799692905826,0,-1,2020,227,0.0594895122567602,0.43949962092494327,0.5211698846225366,0.0019328959177238208,0.008859731965470736,0.042526713434259525,0.0038660648576599567,0.3532332494211958,0.36249137920783714
-81.48440704219226,31.1336534441533,0,-1,2020,48,0.7412453823187083,0.009741409847679771,0.004590863796618057,0.5018214742762915,0.006449695536431298,0.0,0.0016124238841078245,0.0,0.20124611797498107
-80.76113277135484,37.517658492656444,0,-1,2020,17,0.09286174283080575,0.5539252206634425,0.6289878571139936,3.864104739968481E-4,0.0021151527013972627,0.0,0.005635145629841961,0.3308730213851408,1.724673882216577
-89.2946634130596,35.378943717769545,0,-1,2019,1,0.001731328194110956,0.17665866295968652,0.2646370934730294,0.06863947070256636,0.001610895974023513,0.4750753330764324,0.017669317801348103,0.24370960915241613,0.3014962686336267
-92.25962756244267,35.2329119720487,0,-1,2019,319,0.03861511245893352,0.35125094768764203,0.41320819652496227,0.006903379472098678,0.03530013804170313,0.03878118968572611,0.03255509822441096,0.4666378158454183,0.543323108288245
-93.58920253840444,34.20337865167545,0,-1,2017,138,0.03438380927098741,0.4104693642787618,0.6938157561505522,0.0,0.22446755068576243,0.0,0.07584618446868809,0.0,1.570350279396288
-78.3286912912829,35.14017621763147,0,-1,2017,194,0.08051173892726793,0.11620211919526151,0.20754283103555118,0.18119048016144365,0.016126943209782953,0.5815271472843241,0.032020116821618025,0.025777836746685386,0.5408326913195983
-89.7733426341975,36.60438930096293,0,-1,2018,91,0.020931760187968974,0.0,0.0,0.0013332828110593263,0.0,0.9850249006028567,0.0,0.0,1.1761377470347596
-82.08182272945459,29.02491444426139,0,-1,2019,327,0.8600566858993823,0.1346543172385869,0.21607489404769456,0.02065861218293379,0.004832980664914393,0.0,0.01294909871869079,0.13693656080288202,0.6007495318350237
-82.77064842846752,34.688490114514416,0,-1,2020,63,0.08182116862110797,0.60862312980186,0.42028689570677374,0.01898216265038621,0.0426685369297988,0.0,0.022468431411574785,0.08457254061977743,0.47434164902525694
-86.80620909431381,33.188510401747635,0,-1,2017,103,0.155493470538412,0.42203203418328017,0.3200754971119774,0.04075033976734026,0.022046577186722753,0.0,0.010903195426346546,0.14346708973171823,0.75
-93.60269839995775,30.92047503202348,0,-1,2018,347,0.018061774303711,0.8738458425033515,0.5602557370879485,0.2738581214584241,0.10776527127861382,0.0,0.0679872265081573,0.025983305931453135,1.041393297462587
-89.29713804479266,37.124518470101584,0,-1,2017,222,0.07735741805090633,0.0,0.12634683863901927,0.34362274524978764,0.0011209027845751154,0.23329618040535652,0.0,0.012011025894433069,0.0670820393249937
-80.35090051065349,33.01655352881984,0,-1,2019,45,0.10978939650595405,0.2867797638611484,0.565332210190799,0.23997362704926303,0.029477669724944627,0.03501164631853078,0.061373096214077376,0.17879074236194303,1.1669190203266036
-83.39019993903952,30.02378160720814,0,-1,2019,19,0.07360643708408185,0.4475595253156546,0.25915436092884603,0.6418497791822687,8.063878567475695E-4,0.0,0.007039291643608194,0.0,1.2
-86.94273799252775,32.190791784185315,0,-1,2019,33,0.045139591341290725,0.8843313777058466,0.6807984161139669,0.04840865473357891,0.008060386519240618,0.05108388491664614,0.009084529747567661,0.06934145061669861,0.5770615218501403
-82.11786508969037,33.93418022748558,0,-1,2018,206,0.04982179419124894,0.6249589241930182,0.7731338530134368,0.04344232460796502,0.02497772385159346,0.0,0.04483667317572565,0.12551424725576812,0.5316013544000805
-80.40461692916178,26.39472507851024,0,-1,2020,80,0.0,0.0,0.0,0.9536990580533776,0.0,0.0,0.0,0.0,0.4459820624195552
-83.99315171250385,35.955838163212,0,-1,2019,164,0.9210270277100363,0.07252877775110247,0.08373319373590209,0.0027058792616966735,0.0032214663356767916,0.0,0.0,0.0032214663356767916,0.78
-78.71174126793645,36.32380494820941,0,-1,2020,313,0.06529617516699705,0.6854267422625735,0.5994085387481396,0.0043624435747178355,0.0025957621498721075,0.022929232323870282,0.01156724666056147,0.2903116809296745,0.24186773244895649
-81.824303985808,33.6720493626247,0,-1,2017,68,0.11906567571666914,0.6826684867789068,0.4833297860669776,0.03429389261843359,0.1355875968110419,0.0,0.04210549599168318,0.044402733934343866,0.21840329667841554
-79.26127420343012,36.01277744785917,0,-1,2020,326,0.09224067175958076,0.5675484563419405,0.6192057464039502,5.15381614821971E-4,0.005542186937491713,0.004026375125528167,0.027818304690805984,0.23940984393454226,0.24738633753705963
-92.42228698326845,31.74298638363612,0,-1,2020,95,0.018779877077168217,0.3429192907909046,0.5334508707326316,0.3536530411284805,0.006449124626172062,0.004030702891357539,0.02153501811445298,0.029381453076295663,0.16155494421403513
-86.75825386803005,32.21185181589134,0,-1,2017,311,0.08920330260845379,0.7500158049792007,0.4183071781987948,0.09353798259560875,0.004501172707215152,0.01580151851360151,0.03389787648326917,0.3164729012966158,0.45398237851264667
-79.45647193451612,36.00405138821056,0,-1,2017,305,0.06261207789255675,0.6203748137296997,0.5508827758908352,3.8653972668356996E-4,0.006441305185250674,0.01420244643296938,0.016640038395230906,0.3041338023277108,0.18248287590894657
-93.51925324893986,30.558636627679938,0,-1,2017,293,0.025804166613962072,0.41791365723465335,0.6685859660465121,0.18703354929245455,0.06369658356125399,0.0,0.06104058305534913,0.004031429339319873,0.7256031973468694
-82.1297418486668,35.89619054027266,0,-1,2020,117,0.1744315310763012,0.6852450732693277,0.8317227523451288,0.0,0.0032215680824721413,0.0,0.002416176061854106,0.09982755135558527,0.8590692637965812
-92.775320813202,34.308931860273326,0,-1,2018,70,0.10083555600500574,0.6513165379413213,0.7031582991285357,0.0014178983763673495,0.10039428538932518,0.0,0.02262401981536828,0.1472030380194741,0.28460498941515416
-88.70372173447558,33.17263443015309,0,-1,2019,140,0.0032240526974574232,0.19966368705195148,0.30006936909515813,0.4986116068855401,0.011282508319664744,0.012571937841912144,0.009806617175327648,0.08274471507716032,0.9895453501482385
-92.31875294588497,31.919328506925922,0,-1,2018,233,0.05402397693358288,0.733193383580353,0.4102321996533669,0.39246561105584526,0.12847464806987702,0.0,0.17891612160833562,0.001612255672136744,0.8160882305241266
-83.4804724421512,31.21433173904256,0,-1,2020,202,0.03629787018768657,0.169057014215612,0.22180447324681152,0.3038576670284947,0.016509486157260615,0.465382876545591,0.03396110691330782,0.03942106145057115,0.2545584412271571
-81.42704135866512,30.86221849294847,0,-1,2020,103,0.0,0.2938095418833263,0.24151294247502228,0.2560303875382362,0.0016125309463659566,0.0,0.0,0.0,0.17492855684535902
-85.60898915201138,32.147632988530724,0,-1,2019,245,0.032533380538134746,0.7213104390046533,0.6848226319103259,0.02749388712870786,0.09348636235764164,0.0,0.06594556322246002,0.12268030483583942,0.3313608305156179
-84.27010955829611,37.8722793590177,0,-1,2020,348,0.012025516326659514,0.578020589907156,0.4339627215877493,1.2879705069906484E-4,0.0032200323897375663,0.011270113364081482,0.004429122983139025,0.37638390362632446,0.21213203435596426
-92.92866504910646,36.7979533231227,0,-1,2017,292,0.0011242057928177146,0.9221140121515276,0.6456120319896532,0.005560804086107338,0.0021062869665994044,0.0,8.052521386549447E-4,0.1473895620375721,0.9827003612495518
-81.73938326868922,27.634584698723895,0,-1,2018,55,0.019359001935900195,0.0,0.008426832638689933,0.22978759805911544,0.010488548024261296,0.03153841529587831,0.0016515903676212356,0.6684669634466984,0.24738633753705963
-87.3163560041954,32.003962027304055,0,-1,2020,267,0.3348675475753936,0.38743124486312197,0.569490978550509,0.11316650677196614,0.06362432315390526,0.0,0.04355838498911042,0.16668826673662987,0.4295346318982906
-89.45311755937459,36.515752350348365,0,-1,2017,36,0.0067211602845122734,0.0,0.003993868489817533,0.4895164109849827,0.0,0.15409125789877573,0.0,0.0,0.09
-81.72156775435217,36.38034881419806,0,-1,2020,126,0.054008993078361045,0.8339311877936648,0.7430884318958294,6.441938179624475E-4,0.008858249066804774,0.0,0.0017842818975916926,0.2409191104486284,2.291025971044414
-85.33236693920912,32.85269634571807,0,-1,2017,308,0.014046044729888622,0.6672819449536646,0.726923742037395,0.046248587993418536,0.13536020732266174,0.0,0.0455983439470316,0.03963465701689239,0.6
-87.51090756791346,35.093382254459556,0,-1,2019,252,0.01787113571446627,0.8810065468516973,0.5438995311433137,0.019777696128103945,0.011735087120781373,0.0706063707466232,0.04163349885650027,0.10405215875061599,0.3612478373637689
-93.42920486210289,31.096494095568694,0,-1,2020,224,0.0,0.8475956795588493,0.6796173865538996,0.09514702088591911,0.14934711815106383,0.0,0.06265768756520912,0.01934933130987384,1.0841586599755593
-81.47500034183005,33.836526855864435,0,-1,2018,326,0.13194312796208524,0.42301421800947836,0.4025176595603772,0.15980530881292043,0.08289305711793929,0.006367152445112935,0.11822996321903013,0.14326882970790097,0.21840329667841554
-89.80375532851691,35.961763101640365,0,-1,2017,141,0.012887249204022842,0.0,0.0,0.0021621714487256136,0.0,0.9495895723909658,0.0,0.0,0.32310988842807026
-85.96856396874102,33.631235191299,0,-1,2018,309,0.3416980607317134,0.6071527900685191,0.4865068864701823,0.004603113534872688,0.016343297731150855,6.035517916956329E-4,0.005640523288883271,0.025930607343740125,0.6801470429252781
-88.17433882354854,37.18230622975651,0,-1,2020,122,0.04894901723005407,0.7851296043656208,0.4678927584741932,0.04245974755110834,0.0032205712409303054,0.12866813592073614,0.005519175028574681,0.15186572112379002,0.33
-92.23444671775304,32.35656113933032,0,-1,2019,73,0.041917984901938474,0.6239899852054173,0.6279948621218024,0.1276110383469787,0.1282305785959943,0.0,0.092921808618248,0.0,0.4036087214122113
-89.79124372126225,34.60897639104587,0,-1,2020,95,0.041802025002844106,0.5612367433100327,0.35034277162054217,0.015035146537837316,0.0024167943513355556,0.28682136256654084,0.011091980349724358,0.283769567346423,0.09486832980505139
-91.43746188312285,35.06972357753287,0,-1,2017,39,0.018427238947448243,0.0,0.009520161039662037,0.27645765304807407,0.0,0.6655094420682205,0.0,0.0,0.09
-83.96372597005684,30.252138231822446,0,-1,2019,135,0.025806451612903222,0.3067805186590765,0.19273908358249722,0.7095087042967503,0.003165337498972295,0.0,0.05396252189806415,0.0,0.30886890422961005
-89.23049596703952,34.34466719806446,0,-1,2019,62,0.06471309558423825,0.7717785671845567,0.6485449024703274,0.03984034946805904,0.004028257833776705,0.008909558502941417,0.014012018425725243,0.24453894614456226,0.4080441152620633
-90.78624634255968,37.64474511444347,0,-1,2019,202,0.050596779286390905,0.9494032207136089,0.8921118335881622,0.0,8.050894280707848E-4,0.0,0.0016101788561415696,0.0024152682842123545,0.6413267497929585
-90.8150715819288,30.99616923671177,0,-1,2019,61,0.011218475703842356,0.7941340146206963,0.502470773848696,0.2983260247932252,0.061102925832948636,0.0,0.09176820978481498,0.021989591698652482,0.5316013544000805
-92.15578016932754,33.32268233911588,0,-1,2018,163,0.041445929372494965,0.4529339621448709,0.5125554437089306,0.31199899691947103,0.038944910206132444,0.0024174664319775493,0.07256191400139672,8.058221439925165E-4,0.21840329667841554
-78.05546256226525,34.9618458062694,0,-1,2018,17,0.07040474837406076,0.1841131527435752,0.25592493232547664,0.1415610526294509,0.05235904791391549,0.3915191800989496,0.041086672184907434,0.03409830472062331,0.21
-88.17669502939611,36.725743607262444,0,-1,2017,188,0.07461310087802413,0.5212936643294801,0.5429584167779823,0.03261414318596554,0.00483139077741183,0.21227804811812606,0.00587029768314287,0.17839515724124444,0.2716615541441225
-89.16476140769129,31.47438973588385,0,-1,2017,76,0.03766283040344,0.5611862906285571,0.641981047141392,0.13864942674076786,0.013751983763175029,0.0,0.052538900726484095,0.041012525370039,0.21213203435596426
-79.810152973981,33.413099552106516,0,-1,2018,75,0.022553825937531587,0.008857272819165067,0.26135760981723366,0.5864743570622918,0.0024175810284674123,0.041171562926631954,0.008943469687010167,8.058603428224708E-4,0.9024965373894794
-93.26439392491913,33.17526756735942,0,-1,2019,74,0.025323017016865155,0.8812232926243393,0.7681298862958978,0.05110895501334023,0.09625235827442247,0.0,0.0232240653016853,0.009670110195013881,0.6958448102845921
-80.48679631556651,25.82578307627793,0,-1,2019,229,0.019381072419340534,0.0,0.0,0.9903038822449337,0.0,0.0,0.0,0.0,0.09
-83.75271818977076,30.119678168451173,0,-1,2018,82,0.03637214715854459,0.17247355903041336,0.33541608906032117,0.5193549562165959,0.006928545226861636,0.0,0.09905194985896258,0.0,1.015135458941318
-80.9843656899787,36.87694872733683,0,-1,2020,98,0.10872420499608497,0.23182036321386174,0.388505647250082,0.0,0.0024155428340474705,0.03019586421175943,0.009662171336189882,0.5916027521400448,1.3433167906342867
-80.9807498409355,33.37390290588075,0,-1,2019,213,0.058810890062943946,0.07356101013675774,0.24311240341236273,0.2828865641623015,0.01547942607926175,0.4638486821313447,0.06544466215789145,0.02988433095253146,0.18973665961010278
-88.15001134102987,31.993252834073918,0,-1,2020,85,0.04683805212377184,0.7362830515547352,0.48291689719592096,0.35118902522285034,0.004836491804833332,0.0,0.08497684490034617,0.009672983609666664,0.6242595614005444
-84.78620500539434,30.98295386327676,0,-1,2019,49,0.05160180606321224,0.1729292878191914,0.12761545854620876,0.12318326673074005,0.06818117144889735,0.47270887676863477,0.012172950754881041,0.051467868152715215,0.20124611797498107
-80.99945697327244,33.27661223474693,0,-1,2018,184,0.02324523150430396,0.0731106139319707,0.22281861006465134,0.3950464978590198,0.023648723386100263,0.2177306959355042,0.027965729419163594,0.04110004645679993,0.22847319317591727
-85.31949826413309,33.90593179616712,0,-1,2019,24,0.05963847806851221,0.7868284666919481,0.6679891311216429,0.0036792417061611354,0.1249664272601169,0.0,0.03363593562881348,0.09954593856741566,0.19209372712298545
-85.2629257917306,33.91868471983094,0,-1,2019,4,0.0775619066880712,0.6903717561401069,0.5995767724297467,0.005663423876667481,0.12203414466138142,0.008057457571956257,0.07448566562499015,0.17399684653229147,0.40024992192379
-82.75958498508511,32.17328713115157,0,-1,2018,77,0.0303861814319314,0.6852254621784981,0.4542211532529108,0.14853762368526707,0.1498305641959387,0.03918202968919912,0.08161052525099265,0.017449358925726435,0.4242640687119285
-79.08870536424314,35.87018730631586,0,-1,2018,64,0.16849136896869588,0.720738467755174,0.6286411728354826,0.0032970081356517994,0.0024160387071508445,0.0,0.006442769885735586,0.08059147154127484,0.21213203435596426
-81.52077534461326,34.59349634126708,0,-1,2018,176,0.05822077905669197,0.7930685938822696,0.805067765991753,0.012168259009940218,0.05075572798847452,0.0,0.06646425457164884,0.02812811990547082,0.42638011210655685
-85.32916607743958,33.27616291841541,0,-1,2017,78,0.08838996763754049,0.4805698826860843,0.655356974023958,9.024901143204697E-4,0.12861287203180408,0.0,0.07902969934078717,0.17572162635334576,0.5824946351684279
-83.5331078220013,31.492184989519306,0,-1,2018,254,0.1474586774246582,0.09009396380559737,0.16271719322097683,0.15681764039130058,0.00791309818501412,0.4609893427670871,0.003224674450145586,0.046590222913525006,0.15
-83.23832348722179,34.28055685923616,0,-1,2018,112,0.07221850077729049,0.44399084945842454,0.47044842450907415,0.027692912717155696,0.026517497188064773,0.0,0.009668002072617442,0.47289799941865646,0.21213203435596426
-91.01052870368937,31.581097962050862,0,-1,2018,74,0.008801436556311487,0.8317104630870784,0.8826473634804005,0.003740228368886155,0.016929647907584035,0.0,0.1392246189643671,0.04722281060608455,0.5108815909777921
-94.04475479696914,32.17800521136958,0,-1,2017,3,0.02410278459242772,0.47370950201067274,0.3808154044783073,0.12372111040816754,0.030296420634694825,0.0,0.011525537315744712,0.24319642411195497,0.21840329667841554
-79.79898534306916,36.52267535299503,0,-1,2019,75,0.23027578543287192,0.6037478533185168,0.5626669819366471,0.0,0.037909858710237575,0.0,0.014586786644565468,0.13223458836530108,0.6328506932918697
-91.3077314706347,36.6473582937871,0,-1,2018,237,0.0,0.864700977791253,0.6376412909979455,0.0,0.03157881440499198,0.0,0.012078896509909433,0.28553248196849706,1.7047287174210446
-88.57055236134129,32.63368434385679,0,-1,2020,36,0.04514130366061832,0.46527154327622167,0.7023061920348466,0.12668254121559122,0.054000493068593426,0.0,0.01604053276693659,0.013676332075376281,0.27
-92.29958321839898,29.794224412526773,0,-1,2018,17,0.01935361457213332,0.0,0.001806292576896455,0.7303442985918002,0.005331663630843958,0.02096615057680631,0.0,0.06556428354584092,0.39115214431215894
-89.11037999088327,36.43387095091064,0,-1,2018,78,0.04421815976652811,0.0,0.0778402603045645,0.017767605420317113,0.0,0.9017321690799134,0.0,0.008109772465301358,0.5408326913195983
-81.1984974028781,37.81595452266784,0,-1,2017,49,0.5156068488307493,0.4360952573362293,0.46442183460900877,0.002318338715852486,0.005635074471376346,0.0,0.0,0.018303732092459415,0.9241753080449617
-90.31326980988158,30.349553986312948,0,-1,2017,54,0.0,0.0,0.0,0.9438184966764421,0.0,0.0,0.0,0.0,0.48373546489791297
-90.74105753131194,30.839555956946633,0,-1,2017,75,0.047099891230111525,0.6814939417701664,0.5960839699946735,0.15873139526590044,0.03630034336880844,0.0,0.0756423146725349,0.04726538045643388,1.8505404615949361
-91.15246518705165,32.5667872801361,0,-1,2020,101,0.041803123221849904,0.0,2.5789500032616125E-4,0.1908782032708165,0.0,0.8940883818988102,0.0,0.0,0.47434164902525694
-94.4236877932951,33.50163796212145,0,-1,2017,286,0.06133286131516062,0.2087163212926554,0.3878433491963261,0.1162833376896317,0.02014485334546764,0.0,0.029789103135329176,0.5018043468643546,0.4965883607174055
-75.80496132824148,35.79704827652064,0,-1,2020,300,0.025451238458526478,0.0,0.0,0.9134708092713386,0.0,0.0,0.0,0.0,1.158792474949678
-80.64273614350485,27.9387152196753,0,-1,2018,293,0.924460750205579,0.006452021000695806,0.058047046021080885,0.2308919510559415,0.004034069696068445,0.0,8.068139392136889E-4,0.0016136278784273778,0.24738633753705963
-83.922858107553,33.78579460478986,0,-1,2020,266,0.2934737267889421,0.4467773128894844,0.5035069431103757,0.02583874431518303,0.019183189825420652,0.0,0.001611501698396398,0.2600774152776681,0.09486832980505139
-93.90090981934027,34.406257620850326,0,-1,2020,280,0.010529642270256606,0.9798002780937936,0.9386923949069893,1.2889731130318212E-4,8.056362947049158E-4,0.0,0.021663717932516105,8.056362947049158E-4,1.7526266002774238
-88.94693923153527,37.695137882818614,0,-1,2018,127,0.1255856834341572,0.2525479597378159,0.2825037225907212,0.06628332905681576,8.050741773246916E-4,0.18051025917074218,0.0,0.2955916663772611,0.15297058540778355
-92.995757389409,33.141642692232715,0,-1,2020,318,0.0,0.85473694857822,0.5261776795781239,0.3391899202661503,0.16723443790647244,0.0,0.04915592746854081,0.0,1.8595160660774082
-93.26693531607323,31.542135906762322,0,-1,2018,67,0.045036044011635246,0.37801947641330447,0.5767977037945562,0.21368720522968396,0.12010774036090488,0.0,0.07815285979842937,0.0669109371641017,0.18973665961010278
-85.64461031879267,30.55087417471938,0,-1,2019,172,0.10042878283856771,0.24498804720405765,0.33080070075290974,0.2241954013975599,0.04576773365291274,0.008252990523290192,0.11642092148907981,0.0093976581744132,0.06
-90.51810696614943,36.6228401534559,0,-1,2017,77,0.02177895122475019,0.0,0.07871704061475351,0.10739341090166883,0.0,0.8295516628297319,0.0,0.004822222011690812,0.931933474020544
-90.74789412057173,36.73145116603582,0,-1,2018,115,0.022549837034791177,0.8256019606356905,0.8168739207446396,0.01838106391212576,0.009663086693045421,0.0024157716732613552,0.003221028897681807,0.15997776858486307,0.45099889135118726
-81.62676883782107,36.459225805043005,0,-1,2020,112,0.07906835750012631,0.6617996261304503,0.7843194515880322,0.0010306976104993723,0.00506543378303269,0.0,0.004026451417310897,0.1796523672376332,2.353040586135309
-79.77962589631011,33.454184526647126,0,-1,2020,226,0.04911300919842313,0.49632315778833525,0.4245109984277126,0.27312804283092573,0.06625457050668235,0.059368393109398274,0.11638556272931547,0.0072527660058590996,0.8448076704197234
-93.38993513911772,33.94845872826493,0,-1,2018,128,0.0,0.10167627427184464,0.34189101405609795,0.484454880708947,0.004243352975560435,0.009510418805984295,0.0,0.0032227997282737474,0.21
-80.08980087550971,35.90998506835289,0,-1,2020,43,0.3335564451965699,0.5362009522245936,0.35576124326192554,0.015434157364232978,8.052877403626002E-4,0.0,0.009663452884351203,0.10032306249348662,0.6708203932499369
-84.10224036379685,31.17414750689381,0,-1,2018,196,0.03761366941960617,0.23612885274514028,0.25295729138108775,0.14217558313749568,0.01030663829706514,0.5721385642157311,0.0032247763996952274,0.0032247763996952274,0.06
-76.87409496399867,37.01500755973379,0,-1,2018,328,0.03175625339343663,0.24132227230829453,0.30237049618102724,0.2677721539066988,0.0,0.292938253520771,0.00987804762551182,0.0016100365257305938,0.0670820393249937
-86.50922005012696,31.062832015761078,0,-1,2020,32,0.0090552674845074,0.5456051599848235,0.6458258196586562,0.14283662063450228,0.009664997344259811,0.004227053140096621,0.0970009105394947,8.694387535726032E-4,0.40249223594996214
-85.86539874967107,34.84570365664569,0,-1,2017,103,0.044411303776351066,0.260578332743542,0.38752494893964784,0.14733078566479027,0.01144541393667903,0.14520796345554832,0.008722271012743804,0.18141123249069646,0.09
-87.09366213212006,32.08567150020638,0,-1,2020,63,0.0,0.8913826895112855,0.8287064570943075,0.035562062548043824,0.02017960608043394,0.0,0.026827117293960343,0.024181388865181647,0.47434164902525694
-88.01948609766488,36.285383689205496,0,-1,2017,56,0.01610885797672744,0.9152358210463807,0.7788240632062616,0.04267443288124168,0.04283882621931967,0.011485795131563998,0.054293040940843626,0.03156146179401996,0.7323933369440222
-81.88476559735962,28.23119497801154,0,-1,2019,7,0.0,0.0,0.02160059721888326,0.3673128946136426,8.06693978266715E-4,0.0,0.010667341547903383,0.6198573258885492,0.87
-92.36405928665317,29.976797994360098,0,-1,2020,17,0.04513427700403526,0.0032256840347614888,7.741073732462419E-4,0.013379408743871647,8.063878567475687E-4,0.7134856510396076,8.063878567475687E-4,0.21153292750415045,0.12369316876852982
-81.63342810850938,32.206907254804165,0,-1,2020,215,0.018185957102387688,0.2146524686361796,0.2906424343688931,0.3752457752946265,0.04619532578530476,0.13804863863655045,0.03523361591028342,0.01548483756566596,0.15
-85.97797456184477,33.983062233269905,0,-1,2019,124,0.7722567026077286,0.182503065313294,0.21566364519180053,0.03062017326088262,0.003959188445362883,0.0,0.004028703326287052,0.04504880260617608,0.3313608305156179
-82.00926650671033,31.664622904799216,0,-1,2020,99,0.04998419022323403,0.2663504711313475,0.23748969507538384,0.2910712569732095,0.04467774363643264,0.13453586737984152,0.027796745191760577,0.04346066790587108,0.3244996147917591
-81.5673422043047,28.225006920425816,0,-1,2020,94,0.5006706144346591,0.008996355906468263,0.0240494867651145,0.4298449084700329,0.02341243981601574,0.0,0.026632797028919956,0.1169324990351582,0.0670820393249937
-87.96559731461143,37.741731664424265,0,-1,2019,140,0.04775497316071994,0.04508999052731292,0.10956831825195783,0.02185254682887036,0.006778366057024152,0.6985442456502597,0.0,0.12925305373757282,0.24
-91.7375804530051,33.45132701739386,0,-1,2019,51,0.05273272058358724,0.6177478286154974,0.6494173783441091,0.12422723255724598,0.10424329756171549,0.005640665882977511,0.030301593922617002,0.018533616472640395,0.4368065933568311
-88.75132548666063,36.64542329430072,0,-1,2019,128,0.20488137648753124,0.32298693751737034,0.1992545932395033,0.00795423887573624,8.052470529536784E-4,0.21796616699244975,0.0040262352647683925,0.3495245884555996,0.3
-93.40762343753737,30.123687347033236,0,-1,2019,74,0.09570188975182778,0.012901920109286855,0.025883226723992694,0.21804515082232448,0.003225378033278311,0.012901512133113245,0.0024190335249587337,0.5941304444064988,0.21
-82.02829120399946,37.41827868505707,0,-1,2018,158,0.05753396979340305,0.8533742486235287,0.8489502485023934,0.0,0.14527612630674938,0.0,0.04471759056077744,0.0,0.9567131231461186
-85.60629080503368,31.92166859940029,0,-1,2020,21,0.03632983902580899,0.6772170306394709,0.5542987363589374,0.1842475251630757,0.07738411349669981,0.002702753964039148,0.06935171838252031,0.0034867106693978714,0.39115214431215894
-88.81743929329207,35.12679644945233,0,-1,2017,102,0.02968795419789441,0.1479342289852508,0.5360974796201489,0.25280617788716675,0.03930593111116727,0.04430327765282657,0.008055141391423012,0.02422860175380961,0.042426406871192854
-85.86501248190908,31.313087949099327,0,-1,2018,22,0.7686821038786946,0.18370366623246875,0.2751097467895363,0.06161550713663934,0.00916836597587772,0.044747948973301116,0.030653957414520816,0.058838779026572495,0.34205262752974136
-81.81859161450677,27.892727086112775,0,-1,2019,90,0.5865197256876786,0.003226459498443708,0.024171747157329452,0.28399778305862,0.08600517600308788,5.030467548738588E-4,0.0025025785100957374,0.11309060536456653,0.4295346318982906
-90.74205984594914,35.8459461365874,0,-1,2019,1,0.26104316183159815,0.010082886889720002,0.16220093421108497,0.044234045950572946,0.011253628292310074,0.37690021446010696,0.0016108196545265613,0.03889024001212853,0.24186773244895649
-88.99466361029248,33.065076270641256,0,-1,2020,108,0.04401036727985334,0.6314432012137302,0.45205544558460314,0.15934967982020384,0.017805786090375267,0.0,0.027230147844279958,0.24805160327924802,0.12369316876852982
-87.50373291298338,33.053644427025695,0,-1,2018,170,0.03207494689996967,0.8696899969657126,0.6640758594815759,0.16832814059527873,0.0240311988420527,0.0,0.05212975077586261,0.017258597695482613,0.5247856705360769
-88.86283517918578,37.37705029773774,0,-1,2019,293,0.028987886978818003,0.597819908804992,0.46870821527741685,0.046547328530779086,0.0016102805361286974,0.01822458677359773,0.008051402680643487,0.32219503338964073,0.3059411708155671
-79.77788886760153,35.83119432712496,0,-1,2020,34,0.16995643114226175,0.7447496369261853,0.49552811225701493,0.0011303517379726434,0.03543078351257648,6.3150848431648666E-6,0.03540552317320383,0.14246515651937783,0.10816653826391967
-91.91313436273259,33.619017345761364,0,-1,2020,14,0.024096994829133852,0.6419965358989598,0.4265815579029108,0.2952905383065271,0.019205793969039417,0.0,0.04911728553056082,0.09517264043328368,0.12727922061357855
-91.43608772699662,29.860770784895088,0,-1,2018,63,0.04335011511118981,0.0,0.0016038841317674304,0.4744269023482482,8.063878567475689E-4,0.26642738556407614,0.0,0.0016127757134951379,0.042426406871192854
-91.0866059134945,33.63152289100838,0,-1,2017,66,0.0032239711739047968,0.0,0.0,0.2001760333745527,0.0,0.9412114145598515,0.0,0.0,0.19209372712298545
-94.00520735488044,31.198239509245248,0,-1,2020,331,0.00966232452257493,0.26227393448842784,0.4708243380226978,0.20164738112532613,0.06644451048707845,0.0,0.07152838814520664,0.003224847768215646,0.09486832980505139
-90.76153630096503,33.77855889750184,0,-1,2017,5,0.07998836900592929,0.0,0.0,0.012514629047791177,0.0,0.9001908529610646,0.0,0.0,0.46572524088780076
-81.71302832462858,26.032028318383077,0,-1,2017,108,0.021796122038019734,0.0032295241834369736,0.001032914530373257,0.583944052488261,0.0016140108803321701,0.0,0.008509951484731777,0.0,0.12727922061357855
-88.62621763783066,35.38382077732738,0,-1,2018,260,0.03540057884559484,0.4504632028613678,0.30074399903778437,0.19603581221832198,0.010496358019621845,0.16652031359567393,0.013601359504210552,0.28036931513080177,0.36
-81.54481133502851,33.04813978394655,0,-1,2020,300,0.003223726627981946,0.04150390007711659,0.13469739211861406,0.5169185154623325,0.031730881669727054,0.001611827654537928,0.055250923640455016,3.413282091962671E-4,0.03
-79.57721342405874,35.504127652297804,0,-1,2018,0,0.03273677962034429,0.6003890018565996,0.6044507508285978,0.0047040168331946245,0.005726902860608515,0.009665925401799256,0.02450596381279694,0.26429672495704043,0.09486832980505139
-78.12977275547777,34.64571943910595,0,-1,2018,97,0.038370213195917956,0.3992876629281601,0.36900289364283134,0.2096968624824676,0.010783706587129072,0.33565985036145823,0.088200166826753,0.0,0.4883646178829912
-93.52930327529954,34.023126744431515,0,-1,2019,107,0.04467875293939164,0.39669776732660755,0.5667566653540098,0.003960717367556088,0.17947664756175394,0.0,0.07346965857604154,0.25519276583106365,0.33
-84.41197797907228,33.592663992160965,0,-1,2020,55,0.7665908229048163,0.176513715080268,0.12250385868979972,0.034590442987194665,0.007681904075738333,0.0,0.0016115882676374124,0.01342042229932567,0.7589466384404111
-87.87579407726848,32.48700604747735,0,-1,2017,47,0.047162057934731764,0.5369520413711135,0.2460051134547778,0.33456618566209917,0.012895843935002422,0.0,0.040536568251570114,0.32807911979543675,0.2563201123595259
-89.38644140806585,29.800855454448925,0,-1,2017,105,0.0,0.0,0.0,0.42427646168628036,0.0,0.0,0.0,0.0,0.1341640786499874
-84.34312341497944,36.75539581940101,0,-1,2020,117,0.016106822976540897,0.9654871840220315,0.935629388400124,0.0,0.008857381941045517,0.0,0.0,0.0024156496202851407,0.3244996147917591
-93.85316202194127,33.35804565992313,0,-1,2017,19,0.09295386443806657,0.6069310811323377,0.5826793230279209,0.030139666569763773,0.08508426265045771,0.0,0.04408897428037831,0.22169308992545447,0.3059411708155671
-85.67389473877913,36.185905410381686,0,-1,2020,79,0.07760733870763949,0.8160647949255773,0.7659914507457858,3.1933384534540586E-4,8.148131772344991E-4,0.0,8.05338605406191E-4,0.10560673578893183,1.0816653826391966
-85.01684432735185,33.02106508706174,0,-1,2019,32,0.45348807808035624,0.42207135452223826,0.3436705702233171,0.03570032698459728,0.011990316728925301,0.0,0.0051197451504636235,0.113456080803484,0.37947331922020555
-93.34439761941219,31.75962714204234,0,-1,2018,141,0.0414021598927641,0.26958193176357514,0.43839372866354837,0.24660462763939822,0.035837353549276356,0.0,0.1733508684298712,0.09228371448984883,0.15
-87.54860667331073,37.26556474529029,0,-1,2019,158,0.04821636097215908,0.7192663331817495,0.6077960193978579,0.06110729440290964,0.004796019209335665,0.08822907227496761,0.0019670309199579456,0.17087594444321672,0.2830194339616981
-92.67987934296092,37.55928826964125,0,-1,2017,101,0.038241497328904674,0.6510779101046972,0.41792051256017976,2.576136189712732E-4,0.004369707570581513,0.0,0.00604939285060273,0.30177819313854876,0.5580322571321483
-84.57476839572526,35.46454863778252,0,-1,2018,18,0.25351934693052297,0.36450830237318993,0.32523689706910136,3.8912216566193956E-4,0.03302482784762146,0.045612483416514,0.02680207214606103,0.2697580390422642,0.785175139698144
-94.17499028170867,36.26972540174953,0,-1,2018,166,0.5837165234967155,0.032175341081354225,0.09703293766102138,1.2884234396055307E-4,0.008953526931640532,0.0,0.006442749538111706,0.5178833672840969,0.7224956747275378
-87.10022203731447,30.77767182146324,0,-1,2019,171,0.029798644136395838,0.11235201861782862,0.3407693237698594,0.06562638005247802,0.049993834557463514,0.6918005937795426,0.01773750391268469,0.00403125088924652,1.0602358228243374
-93.81049877137248,35.66512255591121,0,-1,2020,276,0.038171411242940004,0.7757476972063229,0.8636945681373033,0.002190593233871474,0.002416328696509115,0.0,0.01933062957207292,0.07312789801513601,0.5916924876994806
-82.65440024280223,32.35108493605658,0,-1,2017,257,0.09694509774169886,0.37532559492198336,0.3959653619057828,0.1871259120211824,0.06934886852511565,0.17200188394756571,0.06563787113925096,0.03385415843493271,0.24186773244895649
-81.47640340327433,35.00401525662126,0,-1,2019,227,0.04522486104092975,0.6277539161192519,0.7355059554043392,0.0018042851013053008,0.010108923652354116,0.0,0.11751939649725798,0.056992216128787694,0.1341640786499874
-80.96715724556657,35.771789329879695,0,-1,2020,270,0.21657298048379972,0.2613023432072254,0.37073701700342004,0.0032179558703438666,0.015150940893327521,0.10852015387822396,0.017235498114423237,0.26103709880169546,0.33541019662496846
-87.19821859717686,36.84618923349556,0,-1,2018,158,0.07087449781438716,0.4439068145640147,0.24795155365668944,9.017761200589862E-4,0.019324830828788955,0.11580057532421198,0.0209352333978547,0.2692087871142535,0.5824946351684279
-77.97655489433583,35.76841613508541,0,-1,2018,330,0.3316285941584271,0.10906542410122365,0.08811373413221586,0.24410350840933823,0.03889253859564902,0.26859350127599385,8.053920206180363E-4,0.03616683932587111,0.24186773244895649
-87.97234217271748,33.231442607633426,0,-1,2019,327,0.028988988482787397,0.7637896812854779,0.7380615556052165,0.1679749870313986,0.034651885233208925,0.0,0.006446862368969102,0.004835146776726826,0.5770615218501403
-87.26121705596987,32.80131734850698,0,-1,2017,156,0.04144278544066148,0.3301895141408651,0.5174739603480277,0.27490307975548844,0.02982041378787209,0.00941863625732473,0.002417871388205845,0.1571047491418927,0.2580697580112788
-80.07231815209833,35.61775176602487,0,-1,2017,12,0.04579901985550449,0.41639721113525,0.526050899153702,0.001879763836982029,0.023599938094380803,0.08064786125561019,0.0858561452381629,0.30937017349365625,0.09486832980505139
-83.05900636091218,34.757044802562646,0,-1,2020,110,0.6710180457968962,0.24447758176211898,0.46395718389816937,0.004768744933050559,0.011306592195007912,0.0,0.005639079929614173,0.09589279113922052,0.5515432893255071
-77.51174476229849,35.532142941403976,0,-1,2019,214,0.026546437321613502,0.08332701876689147,0.11874436244103463,0.2850551943868232,0.0032218835383862176,0.43112592194829236,0.02193407773583715,8.054708845965544E-4,0.4846648326421053
-82.4668648906271,32.75441346914487,0,-1,2020,142,0.03194730653990567,0.452964007130305,0.3686829256453092,0.1405143260506376,0.12036232273398172,0.21898654563958,0.09884229921966611,0.006447473633309421,0.0670820393249937
-76.14979668606512,35.87428504186588,0,-1,2018,192,0.0,0.1432035769318211,0.1362225863812281,0.587254906419389,8.053614967722373E-4,0.2761442449814925,0.0022802784339982563,0.0,1.0239628899525608
-77.03465050814506,36.88586503735217,0,-1,2018,325,0.059587095144895526,0.3888755603257782,0.5529904840427363,0.11222423628835235,0.018515946128541395,0.4209133902018603,0.008744956654059619,0.0032201645440941553,0.4459820624195552
-89.15843082289427,29.044920543917936,0,-1,2017,37,0.0,0.0,0.0,0.3329568398840158,0.0,0.0,0.0,0.0,0.0
-92.8018325967202,30.999236999672647,0,-1,2018,265,0.046924010927855885,0.8080921784883128,0.6871728463756387,0.1822393646618443,0.03334397794352453,0.0,0.011575223141593333,0.01686801842676876,1.3984634424967999
-81.03129669590123,28.80985013862664,0,-1,2017,273,0.0,0.5582884182292065,0.3477789793886899,0.4443083705835529,0.0016130460635350372,0.0,0.060761231228571765,2.846551876826536E-5,0.5770615218501403
-85.21298795450119,36.1719449459343,0,-1,2019,132,0.018915128312042766,0.870020090216444,0.8084997372569626,1.288451432960103E-4,0.023139916434804307,0.0,0.029140440691134074,0.1896544645479553,0.3612478373637689
-84.09519441928136,32.87403038306409,0,-1,2019,38,0.1169138190414786,0.3676312562420196,0.6513156464311772,0.02822828775085364,0.007275347570090805,0.00402956913634482,0.004974542604397449,0.4434043064242398,0.21633307652783934
-92.02250364196489,29.955883657647902,0,-1,2020,95,0.3344380494592371,0.0,0.0024154259401769737,0.0381226463637316,0.0,0.37235041694468235,0.004031888283490761,0.3322022964370757,0.3612478373637689
-82.8648234497749,36.92654761744807,0,-1,2017,54,0.09382934377565841,0.8846207288574494,0.858481682322499,1.2882340281714048E-4,0.01127938260221545,0.0,0.013174015738085909,8.05219082744944E-4,1.7394826817189069
-77.48073373552609,34.68918252297212,0,-1,2017,115,0.19831495446334968,0.354364823727058,0.341035740984387,0.3610334260162989,0.006503027162303933,0.07488908831224644,0.013698067419138753,0.006446149373712354,0.6661080993352356
-78.27435228830484,34.1674243338604,0,-1,2020,24,0.0,0.0,0.08987095939325437,0.8933332389758439,0.0,0.0,0.0020919774875413585,0.0,1.7608236708995029
-92.19413838114762,34.541975023320845,0,-1,2017,133,0.0722737731030821,0.025789486991479354,0.17055446122087323,0.24677626188414623,0.00322242300936398,0.5566483009616716,0.020140143808524875,0.015483426636169476,0.33541019662496846
-77.77582246669093,34.298858724191334,0,-1,2018,171,0.739774134054218,0.14271999191531298,0.18138598666614772,0.33962451087387846,0.01997806899733606,0.011281510015895243,0.019238608676966452,0.0016116442879850347,0.22847319317591727
-80.6144843068466,26.573739216403506,0,-1,2020,39,0.0,0.0,0.0,2.582086295349156E-4,0.0,1.0,0.0,0.0,0.8823264701911645
-77.79306096973605,37.32233363810251,0,-1,2017,74,0.01286453730589572,0.3784749400328241,0.6425159501113855,0.1797485363278625,0.02137177095270115,8.049928497693933E-4,0.014669810874032827,0.02819053391545366,0.15
-90.66554452148408,32.31137160437749,0,-1,2019,122,0.012897841508288758,0.2368018411036505,0.27162857496845694,0.23369010323823677,2.2127180712684864E-5,0.2511118908308122,0.023521193097584017,0.14574225627700693,0.19209372712298545
-77.67561405573619,36.722465587655705,0,-1,2020,184,0.009659212868849354,0.5199055543630603,0.6083340953630035,0.051367030706343395,0.0460232815859515,0.015495799274463195,0.2384547139370634,0.019006664961749884,0.27
-82.62240908584133,34.391537923285284,0,-1,2018,23,0.08636202800384164,0.4959055754941109,0.5023665971143887,0.031232814117494803,0.01617586194912818,0.0,0.05759807406143669,0.3372698809873594,0.15
-93.0228841807676,34.70919108599083,0,-1,2019,172,0.0748938214177369,0.6876580038426535,0.6355644739402608,1.288897537700253E-4,0.028783001254181918,0.0,0.04567812700408476,0.1430936276817221,0.9202716990106781
-88.41796586473339,32.31769813480922,0,-1,2018,257,0.0,0.8608856181877954,0.7007218838260095,0.0936259301681698,0.08673979011253002,0.0,0.18348716651915534,0.0,0.8653323061113574
-86.5704562744014,32.16922544001237,0,-1,2018,135,0.1551756837061107,0.30844217420439757,0.20356700176949255,0.30694501828913967,0.005642199224948319,0.013933229234494226,0.01531454075343115,0.35500022126271474,0.18973665961010278
-82.96500160577246,34.394512799383754,0,-1,2019,189,0.07393551811736158,0.4693451967190325,0.40079985482917885,0.004769104090814658,0.00805623568438512,0.0,0.007250612115946608,0.485629887054735,0.20124611797498107
-92.08886955000979,32.05529324881357,0,-1,2019,307,0.0648616520815418,0.6229703070463857,0.5686880487114132,0.15381468220253267,0.019808114814990428,0.0,0.08142317479886828,0.014946180473232484,0.16155494421403513
-85.47739098275332,30.136333421605364,0,-1,2019,195,0.04193548387096773,0.157887413029728,0.10159351564551376,0.48943853831859485,0.16016658919067633,0.0,0.15228301188703058,0.0,0.4589117562233507
-80.92007041894131,33.34774194651323,0,-1,2017,82,0.05998559132446062,0.15480478772481956,0.2650207496572055,0.4056896733041296,0.042199439995449194,0.14432126310733007,0.030898219488916856,8.058756233684973E-4,0.06
-90.57361853490288,30.83146902514205,0,-1,2017,80,0.061364901097789214,0.45220569636262437,0.566345569686206,0.10216660790371032,0.00967506331475257,0.0,0.14314034849198642,0.205038621208624,0.21840329667841554
-82.19783329842654,31.315933969915275,0,-1,2018,273,0.04448576379665821,0.4493606041057946,0.2544474382624098,0.28366843918449663,0.011767309516282019,0.16122668352829603,0.08082200442617775,0.03141953841289917,0.1341640786499874
-91.425989480378,34.147235710213536,0,-1,2019,70,0.034450498742082704,0.009140444253403962,0.01983691490023158,0.2607253652379323,0.0,0.5656705760432724,0.0,8.056770214594442E-4,0.17492855684535902
-90.18454770028686,36.25831902326488,0,-1,2019,185,0.017054929506291373,0.0,0.0,0.020500512841241544,0.0,0.9528390375159094,0.0,0.0,1.14
-83.4837124229665,34.46977315500027,0,-1,2017,194,0.09708934191069606,0.44698760158234657,0.7629856902399446,0.003245601176726294,0.005143369855050487,0.0032225044546385115,0.002533773110411849,0.2249560854785103,0.42
-81.61523611043509,34.62334723007595,0,-1,2017,41,0.016109468577060113,0.7404796199428902,0.7543444999825619,0.07648827019122821,0.03168776024718349,0.0,0.011221826958922806,0.04059698097470666,0.5408326913195983
-84.75942937340105,36.18385919047258,0,-1,2019,322,0.015603679183302176,0.896219740233487,0.8008595691745517,0.0,0.016893428333207006,0.0,0.011925516056494608,0.11332082670102835,0.3313608305156179
-91.90416602614285,36.901455691986214,0,-1,2017,327,0.032892077607113976,0.6392608124494746,0.4128631135122359,0.0,0.005364969496406513,0.0,0.00885740991019439,0.4248209571686605,0.21
-82.29325617265556,31.318706421906345,0,-1,2019,342,0.06842644473394638,0.31421777569786125,0.1935611465486849,0.24818199429548068,0.035469715268512635,0.31831690367944177,0.07311143288923744,0.04226077939158645,0.34985711369071804
-94.49146022980663,29.96373503246063,0,-1,2017,64,0.05440447277878972,0.0,0.009628237703632421,0.09315357924550641,0.0016158869195376853,6.861985548721678E-4,0.0,0.9047954843707999,0.480936586256442
-91.9220682306255,35.74033924372232,0,-1,2017,85,0.060404295641187614,0.45082754264055586,0.6833641744797011,3.8656707216626145E-4,0.015757705925642834,0.0,0.010242982625147268,0.3439753385111512,0.6708203932499369
-91.78631953769204,30.109384621816524,0,-1,2018,15,0.03980772879640756,0.0,7.740815244447862E-4,0.04847217556371349,0.002419102370720323,0.8305363450367292,0.0,0.08277441000781069,0.21840329667841554
-80.74832746718266,33.161520991899714,0,-1,2019,65,0.0,0.5568181818181817,0.34970244866797084,0.36445563527335756,0.01487579799001328,0.05483218507047597,0.07998862271664245,0.012088363567410406,0.51
-88.2592304875512,30.973280113547652,0,-1,2020,69,0.029911341014582576,0.6171854250192875,0.6670156962127765,0.12106469186761155,0.03386079451145293,0.0,0.1390790243285541,0.015985077222213446,0.2765863337187866
-91.41654839559408,30.959636179453906,0,-1,2020,152,0.036738203938133096,0.7935957912308876,0.8049587612960666,0.01347510376067641,0.01867923752794139,0.0,0.015432186590027406,0.09387044045439741,0.33541019662496846
-87.83421782889893,36.43414112434672,0,-1,2019,310,0.02577449840804569,0.8865922070045992,0.8125670083820475,0.00529650419607625,0.03825590465393157,0.0,0.07129480794676896,0.021629081308797864,1.3829316685939332
-84.26018092003271,36.55840404218587,0,-1,2020,193,0.0,0.9967782284046545,0.9320992519524717,0.001546012046768379,0.003221059412756658,0.0,0.006931593540196927,0.00245368937618816,2.365628880445959
-80.65860619116381,34.11993825383495,0,-1,2018,225,0.0,0.30833470202524277,0.2116010073590591,0.6243589004783038,0.03789552186924276,0.038347411431225886,0.020682637644612565,0.0338127154770595,0.2765863337187866
-80.00681489327874,35.98027643366705,0,-1,2017,3,0.9969311594660468,0.0,0.12387004322258371,0.0014173409773740842,0.0,0.0,0.0016104330801900936,0.0,0.3189043743820395
-90.34434968581841,33.97402141492705,0,-1,2017,59,0.034979267799352745,0.0,3.867212558684321E-4,0.10773144256127767,0.0,0.8875246448612304,0.0,0.0,0.3189043743820395
-87.25944936214638,35.15568351592704,0,-1,2019,122,0.05382758489946035,0.35130113873336466,0.4115074616003521,0.0068237962584855195,0.0015130791318274145,0.10144895490139717,0.020545024370366396,0.44658893841230934,0.21633307652783934
-81.60870043870462,35.842838707168326,0,-1,2017,73,0.3610676030719483,0.31862621261115603,0.5635345855189988,0.012453303270905958,0.006531695145447078,0.023356811218849683,0.024923407346577803,0.21955402545718694,0.6586349520030045
-83.90543180802965,35.658778849266696,0,-1,2019,22,0.23918070279627512,0.7064479852415314,0.8932893828572929,0.0,8.054098272632803E-4,0.0,0.0036227649877293433,0.0,0.08485281374238571
-92.45984906333895,33.538572911260005,0,-1,2019,193,0.5796267732065643,0.19202467949528407,0.40694704528633074,0.2802523973807782,0.04570188078264823,0.0,0.018077885636280894,0.06699340209312904,0.20124611797498107
-87.62546631627461,33.94355215300994,0,-1,2017,200,0.09491062624832507,0.6719717846939551,0.6963032650186968,0.007824478515543047,0.03304064280275143,0.0,0.029476537889152533,0.18571261560433378,0.15
-78.12340007577313,36.917820492010826,0,-1,2017,191,0.014633838383838384,0.8505050505050503,0.5699288952878921,0.02025132926659846,0.041058607341546746,0.017305615721240983,0.02501910216659616,0.08693222361848715,0.46861498055439926
-91.08475728790596,29.664939510131397,0,-1,2017,71,0.1631899201760933,0.0,0.0018063254786003565,0.7228226441366781,0.0,0.0,0.0,0.003415646189656919,0.2954657340538831
-90.99778194288442,30.93251989903756,0,-1,2017,232,0.011951737744726056,0.6123210401173672,0.5782997536534656,0.16308747578266872,0.02176834184359043,0.0,0.015805365414104367,0.0859414768326035,0.2563201123595259
-81.38143532077433,35.6160319145342,0,-1,2019,78,0.19508374807366796,0.38851274537048736,0.5158180704602003,6.443051510049135E-4,0.022656134022735096,0.06948765488640346,0.030182910458839616,0.3294283376973685,0.06
-77.84336808961663,36.084425299545416,0,-1,2018,279,0.033109404990403074,0.1489418123042732,0.2530806870179636,0.2369683452713956,0.01695541505870762,0.3602544101764073,0.033996096685972726,0.02178402925590709,0.37589892258425006
-82.26517767506569,37.012622639627274,0,-1,2019,81,0.06526818302370518,0.8717242772887436,0.890757435991218,2.576415993178053E-4,0.013078788491171335,0.0,0.016138505064793987,0.046391492156516,1.129690223025764
-91.27215600373276,30.007196664697283,0,-1,2019,139,0.012611951626777309,0.0,1.2901691639450845E-4,0.9276240396461396,0.003469016026411323,0.0,0.0,0.0024191406200589445,0.10816653826391967
-91.51088367197357,37.030405877824435,0,-1,2019,112,0.04172034861690034,0.61105216622458,0.6203773493401334,6.213715438102304E-5,0.013555543626873636,0.0,0.08809050922490583,0.14189903914467136,0.4080441152620633
-89.90214786170517,29.55985013810523,0,-1,2018,139,0.0,0.0,0.0,0.5964615256950757,0.0,0.0,0.0,0.0,0.0
-83.13778069443525,32.16295161139912,0,-1,2020,66,0.05679892774953845,0.6760109248160228,0.35757701420302934,0.278551832082108,0.04249696540562414,0.1007864657090836,0.06386240643334011,0.0404011986647785,0.03
-84.39868651554629,37.05752522662057,0,-1,2017,243,0.02577059120768067,0.955836280949975,0.8173097907354566,0.0,0.004830917874396135,0.00322061191626409,0.007246376811594203,0.12899497963436582,0.9304837451562493
-84.95094558609662,31.325366949737024,0,-1,2017,65,0.09568791097622666,0.2496206373292869,0.2850278369428375,0.165136524183265,0.027884919380335136,0.4674992096111286,0.01531773632627253,0.013133101485931081,0.442944691807002
-81.92839392753889,28.154640356400588,0,-1,2017,161,0.8261892712550609,0.012411437246963562,0.03368205283935623,0.2901017309444275,0.004242355218951084,0.005596365684060006,0.008475219710342994,0.0922467082993249,0.2765863337187866
-82.51694002641065,31.82703722511357,0,-1,2020,142,0.055807777426493815,0.100486879544736,0.23211835505809364,0.2705007037598425,0.005092750654375786,0.43701870187018743,0.017320410201939744,0.024844151081774863,0.2830194339616981
-88.84773102430158,36.3468300507674,0,-1,2017,166,0.8452227528870696,0.04302175725873702,0.06592603184211021,0.044221840811680284,0.0,0.2599636193676341,0.0,0.12024872730947547,0.40249223594996214
-91.14795859753143,29.469072263808965,0,-1,2020,121,0.0,0.0,0.0,0.9488843158575962,0.0,0.0,0.0,0.0,0.042426406871192854
-81.16153858714365,33.80543165240653,0,-1,2017,269,0.22018905120558044,0.3642900470100589,0.35100490775959825,0.07743118115840918,0.02963789251484424,0.06552631828423182,0.2154411555586455,0.13569471611898137,0.7111961754677818
-80.81194951810697,27.5685740776838,0,-1,2017,321,0.2443004984691683,0.12637585081349156,0.10158134779021326,0.5175967968089573,0.0016390848970034497,0.008787140461348611,0.021890326867702446,0.2550770496471855,0.37589892258425006
-86.060653909704,35.39264051732376,0,-1,2017,103,0.22015241320914491,0.6326664728853618,0.5902450167099341,0.13932744851202483,0.0136930482905011,0.0,0.0016109468577060117,0.004027367144265029,0.24186773244895649
-81.90595646370012,30.66995057457521,0,-1,2017,142,0.14191009956605896,0.3412446389939652,0.44241094870349873,0.2659195601740607,0.07905304563391682,0.0,0.07384207730446221,0.08745130527167866,0.16970562748477142
-82.32540109003463,33.506835967837645,0,-1,2019,21,0.2988940150413954,0.3048094545914174,0.6797599745596088,0.02642625699143103,0.10985910152337199,0.0,0.04779299078266751,0.08531325343082578,0.47434164902525694
-89.14323062243328,34.95809172522652,0,-1,2018,31,0.04325458521355528,0.787961523390593,0.6564940204409846,0.05485667960864746,0.0035631929746975407,0.06401111918375085,0.004833054300786558,0.189844268250308,0.21
-94.05992430740235,36.8125619795743,0,-1,2017,161,0.05052355028987889,0.1012870874436347,0.1314814562212634,0.0010887154017107238,0.005636711570889938,0.13248324775636777,0.01449440118228841,0.6395346634077949,1.2093386622447824
-88.58166266745206,31.824495882590035,0,-1,2019,251,0.0436151647740206,0.6798350995219912,0.5543348414824976,0.172427675093488,0.026544476302171424,0.0,0.07217935303173516,0.01131072242576746,1.0261578825892244
-84.07250796337287,34.81116961517195,0,-1,2020,37,0.052473933649289116,0.9410805687203788,0.8164537640647633,1.288838256358521E-4,0.002088216896549546,0.0,0.00886149530230178,0.068911157586135,0.8782368700982669
-81.71988367421031,36.389175832430546,0,-1,2019,122,0.07114889102207853,0.8037942707017635,0.7640561898973178,6.441941434415728E-4,0.011274135175933349,0.0,0.0032211814788381,0.18719485621530116,2.11303099835284
-81.21984230101395,32.97901952816315,0,-1,2020,299,0.04441325950087232,0.039988368858883905,0.14867951279176939,0.2878915436333911,0.033715002670526566,0.35465224687674823,0.03866732824089732,0.004029492726370583,0.5247856705360769
-90.06012720076659,33.547229086742455,0,-1,2018,39,0.016131683080696336,0.3942148446883018,0.36244355375260146,0.08553338038451196,0.002325684275719982,0.4315060701623554,2.369922835312482E-4,0.033112561854986,0.1341640786499874
-89.561505705591,37.22834190219776,0,-1,2018,36,0.696521497499116,0.0,0.08842469718538253,0.08070947881232218,0.022440157999930547,0.42200884723831694,0.0,0.03428383784483551,0.4368065933568311
-92.98768113286901,36.174233655702956,0,-1,2018,261,0.07156482522517969,0.11108023092762667,0.1370229717330057,1.2884462248020345E-4,0.00936093609360936,0.0,0.02590995941699433,0.694610513682947,0.45
-85.9046945064885,37.57902570262117,0,-1,2019,50,0.0382983023443816,0.13664611964430082,0.09245262051965893,0.0,0.0033086552273911196,0.7330881308307947,0.00450835845869706,0.10311449273074555,0.7427651041883969
-87.2565718297839,32.06241216206871,0,-1,2020,66,0.00452666051310582,0.014035176451249892,0.4447406310544831,0.21787062224980103,0.020533374636098414,0.0,0.0030344888624775977,0.11431488511614825,0.0
-82.38574301178049,33.16114651038565,0,-1,2018,244,0.04299348966563426,0.14187472346880722,0.3389403399596422,0.12144160523970032,0.03431657586368177,0.32599324981986894,0.01923927745262866,0.022500600437371225,0.4666904755831213
-81.4662277931864,32.883959083281326,0,-1,2018,245,0.0,0.0,0.22200951808861544,0.6706541107180635,0.0,0.0,8.059087332062847E-4,0.0,0.06
-92.40126150538555,31.975894934536484,0,-1,2019,38,0.04258816686266326,0.6270627062706268,0.5671375563198896,0.1668090310071051,0.1640496821367491,0.0,0.09722094894272135,0.0,0.36249137920783714
-90.30919192664132,35.7991435531784,0,-1,2017,107,0.016110486347152547,0.0,0.0,6.44277476918444E-4,0.0,0.9733990303374868,0.0,0.0,1.5706368135250108
-87.8087261693219,35.527090760441006,0,-1,2017,192,0.020258059624158022,0.9571712014558507,0.8115769552440949,0.012628578792174217,8.054479870117567E-4,0.02886030689147616,0.0029501506661528654,0.1388655501999407,0.5824946351684279
-94.44318747873773,30.323445256057887,0,-1,2017,234,0.029269650130284087,0.5573629487211919,0.5593479466247913,0.32801692562358087,0.06984980237154148,0.0,0.008063241106719366,8.063241106719365E-4,1.0261578825892244
-76.58741106774568,36.211991785287964,0,-1,2019,63,0.012768537112113064,0.213970876116142,0.18741881095020813,0.19552571599205124,0.0016104534215819707,0.5194596455107823,0.013701485090674844,8.052267107909853E-4,1.0084641788382966
-80.203174511259,36.341712152069434,0,-1,2018,196,0.08173471578495384,0.6457825543361579,0.6705817026718275,0.0014460336892502907,0.0148340406183692,0.017161134687278968,0.03360235424876225,0.19052174901485303,0.7505997601918082
-81.85360177651043,27.622540642665715,0,-1,2019,13,0.026989067719404788,0.0,0.01793851128426965,0.26331885996126725,0.03165548204607368,0.25782844342353806,0.012703324379308928,0.22254705608762926,0.03
-83.34777534844423,33.949583774123745,0,-1,2019,109,0.7641713325160197,0.11313052160614756,0.24311581088650222,0.02141792659426253,0.012670306615100735,0.0,0.004028588761659212,0.015314956649225255,0.36
-88.53690265819816,35.72766752157516,0,-1,2017,65,0.05086245024325519,0.6731029253806785,0.3877639503911977,0.09212890041704506,0.004715416854851704,0.23845544041614442,8.053793020677725E-4,0.23445381070743904,0.5126402247190518
-82.23381168982897,29.108435239817858,0,-1,2020,0,0.37705146212149965,0.11771628136506852,0.10141764478168579,5.161512323110675E-4,0.025003321124247996,0.0,0.004032793729717418,0.40148596587782037,0.7003570517957252
-82.77212809364916,31.385983654562793,0,-1,2020,50,0.06590613024397031,0.5508998697307347,0.39487862439974797,0.2595385329722632,0.0016124238841078245,0.15802386387348483,0.08202811308466178,0.0016124238841078245,0.9767292357659824
-89.29196247939616,31.473103966881997,0,-1,2018,223,0.06407921693603459,0.2550901687027341,0.39337456527412745,0.22515006767460344,0.005832627306179739,0.025183040173998805,0.023143991603545726,0.11751874660158568,0.06
-82.37137228341119,35.18419608930424,0,-1,2018,279,0.11779049640551366,0.8371047012596495,0.894720084581341,1.2887333873422112E-4,0.002359682595840387,0.0,8.055141391423009E-4,0.004052841727527733,0.22847319317591727
-89.48192790481504,33.44408191628045,0,-1,2017,90,0.04910053980253592,0.44129805443535625,0.41128919726746554,0.30872815408323,0.056096443412175505,0.009006019813243588,0.03455151601333522,0.21314878892733558,0.042426406871192854
-91.70554427655159,31.457076410502996,0,-1,2017,170,9.9905153335441E-4,0.0,0.0014187403204481703,0.1918273476485328,0.0,0.6140669805027483,0.0,0.0,0.2830194339616981
-91.370889799791,34.154006374331296,0,-1,2018,75,0.006447616278334744,0.0,0.01647533401070655,0.14559024986983318,0.0,0.9346112408256373,0.0,0.0,0.41677331968349407
-89.91654876492683,36.79062286575653,0,-1,2019,173,0.03543232489105034,0.0,0.06716934424573104,0.020407699302819046,0.0,0.9174984921354206,0.0,0.00885771758249046,0.6926037828369117
-83.4149052153493,30.135713011936684,0,-1,2019,273,0.02951782076748864,0.08952768956311599,0.19410104358446245,0.7304959694984148,0.046679884517722384,0.0,0.00548951900303252,0.0,1.555667059495701
-90.93616854488076,29.38710350181751,0,-1,2020,140,0.0,0.0,0.0,0.6449083704528678,8.065281335990135E-4,0.0,0.0,0.0,0.03
-85.7643802823391,34.522142443041865,0,-1,2017,78,0.08191458436026747,0.3349764279123852,0.37039154347374437,0.0030934072516138017,0.009177819059534189,0.044783333965196945,0.026610936295509972,0.45624344441495734,0.51
-89.18163273713283,33.77667936275715,0,-1,2017,266,0.014549913408421504,0.3099220043738228,0.32646471652547776,0.047637632268478676,0.11199795247078002,0.2434284739271799,0.06468043693262425,0.2619447103915266,0.19209372712298545
-85.80040602086551,35.91839981377507,0,-1,2020,236,0.04033460537289294,0.1234805024135056,0.17560990399191498,0.02687266296109144,0.0028140544808527446,0.1985692854322938,0.0,0.508519542045006,0.5604462507680821
-86.27620428205539,31.331765011362727,0,-1,2020,81,0.12160607018653183,0.2740183370218148,0.4114163570315082,0.11590656419791419,0.015317252062849746,0.012174765261926599,0.027412980936423144,0.36060194113369815,0.20124611797498107
-80.5660958701524,34.91405056799098,0,-1,2018,16,0.079752896143108,0.5639930770494083,0.37262726003213403,0.00625149413691828,0.010096893530848285,0.21535827228124702,0.009831518356695825,0.27980336963286606,0.4459820624195552
-81.80779760836032,27.469648180877996,0,-1,2020,259,0.03435534690675338,0.0,0.010066645271607576,0.46755965728759896,6.992719345152403E-4,0.04847758058238912,0.0,0.4721604338650122,0.7409453421137081
-84.53322604566495,37.22324586773283,0,-1,2017,348,0.04637501737010325,0.3996892330625707,0.29813646397955085,7.728951236884773E-4,0.00644110180729739,0.06647911693757184,0.003220550903648695,0.473730408315336,1.388128236151113
-80.39469418739088,34.16603511968049,0,-1,2017,343,0.101944384783515,0.4866899975995245,0.30676318489947946,0.19084121503783716,0.09153102594000527,0.06280394740584148,0.18176015369982404,0.03578008032585374,0.15
-82.3386627328125,33.74360857651728,0,-1,2020,3,0.07269257021513258,0.5011123189321738,0.5025297616038401,0.005656575256868876,0.0241279069767442,0.0,0.031013018200202233,0.3099216380182004,0.20124611797498107
-90.20741021014616,29.630779288762906,0,-1,2018,123,0.0,0.0,2.5804832486159003E-4,0.7985942943997443,0.0,0.0,0.0,0.0,0.03
-92.45769135385498,31.42053248124383,0,-1,2018,39,0.17049234232525196,0.20118627562570343,0.34531550633359576,0.26240518826792714,0.021545660043312622,0.0,0.027451352333981438,0.024941116959896297,0.7111961754677818
-93.33374999669792,30.157963091094558,0,-1,2020,172,0.4554481746654186,0.012181546790801225,0.05923065714702026,0.25627054090371887,0.018362345649733592,0.00806336859080776,0.010343246533542034,0.030887444860788316,0.0670820393249937
-80.64618740020363,32.512070876382545,0,-1,2019,100,0.0,0.0,0.191121388756429,0.41532935633633483,0.0,0.0,8.059545820888452E-4,0.0,0.0
-91.20824429956876,33.242144243541105,0,-1,2019,81,0.00911596621655793,0.0,5.157075937943186E-4,0.08403404681310403,0.0,0.9129762935529331,0.0,0.0,0.618465843842649
-94.33053602969107,33.80473794883981,0,-1,2017,105,0.07264314340257147,0.47173794864663277,0.5110672528219169,0.1825419293782683,0.1407739534060711,0.0,0.03711778664619134,0.15016478186546334,0.6708203932499369
-84.9495186113947,33.65474205026867,0,-1,2019,41,0.10402103426917293,0.5122931651265976,0.4967073167032515,0.01545179982831333,0.013559375592491945,0.0,0.0032231561650761555,0.2933072110219301,0.10816653826391967
-94.27500102774235,34.841648738873864,0,-1,2019,82,0.009150425924521626,0.9545385607037233,0.8674669870374179,0.0014177113337555303,0.0012541541883063544,0.0,0.0032285782882848723,0.0,0.08485281374238571
-90.09727086186591,35.21593777412786,0,-1,2020,141,0.012890343616120507,0.016112929520150632,0.025130021645426402,0.3098206962216277,0.012948081321152851,0.24930821424510066,0.0,0.012082559417762786,0.06
-90.98657814275994,31.795853297148405,0,-1,2017,85,0.040162877159260466,0.6248767040137584,0.8326351431656517,0.009642661164088595,0.06994189685585489,0.0,0.06310418734628588,0.09231382020269714,0.08485281374238571
-82.04742372229595,34.630934150879874,0,-1,2019,79,0.07910532634106272,0.5656283566058,0.4752609767427045,0.02926002548481549,0.03451544111839507,0.0,0.016229365768896612,0.31302740699786746,0.12369316876852982
-91.86086987649257,36.86424228493939,0,-1,2018,77,0.06151242247792752,0.3351227090727664,0.3586275603407862,2.576507105097242E-4,0.04698147645242171,0.0,0.024299130346913906,0.48617838940501096,0.3612478373637689
-86.58018078158386,30.815838501985613,0,-1,2020,190,0.2076192403526303,0.5602494213475334,0.47852402600720234,0.1881687766872029,0.04546302473449076,0.05457839439229289,0.05030368756698991,0.024781917231305278,0.3059411708155671
-91.48001659851143,33.21732444922235,0,-1,2020,69,0.04178572331656004,0.0,0.0019339112989462841,0.0250311321799301,0.0,0.9447490417036656,0.0,0.0,0.6708203932499369
-81.20127791640671,37.11176362892779,0,-1,2020,12,0.022542717502494224,0.9352891403457814,0.8885038385199785,0.0036094262350981703,0.008944894022108064,0.0,0.004006731561614942,0.10004830811102654,0.9391485505499118
-86.81446024918036,36.63810775124025,0,-1,2019,112,0.046847757422615335,0.13056222362602665,0.11899891326808223,0.002705462305660149,0.008857409910194392,0.7277127988783775,0.0016104381654898894,0.09919036010660472,0.8237718130647589
-93.34239714680768,30.212239886431153,0,-1,2018,42,0.7669061654059254,0.01612821615604524,0.05538438811264878,0.16164092072232328,8.063317596688661E-4,0.0,8.221421863290399E-4,0.030602661843432494,0.2765863337187866
-89.63144740434532,36.67745632323568,0,-1,2017,285,0.027097361007592316,0.0,0.0,0.007905136343014313,0.0,0.972128978473062,0.0,0.0,1.8515128949051365
-77.94204349234187,34.39796063208638,0,-1,2019,140,0.08670717380594471,0.2159215795257886,0.21579473326920565,0.5135444157054667,0.003864590805244216,0.18039707643547595,0.016023990166306967,0.0,0.34205262752974136
-91.10560086686355,35.93302427189285,0,-1,2020,13,0.006443950267866167,0.0,9.019492715433246E-4,0.05895312238668414,8.053767584059227E-4,0.974831186714758,0.0,0.0,0.5239274758971895
-82.81287745849201,30.291856347187043,0,-1,2018,64,0.0323384658206708,0.34262832272675503,0.3493610061200342,0.16601951914957994,0.013249430812041493,0.0120952441183911,0.09303060966354672,0.18023020490766517,0.4036087214122113
-82.10613054506821,31.168188987839496,0,-1,2019,12,0.062286538315581765,0.4594074936119614,0.36573274117837484,0.24601610553577197,0.0937379460361825,0.00806232334026799,0.13143800231436115,0.046252442409717806,1.1244998888394788
-93.95726173437068,36.42694127718632,0,-1,2018,127,0.03566285151216555,0.4305060764546857,0.6845650774595725,0.0,0.004831924811460189,0.0,0.00603516883313753,0.4391303798587688,1.0084641788382966
-88.44897089923619,33.1201317913801,0,-1,2020,167,0.02901574056514319,0.07243188570706115,0.03568963712729441,0.06375970079901871,0.004550956490959714,0.4962754845662526,0.003223594181096464,0.21593972510958642,0.09486832980505139
-81.43870441048009,33.6779564505181,0,-1,2018,174,0.0441854880499488,0.4707473363582358,0.36932795965290777,0.09911548627021946,0.05114535899712753,0.02219616939115377,0.17390686077781395,0.17781267874015252,1.1063453348751464
-83.8493289630694,32.35979595380257,0,-1,2017,125,0.0,0.9842714813129014,0.4122265526429303,0.08608771857962871,0.011486441636928567,0.11032230942589928,0.022144746865250836,0.009096857190721083,0.442944691807002
-85.93975064748955,34.447521870582044,0,-1,2018,254,0.05581606987120344,0.35592856149752916,0.21039976303748725,0.0011600447236414582,0.027392239813214626,0.10726889574835789,0.024251768489761877,0.5335199502074163,0.5770615218501403
-83.80209188975137,34.48566543965619,0,-1,2019,317,0.12330325320391297,0.4187078183059074,0.4688138464944512,0.0018363528102314111,0.019050989040152417,0.0,0.012444750552099563,0.4242241382033939,0.4326661530556787
-82.36398730280615,34.16252576532869,0,-1,2019,233,0.31758148705180517,0.509978135308317,0.5778838537351502,0.02747028050592265,0.014464180773824192,0.0,0.015648992436162346,0.1310844028233272,0.39115214431215894
-84.53937989376128,37.03505223891285,0,-1,2020,201,0.01061182207511655,0.8727592000707457,0.7188021757130246,2.576422500958579E-4,0.006441386540028165,0.0,0.01368794639755985,0.17700235552664656,0.5408326913195983
-94.32273831494052,32.13760812826548,0,-1,2019,228,0.18887680517969593,0.3397278636283162,0.31983610752333635,0.07077800377668794,0.045452390209670825,0.0,0.04081832636327139,0.2850138927084615,0.18248287590894657
-89.07098507135836,33.303262275517426,0,-1,2019,169,0.0451350257914433,0.7043466167694948,0.7142163757650893,0.12244005432095273,0.10775570569906269,0.0,0.05857387545111521,0.004793988079813422,0.45
-83.05016155006037,29.191754769019337,0,-1,2019,16,0.0,0.0,0.08653247194212284,0.48492725623082494,0.0,0.0,0.0,0.0,0.21213203435596426
-89.2015966911066,34.423679659517326,0,-1,2017,195,0.021440400490499723,0.7715762992554009,0.4943127164354739,0.12008071327730385,0.011278587428008174,0.04415709145133621,0.03877053919230149,0.2368945657427913,0.18973665961010278
-88.47578340283222,33.85844035607681,0,-1,2019,115,0.06715549936788874,0.0716308470290771,0.14227267442154384,0.500843734676029,0.0,0.09989414980172835,3.53887230042498E-4,0.2447698943077871,0.47434164902525694
-88.29217030215108,36.374966086936126,0,-1,2017,114,0.0863330258885365,0.748341693304863,0.5706369861525629,0.027919206188728746,0.013235224455637845,0.07183212013074171,0.010468806745511683,0.11602532724889872,0.5604462507680821
-86.84558100810081,30.42228747040071,0,-1,2019,103,0.6483043879732345,0.009094703821293498,0.1497944023198542,0.23565723467073013,0.004031671546833795,0.0,0.0029249381810362825,0.002419002928100277,0.47434164902525694
-84.49049906641477,29.93679072248839,0,-1,2019,247,0.07364625506072872,0.660032894736842,0.28718392656840774,0.33472958731157787,0.013221974852632377,0.0,0.07883851544513877,0.0,0.09486832980505139
-89.20429686163793,36.14385878808472,0,-1,2020,219,0.011876934740034118,0.0,0.00852199519583006,0.05201519467802262,0.0,0.9276632432637282,0.0,0.0,0.5239274758971895
-92.2935557462736,37.28023047855445,0,-1,2017,15,0.03553972644261736,0.24597431137043912,0.4524491601068301,3.864422910319628E-4,0.0024155199525105627,0.0,8.051733175035209E-4,0.6110633971367408,1.968146336022807
-81.13336738925094,25.84808545895742,0,-1,2019,5,0.0,0.04363465947233094,0.016691351273345943,0.975161968996134,0.0,0.0,0.0,0.0,0.6441273166075167
-80.5526261859575,33.54344186735161,0,-1,2019,164,0.11270043846902288,0.17517279723018986,0.22269223010736697,0.19206959015278707,0.045129890651665526,0.41199987358574064,0.013042791226850394,0.023370836230326788,0.15
-91.79512960648947,30.34412939280758,0,-1,2018,128,0.1621573761368091,0.002947166040551991,0.006046069725840004,0.32412417739859606,0.017738962160042736,0.20990472817649145,8.063164618201244E-4,0.2540244677520843,0.16155494421403513
-89.77188352273684,33.75625283635623,0,-1,2020,45,0.03166797299689008,0.6436626128290053,0.45861367658857294,0.09667147098627409,0.06153982267329799,0.016263373757417574,0.051077800036653416,0.12898842889553142,0.20124611797498107
-85.97713312264186,31.178653938004683,0,-1,2018,343,0.04634957570852253,0.41636209578490785,0.3583919408879752,0.16924398277787664,0.01090750436300175,0.10226496699294337,0.06019993929736705,0.054559652983281505,0.3313608305156179
-81.1139882514344,34.74107250574846,0,-1,2018,61,0.12494472869686057,0.5035815804434336,0.6212045703356787,0.004940111134810341,0.016917881142012266,0.009667360652578437,0.03694132291196068,0.27483105813369396,0.20124611797498107
-93.51031194679953,31.538832999971383,0,-1,2019,49,0.0057542492917847,0.4798538041278834,0.40000960971896665,0.21373633460029906,0.099719576234481,0.0,0.09983022822763957,0.07894545489034384,0.40249223594996214
-87.68603092761248,33.78622178275508,0,-1,2017,60,0.06554413642281974,0.6777655580416398,0.7829042623322106,0.021572015578806027,0.03296994975827091,0.0,0.05617910070464814,0.04646569975037128,0.5126402247190518
-88.94439231099712,33.385336472434666,0,-1,2019,133,0.05336148264266391,0.680197719400268,0.5495201755791844,0.3331110449357936,0.005640844135734192,0.0,0.04105649692518691,0.035614741406008045,0.2765863337187866
-89.7034142184882,30.541839802158215,0,-1,2020,147,0.19326561847780713,0.09762576368948986,0.2039786900696148,0.3936625671373594,0.007923835060282491,0.0,0.024141452787412938,0.027708127148146633,0.0
-86.92045796450851,33.701404450827305,0,-1,2020,129,9.354536950420955E-4,0.9732763633605543,0.7987968009059379,0.001933712829742272,0.019620545166122088,0.0,0.014163195914730102,8.058043191111503E-4,0.7299315036357863
-88.88250301434506,36.09820460459997,0,-1,2020,178,0.03122235980895101,0.02386848955042835,0.05668110091001422,0.11761466128372136,0.002416061598516887,0.807233025193364,0.0016107077323445913,0.03425438444119497,0.6
-82.17870530811012,31.613184573001593,0,-1,2020,36,0.06650476840960258,0.14164832662973356,0.22011545760215578,0.29459087102008114,0.011598756982489647,0.32918783410837554,0.04413786998896714,0.013214173940258032,0.4589117562233507
-83.69315056846682,30.167475727092835,0,-1,2018,213,0.08595647773279347,0.31228491902833994,0.3130561133447979,0.4286684951023323,0.020918318945071637,0.0,0.09796350757360156,0.0,1.656804152578089
-78.7941632816685,37.00732805331694,0,-1,2018,143,0.0025755949750647053,0.4186478126380908,0.5853202768771605,0.10265692551575999,0.05622943884219766,0.05107691530539437,0.10138979219417944,0.08063762478767941,0.24186773244895649
-85.1016080267821,31.231699494244005,0,-1,2017,82,0.008915135497413983,0.3933281907965454,0.39670078208854376,0.20130864020183972,0.05286870085648435,0.20966319204029182,0.06200263679562939,0.008937915160942545,0.0670820393249937
-86.58804076012916,35.82197048705949,0,-1,2019,98,0.02770020092755237,0.6019107072902586,0.6520451893695735,0.0,0.012885783948355803,0.0,0.03461159467892922,0.24814924769761365,1.1423659658795864
-81.9420383472917,33.32446372101208,0,-1,2018,62,0.41451884061634897,0.07607033155945442,0.22039847050906658,0.3917396771243221,0.007770825432941475,0.028918594362280375,0.007176715965111871,0.01368347870054355,0.12369316876852982
-79.18125235575201,35.202828932435054,0,-1,2017,56,0.0904280175299006,0.25045782341277356,0.4794669944171575,0.2326595547370778,0.04368387632800186,0.12366567997801278,0.047493737106969906,0.018528054285777473,0.1341640786499874
-84.44730939066308,34.09212498789787,0,-1,2020,72,0.7358922184447002,0.2410424276127043,0.3296776623251886,0.02533357260749012,0.015157164343221145,0.0,0.004028639678467158,0.027413708117945933,0.4846648326421053
-79.06505864281674,35.06795832307905,0,-1,2020,18,0.6404612159329138,0.2656411810765072,0.3164337210565815,0.1359187726954557,0.016649080351557825,0.006511148881320811,0.05440489805202605,8.056006621721528E-4,0.848528137423857
-81.7199607043268,26.96203013426996,0,-1,2017,81,0.006456023089776697,0.0,0.011017315962528066,0.42053160334017586,0.001613770844540076,0.30712274151188207,0.001613770844540076,0.28560579691801424,0.42638011210655685
-91.77207894439853,34.82277654581808,0,-1,2019,177,0.0,0.0,0.02434227783918693,0.08742032606987102,0.0,0.9120564597654667,0.0,0.0016111504245855232,0.19209372712298545
-89.64393663300118,31.70975111769375,0,-1,2019,114,0.11127129253765314,0.3284393692224033,0.5147452798363751,0.17048577059885914,0.04404289218785562,0.0,0.09249260261500715,0.20841974153410375,0.4080441152620633
-83.15201287807493,36.588334905650534,0,-1,2017,116,0.028259578822370162,0.7922535656084586,0.8251330643837103,0.004251492316747543,0.020649777996728357,0.0,0.018609747933127422,0.03989743006739044,1.548709139896837
-80.38282816693751,36.682209078808846,0,-1,2018,190,0.027140006567149093,0.8190118966431763,0.8193912344510758,0.0015459878331767975,0.019323488458004558,0.0,0.008051453524168566,0.06858891172765247,0.09
-80.4779032728984,37.65334447712231,0,-1,2018,141,0.0646986035000884,0.3199828278491881,0.46665814719723764,7.72813531207271E-4,0.00804942028390779,0.0,0.015293898539424798,0.5670674541419792,2.0382345301755636
-91.95594987499963,36.572649770707535,0,-1,2019,85,0.04910432299957048,0.10400717552237299,0.35752502649924084,0.0011594996620020598,0.013932924903682187,0.0,8.052801111602353E-4,0.6890324006821197,0.36496575181789315
-93.10497322316536,37.50765503373559,0,-1,2017,283,0.04454351422689789,0.31948320935577995,0.44127009784360216,0.0011441185236072322,0.003220510229856025,0.0,0.005916898206617834,0.5950745137661025,0.7517978451685001
-84.07061440718628,31.388147421625533,0,-1,2019,2,0.06316628096665278,0.20955524362330397,0.2909435034935395,0.08867277871687411,0.01144737715646014,0.7100977816557446,0.009028917193827715,0.004030766604387373,0.848528137423857
-84.9910483464373,37.14910419443136,0,-1,2019,78,0.04576922105156779,0.6693701205184573,0.5893886413027554,0.003864499044736247,0.018404966088636864,0.0012629930409083453,0.009661896762948841,0.24273779001477713,0.9024965373894794
-84.90796639261605,31.637666773479797,0,-1,2017,46,0.0,0.6493133709314385,0.6213946666329486,0.0685938270512221,0.16380206933832392,0.05100321496650684,0.03492838243243671,0.0023740804784831183,0.6906518659932802
-91.15654338269505,35.83674483311014,0,-1,2017,196,0.0322193442415819,0.0,0.0021334104096481506,0.06629792656965096,0.0,0.9408587716943289,0.0,0.0,0.48373546489791297
-83.00065729726865,34.642241319735035,0,-1,2017,79,0.1580330852152814,0.4102162291953646,0.4079696490596706,0.016049889408710622,0.04865180785695106,0.002416794351335556,0.03654572164215648,0.2608937400287488,0.15
-81.9991761514915,33.00547649867027,0,-1,2017,13,0.012894906511927786,0.09394318655895625,0.17693689211409283,0.2999267857106737,0.0975457136897727,0.2393703425129415,0.04935751170889879,0.07341684943715121,0.8421401308570919
-82.10431116548648,37.38196285214241,0,-1,2018,306,0.026734523779455965,0.9637562195337558,0.9197905074707989,0.0,8.051326416559836E-4,0.0,0.0032205305666239345,0.0,1.3366001645967278
-86.86130686196611,32.2473033730563,0,-1,2017,79,0.0,0.9262204913576186,0.7606683604425126,0.05450543026424113,0.004836094332287093,0.03715258351745261,0.03378628256066453,0.05983797503563852,0.37589892258425006
-90.66755847098688,30.358303836329522,0,-1,2019,76,0.02257836019125198,0.43729919805712236,0.36347980850419065,0.43022711670104286,0.09677317354666327,0.0,0.04924190921882657,0.07390238889503722,0.7256031973468694
-83.08680915966369,32.41061307537798,0,-1,2018,177,0.04191321499013805,0.22765892884236075,0.2957718416751619,0.18065298477272343,0.09892312020153177,0.14918277877342548,0.08173476580155957,0.021038191777531245,0.2765863337187866
-82.29731132705727,30.919498052652752,0,-1,2018,70,0.0,0.0,0.0,0.9993550387659641,0.0,0.0,0.0,0.0,0.2765863337187866
-84.84584709107165,36.515626087859275,0,-1,2019,77,0.0,0.983890327879209,0.9206762698753933,5.0523703448091165E-6,0.008378150490909725,0.0,0.01046874062471381,0.023808095194484888,1.149826073804208
-81.90478133677865,32.01453337973086,0,-1,2020,66,0.07308713797900593,0.07567977741241935,0.19619852741487415,0.2385711301906247,0.018564293842457967,0.33539322291060847,0.040757365027184245,0.17412125426729055,0.16155494421403513
-93.31811123014771,34.13478723318302,0,-1,2020,100,0.04891091361895251,0.8829500777467351,0.7961802726109134,5.156192182403837E-4,0.11423091991355667,0.0,0.06123067979324377,0.0,2.300630348404541
-88.49932307629591,33.159397069673034,0,-1,2019,174,0.02676595906085242,0.03555308307941285,0.02470406691839265,0.06935947400460714,0.007038202872168285,0.4679188157362459,0.0,0.24199155542071182,0.10816653826391967
-89.67848453484119,31.945651228196112,0,-1,2019,189,0.05001644029643117,0.25210562258137936,0.44331731651845885,0.13061012078610337,0.011809891099906742,0.0,0.06954748771120134,0.3638274668479032,0.39115214431215894
-88.74238814037305,34.395926300291244,0,-1,2017,40,0.036406846509746404,0.008216822996991375,0.1494241137275557,0.07051106431547226,0.002938100849521847,0.40252297563271827,0.0018260454742189541,0.35898221659173973,0.4326661530556787
-93.16884930653747,34.63231281152248,0,-1,2018,171,0.08700653528675627,0.8187943217585864,0.7988639344684889,0.001933373668815365,0.0035920765804189174,0.0,0.005639275898019144,0.009667330110889962,0.16155494421403513
-88.0555818019524,36.79840237274314,0,-1,2019,43,0.0363955633037722,0.9193259051517219,0.9081476040262629,0.006331198684048328,0.015299355816597205,0.01449412656309209,0.005636604774535813,0.017715043577112555,0.7421590126111788
-84.92932542310545,34.64360664189843,0,-1,2018,9,0.10289787303954408,0.5278349994312942,0.5449639415057832,0.021773588644050997,0.07645233852725226,0.0,0.09095676789121834,0.23333143774247767,0.20124611797498107
-80.42523650282351,35.33005586832509,0,-1,2019,347,0.0917462482946794,0.2601940275882977,0.3773547527648571,0.007148401729564515,0.011365251643349684,0.13805400863607503,0.017824934692446434,0.3817498949709235,0.12
-78.69745012383152,36.040271358702384,0,-1,2019,146,0.0752105668573449,0.8670934828452728,0.6102101379815295,0.014842097125212159,0.008479447209519724,0.0016106212576741375,8.053106288370687E-4,0.04981872615648925,0.18973665961010278
-77.38271387406407,35.365919680962314,0,-1,2020,278,0.07870873222359749,0.16644775063780348,0.11822760170157026,0.341385370902097,0.02727557045241309,0.4503438667875549,0.026179366729111336,8.055675776424991E-4,0.42638011210655685
-88.66435855236959,30.802398477217388,0,-1,2020,349,0.08635714014696401,0.3455170930982585,0.23165565158447712,0.47309866529072947,0.01842050348111472,0.03811204067307875,0.047992588798462125,0.1325637572009435,0.5126402247190518
-84.73216733112616,32.81270537802665,0,-1,2019,140,0.06138909256403128,0.7874263609011152,0.7226258954973322,0.016018328620721733,0.03181846912331713,0.0,0.04714619809114472,0.13800012641425963,0.46861498055439926
-83.84970605961432,36.07625418955643,0,-1,2018,120,0.18827230687590024,0.31745129254794946,0.33774512528485295,0.001030776771142292,0.009670715607688564,0.0,0.006442932671353583,0.4099284329145426,0.4459820624195552
-79.74658025121569,36.343386761870164,0,-1,2020,295,0.06413688597045081,0.4747821694658416,0.5473720854914098,0.018107380129173862,0.012881918900742913,0.10881432671451072,0.033054119846048426,0.24641405897266674,0.15297058540778355
-80.8116810868641,28.0824535395703,0,-1,2018,163,0.0258087370165606,0.0,0.004191772848629021,0.4887935114069166,0.0,0.04724167821371855,0.0,0.5275262734974598,0.7256031973468694
-80.37715964826783,34.63507631236954,0,-1,2020,131,0.08758543148426542,0.2320072766779943,0.3886589663392033,0.09332637163346545,0.09952983999393342,0.034522635929324336,0.09721063673820178,0.19406422992340944,0.24186773244895649
-81.38124613241867,31.70194147875594,0,-1,2018,112,0.08794545155536435,0.5582613315791467,0.2905633104000784,0.5219572048572032,0.030625470224886063,0.0,0.044269104565369984,0.020958594920622894,0.09486832980505139
-91.6019914225095,31.417068505246455,0,-1,2019,317,0.009674115103000869,0.0,6.448933801568076E-4,0.29969687482138996,0.0016123831022250882,0.8661058102699316,0.0,0.0,0.28460498941515416
-84.92018933823682,30.38949568092242,0,-1,2020,256,0.09145986693986995,0.17223191925324421,0.2657766517543892,0.4103540751091102,0.1142079250187359,8.537846375684218E-5,0.18646024051429463,0.0021945427350832766,1.0012991560967182
-90.68730159685344,32.626767270850344,0,-1,2017,46,0.022569510298524446,0.0,7.23109675005183E-5,0.36839252213575235,0.0,0.698467081766174,0.0,0.0,0.22847319317591727
-93.15152149931149,31.215631360012367,0,-1,2019,309,0.053396400612123564,0.5058240271155573,0.624450799862011,0.1329916650058727,0.07045909382637204,0.0,0.06412011495524775,0.04930492543400663,0.6177378084592201
-83.5489800978108,34.47680129075904,0,-1,2020,256,0.30950154188362583,0.6389338253879988,0.5851586876757434,0.003351221679523125,0.0229742708385988,0.0,0.006444927462973261,0.06588674619622911,0.4695742752749559
-83.0254060986933,33.44381003431661,0,-1,2018,44,0.026040349901400615,0.4617737776204682,0.7113830345523544,0.011768893275077023,0.08035164112886665,0.0,0.09544680353537117,0.13109123140754417,0.3
-85.75341099474267,34.85391194176235,0,-1,2019,65,0.04261772958216427,0.7451404160663282,0.49156852180751587,0.06350345558184879,0.022897290739991912,0.07455203699959564,0.02088809138697938,0.1594028002426203,0.46861498055439926
-84.96637981823412,32.91694242254391,0,-1,2019,257,0.034563406278049595,0.8906840621483928,0.6093416992253172,0.04683439912666801,0.03731350358850542,0.0,0.02645475891753866,0.09339910943124326,0.3313608305156179
-85.14412418633225,36.88451398888015,0,-1,2019,293,0.08200366369780818,0.6993999115659156,0.6579806732436376,1.2882483459901624E-4,0.008851010619318133,0.11576414567064648,0.010035145111734936,0.1743014395917737,0.03
-93.24704257831083,33.36302366865282,0,-1,2018,116,0.0,0.7346236994146573,0.6460347233457371,0.06366941028959716,0.05771509649203191,0.0,0.030842057696136193,0.006775140543085656,0.6328506932918697
-82.89213927826212,32.47864973410149,0,-1,2018,203,0.14432742031330992,0.20208367576588984,0.21530870140811142,0.43960583390896346,0.05276034060953178,0.13130345730053675,0.020990979031146693,0.0910567872201888,0.4883646178829912
-85.44709107505155,36.27380381389183,0,-1,2020,110,0.07415503190346837,0.2941689304441216,0.36389951489496275,0.0012874155133569356,0.00483186377302241,0.06632917308809783,0.008858416917207752,0.5685524620398672,0.4883646178829912
-82.82932356022388,36.86858387278924,0,-1,2019,0,0.0,0.93575524846525,0.7858903469441887,7.795193048486302E-4,0.022445016341159182,0.0,0.013982348390356338,0.0,0.5408326913195983
-92.97703940402364,31.93895509894303,0,-1,2020,56,0.04237641792177242,0.6836248213766327,0.5973784864547216,0.11780576949433359,0.04033950812417018,0.0,0.18561990263640382,0.0,0.7648529270389177
-85.25285252676345,37.316431986092255,0,-1,2018,76,0.08674726190927358,0.5095312085496653,0.6082691335286898,0.0011593093042275128,0.004736089316329723,0.014943940489459047,0.0048308111026563166,0.21763277626398345,0.5824946351684279
-87.36260382987791,35.423512152779786,0,-1,2019,123,0.03757013597533236,0.7070970024768741,0.5248528015338654,0.020272984868033046,0.012565067973922275,0.0,0.006004573710011625,0.2942241117905697,0.2830194339616981
-80.69457222450912,33.77116289121416,0,-1,2020,284,0.0,0.0,0.13057978502364406,0.7576511138590085,8.058476094767682E-4,0.0,1.896112022298278E-5,0.0,0.3189043743820395
-86.75669373039264,32.77936644900965,0,-1,2018,259,0.0548132229315467,0.5282346248656851,0.5542118170555961,0.0726230627259626,0.05738992468323025,0.004029747437554718,0.041441606589190175,0.11449223601993702,0.1341640786499874
-83.74507025061392,34.218104183748856,0,-1,2019,75,0.097366159445933,0.5274758606743847,0.5313478284825485,0.012049410823896217,0.020954252620071476,0.0,0.008224354579319368,0.3545445641218457,0.08485281374238571
-92.2054138696506,32.29274965002532,0,-1,2020,244,0.024949733810493303,0.294983497515143,0.5614265406510583,0.23591717924353206,0.03080716283921543,0.0,0.09789635061876686,0.0016121129743484372,0.37589892258425006
-86.92957774612641,36.53030222015122,0,-1,2017,104,0.12370652077779332,0.14996146411108455,0.1982538147594636,0.0038513888341553445,0.00420937620391949,0.3033466593405206,0.001199972211169847,0.3432141571458346,0.21840329667841554
-88.27563392567379,32.90176257656967,0,-1,2017,78,0.0059673565369103765,0.1082341934586647,0.31175541702208776,0.35143684510449236,0.001908951846373624,0.011283043197936818,0.005641521598968409,0.3106534683505899,0.0670820393249937
-89.85656989078538,33.78770508021141,0,-1,2019,195,0.31862199747155484,0.20173198482932989,0.3964037152879767,0.23361796716743424,0.004028741515944337,0.10723088006673491,0.028119035882657763,0.06793248145199005,0.5507267925205745
-81.68081054940752,29.246038559134377,0,-1,2020,31,0.025392849009337286,0.8858017662390243,0.772964619525423,0.09040012589799733,0.003225877865733902,0.0,0.0608362613973111,8.064694664334755E-4,0.8590692637965812
-83.23236858213724,36.98424582010199,0,-1,2018,342,0.05838512455156384,0.9214794603607697,0.9313214959049934,1.288214504385991E-4,0.02963734823726296,0.0,0.010082255798165421,0.004025955572396152,1.2882546332150333
-86.60400359309159,32.883914215159244,0,-1,2017,66,0.05262825213016108,0.5143738464261337,0.49726550491076443,0.037977525362846445,0.0450913711038489,0.0,0.08050518011896259,0.19359548928262144,0.09
-91.04940417724282,34.39152720220456,0,-1,2019,170,0.028545061502092208,0.0,0.0011600734561545316,0.6071546456266246,0.0,0.6910767655960722,0.0,0.0,0.3
-84.31627926014622,33.501752754011456,0,-1,2020,188,0.5541876279798772,0.4103319260813509,0.3717417802896824,0.009582605099499028,0.013521926123956788,0.0,0.017307686230640645,0.04454746262430915,0.2830194339616981
-76.62106713944704,35.59740387900136,0,-1,2018,189,0.0,0.00761623280663863,0.03566102921372616,0.39782927153408854,0.0016109010622471123,0.41170209069688857,0.0,0.0,0.3710795063055894
-77.64433117760933,37.499670288348746,0,-1,2017,107,0.8147409352590648,0.1653873346126654,0.23311932352020034,0.02722992837153855,0.004829469231861871,0.0,8.049115386436453E-4,0.012815454301541958,0.5824946351684279
-82.90480931864084,37.21923461483735,0,-1,2017,220,0.02095517184756659,0.9726029127562557,0.8792885186210461,0.0,0.01985443867321323,0.0,0.008219005067807575,0.0,1.2734991166074674
-83.87870280503346,31.6028450855118,0,-1,2017,84,0.04202126986937115,0.4051265190505698,0.32592658156143156,0.18466487284792335,0.03576114137221369,0.39200053110606015,0.007565100009167907,0.0016122862535209496,0.4242640687119285
-85.74964215723122,33.05337339378989,0,-1,2017,116,0.08283081124132441,0.6205989810495446,0.7071367030442274,0.013042427453867366,0.022046577186722757,0.0,0.048795749966026286,0.14072074862287906,0.31320919526731655
-82.68532170443704,30.558228669986054,0,-1,2018,69,0.047175659434499334,0.2572711746473528,0.24483637474756065,0.5253623188405796,0.05500116990128565,0.0,0.10609423712950491,0.005678764078339121,0.9343446901438461
-90.33874498974663,30.585340579180777,0,-1,2019,253,0.02189420960764968,0.46553337886721785,0.45191102828209545,0.1954720925067901,0.009665853010737727,0.0,0.04751350120783638,0.23486410259653204,0.47434164902525694
-89.90883749606881,35.77031075009324,0,-1,2020,109,0.07959111470521339,0.0,5.154269301475236E-4,0.13339855336841613,0.0,0.7863053763984259,0.0,0.0,0.3612478373637689
-81.30061360060022,36.437426092861344,0,-1,2019,85,0.04186663298812832,0.7543571608992172,0.5948040662072309,2.5767466300196024E-4,0.024751865547916863,0.0,0.022351837758121402,0.17841048685826882,1.0733126291998991
-84.00549001967777,36.020099880754564,0,-1,2020,93,0.6025119405625333,0.37230547623259475,0.17342677836952888,0.004805816902974136,0.005653250461103109,0.0,0.0024160539680133397,0.038142070289800135,0.7523961722390673
-86.21515556849504,37.057227880996194,0,-1,2020,4,0.21904725811952874,0.024658607142406003,0.10164363576110091,0.0,8.051555213145191E-4,0.5741674534035979,0.0016103110426290382,0.22074206921811507,1.1715374513859982
-85.98696125983538,35.188721923602806,0,-1,2020,106,0.0330506439504051,0.33567573716206844,0.5830926436645676,0.012169673960890259,0.0030641029285874482,0.18571938503138335,0.0032220463785146364,0.2940464795984446,0.6606814663663572
-84.24494658176998,35.06286940219022,0,-1,2017,130,0.014470225457486609,0.9649302396117685,0.8535065229114321,0.0,0.004833191707127537,0.0,0.006959164268498015,0.04627228243529684,1.5379206741571556
-90.36082589457857,36.9106199875846,0,-1,2017,127,0.010749428423459271,0.6002753672616116,0.828910542556395,0.009469325729851418,0.0104678811303417,0.009612135795101095,5.526030762623823E-4,0.16500096310821863,0.12
-80.32754515602849,25.43165646845319,0,-1,2020,19,0.25631444278367493,0.0,0.0,0.3478950406611104,0.0,0.0,0.0,0.0,0.042426406871192854
-78.65323930099045,36.37879323164847,0,-1,2020,284,0.0439926763053223,0.6919376223246416,0.6591710379658833,0.01048657082313139,0.08589067483500175,0.038484858054125756,0.08017810338838541,0.10850096314775637,0.2683281572999748
-92.46290676007452,32.50753087595412,0,-1,2018,112,0.06343887512012544,0.20953669515957712,0.4206129514127333,0.38025470363294517,0.01711238735820013,0.015566772763046847,0.049282664146482524,0.009074559310194416,0.27
-78.24723867235366,37.69917489261217,0,-1,2019,81,0.025135397861408136,0.6281198318415371,0.6337447312528572,0.019268272356029667,0.025844271454817516,0.08919383045753865,0.0198369856873181,0.18156650314727482,0.042426406871192854
-87.58528173929419,32.897766395408716,0,-1,2017,44,0.048716651915539276,0.7541661398406881,0.7430548041207504,0.0788780693513367,0.12680703661797332,0.0,0.03546121705931062,0.014506861524263438,1.417956275771577
-83.93582606783852,30.085601230364027,0,-1,2018,96,0.013676965510260883,0.0,0.08003124671140505,0.7801913253948342,0.0,0.0,0.0,0.0,0.5824946351684279
-90.31090629224202,29.32894420177702,0,-1,2020,208,0.0,0.0,0.0,0.6019673674063694,0.0,0.0,0.0,0.0,0.03
-82.12801824128529,34.06202369828607,0,-1,2017,346,0.0644533471507829,0.7170624439192687,0.6160067455569254,0.012474022983624931,0.009156716347171625,0.0,0.06816350647257882,0.1186297154087504,0.22847319317591727
-93.86700173433198,37.2288623654368,0,-1,2017,90,0.0032209170140204625,0.009208033345964381,0.16971471149110304,0.0,0.0,0.047837673983883604,3.820698714224366E-4,0.7973671912496527,0.6037383539249432
-93.50361410181581,31.071209298543444,0,-1,2020,67,0.08724356866415395,0.6261857182606935,0.46823913846216136,0.39189500892798446,0.0475919479722915,0.0,0.04845507172147343,0.051493393783612014,0.4326661530556787
-93.79003493407096,34.44893498196677,0,-1,2017,304,0.05588491827731358,0.7701778558697493,0.9032080495931933,0.0,0.008056413853240572,0.0,0.016953222249603495,0.07985643786451323,0.4883646178829912
-92.50543494047378,35.6785151235032,0,-1,2019,116,0.0634870499052432,0.8778142766898294,0.8431340247861844,1.2885783948355802E-4,0.015303511753223375,0.0,0.040294509687486185,0.016652242304023453,1.3396268137059664
-80.83137831924364,26.14506969321391,0,-1,2018,166,0.0,0.0,0.0024561229408262214,0.9440661163385085,0.0,0.0,0.0,0.0,0.0670820393249937
-81.31766774774051,26.473589288134704,0,-1,2019,79,0.0,0.020085356432759643,0.10705257471454084,0.7398857100039438,0.0024206179695286925,0.0,0.005613302324109674,0.1525179173192843,1.015135458941318
-86.96530597169202,33.40814207785779,0,-1,2017,152,0.9742127950043613,0.022563804371184062,0.2539229282434148,0.01318706542165695,0.0032234209977436046,0.0,0.0020130580152575256,0.013974478090217865,0.4666904755831213
-81.73300435038192,29.72745910129968,0,-1,2019,276,0.15273366821454334,0.5571723204231144,0.4573021376886211,0.23549335226349918,0.0503564357688196,0.0,0.08828664140727291,0.11460026693148967,0.7022819946431775
-94.30088117126361,31.661433286542916,0,-1,2017,71,0.058148799210855764,0.37268094039684835,0.5790628690499978,0.06500185868435496,0.16483881268000586,0.0,0.20807501525407107,0.01121687969675222,0.840535543567314
-90.33060329101363,37.15953407539908,0,-1,2019,360,0.025816229870539945,0.8353773287022418,0.8509826168529288,0.0030915945505089275,0.0037038089554500943,0.01368798961796774,0.006589811841452981,0.1654431151148876,0.4965883607174055
-80.22471473645794,35.212572010614515,0,-1,2017,68,0.11907739335834379,0.4713832783861963,0.47566303590316855,0.0032217488006250437,0.016442484473619373,0.051627189962029085,0.013195054302844976,0.29447684152667136,0.39115214431215894
-82.45343541826827,32.4538947128502,0,-1,2020,41,0.10682766468580096,0.5629156656973067,0.29281604516368465,0.2812844181443605,0.1214977494563294,0.022609745612704207,0.18860630657967947,0.009318262276842165,0.3661966684720111
-91.76776010314579,35.904793968500144,0,-1,2018,80,0.04197253212376969,0.7973770326102061,0.7155525080191529,0.0,0.0019645496696271783,0.0,0.0016108043914949532,0.1216094146779023,1.5651836952894698
-91.07656974664125,33.27243372688157,0,-1,2020,62,0.0,0.0,5.157047256754216E-4,0.4362078310268187,0.0,0.02390628357624097,0.0,0.0,0.17492855684535902
-83.92098564760964,31.10919782819357,0,-1,2018,103,0.05482553213016481,0.20528905133491007,0.19876264630410012,0.25078643433026765,0.017850198704390467,0.39539486372071997,0.03701877021425929,0.010480589568730854,0.12369316876852982
-81.28289238693426,32.35207326701086,0,-1,2019,43,0.16299069202751917,0.30731485228652355,0.3272822067244064,0.3383735789384783,0.08546252165008411,0.042472091935422715,0.02472534418892781,0.028129306312342773,0.09486832980505139
-84.851281783492,35.86881296841919,0,-1,2017,182,0.04401061410159215,0.8998736416477134,0.7808881342914024,0.0,0.10327793254622523,0.0,0.10962975597121938,0.008054276346959275,1.1063453348751464
-86.19456205611112,33.56975349720485,0,-1,2018,79,0.10516668141536982,0.5293604540915008,0.3445369909276356,0.014439947724578284,0.018100748615109446,0.0,0.03520608245826368,0.1729335663341244,0.33
-84.95743477437777,36.22039295713345,0,-1,2019,285,0.0,0.5374177164011275,0.4659654859843019,0.0,0.3239240010611555,0.004026705744135222,0.08313647216362006,0.10961798405740347,0.7256031973468694
-93.13527673073294,33.16314635533836,0,-1,2019,108,0.030052848509368596,0.8652489442941308,0.8241305701954855,0.01412444232317145,0.03757509488580518,0.0,0.019160454187774335,0.0,0.09486832980505139
-89.37716597514265,33.527841198966584,0,-1,2017,7,0.05979470064724917,0.8218042071197408,0.5949542309454016,0.11403436041120867,0.0016116137309489873,0.0,0.02943249076482131,0.11537258297440693,0.4295346318982906
-88.19850813978591,36.18971905662767,0,-1,2020,279,0.05770494288891134,0.39506469220661056,0.42556114557927477,0.16145500957243133,0.013583163320090203,0.21779485981013277,0.011328250832170093,0.21049008027993774,0.12369316876852982
-86.12558804641961,36.69994782914091,0,-1,2017,18,0.014175078645155598,0.8459439313734165,0.4808367351062967,0.0,0.010268781892588293,0.027866543727580472,0.009662506946900422,0.29997031778911754,0.7206247289678588
-90.38396935210513,35.69533925033649,0,-1,2019,2,0.06240681307017765,0.0,0.0,0.33765979132946516,0.0,0.8102007877373238,0.0,0.0,0.5916924876994806
-78.41432845701652,35.062230905261394,0,-1,2017,243,0.05895353683333124,0.25107033252926836,0.17541580895303938,0.18894245615489239,0.02819232956340433,0.5613192645479247,0.02474568774878374,0.05392999304985155,0.24186773244895649
-83.82541189274652,32.37529861186258,0,-1,2018,77,0.024098213495505286,0.39243675167208214,0.4624138931957039,0.0675160279263671,0.03788566028074458,0.34742851001823816,0.06242947407016405,0.04810777152285438,0.2683281572999748
-86.8166851961364,34.58300986880752,0,-1,2017,20,0.02110824611962183,0.1918069669851864,0.11438702193422501,0.21937156764379553,0.0101571755785483,0.6381833978358739,0.00968012005370824,0.07029144617328809,0.579396237474839
-86.93319025862316,33.02766943863267,0,-1,2020,56,0.02128950695322377,0.6544879898862201,0.5457435324395582,0.007486265993512841,0.1416977178560932,0.0,0.05368616333715746,0.18403795040026805,0.5580322571321483
-93.0766991968258,37.355212546676604,0,-1,2019,287,0.03396102501926016,0.5619545586582303,0.4051902811798008,1.2881240519028124E-4,0.0024154741907372094,0.008051580635790699,8.051580635790698E-4,0.4162761913181857,1.134063490286148
-84.00294167560271,32.981740799252535,0,-1,2019,243,0.03993577912062905,0.5970771914742988,0.6084169639751149,0.03305635107475992,0.04695356473536676,0.0,0.023800719931483274,0.2715481687256457,0.12727922061357855
-80.46734620683029,32.81460901044922,0,-1,2020,66,0.061484581442099825,0.37650613834346913,0.3291408576759517,0.49669914596469505,0.035461665370830425,0.0057648910549371385,0.060461823399642255,0.010173894904518997,1.2477980605851253
-79.29887798100964,34.56608133834881,0,-1,2020,75,0.015296584478577204,0.11783801535974132,0.06748081107789046,0.26533407805980214,0.0,0.6172528201725286,2.085505735140773E-4,0.0,0.6356886030125127
-80.2054623714161,26.161325274805716,0,-1,2018,265,0.986116037496833,0.00323030149480618,6.455006579043959E-4,0.0300767867331642,0.0,0.0,0.0,0.0,0.16155494421403513
-80.61930877937387,25.642624937123372,0,-1,2018,43,0.0,0.0,0.0,0.9908088291144048,0.0,0.0,0.0,0.0,1.0653168542738822
-93.52330460124114,36.95450205744597,0,-1,2019,129,0.005658637632466434,0.23072842328630436,0.242645301798632,3.8647118465795304E-4,0.004831375521030694,0.0,0.0040261462675255785,0.6478179866110898,1.3476646467129723
-87.28816707554287,37.829512007989436,0,-1,2018,182,0.051014221840503214,0.04509056003233386,0.043888917510412316,0.052225357120849816,0.0,0.8184894748140575,0.0,0.031850210251164926,0.4326661530556787
-84.30617053163546,33.058498515067,0,-1,2020,283,0.08294884273597189,0.37256190825316965,0.4863622964835983,0.060030670612486965,0.00690840828503347,0.0,0.00812828275805402,0.4885723676309787,0.21213203435596426
-85.61635165802899,30.19494495762321,0,-1,2019,46,0.7964300623663804,0.046022087565940104,0.06985021256186759,0.2786156639605061,0.014331069201482442,0.0,0.02199623066317561,0.0032254392289302936,0.4666904755831213
-80.28414340652094,37.637329121149314,0,-1,2020,75,0.0,0.993560606060606,0.7953847008667893,7.728365627462469E-4,0.0031977625132582448,0.0,0.0,0.07706197282691044,1.62692962355475
-90.24444132811583,33.70010473816741,0,-1,2019,326,0.005954713832383022,0.0,3.86742370432459E-4,0.215719838771403,0.0,0.901853537077061,0.0,0.0,0.21213203435596426
-80.93183787751039,28.09967550336427,0,-1,2018,186,0.0032260513131926512,0.2590582460401802,0.2089579434001801,0.4154408973532291,0.026621322366339784,0.0,0.05583043340714968,0.1071527997469156,0.36496575181789315
-78.60153061253247,34.24476041584072,0,-1,2020,251,0.006062979196402632,0.0,0.10203328573414377,0.7350551602997484,0.0346082867760447,0.0386120029324772,0.009688550698991334,0.0,0.51
-77.87599400866577,36.04397697187866,0,-1,2017,5,0.1263621784753703,0.2481658732463729,0.24007565161853633,0.20879230265498175,0.0609193805108512,0.3522965564285898,0.04916184532983,0.037909603092392836,0.06
-78.71111482885802,36.17846237471229,0,-1,2019,263,0.13959743408425093,0.5630871805232848,0.598991560801941,0.031545683942887114,0.022683635444956742,0.02734162824480516,0.02755005368534075,0.09423672077306892,0.2716615541441225
-89.3358303135851,33.24715206255962,0,-1,2020,84,0.050214917825537275,0.34687737041719324,0.5879352649623556,0.21700970803100553,0.027613885948141008,0.0,0.031412454374516084,0.05346121636355017,0.34205262752974136
-93.05271308192951,35.657637873476006,0,-1,2018,358,0.016867134987618132,0.9831328650123821,0.9701149518221086,1.288584255218514E-4,0.0016108807095455734,0.0,0.0,0.0,2.6868010719068876
-84.59006193268102,33.4211400455694,0,-1,2019,101,0.7430724110032363,0.20991353155339804,0.347834879649249,0.047182226644360475,0.023126100133043028,0.0,8.058425162511577E-4,0.007021890474941461,0.2580697580112788
-79.7211347693316,33.418570112444364,0,-1,2017,159,0.0,0.5853603062887756,0.47873715118877397,0.2197260470656277,0.14295014410679074,0.010637356525256615,0.08059551499216262,0.0033909339131314165,1.20074976577137
-91.03970069231184,30.934404625319402,0,-1,2017,255,0.03480636430324033,0.4353578023423468,0.5152363440463151,0.24892950272777623,0.003060511497469071,0.0,0.022065402624831247,0.2600075248113265,0.16155494421403513
-84.96210538734115,33.024786143386365,0,-1,2019,42,0.25857426393436406,0.3958383373576223,0.5079304484828011,0.03537643906708457,0.10214775111875209,0.0,0.013709453138826391,0.13250259145956061,0.4368065933568311
-80.46741520334119,34.574717397069655,0,-1,2018,292,0.054980734002905665,0.35808224369907127,0.41012164800777134,0.03903633872199584,0.1599340269769,0.0,0.22342674245559938,0.159213631897072,0.5239274758971895
-85.96784811889388,33.126861941043956,0,-1,2019,33,0.048153017622816124,0.8382088948446309,0.7338230691560977,0.01264384030547056,0.09532297365202472,0.0,0.04846738027741698,0.07392729260885095,0.31320919526731655
-88.15917154496437,37.10968623231468,0,-1,2017,33,0.03156817665041309,0.7829893130542432,0.4647550142861184,0.041222119841741345,0.013870952463649146,0.0561910926572047,0.03719549738715843,0.2389826494687487,0.3059411708155671
-87.40768615915509,31.55119341860651,0,-1,2020,137,0.027845220030349022,0.9164390490642388,0.615061536197183,0.16549248936210023,0.012104486152075851,0.0,0.0979202033326063,0.049894255664197744,1.1715374513859982
-94.00550088881461,36.73132461614764,0,-1,2020,39,0.09304616939303988,0.22216888776605836,0.18870483959217155,3.864883667001626E-4,0.008857969330268044,0.0,0.0032873961043882473,0.732170376171589,0.39
-81.10338959843597,36.34056324362419,0,-1,2019,48,0.02277233975371014,0.7138490685191035,0.7863619506486972,9.018804586504226E-4,0.01714163003385377,0.0037453893183770396,0.020688065282198978,0.13083282805315546,1.0606601717798212
-77.73182400565155,36.167241662477714,0,-1,2019,59,0.0405727923627685,0.06899773964213106,0.16948392935007497,0.29741199201482243,0.01620329434353132,0.5237475684005763,0.00494530480256676,0.0016105398782305543,0.24186773244895649
-79.58010094079884,34.815104880203954,0,-1,2018,96,0.058963962257001026,0.3374891053090302,0.26894712288595424,0.26836132349217284,0.10307783208895102,0.2513768251029264,0.07322213410260708,0.016013194771382272,0.19209372712298545
-80.33625411838473,27.21337042566447,0,-1,2019,60,0.9584166181716975,0.024492067909824663,0.018508582061598094,0.2144913025255175,0.005648233700811324,0.0025567354791347615,0.004135709494095462,0.11230650448694426,0.42107006542854597
-84.7752763659451,29.839466597121625,0,-1,2020,26,0.05803317265722853,0.0,0.005762918880465729,0.9339809322773548,0.0,0.0,0.0,0.0,1.6122034611053284
-83.66349637781114,34.24550734080484,0,-1,2020,198,0.058013144590495475,0.5720298281092013,0.5266404722873879,0.029356711134430943,0.007251184834123226,0.0,0.004862559241706164,0.3489352290679308,0.21840329667841554
-90.70980913109909,35.98762327493223,0,-1,2017,231,0.14582806893414868,0.4791024409966139,0.4242922491638672,0.026432871108425213,0.008053869331497262,0.011101706156946228,0.0016107738662994526,0.21446032758718708,0.09
-90.44186487823998,34.59699385519104,0,-1,2018,10,0.01934064822773929,0.0,3.86673170189268E-4,0.1434921389091774,0.0,0.7807158879095187,0.0,0.0,0.15
-90.5124395064627,36.85503943032304,0,-1,2019,200,0.059206952743074415,0.8704571580157395,0.815109081797203,0.006272506456397596,0.02737831334432256,0.0,0.014832288094380978,0.06815526377283897,0.37947331922020555
-79.78597806191398,34.109017394490714,0,-1,2019,83,0.14340938376411724,0.4052275196442556,0.195047787170411,0.3225929734205663,0.04327038539810146,0.2265936066133254,0.028203329414887575,0.003226397684324954,0.4242640687119285
-83.63403926552756,36.4951717162778,0,-1,2020,67,0.07728266225316166,0.5044282447473813,0.5833422170934999,7.730134438658348E-4,0.1308105752469494,0.0,0.009821135335876507,0.14392858045120369,0.39
-86.18384810076334,30.346950268286044,0,-1,2018,73,0.015773628820076907,0.2630413883829185,0.12394890918261674,0.34840742129182034,0.056873266781977405,0.0,0.03494104291898423,0.0016126635193377337,0.3612478373637689
-85.7582214037289,34.15274760908281,0,-1,2019,102,0.2320527892601161,0.2818587482776493,0.24279673547379338,0.011700834329591774,0.01547279385511752,0.19269110338050685,0.06137931252389482,0.09484313929937974,0.03
-77.95700911539647,37.41073013530232,0,-1,2017,41,0.028976175144880875,0.16089037031425574,0.4892030584725519,0.07271373519269012,0.04197985295371105,0.2328653822477437,0.02474342663943354,0.18270927578597795,0.6242595614005444
-78.50764782054867,34.80355587257177,0,-1,2018,113,0.009661530689568073,0.21567314978529936,0.22323430408280862,0.34743800984564377,0.029151764839692167,0.13765180907126345,0.04486029142286649,0.0016144523499601925,0.57
-78.44136618037928,35.82068120805099,0,-1,2019,6,0.09324409647682787,0.495239297891148,0.41975784649125014,0.053912002061741064,0.036425367948960924,0.14766913018760666,0.011275345840439651,0.15830648727180863,0.24186773244895649
-88.89460435502362,32.0157945068476,0,-1,2019,9,0.02350724564376217,0.5976201916997547,0.3936845203536886,0.43159165987300047,0.004757539356388696,0.0,0.02849149649111716,0.053218056521464246,0.17492855684535902
-85.46580893652991,35.817236273434986,0,-1,2018,235,0.1057014329399278,0.3473173443857567,0.5155794267280319,5.154232837920598E-4,0.003467934241902627,0.008268717527596609,0.005637761950634052,0.47575762361227364,0.03
-82.24322035639896,30.676385475772573,0,-1,2017,141,0.0,0.0,0.007907785668251397,0.9852007248129035,0.0032251740645414255,0.0,0.0,0.0,0.40249223594996214
-79.98330407394988,35.451588536272816,0,-1,2019,40,0.0,0.9903376150960554,0.8511880428131001,0.004495870742073861,0.004829742876997916,0.0,0.001579379619685388,0.01222123949712553,0.7061161377563893
-85.31430682773495,31.306663475446182,0,-1,2017,246,0.057831904292182046,0.398854237802565,0.2553038886416055,0.08834722615627404,0.01289894247640727,0.40369896144544043,0.06053966899037323,0.07959722419816319,0.54
-88.64655308874686,35.51950175306346,0,-1,2017,116,0.04128753412192903,0.5207511879486403,0.3985929066201208,0.16432580649888756,0.02262167600024006,0.0673185954472377,0.00888821506069192,0.2609894535358609,0.2830194339616981
-92.15820689016573,32.829593978334444,0,-1,2020,140,0.035516949259694765,0.46187206817635795,0.5369765652099602,0.20650891104528693,0.05172953241786892,0.0,0.1481693345764265,0.02256530189782405,0.5239274758971895
-88.45011721833373,35.58775713419373,0,-1,2019,95,0.0821665065965728,0.7435297983116818,0.6705768205511746,0.03122395918872687,0.01986740324511449,0.05411261564313219,0.019169359347313168,0.12115325695911867,0.4589117562233507
-93.39164742625067,32.91830738414882,0,-1,2020,91,0.0,0.1671661040094071,0.4234569767671156,0.3457280141089123,0.009601132668185734,0.0,0.04963956248163046,0.05211727413793645,0.19209372712298545
-82.26281012287419,30.560617294874056,0,-1,2020,161,0.03503156509747859,0.5172374530318941,0.28091102888877423,0.6186121287727251,0.013115915220848871,0.0,0.0576904226625814,0.016126125271535494,1.508674915281619
-90.21409844287115,30.867314049083966,0,-1,2020,60,0.03218789128207721,0.1396157689048528,0.3023741077431028,0.338087652747855,0.01599557347245277,0.0,0.028807208916291207,0.1675978183542803,0.0670820393249937
-77.28911142019732,35.37826046615279,0,-1,2017,235,0.03753473099267493,0.049482192472846694,0.16917712691771258,0.287487114183494,0.022161776227664482,0.46196325220512074,0.012450400586347218,8.055955720676326E-4,0.4459820624195552
-91.16696426504922,35.497304125257,0,-1,2020,358,0.033928075008213494,0.0,0.0,0.15580084029281907,0.0,0.8931799948199289,0.0,0.0,0.6489992295835182
-93.01733477346235,31.140168612225303,0,-1,2019,15,0.047872004047302824,0.890090431923101,0.6522383514774811,0.08047918354876667,0.06258793326398787,0.0,0.045752171260010535,0.0,1.1403946685248927
-80.40955648638746,34.530681808592604,0,-1,2019,70,0.05567346320018188,0.3587129538391569,0.38711837848766634,0.09262535382126967,0.3248473856498274,0.014594734646933179,0.13837982330860332,0.03812830980397114,0.21213203435596426
-81.35267910089756,27.746409455760357,0,-1,2020,173,0.02540421548037752,0.1870651046279193,0.37407069218247624,0.35499356165825774,0.0023951527424024305,0.0,0.07141794940753983,0.0013098985935992154,0.2563201123595259
-82.53479608160092,31.212159717654785,0,-1,2019,152,0.009676072905731019,0.18031646450209338,0.23217446152243099,0.37889458267514214,0.015349545994890872,0.005643447909553081,0.23217492475402812,0.0064496547537749496,0.8237718130647589
-79.29654275388087,34.88355006217461,0,-1,2018,171,0.045091699085535286,0.048312534734502095,0.08745350153647097,0.37605177502830345,0.03205308476182954,0.4398451694446642,0.015704242041235494,0.003223003396792797,0.5707889277132134
-89.2034292708933,36.40339208659754,0,-1,2017,104,0.03287470467093709,0.42739642951900836,0.35024885978212733,0.02049133323262062,0.011785511273921563,0.18324701572664698,0.004026400555801177,0.31304553780079597,0.18973665961010278
-81.00598123980247,35.80387029902715,0,-1,2019,126,0.11035179687993432,0.45520116212972916,0.38831501031869686,0.0015462886041561804,0.015782226124527034,0.1293277156988459,0.026220540581513605,0.26826941905489826,0.34205262752974136
-81.48653905767671,34.36301227234192,0,-1,2019,250,0.01685663019030048,0.7376860673759759,0.7571253603434424,0.01053266886415298,0.05661223870788364,0.0,0.07270050299522283,0.09209362282941133,0.5408326913195983
-86.462309013296,36.01835126540168,0,-1,2018,76,0.006444520262329889,0.5954231269823224,0.4318337425361952,0.0054925315214211234,0.012623128400933553,0.05112098559567461,0.0041656007908009406,0.04943453311478932,0.09
-78.58353448396485,36.67724347457443,0,-1,2018,37,0.15566639308037125,0.5698592082833511,0.51695758708667,0.024068507338267608,0.020350617938856577,0.010467385332398691,0.0193244036905822,0.07841539889737227,0.18
-86.26706726351728,36.747410635560165,0,-1,2020,327,0.04252577319587632,0.38546088538508216,0.4319068113649552,0.0,0.0016104330801900945,0.06598670603280864,8.052165400950472E-4,0.4965691459968108,0.39
-78.47936645742293,34.926583662709284,0,-1,2018,243,0.04447924428223231,0.056173673642069634,0.24826492077162268,0.22583928708611814,0.023236344106403836,0.4969544750892496,0.030398382459798465,0.014143998989037386,0.18248287590894657
-90.49094169036657,33.290615553582235,0,-1,2018,85,0.019343582482047126,0.0,6.44632862624945E-4,0.2519478024339314,0.0,0.5581959753261195,0.0,0.0,0.0
-80.9177319257403,36.696817023898326,0,-1,2017,327,0.07805099837078013,0.5748367622728249,0.4904757959318533,3.8648504732294683E-4,0.0032209068431639397,0.0,0.006441813686327879,0.34388548728846996,0.7636753236814714
-87.54286775620959,33.596055382068414,0,-1,2018,101,0.0,0.8167119651096646,0.7987931298593682,0.03376627709985141,0.14733262970289518,0.0,0.004610464712090856,0.004029021595555751,1.0182337649086284
-91.69232066528993,33.28827328352893,0,-1,2020,107,0.02201289669996206,0.07160197243646478,0.29878856179062907,0.10184908516469765,0.04336243754917851,0.7163650382842094,0.03979472205631869,0.009249515719752625,0.45099889135118726
-91.67375103564017,32.64171759543693,0,-1,2018,69,0.0,0.0032243788329013082,0.013574713259781938,0.19726796569938723,0.0,0.6778301394801968,0.0,0.0,0.18973665961010278
-93.85435022519448,31.725631087565745,0,-1,2017,292,0.012532405943724309,0.2921783117293708,0.41561448503242693,0.15596328419246827,0.02000493168353765,0.0,0.016928952143701662,0.11385866300794754,0.0
-92.78434937810799,33.2972223470926,0,-1,2017,54,0.03182490611842354,0.7976330463149107,0.613785327872997,0.22876080691642653,0.07716591667509348,0.0,0.025713545353422986,0.011442638284963086,0.7517978451685001
-90.95699987001142,29.893835873680224,0,-1,2017,23,0.0032257248393462532,0.0,0.0036833400203494424,0.42582699331686275,0.0,0.479332492149478,0.0,0.04568007817317637,0.15
-86.71356614791922,36.262555932910416,0,-1,2018,225,0.9695223654283547,0.0096664139499621,0.16296206471432317,0.0019326380888861933,0.014492021335388136,0.0,0.0,0.027108195934402213,0.6441273166075167
-81.22682715278643,32.3628663984635,0,-1,2017,134,0.1316285363786976,0.25613688963083814,0.36965972641172096,0.3733932339720359,0.03668527216066046,1.5803080968665655E-5,0.04145780261319748,0.03007642369956448,0.19209372712298545
-86.57415427352795,36.74502061471491,0,-1,2017,230,0.42479407751781334,0.15175097276264604,0.10079338134846529,0.00860523720606898,0.003220794967981509,0.24716127972920063,0.0,0.17399555403988737,0.9767292357659824
-92.5080315590168,30.008543598501717,0,-1,2018,273,0.030333695954663887,0.0,0.0014191810541100086,0.04224251856319174,4.142633070228697E-4,0.7386219894758145,0.0,0.0501321847804088,0.30886890422961005
-83.28616870488105,30.35705109187143,0,-1,2019,145,0.07776878115432301,0.1688975481389641,0.2580937280879708,0.005245227541087111,0.08284953580734111,0.293513318661304,0.10446864486099522,0.14583491437100002,1.158792474949678
-89.08550050562769,37.318380891522956,0,-1,2018,136,0.042958733847844495,0.028331796536523138,0.2007712567929499,0.1812574698453143,0.015780649602010637,0.7831249980266298,0.0,0.03455450765194166,0.8720665112249181
-85.45886103406163,30.687138789405203,0,-1,2019,159,0.04923921429745901,0.7450261184118996,0.38761322045644814,0.20116451713261682,0.056415429028555536,0.0971602568764407,0.12311350435241784,0.040536139454437965,0.3
-84.55368499768153,35.381505545161176,0,-1,2020,289,0.10981650912399536,0.3416064297629279,0.3089473500685013,0.013939853051389556,0.008055039611841857,0.07166142299382132,0.010471551495394414,0.4403326889301644,0.8527602242131137
-90.03186270303121,37.61902649198619,0,-1,2018,14,0.038204574445244326,0.6386668182220037,0.6625791197184699,9.016276272848183E-4,8.050995955558506E-4,0.015944129245321747,0.006440796764446805,0.2817343423914932,0.22847319317591727
-89.6449350445212,30.89016640933554,0,-1,2020,47,0.0432539080285324,0.6331512116153185,0.4543687296996932,0.2871162069099827,0.0016124340799008516,0.0,0.02693713404069658,0.12311092281815537,0.23430749027719963
-77.48886635477439,36.54793579332069,0,-1,2019,347,0.0,0.4806687037551454,0.321937100270852,0.34164852481345753,0.05083322282632721,0.17552301387336536,0.009592008133315656,0.002415367420008715,0.8720665112249181
-82.35259237486224,26.99189394253288,0,-1,2019,121,0.38455988455988455,0.10564289511657932,0.05808635625448025,0.25101197153722493,0.005648233700811324,0.0201722632171833,0.08949207032288282,0.0876441327983597,0.24186773244895649
-83.33471481538483,36.51779084901512,0,-1,2017,355,0.019328187571849058,0.9406889930393261,0.747023798998123,1.2883440232205055E-4,0.021262217169564036,0.0,0.002415802188432569,0.018827467512986897,1.6565325230734227
-85.33688155334843,31.697563614052555,0,-1,2018,280,0.017664538155149526,0.49584624138585076,0.3857885247103864,0.2292518985133052,0.04847183935661719,0.11141599858374854,0.03825775777041553,0.057124250777673836,0.4589117562233507
-77.30017608516486,35.60776982283064,0,-1,2019,39,0.19470300718643044,0.04137565202015739,0.0578627615155789,0.25057744014253724,0.013203321677769466,0.41505810409145055,0.017947673151456008,8.054657961318694E-4,0.03
-86.4915256483662,33.18973343728344,0,-1,2020,45,0.08821410060301127,0.2758428883860284,0.44207179726759593,0.028019753071438773,0.03159378426979075,0.0013494594261479098,0.03033281398634107,0.1489872733650841,0.03
-85.02267516313017,36.70274672323469,0,-1,2020,38,0.049853446533252514,0.8590054578532449,0.7621623997518364,0.0,8.052267107909857E-4,0.024482049759852985,0.004026133553954928,0.12107451978489403,1.1541230437002805
-90.98178632607323,33.061994307251695,0,-1,2018,94,0.05277598654680172,0.0,0.0,0.2855203441455216,0.0,0.3936566928337567,0.0,0.0,0.12727922061357855
-89.7793284321057,32.84113079580753,0,-1,2019,217,0.046768911759871544,0.8882679445196039,0.8079162493003166,0.04889114967595855,0.005625879043600562,0.0,0.08092100064792425,0.006855354857061583,0.3014962686336267
-92.45291742138889,30.565509985775936,0,-1,2020,109,0.06830082719890716,0.0,0.031826795537348455,0.10115582958393579,0.0,0.930140421105219,0.0,0.015417548053360652,0.8884255736976508
-81.93427635086009,27.505048227092317,0,-1,2017,67,0.0,0.1164568174628282,0.03962707974465756,0.44357323530796344,0.006454674893213102,0.0,0.097155513368138,0.29337130200917594,0.579396237474839
-83.95388500453406,36.55489072445094,0,-1,2019,136,0.08295536379830959,0.8404442142234465,0.871518538072707,3.864993015225038E-4,0.008857773525204388,0.0,0.03086799864843953,0.045567797493297445,1.348332303254654
-82.31772241654491,29.228647206426103,0,-1,2018,79,0.09908644599655834,0.3031809899787427,0.3424600208782533,0.018187761579055776,0.005645750505270946,0.0,0.034345772961757545,0.6483535599857033,0.7212489168102784
-81.31791800617674,29.708386147789508,0,-1,2019,145,0.00633872314582859,0.42273336875933115,0.3908984748150188,0.4346033426161297,0.047381088680217974,0.0,0.06608556491376774,0.0013188648274247974,0.24738633753705963
-93.13945911495391,30.06293337050498,0,-1,2017,262,0.04836118455174509,0.0,7.740948402784314E-4,0.005975202656005408,0.006450878457860585,0.5567202974993358,0.0,0.3945154884326896,0.5515432893255071
-90.25116226889986,29.895049414928398,0,-1,2017,106,0.0,0.0,0.002064281106515387,0.7314213435535486,0.0,0.0,0.0,0.04977152344058819,0.08485281374238571
-93.92219539141715,32.38219417052921,0,-1,2018,318,0.030588503072759916,0.6517159404162766,0.45604663734638834,0.19311635922852982,0.04542437174016118,0.0,0.029065908013276413,0.07676940097992724,0.37947331922020555
-93.52845222632637,34.049960095590144,0,-1,2019,329,0.03396965865992415,0.4557395701643488,0.6038012545818422,0.003222644550141569,0.10246729078265154,0.0,0.05157329676683486,0.2833166403897618,0.6606814663663572
-76.91080834500875,35.754471834734616,0,-1,2020,160,0.06239185622087224,0.38595804337118106,0.5219694791568238,0.14522690535466415,0.007247978777160182,0.3514622283981809,0.018576301162203136,0.0,0.18248287590894657
-83.38325414613097,36.02752136095659,0,-1,2018,44,0.2509792029919389,0.13545851969777373,0.2243333020056772,0.0,0.007642990240975266,0.0,0.007248207687205884,0.41923064775921404,0.09
-88.35934621972584,35.268216073801035,0,-1,2018,257,0.073781990521327,0.5542243285939968,0.4492685433989496,0.04333451422963195,0.013965183385822547,0.03582743948473181,0.01672284117723243,0.3212845062592199,0.5707889277132134
-94.01244656714555,35.61507401228311,0,-1,2019,327,0.024537241771432183,0.975462758228568,0.905790762815372,0.0010743380263612034,0.0,0.0,0.0024163439610352683,0.0,0.6264183905346331
-80.26465430234559,35.453489029190486,0,-1,2017,45,0.1083504907223787,0.39884298147001984,0.4565071940555554,0.007818658861483604,0.017599883762433155,0.09988850037745624,0.005767657528751426,0.3199596958871485,0.27
-92.75815454840857,37.33819066099036,0,-1,2018,132,0.04342279760025261,0.46226712977581297,0.4751726224724177,3.8643994849487973E-4,0.007132663113491123,0.0,0.00885662684078911,0.45435285053929125,0.8653323061113574
-86.43772774492088,37.012310088709434,0,-1,2017,264,0.5808509563152183,0.09872659743803541,0.19373386902443485,0.0020611275883443223,0.004025853875713208,0.15219622169666852,0.0,0.22139354537216258,0.17492855684535902
-85.69371331924451,32.15543430845215,0,-1,2020,62,0.13599807794441218,0.6749702840090034,0.6558484150138635,0.04039194922218529,0.049721678715138724,0.0,0.04454088841544945,0.044253242340237905,0.20124611797498107
-91.72748818851963,31.24203632359452,0,-1,2020,15,0.0,0.0,0.006635855470976794,0.9144040906692862,0.001612362712057311,0.0,0.0,0.0,0.19209372712298545
-82.65396837270276,30.363486710564306,0,-1,2018,46,0.03334851475127777,0.554729011689692,0.4268863987048795,0.28180102699010967,0.06263122612633124,0.005663276921909389,0.029246034757532065,0.07643052288077712,0.12
-92.7057915260407,31.553975644929082,0,-1,2020,292,0.10688538689196365,0.6427920977411274,0.2953274242290136,0.2379207707967176,0.005987815711851384,0.11687621914014452,0.026989431220736673,0.09277636741287787,0.21213203435596426
-84.36958508210265,37.2435330920137,0,-1,2020,47,0.0338167302493621,0.9558500290543447,0.8112508998143542,0.0,0.001610244946672476,0.0,0.009661469680034855,0.04761904761904761,1.04484448603608
-91.50591482282456,32.38383044228397,0,-1,2017,131,0.06702999342471297,0.0,0.01288963079796974,0.2790848559354045,0.0,0.7573705821550831,0.0,0.0,0.7427651041883969
-85.2614572424206,35.277409938548246,0,-1,2019,41,0.027662290068618665,0.8839927716628968,0.8342726554177116,3.8661122375339334E-4,0.0077581822604234785,0.0,0.02829714848895502,0.13380969077831378,0.37589892258425006
-91.28724562062546,31.377227803875122,0,-1,2019,293,0.017490167313748042,0.2958279058591426,0.5089082128340577,0.1717946720673001,0.018595799031323895,0.3281074142923985,0.020669726974973757,0.06408943181961883,0.34985711369071804
-83.0681389162216,32.98756141697308,0,-1,2017,146,0.051578321934692736,0.2607233606816428,0.3114484541216932,0.3691516036208948,0.17756167552636745,0.0048354371171945645,0.03127864127377425,0.07261372758474662,0.34985711369071804
-81.22800438151191,26.35028809442003,0,-1,2018,134,0.0,0.02327937786559262,0.016466524699027592,0.5750610855765134,0.005192594303651273,0.0,8.068930819202162E-4,0.24368803931309677,0.7648529270389177
-89.76203644812067,35.92378302758813,0,-1,2020,91,0.10060771456367106,0.0,3.865545708941085E-4,0.07998142516859341,0.0,0.7200723909871329,0.0,8.053971081506188E-4,0.3244996147917591
-88.1675259119922,33.88281714044274,0,-1,2019,73,0.0973047457712827,0.415122247225102,0.4791378304516498,0.2828945173361049,0.041866255482109684,0.020143198392335786,0.050094159578367305,0.13223733269296392,0.5692099788303083
-85.66182575211916,36.84937878121247,0,-1,2017,305,0.07381346404072824,0.28428858373653054,0.5709519520141538,0.0,0.07246903093590834,0.02523943199436668,8.05211454843426E-4,0.3271937275606515,0.3313608305156179
-88.05736457307204,33.56988060128398,0,-1,2018,62,0.1454775298653689,0.1189811010682005,0.5253598221629925,0.2481436973171263,0.011281260467556106,0.0,0.04497336105721527,0.08932419877770545,0.12369316876852982
-81.84764079254187,26.92438625032156,0,-1,2018,305,0.0,0.0,0.0018072984482545656,0.8591122266524376,0.0,0.0,0.0,0.0,0.9004998611882181
-85.10496669871584,30.263000643453125,0,-1,2020,139,0.07253178167098855,0.21692492568464986,0.1287321361356986,0.566464098236582,0.1665649477755186,0.0,0.05533613086636037,0.0,0.4589117562233507
-82.18593962005838,30.20515534741363,0,-1,2019,23,0.0722708639101169,0.5213573561415052,0.5099213044589082,0.2437856830272108,0.10194253044393921,0.0,0.029038347821412427,0.011981520188972196,0.8160882305241266
-81.40018679859956,29.244788424606348,0,-1,2018,356,0.00894495122660965,0.32319487847771367,0.37064534753978734,0.3595310372327372,0.033564730625088926,0.0,0.07051344897926909,0.07104792928414422,0.39458839313897714
-81.13271328906899,28.00898692986761,0,-1,2018,101,3.795306470997533E-5,0.4924536656334998,0.21356637035109927,0.3983947028636301,0.005647090087695991,8.067271553851415E-4,0.07409235285929419,0.20577869734128051,0.0670820393249937
-94.0927665377082,36.41131649584759,0,-1,2017,14,0.18269097156428038,0.6188021879460847,0.43141128472002965,2.57676615847112E-4,0.003221181478838101,0.0,0.0,0.32093388998717837,1.0816653826391966
-89.96561794258689,37.025614502268894,0,-1,2018,37,0.01884552229379816,0.162940507768094,0.1274133595217383,0.04422122331778399,8.05188572005962E-4,0.3275033470583778,8.05188572005962E-4,0.41050092201985516,0.12369316876852982
-86.20348736751691,34.281243046491106,0,-1,2017,263,0.7187855499658725,0.17086735596733832,0.21961660886430853,0.001160091048191546,8.056770214594447E-4,0.008107322498293863,0.0032227080858377786,0.15074059095619655,0.6356886030125127
-86.0310832698849,32.79902424757968,0,-1,2017,105,0.06517231788414375,0.7193102227616378,0.6830467911335663,0.0013470458283800907,0.07715209496809429,0.0,0.0019152910389031645,0.0016118785970967225,0.10816653826391967
-82.38052955720488,35.320683692159214,0,-1,2018,109,0.30306897292380003,0.22112019406926356,0.42864261344656285,0.0016752992165259789,0.009046886500112136,0.05446768991670166,0.009274322194249032,0.4082186415139633,0.12
-92.54743176407808,29.81137430285665,0,-1,2020,18,0.0,0.0,0.0,0.5289159814676233,0.0,0.0,0.0,0.0,0.0
-91.11477810634769,31.783529184149668,0,-1,2019,132,0.06880548319380862,0.7444042590859657,0.7844790177853441,0.09139884465564728,0.0024183987987038648,0.0,0.020153323322532207,0.09673595194815458,0.23430749027719963
-91.92664776843317,36.696741749167884,0,-1,2018,140,0.01891011065635895,0.31629275933505124,0.36694542722712514,6.441485795639699E-4,0.02076590047146426,0.0,8.052470529536779E-4,0.5163686199960212,0.49477267507411926
-87.45297820451943,33.02286096814833,0,-1,2018,82,0.01934358248204714,0.7574213613836354,0.6729234272816537,0.1791254119571998,0.043247411602594085,0.0,0.09310013526667761,0.0,0.7523961722390673
-87.8685242848716,31.92817880999209,0,-1,2020,76,0.041590794132524034,0.9159079413252401,0.8050432535357648,0.09729251325674722,0.0040304225779531164,0.0,0.04966428950762464,8.060845155906234E-4,0.2580697580112788
-79.79674083104305,34.11053592773545,0,-1,2020,208,0.024356042900996713,0.42216298841572,0.20049197756072737,0.3175226816720156,0.02310597083313584,0.2917602818726204,0.02105828632822993,0.008184418005719615,0.3
-81.52944015693996,35.254722338851245,0,-1,2020,42,0.24676604345629108,0.4782086912582111,0.3197054071523616,0.0037412867135553016,0.011975007581117964,0.011646492469422827,0.012230870312342062,0.23387433033458008,0.5161395160225576
-94.44056861416902,33.19733062702379,0,-1,2020,114,0.07771863502459127,0.365063912103473,0.5758809417272753,0.0851660005409901,0.07656039160291109,0.0,0.012665788151420629,0.22161969138201815,0.9143850392476903
-78.06642364912813,34.77243080816432,0,-1,2019,54,0.08656226319777723,0.29239706996716347,0.22012048393724407,0.2041065017758214,0.03990786846295784,0.37228913378661915,0.06698493541945763,8.05677021459445E-4,0.6788225099390857
-93.76959551314592,31.72397726673607,0,-1,2017,111,0.034826814370803136,0.4339314845024469,0.37103800070097276,0.07996295871089841,0.07910152853958866,0.0,0.023135165894756796,0.0022445979482477894,0.03
-86.42955884288307,33.78753131359868,0,-1,2020,351,0.11452697577994637,0.7439449866005967,0.6486799101150855,0.013020168496298177,0.035210844801162836,0.0,0.05770306352993221,0.09882925441992002,0.2765863337187866
-89.03999336319131,35.364181859608756,0,-1,2019,82,0.0,0.0,0.18147398147226323,0.49239398553540803,0.012887289910325945,0.06500816510892604,0.0012287146507639196,0.026122031264312628,0.0670820393249937
-83.39946432216969,37.41603466127535,0,-1,2017,134,0.0,1.0,0.9427914325807224,1.2880830596367297E-4,8.051148472649771E-4,0.0,0.005200094719393793,0.00451811508406346,1.406164997430956
-77.40900707925748,35.442980072742415,0,-1,2020,116,0.08373326597625665,0.03542561252841627,0.11826332327053435,0.17065944516818893,0.0016110282782846035,0.6160603724950092,0.007183290793763114,0.0,1.1482595525402783
-92.41060227563837,36.50671022238074,0,-1,2017,273,0.022546988682295873,0.5735524454324981,0.6605860990190253,0.0,0.0472433982403729,0.0,0.00885813717006992,0.23663700269691598,1.7649079296099273
-84.87086430702178,34.818067155870125,0,-1,2018,137,0.26318516739759623,0.38191170708896294,0.43877980116551163,0.026754711831511263,0.0065994818980223665,0.001797561129715044,0.018458962532381377,0.2513521197952866,0.08485281374238571
-90.27929640029063,34.562261423548584,0,-1,2018,358,0.0032611993123672764,0.0,1.2889229456590097E-4,0.1775630359139424,0.0,0.771546277106607,0.0,0.0,0.03
-94.06732506836515,36.964439512643764,0,-1,2019,47,0.020108373015371796,0.021017796920589617,0.20300576773172102,1.2882294725685434E-4,0.0,0.006441589935963017,0.0,0.8899656448536748,0.24186773244895649
-94.11486661353014,35.52740087494439,0,-1,2018,319,0.06748629046523971,0.31419473857117597,0.3759944453063295,0.0072708271955619075,0.020136644903296717,0.0,0.006443726369054949,0.46685429281682383,0.5707889277132134
-87.41016813348931,30.332303643671732,0,-1,2020,126,0.33907609795587934,0.07550344059906902,0.05159321190143253,0.28775404272713834,0.001622206200432589,0.0,0.0075829443833086724,0.0,0.4242640687119285
-84.50008941057513,36.401882516233506,0,-1,2018,122,0.03803001970991057,0.9287916308687523,0.7710606942490827,0.002319081340641217,0.01804504629688112,0.00805300456021121,0.00965413134924144,0.05858166062428155,0.15
-88.11369680864357,36.139337436261656,0,-1,2019,113,0.05392701910441726,0.5392322854543616,0.5838741086239569,0.006967297811180113,0.009664093785924541,0.11430791192410222,0.00322136459530818,0.22159830215136644,0.16155494421403513
-91.87860011171381,32.415974645770355,0,-1,2020,45,0.07775670207384926,0.0,0.004238700212845254,0.1831895233004617,0.0,0.8803992906837438,0.0,0.0,0.0
-83.38100175361758,33.610095203328065,0,-1,2019,100,0.06164677924967135,0.6141925371625039,0.6268574092124263,0.07463711259317375,0.024653595184301585,0.0,0.01774603826647497,0.22322215726857633,0.48373546489791297
-77.42473035527962,37.44770171439923,0,-1,2020,264,0.5470476094284593,0.12538033254636582,0.2456337800498072,0.07380116486414126,0.004662247474747475,0.12024621212121211,0.00942550505050505,0.004015151515151516,0.06
-92.28839841888343,32.115929321450245,0,-1,2018,316,0.02430511646728546,0.708730620400111,0.5928745794289493,0.1955439823887374,0.09765634878486706,0.0,0.044438965177148904,8.060845155906225E-4,0.5247856705360769
-93.67113675253331,29.99441215648359,0,-1,2019,132,0.0,0.006451368069522978,0.010290015729992576,0.7505048118396402,0.0,0.0,0.0,0.0,0.23430749027719963
-88.32543764884363,34.38708559687224,0,-1,2017,84,7.584376185058777E-4,0.8811149032992037,0.7336353715266914,0.04958053152723729,0.02094667601842549,0.0,0.03618119664600434,0.06709255081859486,0.2580697580112788
-83.3248346174591,34.56077738067096,0,-1,2020,56,0.6075071090047396,0.29258767772511857,0.4795004470764131,0.004945893392114571,0.012889651315976539,0.0,0.014500857730473606,0.05173868127493818,0.7742092740338364
-86.68874614957943,30.879281650929407,0,-1,2019,249,0.03812246240244875,0.8428555166264023,0.7103644301816961,0.10492410465650948,0.0040311234345804005,0.022637524542427977,0.0250593602686151,0.01586839883777179,0.48
-82.99588825277358,32.37298230121165,0,-1,2020,40,0.15467189278037674,0.31491971172082417,0.35194356903882457,0.18359126895831884,0.05263806706114402,0.2822030040964954,0.051737217417690815,0.014375663783947815,0.042426406871192854
-80.6475125675602,33.2296090275265,0,-1,2017,94,0.06266589145327234,0.24816097474658108,0.26993905975157684,0.2765998648019376,0.017821362880746358,0.48142330714434717,0.014879052392721023,0.023522682021882454,0.24186773244895649
-84.92757666062651,34.88646494333438,0,-1,2020,32,0.03786413902053714,0.6001895734597157,0.4475593749226079,0.012958847572313548,0.0048397542213587325,0.005819077856228972,0.009031891200303274,0.3618063782400608,0.30886890422961005
-92.73010856113765,30.168659118847128,0,-1,2020,47,0.025807104544074484,0.0,4.3459321518536496E-4,0.04583061185564219,0.0016126635193377324,0.8654279724392641,0.0,0.001451397167403959,0.12369316876852982
-84.71133751574085,35.67564753215559,0,-1,2018,305,0.1320511524464214,0.6471011928831382,0.37890874507806344,0.0011127416498896347,0.02329760991032821,0.0,0.00491473441166902,0.10259350155875413,0.15
-85.6238900902147,33.267279837318156,0,-1,2017,3,0.02598042934081772,0.5113024349541075,0.6196625231184908,0.005319907333908363,0.02164432393484898,0.0,0.006250908562291032,0.011860293141697799,0.0
-87.60806859282158,36.13165563380869,0,-1,2019,317,0.06675427401726035,0.32541918853691515,0.6023322698880604,2.576926302939413E-4,0.010440714364667062,0.0,0.0024222709974893036,0.38022706816782215,0.42
-85.24232576868722,32.79909287007888,0,-1,2018,327,0.08679216658027487,0.09674197504330129,0.40983374458962,0.11085969418712828,0.035999620757221434,0.0,0.046466721446179145,0.31691738828139826,0.7156116265125938
-94.05044798335823,30.191066424383088,0,-1,2017,161,0.26793078149113264,0.3185544058491664,0.24739485441692147,0.44827020964104974,0.010890221883527746,0.0,0.019936948018479225,0.06458559290681018,0.24186773244895649
-91.28260094875273,31.637868253890375,0,-1,2020,254,0.06742965539045209,0.8341953841289913,0.8085464941318092,6.448561970680538E-4,0.0,0.0,0.01844346512054325,0.09898583071466056,0.12727922061357855
-87.27972617851172,33.51343757542782,0,-1,2018,71,0.04019821004196795,0.7618445669211712,0.6393923246328042,0.001933806682022523,0.03321240772575588,0.0,0.05146185155222974,0.0,0.12727922061357855
-80.45338540435883,26.236093299497085,0,-1,2018,23,0.02264810569115988,0.0,0.0,0.9809901447256106,0.0,0.0,0.0,0.0,0.24186773244895649
-86.2080186761699,34.767083674642244,0,-1,2017,133,0.0032227895455234842,0.9047950053081242,0.784279148003595,0.017619355210446663,8.055624879560511E-4,0.003399157792316514,0.03482241295976295,0.11609577032307798,0.42107006542854597
-82.26185042355715,27.99718071221271,0,-1,2018,85,0.32704084214788187,0.04791487423452603,0.05874403578201801,0.16344905531646112,0.004353190546996108,0.02563510392609699,0.0058970546363377495,0.08865829352399632,0.12
-89.09048801655783,34.06734484956278,0,-1,2017,61,0.0,0.07664690340442207,0.16059589676447455,0.19418965268843572,8.056770214594442E-4,0.5281892171978869,0.004834062128756665,0.20644604807522177,0.5939696961966999
-84.27800115927504,30.76700974334563,0,-1,2020,60,0.03318872291716733,0.18623123332026362,0.28171428687054273,0.3361025929496939,0.012666552838433475,0.43635737006191,0.009675399821669105,0.019439332713601848,0.0670820393249937
-76.958265965825,34.75922068343202,0,-1,2019,25,0.009373657747795552,0.1442052603653453,0.17480381031332223,0.6558353952732505,0.007251643073811934,0.00246145096056623,0.009953235591506578,0.0,0.912414379544733
-87.9680649170416,36.34465299491731,0,-1,2020,142,0.012141810279476424,0.41168443927831405,0.569881406389261,0.03918661921305418,0.010415153448243203,0.0,0.007247658327385734,8.052953697095259E-4,0.03
-82.74471162705302,29.61013957557624,0,-1,2017,124,0.04779197772997595,0.3076047070732632,0.29822470895872827,0.30521840238985776,0.04565723393758461,0.0,0.07972384916066848,0.09951170763178208,0.5408326913195983
-89.3507609483987,31.530656054728233,0,-1,2017,76,0.1087308412160453,0.5609287267944763,0.4639585985537611,0.14925429751928174,0.0192809248774196,0.0,0.03976947613673365,0.2833685821138518,0.7224956747275378
-93.27938427859218,34.617049272011705,0,-1,2020,295,0.0,0.3593315467462204,0.40567042929553326,0.0051556709347534676,0.001611191144135264,0.0,0.0,0.0,0.0
-80.9367799845172,26.519959921170436,0,-1,2020,131,0.0,0.0,5.164117685179185E-4,0.09942040373274579,0.0,0.9768558951965065,0.0,0.0,1.2182364302548172
-86.36490208314976,32.09768668418961,0,-1,2020,45,0.0035403601051992722,0.21908506979567066,0.382246665402364,0.11914381440040453,0.006647490201036794,0.0,0.0329908964470856,0.6287552155771905,0.10816653826391967
-82.2737022572723,28.867095457454376,0,-1,2020,178,0.15891291420473952,0.0,0.02322659198584657,0.7525821662768328,0.002976482310332284,0.0,0.0,0.025633807271979628,0.12369316876852982
-86.7556016030798,34.63207868525883,0,-1,2018,105,0.3448519932253091,0.036300209813190445,0.09669635487560715,0.15535487105821658,0.0072505433958449175,0.22353472678562408,8.056159328716575E-4,0.09081976949906487,0.4242640687119285
-87.53552846334578,33.86511481237284,0,-1,2017,57,0.0,0.6655457935655142,0.7571921824762907,0.03405000707742704,0.012891972851021874,0.0,0.09598832138929964,0.028962701753055514,0.5307541803886239
-88.39167585317927,35.05515122249724,0,-1,2020,152,0.059301576067036565,0.5217578139811175,0.5567377947546718,0.0636483599568794,0.006443990978412631,0.1251524130219159,0.02270559174158333,0.14612381307372052,0.3313608305156179
-85.860406987914,36.81245295858223,0,-1,2017,106,0.031936531197493616,0.22809100900741583,0.3019257787812205,0.0,0.015299259193765359,0.1950095048029254,0.014936118882664632,0.5325594760674747,2.155411793602327
-87.66254671264453,32.16531799234042,0,-1,2019,115,0.0,0.878646485338189,0.7217173231759028,0.08313631566251287,0.03797524370661645,0.0,0.02096951612699297,0.0100580344160524,0.49477267507411926
-93.38472567274654,36.70157244139676,0,-1,2018,137,0.08862502368470916,0.7189919787785009,0.7652630499373777,0.0,0.017902086418856402,0.0,0.012378934337963856,0.09771463398459582,0.442944691807002
-91.11677795646565,29.648320861685963,0,-1,2018,11,0.5540108034257231,0.006451694518589733,5.854146248413134E-4,0.6389165629836819,0.0,4.807038516396115E-4,0.0,0.01575253871721648,0.1341640786499874
-92.2449004580236,37.34124630435362,0,-1,2017,90,0.0,0.9799694363404441,0.5698769820001627,3.8643604432951845E-4,0.005790786523949356,0.0,0.01262669318935304,0.1649805816046226,1.8718172987767796
-82.95157509834402,34.21240908792247,0,-1,2019,77,0.042652950320371044,0.641411907439938,0.4749746243185967,0.028556740428009875,0.02048282987213634,0.05888300174718572,0.004862420973811172,0.2908922021174754,0.19209372712298545
-90.4810304092158,30.493382551703444,0,-1,2020,92,0.9299419450311772,0.03436500006324069,0.14784384589778796,0.17527472360695573,0.005656630810773209,0.0,0.017184901317245607,0.015679839122763745,0.45
-89.1129288440051,35.78941871592762,0,-1,2019,299,0.6328965159920639,0.01611211504681991,0.007971884150978678,0.03350050910707926,8.05381845745689E-4,0.5418735392584172,8.05381845745689E-4,0.09470027161897544,0.15297058540778355
-86.77558015847958,36.76964314946788,0,-1,2020,321,0.0032216901871107155,0.07100352490808715,0.054804479377906806,0.007864070704896777,0.002415626736725105,0.8140283180922551,0.0,0.06965846511392917,0.30886890422961005
-91.43553498825298,33.79822870408784,0,-1,2018,151,0.0488501750970303,0.01289523255666949,0.0041666434961788925,0.06435042674983105,0.0,0.8058827618457803,8.057279356934315E-4,0.0,0.12369316876852982
-76.90849604611707,37.284633516225696,0,-1,2019,186,0.015302837085390337,0.5822906276435905,0.4207981111087541,0.23711616741783847,0.032372828921200344,0.00881690016352146,0.05173970414612127,0.0,0.30886890422961005
-91.98586221206503,31.134695282139106,0,-1,2020,74,0.0,0.0,0.0046435188768147295,0.7666955495564132,0.00886833136259303,0.03697509279341372,0.0016124238841078236,0.003224847768215647,0.17492855684535902
-84.89773572776848,30.63192531404898,0,-1,2017,134,0.09616138620122686,0.18250806298615066,0.46834768752134187,0.2941568969660178,0.008714459172316103,0.0,0.051448826267327774,0.0024189264393402825,0.18248287590894657
-82.46535604860776,35.15899787229241,0,-1,2018,63,0.08325120663078361,0.9167487933692163,0.8465265121995839,3.8662255631801866E-4,0.0,0.0,0.0,0.002410277955907391,0.785175139698144
-92.2656090304266,36.01977908056872,0,-1,2017,283,0.026908888776593053,0.9634266511698419,0.941084389217551,0.0,8.053945643762932E-4,0.0,0.0032215782575051727,0.017646036984981763,1.6930741271426955
-90.11235338253964,31.402373765435858,0,-1,2020,61,0.02892373845959276,0.5692550904262046,0.6477838990509215,0.012277727310432172,0.011710142361692908,0.0,0.22076021080785432,0.16492205357453352,1.0465658125507447
-80.52166603794923,35.24325070209584,0,-1,2020,95,0.25908849758734803,0.5212338630220044,0.48639748523663057,0.008060281546357103,0.03351560007454931,0.07873165091970472,0.011574096010664342,0.16890788422113343,0.16155494421403513
-86.72265552934876,33.71259588226181,0,-1,2020,75,0.11486973339906709,0.7474559773471375,0.769135570916308,0.002320458914985765,0.012055197954882274,0.0,0.014396718710994402,0.06812213827296253,0.2954657340538831
-90.80733658658136,34.89138347496993,0,-1,2019,104,0.02134812998470619,0.03808283933920649,0.011973366461837368,0.2378671739721555,0.0,0.6369374235919597,0.0,0.0,0.42107006542854597
-93.61458564411502,34.445475754377235,0,-1,2020,71,0.05729166666666667,0.5011503843042072,0.7742261272012896,0.0,0.007250566302400741,0.0,0.06570371563879224,0.34049543956755646,0.24738633753705963
-87.22991918065384,36.382349557981286,0,-1,2019,83,0.03408889899679077,0.7063401814368389,0.5537404166696136,0.02955965436854352,0.005295767175717157,0.014112572157590923,0.005636818371291071,0.31875655260398905,0.3014962686336267
-80.66868770469178,26.609438068225238,0,-1,2019,173,0.012919732992184825,0.0,0.0,4.789495108234488E-4,0.0,0.9919309159834315,0.0,0.0,1.1482595525402783
-89.90229297871238,33.341555639244014,0,-1,2018,261,0.03745985992060482,0.7705630989405543,0.7341243719367859,0.02686932543811487,0.11438250323118872,0.0,0.10626108005447985,0.02860510606831474,0.33541019662496846
-82.04572922697494,30.28743675115354,0,-1,2017,195,0.08806113669720125,0.5207626904195556,0.472281301033469,0.19047435957107098,0.06801673460223698,0.0,0.07957790349459729,0.004838235340621254,0.21
-94.42688744317924,37.12139778259777,0,-1,2020,50,0.10916876128885583,0.09841987596468407,0.2137052734740066,0.0056750844897526225,0.044885032428370254,1.2630329209530846E-5,0.0033249341644089954,0.46629280892206443,0.09486832980505139
-87.20364096341443,37.57253320279415,0,-1,2017,206,0.050131359571565726,0.12378113474460675,0.1784164478246879,0.009933127548631408,0.0,0.5931920858471537,0.005635376907267271,0.13062708958828606,0.10816653826391967
-82.60916419564148,36.24910411544204,0,-1,2020,109,0.10323656484499355,0.15954167614138812,0.10110522975682311,0.001674973321691889,0.0,0.03955014590886694,0.0,0.7230068596116676,0.9019977827023745
-79.91339717462594,36.25745030346429,0,-1,2018,3,0.060326320309145545,0.44765488849038965,0.49713943865999527,0.03747251986578123,0.021647358965372426,0.007246308171751709,0.022060982656221872,0.24823420573200325,0.15
-92.4927550565382,36.43767563592869,0,-1,2018,64,0.007150075795856493,0.9303562405255179,0.7175284567304607,0.0,0.013099595453669816,0.0,0.0016295543042655796,0.09281827627261559,0.4295346318982906
-91.92669678613252,35.445444537732364,0,-1,2018,322,0.03330764079301499,0.84637545646378,0.6077275306862014,0.014471243230186065,0.011649246494644444,8.054657961318691E-4,0.014441527921234924,0.21012549472972678,0.41785164831552357
-94.20499884577538,31.686884439227875,0,-1,2017,40,0.0671017022029997,0.36422844424210227,0.5525231865718675,0.05171801648980238,0.07178648996405455,0.0,0.07889021317492478,0.21199255168140407,0.4368065933568311
-79.44921011247251,36.8097887895867,0,-1,2019,74,0.07438225230116542,0.26005378855793637,0.47457359101010965,0.001873820021329922,0.10593829027501958,0.04892956705952179,0.026223318105328946,0.3749940803369312,0.16970562748477142
-89.46968190985167,33.7215802892424,0,-1,2018,312,0.03696446405319645,0.4622833520852556,0.3590850861396945,0.036494232245031274,0.06482976538431154,0.3482739552887271,0.02094320246464965,0.19227111146220074,0.442944691807002
-88.94370049579025,30.973913391528153,0,-1,2020,295,0.05915977438854745,0.7674583301717383,0.6547172283251713,0.23461174062793844,0.009222461451881641,0.0,0.020303958671232053,0.028217507184793843,1.4800675660252811
-82.35449793484035,28.24701504258929,0,-1,2020,63,0.6775099639400265,0.08019231985829063,0.07802589678132486,0.3244163000722731,0.015349621479346655,0.0016134185808876328,0.0,0.05256264651264319,0.1341640786499874
-91.85630952420041,37.560814181623535,0,-1,2017,62,0.043533720636524366,0.5057969184137407,0.44081092480483325,0.0,0.001610194107321016,0.0,0.013686649912228635,0.3927105565588573,0.49203658400570177
-84.02462006791006,34.83329082245323,0,-1,2017,255,0.13851675850563674,0.8072898235680704,0.6890435378571274,3.866504997899956E-4,0.010583046906591186,0.0,0.007092220986655886,0.12914476344520825,0.5108815909777921
-84.0600791627662,34.89098778032985,0,-1,2019,263,0.02857503949447078,0.5782748815165877,0.635357532751092,6.44408054342552E-4,0.06528297714385002,0.0,0.05707561326193749,0.11351308660695954,0.0
-83.43644374945482,32.45016562929678,0,-1,2018,32,0.025792421579659382,0.8090855069348741,0.42017654489424594,0.25237697432230555,0.05367116455048032,0.029904763710959615,0.03689339414800979,0.003066020589750642,0.6997142273814361
-80.05638361609392,34.89056395272836,0,-1,2017,37,0.02598403314637967,0.8566141175281696,0.5758437713378287,0.04814243700175932,0.05462835404001469,0.06558625396544537,0.017694417411306743,0.07759633978336983,0.41677331968349407
-92.22176003431473,34.42652642346383,0,-1,2020,56,0.039426613912449913,0.6146835379033991,0.681253680493951,0.06282454690434129,0.13250473118347503,0.0,0.04053810695792009,0.005968083862794096,0.2954657340538831
-93.40252430806734,32.58676867226089,0,-1,2017,315,0.13166845798824048,0.6237718910033505,0.539508555749791,0.21780487965213682,0.019877178066518522,0.0,0.049871520545650465,0.02078743840729724,0.2765863337187866
-86.0732946835121,32.89284137891127,0,-1,2019,123,0.019355001833099458,0.8032515391714393,0.7537789975967116,0.02624807415860892,0.1165507280272311,0.0,0.041020470728785764,0.019073776165207033,0.1341640786499874
-85.4578842852527,30.12538724310069,0,-1,2019,48,0.06222722615086843,0.003200546496476868,0.08796798478164082,0.4731973732140688,0.13530153971672254,0.0,0.1400418054119351,0.0,0.5507267925205745
-85.12016987899757,30.463910011932644,0,-1,2018,112,0.06258537819377685,0.402137616999747,0.3564381479858877,0.22053905950416403,0.07717483074724185,0.1190034245817299,0.20926312993489193,0.0,0.442944691807002
-83.47795125586998,33.006384384154096,0,-1,2019,323,0.021264491333645177,0.84564912325061,0.6366735415483705,0.03807545111038862,0.03338979943997425,0.0,0.03434740561416375,0.14368201154184093,0.24186773244895649
-82.94656672838751,33.588485779293705,0,-1,2020,70,0.02788487062481829,0.7579856151483357,0.7354801950264614,0.055508425733624224,0.042749437548977504,0.0,0.06962385297909456,0.10090624131044773,0.5824946351684279
-85.62816326397277,33.64600459460401,0,-1,2018,298,0.07809478061914576,0.8337230909251794,0.7679947988287255,0.00184275556921683,0.05551043881907207,0.0,0.004528175489709698,0.015275087450981635,0.3818376618407357
-81.4837108248805,30.250481664680485,0,-1,2017,121,0.3046586365706767,0.16772103851409484,0.157358885757795,0.29966153830587045,0.06291525809644581,0.0024192094719166146,0.046837792795499315,0.007257628415749844,0.12727922061357855
-91.53707422860259,36.021517849013144,0,-1,2018,350,0.022552686107039973,0.7873730226916663,0.690507338098234,0.0,0.024160387071508433,0.0,0.04630898766399061,0.06720377470518013,0.937709976485267
-87.09856810675139,35.296170268733604,0,-1,2018,103,0.013699842022116908,0.5301737756714062,0.47031557093915216,0.004397262690077629,0.0036230281819158152,0.03957850315554067,0.014479477930167477,0.39056686018964837,1.3014607178090318
-92.78731735815704,35.606051969232595,0,-1,2020,75,0.009665803272474571,0.8447912060142776,0.8812573494372866,0.0,0.00966528425727344,0.0,0.04565425446229748,0.06281487190339768,1.1462983904725679
-94.40953980030329,36.33558085587545,0,-1,2020,195,0.07836994555537312,0.6017836615590618,0.4860352808859329,0.0,0.02259326749683397,0.0,0.02697359486866913,0.1930723243526621,0.69
-86.82319632025315,33.135876434338655,0,-1,2017,37,0.1613339569927816,0.4304640784799566,0.4164367395910911,0.026872268746956834,0.025491596558982112,7.837733630830107E-4,0.013475845242685313,0.40291007464809214,0.24738633753705963
-92.40585451423857,37.078214163124684,0,-1,2018,38,0.012883342595867228,0.8120673975647958,0.5710968134345177,0.0,0.0022071779067491023,0.0,0.004104908839447544,0.19328436913866387,1.4223923509355636
-76.63920943468634,36.89504282212523,0,-1,2020,316,0.050243705331211974,0.23346465641336467,0.3574227373904855,0.17352474313156696,0.025761072367777197,0.2277266169334853,0.021448618341504692,0.016100670229860746,0.45694638635183454
-90.1419017136604,34.19700697316704,0,-1,2020,290,0.0,0.0,0.001583211087734766,0.10036405767094088,0.0,0.9242420412754179,0.0,0.0,0.8823264701911645
-79.20352200531964,33.52518387272356,0,-1,2017,195,0.06605346944963868,0.4504472633547281,0.4085304601876299,0.3895500649379864,0.08531590524106902,0.01016989861704549,0.003902990923570908,0.07728554091977857,0.7130918594402827
-86.02005202069209,31.516849456119825,0,-1,2017,81,0.02347198158663514,0.3721750787247227,0.5413046952763994,0.1538705481059471,0.040484319676277206,0.05280728376327774,0.022828148710166935,0.10698343449671223,0.27
-86.42102045701823,35.2788298970146,0,-1,2017,133,0.048000606642738,0.6432308781153637,0.5033769237144741,0.0016753220762471153,0.01288777840602188,0.0,0.005063507055111047,0.29180710028144635,0.9415412895885129
-86.87280666724175,36.624631489872435,0,-1,2018,56,0.03988830768453242,0.04362823136987344,0.14122252911727892,0.001384816929829037,0.003220927184941219,0.5916337995257028,0.002415695388705914,0.23072575068128928,0.2830194339616981
-92.85077722672209,32.447187181513975,0,-1,2019,265,0.030577017918790063,0.6094664828842041,0.7577766394116185,0.10893540457538914,0.011746186282629165,0.0,0.05107188691292774,0.030629856049159476,0.6708203932499369
-88.73489577249978,36.69814295731831,0,-1,2018,253,0.05588610553176439,0.15630171422796577,0.2571217680111796,0.03285718471784229,0.0040261716949077635,0.44178945174593776,0.004831406033889317,0.22659925855285187,0.16155494421403513
-80.73473484486182,34.57404048367035,0,-1,2018,72,0.01225381826450561,0.6128298740509607,0.680127494905056,0.006837232717626883,0.12032467409368658,0.0,0.14065313963260895,0.0443915046350418,0.8335466393669881
-82.21478062590306,27.53314902633952,0,-1,2017,75,0.0,0.0,0.11041312859554503,0.34000156919518,0.0016135921408571027,0.33063135747393746,0.08495404426304719,0.21365858288643166,0.21213203435596426
-89.28450357181296,31.562711147260792,0,-1,2019,5,0.06448227022105314,0.6966083261672315,0.4866656551096272,0.14371342589080235,0.03568436659300917,0.0,0.09006761947213182,0.22574597966041682,0.48373546489791297
-83.68370150706058,33.63401104686071,0,-1,2017,36,0.2088584394079205,0.4310778526374334,0.502497187851518,0.021186284298732316,0.013382291136720566,0.010481478087485742,0.011811807383485591,0.33075272622707885,0.2580697580112788
-93.91292131404234,32.32819244107746,0,-1,2019,92,0.09243219320983749,0.5029525194411074,0.4913626484102319,0.15451048770694503,0.01969362659872417,0.0,0.04147041530476121,0.22925214796457022,0.09
-79.07550521543155,34.86968290977518,0,-1,2017,66,0.03917903378591728,0.19112093463845908,0.10282188161157382,0.35039963852096867,0.013462917734337243,0.3586804381688412,0.03568099741231413,8.056897494146906E-4,0.563648826841678
-93.67670685306234,33.47105829715481,0,-1,2020,71,0.01233974764204617,0.5268161933901432,0.3527658632174773,0.12266149369151834,0.02652135169467423,0.1253831423678039,0.03504370192945755,0.09579349179364342,0.6926037828369117
-87.35117295599628,33.950279945246095,0,-1,2017,254,0.04884276522860286,0.5717409715463084,0.5224822221424622,0.09830989660609361,0.017091127401415565,0.03723458038422648,0.020339357937310412,0.23542403943377138,0.08485281374238571
-94.47915506027036,35.11264732443426,0,-1,2020,133,0.02962214078099331,0.25190193352710744,0.22312023862348787,0.0027129169821123364,0.05543235849712225,0.0,0.027387653759405627,0.6446396643985768,0.15
-85.77225132548287,36.95758260867335,0,-1,2018,255,0.01932843174410674,0.27620707951186263,0.33614637019733506,0.0,0.006574127870260439,0.056906307626240944,0.0032207542880238467,0.5892464698006922,0.41785164831552357
-84.35537003315675,31.11048473225874,0,-1,2020,39,0.07264541097016533,0.1604421454678826,0.15889364651014573,0.10352134227305261,0.028809004394701073,0.7618862436371684,0.02130955768440356,0.011334534762401597,0.7666159403508382
-91.37193468415747,33.76881259491409,0,-1,2018,49,0.0,0.0,0.0020626040780918086,0.15519073526779992,0.0,0.42824733082029653,0.0,0.0,0.36
-81.35862558143872,34.62741210621779,0,-1,2017,113,0.0,0.6727941176470585,0.762901407012672,0.06451221589458801,0.005275994540767326,0.0,0.06576669362584037,0.006324874892584543,0.5515432893255071
-81.4529323141023,33.30831125421369,0,-1,2020,80,0.06680486910796221,0.2721113372350241,0.4495155178384985,0.20790035821091699,0.10582702846199066,0.07742192388645545,0.1647799457686255,0.01596602006181619,0.08485281374238571
-81.6963181389074,36.21476885304236,0,-1,2017,110,0.4552286879965643,0.455569730576362,0.6445885129532816,0.0,0.003770867678547741,0.0,0.009581920047499033,0.036135902829098204,1.0465658125507447
-76.64912946007856,37.60739688693245,0,-1,2018,138,0.031589712510889746,0.5464565736146358,0.6110614404361051,0.14839223601888363,0.02640168182879941,0.06714057538242031,0.012702100392047925,0.003405955845680842,0.5692099788303083
-81.00717573169757,25.709661398328965,0,-1,2017,293,0.0,0.0,0.014876202127573387,0.9837034238861836,0.0,0.0,0.0,0.0,0.5692099788303083
-79.6823560460799,32.92205282409286,0,-1,2018,127,0.013900999608244558,0.27838647306365405,0.16548634758361955,0.5878590695475661,0.0035934843207777374,0.0,0.0024177796881222242,0.09350328375568107,0.16970562748477142
-82.41899290390118,37.17439016313323,0,-1,2020,92,0.09004458027606935,0.7271889168129521,0.7681268725742726,0.0,0.01955763249711875,0.0,0.01595175320882208,0.11787309957215696,0.39115214431215894
-83.48661020219281,35.81327221808197,0,-1,2020,73,0.04983258576031335,0.8732705793164446,0.5672948360214214,1.2885438847728465E-4,0.004364991630081171,0.0,0.0032216291336344383,0.1613530842361264,1.0837435120913064
-82.69917578848982,37.34087334751451,0,-1,2020,34,0.0943972921087198,0.9045923006971808,0.9208168510510186,0.0,0.006005399175915252,0.0,0.0,0.004025701340321738,2.5408069584287585
-82.34145872649725,31.787541579545437,0,-1,2018,46,0.6845420281789896,0.12283408797713301,0.2093911857809659,0.275983607427941,0.03309834666329468,0.09194195934625238,0.05546106913666112,0.008867322100338259,0.785175139698144
-87.39529690224633,31.964977279284184,0,-1,2018,20,0.0,0.7155086299551119,0.3833186753943356,0.40190450373815356,0.014904095386210478,0.032090429768994434,0.028246658827396992,0.07504520224051385,0.1341640786499874
-83.21175969268026,36.83794848998791,0,-1,2019,320,0.10076677235577226,0.8960120258201432,0.8519013612040675,2.576507105097239E-4,0.032211819315723804,0.0,0.017427412097194363,0.004038713548162998,1.248879497789919
-90.37935647901703,35.75775273429279,0,-1,2018,45,0.04510822182631438,0.0,0.0,0.28337025530736554,0.0,0.8445340063107425,0.0,0.0,0.35114099732158877
-79.88629928726964,35.48359619667713,0,-1,2017,74,0.04765272743347184,0.7010242873561768,0.7281675607498168,0.0021410495336888105,0.06282573675732021,0.0034682080924855504,0.08257999305094921,0.13321646293313122,0.12
-91.1209778158293,29.928363198092608,0,-1,2019,77,0.0,0.0,0.003878626219533483,0.7630132058469811,0.0,0.0,0.0,0.0,0.09
-92.74551163884615,32.928596003525264,0,-1,2020,315,0.019346028374174946,0.35369091874668074,0.46443003515130443,0.34154760797194383,0.01965419488592729,0.0,0.007569029868434772,0.0,0.03
-80.61512834412008,25.8359647316505,0,-1,2017,322,0.0,0.0,0.0,1.0,0.0,0.0,0.0,0.0,2.474772716836841
-82.25931779118264,37.78745129770871,0,-1,2020,102,0.0508624390736672,0.8942596661363234,0.8937502146633773,0.0,0.01771140823059558,0.0,0.020088714896841296,0.005635448073371321,1.317269904006009
-79.19987982888748,35.93147243673865,0,-1,2020,9,0.12970679596939158,0.6382554233906608,0.6549130669846552,0.0038653738296507015,0.0037739185907335313,0.052534841637533296,0.008858444892893351,0.17559301051328458,0.22847319317591727
-83.3334128646666,33.90285942425832,0,-1,2019,73,0.5471493029663427,0.36349388910655833,0.47655320306267784,0.023308282839720983,0.0077380256501805795,0.0,0.008414194490171858,0.0702646853445144,0.20124611797498107
-91.02337263338573,36.16210042946894,0,-1,2017,255,0.01288708638138195,0.0,0.07452436363709866,0.10721839507906991,0.0,0.7387014660459709,0.0,0.021649601748390885,0.0670820393249937
-87.53438897131775,33.27177805519908,0,-1,2017,17,0.37533027395355306,0.3830925019911253,0.46752152827494686,0.03227977252227654,0.014970277504764127,0.0,0.014426708213900836,0.11865295945036292,0.03
-88.28894380242275,33.98077681446629,0,-1,2019,160,0.05237144157354503,0.7789983313950549,0.5907587222116626,0.20619178957500073,0.04057000221176025,0.0,0.07603715757211917,0.016780940946001452,1.0606601717798212
-84.09274833764205,35.03846451805694,0,-1,2019,325,0.21300391760394305,0.671464678377354,0.751303048727174,0.0020620338628413912,0.011735902700995109,0.0,0.016916758805875853,0.022239772547780767,0.12369316876852982
-76.38638744404567,35.494326891586496,0,-1,2020,248,0.0,0.17251702055097332,0.18095528787043452,0.6699456606054303,0.004567421586278782,0.0,0.0027448750750181617,8.05458163555387E-4,1.2237646832622684
-80.90594362405808,37.54490178292852,0,-1,2020,134,0.0354202444691383,0.7610996060208104,0.8115107136020139,0.0017234299083783843,0.0016100975213969326,0.0,0.016123074591713988,0.04582463828054211,0.09486832980505139
-82.45680858671784,29.90236408551354,0,-1,2018,287,0.04839811721834194,0.0977199109221581,0.24331969630889647,0.2333949917074884,0.00725746776039921,0.19033855533700586,0.016684270110617096,0.4623560365055374,0.24738633753705963
-92.07270977834605,37.362585983571265,0,-1,2017,75,0.05058287128837919,0.6687042954393321,0.4740596644135626,0.0,0.01082697365720583,0.0,0.035126883037741294,0.4264735135408216,0.5307541803886239
-80.61094904007255,33.41523290146965,0,-1,2018,55,0.018943750078984946,0.09972323674000681,0.1816891204231522,0.34867742175227756,0.010296278739037691,0.1672781859840405,0.061546970056095475,0.005132337836770169,0.2954657340538831
-84.83212245484059,29.88163055755476,0,-1,2019,22,0.025808410505541217,0.0,6.668531966705912E-4,0.9566307621707033,0.0,0.0,0.0,0.0,1.9258504614844842
-91.1371491318945,36.48862000028214,0,-1,2019,79,0.02938501187528424,0.25305725403001655,0.5741969122912673,7.714977312308048E-4,0.025510494103974688,0.0,0.003221181478838101,0.5236977900168638,0.7080254232723567
-90.38851236485621,37.600243246279554,0,-1,2017,105,0.0,0.7950217215599108,0.6332090251480358,3.8641105953912544E-4,0.0,0.0,0.007081830983247353,0.24418898353782145,0.5515432893255071
-78.18510748820376,34.40852214131295,0,-1,2018,320,0.0,0.3081741942002627,0.21127004040683836,0.5689726634647171,0.04495486186815309,0.07195558546858664,0.05817557895934255,0.0,1.295569372901351
-92.06039699631127,33.498698949639056,0,-1,2019,277,0.04053302316172752,0.7630347931627389,0.5826615604342824,0.24767603230576726,0.044043620184605246,0.0,0.04040649815615922,0.03816924151311858,0.31320919526731655
-92.42101433356436,36.5248879240915,0,-1,2018,26,0.04044512372266922,0.7513168032942188,0.666052806150933,0.0,0.02527955939985916,0.0,0.0044148437277955165,0.17962540145708797,2.0527542473467206
-81.14517080629537,37.104830173723556,0,-1,2017,98,0.0,0.8801808400474832,0.6758411933283456,0.0037518836456366853,0.009661530689568069,0.0,0.0016102551149280117,0.18127999494821917,0.21
-79.27868337485192,34.86282029576806,0,-1,2018,297,0.0418334996400197,0.05947884957875989,0.05426771113895427,0.32743842312246946,0.013542677127536889,0.6753612381154005,0.013406807991632996,0.0,0.6489992295835182
-85.65060108117682,37.42296310147431,0,-1,2020,337,0.08387756906635684,0.9128507004534948,0.7330080609231622,0.0019912369410317043,0.004025523396973439,0.0,0.0016133666320419036,0.06499562717654525,0.7451845409024532
-80.03922280135764,35.13296722557046,0,-1,2019,77,0.04515770459913852,0.803099776421994,0.5848066939127825,0.044346110909244355,0.0636958170099836,0.06134209528623786,0.05559522305067611,0.008644003538480983,0.03
-90.45799129494957,30.987901135269837,0,-1,2018,49,0.012899962058935115,0.15746806627039323,0.349673303451698,0.24516328757339093,0.02096210696049449,0.0,0.02054160013911504,0.0964952495376006,0.12369316876852982
-81.0858960358778,29.256415655754548,0,-1,2020,317,0.6431978340355006,0.15868979390442944,0.1273451071734536,0.16202600054954264,0.002419553790001706,0.0,0.009592819143889117,0.003112210365178665,0.24738633753705963
-82.49804004759666,28.950414277672667,0,-1,2019,5,0.8792104264203465,0.11433632797671771,0.22894048348000354,0.0015485124665374562,0.004032934046503683,0.0,0.0033686860859030755,0.011779330501317424,1.3842326394071192
-82.41373984644022,32.74804014629608,0,-1,2017,351,0.05171999646013224,0.5314858594925348,0.49009252905849277,0.10991738169917911,0.2064689038766649,0.04892448310082617,0.02467083430781971,0.05509061142961892,0.16970562748477142
-86.01610913476688,34.45411145923098,0,-1,2020,63,0.07090853935992723,0.1856514485059913,0.2886414458786229,0.0014178353066770177,0.009203413445893219,0.07384846751950158,0.011617216354462535,0.6836401664386613,0.12369316876852982
-89.970857294887,32.44718538635681,0,-1,2017,262,0.051958726385270985,0.2831112010318403,0.2917064892324836,0.1450431398487602,0.018120900829711573,0.11295140260766498,0.03546424338206242,0.13941999209798497,0.16155494421403513
-82.49133363745669,37.21859716394356,0,-1,2017,251,0.014472986284761688,0.9855270137152383,0.8483240401256423,0.0,0.00587923260542834,0.0,8.051580635790691E-4,0.025957664473268728,1.29
-84.46817025971907,31.285292653096526,0,-1,2018,121,0.06421751501738858,0.7211887448624728,0.4723891811618723,0.08684326462937139,0.038175661790509685,0.20969582770841705,0.015207033806405928,0.008868135099161878,0.5408326913195983
-79.84510054743275,33.826815416614494,0,-1,2019,260,0.04285587941730154,0.16383024422292133,0.1686171339480393,0.3739912531033988,0.011281260467556108,0.23578150378886042,0.02212643859771089,0.005640630233778054,0.5909314681077662
-85.1546387790818,32.49294201394179,0,-1,2020,5,0.42107592136038946,0.37996080662494464,0.3887076033239227,0.12921337235144822,0.011963007914232984,0.009522996788793653,0.03363232951528486,0.14659662696907644,0.0670820393249937
-92.66833711098846,31.43600863731682,0,-1,2020,339,0.02789862403885067,0.03223644273573452,0.05971123099598298,0.15798029621431997,0.0,0.3331499660138156,0.0032247356191018144,0.43861462828598946,0.0670820393249937
-78.78036421825126,36.769424188969005,0,-1,2020,81,0.07383931615298173,0.5923307112463541,0.617707103483919,0.055184653601150636,0.0589414658327045,0.0,0.07426409994916663,0.18265602849195353,0.4036087214122113
-87.85966283582644,30.75502351594936,0,-1,2020,281,0.0,0.5499652184911151,0.6042704003456062,0.21768125223528528,0.012381551614565714,0.0,0.04722126490386592,6.513277917774609E-4,0.7111961754677818
-89.62122384663934,37.32988689275209,0,-1,2019,354,0.09562482633187662,0.3492055472756208,0.20337960778687836,0.004766022878930393,0.002948986325417801,0.3038339979603373,8.051300995519692E-4,0.34899390311285416,0.20124611797498107
-87.96243091762403,34.811224269121006,0,-1,2019,278,0.03961322126019086,0.11394805030651584,0.39868082880342065,0.015221011718384742,0.015975107011419822,0.6239895120911059,0.017229233466538207,0.0757814597779217,0.5028916384272063
-82.50118422427562,27.46047496699242,0,-1,2017,33,0.7010137059113861,0.005644355012212562,0.004775938382042676,0.21311618969713428,0.0032271638608269777,0.0,0.0016135819304134889,0.017116624006935244,0.08485281374238571
-91.87566410128947,29.986522149905227,0,-1,2020,34,0.2590343920363272,0.0,0.006678488941282424,0.01139036526780994,8.063598072325732E-4,0.4211791193918466,0.0019004793888108883,0.25699793824864975,0.42638011210655685
-85.46918486884739,37.488112570506146,0,-1,2018,264,0.004509511659045554,0.9093929212035474,0.7638813961711369,1.2880739505985746E-4,0.0,0.08010115647998185,0.0,0.0632480575366945,1.3322161986704713
-90.30084213152622,33.5235370862744,0,-1,2020,55,0.11096361475637817,0.0,2.57839717731233E-4,0.15301523327163716,0.0,0.7486404413786125,0.0,0.0,0.12369316876852982
-82.03695317420362,36.82386681456412,0,-1,2020,186,0.0,1.0,0.9087181621979905,0.006059892654773543,0.0,0.0,9.157422406633757E-4,0.010133161552719906,1.1715374513859982
-81.72576706793691,35.52281103649666,0,-1,2019,12,0.07365814837739852,0.7928830387933756,0.8338942623530718,0.0010308965768169546,0.009908589550023056,4.200964010688768E-4,0.034631104821948616,0.06598672116338275,1.3556548233234005
-81.12792885895583,31.968290505363292,0,-1,2018,98,0.3249550939863889,0.2577731677081487,0.13371321181065668,0.3444279292105035,0.0,0.0,0.0032240425067878754,0.0,0.12727922061357855
-92.17855126168801,36.85687126338128,0,-1,2019,2,0.03388867135693624,0.6504528173194731,0.7066266280628242,1.288254203371387E-4,0.016909974516621042,0.0,8.052368817438591E-4,0.25795684561872195,0.45
-93.86657438639054,30.06148921091242,0,-1,2017,115,0.1740098414987414,0.01740604404639925,0.04943530980803265,0.3629853446679503,0.0033234883029655236,0.0,0.008933258283423031,0.3679237526641664,0.18
-88.56587664402275,35.31729522103084,0,-1,2017,228,0.0362333493415565,0.8892273083436544,0.675441415927057,0.054059490202380704,0.010714443651249917,0.0,0.028393907423669075,0.13397476799059965,0.4080441152620633
-90.06408427019451,35.500735926945595,0,-1,2020,112,0.010791412360842587,0.0,0.004240891961862296,0.1979766821691012,8.054530752514277E-4,0.7826319047859704,0.0,0.0,0.39458839313897714
-86.91713296458919,36.726637709724905,0,-1,2020,0,0.02993088984068026,0.02780831090727617,0.06697339756932512,2.576579999272494E-4,0.0,0.8241306791628252,0.004026095413724723,0.08681209028558441,0.7354590403278758
-81.55029486535919,34.9679874736262,0,-1,2020,113,0.05525797160038404,0.7416746677447066,0.7309762735678598,0.03659313806008807,0.007313197557423609,0.0,0.04110554065537623,0.18526556542231748,0.18
-84.520544230498,30.991889619131875,0,-1,2017,126,0.02618032807618856,0.30685368105530775,0.2830977700866966,0.037286792962492155,0.043811336503439914,0.48596216106839313,0.050349681303116164,0.03657426143261838,0.34205262752974136
-77.6091334325845,37.17602253334626,0,-1,2020,107,0.06128478359678804,0.5035351749911622,0.593082966114496,0.034871602646905635,0.09105430301346686,0.09344398916591432,0.1233292716034573,0.05573935058621496,0.09486832980505139
-90.36879438900654,32.728157006641354,0,-1,2017,115,0.10154639827025931,0.32925765296445675,0.7161751484364487,9.026028335155393E-4,0.03546177745048149,0.0,0.013799119460677555,0.17054207214354106,0.0
-80.87239209351193,27.687491944684293,0,-1,2018,123,0.18010450008223372,0.14416203838417063,0.213707262875235,0.4698260524044653,0.005648358811597967,0.0,0.047056999376623734,0.1775736422579513,0.18973665961010278
-78.76518726157609,36.240830139438096,0,-1,2017,343,0.05668430290555982,0.9077569987246347,0.7440546176346202,0.007099544701463917,0.011273743546018665,0.0,0.010468476149874475,0.05415817977989359,0.09
-78.15853247248677,35.432528506059136,0,-1,2020,159,0.015696228106729302,0.04980363930244599,0.09824536578463279,0.2514079524550728,0.013377260867642515,0.503045024669754,0.013693134796040212,8.054785174141301E-4,0.34205262752974136
-88.23460985644832,33.97713776380648,0,-1,2020,165,0.041867873486208386,0.7946931964705586,0.5697164551074979,0.21319957334303927,0.031798993958696696,0.0,0.026945729379944893,0.023659664821415027,0.7451845409024532
-83.09823773791075,34.58994986196517,0,-1,2017,174,0.16919635522640822,0.5766046987753867,0.6047232544692136,0.00889344245722858,0.02087927363253237,0.0,0.011439529402844564,0.1636032780048905,0.21
-94.097509904432,35.77727943494487,0,-1,2020,109,0.0418846183003563,0.8940565537108633,0.8805055981339723,1.288553651584189E-4,8.054174589237095E-4,0.0,0.001610834917847419,0.06426599622243417,1.034456378974
-79.53339724938982,35.49797499332502,0,-1,2019,77,0.059486220919952496,0.691757811513299,0.6253054653280432,0.006533774510497497,0.0034177343137998142,0.005638314001971043,0.046291031764081586,0.19312094104566252,0.24186773244895649
-84.59306424723367,35.79022594512422,0,-1,2020,152,0.07551365968308531,0.713424650610327,0.5105818742262307,0.0012885621162737808,0.04218505709006491,0.0,0.021490500781731182,0.1992008970167875,0.2954657340538831
-77.65996347434107,35.109404618190375,0,-1,2018,76,0.030362352703436606,0.2994051302777322,0.23415579355087826,0.1738229516283015,0.05908741955764211,0.38897295999444,0.05162843449772696,0.008056082974495395,0.45
-83.18363694039755,36.73586164098415,0,-1,2017,293,0.023382430964351584,0.9637325989742553,0.7542347749427216,0.0037360089118589845,0.0388475214258196,0.0,0.005636711570889933,0.016869083031761357,0.8823264701911645
-78.86802568167137,35.4932294584205,0,-1,2019,51,0.07111015697020977,0.5598014825665829,0.592456373342713,0.05995342716627351,0.04551398680918812,0.1979158769868346,0.04239317211229882,0.07651681702170676,0.19209372712298545
-89.26736672437679,34.67850959852294,0,-1,2020,137,0.004512703830109972,0.4111995954999366,0.7113196913753415,0.0441875099509466,0.0077777005553695214,0.1133516139834337,0.013874760698287138,0.08389617938625032,0.06
-89.455846340054,34.276884818488554,0,-1,2017,62,0.0010113140762277983,0.21637064660893748,0.5600404387605523,0.0864545316686044,0.025613400987002155,0.12847141042734284,0.012037382232697447,0.2752484882185306,0.33541019662496846
-92.52390248464806,36.250973469884116,0,-1,2018,111,0.02258830663499924,0.3012153216433372,0.49964404216521435,6.755367283306567E-4,0.006019416249265733,0.0,0.002415977665628691,0.4483201849407216,0.51
-94.41835729712683,29.98974126187402,0,-1,2019,104,0.026853023020490766,0.0,0.004083524287381754,0.03211215499886414,0.0020522647642899606,0.5839942321557315,0.0,0.37980495579250934,0.09
-84.09263342168965,31.598764345530878,0,-1,2018,9,0.7329632392923534,0.020979020979020976,0.21147357661383523,0.14548225265518525,0.0032245725070418983,0.18804632003566002,0.0024184293802814237,0.0024184293802814237,0.34205262752974136
-82.0533603667849,32.332469060523174,0,-1,2017,100,0.009774787875722354,0.12095193535741827,0.22907073062930647,0.3645156429050398,0.043226773037316146,0.18667227177616658,0.028652434745778808,0.04033782374248528,0.2683281572999748
-80.13862099721894,34.60264058460778,0,-1,2017,63,0.04907657714560015,0.34377605416740337,0.4831527917270477,0.1923348121385018,0.18554329554215807,0.024877083886297863,0.10955017126101195,0.01608020829383587,0.47434164902525694
-87.86090578994964,37.75268698136377,0,-1,2019,96,0.020827807459613757,0.012883179871926036,0.054582381443283326,0.11728514475715872,0.0,0.9106459016703974,0.0,0.015864196166705088,0.2683281572999748
-80.36025123168223,26.02812697081614,0,-1,2019,75,0.8393463389916389,0.0,0.0,0.08386156947273601,8.068445732583235E-4,0.0,8.068445732583235E-4,0.0,0.09486832980505139
-91.42612127916405,30.04080895141519,0,-1,2017,24,0.0,0.0,0.0,0.9311268088775017,0.0,0.0,0.0,0.0,0.0
-77.42455191414192,35.56384525584224,0,-1,2017,107,0.5365166765593626,0.1804301428336891,0.09796924457596082,0.15077606105808686,0.00966546743274446,0.19981932524929655,0.03518103799539471,0.0016109112387907435,0.8532877591996735
-80.42594597594218,33.46268426825085,0,-1,2017,74,0.019331850803598505,0.16735317901546545,0.14459780493563382,0.15630468007055667,8.058858107211258E-4,0.20487829544089867,0.01128240135009576,0.025443869263199154,0.16155494421403513
-83.04885581596174,35.54066340937563,0,-1,2017,81,0.23239534501712128,0.7547162659051565,0.6245283200030728,1.2886396059087405E-4,0.0040272272145801405,0.0027164042388540554,0.0049369067736382425,0.030467948009286296,1.4103191128251793
-81.31369607723231,35.61662776298937,0,-1,2019,21,0.2175934113129374,0.22183765758027438,0.39280063511025715,0.014550735799085227,0.018979965065998725,0.11879139726529304,0.030780455910826697,0.33834812079710164,0.41677331968349407
-82.41340165918304,34.19547321909322,0,-1,2020,62,0.10079498489655081,0.5746893997800833,0.5285860589443714,0.019498329855550688,0.0326850043917019,0.0,0.03658066513746975,0.19624588475415947,0.17492855684535902
-92.65458652703317,31.768126581996352,0,-1,2018,3,9.61125022131168E-4,0.7122315805448058,0.6642436141363448,0.22252988734904616,0.014425083142600619,0.0,0.11487904806464254,0.0,0.7823042886243179
-91.14992094894234,29.965748932815625,0,-1,2019,144,0.0,0.0,7.088402139574231E-4,0.853020640860363,0.0,0.0,0.0,0.0,0.15
-91.01194362383103,29.32735808993517,0,-1,2020,146,0.0,0.0,0.0,0.46240268792583933,0.0,0.0,0.0,0.0,0.09
-91.72257936202321,34.91940635378238,0,-1,2020,46,0.030737342332094738,0.04807765223326002,0.15905392182629063,0.15489485324739924,0.0016110842597067826,0.49588225817151393,0.00479534491418607,0.1845228505450835,0.06
-90.77523772421333,30.63393124595953,0,-1,2019,84,0.04949405514798885,0.48953959018466975,0.511521003085319,0.284874247577248,0.05114584914251024,0.0,0.07122034198411493,0.030363105175292147,0.2716615541441225
-85.52645192797527,31.796811514858135,0,-1,2017,15,0.010912723502187603,0.6743759641890698,0.5679108251906697,0.07476178916064816,0.03249321148247314,0.02507721049620192,0.08760427763535154,0.1387260031042255,0.3313608305156179
-80.5913537727552,25.518255148810713,0,-1,2018,93,0.0,0.0,7.048675866741543E-4,0.7979404903387063,0.0,0.00833842481646918,0.0,0.0,0.54
-81.15849654130027,25.75947442351302,0,-1,2020,83,0.0,0.0064599483204134354,6.754799756138565E-4,0.9992966704002043,0.0,0.0,0.0,0.0,1.5181897114655993
-88.44499765496802,36.08915346435045,0,-1,2020,124,0.03780450823814818,0.15140756090164761,0.3352641870758786,0.10929720224951875,0.017543915056500582,0.5004074104486574,0.0028360820379365473,0.12607616364635518,0.39115214431215894
-92.72073783702332,31.446549794172444,0,-1,2018,13,0.051599195659597065,0.13356350621593252,0.248894837042837,0.3494115576272937,0.036900858975615444,0.013135972330678734,0.0157062600574758,0.2285026888434336,0.27
-83.82675993027772,33.559030555608786,0,-1,2017,129,0.24410961674587925,0.23232885023763783,0.47239919797207847,0.09353959027010299,0.019089300385514762,0.0,0.010895531820767239,0.1559691588194401,0.33541019662496846
-87.5035659752267,31.64871247661991,0,-1,2019,106,0.032247458141534735,0.6128155192473066,0.6637389426408183,0.0932828913761449,0.0075772902573180805,0.1065941708288551,0.09663020800404631,0.07687614591894802,1.1837651794169317
-92.74182397633464,33.01815113198548,0,-1,2018,182,0.10186121788387618,0.507030143637467,0.5720042471432905,0.2407002730306401,0.048374200847583475,0.0,0.03920626744072129,0.05724190892743709,0.21840329667841554
-78.8167678907288,34.277131182585784,0,-1,2018,289,0.04485568117223521,0.06399292616686668,0.1625117399132788,0.16573522439030805,0.010605016842890284,0.6174420294892784,0.01371763352651571,0.0,0.6661080993352356
-82.76197955763872,30.994473238458202,0,-1,2020,48,0.05059832519543603,0.38824094922458063,0.3116551892285076,0.3937767903842439,0.0586403359006463,0.003544282986176982,0.13049980397364402,0.07437303183215088,1.1403946685248927
-91.11483704229794,34.224122424389655,0,-1,2018,69,0.022528445006321108,0.0,0.013967844436873255,0.8511362016481169,0.0,0.004638098758645094,0.0,0.0,0.18973665961010278
-86.50724003243161,30.628738651533205,0,-1,2018,16,0.08247109716916697,0.5396417819828482,0.5549146135782572,0.02940137941640388,0.08713839888448688,0.0,0.33552662781763526,8.062807690969975E-4,1.4773286702694157
-85.87721369819627,30.70830177351755,0,-1,2018,33,0.05809438281833018,0.18642567131708443,0.28516910033210485,0.4764342100936621,0.02253799017282921,0.16685005659792712,0.033762718724112,0.018810115535656702,0.09
-83.63128930155841,37.06199880718969,0,-1,2018,32,0.039273397925798675,0.9101600495180829,0.9264367270276741,1.6973691788067284E-4,0.020130032113321806,0.0,0.008052012845328723,0.002759787932085217,1.8339302058693512
-86.8716089007612,37.09976987858845,0,-1,2018,101,0.035322207764316514,0.8227446719810002,0.6942968510834341,0.03212365713616004,0.01368742777395379,0.09524997316190634,8.051428102325759E-4,0.10923735610045657,0.7061161377563893
-92.45815587492935,31.168737576895534,0,-1,2017,267,0.2443531048438091,0.12176552421904635,0.18751346763367238,0.23600807703941717,0.008280244708262852,0.39189048198675275,0.022728781675334722,0.11604989013421008,0.09
-92.16610509142926,32.44402845256479,0,-1,2019,6,0.03220585446039072,0.061718404248593296,0.07944048348085181,0.40925151188904346,0.0015361808521062426,0.0558904317426802,0.03176354193994987,0.0,0.20124611797498107
-93.30105172466926,36.19959437112393,0,-1,2019,69,0.020326178956277873,0.8934423123081392,0.8158542679417665,1.288439063653438E-4,0.02094512012177983,0.0,0.01288541768649905,0.04904038378332286,0.8823264701911645
-94.44435323916333,35.73766615574309,0,-1,2019,42,0.042958040102593915,0.9538201068897116,0.8958259851901859,1.2885569072208712E-4,8.054276346959272E-4,0.0,0.004772553553041356,0.01961137326990985,1.747483905505284
-92.98784491611283,35.88834248037767,0,-1,2020,77,0.04121340762359601,0.7141846390984092,0.7848980369388392,0.0,0.025561093318678264,0.0,0.043298780218183654,0.22814847100886249,0.7920227269466451
-91.75890760106677,34.66121788174006,0,-1,2017,68,0.023638570056125796,0.0,0.006511213672638906,0.14455834491236252,0.0,0.9134069211279527,0.0,0.0,0.5731491952362839
-81.53949920464174,28.14794841795532,0,-1,2018,32,0.0,0.02914979757085019,0.04325754351086234,0.6320312424871097,0.0,6.833280607402722E-4,0.01286301803226827,0.00493831066118317,0.9241753080449617
-82.58972855990932,29.408775026817793,0,-1,2017,70,0.3286977868323484,0.17330785680843258,0.22922742958922418,0.02915760072055299,0.059922321744850966,0.1859217650928596,0.08090746925762864,0.27819948383178983,0.7224956747275378
-88.75136305711293,33.9478826320208,0,-1,2017,359,0.06765862230256754,0.009670935362754889,0.08308495386612583,0.038773989513466084,0.0,0.38861013864489447,0.0,0.5036335831553402,0.5108815909777921
-85.11881379991735,34.634478233153885,0,-1,2019,75,0.03316397462147065,0.517580445388135,0.7154532239411902,2.577778137206536E-4,0.03190249173056326,0.01530675108284601,0.057675964451689724,0.29419607174111523,0.45099889135118726
-89.30663152084206,37.65283055292171,0,-1,2019,274,0.036587984187726554,0.8518041399866129,0.6870045202151965,0.039670709722781375,0.0016101534381511658,0.004025383595377914,0.004382143082654545,0.08924670076403363,0.39115214431215894
-83.61467844206794,37.02428508886996,0,-1,2020,69,0.027450039160203128,0.8920188979560901,0.9376600453544981,3.8645790867166064E-4,0.019324769807889042,0.0,0.004831192451972261,0.0,2.2920078533896873
-84.19000116148176,34.19229647008071,0,-1,2018,92,0.5013586784797969,0.3630768064104347,0.29108319406826866,0.029785031356123263,0.011279727769931469,0.0,0.0,0.05310002938416478,0.4036087214122113
-77.32786488271502,34.992685386531605,0,-1,2019,264,0.033536700898101485,0.31034395644649926,0.299560653606729,0.3477932357940203,0.024503221280992405,0.35949116714956947,0.09846471757312268,0.0,0.5894064811316551
-85.12194110519637,35.00369967057702,0,-1,2020,219,0.5700438524434785,0.3693209821936333,0.31981999511779163,0.00283531948895514,0.0016110893491199031,0.0,0.0024166340236798545,0.046623662164040486,0.3313608305156179
-84.70438065928134,36.475356083785066,0,-1,2020,105,0.009664948453608253,0.9687563169597736,0.9599993532881004,0.0,0.0037643373250467395,0.0,0.00241587085038654,0.015019453286847558,0.931933474020544
-81.44113283942109,30.016913784664904,0,-1,2018,186,0.0,0.14396335754232356,0.17530225966833787,0.6379618007122589,0.004032372837936563,0.0,0.02125613948531109,0.014937174049862265,0.9391485505499118
-86.50624625787793,34.32441502509659,0,-1,2017,80,0.6709390365679473,0.1757738930390707,0.27467038835613966,0.006270494102803747,0.00322269790366661,0.009383738013617481,0.013857600985766421,0.18643623323486205,0.12369316876852982
-91.3113053561633,29.6839665943238,0,-1,2019,260,0.6603164965276458,0.012902736139045952,0.0014192514245641309,0.5733224245772858,0.0,0.028136632016369036,0.0,0.048294313535121,0.2716615541441225
-92.98895775047028,33.88499812377892,0,-1,2019,176,0.01289506953223767,0.6316687737041718,0.5865593194377112,0.2371382250601452,0.05507668585656234,0.0,0.006174048773089486,0.0,0.8828363381737298
-83.43068890824512,30.101181174642022,0,-1,2018,39,0.07607444237800633,0.4770056046861752,0.3323921201177623,0.5784737572519878,0.0016285563401437567,0.0,0.012728037415686642,0.00642252024627567,1.103902169578446
-93.69453563275843,34.3397300715129,0,-1,2020,294,0.0,0.9692437994589538,0.7334661082705477,1.288995266101699E-4,0.003769149840292938,0.0,0.009032690187256923,0.07695321262365053,0.2765863337187866
-94.44538012138186,34.04798882887073,0,-1,2020,186,0.025827412707643296,0.2627872872999419,0.39339371218738867,0.16026127098903226,0.008057101149795725,0.0,0.0388352275420154,0.49829537016850334,0.30886890422961005
-81.09080063563248,32.2813067837593,0,-1,2018,163,0.14891867965094213,0.6221575818894648,0.4599446263543149,0.3871219610867391,0.001611949922089088,0.0,0.03231169422258186,0.0034198623837262613,0.6037383539249432
-91.73802075259604,29.836886804894238,0,-1,2020,186,0.0,0.0,6.450976374247705E-4,0.8586011753425974,0.0,0.0,0.0,0.0,0.2683281572999748
-81.91397197907364,32.99492209755934,0,-1,2019,21,0.041554468337947674,0.3589840836399034,0.37328024270003735,0.27369738339021593,0.06095321768645141,0.10300136210073234,0.12113847602734326,0.044873476327574206,0.39115214431215894
-83.16208473783657,33.67610115987201,0,-1,2020,224,0.0021614379250195917,0.6928862148292337,0.6838011104915312,0.04574420272966763,0.08344393043126552,0.0,0.11819669851863092,0.07173959755296024,0.24
