lon,lat,label,cause,year,doy,nbhd_dev_1km,nbhd_forest_1km,nbhd_forest_5km,nbhd_wetland_5km,nbhd_grass_2km,nbhd_crop_2km,nbhd_shrub_2km,nbhd_pasture_2km,dist_water
-84.82959722,33.82301389,1,1,2018,105,0.16327252961179162,0.34237172437331714,0.4466779535747127,0.046178080716727084,0.02115511008872822,0.0,0.008057584873227329,0.22396294142925752,0.12727922061357855
-80.693542,33.146519,1,1,2019,143,0.05318839663780574,0.1769449535486318,0.33155862968608985,0.4187693871205057,0.006590384676170306,0.08942377595852956,0.01372759743338496,0.011325346903941587,0.21213203435596426
-79.192605,36.085883,1,1,2017,33,0.2506189056737229,0.6248547466275958,0.6241113357930445,0.005121030127927229,0.009434915502563977,0.0019513981862732724,0.019592921918811745,0.09628476520069724,0.2765863337187866
-90.36577544,31.2048392,1,1,2019,79,0.10833544143688337,0.6307235011383759,0.5759402367827652,0.055313044701016986,0.026517307230210833,0.0,0.09198062500790433,0.137221610957241,0.5408326913195983
-89.86320569,34.4803525,1,1,2019,267,0.035387045813586114,0.19091311216429707,0.3023185166426824,0.009816127057684153,0.0,0.13204346054082405,0.0022368466780615264,0.6509444990316479,0.1341640786499874
-89.2534502,33.05963777,1,1,2018,66,0.029496175485176045,0.47526392313041266,0.6241273600527469,0.20917774273257217,0.05077112698312372,0.0,0.02720434865052779,0.02677770052461919,0.06
-84.1591,30.2957,1,1,2020,124,0.10710219365938817,0.4817701085443916,0.45801751867062845,0.25687304781765335,0.08689974006918838,0.0,0.11988122869484374,0.006450837660243234,0.7571657678474378
-86.247,33.691,1,1,2019,244,0.033764821884559953,0.6117108689606349,0.7019068943743606,0.024124976681379924,0.09044573508686558,0.0,0.02517174040813231,0.1196210651381191,0.6067124524847005
-86.9161,30.8226,1,1,2017,303,0.06418235175065773,0.8094009309856299,0.7487474934693616,0.10488325789291578,0.0055966255825865875,0.01693216383884247,0.006968905527695389,0.014282462009346674,0.8453401682163222
-90.061,29.9346,1,1,2019,150,0.6353743562489718,0.0,1.290169163945084E-4,0.009489067713643155,0.0,8.064414112408448E-4,0.0,0.0,0.03
-80.7155,27.9425,1,1,2018,58,0.4499259615506307,0.0,6.615149147065849E-4,0.5784049544278481,0.04220767924188121,0.0,0.004839459625305623,0.029878127856625435,0.2580697580112788
-85.3339,30.7138,1,1,2020,318,0.06580578251081373,0.19849239875547003,0.2792791972464534,0.1767106975125405,0.10337642133488474,0.31755372298040785,0.08650380076647729,0.041368908338919555,0.9827003612495518
-88.107,31.774,1,1,2019,28,0.02902124430955995,0.40475467880627236,0.4546429741900768,0.35702328112545684,0.030821560550931434,0.0,0.056895020184170655,0.03449485833146295,0.19209372712298545
-80.272598,33.716431,1,1,2019,142,0.12941280598826624,0.13672112077685616,0.11021733272871853,0.3401736700370404,8.057432112184728E-4,0.48394833132160797,0.004679630179664933,0.008057432112184728,0.15
-85.866,33.109,1,1,2019,249,0.02214973829932489,0.8835748059369389,0.7847262776767387,0.02074943282625195,0.09062093114389368,0.0,0.03122353268358045,0.01740048289026255,0.442944691807002
-80.675568,32.527023,1,1,2018,66,0.03382479389004096,0.1520788022861767,0.1670057247980694,0.44408625477045405,0.012088707409034454,0.0,0.0056413967908827455,0.012088707409034454,0.09
-83.40516667,32.85169444,1,1,2019,173,0.06820854566836536,0.7341965832500855,0.5428448052683529,0.1087705087131693,0.1690323355488763,0.008059392985483613,0.04367558888878355,0.04059721682295569,0.21633307652783934
-76.296387,36.432769,1,1,2019,80,0.08732273421813634,0.054439379206708,0.061445909138447705,0.4342183642010395,9.065266762057279E-4,0.6205222478071216,0.004109377023497045,8.054505311235561E-4,0.6841052550594827
-79.390106,36.147275,1,1,2018,90,0.14004420587306607,0.4644900536785604,0.47821510931098776,0.0035748139075671846,0.04060283799912853,0.020533498367550578,0.00778965715404387,0.2812328308630828,0.12
-82.9194,31.54398611,1,1,2018,125,0.19174391986745754,0.10008979498918666,0.20353915609330253,0.2223997515600833,0.06208309359568538,0.44693947230318876,0.009193280180071955,0.012092261584860809,0.21633307652783934
-79.239823,35.346995,1,1,2019,322,0.21725607211945733,0.5080729792264608,0.4893941867276103,0.042046739263923064,0.08386483318959932,0.06545740577526324,0.051399905862135414,0.10123611229573186,0.24738633753705963
-81.91397222,32.96097222,1,1,2020,292,0.054479235166169274,0.5167939703576307,0.38315881445480526,0.3264006132304677,0.04089301572954166,0.007253224445420674,0.01913650283966108,0.018536018027186168,0.2683281572999748
-88.757222,30.472222,1,1,2020,70,0.049090541121708096,0.2388879050823446,0.23583170813761437,0.5186982245527234,0.00886931281007023,0.0,0.1390031588033859,0.0023208825677688226,0.22847319317591727
-79.776728,34.892209,1,1,2018,79,0.2226811154895422,0.3410629483681923,0.32004300486104575,0.14462836026023307,0.16044210207022075,0.0024171532569955273,0.029751522964535797,0.01289148403730948,0.21633307652783934
-79.540178,34.859956,1,1,2019,195,0.14570373741971368,0.2769685935366408,0.3761709345894064,0.2197836579407727,0.12217314655090708,0.06606575297455439,0.06547494929198341,0.02379327557990384,0.0670820393249937
-85.715,31.059,1,1,2018,124,0.027643941980601175,0.060295661190991036,0.22488172359564318,0.16625365401123052,8.062221379114109E-4,0.6135476935723553,0.0071959277877896915,0.030491005090265283,0.45398237851264667
-79.106903,36.26638,1,1,2017,52,0.0550281271727451,0.7214208962771003,0.5824696194875872,0.0027572484509740826,0.003884537645275389,0.11165045477513888,0.008694416371904996,0.17826237998989378,0.15
-85.382,33.5,1,1,2019,275,0.05825021805908453,0.43984729543529644,0.4877982809552676,0.006484967585273508,0.03570593402981867,0.0,0.07659442685323876,0.3018650891463313,0.16155494421403513
-80.998764,33.218349,1,1,2019,69,0.036495981398170146,0.2451473487337613,0.2526633154649766,0.40439114611300037,0.03497471554993679,0.13750948166877364,0.04590075853350189,0.035644753476611876,0.75
-83.0384,30.1942,1,1,2020,360,0.057798641073981756,0.5133678336897247,0.39692752904630973,0.0010320831130459858,0.027178209368656038,0.08911733270934649,0.06090195607217165,0.3341069926576145,2.320107756118237
-79.162071,35.238615,1,1,2019,281,0.09035307200444816,0.6134910405135594,0.44938021540850037,0.21632422860469638,0.09666925647293645,0.006120786037785901,0.021965978788854975,0.058479088893521027,0.2563201123595259
-84.69125278,30.94618611,1,1,2018,34,0.07695226531076876,0.2970453568085806,0.1934355676778142,0.042625914565055524,0.038975698286928415,0.45970582469630744,0.04652927524867677,0.015347451892978868,0.4965883607174055
-86.329,31.437,1,1,2020,122,0.040994700160639524,0.5429489368699326,0.5638624540674786,0.03312907639277018,0.04011685072130659,0.11612988893490687,0.043961290037021684,0.2073436378639334,0.42107006542854597
-82.04228056,30.53142222,1,1,2019,136,0.17677412827096006,0.4177849165897277,0.5055658195342964,0.2151582327789435,0.11970038542651432,0.0,0.06562684769170932,0.05046905679586935,0.6552098900352467
-77.169629,35.809689,1,1,2018,122,0.08587236622707288,0.2548380577029963,0.21315603175541598,0.20961485112943343,0.00644179334474331,0.38094681731200397,0.08212023417813458,8.052241680929137E-4,0.3661966684720111
-85.529,34.094,1,1,2017,271,0.043567835385120955,0.4141409034606536,0.47294369449522,0.016665588249567286,0.061337655690155334,0.06899024942021025,0.04320145089638353,0.4101025611859943,0.2580697580112788
-85.24762778,34.63675833,1,1,2018,99,0.07779322548028315,0.6478640040444896,0.6402467995115364,0.0010311112548826152,0.10946509078386585,0.0,0.016848803080996202,0.16537607299357704,0.7212489168102784
-81.0697,26.5554,1,0,2019,108,0.0,0.04983855650522316,0.05635562693052907,0.32349351018215655,0.0,0.006454429827059249,0.03146534540691384,0.6980655694135959,1.5729272074701997
-80.49488,36.003177,1,1,2017,265,0.07576465831996262,0.5824036991649086,0.4255282272836376,0.004176298935081675,0.01258024484743612,0.05025466785816914,0.0076068799792855454,0.3232718741217671,0.06
-83.84895,35.0809,1,1,2018,98,0.07146196909001301,0.8938875058445909,0.8210967977677724,3.012153229649899E-4,0.0032221888771303575,2.8746979197927697E-4,0.008055472192825893,0.033122206251678235,0.1341640786499874
-93.682,30.432,1,1,2017,40,0.03238661521917895,0.7009931051932445,0.36875337689485516,0.43405670552667414,0.07209309679663535,0.0,0.02747367422445688,0.06570534104923631,0.51
-85.814,32.472,1,1,2019,282,0.02461814687436779,0.45236951244183693,0.6140334021225369,0.09256606317245827,0.14541954814974023,0.039186062682529055,0.04593094554787161,0.08413403795339901,0.31320919526731655
-82.312622,35.089531,1,1,2018,61,0.11268637856962345,0.37165782158200655,0.6616893421744229,7.73258399708891E-4,0.04342181325398257,0.0,0.08518837915272819,0.23244221638884421,0.15297058540778355
-82.503949,35.357806,1,1,2017,65,0.7127023645531868,0.20995361886587385,0.2946398384851157,0.02569127713498066,0.003777792518328297,0.0,0.0,0.024246099808267564,0.4846648326421053
-89.91305556,32.83638889,1,1,2018,88,0.035661462612982746,0.6312748878073448,0.634904486425235,0.08458357962397296,0.02291977446840789,0.0,0.04216391494526057,0.15431973907107288,0.20124611797498107
-83.6475,31.10027778,1,1,2019,207,0.06828731517903446,0.09503813414618725,0.15264383863062148,0.2990305798563956,0.005039567242180613,0.38358568054708114,0.012093064429950342,0.05480924574055402,0.23430749027719963
-85.263817,36.01095,1,1,2019,73,0.05459944402324994,0.5564316401314129,0.8156719004698191,0.0016750393368966453,0.054221700049901116,0.007248299255272778,0.0515687277734614,0.06741076222420139,0.912414379544733
-78.754729,34.911777,1,1,2017,83,0.041369021278747795,0.17454136269960674,0.22966492667364838,0.349296859521509,0.05452282655733257,0.38236418253664944,0.031644150191261086,0.008054759731255318,0.5028916384272063
-86.902,33.591,1,1,2020,147,0.3542454082342086,0.636084389892427,0.5963751263902932,0.0038675429726996997,0.0024174817108818273,0.0,8.058272369606091E-4,0.004029136184803045,0.618465843842649
-84.536675,30.92755278,1,1,2018,118,0.12812081046214563,0.372460981964435,0.36493565618550455,0.10398911415968597,0.038570498106096536,0.20179399136202955,0.03451710204313926,0.04418264944131428,0.6007495318350237
-92.555,31.547,1,1,2019,73,0.03574319538601638,0.8102549833046641,0.6937421983584435,0.13315391665166196,0.04353007748164116,0.0,0.007931515207076086,0.0,0.3818376618407357
-82.592375,31.20955,1,1,2017,115,0.027695926548885193,0.32308120344491786,0.2746641874844459,0.3596082136736744,0.03943828501155489,0.07199739501828865,0.13302478210149954,0.03287208717836856,0.42107006542854597
-82.85065278,31.41052778,1,1,2018,68,0.04463585540461916,0.17931496799979765,0.24967212161215516,0.24910462519694196,0.047275509300825753,0.14725148269452065,0.0675116023217289,0.06350927553459199,0.3244996147917591
-87.086,33.339,1,1,2019,269,0.0420211622820879,0.721464419807087,0.7428458898499609,0.0036058737519490537,0.11638791970064723,0.0,0.07074231391585761,0.06447208737864077,0.042426406871192854
-82.292925,31.27415556,1,1,2017,118,0.11887536994409736,0.3071358105886222,0.2127919474968701,0.28041122393495255,0.017016029593094947,0.12911568497265172,0.09179550412596035,0.17096651806886087,0.2580697580112788
-83.78611111,31.21638889,1,1,2019,149,0.3121395325306082,0.17374532024688866,0.135473212894715,0.21716634732695447,0.029118754564625617,0.3055825173653376,0.04726976107445359,0.005257816377955743,0.15297058540778355
-80.5418,25.4225,1,1,2019,9,0.07306271195019487,0.0,0.006896205972626855,0.2960238698461398,0.0032280728405142127,0.8913848432485808,0.004889580920190645,0.0,0.87
-81.88658333,33.22086111,1,1,2020,70,0.016120874952585657,0.15240864837526866,0.26001288298828706,0.312759821256122,0.14481202437236107,0.13880742295148274,0.11979179834652232,0.015093671782165693,0.0670820393249937
-84.58791389,30.88008333,1,1,2017,287,0.16940492000252955,0.39205716815278563,0.3695785015772552,0.15632935596594988,0.05932404359662686,0.18705634234798255,0.07973743371813963,0.017713105864422964,0.5660388679233962
-87.83,30.845,1,1,2017,127,0.10223492657753949,0.657855128188913,0.5911437150707994,0.15673119336967403,0.013991077328763434,0.0,0.03508361447230714,0.06136154524730214,0.42107006542854597
-77.874667,35.358441,1,1,2018,79,0.05481303688731687,0.15402981303688743,0.13307876223055637,0.15834012633208897,0.01789053418911407,0.4750088441906304,0.04298908374185073,0.0,0.33541019662496846
-81.4298,27.8801,1,1,2019,20,0.06113128297255924,0.07031615702845287,0.12994608504107902,0.2981640974558943,0.008839674127975958,0.01394605710669936,0.03805742307996521,0.2642189353792613,0.042426406871192854
-79.830011,35.484984,1,1,2019,274,0.07538132969379889,0.5337351985947353,0.6690652353752418,0.0025636503389142706,0.03134148767847502,0.015301240205785112,0.05405174945758766,0.16018140417697024,0.12369316876852982
-87.885,30.63,1,1,2020,74,0.497856140040221,0.3789636112973198,0.2281773062095013,0.07968135753386474,0.008806129192397323,0.02840095238998662,0.012094593953651618,0.020328403798176797,0.7523961722390673
-80.221696,35.111917,1,1,2019,280,0.060972066050965834,0.7129916236055129,0.5521731220182746,0.004416491469232638,0.020441940089196618,0.05888428446892653,0.03141779636391204,0.1906040353248855,0.4846648326421053
-80.482,25.9836,1,0,2019,159,0.0,0.0,0.0,0.9987169886599824,0.0,0.0,0.0,0.0,1.2816005617976296
-79.367932,36.340839,1,1,2017,334,0.08777805864509608,0.7585945399393327,0.7429133822463967,0.005271071402227257,0.03785945317632791,0.0,0.029801763784302836,0.09434856218729473,0.4965883607174055
-85.29298333,33.53288889,1,1,2020,57,0.07102402022756003,0.44691529709228817,0.40337365234646577,0.016900112488782724,0.027031126560278115,0.0,0.019879917838521118,0.3968051824932853,0.12369316876852982
-84.75111111,33.18138889,1,1,2017,297,0.05157636588880744,0.5879958536647036,0.678207411849231,0.030794814324566336,0.04094783314951003,0.0,0.022694017893542605,0.15436103745887692,0.3612478373637689
-86.897,33.35,1,1,2019,277,0.6517111035258718,0.318858168670434,0.43977709714637003,0.049477173287655295,0.006446699384719426,0.0,0.0016116748461798564,0.02927559955884351,0.29698484809834996
-89.01775,33.16513889,1,1,2017,13,0.05250183307628126,0.2959343632272256,0.5396108561458045,0.12257429737353437,0.022977790137658178,0.0,0.03081823812714105,0.2821297197537576,0.24738633753705963
-92.5634,32.9424,1,1,2018,239,0.06961601193561846,0.5360407631715365,0.4881194246597782,0.1554638207760397,0.07690143872158592,0.0,0.14125199120078896,0.10613100204809231,0.3612478373637689
-77.675324,34.714583,1,1,2019,26,0.03628456199350165,0.7903460308229133,0.5580622400850735,0.17061690182418082,0.02094422770134732,0.008314510906477546,0.05714014942111167,0.002590387136516561,0.9391485505499118
-77.330084,34.727786,1,1,2019,120,0.5299539753186321,0.2997420594780495,0.32201690135719346,0.1970561371922356,0.03434799778848432,0.044631545691493565,0.03820235368454309,0.00402811784219256,0.618465843842649
-85.2034,30.9611,1,1,2019,162,0.06623488336790971,0.06908111116733288,0.14114616766342875,0.16357824696330273,0.012223037231889914,0.5748937677053817,0.04379868980169968,0.024812828814245225,0.5307541803886239
-82.138825,31.862125,1,1,2017,63,0.05116237889251474,0.38361033113252885,0.23770330959702216,0.39849540783298243,0.0724531856516077,0.032713145949499936,0.17288118448836126,0.038383972486692224,0.579396237474839
-76.65521,35.327776,1,1,2019,143,0.05507323299339069,0.5153226927499966,0.2857469915504148,0.1934130734829385,0.01982681548361823,0.03093438132816917,0.044869385008577074,0.0,0.12369316876852982
-79.13056,35.532026,1,1,2018,131,0.06028677910428904,0.7530415008527571,0.6739631481950316,0.03942091031427073,0.0572631299717995,0.024698336707077922,0.018840337142875186,0.09320377312015056,0.2716615541441225
-80.071434,33.129616,1,1,2020,99,0.24590081035637976,0.2712481510979633,0.22864550653516308,0.25884614470641965,0.020667178762561363,0.08792243959955366,0.030807941911887887,0.03358653630348951,0.12
-89.49972981,30.83053194,1,1,2019,363,0.11529364145764556,0.5026119733363689,0.36550742085934235,0.2769852189836406,0.07915338695806143,0.0,0.06277507967825166,0.18049337279303893,0.18
-89.37324914,33.16316993,1,1,2018,65,0.026597560204791103,0.6004550913343025,0.5114019014798047,0.31024942512695747,0.08613911449609706,0.0,0.02175836677938248,0.009632462155927059,0.8580209787645054
-81.900818,34.279945,1,1,2018,249,0.059738847947820174,0.43796690725689247,0.6718997369479902,0.017995608386122353,0.13995450380714655,0.0,0.08686613377144475,0.05517361220814505,0.30886890422961005
-78.565848,34.947432,1,1,2019,259,0.09159485481792219,0.18196406459275732,0.20587634743371003,0.3028991557564635,0.12759726412561018,0.1392800164278832,0.08568088836937468,0.04837063831803752,0.15
-81.227271,36.39841,1,1,2020,91,0.11081081081081083,0.6781636776963881,0.7311525785623955,0.0010307075049148075,0.011106724984604698,0.0,0.008052928265778215,0.22231450632391725,2.268325373485912
-84.8057,30.3661,1,1,2019,278,0.16184283762586665,0.19890704852502167,0.253171120881767,0.5534685407304314,0.025811204775847574,0.0016126074281124906,0.05034497151060211,0.01689759626633951,0.9024965373894794
-83.10551667,33.26105833,1,1,2020,106,0.05550427977191405,0.7863780612696443,0.7450643924379332,0.038381149032900005,0.02393638874667372,0.0,0.0804621676116072,0.0426613825840175,0.618465843842649
-79.317909,34.71095,1,1,2018,92,0.22686454057467625,0.05385538364382695,0.094112996857576,0.29903371850815513,0.14342138523761383,0.3970551061678465,0.01853197674418606,8.057381193124373E-4,0.15297058540778355
-81.507858,33.531258,1,1,2017,290,0.06572295247724977,0.47640293225480285,0.3199025668222639,0.1627283716495339,0.10617690462722745,0.05784745286029839,0.23681557766872177,0.0544725441060758,0.6007495318350237
-92.8629,30.9389,1,1,2017,27,0.06275928361833451,0.5404608924415661,0.5104634258121103,0.15213168589387543,0.057524068482539506,0.0,0.15492040406595325,0.13809696950535125,0.8705170877128144
-78.770712,35.312849,1,1,2019,145,0.07385136244773177,0.2831389987240869,0.2839803592780476,0.332890628711315,0.05236720225947294,0.2603195865215113,0.017723214567787353,0.004028003310860762,0.3841874542459709
-86.585,31.299,1,1,2017,127,0.08862888945104984,0.7058563116620289,0.6453677902841475,0.10456000570550776,0.0054537694241135635,0.04232125073112125,0.03283011113043203,0.06715566164498331,0.19209372712298545
-82.136032,35.601195,1,1,2017,32,0.1454062934411727,0.6260078352078856,0.7738353442473171,5.154462045977803E-4,0.010281014393420145,0.007248825816558904,0.02100106442453166,0.13925010186258494,0.6768308503607087
-78.507623,35.536366,1,1,2018,89,0.2970656282792016,0.25834102431192085,0.2587177660203447,0.20101673160205968,0.04277556331844626,0.11931548991491002,0.005369449726158063,0.11325117022419028,0.29698484809834996
-79.635967,35.662367,1,1,2019,266,0.09166171619247446,0.2815956115626226,0.4969166138998231,0.003737054857135352,0.02848408093913144,0.161221350901517,0.022508708820621996,0.23470074186834616,0.33541019662496846
-81.76544444,31.57309722,1,1,2019,14,0.07956499747091553,0.18609003540718264,0.18606942476808608,0.6909530112541745,0.003151971167525529,0.0,0.04741234864531631,0.004659985457304543,0.17492855684535902
-83.08108333,34.04625,1,1,2019,287,0.11087659875638245,0.4074111521156667,0.5809197010627803,0.026689306685646803,0.050245810479488374,0.0,0.009342693931198335,0.24911533503525998,0.12
-89.99687809,34.15579194,1,1,2017,48,0.05461255545304026,0.5858621604883657,0.4439168125461584,0.04111501639596184,0.003216531328004045,0.09828430598123163,0.006799582925210908,0.21947296913014636,0.32310988842807026
-88.70678,31.375853,1,1,2017,67,0.04796893970052609,0.6022865236746258,0.6551665011863499,0.14709826091398748,0.020321643435457917,0.0,0.07891550457932489,0.03362808357544584,0.480936586256442
-76.913144,35.1308,1,1,2020,66,0.27603330848254337,0.11565726127446645,0.3230607435663024,0.4615640797448508,0.03854559465383185,0.13480378223712894,0.029481616230521944,0.0,0.7421590126111788
-79.745992,34.971189,1,1,2017,364,0.2381090853920651,0.5413179255063595,0.4804548868342398,0.07561500493782992,0.1041017136539525,0.025978046276553746,0.05347232093500751,0.02482508094448394,0.06
-83.24676389,31.42378611,1,1,2019,264,0.03560361727692406,0.18435464491241385,0.20384544768045576,0.31205999116884353,0.11767551111378086,0.04144866416497276,0.20761636196371408,0.003224592895146992,0.03
-83.22565556,31.20230556,1,1,2019,51,0.3312632018314973,0.278923868911347,0.26745564105560116,0.2788931900250733,0.016213532988279346,0.16681158091431939,0.024993755513328438,0.005643751244945131,0.22847319317591727
-87.291,32.752,1,1,2018,63,0.06385857538473211,0.7422136796449215,0.5644904386132581,0.16138006777768676,0.022553087933655486,2.686396404653471E-4,0.0554250985275387,0.11554032913096655,0.6177378084592201
-80.945839,32.500092,1,1,2019,282,0.19862199747155496,0.4007206068268015,0.30018912481732285,0.4503223718477094,0.07847029704535188,0.010238692077420833,0.07849558557163139,0.0011632722088579395,0.20124611797498107
-81.294166,35.269695,1,1,2020,68,0.27542988540600655,0.36963195997422604,0.46015062216800084,0.003318296722234407,0.006813658906403007,0.012632277221467605,0.03740720851628392,0.15491360520579966,0.23430749027719963
-80.079567,34.158794,1,1,2019,149,0.09274677515129309,0.06282927568824145,0.03956905450615271,0.31893040104905473,0.0,0.47685992719551046,0.012892461701804945,0.0024173365690884274,0.9972462083156797
-84.57409722,32.323325,1,1,2020,154,0.013014114433146155,0.5250164415439879,0.7453788010192858,0.07730005567740081,0.016867127119849532,0.07984384631189642,0.027405920563923433,0.02355265445464746,0.5307541803886239
-89.31760949,33.01639151,1,1,2017,245,0.035288465185672205,0.2862019698827933,0.5194216041898206,0.2924470584190288,0.06760258906222343,0.0,0.033981441682890426,0.10024398877398796,0.10816653826391967
-89.805,30.955,1,1,2019,134,0.07966560428997825,0.3728942176354531,0.3205484953960724,0.41362709981642964,0.0748612042037105,0.0,0.03077535947795075,0.04128779735181415,0.6552098900352467
-78.990741,35.30333,1,1,2017,63,0.16795686160607162,0.6122217030573198,0.49189974554835925,0.08786945392707064,0.113853473003197,0.0032537686854774523,0.07668785301810742,0.03700451105017755,0.5604462507680821
-82.41555556,31.72055556,1,0,2020,221,0.06809732163180651,0.15920989402868044,0.18241314502701814,0.3559354522851462,0.15394585025842045,0.11149219997155015,0.060386603233811204,0.007131454582813072,0.18973665961010278
-83.1745,30.4565,1,1,2019,77,0.020971414115861373,0.5482291930179611,0.3550326301411442,0.039080791217686046,0.17475295270921945,0.23363005359938016,0.19830822015273455,0.05868736857084131,1.2431009613060395
-84.39361111,30.37611111,1,1,2018,122,0.020125738428649127,0.5293916739402676,0.4553967880567721,0.2212137998720079,0.17469256625359295,0.006450654077350932,0.15753192915664027,8.063317596688665E-4,0.06
-82.7217,30.1176,1,1,2018,80,0.15209361163820367,0.18246679316888043,0.3693424319877603,0.013761816007236825,0.03880378962280857,0.006450960054643427,0.23706645753750413,0.3298306306762123,0.27
-90.32439617,31.51598146,1,1,2018,71,0.06821544648615836,0.6739595057731465,0.6226827546162829,0.02392758804166844,0.040308685494247716,0.0,0.09344027517395967,0.12895301746077412,0.7505997601918082
-81.9059,29.8513,1,0,2019,182,0.04942176784674949,0.6698509502239542,0.5668491677152763,0.1416374093250093,0.010505842728609611,0.0,0.035205009408453405,0.1427997659746052,0.7523961722390673
-92.6226,30.9655,1,1,2017,320,0.006451286462418097,0.5539757634022319,0.5141755249997724,0.30242586973874713,0.012106859077930984,0.0,0.01048164999826096,0.02096329999652192,0.7589466384404111
-82.79203,34.948624,1,0,2017,100,0.07538920339668416,0.7499368176304079,0.8486258423911124,1.2887939617728554E-4,0.01727079160690706,0.0,0.017018063725335344,0.06927903053584632,0.23430749027719963
-79.758374,34.807748,1,1,2020,92,0.049530596515168765,0.37353903693314655,0.4238541828283964,0.23622565759183933,0.16003486708502956,0.015301723457273606,0.07200811038716992,0.010466442009784258,0.6579513659838393
-86.352,31.058,1,1,2019,267,0.03823920055657454,0.6913161722851181,0.6131365630967287,0.10689277539613296,0.0657147554667442,0.0,0.06187633585855388,6.639770327182582E-5,1.113642671596235
-89.36944444,31.05418301,1,1,2018,176,0.029709356739938776,0.7361065439000327,0.6093606233064113,0.16249448010840994,0.020332027606789784,0.0,0.024141714011109747,0.1605853954644182,0.24186773244895649
-87.5998,36.314667,1,1,2018,31,0.05827879829193722,0.5022487808575686,0.6724916644393029,0.003118982644753788,0.019551678835805067,0.0,0.003221242515348275,0.30783077739319387,1.6824089871371943
-81.085136,32.2686,1,1,2020,124,0.2641805195626067,0.387320649769294,0.5021267342454526,0.36173344897076753,0.014658001049483796,0.0,0.043980325339975854,0.0010494837930620272,0.6489992295835182
-82.58267222,32.36736944,1,1,2018,84,0.2991475691809583,0.21021146355036183,0.3155521438110973,0.24190448160616318,0.06709822613884915,0.099224963018219,0.06433249465818716,0.01934431618474453,0.15297058540778355
-86.902,33.591,1,1,2020,178,0.3542454082342086,0.636084389892427,0.5963751263902932,0.0038675429726996997,0.0024174817108818273,0.0,8.058272369606091E-4,0.004029136184803045,0.618465843842649
-82.016848,35.984191,1,1,2019,264,0.060795188942653906,0.7899710679587119,0.8426394400116016,1.288502865781962E-4,0.014752653803759083,0.0,0.03729064086083996,0.06478407938829081,1.6113658802394941
-83.35485833,34.61355556,1,1,2019,30,0.21955010741817255,0.546846960697586,0.7991297144050006,0.0042533704738755085,0.004741956681072613,0.0,0.002416786716202897,0.08295422953471329,0.09486832980505139
-79.141188,36.507144,1,1,2017,33,0.06229797979797981,0.3683964646464647,0.5528726015340883,0.0018036807212297769,0.023946726112477616,0.0851744378802853,0.03908709421761081,0.3298232097580382,0.0670820393249937
-82.795471,34.548954,1,1,2017,333,0.33396529278681464,0.3744865329440461,0.3417994338859685,3.866761019005258E-4,0.044324454119498154,0.0,0.013503650788134227,0.1300255602561713,0.03
-79.378159,35.565685,1,1,2019,151,0.06048692926126306,0.6109748697982502,0.5541422132334323,0.006372169251364866,0.04084584892847552,0.022551760079594436,0.07194137805783228,0.21508188436695558,0.6640783086353597
-79.834114,34.06723,1,1,2019,112,0.0886451792234703,0.06637017195850763,0.18015085030230732,0.3931197298444994,0.012352740418646984,0.32701107290929327,0.025836788350692697,8.058195975326123E-4,0.5604462507680821
-81.333069,33.424026,1,0,2020,210,0.058949231839160406,0.39860909148384654,0.2681402430546602,0.22497748885312724,0.02545005261278569,0.21071025680727282,0.10052991976945169,0.0023541456663180205,0.4695742752749559
-82.91326667,33.04220556,1,1,2020,124,0.07264703278916554,0.40124682287780883,0.4862577410495059,0.2337645264763106,0.09327602281885568,0.014130623725920907,0.019778448507450915,0.018719678892558603,0.0670820393249937
-80.2758,26.9971,1,1,2017,130,0.02219015430575072,0.003987392245471464,0.0025469987333351565,0.7355621976989429,8.066837704715775E-4,0.014922068020840907,0.0,0.03453239230771663,0.03
-85.121,32.317,1,1,2018,331,0.08355147514447941,0.4387748650049951,0.5664771483143357,0.07009010002179554,0.10952227427032561,0.0,0.18518272677274364,0.05125263137931688,0.20124611797498107
-81.442274,35.72989,1,1,2018,72,0.33849535165723527,0.38175778092158447,0.4034982576425218,2.577152882772896E-4,0.011276058117498412,0.0031775110549589363,0.014497789008212246,0.2457485786481363,0.22847319317591727
-80.7402,27.2427,1,1,2017,61,0.07098831837798844,0.0,0.0037045774159484143,0.21879128923141414,0.0024209933351477613,0.0,0.0030381092833226806,0.6061882488464684,0.618465843842649
-84.16294444,33.4855,1,0,2017,345,0.399077175905442,0.4304658365463621,0.3329755571273219,0.030362611156247447,0.011164869058491534,0.0,0.006955526973603131,0.14129737484949717,0.4080441152620633
-92.5725,31.12444444,1,1,2018,78,0.03263137924492506,0.9299057737304751,0.8134277548749336,0.11464731025063865,0.017642595168837732,0.0,0.006908435563424811,0.0,0.8367795408588812
-80.565734,35.369972,1,1,2018,65,0.5460826291791394,0.34360198552536847,0.40396689670786445,0.008382454608303324,0.025733052360205882,0.0,0.004606358544036854,0.04803503107238432,0.6997142273814361
-81.9732,28.4716,1,1,2018,14,0.026775658952003734,0.5707542991635767,0.3726900516723941,0.5599657879154414,0.0,0.0,0.0032265819741620393,8.066454935405098E-4,1.9134262462922371
-80.158905,33.657948,1,1,2018,87,0.08336177798005083,0.10328567274750003,0.15444466912694008,0.402448308983368,0.01726916513935411,0.2583644062440751,0.03439613221260192,0.05560892371863744,0.5731491952362839
-85.8168,30.8005,1,1,2019,87,0.1571943583581051,0.22322433748656,0.2528515379183215,0.5748370622026804,0.01370607968180396,0.008811728736606145,0.061204680618307056,0.004837439887695515,0.06
-82.76700278,32.15083611,1,1,2019,75,0.2926604112395357,0.38009307266243453,0.5037794980122678,0.1677730976206383,0.05662769047912578,0.17313898978020972,0.0340638602547203,0.021090764255706555,0.09486832980505139
-83.60227778,33.44005556,1,1,2019,88,0.022516372095375357,0.8516903082252397,0.6464600400822679,0.03032359049754996,0.013989837064377904,0.0,0.026873633249484906,0.09541024636270562,0.36
-77.985048,34.47606,1,1,2017,65,0.06341586659929256,0.25457301667508836,0.45337558330435357,0.2982980048362706,0.009292905036053059,0.09065085092802659,0.015334399231542162,8.057432112184734E-4,0.2716615541441225
-83.6429,29.9264,1,1,2020,82,0.06509609423434594,0.4651239292989359,0.3859832773584585,0.27926436972357965,0.051555389709160925,0.0,0.057424665505039156,0.0016127859137380894,0.39458839313897714
-80.526047,34.636204,1,1,2018,246,0.1306194690265487,0.5465486725663716,0.6624302237893155,0.04399313003798895,0.07052033347338628,0.0,0.047879145908822404,0.11878804727260095,0.41677331968349407
-76.941116,36.130076,1,0,2020,94,0.01851454263017643,0.6224978214470643,0.4750694361286143,0.15170954098133704,0.09656631356266675,0.21596703661020167,0.023093317335775063,0.003694172994648185,2.6943273743181244
-81.90697778,31.64307222,1,1,2018,28,0.44802509264294843,0.15096057773786792,0.18379892930207392,0.32318842412180787,0.009209057944669783,0.005491292018500314,0.03460114631116059,0.02118431077488233,0.2954657340538831
-82.90855833,34.14113056,1,1,2019,262,0.28523227013092045,0.4823333164838498,0.6224788348501605,0.02459494543667846,0.023889717405591218,0.0,0.021567413174258122,0.11408990950912488,0.4036087214122113
-82.31872778,33.62847778,1,1,2019,147,0.0,0.5599029420685468,0.7320514777924164,0.005414510889183016,0.07796048889619173,0.0,0.12722613344793157,0.058827432789413145,0.24186773244895649
-84.41536667,30.77205278,1,1,2020,83,0.05602216094512889,0.6081863947987555,0.3798428279833977,0.3180914754289097,0.07011847134966284,0.10327590513439087,0.06839214743944431,0.0016125003556986086,0.4589117562233507
-79.454727,34.317543,1,1,2018,93,0.1360132436940807,0.04741444674720718,0.12989581806325734,0.3122778993767283,0.040271340240060925,0.35506772447654533,0.0441133259400385,0.019336309608439736,0.1341640786499874
-82.31386111,32.10761111,1,1,2018,18,0.06874225448291554,0.13458863400692977,0.2656847935421521,0.20812672545498398,0.044045594492246015,0.16392395860333672,0.06605574767507284,0.09626557590547297,0.2716615541441225
-83.56269444,32.34082222,1,1,2019,238,0.09239542764655305,0.47533002883010494,0.3526073296205326,0.14459492192853235,0.04958212691709549,0.3277016348257071,0.0465033948236841,0.009672402675399221,0.33541019662496846
-79.576874,33.190464,1,1,2018,101,0.06770425063848079,0.5154120413684982,0.47377120715904825,0.4258224102527535,0.015255019179363385,0.01046175818203649,0.04465284404365439,0.01611445687960921,0.5770615218501403
-78.556055,36.257512,1,1,2017,362,0.08131057226974638,0.4891017298239851,0.6197455585933219,0.014175212805034856,0.05804159363304755,0.0842831651586212,0.02807333364915442,0.23184423705528467,0.03
-81.26386111,32.06411111,1,1,2017,66,0.5922843410068299,0.15122691626612694,0.19631880122082904,0.3792985038018151,0.054078913680457426,0.0,0.015314298718909125,0.014508282996861277,0.4080441152620633
-82.1256,28.6029,1,1,2020,36,0.05497355702320405,0.010020496470052384,0.05610358956088003,0.40763237163655813,0.01775501682820053,0.0,8.066148746109274E-4,0.49326871979148257,1.05
-82.83333333,35.14138889,1,1,2019,33,0.25869194312796207,0.7033048973143758,0.8187723887536691,7.732458942159184E-4,0.006444235252493982,0.02095640032600249,0.0029441310075119563,0.0451317593394027,1.3230646242719968
-82.7699,30.1284,1,1,2019,110,0.07195546276965903,0.3519073828050864,0.30336680729813054,0.009704734637585184,0.018659996584850656,0.033794167683833067,0.11922349622752487,0.42508490440744007,0.49477267507411926
-82.59378889,32.33319444,1,1,2017,329,0.04661659839174633,0.19766853790522437,0.3571920906497591,0.24416510700359106,0.09344518266124703,0.11113288534601018,0.11589301405281027,0.010541188072495562,0.4965883607174055
-80.485687,34.084728,1,1,2018,29,0.08686863582383708,0.5842534805568892,0.35485085831160496,0.27096794740231717,0.14196647232623905,0.019582563081638773,0.10414118911061604,0.0026480858257888155,0.7648529270389177
-82.8156,29.563,1,1,2017,113,0.03047098423303724,0.13984005264090307,0.1658191404313024,5.81883683981501E-4,0.11458840643875916,0.13276619967742967,0.055760412384175125,0.4983428734069137,1.2093386622447824
-80.353195,34.396755,1,1,2020,71,0.10008092456313382,0.33300457729560234,0.2487603355914351,0.3361039811803527,0.20338688529769525,0.146410122742998,0.036652291360599026,0.022201159502709195,0.8453401682163222
-81.1434,27.4478,1,1,2017,67,0.0,0.0,0.002710710266834121,0.4510515581648573,0.0016134798330839288,0.0,0.0024202197496258934,0.4686367993622008,0.09486832980505139
-85.458,34.072,1,1,2019,31,0.02578524932060924,0.7005877520065728,0.6560392964491852,0.0028424916868618555,0.10355515674664613,0.0024170768851619917,0.020929042205637953,0.14414625052922928,0.7421590126111788
-84.898925,33.22806944,1,1,2018,71,0.024501251611924443,0.9177602467824723,0.6005603059486881,0.08120795935784758,0.01957413458560603,0.0,0.0024175351885677445,0.06782371270201429,0.18973665961010278
-84.34972222,31.31638889,1,1,2017,83,0.2849952576667722,0.31725576983876075,0.2925054386668603,0.09066552287325493,0.023378815852702402,0.38772477806722494,0.01794114671590076,0.01118515895697919,0.4459820624195552
-83.69433889,31.77343889,1,1,2017,299,0.09205534196681507,0.24625657628490497,0.2309566726750782,0.21718840720442958,0.02611521548767263,0.3034372441350617,0.06953203784667224,0.006448981914399244,0.1341640786499874
-83.2578,30.1064,1,1,2017,180,0.08063516163724935,0.33968494970582663,0.2394779992805641,0.09640186000954187,0.053922095663337916,0.11625252186671894,0.11709999557289856,0.3529601497625176,0.75
-85.302,32.22,1,1,2017,73,0.016125156508871995,0.7335997672918589,0.5700634462446561,0.23308732278694172,0.008765663130476569,0.022930443688596116,0.13039753688975436,0.04174200563935921,0.10816653826391967
-78.033701,35.780739,1,1,2019,28,0.10211921701439354,0.04211896427533395,0.10387822762435629,0.24078270980221536,0.017616442855518638,0.43409467022069503,0.012080117232405664,0.025938301393398092,0.19209372712298545
-83.92481111,30.88511111,1,1,2017,28,0.22665064507968624,0.33473311409056417,0.4071002247495663,0.1689683726826338,0.02967485715911855,0.17334733021143917,0.02499517803333321,0.003794334426312442,0.03
-84.9754,30.7609,1,1,2020,57,0.0855065132161376,0.256747186037688,0.1891886696529519,0.26805290328128856,0.020489341115910227,0.3412834928002733,0.07436239573518161,0.009925315086858365,0.47434164902525694
-81.830885,35.249081,1,1,2018,101,0.48784588352779085,0.30299965869875756,0.4769800297670936,0.028284298489661096,0.03196939832714223,0.0,0.02387675940666615,0.20903772774366347,0.517880295048962
-77.875518,34.791194,1,1,2017,121,0.04530744336569577,0.12197866100323618,0.17083223823868354,0.49830833148009646,0.00724930665672717,0.33773872172138664,0.02544996241100253,0.0,0.12369316876852982
-82.741967,36.51295,1,1,2019,275,0.08574857864813645,0.26736576121288685,0.32492479504945776,0.004380429433656449,0.004026375125528168,0.005636925175739435,0.002886358325280585,0.5048442819157336,0.0670820393249937
-76.744107,34.776323,1,1,2018,72,0.19734098348225007,0.19108521743526233,0.2475028504196788,0.3705535474584769,0.005637940019898613,0.018805767438922323,0.02097250517205983,0.0024162600085279773,0.0670820393249937
-82.44774167,31.47266111,1,1,2019,176,0.08698621474642716,0.08774503604401158,0.18269223474167476,0.3190737347257425,0.0664932207515498,0.3050235037128597,0.05907382410308127,0.11856176876898715,0.3244996147917591
-81.78927778,33.16044444,1,1,2017,65,0.0900495500050561,0.25797603397714636,0.20986897788186454,0.40851507254906105,0.07373919968649861,0.16443023013279573,0.12966696794827232,0.008027153268062678,0.2765863337187866
-89.9023,30.281,1,1,2020,296,0.022427423945354494,0.6036809815950918,0.33084489648686227,0.31527833779973696,0.0016126890166391556,0.0015336356334705696,0.008898248809456047,0.0040317225415978895,0.4883646178829912
-85.13177,29.64295,1,0,2017,209,0.0,0.07957794590217857,0.020762275137334904,0.4120067416423924,0.009022884539968882,0.0,0.018014143126415267,0.0,0.12727922061357855
-81.3168,26.9625,1,1,2017,139,0.11055683573472434,0.06977539186143678,0.07864771511724748,0.3662489691715865,0.008387382541841995,0.10818489575094123,0.14438890119277367,0.28858164330686237,0.6007495318350237
-79.659634,35.162382,1,1,2019,200,0.05795269219585582,0.5120545139635139,0.45209997563985804,0.09745168656078267,0.22104960578186586,0.1476770191044172,0.0397977105023754,0.06606628424138275,0.16970562748477142
-82.680351,35.638359,1,1,2017,42,0.22015821265195742,0.3336492531655165,0.38696023702044724,0.0,0.004832474226804125,0.003935465938952902,0.008859536082474228,0.48171871841520153,1.716041957529011
-93.5213,30.5689,1,1,2018,148,0.05547825646993348,0.48187406714058056,0.6789706891868031,0.17431437707502956,0.049697414267375756,0.0,0.07256366315283583,0.009675155087044775,0.54
-82.11228056,32.05508056,1,1,2018,79,0.0654798781181647,0.15603150721302772,0.20691540310940781,0.2195792963728296,0.029600032874876336,0.16960591242006504,0.07677548039993554,0.11117398079980785,0.16155494421403513
-79.290086,34.721451,1,1,2018,87,0.0545525753919624,0.07964322261948377,0.08338375085103253,0.28577053382927003,0.001611384590107994,0.39017308166244324,0.014502461310971946,8.05692295053997E-4,0.46572524088780076
-77.582064,34.705828,1,1,2019,127,0.123962766965154,0.3343900375108932,0.3225105665019899,0.3624312709826317,0.0672036045828252,0.11596721497949367,0.02736929911591669,0.009668674127765533,0.7874642849044013
-82.057912,35.445136,1,1,2017,77,0.12806157268154586,0.6135277911179634,0.7100326208626967,0.0010309304399899939,0.04255769437302181,0.0,0.05661724292600333,0.16714153047235772,0.2765863337187866
-78.771958,36.12584,1,1,2017,30,0.2866975663353582,0.6171177428928659,0.4983244926234223,0.10030458258341411,0.024845897332255455,0.011946114591754244,0.008052495957962813,0.04617080133387227,0.45
-86.652,31.665,1,1,2017,44,0.037938665823585224,0.5314321846348408,0.5845912946899339,0.1655405832570894,0.02123152989675077,0.0,0.03904881734435162,0.15977706261341287,0.10816653826391967
-89.10668498,33.12639464,1,1,2017,24,0.055473382131705044,0.614619284206268,0.4753697769355462,0.14462836242437369,0.012501777616256099,0.0343640874113167,0.01795629434164994,0.16537361543444937,0.10816653826391967
-84.711217,36.128433,1,-1,2019,23,0.1029952374335199,0.6836367311360683,0.7786942980257733,2.576923698805117E-4,0.005353251429112845,0.0,0.010235922054132584,0.1617660992325427,0.34205262752974136
-84.62061389,31.042675,1,1,2018,61,0.021487017996484163,0.5581565934413375,0.23530137790097735,0.018058899702567632,0.08018539830283408,0.39276048714479017,0.0736819141805673,0.016367786728719032,0.6661080993352356
-85.5691,30.2414,1,1,2019,135,0.7042855697227284,0.0448795790325845,0.11035633464990588,0.3806891339003349,0.08631676148492026,0.0,0.11863297271827437,0.0,0.3059411708155671
-83.640033,35.043133,1,1,2017,331,0.1275778406793368,0.6347553578649412,0.8690286543725513,0.0014176575950058023,0.00805554853546969,0.0,0.006444438828375753,0.0938139705324876,0.9241753080449617
-90.8199,30.8933,1,1,2017,72,0.1350992372205988,0.6252640633499041,0.370961753255688,0.3848591292805515,0.004262248430904459,0.0,0.06439536464673606,0.09894234265568425,0.22847319317591727
-79.583833,35.183443,1,1,2017,319,0.26106010280244013,0.48443439714072845,0.5560117948298055,0.12154800570534968,0.09318960178948296,0.009667757712090382,0.06273300559845316,0.024071452943927,0.12369316876852982
-81.82918056,32.17624444,1,1,2019,86,0.08810661811192876,0.12448473813317144,0.28087907397545964,0.37694314602161744,0.05782044149998732,0.09089817179558494,0.08965913975775652,0.09235529875843927,0.042426406871192854
-85.8138,30.7955,1,1,2017,75,0.0886426592797784,0.26898898291149653,0.260390736091516,0.5690890429287652,0.013706643058146518,0.005643911847472096,0.06601954026622821,0.005643911847472096,0.15297058540778355
-85.996,31.614,1,1,2017,10,0.055518318515801864,0.5075942483527882,0.5688076549777437,0.12741437134167957,0.10645427445129023,0.03439097406846582,0.03829824899710116,0.12039844088349937,0.03
-79.572395,33.819031,1,1,2017,163,0.04513616709232051,0.13672339241914677,0.08154717101308903,0.47915319704562226,0.01507028058524504,0.3675284423901405,0.01455530034721675,0.014501590751839566,0.08485281374238571
-76.569104,35.922498,1,1,2019,312,0.029665458494878953,0.0875314145713095,0.15801627118849598,0.19501879912949494,0.05193828814030477,0.4266761011852115,0.0626310934775467,8.055141391423013E-4,0.6476109943476871
-79.987032,35.888076,1,1,2018,99,0.5875526225964275,0.3535100694049381,0.39155744928567326,7.731458648318678E-4,0.0184902668675517,0.009665223200325965,0.004027176333469152,0.07864838486539757,0.33541019662496846
-82.52756944,31.54646944,1,1,2018,102,0.17819791337337976,0.11510591210875756,0.21507643114621697,0.24678133403872987,0.022978295642058295,0.3403531620840738,0.050521271282346354,0.0521429339132964,0.3244996147917591
-90.2925,31.21527778,1,1,2019,37,0.05805423454416675,0.20826166143883437,0.508903610356463,0.20015609454088934,0.007208597200661422,0.0,0.026605414668230645,0.11436060058996682,0.03
-84.40722222,30.19166667,1,1,2018,120,0.10501214451978538,0.3379086124886144,0.3838117488973458,0.39033711525988657,0.05567782942794806,0.0039053853208108045,0.031021724694051817,0.0017740252347974589,0.51
-80.497437,35.598129,1,1,2019,225,0.1768362010156902,0.5692033654210569,0.4900700905061982,0.005422791795317533,0.006363955063844839,0.039541795235403174,0.0038088981672441072,0.23851092926377085,0.21
-84.25383889,32.00115,1,1,2020,128,0.06656802863032235,0.09139193444364353,0.2437474744869447,0.15340756508427314,0.18299004918509526,0.4148490940585923,0.05038627369166383,0.00998874685480914,0.4036087214122113
-83.45213611,33.70569167,1,1,2017,62,0.04747459426664644,0.35312705394610444,0.5631680855796646,0.066844452083881,0.03545348546944268,0.04189957373661408,0.03223044133585698,0.3172897358683732,0.10816653826391967
-80.6502,34.294617,1,1,2017,65,0.18149875503987659,0.31666224295049233,0.4561156708552732,0.1118423214239679,0.14546218513943426,0.0,0.1421702276884582,0.028822003671069622,0.4242640687119285
-87.59445,35.0065,1,-1,2018,23,0.032414603631952074,0.8077997245074621,0.6866396409190909,0.02957686897903423,0.00777747942695582,0.1061016253099777,0.021948792468923246,0.15448184359747905,0.33941125496954283
-89.58072536,30.82793781,1,1,2019,179,0.12868056258221186,0.4980648588485277,0.41690205965492355,0.25252221226242355,0.007259711761618383,0.0,0.05682558352778988,0.13396002099498522,0.09
-82.7516,29.9584,1,1,2019,347,0.08543190503910304,0.6248006884158843,0.48090723639873934,0.059909193385506126,0.04012433516104756,0.0024190335249587355,0.08033404797591723,0.18564264076245413,1.3583077707206126
-86.636,33.904,1,1,2018,217,0.14293118268695962,0.5010239166708804,0.5771002052433087,0.003480542327641118,0.01985647974063975,3.7602181558499845E-4,0.009545898360355298,0.35495195452347933,0.18248287590894657
-81.5855,26.3642,1,1,2020,324,0.45539692183070063,0.024276022681247462,0.02813855772740782,0.64298100519513,0.008981126343371436,0.008420992670793303,0.04478221243306878,0.14913796377169333,0.042426406871192854
-83.1084,30.5612,1,1,2020,130,0.13725614230409153,0.38253080640672055,0.26171894563510023,0.2813644722231356,0.026529560380836727,0.05733420605784645,0.032894757645035105,0.05380852550663869,0.45099889135118726
-79.38333,35.654896,1,1,2018,0,0.1198236438515374,0.2863008160893402,0.5663824050192835,0.004810180057081413,0.010468641445083058,0.0066348765237162904,0.054699046295711505,0.36716667719320417,0.21213203435596426
-83.53998333,33.40399444,1,1,2019,74,0.055412973943386006,0.3900147919642972,0.5655852330466696,0.07206675665974024,0.12301775409722103,0.0,0.02929204826282892,0.24919888507556096,0.32310988842807026
-84.291217,35.30375,1,1,2017,100,0.16370551961180754,0.6550116255560048,0.9096689160744976,0.0018476376164059706,0.02738799982309942,0.0,0.02653824527264801,0.0185271763509202,0.3014962686336267
-84.52778611,34.75541667,1,1,2017,329,0.15937614539755565,0.7856194941924396,0.8276919468911594,3.866559717119459E-4,0.0033552382155945908,0.0,0.004694806015417666,0.04212056110198407,1.0606601717798212
-87.365417,35.213583,1,1,2018,22,0.05840283042709121,0.6178291635077076,0.5062922530566741,0.0038085554022003303,0.01432542565625296,0.0,0.025267713301955326,0.1900843415358372,0.0
-76.657093,35.908125,1,1,2017,62,0.06983296692189118,0.14297627170040178,0.09075129612224479,0.35305207733276733,0.024861608030997257,0.5672539180795327,0.027694182958446074,0.002415741158861032,0.6906518659932802
-84.19156389,32.42897778,1,1,2017,27,0.03209002402326463,0.5455304083954987,0.538482310683274,0.08192645941098149,0.049456193639946786,0.23801366074448216,0.059794994010386245,0.020023326305941263,0.5126402247190518
-82.6537,30.2749,1,1,2020,359,0.04620211527756693,0.3231111785840798,0.4591382856980964,0.24691366768895137,0.08427589826939068,0.0,0.15411055282737857,0.055532542601194626,0.40024992192379
-92.8539,32.7767,1,1,2020,270,0.0222019926161938,0.6075077125372983,0.6705452129340613,0.072235417021679,0.045876489050010585,0.0,0.15481379170841325,0.011141207295989481,0.5762811813689563
-83.029793,34.942402,1,1,2020,77,0.09457119383176388,0.8506351513619416,0.8803540102103163,0.0015465582256428438,0.011271343052550106,0.0,0.002416641657847767,0.028557438675743545,0.34985711369071804
-79.928345,33.668304,1,1,2017,27,0.1172751299333578,0.6439889224699356,0.2356638923601423,0.3710468154115561,0.03597147307985201,0.1516875057271869,0.04482846877932717,0.0032230237650605286,0.5604462507680821
-82.14306667,32.37274722,1,1,2019,67,0.14915652899668683,0.20817420774425247,0.2297612738533985,0.3006605323095472,0.0515721998154072,0.1395509084242601,0.10291049776844982,0.03957366644330094,0.09
-82.61936111,33.83890556,1,1,2019,228,0.03217812393319088,0.47422589169437745,0.6459834974121813,0.07991248229374034,0.1520887315932502,0.0,0.07953611830879091,0.12725778929406545,0.48
-86.048,31.509,1,1,2020,215,0.031153554262585384,0.5861624082974958,0.6029316334896715,0.14810510018850617,0.051484303373273047,0.04800670228573236,0.060766336821472616,0.1022541177958332,0.03
-82.2448,26.8853,1,1,2020,132,0.9197367588432575,0.010187938998924248,0.017267660636730103,0.22629499861034538,0.0016137606318347515,0.0,0.003227521263669503,0.008774427906034835,0.15297058540778355
-77.288854,35.568796,1,1,2017,108,0.34015626580358027,0.035526448872256484,0.10268645673453766,0.2419792156781487,0.01610982478196458,0.3383252731562939,0.020942772216553957,0.004832947434589375,0.5977457653551382
-81.9095,28.6938,1,1,2017,101,0.05561740890688259,0.004934210526315789,0.04653909744718173,0.3541915805529733,0.001613219543363974,0.0,0.008015486907616295,0.5088632179617761,0.15297058540778355
-87.48777778,33.00055556,1,1,2019,250,0.044601769911504434,0.7663084702907711,0.6806999039821369,0.14946224435054464,0.0213763810583268,0.0,0.08758185219831618,0.0,1.798249148477485
-87.2617,30.9781,1,1,2019,267,0.36291434280583273,0.2382415803518357,0.2986076791364323,0.4262722474157969,0.03475019444426883,0.036280455031205965,0.018239820921571,0.07445792731894557,0.3612478373637689
-84.14247222,32.47836111,1,1,2017,14,0.019345539146267448,0.6808744689459842,0.5634426230337185,0.06343377359702299,0.05118731174163291,0.1223027494808574,0.03942639868262604,0.016925474181935424,1.0653168542738822
-85.0524,30.9875,1,1,2017,105,0.06585205424003238,0.08118295891519933,0.2242281625934667,0.11575006601224332,0.09274259842420106,0.5549316437126125,0.03889226138533723,0.03325808450632976,0.7571657678474378
-84.93654444,33.48509167,1,1,2017,45,0.029036621285094863,0.6722034712478034,0.7034464802119358,0.016609537098829102,0.016982360339520802,0.0,0.0930522111197487,0.0776846602579903,0.5316013544000805
-80.257019,33.682968,1,1,2019,149,0.14457587705995353,0.20890203215043993,0.14327616495835613,0.27639497996789847,0.0016147686551599926,0.364144551814798,0.05611242076257532,0.02021146833347028,0.7256031973468694
-90.2607,32.3811,1,1,2019,261,0.3714993741544765,0.3019230526089541,0.32720840337154355,0.10222342239564064,0.005063467179124101,0.0,0.02085440477394558,0.30376378072216037,0.39115214431215894
-82.18635278,31.93443333,1,1,2018,65,0.013820223298392904,0.5162289630407019,0.2676401881566121,0.48614238990860686,0.015419776384792649,0.02087897150913396,0.030276879502571546,0.001978839691857359,0.579396237474839
-77.797986,36.432125,1,1,2019,80,0.0,0.46516561643662624,0.6510866627088886,0.06539933559852969,0.053139761044734696,0.02773497688751928,0.03857132031624949,0.0501307181287732,1.1576268828944845
-81.85848889,32.17856389,1,1,2018,17,0.12124047080241217,0.17570386477705152,0.2074046240845238,0.3529917780342333,0.053483880552666764,0.04301785640905685,0.12953720006195532,0.03224205565231684,0.2716615541441225
-80.166557,35.357406,1,1,2017,363,0.6483127457549975,0.12295651954028806,0.42779711691824435,0.00376810012149293,0.012889773481186627,0.03569645847155091,0.018323697595804517,0.14407481123432228,0.49203658400570177
-82.2518,28.7742,1,0,2017,186,0.09741221132552992,0.00968048086048719,0.04370185672795032,0.742082375381009,0.0,0.002587485805204707,0.0,0.013035487779032517,0.39
-84.37013056,34.77281389,1,1,2017,80,0.12295247724974723,0.8202477249747223,0.90829678211091,0.0019332808357029707,8.055726673932617E-4,0.0,0.0,0.02641330616500024,0.3189043743820395
-78.316833,35.9805,1,1,2019,296,0.11079225819501157,0.4289597107568611,0.455120606422574,0.07464622486587222,0.05413019926912543,0.1156102044490488,0.051142267858891304,0.13110891420593984,0.17492855684535902
-79.863707,36.532927,1,1,2018,6,0.07644108692631288,0.7359365328010715,0.7227686653398433,1.2884234396055304E-4,0.037823842376975454,0.0,0.08004294217015843,0.07449835019971274,0.2563201123595259
-82.84958056,31.90713889,1,1,2019,37,0.054451877236687395,0.42369023381681625,0.40356923039575904,0.2101336729228758,0.10354365556047296,0.1386040336346969,0.05710627805525704,0.010589871657077832,0.03
-93.1936,30.7518,1,1,2020,313,0.032684037439919045,0.5725271945357956,0.44541856047672135,0.19269033581457215,0.04323480031491782,0.0,0.09205654608518593,0.2370799910204159,0.42638011210655685
-89.59027778,30.29888889,1,1,2020,103,0.06465201001846839,0.41896678219950917,0.3058286785087492,0.5264827941392966,0.012095091132163774,0.001242711324167415,0.005837264896725314,8.063394088109183E-4,0.5408326913195983
-79.365562,34.539223,1,1,2017,284,0.07944072917588464,0.08169095988774135,0.07372394736935212,0.38576568717485543,0.0018258897263692588,0.46235445005338655,0.022409795361355574,0.0016110791703258167,0.40024992192379
-77.84937,35.064373,1,0,2020,208,0.07680163681830812,0.28342468867614745,0.17752437152570882,0.36093510646954163,0.013374154044473086,0.30646496432927,0.05171781893550199,0.02099170315886586,0.0670820393249937
-79.60601,34.746422,1,1,2017,48,0.07127247002943367,0.05430704513586235,0.10033487079042151,0.2782354204839833,0.014587401186707372,0.5047392466493528,0.0016113438607798915,0.0016113438607798915,0.5531726674375732
-85.5437,30.3902,1,1,2019,76,0.12119717151784246,0.3509038240167989,0.31145129230686747,0.31653917038801344,0.1437393674544501,0.008063343093667595,0.16599735648830358,0.008063343093667595,1.0870602559196063
-92.7623,32.8734,1,1,2019,321,0.0354736349730092,0.5275154549247166,0.5386214749599028,0.21383389256654653,0.0854297561407279,0.0,0.09750578359859925,0.030709960431336357,0.3059411708155671
-82.79422222,32.48775,1,1,2018,84,0.025771044878036442,0.38651509212073704,0.33781625046080765,0.27425339075917315,0.06088784234397962,0.0707302811448077,0.0762488739984512,0.07191554593296137,0.46861498055439926
-82.1145,29.6705,1,1,2020,139,0.09474350053766842,0.640027832247454,0.5042030922858819,0.15317329166839547,0.016900802661623412,8.064567138312069E-4,0.025477707006369418,0.12237269052935182,0.0670820393249937
-85.09,32.226,1,1,2020,57,0.02901904256126242,0.8019244872670259,0.7424751582493726,0.040843686485956196,0.008056945440982635,0.0,0.054808722615393844,0.03222146011195645,0.10816653826391967
-79.045825,34.628234,1,1,2017,40,0.3861384887541066,0.03236037402072276,0.08140694475403136,0.3021931892907706,0.008861747264863568,0.17473280489307463,0.015136053884478202,0.0,0.09486832980505139
-83.73071111,33.23906667,1,1,2019,245,0.04938864794466853,0.5905268881105618,0.7567834033254428,0.04020290801793066,0.11017179480696794,0.0,0.05363373195459259,0.0973029858670645,0.15
-77.126005,36.222879,1,1,2018,88,0.09676603706794101,0.5746036562239245,0.4868722482095992,0.12938429621365768,0.054416525845322895,0.15581105197492065,0.07694688797991124,0.0016108908858320568,0.5531726674375732
-93.3054,31.1395,1,1,2018,80,0.19495630398765637,0.6494833626326374,0.43494038125847573,0.20765521535635945,0.050336079723295415,0.0,0.06753526782044554,0.004834110036864436,0.03
-79.743896,34.902469,1,1,2018,82,0.34679853979562175,0.23279901979360076,0.2803223492696695,0.129011484817406,0.15860432491184617,0.011279905969187218,0.009668490830731902,0.02652515703398507,0.21213203435596426
-84.01538611,31.59023333,1,1,2017,72,0.04242968433832456,0.058048360987454466,0.2428798232619163,0.17750635632975134,0.019325122342914232,0.6550309176666964,0.03957018752924218,0.00895916844754113,0.39
-82.8924,30.5337,1,0,2017,137,0.06109930692568418,0.8317524156422317,0.42761321745957614,0.39366050014442905,0.03225214856224982,0.0,0.001612607428112491,0.0,0.8453401682163222
-79.261608,34.466023,1,1,2017,364,0.05601911552757339,0.11554021593466332,0.08761353739271797,0.35281019737523855,0.004834199592410623,0.44822825005134354,0.04276844815873869,8.056999320684372E-4,0.48373546489791297
-81.441124,35.10054,1,1,2017,364,0.0685873136214304,0.7838514025777105,0.7086883305519808,5.15501952337296E-4,0.026750232184939278,0.0,0.06676501620556112,0.051254430467718444,0.12369316876852982
-79.874367,33.580177,1,1,2017,67,0.17914445258609793,0.25207822725320256,0.31344051720041216,0.367682759750338,0.03756067347557892,0.07237840024269389,0.06582440084942863,0.014511072909293151,0.22847319317591727
-81.2745,29.6962,1,0,2019,149,0.0,0.5821271319398759,0.4686180698068838,0.3556853185348893,0.0124739072680119,0.0,0.028822189891833782,0.0,0.5515432893255071
-78.980516,35.31928,1,1,2017,82,0.13251595778297415,0.4572078619730773,0.46144990466140806,0.1254977291070012,0.12281433191833444,0.008499469375379022,0.039897917930058646,0.0725881847584395,0.674166151627327
-88.85226873,31.41793114,1,1,2019,261,0.03236495630288235,0.5233409639925632,0.5952241979634738,0.18918340674080933,0.05112025114364568,0.0,0.08643337453724632,0.06734468706629193,0.39
-82.1679,29.9434,1,1,2020,133,0.059998482011840326,0.15105247179072004,0.28808976666858954,0.31376694787053105,0.01309231664431908,0.0,0.0806347559895768,0.013440180130037704,0.09
-81.903366,33.572998,1,0,2020,204,0.21118852821790304,0.5755617657844486,0.4173978810791569,0.07094481867432964,0.0793782213135216,0.0,0.06365678928856959,0.01690962467648609,0.33
-86.08110466,33.36121628,1,1,2020,314,0.01713021491782554,0.9828697850821746,0.8351612738503137,0.007496300385912595,0.002417496989979238,0.0016748671956718902,0.029670430377666757,0.023523983782229346,0.36249137920783714
-85.448,30.6172,1,1,2019,53,0.08293065499531967,0.19501859488450937,0.30458671134597437,0.21249533325846318,0.046441478614723565,0.04556880377147304,0.3772959094947657,0.0047680929841369245,0.5507267925205745
-82.0322,29.7037,1,1,2017,78,0.33533275122432693,0.5324399225541929,0.4138712512541994,0.1570305222578264,0.004838617863038654,0.0,0.015243227516239423,0.05671935383895313,0.21840329667841554
-79.300071,36.157242,1,1,2017,319,0.020363305626436935,0.6363911977969231,0.5211249458082076,0.005540447540829533,0.005636640372870863,0.013553199148662043,0.02015612072831077,0.32866823713677595,0.30886890422961005
-80.431366,34.234123,1,1,2017,102,0.0369719867072693,0.4110637975259345,0.41730013901175256,0.20546392013142928,0.11565539426036286,0.11764928933913907,0.03667376590218223,0.06278399575309829,0.24186773244895649
-83.75111944,32.68032778,1,1,2017,295,0.12919743096996059,0.5902447658541519,0.3332305146865482,0.14493434439459713,0.11449431099873573,0.014551201011377997,0.016829962073324895,0.08185524652338809,0.4326661530556787
-80.416833,36.032167,1,1,2019,262,0.423718750394765,0.34967976655171107,0.3813329883852896,0.0028827078960426316,0.0101010101010101,0.004616341596647942,0.00644140687904364,0.18016362436493732,0.15
-78.543699,36.244722,1,1,2017,54,0.09357508370711984,0.5241645081811865,0.6493831240027365,0.011579624953136823,0.0618814226253261,0.06449942208214648,0.02656211511618361,0.19037814144144724,0.19209372712298545
-81.9108,28.8617,1,1,2018,72,0.7411358287146003,0.16127603573507454,0.138887272318747,0.15053568636222636,0.011285960556073957,0.0,0.004032959559695711,0.07203340239447091,0.17492855684535902
-84.26455,36.48025,1,-1,2018,23,0.06304644463536666,0.5074922929195935,0.8011715554738185,0.004509286097908854,0.011169673562579543,0.008052775681249034,0.036098540710728516,0.23424419173816804,1.8959430371189954
-82.2274,27.6527,1,1,2020,111,0.050845097170348824,0.0243084129898082,0.03890589908043736,0.2741903399096892,0.0014490094217250171,0.08156530982858659,0.007260865988774921,0.611513613728257,0.4242640687119285
-82.06630556,31.00819444,1,1,2020,114,0.08721283270923993,0.6031904665519682,0.4572337205373239,0.45723321469689054,0.049217957108575454,0.0,0.027756436401116715,0.005643608494816418,0.12
-86.651,33.104,1,1,2018,23,0.02541022982983995,0.4820232105382923,0.75417194822714,0.00873751702023417,0.04350972782321783,0.0,0.12496997585426593,0.11605122435305867,0.3612478373637689
-78.780899,33.853466,1,1,2017,63,0.15062227557015603,0.1515825383789248,0.13018128985194397,0.5968733680703181,0.07826493657525332,0.1446792104614491,0.047851395850055954,0.008197498404110761,0.17492855684535902
-80.936166,35.606004,1,1,2020,90,0.2164607181664267,0.119879715967958,0.2987441215976518,0.00786061023198275,0.017537820168651123,0.0,8.053564096895437E-4,0.023652212361431346,0.042426406871192854
-78.903902,34.772404,1,1,2018,6,0.05660520333417527,0.19142460217226565,0.13626225106785392,0.407650034040923,0.008057126607475746,0.3110872381433852,0.014095232076842863,0.0070018010047710804,0.5135172830587107
-77.885624,36.063287,1,0,2019,181,0.06142577508366484,0.2078929090105449,0.2861491943939296,0.22472081569667343,0.019330263232702267,0.2947770386794781,0.06107036594841477,0.05245702806678419,0.3612478373637689
-89.27481677,34.75881582,1,1,2020,66,0.050977071062011776,0.6861870212604594,0.7772648746675508,0.06659799504472584,8.05544674559952E-4,0.04511050177535731,0.025777429585918464,0.08462641681092767,0.08485281374238571
-82.41927,35.508136,1,1,2018,108,0.2520313901911971,0.4798756523826976,0.6013901059306398,2.57726488522075E-4,0.006361600444743465,0.016109315922637375,0.0016109315922637373,0.18363040807108313,0.48373546489791297
-82.33115,31.77280833,1,1,2020,130,0.5044960730501205,0.28502953116897883,0.24076729294464969,0.2792507928993845,0.0447546523279816,0.03477510455291183,0.04219417285449205,0.0040303843564187414,0.36
-81.975658,35.447648,1,1,2017,74,0.23302541291243853,0.6130185889578303,0.6431203620787592,0.0062148902666065665,0.018254469644323718,0.016375007896898105,0.029297491945163956,0.20289974098174246,0.6264183905346331
-78.709489,36.213125,1,1,2017,86,0.10531438828913109,0.6030642429145706,0.6302253045889054,0.01777941260434442,0.021414628907853915,0.03817047055330599,0.0322419663556597,0.21683733094129598,0.12369316876852982
-79.613892,36.334471,1,1,2017,34,0.19590026160476193,0.5471078140204987,0.5831651539788526,0.02626377057944317,0.01546414541412458,0.010708375964732788,0.017905187767630462,0.21860118483711657,0.24738633753705963
-79.673012,33.728977,1,1,2018,87,0.06152484511316222,0.10968516879504359,0.18426027467213127,0.48664989086629007,0.01816596424938235,0.16422031681441646,0.029368835419523193,8.056210232334784E-4,1.0985900054160334
-83.999826,35.082571,1,1,2019,30,0.1680231529459343,0.6962818795339079,0.642798336438991,7.732556640977402E-4,0.007954333658709177,0.03173835991622362,0.01594973417109715,0.06285755803852072,0.0670820393249937
-83.19705,36.509567,1,1,2017,45,0.07557728260320347,0.6041129806477692,0.6875380194133944,6.441827518678771E-4,0.15763562354144892,0.0,0.009663147723002398,0.10329778600233055,0.33541019662496846
-84.21297222,32.04126389,1,1,2017,30,0.17924397060869351,0.5092385324581707,0.2579573993775483,0.138826768459882,0.036880271093858656,0.13065990617927092,0.004659425695752778,0.010055382047618444,0.0670820393249937
-83.89805556,32.46944444,1,1,2019,146,0.03928982409995067,0.48265658392240657,0.33661015166409797,0.07662091257367787,0.011887603514760729,0.5194829003097542,0.016318983500853403,0.002964789177571275,0.47434164902525694
-82.29853333,33.07948056,1,1,2020,179,0.04704960307427819,0.3534282247054659,0.4298091046296746,0.21066799475170483,0.06707475082006588,0.11405709807292427,0.07666588715640979,0.05396633779760965,0.24738633753705963
-89.71164837,32.31876842,1,1,2018,176,0.05345152438638865,0.4328852695337693,0.46356351977668225,0.17496630770358862,0.01169208010923987,0.0,0.10877838466595859,0.2710925251605724,0.6
-87.654,33.608,1,1,2018,285,0.050172551101672375,0.8855853464295188,0.6764318683929809,0.058967851527545405,0.013682570680115394,0.021610877801688032,0.0207766517833161,0.0221291091161312,0.1341640786499874
-93.6705,31.5052,1,1,2017,47,0.11030453257790362,0.45270133549170355,0.3600250468743756,0.046910286971831874,0.08106741022455317,0.0,0.09970061678632505,0.0,0.09486832980505139
-84.01520556,34.59114444,1,1,2019,339,0.0736214153006155,0.7702253510446023,0.7980003325871183,0.0,0.010084479632004945,0.0,0.0072505892091013,0.13022310963396358,1.0400961494015828
-84.92482778,31.110275,1,1,2017,262,0.039123670263227814,0.03500006324550642,0.046644801468111174,0.16581097663991515,0.008144424420626642,0.6756647380568467,8.093837933542005E-4,0.0,0.2563201123595259
-86.566,31.108,1,1,2018,22,0.06348644273573448,0.6759915014164304,0.6418136257137191,0.1898487987665961,0.045109216279532974,0.0316535935934037,0.04449271101078409,0.09355072257579063,0.21213203435596426
-84.63313056,32.3455,1,1,2017,275,0.04000556335267864,0.4712918357799445,0.7333414918939478,0.035063942718813336,0.05668744310711031,0.004835895620511781,0.2570452361687063,0.0013401436229392122,0.5408326913195983
-81.1136,26.8041,1,1,2017,149,0.031356855196170326,0.0,1.2909509904378508E-4,0.2648707428992635,0.007062173706691979,0.5101566207878502,0.0,0.0011485524442335074,0.03
-81.586128,35.164745,1,1,2019,190,0.10273548550129508,0.6062669783309115,0.5763799639458982,0.009203550020139563,0.02329599656324825,0.02119856717775715,0.008860375642021877,0.3605683275527676,0.28460498941515416
-82.085,30.0534,1,1,2019,130,0.12061897411240731,0.41622592808158515,0.5184984872555072,0.16136733888512245,0.006450980454161675,0.0032254902270808373,0.019511053628518397,0.22691956196577817,0.442944691807002
-83.21238611,32.21621389,1,1,2020,343,0.19410894282209212,0.39212586475104033,0.32703352609341013,0.15681382006306213,0.06721940025350309,0.1917456624742784,0.029987324847408247,0.020975639052113536,0.06
-80.017708,32.984901,1,1,2017,57,0.6140745704423911,0.1933420150961527,0.20892808473908656,0.22199664550852624,0.0016114660549415123,0.0,0.009555045784594379,0.004341479136254192,0.563648826841678
-78.398412,35.342768,1,1,2018,99,0.04575782849344151,0.22604695832385582,0.22029828811810237,0.24108506446973302,0.016773912301816706,0.2654226804775038,0.03093539042781375,0.025186139883688247,0.06
-77.387206,36.024636,1,1,2019,139,0.14699672553952745,0.28554812445478345,0.29759264620949033,0.17197398160036503,0.013794345171347437,0.3857141503384623,0.10360447155370384,0.0024164584511291026,0.6977822009767805
-84.74869444,34.77323333,1,1,2020,321,0.2481927101764318,0.6207345432485716,0.5385210239655823,0.00855595945219216,0.009667360652578437,0.0,0.002906526732147765,0.23856897788196343,0.15
-81.4018,26.8481,1,0,2017,226,0.0,0.4970755051400212,0.14465875896703762,0.29381103534164577,0.016944111328032307,0.012441502472796085,0.21675489417445323,0.15887279734463158,0.7874642849044013
-79.605159,36.05987,1,1,2019,330,0.5682427307206068,0.30087231352718075,0.5141595929758113,0.0018038985430866479,0.0077639113941243175,0.01353156892287574,0.03033863667232061,0.10067499913137687,0.3818376618407357
-80.379902,35.045297,1,1,2019,232,0.08349136514197576,0.37308149384308065,0.33346878455775225,0.0012316963951779375,0.026643163567669367,0.2161937615699062,0.014089223323666753,0.27341306696487827,0.23430749027719963
-78.913543,36.505972,1,1,2019,35,0.08434602460776637,0.7030014400848895,0.6197261303828754,0.014118891728891018,0.0372100072942224,0.001051504788609645,0.013375898752403774,0.16592935024582472,0.06
-81.617371,33.822037,1,1,2019,264,0.0832732744123709,0.3879679854341313,0.302104934296001,0.055755633901787234,0.09188116559338207,0.1909730341197065,0.10081712873727386,0.14074457933353138,0.24738633753705963
-90.81722222,31.49222222,1,1,2019,77,0.047940008599104696,0.8761096638761726,0.7032910339846419,0.06990241763310794,0.01625916020157186,0.027479024007789735,0.04176862231832927,0.13427796430129563,0.54
-78.440692,35.538034,1,1,2017,57,0.288369152970923,0.28714285714285726,0.2680213311395118,0.23004450472512109,0.04125645520443457,0.2632270494780565,0.008054200028426592,0.0855577138705959,0.36496575181789315
-78.981559,35.604635,1,1,2018,93,0.020862554810013013,0.7877099207703097,0.63384643994702,0.011283258399655162,0.032747898973884436,0.0,0.04971402042124746,0.0025108091121842147,0.0670820393249937
-87.759267,36.3461,1,1,2018,62,0.06977684551037433,0.661907048447017,0.7248442052014797,0.0,0.009496139331449063,0.0,0.012079392398667331,0.2638928802640099,0.840535543567314
-81.6474,29.556,1,1,2019,64,0.4345432455007976,0.2353760093148051,0.2846755696511887,0.29785699937409577,0.015013314947530882,0.0,0.06342785575578931,0.13983857602803412,0.19209372712298545
-80.559906,33.550037,1,1,2018,71,0.11428860401021514,0.12004096184480008,0.2050031875970371,0.19733525987889655,0.038584274348977265,0.5004644520413775,0.02404092233224435,0.014255834086356486,0.16155494421403513
-81.5621,27.3792,1,1,2020,115,0.022598083277418368,0.016141488055298834,0.008958812646008448,0.27894061458325425,0.0,0.05304420455839741,0.0024203039775243956,0.7561630747035532,0.21633307652783934
-89.03602528,33.6152172,1,1,2017,77,0.056816027302028706,0.4645389622701132,0.5108020782619207,0.25846929144049124,0.045547476624291795,0.025977924609983542,0.01011499047275968,0.08341312199607537,0.637808748764079
-79.086344,35.383891,1,1,2018,79,0.10143626570915613,0.4414999873568158,0.4745197886301799,0.06308699800678423,0.07871354523659864,0.2486962674239002,0.007249100574558342,0.08096882097090567,0.2563201123595259
-80.5318,25.6227,1,1,2017,356,0.3042817714531689,0.0,1.2911510079585532E-4,0.5383289569221389,0.001614337852424198,0.16935037145597454,0.0,0.001614337852424198,0.7712976079309465
-87.99305,35.875667,1,1,2018,66,0.07003600985532886,0.7793669846484303,0.7338563913243182,0.05889733365740225,0.05875348613914235,0.0028141789135563834,0.027405870295093986,0.013527641174817048,1.11
-83.19419444,31.53871389,1,1,2020,288,0.039521942582521806,0.09176678892120906,0.15531284709366894,0.291534404379677,0.015535588954999274,0.5721769425809184,0.005643269492200591,0.027501849474875596,0.09486832980505139
-79.116584,36.08842,1,1,2018,100,0.6316261332929259,0.28743339141854174,0.5453272168441606,0.0015461331261043352,0.0016104432508218004,5.55760808126739E-4,0.019505309726129925,0.06193259505562347,0.5762811813689563
-84.9197,30.6516,1,1,2019,264,0.0055910442097274055,0.39908924166719373,0.3399419455230874,0.28991017642976113,0.10817715859469614,0.1353827084762805,0.05535336543782154,0.027414239594762524,0.09486832980505139
-81.061623,32.456696,1,1,2017,48,0.06568779957253609,0.584411478291662,0.37879485878966057,0.4173883229979508,0.04800553727706298,0.11303377675797487,0.047386070208374834,0.0028602943732794783,0.5366563145999496
-86.3895,30.966,1,0,2018,157,0.055266719795580184,0.7332549049371944,0.49585666519973126,0.09873388267548859,0.013611486133990144,0.05062018420561724,0.029388795264910197,0.15574954865513463,0.042426406871192854
-82.045899,35.835872,1,1,2020,94,0.07123277288632317,0.842691661508533,0.8238865159063383,0.003092485008774672,0.022680685884660472,0.0,0.013063266511482482,0.0027794184066984007,1.6155494421403511
-81.026708,35.723748,1,1,2020,32,0.09440850977815955,0.7016524331699429,0.54326825168945,0.014045689042240163,0.004039580944800817,0.018546066698882247,0.028188631690654643,0.1280253429222057,0.36249137920783714
-85.420233,35.649133,1,1,2020,94,0.02900217358337966,0.758479502603245,0.6686531308160674,0.006786622621839582,0.044982611524721355,0.0,0.10050570297767775,0.07186920581574223,0.5909314681077662
-92.6871,30.8984,1,1,2017,41,0.039571894846039034,0.7152797105482886,0.44465639490974895,0.3878885737453568,0.010481683140141529,0.0,0.037772002048908196,0.050093908292386795,1.1030865786510142
-83.32910556,30.9692,1,1,2017,342,0.0716173996635424,0.22723535587346153,0.32944645347504947,0.21102257212908845,0.016930664896139615,0.3606816529134654,0.020572891966233516,0.008163394353283376,0.2765863337187866
-79.604931,36.264628,1,1,2018,58,0.07687936455820883,0.5865839952518657,0.47265446975783043,0.04260328720335088,0.011183450261747042,0.1451133184725844,0.017940249685840397,0.21744264613946787,0.1341640786499874
-90.47,31.67666667,1,1,2020,232,0.030312227322736068,0.7693640375836208,0.6039412519491056,0.06494068093642036,0.014877245338610649,0.0,0.07467706956835121,0.08097128875007109,0.042426406871192854
-82.85260278,31.42170833,1,1,2019,104,0.04465945740846139,0.2549421362170366,0.23152831448398634,0.24929643716996774,0.05288317140951184,0.18988242212323075,0.07324668590994023,0.037919576605827995,0.0670820393249937
-88.25795478,34.99009589,1,1,2018,283,0.08685816830744732,0.6479925185456658,0.6484368958781357,0.021235270482337205,0.07353517229179042,0.0,0.019484704128179542,0.00297893579650994,0.09
-79.186964,34.855266,1,1,2019,258,0.047615436148294214,0.1251753820484623,0.10912251244755514,0.29860030396749904,0.00779411160712876,0.42030702544223025,0.04243952218020292,8.056337494194704E-4,0.5770615218501403
-84.6567,29.8669,1,1,2018,20,0.21243864176914123,0.05448863923890491,0.050961872197638376,0.5333308372856898,0.008064159082140579,0.0,0.004032079541070289,0.0,0.16155494421403513
-85.525,34.425,1,1,2020,89,0.04768826310068504,0.3629641800854419,0.617188167376935,0.004092276384340371,0.07181877063553495,0.0759798423405633,0.04077976651237736,0.2758945356313486,0.75
-83.04622222,32.38602778,1,1,2018,66,0.04178889338458426,0.45449372850495645,0.3372854854239319,0.1831859409513483,0.10453384580372724,0.20306533997521942,0.07311553341593549,0.02380395478797381,0.23430749027719963
-82.432433,35.842283,1,1,2020,71,0.05372825029378688,0.8891065088009705,0.8534408704299595,0.0,0.0032213951167439922,9.474691519835271E-6,0.0031108570490125807,0.060871734784435014,1.106752004741803
-82.2453,30.0067,1,1,2017,63,0.08927058168802088,0.5140710572581354,0.40603823110074,0.23877185295668202,0.014610543626071282,0.010483539420005693,0.049536700294108345,0.18741026533000224,0.9004998611882181
-80.459419,34.225033,1,1,2020,162,0.10832100544955685,0.36788933985762884,0.3791920779867414,0.20019410752242478,0.13485102214919903,0.11033523966002086,0.03592530569686247,0.08142121394040887,0.4242640687119285
-78.326301,35.538439,1,1,2018,73,0.17545256877022655,0.12649170711974111,0.16201072430767283,0.23318723978191605,0.043974301471284984,0.15554937869953311,0.009801196485088155,0.07364005634977289,0.08485281374238571
-78.905708,34.1511,1,1,2019,69,0.06977332203946952,0.11928090114919279,0.13773835364244702,0.3227122043737469,0.006337271750805581,0.4872117267959813,0.00850445441334428,0.003105452707398747,1.0084641788382966
-81.59503889,31.37727222,1,1,2017,32,0.043300064513680674,0.3512833162561825,0.24440335121158713,0.6051674290720233,0.0985634527716131,0.0,0.06361716522189982,0.0,0.6854195795277518
-81.769075,32.50461944,1,1,2017,119,0.2861911565744053,0.10842489916168269,0.17366116714690139,0.2899940632291383,0.014921316211167757,0.31830034166369037,0.03036097511639006,0.040860575297177876,0.23430749027719963
-89.163329,32.8875158,1,1,2017,54,0.029019042561262434,0.2832106820423339,0.5071577950997723,0.22628613786491797,0.023659625036345944,0.0,0.06870646388794074,0.07663619928951597,0.21
-85.27458611,34.63291944,1,1,2018,91,0.07818207095282026,0.6770724062535544,0.5980223622777965,0.0010134344510091633,0.06205988001251058,0.013199255685821075,0.010611847737834605,0.22184732713492758,0.42107006542854597
-81.422076,35.311307,1,1,2020,98,0.1848224440793631,0.35702009351699737,0.3909768660397347,0.007085836614889506,0.02368355385971175,0.010581475784213703,0.03773954408053294,0.2706994197560892,0.49477267507411926
-79.187197,35.291413,1,1,2018,22,0.12270155586987262,0.5767074156395228,0.5470487518420664,0.09037597359148877,0.12764162656902103,0.018245350200145952,0.03569769903228556,0.04684394933637472,0.543323108288245
-79.965927,33.355164,1,1,2019,75,0.05854836466616941,0.20493824038838387,0.19240395349966008,0.35239600524220904,0.012890506521079769,0.09068850470124357,0.01056516024668891,0.025822085734506117,0.35114099732158877
-78.933599,36.357416,1,1,2017,359,0.1007092377906168,0.47004386907546225,0.539796623665867,0.01026633144501685,0.022001345474184905,0.054134806406478504,0.0678959120956866,0.2085169147582095,0.15
-80.97272,26.21661,1,0,2017,82,0.0,0.20307575469906966,0.26587731356659483,0.7274164761637136,0.0,0.0,0.0,0.0,1.3014607178090318
-79.84778066,33.59611766,1,1,2020,71,0.1533365362732951,0.37585657572002945,0.2648869473769366,0.49329976135582243,0.05651393654464687,0.0454651728561228,0.08662079075910098,0.016132395594396318,0.5824946351684279
-89.90194444,33.13888889,1,1,2017,78,0.06315190593589987,0.7724382072191669,0.6307292251281478,0.050327687660721696,0.04682186516314169,0.0,0.016924136884821042,0.03965715586008113,0.042426406871192854
-82.2768,27.4538,1,1,2020,91,0.2333616073124106,0.00502601628074795,0.026084165853381986,0.20261874293859672,0.0040341335155812475,0.04796980253311944,0.012909227249859991,0.596036107867984,0.45099889135118726
-76.760883,36.2927,1,1,2017,65,0.016115984528654856,0.445938771898779,0.29248785801366045,0.18533624953202882,0.038662236092334525,0.4680531163531151,0.03134989323663564,0.002416389755770908,0.7523961722390673
-75.471667,35.561867,1,1,2020,289,0.3365894960319466,0.0,9.889552347416893E-4,0.026969117510319097,0.0,0.0,0.0064429937180811294,8.053742147601412E-4,0.06
-84.54299167,32.59541111,1,1,2017,271,0.005461993627674102,0.5266019319273757,0.710640105382124,0.04219886577685186,0.1108048912304877,0.0,0.044838386488117984,0.10229991498184277,0.34205262752974136
-79.758701,36.207351,1,1,2017,65,0.1931988938416274,0.6399934337630853,0.4957415149869269,0.015948666776137124,0.01701790244164412,0.03800991315720475,0.014800236298329812,0.11067796770800109,0.33
-92.6562,32.6447,1,1,2017,8,0.10081557817538096,0.4248466839476514,0.5041095641040422,0.2377008892678029,0.055774348730332296,0.0,0.08392070345342023,0.11048669014039986,0.08485281374238571
-78.023328,35.597661,1,1,2019,147,0.07433704344750042,0.10894091190479198,0.09877434730229066,0.3009231559116747,0.0167900251771403,0.47184235382569345,0.013694216207507657,0.003901351099486034,0.874642784226795
-82.1489,29.7393,1,1,2017,114,0.06453490579169147,0.5556202310602706,0.5369686089760485,0.16433219506444294,0.09568294588107311,0.0,0.05794232332208558,0.09402582452855851,0.41677331968349407
-78.025118,35.31572,1,1,2017,362,0.2432408519244138,0.11643809644188836,0.09859669550293668,0.27057578541691296,0.06963608794541325,0.2279125600202174,0.08957227697750825,0.004529946929492042,0.5770615218501403
-83.369,33.20436111,1,1,2020,249,0.1349202336105985,0.621583697823174,0.5875121282339221,0.025858734578372317,0.07901107374914669,0.0,0.024176421510378472,0.0036564862336611625,0.15
-92.774,30.6895,1,1,2020,230,0.0,0.45249418192856394,0.48743326355747624,0.24845837173703444,0.06330154554422884,0.0,0.09840512989148303,8.062884172716462E-4,0.28460498941515416
-81.90367222,32.84226389,1,1,2019,263,0.05327112257542421,0.24134486508357986,0.2643773942098045,0.2618410993038333,0.09805532817324741,0.21085767201954467,0.10053318078526435,0.07783112043817535,0.16155494421403513
-79.096757,35.255588,1,1,2017,336,0.08467869378879633,0.6012086119925664,0.5062296361172842,0.1344618931645076,0.11634606273097697,0.002776461669667393,0.00652894911399602,0.08825610410941596,0.45398237851264667
-84.22091389,33.64514167,1,1,2020,264,0.44182195140451563,0.45556370256124984,0.4114382058826501,0.01933044155266377,0.0213927062563396,0.0,0.004834688415391372,0.03868066725019986,0.41677331968349407
-77.344,35.0958,1,1,2020,93,0.05359310205320117,0.1982653990087994,0.27463947349535084,0.32508791418726257,0.026296919864677498,0.3368848652934361,0.06383912918500084,0.001610982478196459,0.15
-85.901,33.688,1,1,2020,94,0.11219407362459548,0.7336291464401299,0.6512810661058422,0.002452427655659138,0.037816812176710166,0.0,0.023673425537091626,0.03751978841796929,0.5731491952362839
-84.48709406,30.13628563,1,0,2020,178,0.03163860390390769,0.3227491808878037,0.2425060648144635,0.6062234229585166,0.12573835392924454,0.0,0.008063394088109185,0.0,2.1352751579129094
-83.48167222,34.53187778,1,1,2017,272,0.4701392574620264,0.34820683903252714,0.652250017311908,0.003995638915551754,0.0052222703133046255,0.0,0.00795503729516095,0.18252671951069252,0.47434164902525694
-84.5936,29.9199,1,0,2018,177,0.03987198461791455,0.18401578687715833,0.12179532585070087,0.6918483694310311,0.007257628415749846,0.0,0.0016128063146110768,0.0,0.21213203435596426
-83.45232778,30.8887,1,1,2017,55,0.06080346075033519,0.3927749247387993,0.23758519764031513,0.33149760682774954,0.02548926617977174,0.35929368617408086,0.06328053368743877,0.01209333206867116,0.16970562748477142
-81.0887,28.5148,1,1,2017,137,0.23997772828507802,0.09785634743875281,0.10365126929268717,0.6060468343469417,0.012721326408613315,0.0,0.0509042832471961,0.03051600129047768,0.45099889135118726
-82.2668,28.9936,1,1,2018,128,0.2561455447172986,0.5065978416264977,0.3635721876423257,0.26769394261423984,0.01624488788939812,0.0,0.004032755463197548,0.025787494346234983,0.54
-82.048828,34.21907,1,1,2019,166,0.1913234680853752,0.5107224546017464,0.5291913076401634,0.03960585226385231,0.02861584250386252,0.0,0.05658714135411039,0.18766646761642067,0.21840329667841554
-82.90484167,33.73748611,1,1,2019,78,0.022629010644484325,0.6959621754190787,0.6954110064462186,0.01497781410969036,0.02742842697339318,0.0,0.030951779055804866,0.13165644947228727,0.5239274758971895
-81.751668,35.285139,1,1,2017,15,0.14595441451458033,0.3421943700409361,0.4186809854706258,0.01580593809222995,0.017560097292857832,0.012888144802097492,0.018905771235429775,0.3991881732318289,0.8105553651663778
-82.43171111,32.87120278,1,0,2019,251,0.06211753401102511,0.5558589996459817,0.2047585579208171,0.2488481569499924,0.029440116306632326,0.2699135601523366,0.018820815094578155,0.04147216384064728,0.4080441152620633
-79.771351,34.906488,1,1,2020,263,0.4127862884877899,0.2557889680974771,0.3218361584347963,0.133046535710802,0.10396596271565481,0.004027239935058783,0.015433015155056639,0.007397487002280526,0.33541019662496846
-81.316666,32.700001,1,1,2018,165,0.006740010116337882,0.592463328275164,0.4039097978557351,0.2834696990919007,0.027401156727031403,0.14350052147530115,0.02669637495654374,2.717992478113842E-4,0.41677331968349407
-86.734,31.436,1,1,2017,44,0.0541200278252071,0.668665022449883,0.6925825347217132,0.0687069851098364,0.13033334176382805,0.0,0.061758643364779056,0.025718278155744945,0.1341640786499874
-84.00384167,34.89909722,1,1,2017,58,0.2772750252780587,0.5351238624873607,0.5893544961671676,0.003457559855309132,0.00860818994247518,0.0,0.01085105778069807,0.06061745203895641,0.06
-80.3807,27.1624,1,0,2017,179,0.19496513055474687,0.00968244124087129,0.04774234895333434,0.4540365168653076,0.006456411311379424,1.0127704017850077E-4,0.003174402228094884,0.23134524393524594,0.2765863337187866
-80.522034,36.242457,1,1,2018,4,0.08816989665714939,0.5587209743032571,0.5563581463924339,0.0011651490087138592,0.013221047579351542,0.09017594381923127,0.024658027357811363,0.1841631616839073,0.4883646178829912
-80.932316,36.29141,1,1,2018,89,0.1095309066107561,0.24654558314598238,0.45265998029457133,0.0,0.007895725885663573,0.03886592109959037,0.03846797651495292,0.4134581068575958,0.7636753236814714
-81.469688,33.779591,1,1,2019,144,0.09491071315732934,0.45568516435603507,0.393262965470069,0.19127629252796005,0.07270653218059557,0.030420521765508867,0.11896771828707214,0.03597565599878659,0.637808748764079
-83.63861389,31.04181111,1,1,2017,334,0.0549301831427704,0.05720681979156126,0.16876081851999097,0.2675774709727285,0.002418643472982328,0.4106698535851248,0.0,0.05278966022011233,0.41785164831552357
-81.484385,36.497827,1,1,2020,76,0.057407384016874875,0.7546702706799207,0.7800900336489398,3.8246617422673117E-4,0.01342141995465139,0.0,0.036777848656910604,0.1383006271750595,0.5604462507680821
-81.92706111,32.80897778,1,1,2020,0,0.399792683235153,0.06559553004828965,0.1827967482799123,0.3478695287008235,0.010432699449130719,0.3067706670796344,0.017667006943544596,0.006478956034752491,0.33541019662496846
-85.06054444,34.05692778,1,1,2018,17,0.08861079509543678,0.4291366451776011,0.4781784275931236,0.01640276554024031,0.0361955920688838,0.016216130816020222,0.015249229796982382,0.3343360455012243,0.09486832980505139
-81.950119,34.977772,1,1,2019,152,0.7217919725089381,0.15387919598751781,0.20752146082719877,0.012457261555489848,0.006444418470208779,0.0,8.055523087760974E-4,0.06847194624596828,0.30886890422961005
-80.559203,35.048714,1,1,2019,114,0.11225444340505145,0.21115970975652923,0.23430053258965536,0.005897503024814091,0.012411157090059072,0.30589127207252736,0.008595255393751777,0.32274378494487793,0.15
-84.324,32.50636111,1,1,2017,323,0.06618623174663378,0.3104494595107149,0.48790532398358977,0.07144189979079893,0.29521663274207616,0.06775857491434568,0.04623753113265991,0.02413492294271591,0.5028916384272063
-92.924,32.7879,1,0,2018,218,0.04017953094380174,0.81981161893925,0.6272585967499059,0.05446976385294585,0.19952275600505695,0.0,0.07126106194690267,0.0,0.49203658400570177
-81.08905,34.397511,1,1,2019,266,0.2599064357061575,0.6037931470476672,0.7020341357930461,0.019661998428981153,0.03574599303025805,0.0,0.04221654223707867,0.034137834072117575,0.42
-82.5346,28.7782,1,1,2018,107,0.641533069301919,0.2982120939884346,0.1843012187086607,0.16018159680085187,0.007120128042107128,0.0,0.016131787212237386,0.0020465228090818803,1.6954645381133748
-89.13972222,34.61777778,1,1,2019,73,0.08679002047470995,0.5946386592856602,0.6931986415580336,0.016362867163724204,0.02578036143055732,0.06566409705547835,0.03383356501958803,0.15853026664981684,0.3
-81.99603889,32.44300278,1,1,2019,139,0.052889175551087,0.13755991450721505,0.2085878619194219,0.33796305660850606,0.0329944024248784,0.3984740207404225,0.05809025023152027,0.012554245275564424,0.03
-82.476137,35.463273,1,1,2019,248,0.4174468999153433,0.3380589565722807,0.3911596184770008,0.0024484461842141174,0.01146324590857832,0.0340327945491934,0.002416473717294686,0.21228010878869905,0.33941125496954283
-87.66,31.041,1,1,2020,324,0.05011066843736167,0.5749067223170808,0.5618268297408158,0.21747727414130893,0.01748068240739569,0.0,0.0690153402552072,0.06330542663108772,0.9241753080449617
-79.264291,34.670308,1,1,2017,35,0.12965560821484992,0.1343443917851501,0.1075509322091728,0.28282293712232104,0.008423327498720393,0.40508116852342196,0.025228908506107404,0.002394929573904748,0.42638011210655685
-86.9763,30.915,1,1,2019,277,0.06379561120596977,0.6498830076519321,0.6764068519537698,0.17661475363397963,0.01087313933047514,0.004837424593087225,0.015011824815671987,0.0,0.6906518659932802
-80.5037,27.69,1,1,2018,85,0.009999873419323808,0.0,0.05803419582118558,0.186266500647878,0.0,0.6410099866191329,0.0,0.22468469551408796,0.18
-85.25672778,34.71601111,1,1,2018,70,0.1595232377365168,0.5379501244991594,0.4450634930583221,9.107983688521116E-4,0.10300543081632853,0.005639329346311692,0.03283764102272478,0.12048577214582018,0.2580697580112788
-82.31287222,32.63953333,1,1,2018,107,0.16402772157021442,0.32367968433832445,0.3252248557722207,0.25480519073362096,0.08030355229513222,0.027213507508209882,0.1617417909079703,0.02902141996984706,0.18248287590894657
-85.3259,30.5165,1,1,2019,38,0.12538419701243342,0.36462984277962585,0.28018626910371275,0.2024566071907361,0.11252877488553287,0.026877640332903286,0.32117515367686106,0.010276744833168905,0.36496575181789315
-81.819,29.7699,1,0,2017,148,0.11343570543145538,0.49907662728629604,0.557631922737148,0.10881937157145591,0.0378067947870581,0.0,0.06906420672141883,0.11982745807414623,0.7156116265125938
-86.51,31.868,1,1,2020,217,0.05976246790534134,0.636479769297902,0.5832891646453588,0.1764151344177926,0.037887050120916116,0.012897719190099103,0.1167970664011254,0.05080373654511831,0.08485281374238571
-78.010146,35.165167,1,1,2017,291,0.07745473383622048,0.16504302338804436,0.13620917080665285,0.15824720645686233,0.00886003979910926,0.6530686376701733,0.017173631510786828,0.008790549290880953,0.75
-84.6566,30.1851,1,1,2018,128,0.055826839388725825,0.6160813682825622,0.267991474201263,0.6234305664961203,0.011289180095625998,0.0,0.027416580232234564,0.007257330061473856,0.46861498055439926
-81.85930556,32.98172222,1,1,2019,86,0.035084835765039055,0.39630060434419795,0.29373066287377925,0.3133960683346671,0.12632816499902028,0.1638107036983193,0.03044113092341047,0.03976435935198822,0.15
-84.76505,36.181317,1,1,2017,307,0.031696902319470414,0.8369296073576228,0.7850873868821149,0.0,0.018626949386997146,0.0,0.014069694730259796,0.12781157031057555,0.3
-84.18202778,32.41327778,1,1,2018,6,0.054807509956381575,0.5667235602756183,0.5260214494782259,0.1036058951677991,0.08827331603351653,0.16620467095053107,0.0598740126619487,0.0026265799779379914,0.15297058540778355
-87.051,34.926,1,1,2019,7,0.02421331985340579,0.35364589915329214,0.5246380957483262,0.05387700764494617,0.03544396568063785,0.2811666814086606,0.00669075929693324,0.1677775812178571,0.12
-80.835625,32.909412,1,1,2019,36,0.06455691401261802,0.2231550200397,0.2184200613327874,0.5004320599069139,0.01772926371410694,0.20150682940087108,0.05093765999001349,0.00886463185705347,0.9261209424259879
-88.019,31.162,1,1,2020,324,0.10144707549079128,0.32872900222626983,0.4635577317032455,0.2483649386188092,0.026415213645489197,0.0,0.07318800486887247,0.023380072400765128,0.40249223594996214
-81.0236,25.4072,1,0,2017,204,0.0,0.0,0.0,0.9452540994481404,0.0,0.0,0.0,0.0,0.28460498941515416
-83.45641667,32.76083333,1,1,2017,266,0.01842158498963232,0.5559854346836594,0.7140462519815235,0.03485762105939138,0.12063401760457661,0.0,0.08176804311066867,0.023337916212329533,0.3244996147917591
-82.668425,32.17994167,1,1,2019,121,0.3578709089989378,0.23353482725479285,0.3701903723497868,0.26833074743044866,0.051528762481548335,0.1348718418798421,0.06952052521280666,0.007886410403107785,0.31320919526731655
-82.31618056,31.802225,1,1,2017,9,0.1441198786039454,0.16067273646939814,0.25528370334892897,0.26243299436239764,0.038644655062310726,0.13766526090832648,0.08988423042634314,0.03678892759817652,0.09
-82.65178611,31.84120833,1,1,2018,17,0.0803206757457355,0.31837436617224935,0.29019392251697185,0.162062336608786,0.048009837796485336,0.2663223016397381,0.0629814972291682,0.0408085201892954,0.09
-90.41161365,31.53345587,1,1,2017,325,0.05259163694315853,0.7316915838202928,0.5047315532644938,0.06391971886835206,0.0076473433464319274,0.0,0.0477018452890911,0.20650356127832992,0.09
-89.89994075,31.22754491,1,1,2017,29,0.06038604568797589,0.5846087682460979,0.5303870337595493,0.18846227967370946,0.020933254502973526,0.0,0.014511952600611461,0.10780262479804989,0.517880295048962
-87.733,30.864,1,1,2018,18,0.09436181514645627,0.2820357160924774,0.43627210452141735,0.17429527057583302,0.025761494343726897,0.07645928052458854,0.03403248958221359,0.17496822496095318,0.12727922061357855
-79.7656,35.871915,1,1,2017,271,0.17084918899101134,0.577124868835257,0.46564938346472634,0.002217505558924601,0.03144771296539045,0.009820303295439824,0.05476185211741404,0.2582654482625738,0.21213203435596426
-79.684454,34.874767,1,1,2019,149,0.313035782020483,0.3891263117966873,0.3100474512396563,0.12688253240412206,0.13902210932711573,0.015787411774369865,0.05150102047908809,0.015133420532165633,0.09486832980505139
-78.003339,36.057928,1,1,2017,306,0.050954690104561294,0.34314542607465776,0.3966712176901753,0.11026496658484253,0.05226654707273855,0.07879934433892238,0.07279859266581809,0.18987009951772893,0.18
-82.039307,34.231602,1,1,2017,326,0.19524585813398035,0.6158142826452337,0.4889116587446784,0.035791247714519275,0.03184854248684037,0.0,0.08580780921206456,0.10234187893762364,0.3661966684720111
-83.09779444,33.78975833,1,1,2017,134,0.04192585849390583,0.3952738582916098,0.5937522275376992,0.03801967664620405,0.022309437587294353,0.013698500274917993,0.05264205676582673,0.33249909940655625,0.08485281374238571
-81.664307,33.660576,1,1,2017,53,0.2222474977252047,0.33177888989990906,0.41195036278482894,0.05051434961618421,0.17674048232974368,0.015177081753374795,0.0652112088578796,0.1460260882754437,0.15297058540778355
-78.60034,34.190734,1,1,2019,213,0.0983272856004956,0.12394270036539262,0.12530621117070484,0.6307838904868546,0.016148648435204804,0.11856557545354887,0.07500655486023139,8.055370404885026E-4,0.0
-79.715478,36.155336,1,1,2019,145,0.5557423889956508,0.2745524426013958,0.4158143172472745,0.010564164796929067,0.022839545167403663,0.0032217308907138346,0.011257106759317752,0.1377732154137713,0.3
-78.298089,34.001094,1,1,2017,55,0.1362101882641514,0.28460886826566867,0.37102519941299605,0.28452957540285756,0.009747543366299096,0.22285380264779303,0.053309741224051334,0.0029795570160194647,0.5692099788303083
-83.32733333,33.15174444,1,1,2017,88,0.14183832176321073,0.5046090815978147,0.6412831507837679,0.010392255307487696,0.06527482807443367,0.0,0.032011655542071214,0.05692506067961168,0.08485281374238571
-85.2646,30.4951,1,0,2017,164,0.060947224611648046,0.45645903961949114,0.2818611319510037,0.18899120812298825,0.07274199107642587,0.04323601304068732,0.27000926508580464,0.015061298187142082,0.8720665112249181
-80.636978,33.048035,1,1,2017,54,0.05335306094060218,0.480215486171706,0.42705839464406065,0.2922002440125657,0.007862022764474279,0.14847783908133153,0.05070815084466187,0.03142597121892954,0.48373546489791297
-84.61728333,33.12313056,1,1,2019,260,0.06890186856810537,0.7146704088598949,0.6537290853896545,0.06798449189100637,0.10816114984230116,0.0,0.014496280330946252,0.12285020826354344,0.24186773244895649
-81.411815,35.461009,1,1,2020,63,0.07281136271734735,0.3936514355034373,0.4093035031784368,0.004114608680095999,0.008054301786791583,0.04692973174437229,0.0446903199926722,0.3568971670967561,0.8335466393669881
-84.094017,35.156785,1,1,2018,31,0.0834660196628504,0.8875325397427151,0.8612287412838698,7.732509745236544E-4,0.005638688033661547,0.0,0.0024165805858549485,0.02704990791722343,0.9314504817756015
-87.238,34.147,1,1,2018,244,0.01611557712725618,0.9384953738813893,0.8178232796642253,0.0045116020205911034,0.060382497259075095,0.0,0.004906808552317702,0.043617831335960006,0.4242640687119285
-77.802361,36.079272,1,1,2017,151,0.0766061770206743,0.05987463984228881,0.15973914941608763,0.3230592845910995,0.006126676940956521,0.46075768676890444,0.004983451656097624,1.1053283140900942E-4,0.21840329667841554
-84.471683,36.200267,1,1,2018,168,0.0032219344241581913,0.9794806999810475,0.955428710594075,0.0,0.02417926003126626,0.0,0.0024191892873497854,8.053436922639624E-4,2.6394885868288958
-79.832147,34.92095,1,1,2019,141,0.1355889344055024,0.5993526526070903,0.5203568314779949,0.09787291037515326,0.12024552668823289,0.058860695511524466,0.033600384148807116,0.02894068439142741,0.42107006542854597
-89.34295884,33.51829893,1,1,2017,329,0.05062699094908228,0.6954922384588161,0.5319052017498758,0.18231478855330896,0.034710174467291716,0.023811103842957305,0.015967817879026316,0.11018205145220868,0.39
-93.4994,31.8453,1,1,2018,65,0.03546861564918315,0.7123311921501188,0.6896205368996494,0.06646584811866632,0.06984874587093615,0.0,0.03949676787153673,0.07728659259376335,0.20124611797498107
-85.4445,35.785533,1,1,2018,97,0.020923621201592014,0.8560111188325225,0.6922239650077414,7.463546361912768E-4,0.011727509901897,0.018537235554600996,0.007725690605989782,0.1695988073504609,0.6441273166075167
-82.14878333,31.23045,1,1,2018,31,0.0,0.17423312883435585,0.28219994041473956,0.43357280403277854,0.03850093580858919,0.018087030198796084,0.01360716272952602,0.019307375183367892,0.0670820393249937
-89.35305556,31.2225,1,1,2020,94,0.042807461270945285,0.8196016440088522,0.5596564713094666,0.19087248376463264,0.02030002687279683,0.0,0.04423262357534659,0.07484231991274247,0.6
-88.099,31.254,1,1,2017,108,0.07366051669849136,0.5208462423652296,0.41919968518306805,0.38158047811304063,0.05408882973510414,0.0,0.15437873245803993,0.03543009613895096,0.33541019662496846
-79.808368,35.014769,1,1,2017,159,0.0479038130878932,0.44475068271467594,0.6013129410313783,0.04273881844405167,0.10482915501634996,0.017800104260461594,0.11953303950839615,0.01839723235865599,0.2716615541441225
-85.6168,30.9774,1,1,2019,265,0.13316636942030635,0.21817882846987693,0.23393238693385998,0.2591400862766681,0.026696934152410264,0.17627438023845124,0.041585122561185725,0.10085016646063272,0.18973665961010278
-80.30088,36.029925,1,1,2018,71,0.3322889161223484,0.4590719005445287,0.29913619080102555,0.005719483078788792,0.03392308493875656,0.007044810806885032,0.0026398304950945254,0.142143504469713,0.15297058540778355
-82.71225,35.6123,1,1,2020,94,0.14223974524224728,0.6546238026638358,0.5878604549625852,0.0,0.0030700327533329766,0.01134838238963517,0.006392743099532866,0.27556702431074304,2.7209189624095758
-80.87339,33.080982,1,1,2017,103,0.057518934843906064,0.3802521274039981,0.34525709166070034,0.31593029887512314,0.0449363288779347,0.24316048914589056,0.0711726229974405,0.015309508010237931,0.24738633753705963
-80.032405,35.91583,1,1,2017,80,0.8152544513196109,0.16755903523172114,0.23484094787055526,0.0015148062457715028,0.03870054623056682,0.0,0.008056032072485338,0.06980314848688766,0.9241753080449617
-81.225826,36.171319,1,1,2017,78,0.3522669834209462,0.4695966437525274,0.48204080085896567,0.0012884481778563763,0.011275559514108661,0.0,0.023195436714737817,0.18884193371108032,1.1715374513859982
-81.542729,36.535883,1,1,2017,59,0.04666793001073844,0.9080790853388923,0.7598460245059306,0.001159514893324629,0.010462259443823382,0.0,0.005299025459322558,0.09297926495758886,2.4820354550247665
-79.748208,35.067861,1,1,2017,39,0.22062356183781323,0.47403089994184144,0.5046183983891713,0.05501392898441734,0.11138243228729018,0.06486015201005821,0.0560845089999305,0.0379582888443824,0.12
-88.50237754,34.10042805,1,1,2018,99,0.10573411018287984,0.7828065164364347,0.5668719037508846,0.16276210696592874,0.03897084611665975,0.0,0.027356055268204973,0.08058630048689856,0.39458839313897714
-83.83094444,31.97241111,1,1,2017,48,0.038907012619174064,0.19846749108565362,0.07627277651315344,0.20421269087159255,0.004836430650958274,0.5087166389019717,0.002418215325479137,0.00454561259874379,0.39458839313897714
-76.363517,35.841652,1,1,2019,276,0.09819307556229465,0.13928481172605509,0.05263564814229947,0.4332594716828581,0.0,0.23175938557930376,0.007929740791268758,0.0,0.6118823416311342
-93.1229,31.1049,1,1,2019,254,0.1629439441465141,0.7114742487099055,0.6492108911737464,0.09391915029866309,0.05244371658641612,0.0,0.04204539347014395,0.0,0.8367795408588812
-89.28638889,33.92111111,1,1,2018,204,0.03676359039190896,0.47548672566371675,0.6595534404437284,0.056172294663791256,0.12584719119584692,0.03803315776003439,0.027394490137035647,0.03113240038295412,0.4883646178829912
-88.141,30.889,1,1,2018,55,0.01935043253908028,0.5519299843172965,0.614172136989669,0.15365634416673957,0.02438970409224711,0.0,0.10010085967857707,0.0596716211217241,0.5824946351684279
-81.198486,33.91568,1,1,2018,223,0.5619017512802681,0.252525763419106,0.2500902376510911,0.10862742719060113,0.06959711589197871,0.0,0.03759008888032283,0.02680312044816159,0.35114099732158877
-78.985829,34.953992,1,1,2018,92,0.3691668455816419,0.2797767141107083,0.15318025416156203,0.19270397415525437,0.023646204253409964,0.11827209564643176,0.03881844808356426,0.011036369783158874,0.2954657340538831
-86.516,32.938,1,1,2019,202,0.03121878437669907,0.6539507125064798,0.7631127203740472,0.002524628144471629,0.027666897382169185,0.0,0.05734070358746807,0.03192091198993703,0.0
-84.71066944,30.93711389,1,1,2019,226,0.03165629584661303,0.3670258511660847,0.23650017856438288,0.07566880707863612,0.05632404506176549,0.5072800108765417,0.07497857890393549,0.05665919431384515,0.6029925372672534
-84.062597,35.047866,1,1,2019,283,0.144223721788359,0.8243738468926128,0.7242642116296866,0.0019331596774731555,0.014617241205014146,0.0,0.015343838455317421,0.022473968863728256,0.4459820624195552
-81.0828,27.0881,1,1,2017,139,0.21422964932269908,0.05623496645144956,0.04696929275482349,0.4197971344494302,0.014466849308134707,0.05335619515219767,0.0056437479041575155,0.34989338884284177,0.24
-87.124,31.33,1,1,2017,107,0.12714350751176084,0.7553239921088574,0.5754397607333384,0.1270722256139352,0.010897054918374827,3.9516445163819357E-4,0.1175219079171988,0.0961672209506708,0.5515432893255071
-78.000365,34.539272,1,1,2017,320,0.07294352596187878,0.2310152181606755,0.4275070069070794,0.1544992051677993,0.020686495964111384,0.4569068191511206,0.023646674143459636,8.055981171118514E-4,0.5770615218501403
-83.0648,30.039,1,1,2018,181,0.09592074297137934,0.16458739276766948,0.3279262305366558,0.1173634074967519,0.07344491631276544,0.17702229656871274,0.07879217169401433,0.3710539879900202,0.5515432893255071
-82.95040833,31.60951667,1,1,2018,57,0.11854653074646498,0.15184782333746488,0.28268477068451986,0.21873974226759804,0.09862734808201776,0.30101921459778347,0.018541233300244698,0.018632912032675576,0.15
-79.5,33.733334,1,1,2017,76,0.0770183665988295,0.2224216607045796,0.1826213525477817,0.3732256935948022,0.011777125951399597,0.2617012668470427,0.02604495916251548,0.012826510228335902,0.7742092740338364
-85.779,32.063,1,1,2017,16,0.05744960671741824,0.7600343964187257,0.6542312057110606,0.10035926762808517,0.02630888521512088,0.0,0.1289429347224812,0.0749564574199401,0.15297058540778355
-79.711029,34.070717,1,1,2018,73,0.07279848389134552,0.22355022109917871,0.18217140673269852,0.3795985818980186,0.01683683626745543,0.28164411958957064,0.010620984740037104,0.001611634102177603,0.24186773244895649
-82.9267,30.0003,1,1,2019,260,0.06743350289778048,0.1511654392225344,0.28402285434428354,0.055758690666460255,0.015134218956036137,0.13539212679098275,0.026284084405050638,0.4668903385751824,0.36496575181789315
-81.6368,29.604,1,0,2020,179,0.11787779478938638,0.5120395794055494,0.20790217606345376,0.3359274871519307,0.03548555434318513,0.0,0.05208975757863272,0.035725919951926845,0.24738633753705963
-82.89430556,33.41731111,1,1,2017,29,0.017710189995828435,0.7678966463144854,0.7492609589660958,0.028261778521776384,0.07938694896508146,0.0,0.07133196397535163,0.039892558066045226,0.4965883607174055
-81.88254167,32.09133056,1,1,2019,270,0.030320655472385178,0.20470867893991493,0.2808167843654482,0.25447767836372054,0.03522081764644518,0.29379131143965315,0.063231198652113,0.1217587016788526,0.18248287590894657
-84.48051111,32.70899167,1,1,2018,90,0.029966998368884907,0.6097462288365981,0.7177548298100638,0.04596852570825249,0.14189629123918265,0.0,0.06020810023199515,0.019672172599293287,0.09486832980505139
-89.16583333,31.09,1,1,2018,18,0.031089524676835904,0.5511244339885155,0.5685998387421484,0.22092578598027868,0.12558096888220008,0.0,0.07964095332646184,0.04215858000139118,0.48373546489791297
-92.2494,31.5185,1,1,2020,65,0.05209571750183391,0.10605064123643539,0.21430182697686467,0.5410950936349667,0.09608599430920017,0.013604173253240601,0.035412582990831505,0.0,0.12727922061357855
-81.923,26.7739,1,0,2018,109,0.2987705281284425,0.0,0.01691161208341139,0.607512896971047,0.002420694565303379,0.0,0.0025884028162328943,0.232149355272526,0.3189043743820395
-82.5481,29.2211,1,1,2020,95,0.103374966781823,0.145906887868089,0.17624930738110364,0.07926393903435643,0.05516547745559435,0.15132710895197615,0.1230264156672233,0.44543545367137294,1.5840454538932902
-81.5451,27.5266,1,1,2017,334,0.31681915391721394,0.1180542373739291,0.06136300938217361,0.33054356876928254,0.0024206256288880324,0.005648126467405409,0.03630938443332049,0.07415024965668256,0.49203658400570177
-76.078877,36.323018,1,1,2017,45,0.03429329291398255,0.0883920677024125,0.0645843059504971,0.4099048300420983,0.0,0.6063537787548287,8.054352666938303E-4,8.054352666938303E-4,0.7942921376924236
-84.37055556,33.18666667,1,1,2019,37,0.1208086785009862,0.3614524857128407,0.41974919759815404,0.03917611987388083,0.020216225440778175,0.0,0.007252811847207427,0.4916426749760606,0.03
-78.42547,35.594019,1,1,2018,93,0.1759931221078716,0.2147318380660985,0.35506597511379834,0.12154408851661089,0.05460816611444688,0.16215362554129645,0.009665162144149893,0.17510052084484895,0.33541019662496846
-85.203,31.931,1,1,2020,151,0.03256731632665967,0.6491583087761015,0.7580572808222886,0.018173165475739536,0.07457822146494744,0.0,0.16513297443565297,0.0032243890256971174,0.7156116265125938
-82.23419444,33.22699722,1,1,2017,61,0.081788523304924,0.41462026757037,0.3398459738523628,0.19505360882495398,0.08183401228110651,0.07095609962676308,0.10372573248931012,0.0822195745541541,0.08485281374238571
-78.182067,36.181233,1,1,2018,102,0.054041080316313404,0.7286829539425485,0.6014867168639084,0.041074191334963026,0.015158165988233482,0.09417642210439561,0.044460795614237325,0.16769036919608046,0.18248287590894657
-85.0167,30.7698,1,1,2017,27,0.08786774936126081,0.05705648731375378,0.1828713504872762,0.22068843411464448,0.021228696999399266,0.45789989565877315,0.048322635722642095,0.14314351661555014,0.4242640687119285
-86.787,31.52,1,1,2017,269,0.05197202867945528,0.3257546060368484,0.6318303734226612,0.10160317184948184,0.10005469024142745,8.061278360683729E-4,0.07507737246583447,0.21190413717450635,0.3189043743820395
-81.187043,35.200378,1,1,2017,16,0.445861402156191,0.34494002856384526,0.39735341653265643,0.00605700100368828,0.001610890885832057,0.04498491763925521,0.012081681643740428,0.14801244492174548,0.36249137920783714
-83.56065,30.73331111,1,1,2017,52,0.0857041656652035,0.4805505306700739,0.33292695203402267,0.26994982287002645,0.022636796256185643,0.1167001312232216,0.05350745442759791,0.004837868175997211,0.442944691807002
-82.6131,29.3999,1,1,2018,22,0.1344290088311952,0.10568334218983283,0.26678419393213215,0.13350038127207758,0.07781840264160017,0.11298280682666398,0.061589894108270204,0.3743437116506206,0.2954657340538831
-80.20842,34.194309,1,1,2017,23,0.17319240932020188,0.0129082013224269,0.09919041437681721,0.3761262217585234,0.0016112216851483267,0.3543297633715602,0.004028054212870817,0.0,0.45
-82.1779,28.0848,1,1,2018,80,0.009351826073751617,0.027119030143504353,0.06122831160930255,0.2820147496999905,0.012046782515714912,0.09474819756976409,0.020186585932977116,0.4866798902882304,0.3313608305156179
-89.41789967,34.55469425,1,1,2020,65,0.033769779080936244,0.47730145088721493,0.44092188576457114,0.4139124949517872,8.056362947049158E-4,0.19438898015923164,0.00966763553645899,0.07033046884872993,0.03
-77.129592,35.373402,1,1,2017,62,0.03800042952613163,0.12532056545851916,0.22715872700636686,0.3656523973615154,0.00885827704143021,0.43404925896801855,0.020296665435034566,8.052979128572918E-4,0.3059411708155671
-80.76061,36.043501,1,1,2020,55,0.08463074356770968,0.5418541171713086,0.5017581374808436,7.730853127433263E-4,0.032213442480056094,0.1606440161951503,0.03851085466684353,0.1964546264188127,0.5091168824543142
-93.4348,31.3353,1,1,2018,151,0.06711434858486987,0.8534031413612564,0.6590929782748559,0.10377863336745799,0.06437294704928345,0.0,0.0230531151106657,0.02264529121471454,0.618465843842649
-79.163957,35.446229,1,1,2018,115,0.5130112932972893,0.2504737121346101,0.36749314997882576,0.015108958544106453,0.028486041302706443,0.03724004157439321,0.024088506702133375,0.0964582787063919,0.19209372712298545
-80.675025,34.962196,1,1,2018,59,0.3175990602382245,0.49437279743333873,0.3938621575697294,0.006251459381434547,0.0553196598046278,0.08948768497807437,0.02729966763973666,0.1479761408297634,0.45694638635183454
-81.6407,26.0804,1,0,2018,78,0.0,0.019538075822422576,0.008095815077791025,0.6594451260296991,0.06725103635960887,0.002404987183949875,0.005648555425461219,0.020372773013512226,0.7156116265125938
-85.40057222,34.56652222,1,1,2019,78,0.06674249605055292,0.6494154818325437,0.6370143852164855,0.0020622516957976575,0.01678208562907547,0.020532148814638832,0.040640954354749036,0.18638161552848406,0.18973665961010278
-82.4109,28.9957,1,1,2018,23,0.2843293593540384,0.6966233831979141,0.3727589878326981,0.21400211323626747,0.04249867942850095,0.0,0.014132487324095137,0.014347574418553163,0.4883646178829912
-84.63886944,32.61939167,1,1,2020,125,0.0389050448855734,0.6242508534580858,0.7943278549591067,0.021861413414482462,0.16421929619398593,0.0,0.07807986244998322,0.0,0.6708203932499369
-82.52221389,33.19678889,1,1,2018,120,0.21934439498178873,0.45353601780655606,0.5209356648271228,0.07500941681476563,0.08534785453097392,0.17382455097958033,0.05797206797488077,0.07205817749698966,0.3612478373637689
-80.821022,33.329441,1,1,2019,150,0.08458252230845067,0.29822543542556695,0.2614964510213649,0.45453217135608487,0.04521334593297958,0.1192752464358066,0.05159112673073944,0.002465148177528594,1.3813037319865604
-78.984856,34.135563,1,1,2018,288,0.0651747898097225,0.09014476262722043,0.05574405101913928,0.4345387157662529,0.0032226164486134842,0.44958027000470735,0.014151077522882152,0.0,0.21213203435596426
-82.73777222,32.42865833,1,1,2018,21,0.029865088697543268,0.2601246696759346,0.3822678078929085,0.2758027470743687,0.19048838231064155,0.06902971511295282,0.12441089733256203,0.0033568184188816274,0.2716615541441225
-82.15247222,33.23922222,1,1,2017,39,0.10674604679382661,0.47799982303793337,0.42138683083046263,0.16700861839703693,0.07741531810813121,0.12993562943791898,0.059453498036018466,0.1257232603041881,0.3661966684720111
-81.4275,29.6593,1,1,2017,74,0.4502163954341828,0.46878084584039875,0.507218218285074,0.19125192016952153,0.013710544626478582,0.13211778101081653,0.024726421658548915,0.0048390157505218525,0.3841874542459709
-79.928365,35.864876,1,1,2018,100,0.4497063837848079,0.352895119025068,0.4465731358426925,0.0023192383601014217,0.019334538056183893,0.05864178029393553,0.008056057523409956,0.13311766266917727,0.2716615541441225
-81.005617,36.36055,1,1,2018,95,0.08839988378409101,0.6520849386708434,0.6863212897547477,3.8651414262826577E-4,0.01899387711924617,0.0,0.02419785209722085,0.14077573330891327,0.5307541803886239
-89.61527778,33.26388889,1,1,2020,148,0.03632432705802031,0.4617096329637264,0.6413567922276024,0.15064076474148216,0.01631609551378478,0.023369654527297785,0.06832029225498998,0.1640679315880621,0.33541019662496846
-81.8042,27.7267,1,1,2017,74,0.2182847158918262,0.017471893041628682,0.02591937947769467,0.36477400074710514,0.20501722714200302,0.1846642051944026,0.023478901892296365,0.09592464984133317,0.24186773244895649
-82.745264,35.231072,1,1,2018,108,0.6758221627016714,0.26487346969716113,0.5875824280233047,0.0018042185358438088,8.055344958301749E-4,0.006450593884255754,0.0032221379833206995,0.0445571139752338,1.015135458941318
-81.450775,31.30358056,1,1,2018,72,0.06479842177146035,0.4084930952501389,0.24709893709465783,0.513487375533248,0.011285861060618033,0.0,0.015850786374772777,0.0,0.18973665961010278
-87.163,32.586,1,1,2018,125,0.03546906414779408,0.9066297434341136,0.6032259728333808,0.20139878457139895,0.09161362099154857,0.0,0.01878670265554973,0.047766392535888824,0.4965883607174055
-78.33414,35.204647,1,1,2018,29,0.1095591114029881,0.12842727421982547,0.19877048973201228,0.19661298425106905,0.004801632555068723,0.5066038242476124,0.04536279177025452,0.025379155228567186,0.3189043743820395
-81.6159,27.7228,1,1,2017,59,0.3569512287717345,0.0888992938675306,0.09558070224457485,0.30258077513352855,0.032775890105857255,0.06359345241484912,0.036290756313155266,0.2528931999519118,0.6328506932918697
-87.092,33.912,1,1,2018,92,0.09247086188152609,0.7509796981265644,0.7456727787082363,0.011711642941241598,0.00858541332903589,0.0,0.01966713748984887,0.08073511614165146,0.24186773244895649
-89.8407,30.9778,1,1,2017,24,0.10564457991323814,0.3681940632628024,0.45992459953938253,0.1902938473203902,0.00423656471510683,0.021764560819996583,0.05396561427026752,0.2846623710851296,0.15297058540778355
-90.6227,30.4369,1,1,2018,152,0.05841502751249129,0.5666308266396811,0.37323966106788214,0.4118210392279174,0.03181730504706825,0.0,0.07331071359682272,0.01747706668606104,0.49929950931279715
-76.967737,34.945206,1,1,2019,313,0.0,0.5547225628642589,0.362966411026976,0.444296525867724,0.010781867003632912,0.0,0.0040277997156847245,0.0,0.6977822009767805
-81.061724,35.561582,1,1,2017,65,0.2147963823767179,0.4935832659660467,0.5285751681813771,0.0013690004527960146,0.03193404719037239,0.023948956063046832,0.015111026880192039,0.20033797656274666,0.6489992295835182
-80.841499,36.488391,1,1,2018,85,0.06888274014832785,0.7397061238929109,0.7223582171145406,2.475696491735972E-5,0.007440885073698243,0.025923083482561622,0.008375733113517718,0.13550874998815654,0.47434164902525694
-86.732,33.922,1,0,2018,226,0.13083816818980454,0.5139484029173464,0.6725052839747826,0.0029118100690998837,0.00564020247852931,0.0,0.00858195514380146,0.33504066633383656,0.5408326913195983
-85.24287222,33.92445278,1,1,2017,233,0.14165265646133807,0.4081457229897986,0.5911765122194858,0.004582054361848837,0.06162115361523831,0.010598294919517423,0.08181921596632816,0.15248715501823268,0.6118823416311342
-84.21415,35.4692,1,1,2017,75,0.0649591872836168,0.6812564757019031,0.765153720358118,0.0038660028259722623,0.02013689932813829,0.0,0.014400646907761957,0.21535268792070342,0.618465843842649
-81.906281,35.397543,1,1,2017,34,0.06672059251020587,0.6297822322771448,0.5371455687854415,0.03637867785476727,0.05167430562355684,0.0,0.004987696593899154,0.2636024499414048,0.15297058540778355
-76.987427,35.563482,1,1,2018,61,0.13837932080048515,0.2033682029512836,0.28210419930264286,0.16264743039062102,0.025209208324122906,0.4572741339564848,0.049812107240976414,0.0016105093630593363,1.0816653826391966
-82.71959167,32.25848056,1,1,2017,298,0.04989883662114314,0.5436772888214466,0.41168531030018657,0.17979154866898625,0.08062385019503228,0.14763021640040724,0.12591115129062652,0.013421503486556378,0.16155494421403513
-79.877129,33.712891,1,1,2018,66,0.24851435073966366,0.1183461878872171,0.1515755316825356,0.46327568214727743,0.007686693773872827,0.1433806919604071,0.05678296226790642,0.019019275182373372,0.18248287590894657
-75.885433,35.688983,1,1,2017,330,0.05430098694602756,0.0,0.0,0.9752588822431948,0.0,8.053157153414226E-4,0.0,0.0,0.17492855684535902
-81.227325,33.68256,1,1,2019,78,0.03307383161034299,0.17755225842327424,0.3113853222233343,0.2564445172438547,0.011938958991034724,0.20871057346820762,0.05349462620440333,0.1397250057672314,0.29698484809834996
-75.855527,35.742433,1,1,2019,41,0.0670053584066323,0.0,0.0,0.9696558247930861,0.0,0.0,0.0,0.0,0.09486832980505139
-77.831591,35.870439,1,1,2019,73,0.48877944055060946,0.13748816063648425,0.18960810064461753,0.21195773831570744,0.010303351905898999,0.3155472589672642,0.03963094922235277,0.00538857092319549,0.7782673062643708
-80.3697,36.237933,1,1,2020,70,0.14575620111449483,0.5813063091522516,0.5474115977881254,0.0037667952076057432,0.03660181082643037,0.024721223049982474,0.011653208106085248,0.19398328127812636,0.7712976079309465
-80.5589,25.4036,1,1,2018,49,0.054287305122494425,0.0,0.016464364768325558,0.5626020097341906,0.008877228405864983,0.7825253103865152,0.0032280830566781757,0.0,0.5531726674375732
-81.96732222,32.70805556,1,1,2018,92,0.058639868537479434,0.07731007457969913,0.17622233773798998,0.3498870350181329,0.03939620924080518,0.21004674447931576,0.019570102496515498,0.011744589934924353,0.12
-82.3114,28.4926,1,1,2018,310,0.11521816157116825,0.4997975298643451,0.4247910193881174,0.08409024541209306,0.007952927778305018,0.04429154408275599,0.02337793805953623,0.24288380626996922,0.36496575181789315
-82.94854167,31.46225,1,1,2020,343,0.10489775788155851,0.2471641564551008,0.32659801698556146,0.2173971759519416,0.051941770591303546,0.2832124172159262,0.042540344887540125,0.03305040542462897,0.09486832980505139
-81.74461667,31.31499722,1,1,2018,104,0.09426685549542257,0.11922765666885841,0.33823966042146913,0.45478364362058693,0.03612766562860621,0.0,0.033826016851357124,0.0032058679397398,0.6037383539249432
-81.35009444,32.31592222,1,0,2018,277,0.044625131194597954,0.08570958890251769,0.26740187551074907,0.4521549561868395,0.060897516941438266,0.02626239000708002,0.037277485587134646,0.010591559623748362,0.2830194339616981
-78.547317,34.027327,1,1,2018,18,0.06884561891515996,0.3020356555822482,0.21851886863511197,0.4517366241746819,0.00402813056829814,0.2384558516889716,0.059369905599575404,0.003222504454638512,0.22847319317591727
-89.38668363,30.48450613,1,1,2017,31,0.015065460755170453,0.5394092720258048,0.38791145304783603,0.2353729472245352,0.028702611599308144,0.0,0.13153176512997922,0.11673934284711444,0.0670820393249937
-81.165657,33.200195,1,1,2017,65,0.10245419717027651,0.25084398588931456,0.2970383781736808,0.19907536849002638,0.08992226014410316,0.33322272784730134,0.07885855138414867,0.01676463152572368,1.0062305898749053
-76.304002,35.951423,1,1,2020,130,0.11479469361970943,0.06966519267214151,0.04670573296298335,0.25441567556614864,8.052216254109001E-4,0.05572133647843429,0.004051369981969352,8.052216254109001E-4,0.09486832980505139
-78.097493,35.01496,1,1,2019,88,0.19098980764616,0.13064400015155922,0.14637665704202113,0.11532542437813383,0.011822280354226108,0.49936023202252006,0.04147592102893649,0.002584346694216183,0.7156116265125938
-88.072,30.88,1,1,2019,179,0.043498058461188205,0.25987528617143724,0.36003002720456617,0.31416519211644256,0.028876768634890526,0.0,0.11682554738755832,0.00886886412141333,0.8319254774317228
-78.819202,34.574081,1,1,2019,276,0.0528750157967901,0.32317705042335404,0.20556241568402267,0.3637299644514485,0.02175190506880994,0.3639787188333268,0.03697665895793051,0.005639382795617392,0.2545584412271571
-77.479551,34.768083,1,1,2017,63,0.2863445032928418,0.18269267232116895,0.21806925063554725,0.3032426804676011,0.027091822230645327,0.03355128083641304,0.022082188319277305,0.0032218326542215498,0.03
-77.611634,35.208513,1,1,2020,93,0.04091121583888208,0.08952960946087661,0.1864071085199544,0.25629657107509174,0.0059552205327158035,0.31346258952576234,0.04189505542936035,0.001848171889463525,0.5909314681077662
-82.19102778,33.05155556,1,1,2017,275,0.06390620850143543,0.0760222084508467,0.18850514851435085,0.34797232215314844,0.01638375404142081,0.3545926026591996,0.06160026042078185,0.05906874286924288,0.3661966684720111
-87.447,30.4,1,1,2020,103,0.3712066588238271,0.1299001935410421,0.13981638826086884,0.17862001314331014,0.005347137020781423,0.03116264656404549,0.0024190182264327547,0.09980900823414833,0.0
-79.432336,35.572962,1,1,2019,273,0.06183223459877245,0.44871309135914705,0.4978107729676828,0.005943884034888176,0.013696119906607313,0.004028270560766857,0.058670575932110225,0.45791484078063177,0.5731491952362839
-79.502429,34.692944,1,1,2018,156,0.2120169937285049,0.16984877604693505,0.14716387961556648,0.32818531257344613,0.038027390335981834,0.16673037736743185,0.06345585796199477,0.0076516025084113985,0.12369316876852982
-84.18616389,32.09860278,1,1,2018,34,0.07190550862461424,0.5579316100966156,0.3380795174215553,0.05468605395629973,0.04294185701009618,0.3030806870697122,0.020957269928372296,0.004128234468545131,0.09
-84.27257778,32.25591111,1,1,2019,226,0.05534196681505465,0.7498608862808579,0.600206429244379,0.07414663353954351,0.046817805369933685,0.09608223698767837,0.029163531992641163,0.014755621866643068,0.24186773244895649
-81.003632,33.608494,1,1,2017,243,0.07067615928375424,0.24055691144298746,0.31821835657742176,0.2946020058705947,0.13797723129228046,0.08827534780259529,0.10720503527791023,0.011469665420696575,0.18
-77.454657,35.578761,1,1,2020,4,0.1161157494537141,0.39371739652145354,0.1483820338500003,0.20736030836305408,0.020153305350527284,0.25947578034444757,0.08954182103005784,0.004832245288560844,1.1545128842936314
-87.926283,35.353167,1,1,2017,329,0.0,0.9402322965509394,0.7809061758529982,5.665178357098274E-4,0.0024163897557709074,0.0,0.04874789947818617,0.12335906604166932,1.4431216164966831
-87.91600538,36.61500687,1,1,2020,86,0.02643878530645241,0.8196781365267036,0.7189045677534092,0.06857844400321328,0.004026400555801175,0.0,0.0,0.0016484557569633048,0.06
-85.589,34.896,1,1,2019,84,0.12378665318503537,0.5417719919110211,0.521553861277548,0.0010153874923871204,0.020676103857538642,0.003222249951824204,0.03258579240496732,0.2742261071745608,0.21213203435596426
-93.0868,32.826,1,1,2018,73,0.08441853996510479,0.6124358358408979,0.6674195618241193,0.03613795628151704,0.07610499201972161,0.0,0.09344036914713742,0.03225296692530145,0.39115214431215894
-78.3401,35.9628,1,1,2019,281,0.11239105721864343,0.3232663887836302,0.49382643060817,0.05128597711673715,0.027110593154764745,0.08407631644606152,0.028983447504808482,0.20797526442618974,0.03
-81.4966,32.15485,1,1,2020,7,0.13376488734923,0.2617897691354591,0.34243421884403175,0.3135759764133529,0.1423667198786135,0.036975454013814024,0.026780887954606508,0.020392293224169807,0.48373546489791297
-79.29536,35.457497,1,1,2017,54,0.06648290511834914,0.7016235079910983,0.7287406383911,0.004353378720195607,0.02322275779724942,0.0,0.06533453785069464,0.1322610601858579,0.24738633753705963
-80.758892,35.874184,1,1,2017,339,0.06552137939746103,0.3715404534832313,0.405622688836988,0.00825828633105304,0.01061363219973844,0.1522582397796407,0.09257235275164725,0.3001857385634952,0.06
-78.447268,36.178899,1,1,2017,345,0.15345452707909601,0.4407569766413583,0.6379629713842229,0.08226442283886058,0.09536787322600412,0.013689848353744424,0.01651939947830152,0.07188512527711288,0.042426406871192854
-81.1121,26.9492,1,1,2020,131,0.009320467036446067,0.0,0.007533420981091271,0.7353025897938115,0.0013035953285724686,0.0,0.009682042974348918,0.053257564491582025,0.2830194339616981
-76.759021,35.844958,1,1,2017,93,0.3679351326774189,0.24880962905894383,0.14248452935746125,0.39420010701991,0.007129409683614678,0.24869541595067218,0.004216996866471243,0.001610987566966542,0.3818376618407357
-90.60102094,31.20157867,1,1,2017,41,0.05915161633024738,0.38751454444275835,0.6343167886438554,0.04206556469899733,0.029932850259873283,0.0,0.047216636948796735,0.2901001555445958,0.4695742752749559
-80.6271,27.7147,1,1,2017,45,0.0,0.0,3.8721394253643835E-4,0.33669036854668666,0.0,0.7782691352635455,0.0,0.17056853013465928,0.7942921376924236
-85.1651,30.8111,1,1,2017,302,0.03733967466923015,0.14288244073970996,0.22235138491578718,0.04499009780785954,0.03614834956367776,0.4974895662071583,0.046281775641836345,0.02297015302896168,0.9202716990106781
-84.64820411,30.29038566,1,1,2020,130,0.03454731755449012,0.26611934067880216,0.32624194206074847,0.6139383250818818,0.02308013381987441,0.0,0.004838005856200555,0.0,1.2237646832622684
-77.819817,36.09775,1,1,2019,142,0.047205800616441806,0.13250972664342375,0.17378984174464918,0.27136245123997005,0.006438574608838442,0.40323981243191226,0.01073622053460064,0.0024156496202851437,0.8658521813797087
-81.5869,30.0887,1,0,2019,152,0.5511097059753397,0.10527979766044891,0.21950244668493413,0.29019170757966395,0.020684050418361088,0.0,0.003753549586698457,0.0,0.2765863337187866
-84.83365,31.17407778,1,1,2018,263,0.053387129414145494,0.09054689871496507,0.19386721780977254,0.22950082499486582,0.007372724082440465,0.6421509890895072,0.007518155174975739,0.0016123881998476146,0.9972462083156797
-82.2147,26.8357,1,1,2019,139,0.24872755817781272,0.009685751183814036,0.02073657597673673,0.6287868892959151,0.0036736437419906042,0.0,0.0064549812520765144,0.0021326751783821425,0.1341640786499874
-85.588,31.518,1,1,2020,286,0.046531923505008614,0.24284124253769104,0.5623432384464928,0.17614245316562863,0.005643091086129065,0.08534187331655692,0.06858647681432496,0.16326711263420135,0.10816653826391967
-85.62444444,33.64611111,1,1,2019,224,0.08788208226936008,0.8190655576062496,0.7696636427612316,0.0014858322682930777,0.05909269020262154,0.0,0.006743518764299165,0.024104761543614822,0.3244996147917591
-80.642933,35.915967,1,1,2020,86,0.0672226434167298,0.5339019459186248,0.4620508340201185,0.030794394624838774,0.007216192061241319,0.03514617131271538,0.031372276558586994,0.248925466368124,0.21633307652783934
-81.5973,29.4552,1,1,2020,72,0.33518103699203944,0.3819937481807711,0.32520621806542105,0.20344976941829865,0.01985621795662502,0.0056456433661318355,0.037504783773440506,0.08241374184386399,0.0670820393249937
-88.90833852,33.4900569,1,1,2017,26,0.09412374522743938,0.2888947887430782,0.32716500341514704,0.38010609958881747,0.0016116748461798562,0.004835024538539569,0.043240288078978374,0.12205750835068778,0.03
-83.6285,30.5426,1,1,2017,77,0.037899583812981516,0.34018544989943217,0.26691495588414593,0.5153498687476825,0.0040314930753177795,0.08627395181180048,0.0159678745336116,0.06169607285145137,0.9604686356149272
-85.3128,30.0314,1,1,2020,326,0.09178432265573604,0.19740903800414955,0.1749122203446426,0.5350147226972383,0.0668713771152271,0.0,0.0929450792014395,3.193988975994484E-4,0.6586349520030045
-93.2598,31.1309,1,1,2017,21,0.5190094351554398,0.05300634912604661,0.42444463441245867,0.17685656779843206,0.015893893165973724,0.0,0.05660717390960684,0.03208182493637068,0.39115214431215894
-85.192,32.155,1,1,2017,78,0.016121894164506535,0.847442625023708,0.6896253699951098,0.0910300491910806,0.03593904586100409,0.0,0.035300550938935235,0.003053396508507471,0.45
-82.31755556,31.98638889,1,1,2018,66,4.1729366092993264E-4,0.24638029362299418,0.24370224307412378,0.261583417242738,0.15475166902690685,0.20830277665385402,0.08781357475217484,0.03534986344325311,0.33
-92.6,32.705,1,1,2018,17,0.05196085868163547,0.4704923006902832,0.5248910191485718,0.31465923289414005,0.04585392988533358,0.0064476162783347465,0.07688782411914187,0.036267841565632945,0.36496575181789315
-81.88763611,32.18523056,1,1,2018,16,0.12451465213047161,0.11351132583758074,0.1946579400647922,0.3644013710919681,0.006593566373443671,0.06383684874308168,0.09599549892688607,0.03963093729158042,0.09
-78.745569,35.264927,1,1,2018,102,0.045742221548489795,0.3716855522290018,0.33504792275756123,0.29876964984674337,0.05993448712643605,0.19116871302265784,0.025917701426816046,0.010562924262190477,0.08485281374238571
-89.76027778,31.28444444,1,1,2018,132,0.06117673842106597,0.6307388763817571,0.5750429304488794,0.07248632421783124,0.020651215140009036,0.0,0.039010309799842546,0.2429268323527272,0.1341640786499874
-80.190186,34.240025,1,1,2020,57,0.11262889203396682,0.14470026283865747,0.11666828427923236,0.40808320999037556,0.017726742734721346,0.3353703814883512,0.0474672244850239,0.00896764632462374,0.20124611797498107
-79.184748,34.732509,1,1,2017,137,0.12265665491043774,0.10682998976070385,0.08531933658654933,0.22933251792343412,0.008629403143478036,0.4821315762874609,0.01869282862485469,0.004197831909839791,0.75
-85.153,31.307,1,1,2017,53,0.0382601436810685,0.6242411211170695,0.41397871761436567,0.08356305455546031,0.029179496582552995,0.075057378966736,0.08159510366150519,0.012092261584860802,0.4295346318982906
-81.768555,33.613182,1,1,2017,265,0.07083996865599958,0.5726346654533504,0.47370629533255715,0.04099552027000724,0.23112972033496598,0.016116290093221675,0.06933164796966344,0.07310791594248695,0.36249137920783714
-84.704867,35.57045,1,-1,2019,290,0.052507866702051036,0.5634454259392654,0.5177241205402917,0.0019071615584147815,0.023860212132889445,0.0,0.022091385181020485,0.2709621786894256,1.034456378974
-84.64199167,32.34398333,1,1,2017,277,0.04336170158954968,0.5543443897874276,0.7157300518438656,0.037291982304715726,0.06513678820349915,0.004836186050922195,0.2119102934901144,0.004836186050922195,0.442944691807002
-82.8376,30.1364,1,1,2018,300,0.08090606700646283,0.34981724360352595,0.31754701593269924,0.031011897413896036,0.01766824680520022,0.05875711931996065,0.04156955508400876,0.41353880404911814,0.35114099732158877
-79.306666,35.69114,1,1,2018,6,0.07714094248251968,0.8115540719948412,0.7443555523212769,0.001782390667489387,0.01776125437477101,0.0,0.036217418221789865,0.06250394834927418,0.45694638635183454
-81.199721,36.148047,1,1,2018,104,0.531781829208202,0.36519728613122077,0.48666419417232465,0.0036764037131879644,0.00712201222901612,0.053959901965738535,0.0024224316539491635,0.08369864571226437,0.4883646178829912
-93.0388,31.9673,1,1,2018,62,0.04149015541420603,0.4264343251685022,0.4282075194023482,0.25984682436690154,0.10359739520768799,0.0,0.026816083960295896,0.025690712524498966,0.17492855684535902
-77.929841,35.964676,1,1,2019,135,0.23229705298557474,0.09388472382011961,0.1540567457809026,0.28104426546850836,0.02725127839069641,0.29241430281514424,0.008054098272632804,0.033075496906278715,0.34205262752974136
-81.132843,33.798214,1,1,2018,119,0.1545919979773719,0.2686303014980091,0.2902810609905785,0.09460506067512062,0.03684252105354632,0.07959425510736125,0.21576211467665238,0.20978654153039142,0.6
-86.8,34.918,1,1,2017,6,0.07446768180956594,0.29770645100145327,0.2738888077417413,0.041860472168578085,0.004027837888212493,0.2448672708950014,0.010472378509352483,0.4148704615744267,0.18248287590894657
-82.151451,34.062187,1,1,2017,56,0.05840560289246796,0.49793936942175954,0.5783257810588552,0.025428012771128678,0.06861620613931153,0.0,0.14331800875238962,0.15815915446229692,0.0670820393249937
-79.094383,34.81165,1,1,2017,308,0.0942723479580225,0.2931217600202301,0.10978861048987278,0.35572065754393917,0.0024164737172946886,0.41937032696626764,0.02601578762828635,8.054912390982296E-4,0.34205262752974136
-81.070206,32.577358,1,1,2018,48,0.05295835915074415,0.46379029096748864,0.4776080005704001,0.36763201502458326,0.04349942318936772,0.01936819481976643,0.05461843581598949,8.059545820888447E-4,0.16155494421403513
-80.46489,36.472461,1,1,2020,322,0.09392537539814955,0.6467591890388797,0.5981195936042537,6.441824264002631E-4,0.008555592401345407,0.011183223585516459,0.031086266521389017,0.2333664945441915,0.33941125496954283
-78.451791,36.314878,1,1,2018,93,0.2381897478035522,0.5058972252070035,0.4813251907193604,0.011149863809779325,0.03251531804687007,0.0,0.03370286147432254,0.06060577348240795,0.03
-81.6533,27.7553,1,1,2020,76,0.07586590906214802,9.617696561673478E-4,0.08783357646203697,0.2803748062647228,0.002878972428302513,0.16618947435025386,0.013483714823544298,0.47396744546561836,1.0653168542738822
-79.322601,34.093517,1,1,2019,10,0.23326469510731562,0.09266160512386461,0.08462137706893734,0.41860566221919776,0.020951375743805453,0.3747578583459475,0.013108040208944948,0.03096569093718697,0.37589892258425006
-79.773783,34.96981,1,1,2017,82,0.2128188936600151,0.3800959838343015,0.4747708021847719,0.05799419941751558,0.1750279622620049,0.004028461475269988,0.06561178901604436,0.018603593071678186,0.18
-90.10305556,33.59861111,1,1,2020,259,0.04857670138537769,0.003223278390130448,0.027638565680332194,0.39958351807409237,0.0,0.5785182727402001,0.0,0.002417405318291701,0.12369316876852982
-78.631433,35.400489,1,1,2018,71,0.0348209658868287,0.1943654495127593,0.21934806360680462,0.1835634243691321,0.03427048095540417,0.1891288348984047,0.020006380310740098,0.1601236895884069,0.39
-81.40876,33.619507,1,1,2019,362,0.060708732095222415,0.3194098534747594,0.35599838018937235,0.13640787276498748,0.04978971216951945,0.037775973153938255,0.1631144717841444,0.12984444072284654,0.2683281572999748
-81.5643,26.6208,1,1,2020,81,0.7857151897933095,0.0,0.001724356150929258,0.16178925998491314,0.013197163084654906,0.18473180009937448,8.070207641695447E-4,0.06824230877563879,0.06
-82.25460833,32.08921111,1,1,2017,110,0.07167692910697801,0.0515735039385012,0.25052064315992734,0.2251464324691181,0.044822921013035935,0.32562998647093777,0.045666906902350514,0.15439568081528401,0.0670820393249937
-84.3269,33.17958889,1,1,2017,81,0.1194684671016032,0.5251352854903154,0.41777136896795647,0.03922373628107125,0.02644519448342116,0.0,0.02218198136700922,0.2922623788033926,0.08485281374238571
-93.6651,31.7958,1,1,2019,330,0.07408250499532079,0.5908389609732652,0.5021368580448531,0.1879701719905199,0.12366362986893933,0.0,0.0992565008756346,0.0520828723343723,0.41785164831552357
-84.19795556,30.80456667,1,1,2018,22,0.05031748842621873,0.3212704596625263,0.38996903642633535,0.3744260407650803,0.021839142243737116,0.20024852419000422,0.020599683179086045,0.027780324852102835,0.2683281572999748
-79.574842,35.977541,1,1,2017,100,0.09696686533993332,0.683553894332761,0.5199501996611602,0.009342111047277484,0.044198406507864815,0.052014286481211876,0.07201662335037562,0.17168725111553912,0.22847319317591727
-82.86769722,31.54991944,1,1,2017,106,0.2249566855943241,0.15108823492216047,0.20920209838878065,0.24819233477110333,0.05530334165849955,0.25595776295406397,0.02487749359805254,0.02902216180329423,0.06
-80.21555,35.346967,1,1,2020,128,0.7552387452288871,0.14955385354263043,0.34896558485630585,0.005412505161083935,0.03814339541597054,0.020857744748453214,0.017718344645490994,0.032050937872093156,0.31320919526731655
-81.484938,35.724945,1,1,2019,86,0.45642833674526734,0.37585614274521684,0.551184102479882,3.86573518450674E-4,0.009203432495001919,0.0,0.009108681988876297,0.14223945979578123,1.2059850745345069
-83.09215278,31.58748333,1,1,2020,122,0.039938284095507905,0.15293656414407125,0.26973510516588944,0.24288095765546797,0.013893367221136878,0.4234394856134893,0.02401229065113896,0.004852404706358387,0.10816653826391967
-93.6765,31.6934,1,1,2018,150,0.19738223205817274,0.6110654441985461,0.500868658351486,0.26156706472377167,0.12840541958815685,0.0,0.07655516005234975,0.015746015287639012,0.6801470429252781
-80.097466,33.613987,1,1,2018,92,0.029175406231836464,0.38006368300017707,0.3195905423120265,0.36397407320714387,0.07388270539828215,0.1635348919521923,0.054589582661787324,0.007252697244923115,1.2093386622447824
-82.13252222,32.398125,1,1,2020,197,0.0032241749905171325,0.07282842331521053,0.23203723931468334,0.30481471367599156,0.02506827319392116,0.19034945760740388,0.0682162995928895,0.1555459326876881,0.042426406871192854
-81.4477,26.4365,1,0,2018,217,0.6695230621234367,0.09966583970431879,0.01941390216648921,0.28667161823696785,0.008218874612317238,0.0064497753022343205,0.016595987087790372,0.13444521805177548,0.20124611797498107
-83.42235556,33.54698611,1,1,2018,72,0.044012994071770735,0.522392021538811,0.49039444966584417,0.027655107178012214,0.008307474515107655,0.0,0.06807136401842874,0.31762423292527986,0.24186773244895649
-90.05666667,33.07666667,1,1,2019,329,0.08919902912621362,0.7080299352750811,0.6758511929771873,0.012829516686107635,0.023645787244801195,0.0,0.008874281018898924,0.2615669047468552,0.2563201123595259
-85.627,33.196,1,1,2017,61,0.04345462361241055,0.6561053935823197,0.7580063635301867,0.0067204865122586195,0.1947458901901794,0.0,0.011879104279511308,4.5506544725981067E-4,0.637808748764079
-84.18063889,34.76138611,1,1,2017,76,0.0795035138277971,0.6351686131755898,0.870444537893277,0.0,0.0016111402450196817,0.0,0.0016111402450196817,0.1661243547541274,1.548709139896837
-81.54166667,29.1025,1,1,2017,362,0.08764405986311939,0.6683618606651737,0.45296847832467374,0.37523353324926484,0.002419515527596709,0.0,0.0316561188440725,0.004032525879327848,0.12727922061357855
-84.064,30.89057778,1,1,2018,20,0.09499538366195755,0.43685734883073835,0.40503922142921095,0.33869437939998553,0.016387274647308405,0.12717132179510685,0.02075995472394887,0.006449940243200685,0.21840329667841554
-88.700833,30.441389,1,1,2018,2,0.11742309249139854,0.1114399919044728,0.20079668899534128,0.6012588778867205,0.007861142996278134,0.0,0.061684358981656286,0.0,0.27
-79.075941,34.578239,1,1,2019,336,0.06259873867269947,0.24556702855048468,0.11826772170933088,0.2696398921369668,0.012753038995172992,0.3840980312871188,0.02075488387373955,0.0051365968308524365,0.5770615218501403
-83.46906389,31.11061389,1,1,2017,102,0.09302796150392674,0.045046981902798676,0.09239814948764932,0.2841409513365431,0.004050029403023769,0.4392622054164796,0.004031059710269559,0.0032248477682156476,0.28460498941515416
-82.50032778,31.91423333,1,1,2017,39,0.04322205361659078,0.26968892261001515,0.40015819727928986,0.2205542164531239,0.05146507929984733,0.287037944431624,0.09282049498784505,0.09147380433786133,0.18
-77.173633,36.123317,1,1,2019,86,0.3163060366061615,0.14950673891899396,0.2716186930583409,0.2507774963379987,0.009662262864071538,0.5021913759567534,0.02834263773460985,0.004831131432035769,0.12727922061357855
-89.44084566,32.62557042,1,1,2017,27,0.0317877780166146,0.6818440451654506,0.5438080886740364,0.07910324740339207,0.0762863202343965,0.0,0.11184403910400872,0.1339909667590641,0.10816653826391967
-82.5385,29.2366,1,1,2018,22,0.08564091535843948,0.17096557918305905,0.18116886599878762,0.018200025705822177,0.08456762595161516,0.20509341404863807,0.09120007084728936,0.38263861873088495,1.0191172650877818
-81.953514,35.37234,1,1,2018,1,0.6613765304962033,0.31055963407083564,0.49983676794466064,0.008573978485711885,0.009659638316354736,0.0,0.013946142304351261,0.045837479270315104,0.8335466393669881
-93.033,31.239,1,1,2020,304,0.06542138810198302,0.477096823148523,0.5481394632472736,0.21740716031111199,0.10851696120894061,0.0,0.08972526951408429,0.017723119724321078,0.40249223594996214
-85.475,33.729,1,1,2018,90,0.09483717637540448,0.7547279530744332,0.7820864435013183,0.0013725604191996686,0.16448316396177773,0.0,0.07489003488548464,0.04287059507558523,0.4883646178829912
-89.36625858,31.20178085,1,1,2019,327,0.11109003300830898,0.2984785825397428,0.5198889027707032,0.23448171908344276,0.06512027871656337,0.0,0.059255723079160466,0.10506248676127945,0.674166151627327
-79.735542,33.811268,1,1,2019,170,0.06020197934704297,0.2435759697662955,0.18156663948403887,0.432569304325273,0.009526217642782643,0.27713581339486076,0.03119567622238377,0.0024179019564461585,0.4965883607174055
-89.410015,30.578028,1,1,2017,25,0.06297828204252519,0.2567576114041413,0.33538958394566376,0.2349816895216713,0.01128818061088978,0.0,0.07839435907164996,0.3503256814013788,0.03
-79.590004,34.827272,1,1,2019,134,0.12278751279168189,0.28573774841130456,0.3157744453086424,0.2385580930635216,0.21472962512440572,0.17505884583181955,0.161109619121341,0.015497385507337964,0.4459820624195552
-83.13075,30.63138889,1,1,2017,59,0.02243168016194332,0.3675607287449393,0.274944947876908,0.34544100633206926,0.033847768829698775,0.04702642370893132,0.07907825300614352,0.015663881063272087,0.6462197768561405
-79.586006,34.098934,1,1,2017,46,0.04838485365699476,0.3110563246728618,0.25241480266832567,0.44038297160366935,0.043428535321622656,0.1250126374320738,0.05303930241374953,8.056362947049159E-4,0.4459820624195552
-86.658,31.991,1,1,2020,57,0.02493645755617658,0.8241676255990695,0.8084500902227655,0.047444834645541875,0.055618073424075536,0.027406007194472004,0.049450931551363334,0.03814397794875359,0.6841052550594827
-80.5649,27.3811,1,1,2017,77,0.017039484511285813,0.0,0.0015793717846243093,0.2196926400768628,0.00645342933336708,0.6211489002280848,0.0,0.18201517821271654,0.6708203932499369
-80.134638,36.413546,1,1,2020,92,0.052229846709886174,0.8814623851587877,0.766168063278252,0.0024479649554490605,0.015031847938331526,0.004140074085536266,0.01182021151957456,0.0609579329314314,0.4883646178829912
-79.984377,35.213686,1,1,2020,182,0.0648421903823314,0.49034695373107934,0.6545654393110902,0.013833776367256603,0.11087073923300671,0.10049614861087866,0.03785067537479592,0.08623069173411996,0.4242640687119285
-84.79468333,31.15650278,1,1,2019,168,0.08070778999026094,0.19179641551673984,0.1861343368892801,0.22805859471817982,0.023380146319563425,0.5157954308333381,0.005494887667802736,0.0016124238841078223,0.21633307652783934
-83.99891111,30.82922778,1,1,2017,126,0.7115211919608415,0.16151676511136692,0.3941681939288233,0.16058535578589958,0.008062501778493039,0.04180802392824057,0.008565222477622604,0.0039016185077099643,0.2765863337187866
-81.311462,34.99218,1,1,2020,204,0.08589662580563628,0.6298748894224692,0.6602522471526802,0.011538879468719282,0.04798129778227078,0.0,0.024075946167940853,0.17101156251974467,0.22847319317591727
-84.49422222,32.94055556,1,1,2017,45,0.0456269437912463,0.9380894586462362,0.7396050282371892,0.03145960152924265,0.0233773047045364,0.0,0.004835375989987927,0.029710699138481372,0.6067124524847005
-77.824677,36.008651,1,1,2019,76,0.12196292367530433,0.0834722432691822,0.18629753519347564,0.17706284801875638,0.023799672142539027,0.331044437636015,0.01094753333059592,0.0032217207147166296,0.18
-80.391981,35.203074,1,1,2019,193,0.08459107571735558,0.3700922765769181,0.4142530589884049,0.005645691540357523,0.016914835147479677,0.07309546221247941,0.019587094817837814,0.3746154283512221,0.12369316876852982
-80.156364,34.262959,1,1,2017,55,0.041755104103497066,0.016348291894077216,0.06954572705609738,0.27153102912794114,8.405087289675327E-4,0.6558179951022987,0.014949048108065402,0.0,0.7427651041883969
-84.56031111,32.49818611,1,1,2017,346,0.12177728324503395,0.40684309684271747,0.556426561350368,0.06006669919874994,0.10276890982077948,0.002418054809242342,0.02223029996523058,0.20601510889148777,0.33
-86.9017,30.449,1,1,2018,89,0.20213519530459423,0.25483201781015996,0.2983548785775029,0.21272752015613947,0.013223840858569414,0.0,0.006450654077350935,0.02422157364338635,0.12
-85.515,33.371,1,1,2018,106,0.16208801628339173,0.685444822311281,0.6286352766303827,0.0014267585481644765,0.05292812721205385,0.0,0.02028137324299728,0.03501365153200529,0.0670820393249937
-79.309403,34.731057,1,1,2018,12,0.1189279308864021,0.0918735948670018,0.0864259994217678,0.28541419418492514,0.005368580375453046,0.3704067671287419,0.016270053180228214,0.007251849300567829,0.18973665961010278
-79.413201,35.063943,1,1,2020,262,0.05080889787664306,0.3746713852376137,0.5015237631238213,0.1465147519475363,0.12103850162660697,0.07357632418432777,0.08743248791889084,0.03885537411957932,0.5660388679233962
-87.051,31.191,1,1,2020,124,0.09800301002921497,0.565101367160328,0.4724004115355396,0.223204413182491,0.07089088627044318,0.014786454760150863,0.02968356291277666,0.15734912409936036,0.0670820393249937
-80.895103,32.743912,1,1,2018,84,0.038442576322609195,0.3116490740155491,0.24472888329742326,0.49347927328699176,0.07882284142814248,0.18910401289690393,0.03090515402000919,0.010263785936685059,0.6155485358604958
-89.15388889,33.13944444,1,1,2017,77,0.0471922328133296,0.6111476321711206,0.5993682908713636,0.152328157066734,0.12846709792408645,0.0,0.0858490893979566,0.03766286709286781,0.33541019662496846
-81.6784,26.5705,1,1,2017,61,0.8053947951624134,4.938896979674537E-4,0.006713285013882219,0.26868125970793644,0.0,0.0,0.017611861902245635,0.10683559203510991,0.8149846624323674
-81.8355,29.6448,1,1,2020,87,0.5143301825912006,0.253375343228435,0.34405640262259646,0.17772907999647833,0.054259104062238085,0.0,0.018187568191521314,0.05130216157239763,0.2830194339616981
-81.000519,32.194447,1,1,2018,128,0.1135676612321819,0.29680128505116166,0.299102555284941,0.5646634557032696,0.00613791664822974,0.0,0.00483574277641169,0.00483574277641169,0.042426406871192854
-78.843018,34.107916,1,1,2019,176,0.06535832080168828,0.07386299015581362,0.10483340191301939,0.3910133988193509,0.005640755007947619,0.42657064216124657,0.022638862115930948,0.0,0.8072174428244226
-78.761397,35.934804,1,1,2017,50,0.25462512786189645,0.5713816661825802,0.47168527096451157,0.031279070531267224,0.01044213239335191,0.001961453180965377,0.013287976702610857,0.0885086007037227,0.15297058540778355
-80.851178,36.17128,1,1,2018,99,0.04051134999936839,0.7484683501130579,0.4401509559041614,1.318767270924819E-4,0.007247360792251799,0.029141021956819,0.04795889688537171,0.24855131731440278,0.2765863337187866
-80.26158,36.013618,1,1,2018,102,0.497707551816907,0.30334836370985047,0.3310293880607498,0.0030923631262982742,0.028851193896947843,0.011291656930664936,0.00483116194181134,0.1258154559290672,0.6958448102845921
-78.580288,34.354737,1,1,2018,92,0.036765914406726094,0.5945887856375247,0.4071691896610731,0.17475411609430677,0.011047123230549079,0.054104683891797,0.08996913628997365,0.001102501002991601,0.33941125496954283
-83.38243611,31.54953056,1,1,2017,11,0.13643089297231673,0.08474447662286748,0.2923282035615895,0.2887589263541327,0.03755196231842824,0.381200309798157,0.008370872650829028,0.04191758736782209,0.09
-82.84944444,31.90666667,1,1,2019,71,0.05481998558367163,0.4130531001428989,0.4025805949134576,0.21070694524239164,0.0991917103686775,0.14086746515693216,0.05510404713811104,0.010491643669767698,0.03
-80.394081,33.150921,1,1,2018,85,0.15089924872891008,0.24024232919333222,0.3964083579143439,0.29588525513521513,0.020372886711960806,0.10722705008690159,0.09863485542739765,0.02748301469426449,0.4295346318982906
-86.146,33.776,1,1,2019,74,0.013689279890789127,0.7307269348905996,0.6878701814483106,0.01496448078039153,0.11960742802794523,0.0,0.09339067293989772,0.023366626958673153,0.63
-90.7228143,31.11617417,1,1,2017,33,0.02287846212217024,0.6524345516630838,0.5692345979259209,0.20941550065908796,0.029048647315655846,0.0,0.05602013297628494,0.039718998283259074,0.7689603370785778
-82.96730556,32.49494167,1,1,2017,53,0.1829928188530393,0.3289673308384748,0.25082564492843423,0.22260327830719423,0.08498244216661449,0.22619420133193,0.028614053220305767,0.06765850251119687,0.30886890422961005
-81.635355,35.871157,1,1,2019,337,0.09345392991586872,0.5341578029862813,0.6422608857349019,0.006834218286700638,0.019326616341871706,0.00724866555067749,0.025754082309465905,0.2108872113957235,1.0920164833920778
-86.0809,30.386,1,1,2020,110,0.06396488698313915,0.3757446969984441,0.14357704410470187,0.6137327613246586,0.018138122944599044,0.0,0.006536175056918798,0.0,0.3612478373637689
-83.237383,36.38665,1,1,2020,64,0.049115715007579594,0.7333375442142498,0.6219777021694555,0.0,0.015345018158850483,0.0,0.0038275698720985356,0.14865624506552996,0.5307541803886239
-80.9938,28.0934,1,1,2018,62,0.11944019132701485,0.32741974261961104,0.3214011137930455,0.29778096753115596,0.009024031387935257,0.0,0.2901390624752802,0.0071350598807131856,0.16155494421403513
-79.13819,34.861767,1,1,2018,53,0.06451531385828362,0.10925654503184064,0.11257109990427354,0.32840751377015726,0.02253335144509765,0.4625576127852205,0.03310662037636666,8.055523087760972E-4,0.17492855684535902
-75.880484,35.687834,1,1,2019,43,0.0717589667113212,0.0,0.0,0.9764656241867468,0.0,8.054988723015789E-4,0.0,0.0,0.16155494421403513
-79.142054,35.829906,1,1,2017,54,0.13267847435557076,0.7477907991049421,0.7330335811392601,0.007555958459156486,0.017464779834480998,0.005638385242276828,0.034291490302609105,0.07640090972266086,0.49929950931279715
-88.5812623,30.7787985,1,1,2017,53,0.012900614676346343,0.39985581665949965,0.3477639098330094,0.22947398879311776,0.0633155533352515,0.07874526121420417,0.06830175196744583,0.12710221865287263,0.8160882305241266
-84.89583333,34.65483333,1,1,2019,149,0.05472630527925578,0.6852036753832733,0.6352360869481709,0.026435127012544076,0.09836443652516223,0.0,0.010691031096873261,0.05362891633257198,0.3014962686336267
-82.3888,27.6448,1,1,2017,123,0.25890958793155805,0.007454186493874656,0.033130305685432154,0.4712256016294854,0.011842238477308975,0.04840669214609332,1.581918043989978E-5,0.2545369409501635,0.674166151627327
-81.5611,29.4255,1,1,2019,77,0.09451439417905727,0.41572919962037336,0.3858780846940481,0.2934331499931692,0.025837938025638687,0.0,0.05545557196762432,0.047823432849511203,0.09486832980505139
-86.874,32.479,1,1,2019,243,0.03873773642156369,0.40975523414584847,0.6330494435477015,0.03647483120340139,0.05691275337490798,0.0,0.05679580503130742,0.30766264511867114,0.3014962686336267
-81.0617,29.2456,1,1,2017,108,0.9383826879271071,0.03367501898253608,0.07578293054791607,0.08492169555970386,8.066097716819873E-4,0.0,0.0032264390867279493,0.0016132195433639746,0.21840329667841554
-80.431604,35.004859,1,1,2018,5,0.2744746186799441,0.18878344053681786,0.2894642676640046,0.001687556858384716,0.00986689330296071,0.27843406116020547,0.007250887009380349,0.2891508405657906,0.20124611797498107
-84.8828,29.916,1,1,2018,79,0.053603734676062414,0.05256632465873008,0.005705097653502849,0.9503996502870258,0.0,0.0,0.0,0.0,2.520357117552987
-80.05024,34.462223,1,1,2020,19,0.11593213482009652,0.2507143037750637,0.27035074436005857,0.12940654381802577,0.20090539477549943,0.1448473686372008,0.09412188395404159,0.0782221913333565,0.6177378084592201
-77.963986,34.139604,1,1,2017,65,0.0,0.42123629742954305,0.22205827119454588,0.3627039888627882,0.007832122761178707,0.011279015029208545,0.018965805944072524,7.961657667676621E-4,0.18248287590894657
-88.06885,35.677133,1,1,2017,68,0.03711051022213237,0.898296732455586,0.6426840311606832,0.06727309662318133,0.027700393554052113,0.012283561064048876,8.054276346959279E-4,0.1206720109159134,0.24
-89.23411349,33.41711205,1,1,2019,84,0.0664138541271647,0.5228036910630771,0.5246749359680227,0.1377493910263216,0.1647426883028647,0.0,0.039235886172952664,0.04759752879647334,0.24186773244895649
-84.024383,36.518633,1,-1,2018,73,0.06357607528579547,0.7342133518600388,0.8653927671568961,0.0023190286149942637,0.05355022484967913,0.0,0.04693737052195441,0.02253549593249456,0.34205262752974136
-80.897446,33.694843,1,1,2018,172,0.06295818797714746,0.2946938672329238,0.32253519489074345,0.17737405949373536,0.03531872805811776,0.46413618107760524,0.051241701189088086,0.00644629196014675,0.480936586256442
-84.74138889,34.11062778,1,1,2019,226,0.37419256974554094,0.5950776776346561,0.5355854904050202,0.006535666876619512,0.013914604015140499,0.0,0.008571825770453264,0.04386386183973559,0.3189043743820395
-83.1066,30.5597,1,1,2020,176,0.1583733873007843,0.4070452820642552,0.26009525760783525,0.27860599116223916,0.029831679004303682,0.07175223958942703,0.03792044674789164,0.05904041537940999,0.42107006542854597
-82.05691667,30.8875,1,1,2017,297,0.054418498747691425,0.6826726035368227,0.5235876711490299,0.22788474038866716,0.027441742814683662,0.0,0.07632402693900785,0.016928573687039563,0.3818376618407357
-84.07527778,32.96358333,1,1,2019,112,0.027295944169110943,0.7380145645797509,0.4512382636852672,0.03378723778637012,0.01797289054771966,0.02153776140015992,0.023531940041906205,0.21993483365516203,0.19209372712298545
-77.682401,34.438816,1,1,2019,146,0.016110282782846024,0.08790528417275278,0.13513949314097004,0.7282020642548475,0.0040284869319043536,8.056973863808706E-4,0.02252793084272787,0.0,1.0534229919647664
-77.11111111,34.94361111,1,1,2017,67,0.020911826434369216,0.0,0.018926134198350906,0.912875897002528,0.0,0.0038762996028925316,0.0,0.0,0.03
-80.605232,35.985473,1,1,2020,105,0.0633372087145529,0.5573472173077897,0.4602494138572238,0.011366622200662951,0.008053029992010125,0.13090752910933476,0.01610605998402025,0.3148734726875959,0.21213203435596426
-82.456865,35.29188,1,1,2019,117,0.6777508151967845,0.22868481585399755,0.22686693582825807,0.012827374229116858,8.054632519236365E-4,0.005638242763465456,8.054632519236365E-4,0.029322021049439678,0.24738633753705963
-83.2069,30.4743,1,1,2019,13,0.02903482914363069,0.2762293941272474,0.4019638791925944,0.04006728385693332,0.06166484326088191,0.1494602508078846,0.19030981034471844,0.06404264872351052,0.5247856705360769
-89.59746893,30.82455438,1,1,2017,88,0.12522135087275482,0.4668353149506704,0.43752488184443605,0.25652922361563374,0.0034715854838403685,0.0,0.0512169519605921,0.1921418228037004,0.21213203435596426
-92.2075,32.1421,1,1,2018,77,0.0161614628779544,0.24749294990958184,0.5074828548989149,0.25615016180444194,0.11949375410913872,0.0,0.1404155919688464,0.0064481869215597025,0.9486832980505139
-93.1146,31.6763,1,1,2017,10,0.09975213718448077,0.5942005159593305,0.5635793493241618,0.15849482215787666,0.022112144451258444,0.0,0.12247188169765631,0.0,0.5824946351684279
-81.81661111,32.30547222,1,1,2017,78,0.06595351895405005,0.10912171560073848,0.11687385017451554,0.35848006092621176,0.018547902772070683,0.1329013496854949,0.024986566362170882,0.05884249454752349,0.15
-82.6501,29.993,1,1,2017,313,0.06863712247685537,0.4347397177113371,0.28959122176103114,0.026636661128324277,0.04062515812376664,0.03209279967616253,0.12482922633203462,0.3312250164448718,0.21840329667841554
-79.60736,36.088528,1,1,2017,42,0.17654046403477736,0.5579411616033968,0.4723147511824394,0.001546266725957068,0.03381480803117481,0.07056646435045127,0.02118636039233767,0.16993930513537928,0.21213203435596426
-78.288617,34.035,1,1,2020,131,0.05566223659608871,0.47151195108393534,0.4141724235197056,0.2979377440954552,0.01161383294409875,0.15821990753176815,0.060395091535964965,0.006519547581952577,0.5474486277268398
-80.4192,35.19325,1,1,2017,77,0.07895867559711865,0.44027549601920885,0.41437491313851077,0.004773781096413093,0.0016107789537516926,0.11025939857935602,0.016944762915446727,0.32329596957838624,0.4368065933568311
-85.44,31.032,1,1,2017,106,0.04853337380943344,0.11186582172807646,0.1571885918122585,0.2981575988236311,0.04336856482520735,0.4615177891105922,0.024759002051920883,0.05082061026466304,0.4459820624195552
-81.61809167,31.53036111,1,1,2018,43,0.02257436260623229,0.5796489275596923,0.37468533696825973,0.43130419828892147,0.012063923620441648,0.0,0.07332247917424087,0.017153786573510584,0.8340863264674706
-82.271274,35.621524,1,1,2017,248,0.35385898197162446,0.6424898614076532,0.8305706399523767,0.0,0.0016109265038472718,0.0,0.00402731625961818,0.00636158035048707,0.3818376618407357
-84.30933333,34.86858333,1,1,2019,80,0.5016997560944787,0.41481631260347035,0.6013341089859284,1.900382553072985E-4,0.007250520489433829,0.0,0.0037374142653595725,0.061251891611827064,0.6958448102845921
-79.769491,35.956699,1,1,2018,58,0.2853679172612357,0.4051320259126898,0.5264827698412983,0.0033499788036786115,0.0016111402450196804,0.011416982050002205,0.006356106221528621,0.26386686295198786,0.10816653826391967
-79.703339,33.684971,1,1,2019,120,0.08080169842794317,0.29946165900015165,0.13211766216616566,0.4679934600672798,0.008059061861990941,0.36304651500881774,0.03320017445498621,0.010375647095261278,0.5770615218501403
-81.71,27.0711,1,0,2020,140,0.0,0.0031514599233018197,0.041001598694315244,0.23550063228917015,0.0056894233051182725,0.0378324499644016,0.1847417134720357,0.5256261371726925,0.6476109943476871
-82.00019167,32.71346944,1,1,2019,350,0.047926675094816684,0.17517067003792663,0.18505165508129146,0.3283565184106083,0.05849966023483307,0.2545615449043129,0.05530744796852039,0.00805954582088845,0.34985711369071804
-80.4039,25.435,1,1,2020,150,0.035774437423227425,0.0,1.2911784661812512E-4,0.7279522415870862,0.0,0.0,0.0,0.0,0.47434164902525694
-84.78388889,33.92833333,1,1,2019,79,0.38737975755583937,0.4855456257663285,0.4573556256663459,0.004468846729173229,0.02071602363573167,0.0,0.0016115271589724148,0.0461370746042279,0.09486832980505139
-79.232656,35.353938,1,1,2018,33,0.19732301975505254,0.387151000391815,0.46167961599767143,0.04979486925505046,0.06042239775630802,0.047340511210564054,0.07033014234684372,0.1229956320016676,0.0670820393249937
-81.43605,31.50425556,1,1,2020,85,0.06306739157921355,0.14316601340245289,0.2877806967054332,0.5073652064048263,0.02065095398428732,0.0,0.1335609617299758,0.0,0.45
-85.7736,30.336,1,1,2019,108,0.0484225972120323,0.20010372656665074,0.19599515545446447,0.6080243603338159,0.03225490227080835,0.0,0.03341860854881398,0.0,0.17492855684535902
-93.1921,30.4689,1,1,2020,198,0.06928789201361216,0.26944729085227787,0.2060048100807314,0.150479945686762,0.0532111020108718,0.07818651555350362,0.06585375880290041,0.26497402215469074,0.21213203435596426
-85.65361111,32.45333333,1,1,2018,82,0.06365142185188466,0.6380947564075009,0.5525831928370668,0.16648529416226635,0.013787217902522278,0.06792780833175294,0.02784626082558947,0.059611859156710266,0.5954829972383763
-79.580432,34.738428,1,1,2020,99,0.041121518955338957,0.003223482119155067,0.08522738185130044,0.29531084634022825,0.009451216623022177,0.6044545807759981,0.007249512750613601,0.0016110028334696891,0.37589892258425006
-85.5378,30.984,1,1,2020,125,0.08190189481140432,0.21605656606542048,0.20616322671793819,0.24665552812229521,0.008868583714055363,0.20197922759536494,0.046309499343946126,0.13426182082615365,0.39115214431215894
-78.947523,36.156286,1,1,2017,96,0.08259918854354946,0.6318490337095697,0.6616973995224089,0.005208433336802929,0.0030224552316584,0.016154502100243173,0.01691248460348039,0.1617882070555537,0.06
-80.718524,35.809114,1,1,2019,178,0.052178196561872406,0.6298518396887749,0.4703323368483182,0.0014477330471218157,0.03004077661929924,0.04648092405946878,0.007315154941677745,0.25421110981260436,0.17492855684535902
-85.075,32.39,1,1,2017,77,0.1768328149103507,0.6787800622107579,0.5285571752864366,0.10461347699026395,0.037454367305656065,0.005961091707887541,0.09575043064620631,0.03633863805174074,0.3
-79.756523,33.817043,1,1,2019,86,0.06154624186105315,0.17218534673493896,0.19444094809000467,0.4135420631658973,0.017712256401182933,0.29799939337259596,0.025238227636933515,0.0024170310643783343,0.6906518659932802
-83.998783,36.504433,1,-1,2019,33,0.03978371002994199,0.7957879044382395,0.8708175067272551,0.0021902102905022175,0.06024701338647074,0.0,0.04338997609446001,0.0,0.12
-82.748428,35.702253,1,1,2019,92,0.09514303042555343,0.6922445163246742,0.6309254719684183,0.0,0.005603161016654722,0.0,0.0032216596600833235,0.20709586332582683,2.270704736419951
-80.0734,34.898074,1,1,2020,311,0.0945146612740141,0.41174165824064685,0.5927504457625267,0.041631288688346285,0.08739734680985463,0.10005053695514839,0.008575489576752995,0.20379658875552736,0.16155494421403513
-80.479483,36.251417,1,1,2017,67,0.073711594074785,0.7156098854609972,0.6350966190287319,0.0022241702940381416,0.008054581635553873,0.014438232414163435,0.01852553776177391,0.09325310338292432,0.16970562748477142
-80.387192,36.121599,1,1,2020,323,0.27736027786548784,0.520682033470161,0.40055864171642874,0.0045106680558601306,0.013688681181615803,0.04022924988553295,0.003220866160380189,0.09656283057296684,0.2545584412271571
-82.48047222,31.56083333,1,1,2020,319,0.18420819686642478,0.08999860898595081,0.19403566341889755,0.23960727349237707,0.016343381720702033,0.17390369733447975,0.058023746902028196,0.10743323554701324,0.12369316876852982
-87.94,34.256,1,1,2019,93,0.06971159922149485,0.683391047190557,0.6561837805923555,0.0025780074731887224,0.015592121476370112,0.0,0.07149627495213359,0.1553809406456749,0.3841874542459709
-84.77038611,33.20094722,1,1,2017,272,0.050322417499051725,0.6151346567201923,0.6234324368462215,0.033051357775259874,0.01721745890785435,0.0,0.03931130164368579,0.1956242118935727,0.03
-81.0775,27.0808,1,1,2017,118,0.314146464966137,0.01603898980948161,0.05043437234070016,0.4011625110928076,0.007418867017204176,0.07104712008757108,0.0018918901817859691,0.45987168049201765,0.28460498941515416
-86.108,31.92,1,0,2019,249,0.024909907062021872,0.743263577163811,0.646139506468167,0.13670871223826045,0.039496892721444965,0.0,0.04537954316999311,0.04636894112291926,0.7305477397131552
-87.2,32.591,1,1,2019,252,0.08568429837761281,0.19517962595313662,0.4220056139917954,0.36793491369916187,0.05042162886545806,0.012155806720776763,0.02659675339452326,0.12299931730258672,0.48
-83.85181667,33.26938889,1,1,2018,120,0.029326625289158012,0.9508779026406605,0.7622690809957038,0.01592025312231718,0.04720415631695709,0.0,0.008308209610850919,0.02182445628472288,0.42107006542854597
-77.861058,35.384428,1,1,2019,32,0.10614560432618203,0.012900209738963437,0.1347849443618174,0.13699187423279244,0.01081127176941008,0.7119394594048282,0.0143897616656244,0.002416191324451858,0.09486832980505139
-77.490709,35.411953,1,1,2018,17,0.08171029183149861,0.03662744404140495,0.1143790337700877,0.29036018967405414,0.014901049200624086,0.46800601347979626,0.0025203555027761807,2.0213377465874133E-4,0.0670820393249937
-86.336,33.922,1,1,2019,85,0.06608018605591788,0.6042140654229233,0.5356372112632906,0.0018047229143696888,0.012085689911213624,0.0,0.011469556700053712,0.28101993743878173,0.16155494421403513
-89.98879441,34.13565574,1,1,2019,336,0.03117969717651221,0.8575111852582085,0.5217944058270065,0.029831612693524592,0.004834382889444296,0.0016114609631480985,0.02252569648290744,0.09479182136165283,0.2765863337187866
-90.90527778,31.20527778,1,1,2017,162,0.02789932970785381,0.6499810294675608,0.6675958593514876,0.05003629263752638,0.11607797759061131,0.0,0.0866783013379872,0.12886663125679737,0.5580322571321483
-80.400617,35.197617,1,1,2018,6,0.10223597776654879,0.3598660939868621,0.41633904976188724,0.005412691168822903,0.017856860768931844,0.06359532031454868,0.011481215858863822,0.3590991953038858,0.32310988842807026
-79.904182,33.581341,1,1,2017,35,0.09265300961052098,0.4557283763277692,0.34573318538103204,0.30694170965793194,0.051524793897664546,0.20022498254173396,0.04383683709936834,0.004013031292164478,0.7589466384404111
-81.604105,36.061814,1,1,2018,31,0.08551143900251391,0.8794451673214667,0.9424985637273058,1.2884768233336577E-4,0.00322139511674399,0.0,8.053487791859975E-4,0.03045165854475054,2.556345047132722
-79.944133,35.867033,1,1,2017,49,0.144627003270904,0.6408067388202009,0.46510194347432476,0.0023191938300349264,0.020139698425786404,0.03356616404297734,0.01093704093334471,0.14249428980315226,0.15297058540778355
-82.2383,27.0228,1,1,2018,119,0.8624242194124867,0.05456202300945437,0.05562195658435809,0.19477353874284883,0.0012087383556095596,0.0,0.004021744633454843,0.0,0.23430749027719963
-86.4162,30.9616,1,1,2019,143,0.10969749089437478,0.5949387899635775,0.4636495431722693,0.11459086830148703,0.00806227235936867,0.0607294617563739,0.008432188385269117,0.2476603601780653,0.23430749027719963
-82.96277778,31.95555556,1,1,2019,115,0.05782971028238296,0.4468555964439722,0.38035466652910493,0.17087443748881043,0.09731679406204756,0.17984876935429828,0.056755748598018574,0.08266158349613388,0.15
-89.7927,30.3396,1,1,2018,171,0.07007956687285749,0.5565886177627668,0.4226309846386093,0.12365301996717667,0.07772894004553507,0.00241904882367822,0.0320769036175057,7.114849481406529E-4,0.15
-79.476905,35.133035,1,1,2017,138,0.21118185033601125,0.5049264817341215,0.43383227284051923,0.09802824645479051,0.13378379659025222,0.015203924653228592,0.03676993205144002,0.05431146406876359,0.24186773244895649
-86.472,33.218,1,1,2019,271,0.12759501352820693,0.45874529041393797,0.3744226670947424,0.04820852999097508,0.044401044135585946,0.0,0.04028960225513062,0.215978687498815,0.12369316876852982
-79.031653,36.049789,1,1,2020,98,0.1476830562433675,0.8394309970185456,0.7526661943833317,7.731028914048138E-4,0.008857689611398477,0.0,0.0042756904576946655,0.030043514781762964,0.12369316876852982
-81.043953,33.9086,1,1,2018,107,0.3726273221281435,0.18120813850625547,0.16273661925266591,0.32367815231996344,0.03431855812131092,0.0775445847394431,0.030621595318444363,0.03384142873393242,0.2683281572999748
-82.996175,32.5489,1,1,2017,89,0.15798859224221878,0.31281538909054113,0.28895278395265267,0.16480358504572332,0.09484736805507263,0.2662888533481677,0.0070199948163928395,0.042455006922011984,0.28460498941515416
-84.330167,35.64165,1,1,2017,98,0.05476942514213519,0.1749589387239419,0.315839528301458,0.005154402137358757,0.009665131616351134,0.1416794587526296,0.012245658587122009,0.5300566642030059,0.30886890422961005
-81.256899,35.389411,1,1,2019,336,0.10510218267760323,0.6473844520556601,0.5257188512933719,0.005629725760594147,0.019279543911182702,0.02481325310718403,0.009159678463700827,0.18767549470159975,0.6708203932499369
-84.86063889,34.44986111,1,1,2018,197,0.10545275291976339,0.1042899034329339,0.3179849380370924,0.002845284556256417,0.03163033175355451,0.0,0.017235387045813587,0.640612954186414,0.37947331922020555
-89.07681956,34.27360864,1,1,2017,45,0.07911104368932037,0.26809010922330107,0.31831885112900576,0.1021018152040399,0.014501178418202608,0.006027940832664613,0.009667452278801739,0.5395165010141345,0.09486832980505139
-77.127775,34.706487,1,1,2020,68,0.32187918784292896,0.3281878176439354,0.19836709856239168,0.1248526709269955,0.03383266257684217,0.12532300557875653,0.025050701609183792,0.0056387770961403615,0.3818376618407357
-83.06103056,33.921725,1,1,2019,248,0.015822464867050863,0.7226771812759076,0.6074213112209894,0.020412599506304165,0.07110854124011018,0.0,0.08818975758954521,0.16659715376254383,0.17492855684535902
-89.9975,31.11583333,1,1,2020,94,0.05721946777294344,0.42272083375493275,0.47497656764124074,0.06723177473372094,0.04245706553355084,0.0,0.08928977919417252,0.3316134253989933,0.5770615218501403
-89.902,30.5867,1,1,2017,323,0.05434122647237401,0.3180403764420158,0.40550215150696584,0.3744512468420452,0.01576847190954393,0.0,0.08661434750714594,0.2375452153896745,0.34985711369071804
-85.463,34.204,1,1,2019,30,0.06658240647118302,0.5515166835187059,0.3421997243027577,0.07866167034920138,0.02522243004827744,0.15578634077294454,0.02227460000505524,0.09446010161009027,0.1341640786499874
-83.5354,30.1748,1,1,2020,37,0.08313518162501263,0.4517353030456338,0.4240748245319798,0.4156496275620759,0.008927046769756189,0.0,0.02015305315751193,0.012481421749992094,1.3230646242719968
-81.123756,33.527115,1,1,2019,142,0.27860665065115686,0.14869136426855484,0.2729956359606552,0.2243809858927072,0.04363996006016255,0.22641843299333916,0.12041671406362568,0.04846497048749353,0.23430749027719963
-75.657567,35.8905,1,1,2017,97,0.16414929787529856,0.019338448121137046,0.018398847520283864,0.28123375156705016,0.006001187603441522,8.05422546777678E-4,0.001058104130080479,8.05422546777678E-4,0.2563201123595259
-80.845467,32.983448,1,1,2019,282,0.07195781913817519,0.14389034998988467,0.23422988868394667,0.5707981425751546,0.03295043372465992,0.1874512158510959,0.03708701354105773,0.01635987296370619,0.5770615218501403
-88.61158247,30.99945462,1,1,2019,162,0.0840321254663884,0.7547713906279645,0.4759403759986486,0.2931552180612084,0.026972253136382022,0.0,0.06778948300283284,0.027193570416835285,0.42
-85.19487516,29.6793078,1,0,2020,247,0.0011386207507306147,0.10148906291512212,0.048845413175010045,0.3329798247096456,0.0072581104244808575,0.0,0.037931928728201926,0.0,0.09486832980505139
-83.20150556,33.19042222,1,1,2017,343,0.17636869389303328,0.36632949804020737,0.5293145700939256,0.009794022668174708,0.06910250494605172,0.0,0.020953560841176437,0.026013387523940164,0.0670820393249937
-85.994,30.6646,1,1,2017,76,0.03925314037773085,0.7286308838597871,0.6557888479973696,0.16958986227567624,0.01142676468263378,0.012093905620109079,0.07686032724685793,0.004641530313809183,0.7742092740338364
-80.90537,35.543922,1,1,2017,40,0.57854236688484,0.08595941472290314,0.12499987366195374,3.8659442151830033E-4,0.013369085293058688,0.006512415278593671,0.005432276566043218,0.029697497994479294,0.06
-76.9589,36.320367,1,1,2018,88,0.1561295053159884,0.44907144031048923,0.43003442971210953,0.15804425089484414,0.023386714678290548,0.2260684165640104,0.05254430019899558,0.002220537603840931,1.2713772060250255
-78.07651,35.685931,1,1,2017,303,0.03843382176315157,0.30640858692491496,0.134141417612343,0.28421324975908574,0.013622867972204671,0.3991408717624761,0.016108654453569165,0.051847757422615263,0.39115214431215894
-93.3765,32.6928,1,1,2018,226,0.04899853320519952,0.5563957311213392,0.459670788552034,0.3860841617052004,0.005641557259435782,0.0,0.059395958306205414,0.09281862946504767,0.3
-93.5459,30.75,1,1,2019,190,0.5449209361163819,0.2600126502213789,0.37856198318678175,0.3505937439611329,0.06572290451918095,0.0,0.09359624603164571,0.008290856658614022,0.6029925372672534
-87.3916,30.4839,1,1,2020,121,0.01935508355576921,0.10803425723285559,0.17710569276789956,0.573376044227225,0.0040315950571063585,0.0,0.002418957034263815,0.007927222594639719,0.6155485358604958
-81.3271,27.7782,1,1,2020,84,0.07880943940851773,0.46653922114751606,0.4671348408447377,0.19206091461001037,0.013432628062360789,0.05876695687386106,0.1627733346831341,0.05243343794290338,0.6307138812488592
-81.290017,35.826617,1,1,2017,346,0.34900533353555274,0.43525188948712124,0.390416756149017,0.002347679985851263,0.019295458350047225,0.006443400725830142,0.018426862663967182,0.15037444370394473,0.2830194339616981
-82.902833,36.52055,1,1,2018,66,0.04718411278708405,0.6031102352257509,0.6375830042131759,0.0,0.006897401157778045,0.0,0.00802486096241484,0.3339396982702805,1.620277753966893
-86.75,32.243,1,1,2019,271,0.09969016756244066,0.3623269048371797,0.4129112910077311,0.11869788695641616,0.004804470686407145,0.006467070410782248,0.01325970692728814,0.39370740773519797,0.3
-81.9304,35.870533,1,1,2019,287,0.11230304638439277,0.8521536964734719,0.9068542588230065,2.5770929784827914E-4,0.004027023697850044,0.0,0.010741888310892548,0.05392737460164049,1.2983451005029443
-85.101633,35.478383,1,1,2017,75,0.03831040016173255,0.7816610439331335,0.7219713424303649,0.00764195118894449,0.038663090962502464,0.0,0.008054810617188013,0.09185326977929814,0.39
-85.11128889,34.79590833,1,1,2018,89,0.04615131869937194,0.757541292287473,0.5615167243105598,0.004678227792696282,0.010472279260780298,9.57194755962724E-4,0.016149107565945366,0.2747496446059076,0.2716615541441225
-92.76361111,31.29083333,1,1,2018,78,0.0569173559990893,0.8845336571298472,0.5950996984414245,0.13519505205198415,0.025239734797826027,0.0,0.03152516543519019,0.023355370280789284,0.45099889135118726
-82.47406667,31.85670833,1,1,2020,182,0.055084156349979145,0.3239418809039063,0.27594684220721055,0.24458764880899708,0.04911933542383169,0.04773164070402589,0.12833805381347366,0.19101507181873362,0.2580697580112788
-78.211252,35.501216,1,1,2019,281,0.08842307546430331,0.09804417360961855,0.10530342577240463,0.23294453908400495,0.03141177696848716,0.43017867915767816,0.001610860357358316,0.07830044756649539,0.16970562748477142
-81.38638889,32.275,1,1,2017,80,0.2508502433782161,0.27866489664327726,0.22273141262577564,0.4954696270059491,0.08215718318229094,0.019990074504436458,0.05172953340687897,0.03163198538360146,0.2765863337187866
-86.67,32.603,1,1,2019,189,0.0677582500948287,0.18791250474143392,0.47001712700225895,0.14312500284438706,0.08370971361385114,0.010780964060292476,0.1452601369824046,0.06444241460724225,0.3
-82.99908611,31.98527222,1,1,2018,17,0.030629536889495924,0.49186837645749587,0.3676516922747028,0.19947413378485615,0.08395554234919995,0.21931682398386584,0.09465585150436552,0.09552831393474236,0.23430749027719963
-87.9,31.836,1,0,2018,144,0.03418706127869474,0.9529121608802883,0.7962957905469377,0.072655447122893,0.0016122199953214017,0.0,0.10699766702283035,0.0,1.4150971698084907
-86.201,33.285,1,1,2018,121,0.08589236273530641,0.583572485113592,0.5985618938266701,0.017126932436210718,0.047232747532653066,0.03464556477990603,0.013642698454333151,0.24252527391264517,0.6029925372672534
-81.540455,35.929917,1,1,2017,72,0.9114968229304835,0.07456954813607711,0.4972723818301622,0.0016750748857007726,0.0016107891287525855,0.0,0.010508030257568336,0.04674131042433238,0.674166151627327
-81.5587,26.6331,1,1,2018,100,0.34255731230299874,0.0,0.001640363472143185,0.1520409361817603,0.006673860554604453,0.4121401605650468,8.069390428753606E-4,0.1275691515115075,0.4242640687119285
-89.31046767,30.87624805,1,1,2017,31,0.019355818131214737,0.6938111985426206,0.475517549250961,0.2521841400399118,0.018731660426995863,0.0,0.04244662551856726,0.040268010725488246,0.2716615541441225
-79.912399,34.547558,1,1,2018,107,0.07865267947421639,0.30518200202224477,0.3902315875022299,0.22152463330673147,0.08298587420716147,0.17118047658757238,0.06297538725898971,0.025348722613903422,0.16155494421403513
-78.206106,33.980726,1,1,2018,107,0.10650752911129936,0.3021379894554511,0.34419612164840063,0.3202364823876736,0.024672128298858488,0.06174508942817153,0.06899918170300559,0.008056592029976842,0.47434164902525694
-84.04803611,32.69220278,1,1,2017,361,0.1029268601049371,0.527441684050825,0.555088270377935,0.10159196649300657,0.10260648603205413,0.03676324181502706,0.03157681817176198,0.07432293625534528,0.35114099732158877
-84.21135,30.81122778,1,1,2018,20,0.02889018189177565,0.2832856889878317,0.37655614358658895,0.34314224404378285,0.021769649598755478,0.09941947601069986,0.015319383050976076,0.013305255702478293,0.0670820393249937
-82.545,28.8415,1,1,2017,25,0.4297464189907372,0.49352128359568725,0.2678281798523614,0.17238440661463333,0.004551564896965098,0.0,0.013234014961015962,0.11451345068083695,0.5408326913195983
-81.6903,29.6833,1,1,2017,162,0.19459835547122076,0.14813409234661612,0.3257509444043597,0.29093877790584594,0.01048330734906726,0.0,0.017740981667652287,0.0,0.2765863337187866
-86.793,30.6656,1,1,2018,348,0.052662871600253,0.6327767235926628,0.4388030285478112,0.3188757120765038,0.011882515501339076,0.0,0.05954537837179815,0.0,0.7080254232723567
-79.661129,35.028155,1,1,2017,53,0.08812270217685184,0.4885345731576356,0.569300455945331,0.11566770065485915,0.16415647906317216,0.008053233452184323,0.053416623768723775,0.0541303613217409,0.15
-81.013497,36.472591,1,1,2020,321,0.04872932226308272,0.6138681427000795,0.5719379970291932,0.003607408829562566,0.011274063968470525,0.006499166287706538,0.07688153706230111,0.24539879238037512,0.6363961030678928
-82.409884,35.984252,1,1,2018,87,0.06388274685703456,0.8236401541474508,0.8993195670210822,0.0,0.001610733167838396,0.0,0.002416099751757594,0.08592787705368478,2.4827605603440697
-81.5938,29.4653,1,1,2019,152,0.5790385612566241,0.19065626225195723,0.307977146997672,0.1714739235220867,0.009348661427283805,0.0,0.026679738768797763,0.13277566058919352,0.06
-79.542197,34.70549,1,1,2019,205,0.06894243641231591,0.05087014725568942,0.14361289683402184,0.28298133895688604,0.05439212886021394,0.5181928479800817,0.01696377228292121,0.0016113845901079933,0.5731491952362839
-81.916667,36.202331,1,1,2017,80,0.03312278928751896,0.8600682162708441,0.7891346746566692,3.087199490687873E-4,0.024810040234204755,0.0,0.01127442001477991,0.057474277268621726,0.579396237474839
-82.1451,28.2252,1,1,2017,34,0.29221756898667706,0.3818591292685705,0.1818842985579834,0.301742951366606,0.005498190468959581,0.0,0.008089109913193124,0.17042492344291746,0.3014962686336267
-78.968007,34.522261,1,1,2019,262,0.11234733355248189,0.05804485801704303,0.09634347969153018,0.4931836711381001,0.001778342130283302,0.567824958068398,0.006443726369054949,0.0,0.5239274758971895
-78.702262,36.446646,1,1,2017,277,0.012884156277236726,0.6621193173923479,0.69255786224214,0.013708084293704244,0.011996299114882161,0.04058026847205861,0.0555827473072271,0.14582497844834383,0.33541019662496846
-83.80810556,31.67023333,1,1,2019,20,0.058898669499671145,0.3538599686345928,0.3830540723848019,0.18535259508098142,0.053175481301172826,0.23743558941611606,0.019346884582556192,0.007950557961622357,0.4080441152620633
-85.06444444,34.46055556,1,1,2017,75,0.09018061401180502,0.7372186200533375,0.635608422897852,0.014068659587771542,0.05704554860845637,0.0,0.021635352064173084,0.1319067733690553,0.39458839313897714
-78.189703,34.67379,1,1,2017,330,0.06902742133276021,0.15911705584141392,0.2894608218507842,0.33789602600436597,0.05080136203117002,0.17198486351259995,0.032443001269797135,0.01610936680712349,0.563648826841678
-78.044296,36.111578,1,1,2017,360,0.03186330226566643,0.6162385390619076,0.5183167951621424,0.10274332535984283,0.03276783345754963,0.04832118540227129,0.08552290842944311,0.02192312064979853,0.21
-80.500962,35.724289,1,1,2017,10,0.32651823397103796,0.36184892213601555,0.4515076481497394,0.021108590082419124,0.029619640736717114,0.05502008539450746,0.014242944847275209,0.24045943760895377,0.18
-86.398,33.97,1,1,2018,92,0.10454798260693703,0.5916675093538276,0.560312875347291,0.011339785094087056,0.013122140491898566,0.0,0.04208058441394296,0.32363944288566976,0.12369316876852982
-79.819229,34.308346,1,1,2018,234,0.07308129978505501,0.10574029586546974,0.19463303679741203,0.31723615042458564,0.006479699993997355,0.36665434544288494,0.02818400957896168,0.0023094396370609786,0.24186773244895649
-82.53001111,32.34406667,1,1,2018,5,0.010912999494183109,0.21397319170460302,0.3768082375631992,0.22045150439094652,0.10890200305341584,0.062117730357464596,0.10551985510498886,0.011796426302364028,0.15297058540778355
-77.209952,35.105789,1,1,2017,29,0.049280743631518464,0.3490066810644237,0.5181327484168332,0.2342580472347026,0.02120338950920362,0.03380346660094911,0.10564412680960233,0.0,1.3803260484392808
-79.779114,33.509338,1,1,2018,84,0.04654309124013757,0.08251567873760875,0.2811733333333335,0.39353225908372835,0.014516475599428692,0.2840729552435001,0.06118154126167574,0.04179569498337904,0.7156116265125938
-82.774159,35.206182,1,1,2019,3,0.29132017288881024,0.5268179865025402,0.654962541138038,0.0018042112412973337,0.003221924246875208,0.03703317634349503,8.05481061718802E-4,0.10091888016021179,1.2332882874656679
-82.786,30.1921,1,1,2018,45,0.08841910834471937,0.42286574566064455,0.34731229035864786,0.08418488406801612,0.025284274168047474,0.02596412896371158,0.07022425721910934,0.273285817280328,0.3014962686336267
-76.9828,34.990333,1,1,2017,24,0.28547769251191546,0.5220293556176437,0.3714532940178696,0.1871969334747179,0.0239182149322196,0.06659253104692338,0.014845026015915985,0.0016111860540789851,0.4326661530556787
-79.268237,34.920502,1,1,2017,344,0.14733474940575525,0.12807869316745046,0.10261382709834713,0.329998135038383,0.028189746943004527,0.3682988542782143,0.02359991028812044,0.0,0.35114099732158877
-81.5792,26.354,1,1,2018,125,0.240180752629647,0.0,0.019236913000750852,0.5634939641305876,0.01057285172690967,0.0,0.03114576674535917,0.2618624168507397,0.36
-83.41252778,32.82697222,1,1,2019,35,0.04523439179533872,0.46700051848198587,0.5225558720304359,0.1377557340916596,0.14179611573774115,0.02499328392408463,0.09041892511180288,0.05198400783805564,0.18
-79.139973,34.856419,1,1,2017,273,0.06915734243631076,0.13074151336999806,0.11422416843058644,0.3254477525943264,0.03033203501356762,0.4414824221403011,0.027618515113895195,8.0552686195165E-4,0.17492855684535902
-85.39,31.863,1,1,2017,116,0.08190025795356833,0.7304764554144959,0.636112601661583,0.0334693625709374,0.08976446154283847,0.01606504414567915,0.10521307837478144,0.06547722538163168,0.5909314681077662
-82.33887222,31.87268333,1,1,2018,31,0.06639607515868802,0.12296740257441267,0.32047066844082767,0.1746991942943642,0.060671102751742575,0.18988446158466235,0.12496483269847795,0.14940334128878288,0.21633307652783934
-88.97611111,31.08583333,1,1,2019,65,0.031215612865689385,0.7490229310802776,0.6742547288394076,0.21793911374252958,0.006433785753353632,0.0,0.01876072956285035,0.003224796790378725,0.9604686356149272
-76.70873,36.03946,1,1,2020,86,0.1159209761766415,0.02381072682717329,0.13845466658514735,0.1882681911452841,0.0048310704136406675,0.1588569624250078,0.010950426270918846,0.0,0.03
-89.24061111,32.642375,1,1,2017,70,0.07980478677000492,0.4340965698607967,0.5205521844660194,0.1139780542071198,0.038195201658654684,0.0,0.05097329022348223,0.2912474992177648,0.22847319317591727
-81.8161,28.5197,1,1,2020,285,0.036384798340164955,0.08387733414300892,0.02411794029601477,0.38221178542599266,0.003131662691458469,0.03732688864566659,0.009679684682689814,0.4280824734441331,0.20124611797498107
-87.541917,35.055767,1,1,2017,96,0.07288099179820291,0.6923251905116959,0.4950420240267254,0.016904625928041116,0.01057629431666335,0.29189371898267924,0.012196855542603703,0.10141933364291425,0.4295346318982906
-84.111433,34.9934,1,1,2017,81,0.06599267028939716,0.6902944521673193,0.6885218974320874,0.0015465394663225862,0.02124480331576886,0.019598923386026763,0.05714457207121827,0.1476869226783932,0.5507267925205745
-83.41781667,32.28275556,1,1,2019,146,0.08816127278015955,0.1612221927128782,0.21708467239291113,0.27313376604659045,0.02459153709750324,0.36251655503541763,0.04844659242846172,0.02055195041233497,0.31320919526731655
-79.320744,34.748261,1,1,2017,265,0.1289796640588466,0.06254976554896931,0.09129039269304833,0.29699300946729384,0.008056719303899451,0.391619748124838,0.021203389509203613,0.005001484963950129,0.42
-82.199831,35.421246,1,1,2020,58,0.23909911276256934,0.5976845883572208,0.713512584742658,0.001417536518621275,0.0024163515933706687,0.0,0.008054505311235563,0.025329050231685482,0.06
-92.747,30.652,1,1,2019,320,0.07191915103527655,0.0,0.19814123084269877,0.17416450491503413,8.062680224616789E-4,0.7848655587595489,0.009653083421864729,0.06127953154246982,0.18248287590894657
-84.3947,30.6689,1,1,2019,270,0.1088441397455033,0.4303928761162693,0.33609691296570576,0.307518676800298,0.02820156896720727,0.17259587869436135,0.01933541812248822,0.10353855542450971,0.2765863337187866
-84.25268611,32.00290833,1,1,2018,294,0.06958303297036836,0.09571144920388,0.24802927999118,0.15080743004557168,0.17900799433537018,0.40826112932236247,0.05435768723782914,0.00967286130191656,0.3841874542459709
-82.38305556,33.74091667,1,1,2018,84,0.2145981894502605,0.569690992767916,0.5668560768830225,0.008475938667489021,0.021225632550393888,0.0,0.05355229936452661,0.22789194108520264,0.12369316876852982
-83.0535,30.5441,1,1,2019,152,0.08631264780645734,0.24754340925473928,0.32459906087516066,0.23889759573114028,0.06254130369480326,0.20494853836302993,0.04688621523770378,0.004202305101895625,0.36249137920783714
-89.46348461,31.86702761,1,1,2018,155,0.02114394830355223,0.8594155064051492,0.6132115167729572,0.1361666725669984,0.01489494197863752,0.0,0.025629921384293937,0.04061969533647967,0.21
-82.51932222,31.12423333,1,1,2017,8,0.0669491525423729,0.516683531495067,0.3789184193847478,0.44079369663885865,0.021180599468825088,0.005643733400784115,0.0369767294802074,0.007256228658151004,0.8297590011563599
-79.19375,34.768967,1,1,2020,199,0.023264929383352933,0.1614889554805346,0.08737327226207933,0.250476382063975,0.010539118896804459,0.4671394948425925,0.010472775522454071,0.002416794351335555,0.37589892258425006
-81.001335,32.454395,1,1,2019,36,0.0687296952229259,0.5105742854614633,0.2783063019874904,0.41604303169779905,0.04939212128492218,0.01692766780676853,0.057405499042187946,8.0607941936993E-4,0.0670820393249937
-82.19938889,32.09522778,1,1,2017,35,0.049627007206979386,0.36366165128334804,0.2998978948331955,0.2397600250433279,0.11621474677102235,0.05687615772204556,0.113113790247634,0.04547121262889042,0.10816653826391967
-82.79313889,32.22035556,1,0,2019,181,0.013150574073137423,0.40913459106772554,0.49001255668333654,0.14964957093362963,0.117051707952322,0.1328842853214401,0.12452390058570097,0.003653914841026254,0.03
-81.5081,27.4142,1,1,2017,174,0.5158215831708984,0.04212338303419994,0.0522016876483779,0.44601701821789563,0.005081297597615652,0.08088628460961653,0.048857657224396576,0.24301637974947882,0.4295346318982906
-85.182525,33.88873889,1,1,2019,272,0.0629274274084468,0.8179427863526618,0.7230835027275797,0.04735338024302783,0.10864605584134895,0.0,0.015281165868271053,0.0776855795846658,0.45398237851264667
-83.46333333,33.74916667,1,1,2017,108,0.03392358346288502,0.7456110415955713,0.520737744200954,0.021480382026243576,0.026982105672277545,0.007251895130328724,0.05600864539654755,0.08260208740824539,0.18248287590894657
-82.84493333,32.33854167,1,1,2017,291,0.036071004121678,0.4361519204996586,0.4760159879928231,0.16358868137491883,0.1647533314789998,0.013246896098313412,0.2321762712721574,0.005768452727134807,0.45
-79.316956,35.475944,1,1,2017,64,0.05123962766965153,0.7624815287267764,0.7335817859786801,0.008826553944964798,0.04222571760663027,0.0,0.08103395997574286,0.07002981605013138,0.20124611797498107
-80.227448,34.710339,1,1,2018,65,0.0786845033380538,0.2558036617438802,0.41747236661470555,0.08674113072961842,0.2555013190528093,0.002379034168996729,0.08008467213244233,0.14319068606543128,0.17492855684535902
-84.09694444,32.89694444,1,1,2019,224,0.045190739312402806,0.6142855336528129,0.5840418990910665,0.026548462257243742,0.018346797132779615,0.015815223574923206,0.07765704605504356,0.3055745186533672,0.06
-78.930781,35.006846,1,1,2017,124,0.8283019822006473,0.05464957524271844,0.10972574880320873,0.09535919912019676,0.005533953902669377,0.0023784630643322153,0.005606602840889352,0.0016109112387907433,0.19209372712298545
-89.6792198,34.7657309,1,1,2017,76,0.008075217045152976,0.20354854608181375,0.4308396647163714,0.07348077133025761,0.010011467853679042,0.32696335657442926,0.02595905060071969,0.25862063518640815,0.18
-76.274472,36.296965,1,1,2018,364,0.12771574373484232,0.09314369442198865,0.04613907709719632,0.14478902985564804,0.0,0.47512109481076364,0.0048311619418113395,0.003220774627874226,0.442944691807002
-80.5104,25.6154,1,1,2020,108,0.3279481400825504,0.0,7.741936790554543E-4,0.2753825650975873,8.071612613239976E-4,0.5940770190110218,0.0,0.0,0.39115214431215894
-78.967529,35.304247,1,1,2017,80,0.4473145715440582,0.4756972514147131,0.4987178761519909,0.10376611877813642,0.0456859846618403,0.0016108857976727428,0.025290907023462064,0.02757457453663342,0.33
-81.176387,36.204137,1,1,2020,335,0.09589525831564047,0.7221969467192395,0.5455953305466307,2.576849483190099E-4,0.0032213442480056075,9.474541905898846E-6,0.016896266398852944,0.16762675357979767,1.6147135968957467
-80.392662,35.936676,1,1,2019,336,0.12303631863413649,0.5311410819821185,0.4906143745670243,0.013186211273462808,0.014603174603174597,0.1130600963436784,0.01641001342493879,0.24465924346521348,0.33541019662496846
-83.37909444,32.40364444,1,1,2020,133,0.023889619587211645,0.04836098745447186,0.20648870441335465,0.13285828860509602,0.04575855464033529,0.5206082597399316,0.0185758807502418,0.06585160788676836,0.33541019662496846
-85.13416667,33.78486111,1,1,2019,332,0.05286644333480817,0.5462612982744456,0.599951771512231,0.028331456095898856,0.056386451325448124,0.0,0.014036573458173092,0.18272193238302578,0.2830194339616981
-84.98694444,30.11194444,1,1,2017,16,0.07736295434130791,0.49975329883734176,0.29926194482698587,0.6398510330647504,0.04520443980646999,0.0,0.0032255004269044693,0.0,0.9079647570252933
-80.866563,35.386119,1,1,2020,99,0.5202689041649817,0.2886676101900526,0.3165232429329192,0.016888422601720677,0.016107636914913778,0.004832291074474133,0.019329164297896533,0.11457899058808664,0.2683281572999748
-85.803617,35.320433,1,1,2017,52,0.01912188463677267,0.7744047318133568,0.761961098634086,0.00941251740999865,0.0016110079223683718,0.0,0.011889870234891277,0.09713114236255893,0.9004998611882181
-82.7296,29.7214,1,1,2017,85,0.03785616681006124,0.12963712738498906,0.29662588886269087,0.1358984660003381,0.033556813510009185,0.04573226653173526,0.06623762689352017,0.47002624837924184,0.48373546489791297
-82.89441667,31.82755556,1,1,2017,81,0.025797640274668986,0.6439040428948997,0.3723614463802815,0.3999252503581965,0.003224490957199624,0.08620455285478093,0.021164673488677926,0.008867350132298966,0.8077747210701756
-79.931213,34.878112,1,1,2017,329,0.03871636657900059,0.4710575561399959,0.6338534042845709,0.10970568849926822,0.15709393284553463,0.016896033160202703,0.09686153340662951,0.034171184491539344,0.17492855684535902
-79.661248,34.94861,1,1,2017,12,0.09516110697098681,0.4146594081166081,0.4126809947832665,0.10258835113101691,0.1946041756186338,0.03777203447665752,0.04154765816545767,0.0193394080327579,0.33541019662496846
-82.317543,35.433559,1,1,2017,40,0.12681502824430377,0.5546246098242157,0.770055205509635,1.288667608657421E-4,8.054225467776784E-4,0.0,7.043499134565581E-4,0.19669997852206547,1.1063453348751464
-83.02138889,31.05305556,1,1,2018,274,0.0763402231386141,0.2957598603486224,0.2687191979932631,0.32633295581405813,0.029818420961107373,0.32971945832977634,0.04584530844407346,0.006449960636269646,0.08485281374238571
-79.645561,35.242678,1,1,2019,269,0.03542471773888004,0.6916976080422317,0.5845252554046518,0.04224910754313687,0.13109398744475087,0.010568019183561279,0.06829562651451246,0.027328360519523188,0.12727922061357855
-82.9495,32.27666944,1,1,2018,3,0.02220480008092867,0.1987810121140084,0.4374994310866397,0.22655394259487197,0.04829410760681979,0.1484066326562866,0.08051862668866598,0.006931669479792906,0.24738633753705963
-81.345919,36.309357,1,1,2020,66,0.13109636650868878,0.8060916271721956,0.8502632133399826,6.442019550392508E-4,0.007210445196826523,0.0,0.0014970438122189102,0.034526757289403215,1.1164676439557037
-86.897,34.86,1,1,2019,321,0.06858023989180849,0.17084391865417903,0.20409616619990667,0.034126294582905614,0.0022745653052972086,0.21974512232106744,0.001611150424585523,0.4848330721795387,0.3661966684720111
-81.97483611,31.19936389,1,1,2018,19,0.28446608079914004,0.45664791047607,0.4107861926779289,0.3193101295947565,0.08111970357068335,0.0,0.050736963243523524,0.008166349455260546,0.24186773244895649
-82.4877,29.3721,1,1,2018,71,0.14970772072778799,0.35157021028924257,0.26735338571855743,0.008089028906665477,0.018410457367503855,0.10635747472159761,0.022898421463791088,0.41180470556235566,0.84
-87.363,33.529,1,1,2017,107,7.33156364555682E-4,0.922980659840728,0.7935713072352748,0.001854926450068151,0.09542573293813546,0.0,0.0661524460763557,0.0,0.5408326913195983
-81.3056,29.5166,1,0,2018,94,0.05291996203732994,0.30854792787092683,0.36325121702052715,0.42957978448073003,0.0292669194930399,0.0,0.0724350722263165,0.03660183641775184,0.39
-91.875,32.7417,1,1,2017,45,0.04835956760857196,0.522991339528415,0.3344179550658156,0.11604997451518169,0.008059571294019482,0.14353306320600262,0.00823024456848107,0.11850098295163627,0.15297058540778355
-87.64195,36.34995,1,1,2017,32,0.06365990777588273,0.666919335481018,0.5962470657306645,0.026437981445009546,0.012885092137883108,0.0,0.00486664877070536,0.14643212430324168,0.9534149149242422
-83.37888889,31.62361111,1,1,2019,81,0.03869743914005692,0.09717356939614293,0.13130603006815286,0.25451363688090334,0.01937935482239279,0.5862618394263963,0.008867714563917092,0.015199989883534182,0.21633307652783934
-81.6449,29.8967,1,1,2017,120,0.04031482512527208,0.4710608898112064,0.3112538351318315,0.3454396336083027,0.03775273649620954,0.0,0.08485431181982926,0.004076675659178529,0.5977457653551382
-79.273453,35.441977,1,1,2017,32,0.0688923146907933,0.5664409007050974,0.6757876735519771,0.004131792872657295,0.04423039864538281,0.005730586611150948,0.0350627237029572,0.20970661544731103,0.20124611797498107
-88.58835,36.294267,1,1,2020,24,0.04007580543272268,0.28755527479469367,0.3813188384488333,0.082532118083187,0.0016105907394190508,0.42729603920998965,0.0016105907394190508,0.10384520643983655,0.18973665961010278
-81.348425,32.40238611,1,1,2018,5,0.08894704900622061,0.3200197238658776,0.32668844825641913,0.38128334052250507,0.06968901026307224,0.06253931227617684,0.05342044459616217,0.0172673740505789,0.36496575181789315
-81.5151,27.4392,1,1,2019,262,0.17027632561613135,0.08129011025176892,0.08943452825384553,0.47372894268340027,0.012909227249859986,0.09094044353320482,0.09492078860191167,0.11337971795869675,0.10816653826391967
-82.02901,35.458546,1,1,2020,318,0.12712271302941475,0.5987314262609928,0.7003050794181811,0.001932961362502775,0.021144801139683925,0.006443889203010937,0.032276303860963605,0.1579953187040201,0.32310988842807026
-79.34408,35.286751,1,1,2020,97,0.06111567376334578,0.5109356244867017,0.48196977139541985,0.10047261252847708,0.12790154180430896,0.1514265321719797,0.0424548859595379,0.08726258676991681,0.24
-80.209938,34.402344,1,1,2017,272,0.07520535827119931,0.3912548970049286,0.3937676724482178,0.07253829177875441,0.09435267582141604,0.08017513433599635,0.14728469122464513,0.03974639638358968,0.28460498941515416
-79.778172,34.896397,1,1,2019,218,0.25725737116269665,0.37909017346887175,0.3198679764561385,0.13901290666612745,0.15253525087120115,0.0043315208977716835,0.03460161697475964,0.013945538470287535,0.18973665961010278
-82.748588,35.702793,1,1,2019,151,0.09712025676341622,0.6885859058112938,0.6343474249007282,0.0,0.005249609122064467,0.0,0.0032217817716641128,0.20765015240291226,2.270704736419951
-83.16626944,32.22901111,1,1,2018,4,0.0783148525116638,0.39538000531033884,0.32206544089312433,0.21388143528581205,0.02637801000120115,0.1264405965318211,0.052111189080863055,0.015517034283510657,0.21213203435596426
-79.686352,35.501751,1,1,2017,291,0.03932079956506897,0.8264195314376748,0.5957404765406304,0.002292392199195542,0.01289122221801044,0.021852848641067443,0.032804543674108906,0.21040395233943626,0.37589892258425006
-79.097008,33.847057,1,1,2019,37,0.42165065722952494,0.14352881698685546,0.1582658563872195,0.3569713707665454,0.013377915851550333,0.06965807778975214,0.054374448907612435,0.009411630854220856,0.8580209787645054
-82.6259,30.1389,1,1,2019,341,0.20491409195576807,0.3059287937447809,0.2764813406652227,0.12384983893824206,0.02288048771233069,0.016957995522557973,0.03484562943475458,0.25747188950583727,0.3189043743820395
-82.0061,30.6412,1,0,2018,260,0.07099409436372145,0.4381552158023193,0.5133968476874663,0.2624052052564513,0.023941871715581178,0.0,0.03399353708587074,0.017045777921117028,0.912414379544733
-78.292067,36.385384,1,1,2017,210,0.05543419241599638,0.6027805487858777,0.5498861664728177,0.03278587473966831,0.02475369458128078,0.045626499936844755,0.10172413793103445,0.033617531893393955,0.18248287590894657
-85.82355,35.258767,1,1,2017,28,0.1015959664884946,0.8114030099700518,0.6971339279216627,0.00618576707554722,0.0,0.0,0.0032220565565692057,0.05932374718859774,0.18
-80.214757,35.010869,1,1,2019,145,0.18623860163176634,0.4209755235040036,0.5705348609539426,0.035158388124062134,0.045099241079045296,0.12103557007538648,0.12609714946509024,0.0710011311144953,0.10816653826391967
-92.7557,31.1753,1,1,2020,125,0.07418041080643531,0.6682434483456441,0.5165442422415353,0.29212059471867,0.04018854980414721,0.0,0.12428353287449931,0.01612347419769909,1.1684605256490268
-82.36513889,32.76796111,1,1,2020,290,0.04889703558561405,0.3126098223879653,0.47980354451169077,0.14903352414912865,0.21233411397345847,0.02860556182385348,0.2241954191911053,0.002417772046762558,0.49929950931279715
-86.677,30.8033,1,1,2018,52,0.15401060048322013,0.25723248959558787,0.426246226315832,0.05554195365551625,0.01743458079856326,0.42840881783803636,0.03284239948398197,0.01128789507632768,0.4965883607174055
-87.54,32.418,1,1,2020,326,0.04178413846289998,0.25730432254067787,0.2020482240869616,0.08334639684695666,0.030627629345630753,0.0,0.04873238279163415,0.6001340156330502,0.06
-82.153354,35.651948,1,1,2020,125,0.13571013467417942,0.6979306162670238,0.7999885794965582,0.003083535929358629,0.007249008986244261,0.0,0.004027227214580145,0.12155908968871913,0.7029224708315989
-79.644155,35.227181,1,1,2017,166,0.07331522768900399,0.6099917893008274,0.5699545266388377,0.0597314862970876,0.14158486846470023,0.004331329316875758,0.03160511924582428,0.030079202353008094,0.21633307652783934
-87.578533,35.569617,1,1,2017,99,0.10237713101391396,0.5658860847476903,0.6718911079218128,5.154534980089347E-4,0.01902430550071859,0.0,0.03874350510905101,0.1924983022473508,0.6007495318350237
-77.885049,35.161294,1,1,2019,74,0.12702422757244278,0.23828411186620532,0.17997862216573143,0.2071689025792383,0.007538275864247847,0.47088949127695723,0.022396830512008796,0.008245976532140351,0.35114099732158877
-81.6094,27.8346,1,1,2020,58,0.12112158997404902,0.07199189822140643,0.04373266088396653,0.3091397672578772,0.026344929700451783,0.09288905200015181,0.038304078765866424,0.24047697389235487,0.06
-85.048,32.165,1,1,2017,60,0.020193207394481966,0.8057810484788712,0.6117018129334287,0.06013999169617931,0.023889447299714903,0.01825687319438387,0.05423328086378782,0.016186538716835144,0.3
-81.4092,26.4117,1,1,2020,86,0.6628092476766861,0.04162973842141248,0.03484189837387264,0.27916807164316976,0.006689831077018501,0.03131309295510788,0.01856000911386637,0.11890114619527724,0.39115214431215894
-85.4363,30.5154,1,1,2020,120,0.11862691777443304,0.2799286644827542,0.27539368405716197,0.22120369583429464,0.10597431673080623,0.0405139183586993,0.28051429782093784,0.08350699001065649,0.7925906888173744
-82.83891944,30.94108333,1,1,2018,17,0.04682955206515417,0.6067986948933911,0.4335820759622762,0.422563175434372,0.012476089602731706,0.0,0.05784972414120172,0.030491487108146118,0.8237718130647589
-78.96497,35.938413,1,1,2017,320,0.7861700380304998,0.13138842912555115,0.16411704187603332,0.13930835216454499,0.004026464132889102,0.0,0.0,0.004026464132889102,0.18248287590894657
-78.931888,36.056228,1,1,2020,19,0.743359587352558,0.20052086625621057,0.28154578436227296,0.008370640607156931,0.005637761950634053,0.0,0.004026972821881467,0.01421916207381205,0.1341640786499874
-81.61456944,31.18705278,1,1,2017,117,0.05806451612903225,0.5367615433270079,0.3769087270836411,0.3653997122872759,0.07126349567664121,0.0,0.054061744202589274,0.018542229809835442,0.3189043743820395
-87.276,33.855,1,1,2018,99,0.5476461367313916,0.4178044093851134,0.49764903158098,0.008842229570385227,0.009668949086347507,0.0,0.009861696110617834,0.0463888371034862,0.39
-82.91919722,32.76332778,1,1,2020,291,0.0012520393064461058,0.3891945213795197,0.39704486603497197,0.247204879748266,0.218742690982648,0.14691045861120766,0.09384936312778534,0.02038307152564873,0.16970562748477142
-80.2148,35.229583,1,1,2017,359,0.1231369676148133,0.4042843429495275,0.4676961096455317,0.002835137511749901,0.0238681203420834,0.08101576148939599,0.010472907866844006,0.34636733842814765,0.3313608305156179
-83.41980833,32.31361111,1,1,2019,119,0.021229248062309553,0.15462327251577343,0.23036210769475066,0.23729113547660202,0.06448921017944584,0.41488100694455465,0.07758176525067731,0.005642252728669288,0.3313608305156179
-80.847404,33.516502,1,1,2019,282,0.9139848825745129,0.04162348004145915,0.1596584997406443,0.19914276094071823,0.004383109700987857,0.009256040601437225,0.008608212563439742,0.0016116697530669118,0.2830194339616981
-85.664,33.714,1,1,2017,76,0.03674398028186817,0.65087530809581,0.6676277141629383,0.009262657667905256,0.08866503197755256,0.011403852473520569,0.04772618114714732,0.11073965469299024,0.15
-77.315503,34.742998,1,1,2019,128,0.37088869802455404,0.1875536805941494,0.35636688425583773,0.22197583233670948,0.05614377660028248,0.061398270408953196,0.02653471978666061,0.003706266528906036,0.12369316876852982
-76.716398,35.874837,1,1,2019,84,0.18854852779428313,0.16274542029608466,0.13133992424028032,0.4852796115798367,0.0016866868605830124,0.3709574001017067,0.014497926385910161,0.00241632106431836,0.5604462507680821
-88.132,30.383,1,1,2020,96,0.034335306917666106,0.1632381964475482,0.10680063035785205,0.5391360657272011,0.009252290938067198,0.0,0.008939243500313046,0.0016126686187335172,0.35114099732158877
-77.372678,36.384023,1,1,2020,159,0.0110421851903324,0.2394158001794038,0.33827144399693404,0.21388289709903047,0.1383653955462366,0.1393727342773056,0.13190137553840525,8.05239424522225E-4,0.39115214431215894
-86.562,34.457,1,1,2018,71,0.12617702448210927,0.3058051795396809,0.5487549124913126,0.02706665824224427,0.00241700051815436,0.014024921960898303,0.00725100155446308,0.40769269655111406,0.21633307652783934
-79.174448,35.019754,1,1,2019,182,0.3037008003439077,0.23156869934632254,0.36024340873309724,0.1923045237331097,0.04020862488903772,0.18503612394921484,0.03906504206299815,0.015896433095666074,0.3841874542459709
-80.757034,32.920017,1,1,2019,86,0.08719018715225084,0.3631512392513908,0.2841255739613076,0.4012604521508031,0.015570928788362411,0.08853022694304774,0.04554662587738565,0.01038799328746646,0.6627216610312358
-86.032,34.534,1,1,2019,282,0.04541088445691465,0.28588761659209827,0.3529375490610851,0.002258894935859816,0.023739416150638196,0.07397636800202201,0.014473019082522433,0.5163812713256668,0.33541019662496846
-82.36569167,31.95456667,1,1,2019,351,0.0,0.051039506297738894,0.2414146599268192,0.38607997289225937,0.09501681713577619,0.033226487621070715,0.07935664972308622,0.013703436765040582,0.1341640786499874
-80.401845,35.20923,1,1,2017,276,0.11528153523299034,0.3829485980126926,0.42863943914237906,0.00657255024046285,0.011679777588222291,0.05731842163460022,0.019691656399077506,0.4029633841973907,0.06
-83.46499167,30.85820556,1,1,2018,17,0.06433865378291553,0.29847216249715425,0.21775330097863352,0.24819484449408588,0.0064501441796934325,0.36567258562250243,0.015319092426771902,0.016463676835129264,0.03
-76.920344,34.793429,1,1,2018,52,0.18937011354881084,0.1850630896896669,0.1727267948378383,0.58661360010837,0.01691895017203303,0.26486134675475276,0.010299865090724123,0.007250978645157012,0.15297058540778355
-77.636895,34.866425,1,1,2017,364,0.11217032897564919,0.23560573494828926,0.28353964874825865,0.24895427096158548,0.02902858948033485,0.3750402779971567,0.03824356341810139,0.00966671931764334,1.306981254647518
-80.659805,34.50359,1,1,2017,67,0.06402508407717403,0.7269577970516099,0.69403733093943,0.015578567893895893,0.09389098813330128,0.0,0.06651796433671597,0.046449468589265616,0.32310988842807026
-82.09564444,31.09774444,1,1,2017,74,0.07537745631117072,0.3252193925292736,0.31805683416119535,0.3493009539803135,0.04574138476130255,0.0,0.2720518495099589,0.14119822952892822,0.24
-83.2526,30.0486,1,1,2017,351,0.08602436155276436,0.26314524595555205,0.2608719629208578,0.3947116384328288,0.08364694348692323,0.0346763226969419,0.059264412890167914,0.002542614085576041,0.48
-85.4506,30.4373,1,1,2018,289,0.04209567659186924,0.20837865870626615,0.2961197563591478,0.21066788756905525,0.2764057450401279,0.010482611197895252,0.2208969194087996,0.010096825808410115,0.8297590011563599
-83.3081,30.195,1,1,2018,74,0.07745837339946354,0.3017359178096058,0.32420206832107373,0.2682569226931986,0.12238928678714282,0.003225347436323102,0.25103005581115895,0.020721276225711065,0.2563201123595259
-79.258781,35.355994,1,1,2020,326,0.18335523655479188,0.4165487262434293,0.5079475938396233,0.03393816881656583,0.08353993816067487,0.08420317913507062,0.0788877764688419,0.14055655392622868,0.27
-81.3233,29.5467,1,1,2020,180,0.012904695031692406,0.5353424172265024,0.4045101132714744,0.43271767543011924,0.023738741018115583,0.0,0.07502719866410285,0.00403236008501164,0.2545584412271571
-87.347,33.355,1,1,2017,52,0.0,0.9613138132443299,0.8318573601145455,0.003879864745710608,0.020809895207877738,0.0,0.024488364155785057,0.0,0.3612478373637689
-82.4266,27.1515,1,0,2019,176,0.35024616202397074,0.11825902066748509,0.05399460666467213,0.28785851581526983,0.004841067439549936,8.068445732583227E-4,0.008068445732583227,0.1472791935351182,0.0
-81.4115,29.3484,1,1,2018,54,0.0,0.38128613539465867,0.37282244422618516,0.461072814499851,0.010474217675242325,0.0,0.01563858889011875,0.14266377824512577,0.42107006542854597
-81.5289,29.5604,1,1,2017,74,0.1202100069580619,0.44567018786767054,0.3359870589134163,0.39594381738778867,0.027709345974681443,0.0,0.06491551527302968,0.1411209603713975,0.36496575181789315
-87.947,31.628,1,1,2019,78,0.025657886417380083,0.5846684960609009,0.7391814740709423,0.16210238503229885,0.009673167077091347,0.0,0.006812312108213024,0.0,0.563648826841678
-83.34635833,34.83811111,1,1,2017,40,0.12846239385361916,0.7796704407602111,0.8787446267061232,9.021826755655068E-4,0.005613771272781263,0.0,0.0024167332716250227,0.06135343381467917,0.9143850392476903
-85.224,32.191,1,1,2019,79,0.04172199668652223,0.7017617078322014,0.6996580368422068,0.10910910556557432,0.03688566045847085,0.032561418149173724,0.11624878301660158,0.04030269696165081,0.33541019662496846
-82.199,33.06810556,1,1,2019,283,0.052044092736328464,0.0856445781609486,0.18448848255267764,0.32825913068275453,0.009872766460404643,0.4676448837958954,0.04094480226024409,0.003005442030680159,0.32310988842807026
-82.95083333,32.11106667,1,1,2019,262,0.06062368800424898,0.5087508535875973,0.4559296002362706,0.22832234158814152,0.08536685590016566,0.05068528656863614,0.16143113628605027,0.022347675462442006,0.10816653826391967
-88.13775158,36.38955934,1,1,2020,319,0.14819353208691258,0.8061268317331984,0.4650152990489122,0.0852371251530915,0.019188620731037175,0.009426931020761352,0.007247841438072798,0.029253488122382716,0.12369316876852982
-81.43940939,30.87828916,1,0,2020,180,0.0,0.4171210951832686,0.2770413206251054,0.3663000624215303,0.0,0.0,0.0,0.0,0.10816653826391967
-81.9828,28.1725,1,1,2018,59,0.23845190349068182,0.21953719050089193,0.05542888464534311,0.3163743900605878,0.017352378240718766,8.067194988848289E-4,0.015957228048529712,0.09391796769958399,0.36
-83.83496667,31.112975,1,1,2020,344,0.05373542135755304,0.2772029245831963,0.3523458191449109,0.25472390999532607,0.022729140978216184,0.1883587846596477,0.008027443169243411,0.00403111068955705,0.09
-81.1595,29.0276,1,1,2017,114,0.03248741239278396,0.3229005895301471,0.26100956266386227,0.6483599452058398,0.04601547131860415,0.0,0.07991511647765004,0.04899145472140872,0.19209372712298545
-80.772393,35.969545,1,1,2020,30,0.13732696776801046,0.35273315146003814,0.39509290742405423,5.154084384488632E-4,0.006544390995777099,0.16396984273878976,0.033110449232013194,0.3440195573692306,0.20124611797498107
-80.294281,34.480404,1,1,2017,114,0.08949642469110848,0.5882962326603834,0.4018681290352583,0.18573927776932517,0.2381980080386257,0.01933188402133521,0.04731224247326775,0.012086377309840989,0.31320919526731655
-83.85479722,31.44028611,1,1,2017,78,4.173094918940792E-4,0.4495308429651734,0.39813594821887316,0.1919173169065057,0.010685584577350355,0.15208937954058308,0.015317058366053987,8.061609666344204E-4,0.06
-81.85802778,31.41230556,1,1,2020,272,0.09242230682637452,0.3195380781927876,0.3380298502631173,0.46363352196282615,0.08116643957093136,0.0,0.06243499318712797,0.014510943274541364,0.6476109943476871
-80.4681,27.0247,1,1,2019,63,0.6786893959527698,0.005682321525747626,0.0121683235828469,0.1801481884951177,0.004035052740512876,0.0490156053686772,0.010294922795990891,0.11044967893639167,0.37589892258425006
-80.354546,33.782219,1,1,2017,67,0.1421712321843728,0.10521328211866979,0.08993809732041524,0.36548615973368437,0.00725210137142135,0.22552613284459327,0.021885862352272013,0.04671680465145675,0.75
-81.97950833,30.86439167,1,1,2018,124,0.15324396104717336,0.4714303781459467,0.45682309081435984,0.18628401175583864,0.10774031788389372,0.003225000711397218,0.08998384337878905,0.11456656938968456,0.12
-82.11492778,32.046125,1,1,2020,287,0.09972057503382181,0.27539163748087647,0.19817845184084182,0.23564819005840693,0.03740769775440016,0.13638288994537728,0.06945427877806999,0.10432050374266638,0.480936586256442
-82.79043889,33.11437778,1,1,2018,99,0.07956600361663656,0.6325952528484178,0.5752457766461118,0.07817173725308574,0.12066535189188517,0.03840343358491047,0.04960746387529872,0.0514626869445393,0.0670820393249937
-81.418406,36.087205,1,1,2019,285,0.0588190697615648,0.7528082788946309,0.8387098404151839,0.002963508672999935,0.019916619291263992,0.0,0.0,0.09967153054134302,1.1403946685248927
-86.456633,35.0159,1,1,2018,18,0.1165276724791509,0.13608794541319186,0.17912974039790666,0.06563007775680342,0.002416618755488725,0.34265126769817833,0.00483323751097745,0.45677253457502254,0.5731491952362839
-83.91266667,34.50444167,1,1,2017,38,0.19791219068321417,0.6915931552207872,0.7111657012302997,7.940840485649876E-4,0.02853893180417991,0.0,0.010473437277854136,0.1155743013759222,0.24
-80.37478,35.588544,1,1,2017,53,0.08550603809812542,0.4911575968874743,0.4718511136961533,0.00755215255297624,0.008858556797402748,0.040746203137287086,0.04260002589667225,0.31652049784773373,0.32310988842807026
-76.716583,35.874883,1,1,2019,330,0.18876344833689426,0.15924347969000868,0.13106338640588705,0.4861553045519704,0.0016458071404653752,0.3678900183850243,0.014515324012357772,0.0024165882196852443,0.5604462507680821
-89.87447409,33.59116368,1,1,2020,244,0.06471227750809062,0.8358363673139162,0.7792693068956538,0.006619362634195915,0.014824014207795326,0.0,0.021690904609317226,0.04124874386151191,0.15
-89.5061314,33.64760659,1,1,2017,102,0.04279393173198481,0.43361567635903914,0.6341747142847028,0.03777265929834811,0.011280832696087418,0.1918499933642161,0.09204148312930932,0.140135117200584,0.3189043743820395
-82.5427,28.8717,1,1,2017,315,0.7026565248756533,0.2684748079429968,0.27526680603483367,0.10675733188398531,0.006224991696847959,0.0,0.007689509560486477,0.041474639801356926,0.4295346318982906
-76.346859,35.893327,1,1,2018,24,0.11370266072308025,0.0,0.023676051185343737,0.5666860703667093,0.0,0.5264205362135252,0.0,8.055523087760978E-4,0.12727922061357855
-88.933367,36.380383,1,1,2019,343,0.15651965181357624,0.0,0.010628966852498013,0.17401301728868132,0.0,0.7938964808282042,0.0,0.010469401870280481,0.6363961030678928
-89.2062332,32.14929657,1,1,2017,29,0.04679952454414407,0.6264004451076102,0.7303002979160037,0.12279287530159502,0.0029713454821324145,0.0,0.01196756808016311,0.006691849346462045,0.12
-89.48409022,31.02027206,1,1,2017,41,0.09780807710306971,0.5080884863969242,0.4216351944204314,0.23144759518181507,0.0062474509072399,0.0,0.025796028315875682,0.20666542307826083,0.03
-77.887628,36.316913,1,1,2019,282,0.051619100583937934,0.7197729972951795,0.6761969291151997,0.11710116720704491,0.040658289092626004,0.0,0.1771765322654506,0.012114742656463675,0.15
-81.93595833,32.69823611,1,1,2019,37,0.05177252958430262,0.20620511783149587,0.21290094547131477,0.4288575563374087,0.18046916483349762,0.2038262661508508,0.051736453513363145,0.036546436066651485,0.10816653826391967
-84.586925,34.59252222,1,1,2017,81,0.1482286624284324,0.8020753023849548,0.7602899878085025,6.050258083690687E-4,0.05014469676864948,0.0,0.005203396898813362,0.008470131806750835,0.5474486277268398
-90.8214,30.8455,1,1,2019,271,0.0395906854374581,0.48844533829165554,0.39501538312116,0.34755534332030597,0.08259662568928014,0.0,0.033942302827945574,0.07392054940051603,0.30886890422961005
-83.0631,32.26003889,1,1,2020,217,0.022886478011278865,0.5880939736489394,0.4161567072661947,0.22250429215477543,0.0718193800434292,0.05788031367640506,0.04271486233196472,0.012592571520685766,0.2563201123595259
-89.92221231,31.67274624,1,1,2017,38,0.092596808053216,0.7483243544022058,0.6395988636357887,0.009349665660689977,0.06775476398214533,0.0,0.05025416334736922,0.12428714135781392,0.5239274758971895
-80.917023,33.950768,1,1,2017,37,0.5267694641051566,0.15767189079878666,0.2063067913263926,0.1649719313411032,0.07221039061166969,0.03886210099912159,0.01267386674587175,0.010395667313367753,0.18973665961010278
-85.3272,30.6952,1,1,2020,93,0.053342609575611905,0.2640187211435076,0.30521156457216625,0.20526397261022375,0.09300538776749132,0.26464878332574493,0.06347384529771845,0.0342015733292862,0.785175139698144
-86.568,33.837,1,1,2019,257,0.11101982000202242,0.7736752957831934,0.7160182456715066,0.007479350269676205,0.01748038512460935,0.0,0.008057661255920796,0.07817827338538683,0.3710795063055894
-77.159801,35.145336,1,1,2020,131,0.21986021763583288,0.39323584798351946,0.3894240026441508,0.27417652032362555,0.06642515128927519,0.08873952977145527,0.03646103116748575,0.006386365646279989,0.12369316876852982
-78.491295,36.322142,1,1,2019,86,0.25004103794431465,0.5356777574341813,0.6350531736439812,0.012312194569861396,0.051637840381220636,0.026352603839364372,0.015126299867052767,0.16102719891873796,0.12727922061357855
-89.34689838,30.70553576,1,1,2017,26,0.025427266632088955,0.41924629027565163,0.43166056838698375,0.2825691387084194,0.019702455297149455,0.0,0.06362587152772291,0.05771292153483742,0.39
-79.180685,35.028113,1,1,2017,41,0.1216767495611099,0.4648698485671343,0.41416541326023154,0.17041222920356133,0.04545827935926197,0.12797699914694646,0.05246911629964301,0.020084673470032552,0.2954657340538831
-81.49534167,31.78316667,1,1,2017,78,0.09156202976619505,0.38801006537435356,0.33768571417011267,0.4566732684884726,0.12533112478109423,0.0,0.01805301789812422,0.007254714774329378,0.15
-80.7177,26.7133,1,1,2019,116,0.05835728484787095,0.0,1.245433410826968E-4,0.4456768272431978,0.004034018641912029,0.2729116439179654,0.0,0.0,0.16155494421403513
-83.2859,29.9189,1,1,2019,16,0.06795698924731183,0.4641492726122707,0.3870002686584834,0.4676443609292653,0.07924571262321366,0.0,0.028771199706532496,0.0016128063146110764,1.224499897917513
-82.11955556,31.31249444,1,1,2017,63,0.058602544966986275,0.1058589896025703,0.19929611873924527,0.49282209042011305,0.014141905948263334,0.1167995599031282,0.04275452585252964,0.10644526927478873,0.4295346318982906
-82.44374167,33.39762222,1,1,2019,339,0.042673983410884055,0.5868399757232448,0.4430668503608581,0.0732737591162456,0.05933306787513348,0.018332416870500627,0.025591434548752647,0.25894815348540284,0.480936586256442
-77.116775,35.079838,1,1,2019,84,0.3394794337168332,0.13948701110086761,0.24168853992760964,0.2458322023934984,0.01863752401172784,0.0456001668183197,0.01856801637852594,0.0016113133151349718,0.12
-86.676,32.178,1,1,2019,149,0.15933489283682115,0.15141935891762026,0.17542896126364363,0.34531274258581884,0.004301843376235871,0.0,0.004172250739626267,0.35380370192429245,0.21213203435596426
-81.1177,27.4295,1,1,2017,70,0.029460523152073505,0.0,3.705366656660829E-4,0.36488193193362956,0.0,0.04841144028781076,0.0,0.7854772007429417,0.5916924876994806
-81.1509,29.1045,1,1,2017,7,0.06216626597494622,0.21314690623813737,0.33402119240150224,0.5735818599520287,0.017744348535695873,0.0,0.0059717165838491645,0.0016131225941541703,0.03
-89.33386848,30.44669133,1,1,2020,232,0.08486197910077675,0.36893707461478126,0.3740107289493441,0.2534511925888903,0.02675166486424952,0.0,0.23298613087445685,0.05909398498618145,0.0670820393249937
-88.66583333,31.15666667,1,1,2018,4,0.06897554928722315,0.61855370175949,0.5628028303876687,0.20736499689171264,0.10940656825144887,0.0,0.027004638309846687,0.06160067535309014,0.543323108288245
-87.103,33.386,1,1,2019,250,0.08345660281939438,0.7831594917504267,0.7329565390608491,0.008967528416301216,0.07322645784548876,0.0,0.02924381326178806,0.01690983842271752,0.21840329667841554
-80.283404,35.826571,1,1,2018,65,0.7790122988636508,0.17236105317710118,0.3409122836095575,0.007419606194408534,0.017545244938567957,0.00485455291999621,0.016622974637566724,0.09834180853415875,0.8989994438263018
-89.67245,35.575433,1,1,2019,261,0.1141730791099655,0.018018018018018018,0.07431980016848022,0.00857005549134934,0.0,0.7553435102448214,0.009027192126317524,0.04795340478017937,0.12369316876852982
-90.05944444,33.87555556,1,1,2020,57,0.07715549936788875,0.41761061946902656,0.4385385771489899,0.14533293362862953,0.005639988625233024,0.42457581598154753,0.010606970204429836,0.052513507535783106,0.2954657340538831
-80.201721,33.853535,1,1,2018,89,0.07200717797070678,0.2549443328152051,0.13484777477309423,0.34477506075510767,0.013539352298118585,0.39324170145791393,0.03384838074529647,0.004835482963613781,0.2683281572999748
-81.706001,33.578091,1,1,2017,349,0.5421711108302794,0.2671174017439657,0.31307387338562187,0.07919086190840678,0.05546391622268992,0.019367499004607252,0.02700516340241044,0.07861074771375666,0.8823264701911645
-82.82817778,32.06672778,1,1,2017,364,0.041323672597144756,0.5916189320081431,0.4702889055553395,0.19942205740080593,0.0682510028544605,0.010090185777010695,0.07386509118151909,0.03494580318447783,0.18248287590894657
-93.2351,30.4808,1,1,2019,44,0.07342409595870134,0.12743882379735308,0.28706488476437125,0.19761378750020867,0.05076604423925245,0.11914873432731986,0.05208152165320094,0.4560216294844021,0.6476109943476871
-87.709133,35.976333,1,1,2018,29,0.06343651295009474,0.9249399873657612,0.8047757812298669,0.004821056003783678,0.003221435812891427,0.0,0.003221435812891427,0.02478926440724001,0.9972462083156797
-78.303306,34.282013,1,1,2019,179,0.08379888268156425,0.24174018554564058,0.4805552578849568,0.18121045895414484,0.010942032190997394,0.29680301814298277,0.1089210897164488,0.0,0.8237718130647589
-82.87431111,32.20075,1,1,2017,108,0.05174572263179859,0.4850971812997129,0.39205884435274274,0.2342901356312773,0.08477281706835245,0.21090161991307788,0.04876175424733309,0.007797708415645993,0.16155494421403513
-92.6146,30.9653,1,1,2017,320,0.010991234838040553,0.6805458937809092,0.5171085005301196,0.26588588667578517,0.018214297005912292,0.0,0.021230516298333807,0.02413291599481488,0.5366563145999496
-85.6294,34.3822,1,1,2019,64,0.06577683401587542,0.8113529500985895,0.7136588526923637,0.0036424550733545782,0.005165713563552489,0.006445293987551729,0.007250955735995695,0.16136930902657085,0.06
-81.1483,26.2314,1,0,2019,27,0.0,0.6097653628455297,0.29894337547713684,0.6384373561754739,0.0048421092607713176,0.0,0.008222091411427374,0.0,0.2830194339616981
-92.2644,31.8929,1,1,2019,344,0.051595933026455584,0.6393090191714305,0.37354704898524177,0.3819996166429558,0.10135893358958878,0.00162793858720219,0.08457694143530443,0.006356863104589523,0.39115214431215894
-85.84416667,35.04472222,1,1,2020,248,0.022557531182469573,0.8933161466429086,0.914391992459448,3.8663017686435335E-4,0.05248094315959731,0.0,0.021095993403948163,0.011419888612649386,0.9674709297958259
-82.07580556,33.11669444,1,1,2017,318,0.0,0.18964470855986856,0.207228023836562,0.2915888445860608,0.01128268660678731,0.27743399470314195,0.07076172356469689,0.0024177185585972805,0.2580697580112788
-79.747215,33.599575,1,1,2020,91,0.07918151715072926,0.16742498925709662,0.17139422116815287,0.4836403273501814,0.02820930195805742,0.27345164909840847,0.04443320637830489,0.01118573889406893,0.24186773244895649
-89.99194444,34.11972222,1,1,2020,343,0.03764045653904975,0.5999216350468289,0.5619933597138447,0.014820334157640065,0.001611379498829381,4.265416320430714E-4,0.012891035990635048,0.3420421549515165,0.12727922061357855
-81.99171,35.300836,1,1,2019,312,0.1248356926188069,0.45837967644084937,0.6581931625391606,0.015161844771132004,0.01820995941058483,0.004027354422982769,0.010812262109701975,0.18747887613121275,0.0670820393249937
-79.792117,35.997469,1,1,2017,41,0.40729037639980753,0.4220784145200836,0.34811478168416976,0.0028348767662393997,0.007074190573641065,0.016542236707469595,0.00402660400955016,0.15492793168353108,0.1341640786499874
-81.5006,27.2881,1,1,2017,42,0.0,0.1316625530029745,0.06938623027298904,0.3989047636403396,0.0016136993583171977,0.0,0.032118945463289944,0.20247813595575315,0.9972462083156797
-81.539047,33.57336,1,1,2017,350,0.05847184478291093,0.25801681097137075,0.2751281343497127,0.24757861721070068,0.07378276916854161,0.06093106150618096,0.058320904011932156,0.22713742194807493,0.2563201123595259
-79.240957,36.077746,1,1,2017,47,0.38825254747275534,0.3703507041897393,0.4792331654914365,0.003223777124825359,0.026530728268490962,0.02718136279507538,0.01449714794671113,0.2095738028008868,0.12727922061357855
-85.217383,35.391667,1,1,2017,113,0.0,0.9158127487522899,0.7869109447574596,1.2886708648699732E-4,0.06679827539916929,0.0,0.020849981837994913,0.020041377785498825,0.41785164831552357
-80.183808,36.433056,1,1,2020,45,0.07438371388159223,0.7621489189735301,0.7955006030083216,2.5767427243648207E-4,0.004749048769320643,0.0,0.02093812658867366,0.13796555045074924,0.5916924876994806
-81.43722,30.90389,1,0,2019,177,0.0,0.5045266032773618,0.22499476449324857,0.38173217879027926,0.004837577543522393,0.0,0.012897044967338457,0.0017137039402543377,0.2765863337187866
-82.56422222,32.65188889,1,1,2017,236,0.051292749225614755,0.32698653517921483,0.3691972784987751,0.15684231019147093,0.174261531362398,0.16227662627450237,0.11015872413858498,0.07938735390236348,0.0670820393249937
-81.433,30.1128,1,1,2018,167,0.5173033366653593,0.16907289544609078,0.14293903161520422,0.510214014426154,0.02016097152163944,0.0,0.017564554640185952,0.0027988172230040635,0.03
-79.10688,35.037368,1,1,2019,150,0.5631545039980799,0.10148680570468527,0.2715428993073545,0.1822105531815966,0.058144714188687635,0.13182859218777157,0.05046200502282388,0.0024166416578477695,0.45
-84.68096944,31.18925556,1,1,2019,322,0.0629925243811427,0.12253184411247577,0.08915247635932307,0.19490135281070517,0.007739585704529926,0.5738200925715146,0.009374130561246417,0.009054809419025206,0.5894064811316551
-93.7536,31.867,1,1,2018,354,0.029642369366179366,0.6608832009712173,0.604503393248096,0.14389455568148432,0.0735328054119841,0.0,0.09128297532678963,0.08672135552499721,0.42107006542854597
-81.2328,26.3058,1,1,2018,325,0.07144032296847513,0.0,0.016972193489688942,0.4314836670104446,0.0010348789001800758,0.1604980077789981,0.0010317141329012377,0.5269938825048501,0.042426406871192854
-79.187431,35.344655,1,1,2017,66,0.14555603263203087,0.4225873260424823,0.4822014159222264,0.09177973712098504,0.104597526838916,0.1678387958978637,0.03224777105883395,0.050550047706607544,0.15297058540778355
-82.3139,28.6386,1,1,2017,6,0.03869465639195739,0.3255766870389351,0.5666680836721496,0.038859857145604394,0.008303257090981559,0.0,0.00564621482186746,0.358267355388893,0.7003570517957252
-77.175105,36.255468,1,1,2018,118,0.06017021921406204,0.369557531063744,0.38309519996079244,0.1500854127372848,0.011861040146273538,0.3836332803860209,0.040130484073174676,8.052623102502003E-4,0.34205262752974136
-81.3083,29.4064,1,1,2017,35,0.03219481340923466,0.6500189753320683,0.5016493300213478,0.3725957706917667,0.021365075248958778,0.0,0.026156089014822092,0.03306273856244287,1.056834897228512
-81.90438611,32.41598889,1,1,2017,80,0.06150286971252306,0.19962832798159336,0.17193102935606397,0.32056117915790755,0.01638877913868036,0.23289450809956533,0.03664006321612011,0.006071908336625839,0.28460498941515416
-81.7314,27.7733,1,1,2017,362,0.04253838073179684,0.0,0.012430977678501372,0.2087249174819765,0.15055273965234667,0.6166828027412345,0.00830533249805418,0.00866602122368396,0.39115214431215894
-85.702,34.601,1,1,2018,23,0.0733701489896756,0.2435519947430276,0.4527720521262859,6.4445170049322E-4,0.024575869585821246,0.014996998704704131,0.030916500805610838,0.3886329889741887,0.15
-82.70155278,32.59583889,1,1,2018,16,0.045951583338600596,0.625535680424752,0.4263544175011097,0.13932935740197788,0.08588098090093965,0.031402989225765884,0.09596938082129441,0.12526429901107136,0.17492855684535902
-86.696,31.667,1,1,2019,36,0.09670974431602639,0.6763612452896991,0.6049545186717482,0.1324104724646405,0.08558675324182667,0.0,0.03803890824255376,0.039632160943812555,0.4295346318982906
-81.98189444,31.13638056,1,1,2018,65,0.06519016961586625,0.24531690719823943,0.40471427306870394,0.2916197726324313,0.0818476422327258,0.03224837572519325,0.10429820262729414,0.10584422769882547,0.18248287590894657
-90.3986,30.853,1,1,2017,364,0.0423053574138716,0.7151818687711844,0.4038402683877966,0.18226655558034266,0.0064530611728699505,0.0,0.06742990476913152,0.12514701976704473,0.3189043743820395
-80.042526,34.459888,1,1,2018,44,0.12407863961059484,0.16562361716922688,0.23841509830701058,0.1500343207672484,0.14746386541347437,0.23318853171155504,0.09724350367269564,0.06638022273122185,0.48373546489791297
-82.62555556,31.87222222,1,1,2019,112,0.2624383457695713,0.21676995067661575,0.31866344542766323,0.17597139118987443,0.08705547652916078,0.12003477161371905,0.06453295400663825,0.01786628733997156,0.042426406871192854
-81.556686,33.526917,1,1,2019,223,0.0459399684044234,0.2892385466034757,0.3057441476348622,0.1203911502805162,0.28799312375968533,0.18067511028528804,0.1953629618393942,0.0574336708252752,0.6356886030125127
-88.123,32.082,1,1,2019,260,0.033815569831554454,0.7354443826192523,0.4298421685851309,0.3693449305969614,0.08258838256119767,0.0,0.09250455189156385,0.0,0.6067124524847005
-82.52261667,32.2256,1,1,2020,98,0.05192013454218985,0.360368220730119,0.3669295846159368,0.2063412835796891,0.04212975255724563,0.16409361605280126,0.13002440288788578,0.01443310700603118,0.09486832980505139
-84.5898,32.69217778,1,1,2019,78,0.04263712920112283,0.5621348911311737,0.6888783711214469,0.07794323035023151,0.10744436402254205,0.0,0.04326347163442241,0.03981516307560047,0.21633307652783934
-86.984,31.441,1,1,2020,56,0.12018817340280238,0.7424629470382922,0.5299074099363617,0.19436579397522252,0.007255540450823556,0.0,0.053311624671998965,0.05542979987986466,0.3059411708155671
-89.17444444,30.44777778,1,1,2020,101,0.3804391823517507,0.04704260271200162,0.16246806530108418,0.43037957393420334,0.1076240557282395,0.0,0.07919076423957078,0.07291090248506718,0.10816653826391967
-80.332288,35.413666,1,1,2020,308,0.06534230832375636,0.4305469608375536,0.4048936828253141,0.005546301892666044,0.016918362188803254,0.2108871477315812,0.013044989258182751,0.25674838872741085,0.7249827584156743
-81.20141667,32.318775,1,1,2020,85,0.2804841034979892,0.23212433922654732,0.2794948919785708,0.40839190119940655,0.0704361567635904,0.0016118836915297093,0.03405499367888749,0.018868520859671303,0.12
-87.825967,36.542717,1,1,2018,259,0.06008084891359273,0.8525391611925215,0.6917663154959067,0.0391293013028954,0.02140499913154696,0.0,0.013923670872084766,0.1398114667382483,0.9604686356149272
-77.783167,35.100317,1,1,2019,147,0.09262814844756587,0.08517545410908721,0.2113007125045612,0.20078750504130588,0.014447926803068396,0.4875709284838678,0.03538841638337396,0.03947667732436904,0.22847319317591727
-89.33777778,30.48861111,1,1,2019,266,0.04055353167375025,0.2970552519732847,0.36506546506986637,0.2942672723216387,0.04225610411620741,0.0,0.10318659845318111,0.21352233274942903,0.42107006542854597
-81.85298889,32.13726111,1,1,2020,129,0.06281054428219232,0.34582464125418805,0.23895040965802758,0.3437739110469859,0.019823231524975823,0.13861721026976798,0.06527978858591543,0.04364841028494119,0.17492855684535902
-80.6546,26.4048,1,0,2020,239,0.0,0.0,0.0,0.3982061758585596,0.0034150757077024366,0.7583810199017573,0.0,0.0,0.0670820393249937
-82.10694444,36.30805556,1,1,2018,118,0.030576403103125867,0.7360068733732593,0.8289828696386777,5.153659906951177E-4,8.052673961441904E-4,0.0,0.0,0.007247406565297714,0.0670820393249937
-81.5798,29.4275,1,1,2019,334,0.06219242203807958,0.378569169460434,0.3806142528893828,0.29338299548597924,0.017758085226158623,2.972858435011417E-4,0.03798301043030545,0.08189592465385173,0.2563201123595259
-77.676019,35.207146,1,1,2018,119,0.12971086865826367,0.07212480562333275,0.1760731657023642,0.2622043917211488,0.028508162337005993,0.493606590518549,0.03540066208430206,0.004027468917416358,0.5474486277268398
-78.722315,34.321406,1,1,2017,64,0.10961205644193474,0.20560629602961042,0.1819950533861257,0.28052446440748086,0.013530807708958079,0.1700641149202277,0.03874386579157754,0.0024173442076956863,0.37947331922020555
-79.06585,34.746417,1,1,2018,131,0.052460632409069084,0.13151176604403106,0.09884731206273825,0.3592498582263588,8.339045368829025E-4,0.41419153902767974,0.014877615033024509,0.0,0.7212489168102784
-84.19132778,32.99292222,1,1,2017,89,0.10597784858139885,0.6221362463966014,0.5017444029945081,0.04345636514955854,0.0737881076844308,0.0,0.013678628091755535,0.2403494244736194,0.42107006542854597
-92.695,30.9595,1,1,2017,91,0.025802534719587145,0.7161847663858739,0.4986542299063953,0.3678750186526113,0.003661220153783892,0.0,0.00644981788749494,0.05159854309995952,0.8448076704197234
-85.711233,35.254567,1,1,2019,145,0.12970357079679562,0.7498673270829646,0.7383535821136895,0.0,0.005638278382493224,0.0,0.018070919118343826,0.15711370686006332,0.3
-81.5078,26.1873,1,1,2017,134,0.07736023390332503,0.0,0.013317934808749618,0.8551755598884297,0.0,0.0,0.0,0.0,0.6037383539249432
-81.331137,35.850937,1,1,2019,74,0.2836398104265403,0.38853712480252767,0.4409802019222024,0.0020616681320680353,0.005852774145457071,0.01789628618896911,0.03652851213826823,0.39772648309233666,0.5894064811316551
-88.639433,36.400117,1,1,2019,116,0.05907471511231271,0.9107436137150364,0.4842817026083987,0.05132622818460991,0.0038875607530056743,0.018345118126896803,0.001686399221856239,0.06016718721873608,1.020441081101697
-84.27371944,32.24953333,1,1,2017,348,0.049436724785373816,0.6710371597274027,0.5971579200222512,0.058707157035032966,0.059729939881279726,0.1024641721506824,0.02656981926454133,0.016268719932737836,0.24186773244895649
-79.216725,35.697279,1,1,2019,207,0.10228608257193766,0.8045519455080813,0.7177442747281515,0.0010824424996639472,0.047731091375367955,0.0,0.008053614967722377,0.047974278964589376,0.6841052550594827
-93.5054,31.4531,1,1,2018,224,0.0485176565820095,0.43270009106546603,0.5980278947434976,0.07298306842178466,0.1534276284175118,0.0,0.10355282126508002,0.18763752244619233,0.7421590126111788
-79.26137,35.486421,1,1,2017,61,0.14205522403155654,0.6938151107514913,0.7280116070697608,0.004639189324406685,0.023581329525783092,0.0032536864583464944,0.019645316586851314,0.05333834548464133,0.12369316876852982
-93.7683,32.7538,1,1,2017,294,0.037752547601588006,0.5869977495132379,0.33093519359399365,0.227409988855426,0.010477376452293958,0.0,0.015262519121607095,0.20350762967926259,0.2683281572999748
-78.406801,34.361802,1,1,2018,18,0.0445315463396131,0.20150461499557465,0.4090957571836215,0.1900828242644514,0.023655180257022637,0.330793434171121,0.08338071951173281,0.0024166950983737067,1.1943617542436629
-85.44725,34.24480556,1,1,2019,105,0.06750180131211367,0.5737400295794411,0.6453843420309695,0.024243318807224665,0.025296617533216426,0.01119800306491619,0.13990236504099723,0.06911859961767543,0.5770615218501403
-84.77260833,32.801225,1,1,2018,349,0.07848021241623468,0.49974712353015555,0.7048346596361996,0.01466416676526714,0.08090289629713913,0.0,0.01884931922478857,0.2370734883250529,0.2830194339616981
-83.16311111,33.68883333,1,1,2017,274,0.008530805687203795,0.6222938388625593,0.6591140496068317,0.047605349554153235,0.12011881062975945,0.0,0.12593294783075798,0.044942648592283606,0.5307541803886239
-79.906387,33.869091,1,1,2018,73,0.11258487488462067,0.03204066407879928,0.13947699916492942,0.2927569257272493,0.011279442662833136,0.6222808486437816,0.008862419235083178,8.056744759166526E-4,1.4873466307488648
-78.044767,36.075958,1,1,2017,320,0.14821128663610764,0.3560253059059742,0.49624844685346015,0.07683597206130022,0.0034266692774623073,0.272387046242665,0.04013782474402623,0.11743843049072432,0.042426406871192854
-88.80003,34.17647,1,1,2017,190,0.08905997168284786,0.04083232200647247,0.13223115430051513,0.019944264235847307,0.0010078861562571083,0.14828880519677465,0.0024170310643783317,0.6310915501857792,0.15297058540778355
-88.59075,35.752633,1,-1,2019,84,0.061256207118759724,0.823092377089572,0.5239141013584565,0.0992906797942532,0.0016076002539313562,0.05246019689155173,0.004026896510338859,0.0893907858291143,0.21
-79.331859,34.961879,1,1,2020,129,0.0947709112976636,0.48271720440983096,0.24484483978570706,0.3068649550187,0.07995918805713675,0.22753289910100008,0.05727886686840993,0.0,0.7156116265125938
-84.47261944,32.91379722,1,1,2019,259,0.02304648487376897,0.7896486770078758,0.7384000999134859,0.013625853322350938,0.04242475957512035,0.0,0.01622216112180369,0.07182248853577064,0.34205262752974136
-84.30536111,34.64584444,1,1,2017,31,0.10308262029044121,0.7495860770212712,0.82692898676134,7.733334411619615E-4,0.004681857958368741,0.002416748541263217,0.005032523432983404,0.09841695072676211,0.6074537019394975
-80.279156,36.187552,1,1,2019,61,0.796744679775565,0.0640575241368852,0.3067093652609413,0.004614116001665371,0.04088459570274252,0.004832993233809476,0.008503541036219028,0.06560551403463334,0.48373546489791297
-90.45225818,32.20967421,1,1,2018,28,0.039708132579637574,0.38738191888918405,0.4127089282815476,0.060579150637727175,0.0024181159557721834,0.010813561679342013,0.010478502475012795,0.43561173592277197,0.08485281374238571
-84.78459444,31.04201111,1,1,2019,69,0.03746521629142425,0.061447002276751865,0.12113478980034698,0.13293237494499047,0.02341882611829877,0.6866550315539208,0.0010496895195457258,0.04907614675418301,0.6606814663663572
-76.289988,36.343043,1,1,2017,332,0.054459073563973594,0.09364180839503675,0.04389345279027316,0.2323008681882741,8.052572244204514E-4,0.546583340964856,0.0024157716732613544,0.0024157716732613544,0.21840329667841554
-87.608,31.581,1,1,2017,48,0.027218111680263064,0.47062543476886104,0.516770240996822,0.32143126287513973,0.045263860041792725,0.03962089383320213,0.02176572680456369,0.016454699784713724,0.7224956747275378
-84.04938611,31.57747222,1,1,2019,147,0.2765763715001139,0.18967043528846397,0.24613522575137076,0.10903101580909516,0.03053150359277841,0.4006746140884965,0.010334177391260366,0.0032244909571996242,0.30886890422961005
-88.97115535,30.88122565,1,1,2020,59,0.03202671422608431,0.5896355886110372,0.5026752061479406,0.40583006256901727,0.019350554905618617,0.0,0.06136845100705095,0.028418756126094794,0.442944691807002
-81.328323,33.014771,1,1,2020,134,0.12400768569550494,0.38616827628052797,0.1990539659104124,0.1915903586434953,0.04555438619778579,0.13803794407941514,0.048850710937919734,0.018507457026101955,0.543323108288245
-82.81329167,32.24921944,1,0,2017,261,0.039396659628538534,0.6336970401931902,0.44264891579681426,0.1754523392077546,0.245480723337137,0.0015235470197586985,0.0743092674014673,8.060259129428799E-4,0.6661080993352356
-84.28388889,32.63,1,1,2019,64,0.04324296985636254,0.5044760267044307,0.4046385588165839,0.1518150563537465,0.136921919643986,0.050816708387064174,0.05868669245745789,0.04780778275051206,0.5604462507680821
-88.671389,30.453333,1,1,2017,59,0.021451790389699098,0.3434563185388498,0.22323705106723996,0.5406801680386585,0.02660793843021067,0.0,0.05181196424449578,0.0,0.3
-81.23191111,32.25226944,1,1,2017,130,0.6959204055574517,0.196407125067951,0.29884886578158343,0.34546618584321875,0.033966188705965676,0.0,0.01519232228207269,0.03282186480540174,0.47434164902525694
-81.061775,33.044655,1,1,2017,41,0.05206542623116592,0.3674916573971079,0.23586627645933375,0.3276619110990662,0.032238692752615455,0.3090078700338192,0.040402667593792484,0.045162615759031584,0.46572524088780076
-83.74271111,32.52007778,1,1,2019,274,0.07955292570677185,0.33941485864562787,0.2521970422923372,0.10832876116599117,0.05762726864699823,0.41519321823894223,0.038583593043764124,0.018474735917162387,0.10816653826391967
-81.292964,35.785118,1,1,2019,32,0.5165548691906368,0.3328532989729791,0.24039578584389992,0.0014078179882351688,0.016799848393923136,0.0,0.004027036417043053,0.15133129086257555,0.3841874542459709
-86.606,32.937,1,1,2020,127,0.04773885229528301,0.8354678432810347,0.6642168759986246,0.023456303217846808,0.051534075825189866,0.0,0.057440931443813674,0.07600533481663138,0.10816653826391967
-80.151901,35.228423,1,1,2018,7,0.17509000189477672,0.5085454430619593,0.48807939121408533,0.0023196368631232334,0.0248538057883746,0.07242260631660088,0.02658507381583479,0.1495303777513103,0.03
-83.52688889,32.72038889,1,1,2020,307,0.1743193515345414,0.5749693344630054,0.5834345060605037,0.1140505278763941,0.07834386852085971,0.009794563843236416,0.1032585335018964,0.06050884955752216,0.5408326913195983
-82.3368,28.101,1,0,2017,94,0.011755624731101151,0.054349201528610815,0.08589021641095307,0.6221660530687152,0.0028218828792063314,0.0,0.0039196332817675395,0.0026194159461691057,0.12
-80.8678,27.6598,1,0,2019,180,0.04065225923253194,0.2560927747604036,0.21504974671088598,0.4525740936461079,0.009680940253412845,0.0,0.09763196608507205,0.07104101744783836,0.4368065933568311
-85.991,34.713,1,1,2019,281,0.0,0.2187705373843587,0.3248492151301932,0.11492250873270957,0.01288961059475444,0.13505974081773206,0.008150783170212365,0.18001857620350423,0.4080441152620633
-82.8826,30.3125,1,1,2020,95,0.06452674064045956,0.3455470222807041,0.33655479657883763,0.1984672964903033,0.15753725703480476,0.04320646073189162,0.044085514894908744,0.24572093508596066,0.15
-86.3879,30.7927,1,1,2020,82,0.054007563588530684,0.6032025093912451,0.598234343992323,0.16816376125603166,0.012909937141917615,0.016125564394753815,0.022578952028026865,0.029026015910556868,0.17492855684535902
-76.989325,34.712706,1,1,2018,73,0.1945662475516522,0.13423895874139122,0.12792711019286823,0.35366192641679406,0.017096689628597877,0.04512477456563419,0.0483811364734643,0.003221618958280036,0.2563201123595259
-83.05272222,31.422925,1,1,2017,76,0.048097839834066874,0.2580310618707948,0.24647460603596022,0.2531192402548401,0.03277688197540235,0.294062411078441,0.03305510765436785,0.011992159094501891,0.12369316876852982
-79.688652,35.150177,1,1,2017,354,0.12144291614565572,0.3947052656840084,0.4622506830963537,0.049938929392068315,0.13860513319578255,0.21548616223628633,0.04057329006695337,0.048036424646670205,0.42638011210655685
-82.44472222,35.99333333,1,1,2018,108,0.06197798865316335,0.8964506387334001,0.9166584977640787,0.0,0.0032214154646891813,0.0,3.1582504555776286E-5,0.061949082686155184,2.753633962602873
-83.4311,29.961,1,1,2019,340,0.07537643932683788,0.3674300898393014,0.2611973978060051,0.5864134630854962,0.0041742694237927045,0.0,0.04866818669103768,0.0,2.226072775090698
-83.2455,30.1514,1,1,2020,283,0.08396473430562759,0.3225014862694007,0.3170222819889366,0.11614794083095303,0.07736971433450662,0.22525291816488466,0.06518157294700659,0.09264125942019362,0.21633307652783934
-77.90267,34.318277,1,1,2019,115,0.15551313011265214,0.37517858723275116,0.20225241049878054,0.2924757054578999,0.013469800353803393,0.15307998483699775,0.05018637856962347,0.0016110689916603495,0.8077747210701756
-82.09819722,31.13114722,1,1,2020,334,0.047592548092124425,0.5200273186032103,0.3557020534433467,0.2952060019059452,0.0810998801728799,0.0,0.2794406381505523,0.05003651723581916,1.2093386622447824
-82.7079,29.9887,1,1,2020,343,0.09197626908529725,0.4215273297661064,0.38865924823350967,0.01382835876020355,0.016672042704716367,0.031832470004870064,0.04787203764491585,0.40682061109740736,0.517880295048962
-78.038236,35.616307,1,1,2019,329,0.07312602705094173,0.0955252180508153,0.09635671967318821,0.28682848243144093,0.018788715398975916,0.44290574369892605,0.012531074981126005,0.017721031168166593,0.24738633753705963
-82.96776111,31.36711111,1,1,2018,72,0.07465064811887451,0.17798292760037943,0.283811240647083,0.22473555390663996,0.01208890912137277,0.4200611400372404,0.010701087179876261,0.032245521191946194,0.16970562748477142
-82.1238,29.7244,1,0,2020,140,0.025805145849672376,0.5683203885951376,0.5223267841972732,0.14190649329359092,0.12567955193057578,0.004838694374780597,0.0939655472310334,0.12224819023342745,0.785175139698144
-81.894533,35.6258,1,1,2017,29,0.11244787059269558,0.6769493238973842,0.715606817237751,0.0030926803532932523,0.08044637329593547,0.0,0.02169010347572299,0.13296440889967018,0.34985711369071804
-80.446306,35.987158,1,1,2019,196,0.6514619291905686,0.17793333501806877,0.4153402031016532,0.007859994573041358,0.0075696330449062064,0.011273921556243285,0.013689761889723989,0.2255794858839134,0.3189043743820395
-83.7158,30.5033,1,1,2017,114,0.0716228009156791,0.3503863811703997,0.3275127042224306,0.4759298934337703,0.003914624505928856,0.04978023715415024,0.02103715415019764,0.13331857707509892,0.3014962686336267
-78.798447,34.425826,1,1,2019,244,0.09538259242401255,0.25829413847165333,0.2620200217858866,0.22795670118204864,0.003222433189798157,0.4925394353159724,0.029807507005632953,0.0016112165948990785,0.480936586256442
-79.056531,34.85608,1,1,2017,51,0.06886916502301117,0.09375158043797097,0.09738303407124971,0.3780497111830701,0.012334993793018499,0.44536434823535404,0.014713547013541656,0.0,0.8061017305526642
-82.49773611,31.63457222,1,1,2017,67,0.04690108778143182,0.24758411333164684,0.31177092395152656,0.30355408768132075,0.07069717154409609,0.1300198216368816,0.08370610866809358,0.06679607107969442,0.15
-81.6689,35.900433,1,1,2019,98,0.021603729485932296,0.9431228127803116,0.7899776809061845,0.003307692735253709,0.017939259184395383,0.0025835059881752507,0.024890722118348595,0.02374425185709234,0.42
-93.14166667,31.12138889,1,1,2019,35,0.11759944349585784,0.7022196926579395,0.6879254040579807,0.08904652837915486,0.03739863102483441,0.0,0.027148706112964157,8.062093931298312E-4,0.42638011210655685
-78.560352,34.671993,1,1,2017,266,0.0685648540325945,0.3437472342685193,0.30419564160340967,0.40357626284222803,0.10465068529931118,0.10958155519826149,0.0773429528992947,0.0,0.442944691807002
-90.2591,30.8542,1,1,2018,131,0.030911275532789464,0.589957629798267,0.3846897837634676,0.14365031871201997,0.03927712138505365,0.01239048850583798,0.16719729616081394,0.10278825511949442,0.3189043743820395
-81.432,27.8615,1,0,2018,77,0.14710831635816135,0.060402090160304636,0.11383580024892705,0.3052115247466819,0.015429735698150447,0.03414347091540693,0.0806256683476863,0.06284841083530011,0.21633307652783934
-89.93553953,31.65801439,1,1,2019,256,0.05853189659533565,0.6825770223099105,0.6690591192551042,0.029588456344610287,0.08798024791272155,0.0,0.05225388134205443,0.0803297915724849,0.33541019662496846
-83.10447222,31.84497222,1,1,2018,16,0.04166930129623777,0.2931141321530194,0.27105356588339685,0.4521020439333912,0.029938548686889135,0.17952697662068362,0.034784477853503123,0.002367645757204093,0.42107006542854597
-85.366967,35.091367,1,1,2018,97,0.026661275445091667,0.9219367963508167,0.6533478145947057,0.005369320177555493,0.002416557684653438,0.0,0.00886071151039594,0.040095904171641945,0.18248287590894657
-82.3187,31.48603333,1,0,2019,197,0.05610431659225717,0.32672290588994124,0.23311184855073872,0.29629697068095795,0.07594348421282261,0.29323018264248313,0.12773592242831988,0.030464652340650208,0.6118823416311342
-78.662947,34.628342,1,1,2019,152,0.08957261499955751,0.3657864465484329,0.3209611026083233,0.2778730269768647,0.05468606847921552,0.12673204142367014,0.061709010722386874,0.0026347880480453926,0.18973665961010278
-80.26648,34.63566,1,1,2017,88,0.06448023870331503,0.6731104761423116,0.4960400478560552,0.14022360120357857,0.19300845114919843,0.002186241213174316,0.10165073848827112,0.02583682173603983,0.45
-78.034333,36.435783,1,1,2017,97,0.06505883988724988,0.7533401590130572,0.5938918948141179,0.04400327600658638,0.13101660013138616,0.05219440092980951,0.04763694476729498,0.028216433372075408,0.45
-83.1771,30.6092,1,1,2017,101,0.07452622523593858,0.11173240897705136,0.30997492344746175,0.34005616297887387,0.04847940605455041,0.24320333398680827,0.05724440172264418,0.04880508951552215,0.4459820624195552
-82.0908,26.4314,1,1,2018,304,0.39886580842795494,0.0,6.455261493782952E-4,0.24273859026202288,0.0024209550272001434,0.0,0.0,0.0,0.12
-79.429974,34.669118,1,1,2019,327,0.04129745035330999,0.07646411912677444,0.0630875461444843,0.327701145474909,0.0024164813504498122,0.555117886384312,0.017673481249368232,0.0024164813504498122,0.6768308503607087
-78.276814,36.186819,1,1,2019,330,0.07298403395311238,0.37344634195634596,0.543315572869692,0.04509288242472013,0.09022176464271957,0.09719809753601864,0.04168745775986762,0.23567309453578497,0.3
-80.38709,34.849746,1,1,2018,4,0.1326632530501296,0.275428282445161,0.29144027438996684,0.016861275573692783,0.054687055701241674,0.32803702884585,0.03543331964234937,0.22537044643139237,0.09486832980505139
-79.712929,33.490948,1,1,2017,89,0.14260970706853607,0.3257772102608189,0.3974229783085837,0.3025356117721471,0.033351553046220124,0.15496023784624027,0.04969558335202694,0.01369637954294849,0.6462197768561405
-84.78141111,31.53574167,1,1,2019,232,0.043944089557902716,0.041085320346594144,0.12398267583756814,0.2618729335504167,0.011106123068362884,0.5842870330559701,0.02164634917423304,0.0024184981916588687,0.24738633753705963
-89.78728,32.64831,1,1,2017,97,0.042372667037580296,0.47395174750897784,0.327649510695029,0.4647019292567103,0.006448044251284076,0.0,0.004836033188463057,0.17310470169893316,0.2765863337187866
-88.333067,36.42405,1,1,2017,32,0.06807929949584929,0.5489051463806023,0.5621598434951666,0.011117926310960391,0.0326882630471992,0.1522967997018867,0.007247566775511755,0.24441511030828225,0.3
-89.881,30.3146,1,1,2018,78,0.20020997508127042,0.6492783687718985,0.6151624044653575,0.12491152911583758,0.019330255502150246,0.002419048823678217,0.02981596256008092,0.013707943334176562,0.28460498941515416
-92.3119,31.4421,1,1,2017,319,0.06399473877246459,0.6619408364845898,0.7216180468621576,0.12880239748112743,0.04581523422927847,0.0,0.05630481104219222,8.061609666344196E-4,0.2716615541441225
-79.080172,35.986251,1,1,2017,79,0.15793660815759564,0.7620027781285516,0.6847283073609981,0.01211160870156177,0.01688244825505922,0.0,0.02009153477089461,0.07689489294095728,0.21213203435596426
-88.81592773,32.46778472,1,1,2018,64,0.19884179647987058,0.35876492008901484,0.3640319005784519,0.20120868623765442,0.030395165597868506,0.0,0.05390345734341763,0.18771235054472357,0.24186773244895649
-83.82454167,31.22258611,1,1,2017,48,0.0957771060719119,0.36490913000037956,0.16424575127958568,0.232978942411433,0.014590394051292426,0.4006082755829834,0.02265225858667611,0.006294577368607415,0.18248287590894657
-84.04983333,32.42411111,1,1,2017,104,0.014187805063099065,0.2733365367593132,0.22949680633564754,0.3326417224902643,0.05996421933673019,0.18803181065328164,0.005101589268329689,0.005559910485125108,0.12727922061357855
-90.3966,30.5074,1,1,2017,127,0.18153184491809496,0.502295869963949,0.2919767775983555,0.24804119163540275,0.09728603365027369,0.0,0.07325780308803397,0.056913294103138945,0.4589117562233507
-82.05447222,31.99343611,1,1,2017,163,0.03834237515333157,0.05385889702441925,0.21518910520949652,0.25754003414736787,0.01898536110434995,0.29699793582404255,0.03842275461594633,0.14415408299062116,0.20124611797498107
-81.2547,27.4444,1,1,2017,116,0.3091832084261697,0.0,0.006454045927497023,0.13068304053900148,0.004840607955048787,0.06058036674723802,0.006454143940065049,0.45130917880509747,0.0670820393249937
-82.41205556,32.38827778,1,1,2018,59,0.004576601178285167,0.24665604692912602,0.32716029716744277,0.23042765228921194,0.02729628927239396,0.20826853783425006,0.22729945002844698,0.042104431379986096,0.22847319317591727
-79.054087,36.405043,1,1,2017,350,0.12294968116674036,0.4370477934213019,0.5573322231406463,0.0029193082583380647,0.04097690352525141,0.14922880191970703,0.028224113161675324,0.2131285224886728,0.16155494421403513
-84.63215556,34.65088333,1,1,2018,129,0.0808583777772161,0.9021939691125549,0.7962968298182379,6.444383454462469E-4,0.004833542892164607,0.0,0.016111809640548688,0.003222361928109738,0.4589117562233507
-83.682,35.38335,1,1,2020,91,0.07452803962698075,0.8796279916095936,0.900002223599057,0.0,0.0032219853115375502,0.0,0.0016109926557687751,0.04687988628287136,0.937709976485267
-87.773,30.959,1,1,2018,261,0.08888860778708227,0.6266729071267743,0.5842170437231776,0.1541141347124679,0.13735775558148286,0.0,0.06745207402559215,0.0219844499460902,0.7256031973468694
-79.42218,33.755211,1,1,2019,148,0.15556370348829865,0.2915555106014439,0.23186490581413977,0.29720276008224233,0.04263264648456008,0.2682943782028192,0.027022159877163363,0.010978838486278814,0.5108815909777921
-76.857351,35.082604,1,1,2017,77,0.041879326898782133,0.22662842993582286,0.2803270843135065,0.5033653945766585,0.022646361071887736,0.13874963277451877,0.06127058437025171,0.00424560040181575,0.563648826841678
-80.194885,33.682259,1,1,2018,80,0.28714298357629614,0.11730494481180373,0.09588090945765994,0.428317572083326,0.012742254491226072,0.19465665737774318,0.028113211123959727,0.024508224172685507,0.20124611797498107
-83.55329167,31.58406389,1,1,2017,265,0.10555934947011657,0.09248299061638462,0.15717440320784326,0.22449237641579767,0.018740278954489712,0.4658704366409128,0.00699283013618948,0.011191057270393653,0.10816653826391967
-79.018696,36.507274,1,1,2019,321,0.08742755407401796,0.4400292940389157,0.6001839029356265,0.055489174230348506,0.03457957502716088,0.01288562116273782,0.08130890118497185,0.11045630258470407,0.09
-82.1043,27.8229,1,1,2017,127,0.03690574159650568,0.06920301323036022,0.06790763027612413,0.343139969296476,0.015296373161904275,0.10320543646073242,0.023907899066082854,0.44789109361949836,0.2765863337187866
-84.58581667,33.30767778,1,1,2017,247,0.16449630828360481,0.5100384343076769,0.5254328380545595,0.0467228481461932,0.03545673456747209,0.006446679012267652,0.01027992491515033,0.24008507088186776,0.33541019662496846
-83.18704722,31.76303611,1,1,2020,19,0.04121507973644606,0.581854741820849,0.4739561469966757,0.17898011472546113,0.030410702544130315,0.1141160032370645,0.0406719437560063,0.048268297000657566,0.20124611797498107
-84.70270278,30.86768333,1,1,2019,270,0.05421846741453668,0.09079411653113106,0.21172782613182345,0.02954593510699322,0.017652694383578537,0.7731203500817342,0.0345528648081222,0.0056407678273874455,0.7249827584156743
-81.7567,30.4119,1,1,2017,49,0.5551409199008251,0.1616910388098974,0.1925127575734732,0.2551246566825297,0.013922529644268771,0.00241897233201581,0.06653280632411065,0.005732806324110671,0.12
-78.756927,34.910289,1,1,2020,68,0.041390644753476605,0.16628318584070792,0.22520274989815772,0.3541843353654658,0.05606322392755279,0.39885782512974244,0.030686473629848166,0.008392584707617765,0.4965883607174055
-82.59435,31.97563056,1,0,2019,275,0.013415944869444267,0.2068154517291522,0.3091304668858865,0.49697468383878346,0.05200183349929663,0.15157349012913526,0.059500213381383664,0.0040653105094282955,0.24738633753705963
-85.0659,30.3865,1,1,2017,62,0.06906933498627468,0.3179845922252723,0.15868857833197747,0.5135172189102448,0.16929687821135075,0.05454671932359665,0.065019082340219,0.01425088771615849,0.39458839313897714
-79.944504,33.810692,1,1,2018,169,0.046861766007205624,0.3721509386258771,0.24626312928953323,0.35281722006648386,0.04234104731063898,0.08495379511886898,0.1281604928520654,0.016918094937208753,0.5731491952362839
-79.754665,34.903584,1,1,2017,311,0.4465330889324313,0.23026357373111675,0.2953309505085407,0.12685812825608372,0.16387534115030822,0.008054937834832706,0.007735899120590313,0.01731969574446578,0.19209372712298545
-82.91083333,31.29055556,1,1,2019,207,0.0552759370731954,0.348841620719308,0.23858067263827742,0.41165976486845585,0.017485402486714437,0.04919053746036461,0.0748353729281331,0.001612286253520948,0.6768308503607087
-78.343528,36.351122,1,1,2017,231,0.20646816469934026,0.33566716376412303,0.4131039765240379,0.01759737188866703,0.026295510245332138,0.2954376058010564,0.01394047348341293,0.18159882766113356,0.12369316876852982
-79.904335,33.871494,1,1,2018,118,0.1187432833933877,0.04401036727985333,0.1350111316241251,0.29383898474734926,0.01128051188877479,0.6221218105695557,0.0074855833794138585,8.057508491981992E-4,1.4524462124292246
-81.0864,29.2524,1,1,2019,323,0.43831041505901386,0.2316664347430074,0.12567040696276988,0.15967362015964778,0.008494328154302028,0.0,0.01675463535424131,0.00564496491266907,0.2765863337187866
-80.554193,35.720328,1,1,2019,260,0.0775985142322902,0.8094654521105231,0.5108357740733772,0.007632492263409915,0.01610534792288381,0.0134053337122827,0.007348459728735417,0.15450081316217462,0.36249137920783714
-81.479477,35.155899,1,1,2020,330,0.34408180806957234,0.4270780665385784,0.4716863557683806,0.00697790187878252,0.004027774267734845,0.008861103389016658,0.02375281154439082,0.2882622760241606,0.16970562748477142
-83.0115,29.5912,1,1,2020,34,0.1158677748681164,0.592875124925677,0.4686486130928888,0.04377384458139791,0.05646921155001739,0.04095006167177963,0.10823871722698375,0.13785698472437463,0.39
-80.016518,32.995049,1,1,2019,71,0.5030223323806873,0.1713498065201447,0.21434541763267745,0.24375933880620035,8.057788563628086E-4,0.0,0.004935790484857675,0.0032231154254512345,0.6328506932918697
-78.16793,35.886784,1,1,2019,269,0.04918094949188533,0.3357980686586784,0.4144259405794507,0.1526983203018019,0.047104527580815826,0.24141938947933617,0.07479430854507842,0.09150545615337241,0.45398237851264667
-84.64549444,33.15291944,1,1,2017,48,0.04520166898470097,0.5001390820584144,0.6673851381073002,0.03769927343880353,0.007568910266539413,0.0,0.017561767996308777,0.2503049686182553,0.15
-80.922,28.7198,1,0,2018,194,0.01657234734829782,0.3640472482813627,0.2138695765270542,0.6194866988462514,0.0016133420221818716,0.0,0.008980937256812418,0.02665177752329857,0.8580209787645054
-79.466617,34.915861,1,1,2017,67,0.1070087846805284,0.44758895279024224,0.4782371134385376,0.16840010574003614,0.09584063946416436,0.09972987062224536,0.06975024880337422,0.02404309432412365,0.45793012567421243
-81.524317,35.321185,1,1,2018,30,0.40236783584352576,0.2538790053573234,0.3343599006045695,0.007225726375518441,0.023241563167271023,0.034268513020076566,0.010208851883204667,0.22283219831452866,0.5515432893255071
-82.5697,28.3512,1,1,2017,107,0.390326009922041,0.13787081097499237,0.23327454051769755,0.28853084598391116,0.011704082826947225,0.0,0.00564642914759481,0.08002745714565888,0.15
-84.54388889,31.15361111,1,1,2018,273,0.03161715420318449,0.34319788544472696,0.16944971345038104,0.09627763698993914,0.012092873266688169,0.49277589139493305,0.06754304430575844,0.007372700773311583,0.7517978451685001
-82.47966667,32.12130556,1,1,2019,50,0.07396258869060418,0.3268367334033163,0.29288009523684283,0.24498757450492714,0.027386954528931102,0.20615447835501255,0.08120940083134452,0.10336805171405539,0.16155494421403513
-78.168177,35.666303,1,1,2018,167,0.04232824282845127,0.20322861798476652,0.20162931040581686,0.2644776777096473,0.016820286687177416,0.36856485839371805,0.02679242660669275,0.03506516479142845,0.36249137920783714
-81.4232,30.0939,1,1,2019,323,0.27807506926259057,0.10697433172669424,0.13773541185184585,0.49885354984680297,0.009347538049476176,0.0,0.01091283958347168,0.0016127349138135487,0.16155494421403513
-83.23888889,31.60916667,1,1,2019,189,0.2709302913800082,0.07111240388506677,0.10165651072645322,0.23732378836800916,0.010425359734972056,0.43990402852590843,0.004836507093543737,0.0031705990946564503,0.0670820393249937
-80.17173,34.658928,1,1,2017,88,0.07033975428484757,0.31562515799585417,0.40529305210466593,0.20833931412605944,0.20601111883252263,0.0,0.08522964179670227,0.030273548550129516,0.33
-85.350883,35.719917,1,1,2019,259,0.07088434858420833,0.7140492526186777,0.7961109266679095,3.865727370714158E-4,0.05060168661760528,0.0,0.02294936988724299,0.14282871671772845,0.5091168824543142
-82.5853,29.4091,1,1,2017,89,0.22544603315196757,0.19177527521194476,0.21779260930945685,0.016727471448739307,0.07159732435125005,0.17886996536837613,0.09116814523143095,0.25041668643357523,0.7206247289678588
-83.6229,29.8758,1,0,2017,262,0.04533609937511071,0.21537177119437362,0.24064480647052894,0.23297759792842682,0.0489123903376998,0.0,0.016217686386378154,0.0,0.2563201123595259
-87.349,32.164,1,1,2020,104,0.11077950326268406,0.6784991653599072,0.5537914429497106,0.23962380656897198,0.00886656530438714,0.0,0.016933401189162894,0.02841726277591458,0.49203658400570177
-89.44686116,32.77484221,1,1,2018,30,0.05709806301522278,0.23293126991351842,0.32487611496531216,0.3377839242733764,0.01550296942706968,0.0,0.11558166951651602,0.21669390090110036,0.22847319317591727
-79.001141,35.954689,1,1,2019,43,0.5351442137697632,0.3132924180431378,0.3202431878794126,0.0814422706698076,8.054708845965542E-4,0.0,8.054708845965542E-4,0.03740227742944235,0.3612478373637689
-82.3314,29.0912,1,1,2019,176,0.301593126399838,0.5036886127526033,0.28418085128454745,0.0023227064033321462,0.039406888219051577,0.0,0.09794314957790763,0.19538023108333363,0.6926037828369117
-88.754167,30.414167,1,1,2020,89,0.7301454775458571,0.01691334598355471,0.14935632261827744,0.4723955058180627,0.005916355196336984,0.0,0.010583666938610308,0.0,0.4965883607174055
-77.938707,34.309702,1,1,2017,49,0.37799635885506194,0.20181804389602495,0.17199680535406495,0.3506452477114306,0.018526649629940828,0.03665844312966126,0.050750068704966636,0.004833039033897607,0.12
-81.132,28.9786,1,0,2017,130,0.05626067700094907,0.5810060107560898,0.35417090482537794,0.43426780304985496,0.007468044928466824,0.0,0.0282305383255258,0.1056786874460299,1.056834897228512
-75.882738,36.227796,1,1,2017,82,0.3159471209746727,0.07067387897477378,0.020982596692340795,0.3038732515344862,0.008858612750717693,0.21647228249026504,0.004831970591300559,8.053284318834266E-4,0.3661966684720111
-83.861,32.85083333,1,1,2017,302,0.029817151817101224,0.4018107786854149,0.600792742247023,0.0718059232681327,0.07385740517750866,0.0,0.046421223297841034,0.3015925690645274,0.09486832980505139
-80.277716,34.980161,1,1,2017,336,0.08538357531875103,0.6144028709705953,0.5243510882875729,0.029512412194319493,0.049886614153333037,0.042685507456935494,0.026580927174070963,0.15310247680169795,0.87
-83.44032222,31.16484167,1,1,2017,97,0.4888191844581606,0.06660426995851462,0.15529578982243247,0.3218470456425032,0.012257505627639925,0.26503654804360455,0.0032248273768874704,0.005463236967903479,0.40024992192379
-88.92944444,30.72666667,1,1,2018,69,0.040041989704933806,0.9077870666649802,0.7145824417417626,0.19016269712394054,0.0032251128789507646,0.0,0.04373822201424111,0.0,0.3244996147917591
-79.455279,36.540894,1,1,2018,93,0.36722350594088177,0.43866560602043025,0.5454158262971331,0.005046764290997577,0.006993382334368926,0.0,0.011284130231618303,0.1253283574549772,0.19209372712298545
-93.2904,32.3335,1,1,2018,122,0.45892662940387957,0.37088697235640766,0.5374239240643953,0.12668391096681866,0.08916158522129183,0.0,0.06297198961899433,0.1418252741451634,0.2765863337187866
-80.925407,33.708725,1,1,2018,42,0.1274664711607742,0.3724134444009053,0.3356295062773186,0.22542584352253764,0.04937655229945717,0.2201721511947573,0.10108826856597558,0.009324856382676187,0.2954657340538831
-83.726333,35.272667,1,1,2019,322,0.10300120048019208,0.8266506602641054,0.924521398288703,0.004123850969281855,0.0016110130112992021,0.0,0.004027532528248006,0.023397594852339592,1.3945967159003352
-82.07713889,33.29976111,1,1,2017,126,0.036144578313253004,0.40198991137688206,0.43890529253544197,0.09384138572613099,0.10601779867774025,0.09326292237096588,0.04356441275740451,0.12257448771916514,0.15297058540778355
-80.717034,36.230233,1,1,2017,41,0.3461898024154834,0.2718682096114003,0.39452285000565923,0.0010307361477145957,0.00738261391265907,0.061909122485711614,0.027916890334396427,0.3341374846063976,0.3189043743820395
-80.08765,34.950791,1,1,2017,273,0.3403776637427639,0.47400085947571985,0.6172341347074741,0.009442329920051274,0.04148728849695044,0.025353518444234578,0.040271254536438386,0.0879903222647922,0.3661966684720111
-82.1566,27.3464,1,1,2018,85,0.1813486588098282,0.009683912047292935,0.016102358557661997,0.3030994382650965,0.009681675372791961,0.023321447442107693,0.0040340314053299835,0.46601130794371953,0.15297058540778355
-84.0162,30.4516,1,1,2017,9,0.07437389324563622,0.4622565140399696,0.4950234988794398,0.27353808639695665,0.02975494071146243,0.0550861660079051,0.024996047430830025,0.1261660079051383,0.5126402247190518
-81.085,26.6851,1,1,2017,117,0.007584774735989059,0.006457821561526578,0.00705078876490958,0.25689637714910596,0.0,0.43972005935450403,0.007352871384864602,0.052852717936386906,1.4663219291819924
-79.608887,36.497117,1,1,2018,100,0.06448025276461294,0.4402654028436018,0.5604938870462786,0.005966925979598562,0.011273779147613884,0.03241922037238212,0.01851489275699165,0.27219702902761295,0.1341640786499874
-85.80090523,36.28580794,1,1,2020,321,0.062033423017166245,0.5280483029545139,0.6379761596792188,0.002918398033921325,8.053335186126786E-4,0.0,0.005637334630288751,0.06942606564573534,0.06
-81.174441,35.989433,1,1,2017,79,0.08023255813953488,0.4736097067745197,0.597812905494719,3.865463673736677E-4,0.00966467372251016,8.053894768758466E-4,0.05517075836104819,0.2787342435813616,1.282653499585917
-79.274734,34.669641,1,1,2019,258,0.12788935202728305,0.09881268157130225,0.12082575359720502,0.277662730342684,0.004155146536061302,0.41501540406035237,0.022649498380598793,0.0024172525475945976,0.5770615218501403
-81.653796,36.097774,1,1,2020,293,0.07823889836396944,0.9151285452593014,0.8829282760927553,2.7436672068103553E-4,0.006442708843249533,0.0,0.0016106772108123832,0.00888083199373416,1.1164676439557037
-88.019,34.912,1,1,2018,243,0.031987361769352296,0.5115197472353872,0.5930565074205033,0.026362952674959507,0.01175143812962595,0.0,0.013653149353828858,0.038527026728203795,0.0670820393249937
-78.3719,36.0068,1,1,2020,73,0.16235201960858636,0.6926556242024536,0.5743801966089876,0.03947186914966991,0.031329646625588625,0.04130018033496193,0.011113813152766772,0.11633657894155064,0.3189043743820395
-86.679,33.07,1,1,2020,121,0.01625872357641346,0.9647264084150906,0.7936875752737158,0.006265098984620144,0.07514750451125213,0.0,0.035631780704166185,0.003018035527492568,0.33
-85.131033,36.123267,1,1,2017,101,0.08263209764233191,0.8514138427715868,0.7392936851248227,2.576943229940645E-4,0.024065944477781633,0.0,0.03022455231658402,0.16552758740485735,0.03
-89.11546044,33.09850178,1,1,2018,84,0.03301051886315364,0.36224334985334283,0.45207239411766204,0.22705551917928396,0.022497511337241448,0.02820484459683662,0.01611705405533521,0.14388421002733573,0.30886890422961005
-78.958235,35.002549,1,1,2019,276,0.6720146659080856,0.1471774448448069,0.0914754211041297,0.10532303518433155,0.004027914235438695,0.00359195175348533,0.02191501258920645,0.005026205136143501,0.35114099732158877
-88.80568333,36.33103333,1,1,2020,336,0.19888825721685296,0.179091655612406,0.215857130009226,0.01766473086573451,8.053284318834263E-4,0.4093973932624012,0.0,0.2524499354158179,0.1341640786499874
-78.358802,36.149832,1,1,2017,352,0.06311721768999573,0.5684843280377846,0.5864602349869057,0.11415555338845298,0.052018758585842616,0.038186670035211805,0.018695425620943923,0.08360834346528553,0.21633307652783934
-82.5774,28.9021,1,1,2017,76,0.7063505118115216,0.016448825174294277,0.18421930230734015,0.30786782957210884,0.0032264390867279467,0.0,0.01045113210053837,8.066097716819867E-4,0.42638011210655685
-87.652,31.087,1,1,2020,71,0.04953901023156989,0.7187519761221212,0.5827043727702272,0.15410338912834426,0.010948882031566173,0.07036941015783088,0.04935059186564147,0.032394526507486865,0.12
-82.1233,30.3232,1,1,2017,56,0.09495023585800459,0.38112883032134853,0.4049500813006487,0.1862376771590206,0.05568292135328885,0.0,0.06040722622590023,0.158381214089433,0.7589466384404111
-81.61822222,33.05963889,1,1,2019,269,0.038830654848458025,0.23835775791217273,0.1422583479877964,0.5140424981115209,0.1071215257477839,0.08853002986395309,0.16161928990155958,0.007151547711220315,0.24186773244895649
-92.717,31.014,1,1,2017,73,0.08359262351066252,0.7294148895803294,0.5718549955612431,0.2727414822664719,0.023236254754594936,0.0,0.027112652676643294,0.029123573621523197,0.6074537019394975
-82.8378,31.97527222,1,1,2020,216,0.067901000366759,0.24381884635327755,0.4012610938684519,0.22559551233455605,0.06585809926603073,0.08364468551848836,0.22381322662013786,0.009008667286210106,0.3841874542459709
-82.3409,27.0841,1,1,2020,90,0.5272266886117609,0.03876685446603782,0.08663470967108325,0.40130902522726186,8.068701034059413E-4,0.0,0.0048412206204356475,0.017437886823020166,0.0670820393249937
-82.58083889,31.72886667,1,1,2019,149,0.04217888399858348,0.17398947741184795,0.22079046577659273,0.2847941598633229,0.02052313120009105,0.3518395579244199,0.04979356739566146,0.049319373051851585,0.24186773244895649
-79.189975,36.101336,1,1,2017,362,0.07031605562579013,0.6570922882427307,0.6275009347872221,0.005416712984952452,0.0016107687788793458,0.0,0.016107687788793457,0.2464981570910146,0.12369316876852982
-93.3734,30.7259,1,1,2017,93,0.055585072738772924,0.5791524351676153,0.6407865955203733,0.1748851157341362,0.045960619638322965,0.0,0.04178669339665896,0.06769981881365633,0.45099889135118726
-85.286,31.011,1,1,2018,44,0.0496452106601232,0.29233123790490895,0.13490369333213276,0.42983053385225656,0.05128602368117365,0.1850135162906873,0.05865912072972165,0.04998656275194843,1.0191172650877818
-81.914757,33.56205,1,1,2018,77,0.29808105579854904,0.47424974085404414,0.3988419609918914,0.06747576717682871,0.08215147952928091,0.0,0.08436034532883345,0.023437993755767068,0.2765863337187866
-79.972093,35.393749,1,1,2019,31,0.054756972514147115,0.837270109135004,0.8208104987354118,0.0015801668094223825,0.09135155963766381,0.0,0.022462825161396294,0.014497239523454582,0.2765863337187866
-80.430782,35.238836,1,1,2019,147,0.387369511917701,0.38274397795920445,0.4544580709816418,0.004568065387163632,0.015571059937526261,0.03865918329316864,0.008941515351549054,0.25111413618518513,0.4695742752749559
-83.76910278,33.30721111,1,1,2017,96,0.06744556558682951,0.7710467086462837,0.6577236857539247,0.021895337596518263,0.03787507703003777,0.0,0.01611705405533522,0.1006304612321646,0.17492855684535902
-79.560997,34.678631,1,1,2017,73,0.11448356036291035,0.32428163461295456,0.11047823327012418,0.2786220267095792,0.053240682248894534,0.31952621604548337,0.02938408085912825,8.05432722678459E-4,0.24186773244895649
-80.421522,35.194831,1,1,2019,147,0.0705947748749305,0.44824144726868476,0.4163345918904181,0.004310360076028908,0.003079663795472421,0.12368245665570624,0.019469792446453336,0.32893652102225895,0.33541019662496846
-91.9259,31.727,1,1,2019,311,0.04524589334715916,0.8635794585161674,0.43658627376206616,0.35016179396582864,0.008712227782396617,0.01395979604029879,0.09949515864410417,0.004030511764352571,0.6841052550594827
-82.34553333,32.96035278,1,1,2018,190,0.025796335402941288,0.344166108167575,0.3446975174619035,0.30055760784817376,0.07098835665794366,0.15938483710698986,0.021207064386038112,0.14884135472370774,0.23430749027719963
-81.843346,34.496208,1,1,2018,89,0.1237363526081682,0.687904367165386,0.5932563642070824,0.027565130670769725,0.021196199912169575,0.0,0.0266745440242134,0.0916848593607335,0.23430749027719963
-89.76916667,31.58611111,1,1,2018,17,0.09372944807001572,0.6491374513077353,0.6292354986298516,0.06514198662929312,0.02891664532771881,0.0,0.0734534004798892,0.12870072678875705,0.5307541803886239
-80.668068,33.414074,1,1,2017,10,0.14714320017187557,0.4323934940033112,0.21745478813495064,0.2675778978821079,0.02072132722692635,0.45546147306006224,0.02845863794253277,0.008059698662090024,0.4326661530556787
-78.749567,35.108939,1,1,2018,6,0.04239300692233845,0.32932898792380383,0.16358049492966198,0.3467069968893166,0.0455082555589958,0.23812532778960793,0.02424537303247249,0.005639560967287386,0.3189043743820395
-76.81,34.88333333,1,1,2018,122,0.002679304897314376,0.32763349131121633,0.41712278850401174,0.4002930298518476,0.011190883046901905,0.016942674756867573,0.01204370224607309,0.0,0.5954829972383763
-78.159379,34.322397,1,1,2019,173,0.05763106010818464,0.412896213538244,0.3678989206025703,0.28375606447066876,0.030594576832420204,0.20445569268295768,0.10497829342736358,0.0032228099110883624,0.5731491952362839
-82.67474722,32.989775,1,1,2017,298,0.022569224933619923,0.24709824250853457,0.34104863130442065,0.15825891830096592,0.14811256352557453,0.4668750474071455,0.018725822355945488,0.03680058658441,0.3612478373637689
-80.071023,35.574437,1,1,2018,59,0.11288346657573345,0.4957627653797092,0.5130260733700737,0.0012885595117420625,0.018705495074840938,0.188966253656749,0.046477832045441626,0.20718839444237336,0.2830194339616981
-82.909164,34.925278,1,1,2019,148,0.19979277753910696,0.3097849435192439,0.6330821770338559,6.444008891216032E-4,0.018281298866224618,0.0,0.006444418470208782,0.018492953786569715,0.0
-92.6754,30.5756,1,1,2020,4,0.08235308998001571,0.025802534719587166,0.2669488460139512,0.19759181325777528,8.062807690969973E-4,0.5242753749205576,0.0024188423072909917,0.1866682265301154,0.17492855684535902
-78.040731,35.041884,1,1,2019,63,0.08706260113268607,0.2083712580906149,0.21166356689443264,0.161788905510856,0.0032223313883509574,0.5763044913613087,0.024391784950448768,0.04160282554234682,0.15297058540778355
-82.631096,34.257637,1,1,2017,102,0.06455201709250433,0.7963943918380761,0.5952687015391708,0.005156012340056202,0.07901305562225902,0.0,0.051091338801612686,0.051318832703512264,0.22847319317591727
-80.5751,27.7196,1,1,2018,70,0.0,0.0,0.0632435915411329,0.46358302739732227,0.0037838402181719273,0.24275106697333929,0.0029264650516797933,0.3030647207519593,0.10816653826391967
-79.932396,33.393005,1,1,2018,17,0.22552502813215164,0.265415786878406,0.24006929072068622,0.37243256744772096,0.018937850108527717,0.2095706599180434,0.04039379606899013,0.036833075836706065,0.5894064811316551
-85.218533,35.408683,1,1,2017,72,0.014924995892782667,0.6958258034348973,0.7874319720757657,1.2886708648699732E-4,0.10322128232179971,0.0,0.16393856883840516,0.02688087130664409,0.46861498055439926
-90.2088,30.9504,1,1,2019,244,0.06532517137581262,0.11123618242986873,0.24379972775406217,0.33828606461971317,0.08062654731829778,0.001603045470210862,0.06837447395130156,0.07981712001972976,0.10816653826391967
-85.1685,30.7647,1,1,2019,84,0.24734678388463735,0.3430396559357409,0.36220969142850196,0.16409595415665262,0.05249179519283667,0.05306407654025886,0.1364685498200949,0.036278210941007576,0.0670820393249937
-82.4745,28.564,1,1,2018,46,0.3304313715565565,0.2767155529122958,0.25405023239619107,0.043032264202889185,0.01129555705980224,0.0,0.015784046409524834,0.3057518456895952,0.8453401682163222
-80.349251,34.303371,1,1,2017,159,0.032150888097223274,0.3106445337173753,0.3531275258977982,0.13898548065291827,0.22024633312479075,0.04230572354825868,0.200169361922637,0.05018926826802157,0.7354590403278758
-88.194,31.608,1,1,2019,330,0.0,0.6605252842022737,0.6420925175972189,0.18206123028041746,0.09221353582165515,0.0,0.05743351110071412,0.003455241503361984,0.042426406871192854
-83.39319722,33.21686944,1,1,2019,254,0.11351023349304072,0.46227071033968387,0.6483408584155368,0.021515499309849685,0.09148081548034781,0.0,0.03804036950070634,0.0028442579173079434,0.1341640786499874
-89.41527778,30.54861111,1,1,2019,267,0.06584940033399123,0.25511107737462696,0.3473009998320461,0.2515687508473582,0.015314221387418503,0.025467837921591706,0.1074809797560097,0.2518767273164223,0.10816653826391967
-83.5743,29.8846,1,1,2020,83,0.07195364196515558,0.6527702215418097,0.5508331537198209,0.17801318110202738,0.08894384324936278,0.0,0.08666379948264191,0.0,0.2954657340538831
-81.6767,28.0737,1,1,2017,128,0.5406342537521197,0.006453898914226417,0.01332098362398171,0.21976813926827957,0.025743319771451712,0.019362064274460425,0.02083952898298543,0.06827342271942093,0.20124611797498107
-82.07694444,35.72861111,1,1,2017,104,0.10204932531460047,0.7125259008439881,0.8243973775780291,0.002362888302490127,0.010457825997694289,0.0,0.0,0.020918810505203646,0.12
-80.2233,27.1569,1,1,2017,92,0.9120439527052687,0.0,0.0058322499119087216,0.1412396771201644,0.0,0.0,0.0016134594151684164,0.0,0.15297058540778355
-81.83420833,32.85046944,1,1,2020,288,0.0831615815494329,0.33052208327538035,0.36263362866224197,0.2870476648925357,0.05303080584448216,0.05460791843262189,0.06952885736770742,0.014734466705225333,0.39115214431215894
-79.456532,34.745386,1,1,2017,33,0.11202427614110504,0.0064483499810342616,0.09284905205472814,0.25939516901473253,0.005826021844422475,0.43285067501603475,0.026049647563591818,0.002183178467730982,0.543323108288245
-85.3366,30.6488,1,1,2020,127,0.19748776137527987,0.48149975333004436,0.4166906113793368,0.18332274369984256,0.10530160025042451,0.016932110300604247,0.14211589721213044,0.015408062277281885,0.21213203435596426
-79.423348,34.758983,1,1,2019,148,0.27935268703100125,0.13809090679400687,0.09651694723791435,0.2889953768543504,0.007346180460107868,0.3692869623464806,0.0303831704535042,0.0016114202299591454,0.2580697580112788
-86.61,33.114,1,1,2019,266,0.0813168474550558,0.607271991706491,0.6862651708662737,0.012506294860360274,0.112127350932472,0.0,0.052892227661598464,0.06625118119443645,0.10816653826391967
-84.846333,35.758183,1,1,2017,137,0.06013925922181644,0.28253699467984283,0.6602044332959054,0.0017630704207416722,0.055493611712124316,0.0,0.04993761746079376,0.29110061750817295,0.3710795063055894
-80.7639,27.4098,1,0,2020,208,0.0,0.07040613569918872,0.06096333776754608,0.2498025864215905,8.068369145290764E-4,0.0,0.025502374631781788,0.6979772123942812,0.3661966684720111
-82.633691,35.535114,1,1,2017,113,0.4290659625273213,0.4969867721191142,0.42190202049502196,0.0,0.008181263957899662,0.0,0.0018163037744371837,0.09616617758080978,0.5316013544000805
-86.135,32.655,1,1,2020,165,0.09029191266640539,0.5532434038356997,0.6348999268306127,0.0069998882485514,0.05507408531189162,0.0,0.017731168929682177,0.1715119219196442,0.24186773244895649
-88.25460648,34.74044294,1,1,2017,32,0.04063396569810795,0.6140215619115026,0.5848775657811934,0.10468634934402024,0.06104403207157344,0.0,0.04281896241257084,0.1334167345881431,0.6708203932499369
-82.8822,29.4173,1,1,2019,258,0.05745235504036851,0.2565741185998836,0.28447304850489863,0.028770087245870216,0.10044625208340584,0.11714512522573532,0.08497765576917606,0.396104861332937,1.0331505214633536
-88.9619084,34.64020601,1,1,2018,65,0.030503375218061846,0.6240487447222713,0.6015041052297452,0.03983568972105465,0.07216690254751311,0.012228947634452076,0.05419467751718558,0.12155656085725834,0.12727922061357855
-82.87075,32.52916667,1,1,2020,76,0.25444198545684477,0.08644957319000948,0.17857746061508933,0.28244217292850604,0.17078829255958033,0.1050445666603452,0.02705923256843038,0.011388204058410777,0.2765863337187866
-79.006934,34.718448,1,1,2017,332,0.13607799006157772,0.1150252253847029,0.16831798766449832,0.24525894900069106,0.0032221888771303575,0.502124433352814,0.012038982167395875,0.003522294703921911,0.3710795063055894
-81.3617,29.9961,1,1,2017,39,0.318671170316394,0.4140321580831657,0.21936209159321274,0.3819097384193044,0.035801930350524334,0.0,0.006451368069522979,0.0,0.2830194339616981
-82.0397,27.6679,1,1,2017,134,0.04084758420779484,0.017961797951924662,0.020748276249548243,0.39820229860389095,0.4403604128042724,0.019362064274460432,0.031422225878094935,0.004840516068615108,0.16155494421403513
-79.461683,35.276667,1,1,2017,47,0.07206797147625547,0.673190714610833,0.6175726161211026,0.05716144148660886,0.053663544611691136,0.033162225767220006,0.051692385450065555,0.03943581886816294,0.23430749027719963
-81.1795,29.1197,1,0,2019,221,0.0746472635242012,0.27228092375830437,0.34151299439659794,0.5820468483458247,0.0016131940292842166,0.0,0.00472570956813847,0.0,0.33541019662496846
-83.24628056,33.03790556,1,1,2018,66,0.28003944573682626,0.5332128046930312,0.5350520462806646,0.04759578897125487,0.020940654450758177,0.0,0.004573064743472242,0.07990695851689854,0.17492855684535902
-87.343,32.015,1,1,2020,137,0.0962219300020231,0.6542964798705243,0.5584567238786116,0.13407045676838308,0.018533152943556543,0.0,0.05223927776653853,0.08953001719603479,0.6788225099390857
-88.069,34.241,1,1,2020,165,0.06267536209903696,0.5096938904476632,0.6418847262422649,0.04139450290706786,0.010998281222354226,0.0,0.02032833708262772,0.33346182038773614,0.918313671900838
-92.062,32.521,1,1,2017,44,0.7026845892186492,0.00967362577610298,0.017870245401720226,0.2136743103654907,0.0,0.11919512472658769,8.060131743643558E-4,0.0016120263487287116,0.20124611797498107
-86.060633,35.142883,1,1,2017,97,0.04847657681566011,0.23154010438386977,0.34545596054721606,0.004897231421728443,0.0,0.11957417907854624,0.0022554609637831084,0.6220460253028602,0.9261209424259879
-80.171082,34.448364,1,1,2019,146,0.07266269796129884,0.546581731316119,0.32982513247998874,0.07550247370112995,0.23972113768747716,0.08933512755392138,0.06978191375105822,0.03695209936444158,0.18973665961010278
-77.562327,34.832681,1,1,2018,31,0.42245793246438024,0.24133048458261167,0.2877094223836385,0.23216602471347134,0.0506435870303394,0.1357107885717896,0.020967512674321273,0.01109654595132429,0.24738633753705963
-83.916383,35.0462,1,1,2019,258,0.11900970579314535,0.819545546456375,0.7319976266382566,0.0010295012503613618,0.009454703975840436,0.0,0.005142752446598138,0.04498960709118592,0.42
-78.922124,34.796199,1,1,2018,98,0.16853421594512316,0.21621041195568422,0.1292545338479975,0.40059802669386596,0.02118665487173006,0.34242385947175524,0.017723998483508148,0.0027328446859598123,0.30886890422961005
-82.23086111,33.27866667,1,1,2018,17,0.04514244527901068,0.2996472060999205,0.46877858207140416,0.10682066499246416,0.07151615512969611,0.06709498407240735,0.04798819335591849,0.26688830459624824,0.6906518659932802
-84.53444444,32.29055556,1,1,2017,301,0.06553128002832144,0.6851514691751377,0.6946693280160288,0.057910139508445986,0.10141317849794078,0.01128393477443193,0.09900151400693473,0.018262906197946134,0.23430749027719963
-82.6147,28.9382,1,1,2020,116,0.15241927320579002,0.027824172487093828,0.18223439006307982,0.488813880110219,0.007407782283317618,0.0,0.0024386849446788573,0.010969337727816183,0.19209372712298545
-84.61144167,30.75385833,1,1,2017,81,0.022854324235448864,0.4423646067842056,0.2918829449219529,0.2104675556059173,0.029232831837700094,0.39613095802740866,0.07032005919292723,0.005644197385645718,0.5408326913195983
-83.71848333,31.83691667,1,1,2019,138,0.1258124067470855,0.19579950939483604,0.2302888877762453,0.1793222281394628,0.03527872086186295,0.42958481118297515,0.006821817170241957,0.006448798437114732,0.24186773244895649
-82.63988056,31.86810278,1,0,2018,239,0.15859888720283258,0.27998229640870015,0.36879770509778226,0.15897417223500093,0.08023557602637747,0.19857680720511123,0.0766191109944963,0.042133082119678464,0.12369316876852982
-84.44194444,30.31694444,1,1,2017,115,0.04832078932388843,0.31750047435329837,0.4271978848945103,0.4857639660049208,0.04744482846942681,0.0,0.05871155226551904,0.0,0.6661080993352356
-81.13205,36.15183,1,1,2020,192,0.2934547797415263,0.40753186704902905,0.471560469277141,0.0021620622000890276,0.005636836171751395,0.02661155093520953,0.016250509209990296,0.13867880139073532,0.19209372712298545
-80.7526,27.294,1,0,2019,210,0.0,0.007734960502329347,0.005034283241076109,0.19937786484632647,0.0016134134767478638,0.0,0.004033533691869659,0.7651755773489398,0.34205262752974136
-85.358,33.658,1,1,2018,257,0.051094060094300266,0.356950536601398,0.6409850022193844,0.002479744957851918,0.20273391706612667,0.0,0.08600210447152806,0.055616821868808675,0.16155494421403513
-79.476168,35.136435,1,1,2018,138,0.2830934842760939,0.4623422239630056,0.4197221093571547,0.09362005777343843,0.14250478458322025,0.012885214216686359,0.035251166933003224,0.06560721571996138,0.12369316876852982
-83.45824167,31.15808056,1,1,2019,239,0.06277193159971668,0.23135687544267936,0.13074254278122607,0.33504233989570953,0.014369860285120802,0.16518857872754816,8.884336061867866E-4,0.008868527634711517,0.21213203435596426
-90.7898,30.7604,1,1,2017,95,0.012900777841016878,0.7647378739012202,0.5365095359935573,0.17705098981903317,0.054585580857104875,0.0,0.009928100318078621,0.04700987118764107,0.6029925372672534
-82.40166944,33.56533056,1,1,2020,94,0.01611455871386863,0.636999026807042,0.7472870035526162,0.012482943448843492,0.1384898792333117,0.0,0.011438393822003432,0.01787801995715343,0.4080441152620633
-80.825328,35.985616,1,1,2017,46,0.06152738480194017,0.4806361156022634,0.4133088497605377,0.001144509336467555,0.005684635378012463,0.21882372261505867,0.0048319400713105936,0.2736551889667544,0.20124611797498107
-83.36103611,32.20619444,1,1,2018,131,0.024969657125518355,0.3141625366643067,0.23886261724259464,0.20804716455861358,0.02010961987065615,0.43715506723225644,0.011363420848005163,0.0,0.3841874542459709
-93.3944,32.4082,1,1,2018,224,0.08835580060193732,0.34291459065732555,0.3498516532058027,0.16285428638036348,0.03896227041275923,0.0,0.06850873782725368,0.06609078237452709,0.06
-82.14861111,35.75083333,1,1,2018,116,0.04783685434145355,0.9489411705246132,0.9655409045108305,0.0,0.0016108298300416607,0.0,0.0095512733451882,8.054149150208303E-4,1.7557049866079437
-77.470076,35.35763,1,1,2019,141,0.12213634411861277,0.030385693718269297,0.14421359676651543,0.30064170398737833,0.06451612903225806,0.49004770781333923,0.04444409339357366,8.056617484439669E-4,0.7523961722390673
-85.32965,35.757067,1,1,2019,262,0.07856294386736423,0.8388935223797609,0.81068648748894,2.5771515804761064E-4,0.026844005344164843,0.0,0.024734134115796547,0.05303104479686171,0.6037383539249432
-92.2089,31.9237,1,1,2020,272,0.18171817308178645,0.6102751504729147,0.5868012566860065,0.19679314446629279,0.08236000695421286,0.0,0.09208642189944842,0.01017843877921955,0.2954657340538831
-81.95948056,31.72954167,1,1,2018,61,0.09978373866525019,0.33997293571600196,0.21371105807333277,0.36753663121767227,0.05013751462080739,0.11630259539088926,0.08966269402206557,0.1408307779850157,0.24
-81.8651,28.1635,1,1,2018,9,0.4492254733218588,0.006454388984509466,0.02175736198818602,0.33457233077790177,0.007260475489963462,0.019861117701956692,0.006409465508786917,0.2670399721602683,0.23430749027719963
-80.2841,27.1414,1,1,2017,95,0.7089652378661672,0.006456186545813608,0.016273505865772173,0.22418923557147608,0.007263761584038082,0.016141692408973514,0.0,0.06945358788676761,0.17492855684535902
-79.195445,34.818459,1,1,2018,128,0.5151511323876771,0.08286071568416933,0.0984950530079987,0.2568917979757139,9.478583141392025E-6,0.3125341623934054,0.021645924367225587,0.002417038701054966,0.6627216610312358
-80.046919,36.040973,1,1,2017,33,0.47719236209335225,0.1868180440493029,0.320498854572665,0.017925659896502275,0.010027105407813186,0.03674393919290333,0.008043166467640948,0.20684143020515453,0.1341640786499874
-79.341953,35.988082,1,1,2020,236,0.10873990163975875,0.6459789878250753,0.5279579308417717,0.0028327051626885315,0.004027316259618181,0.0024163897557709082,0.04589561196255071,0.22625936548447828,0.21213203435596426
-82.59187222,31.96506667,1,1,2020,266,0.03010067283856934,0.4671927960742654,0.32343216130213426,0.4853083080632863,0.05391958528258945,0.12036287773422681,0.06563092679226197,0.002418131242887849,0.33541019662496846
-82.8167,30.3373,1,1,2017,28,0.08060128304083206,0.4926674342979335,0.42682770120548236,0.1769253418434148,0.0839338622414616,0.005166814756726501,0.09695840935465404,0.13408738051345614,0.12369316876852982
-80.395407,36.434141,1,1,2017,60,0.08732984822082479,0.7283001237467481,0.6675853587926412,5.153433373937671E-4,0.016341355568189,0.012033352283494413,0.027386141115532822,0.19252416145537243,0.23430749027719963
-90.4413,30.7065,1,1,2017,60,0.01589750724051145,0.7215470032503255,0.5343100653785219,0.14517886519398066,0.016931682006886505,0.0,0.03928909068488735,0.05658438491040914,0.24
-79.958725,33.373089,1,1,2017,30,0.07741030114541457,0.2421047308402236,0.20600344310658203,0.3459659784666802,0.012423773262978288,0.12143511643337856,0.05678536446649182,0.04834907895984073,0.5604462507680821
-76.312312,36.385251,1,1,2017,40,0.15116425901606226,0.12669209011011215,0.06983579075434401,0.3348138657052219,0.0,0.48585552291607426,0.0016109163271107742,0.004027290817776936,0.03
-93.6501,31.7536,1,1,2017,27,0.04854700422367789,0.6173271959331293,0.5153669252645537,0.23396356768988089,0.10226177116755444,0.0,0.0531318655265612,0.06579209407450728,0.03
-80.9432,28.8158,1,0,2020,174,0.02056753746456055,0.29591940056703114,0.40272667925082123,0.4928508170422515,0.002419997722355086,0.0,0.09226992622961197,0.018553315871388993,1.0396634070698074
-77.88581,35.996018,1,1,2018,165,0.3218160005051462,0.19525162593925618,0.19401083050915133,0.1996908600588469,0.03744274929719827,0.18051738842035436,0.010142455541868031,0.09998736536214031,0.2765863337187866
-78.851604,35.522038,1,1,2019,324,0.10740941868835481,0.4891959132642107,0.48715168041365314,0.02674320239249104,0.08051448407872672,0.11765096070931086,0.05056082175944207,0.09467479918759025,0.18248287590894657
-85.02525,35.794967,1,1,2017,45,0.10921449960200644,0.6516229294856406,0.6766068165647944,0.001159709420781993,0.014121295962907515,0.0,0.011641936237816394,0.19757496509945863,0.48373546489791297
-76.241517,36.548683,1,0,2017,201,0.03058529125538718,0.16694260834397076,0.08389582175516594,0.4793174354569797,0.007645907023749373,0.46034297625063186,0.026806467913087433,0.009187089439110667,0.9642095207992918
-81.72141667,32.26319444,1,1,2017,25,0.14240902594199423,0.16171057790819757,0.1717146993810675,0.34017468065986434,0.03267610263671936,0.284011530510971,0.016072546131526214,0.051628115734975256,0.24738633753705963
-82.64025,30.6485,1,1,2018,65,0.04305414979757085,0.5916624493927124,0.3733295358946483,0.440616034937785,0.03305782510813753,0.0,0.028087294159309963,0.02250651354564543,0.6356886030125127
-79.407352,35.296191,1,1,2020,57,0.07377442924683338,0.41307865395798044,0.5348564301193518,0.05621199501892161,0.09687802042995126,0.11892202631761814,0.04091675774019721,0.08806863048573248,0.10816653826391967
-81.067817,36.29185,1,1,2017,65,0.08211266003564073,0.5153242420029576,0.6408241838750587,7.730513295977604E-4,0.01143613325416578,0.004832168980633428,0.030603736877345043,0.3524546155109468,1.0465658125507447
-76.752186,35.85036,1,1,2020,200,0.5273857505654035,0.17136467585631798,0.12745169872434609,0.4081996579054415,4.4209083703584425E-4,0.20762164603049793,0.0032209475269754364,0.0023746593532211063,0.5341348144429457
-89.37083333,30.49111111,1,1,2019,208,0.0745449255562724,0.32422551958812457,0.38330913487562684,0.23226674626020022,0.02642845849802372,0.0,0.09051067193675891,0.18786403162055335,0.46861498055439926
-79.465096,35.278948,1,1,2017,47,0.09051255468177102,0.7056161023592181,0.6229414487995409,0.0508774997776178,0.06006059131819283,0.03156561268942683,0.04958505372030059,0.036048359327366844,0.16155494421403513
-82.44943333,32.59683056,1,1,2017,78,0.04618049847624587,0.5034584792807375,0.411383398969642,0.22580457573054563,0.06423819081182738,0.1484836512476888,0.09264661725429463,0.012336235915103438,0.10816653826391967
-82.0618,30.2072,1,1,2018,127,0.07206944989306639,0.17378924589666037,0.34146761003027876,0.2744621486733631,0.05028855123563173,0.0,0.19739750502000095,0.1946463863898683,0.40249223594996214
-93.07294646,31.06775554,1,-1,2020,76,0.06274663563695233,0.7617752706668015,0.7094422884706435,0.0642969726890501,0.05980417263412154,0.0,0.04628215707289624,0.0,1.4252368224263643
-82.72137778,32.46943056,1,1,2017,42,0.09044692313529103,0.4872524470748921,0.4089484205144748,0.16060492204594556,0.13377857709533764,0.1423568419089642,0.1284716844563991,0.03485038608513154,0.15
-82.9609,29.571,1,1,2020,66,0.39702459265256557,0.2066465944742435,0.47627851812272326,0.13813475576712606,0.026083408712813692,0.04295365268930796,0.040755523787233815,0.07117509757162112,0.3612478373637689
-85.375,33.819,1,1,2017,78,0.059233978005309045,0.742472506636329,0.7447458180639819,0.01137864739286514,0.10804892614629182,0.0,0.04968133545249734,0.007997421613576973,0.34205262752974136
-81.1296,26.7968,1,1,2017,97,0.0,0.0,1.2909653687148974E-4,0.28501832158301726,0.005649055958883727,0.14797361875043502,0.0,0.0025159660993347693,0.03
-82.5824,29.3297,1,1,2017,76,0.08267641811441086,0.44004251496248337,0.2589484187926284,0.12763005359158777,0.01743044112205105,0.37265909903185324,0.051582845991567886,0.2065401317641404,1.6954645381133748
-82.78888056,31.45280556,1,1,2018,260,0.05981306047076381,0.15712786006096402,0.2591538666968795,0.23727977712676432,0.05464627719272734,0.3733145330327816,0.05310347225954534,0.018542112567853392,0.19209372712298545
-83.74695,36.40855,1,1,2017,52,0.040864534384316094,0.5610631094942145,0.531952755101886,1.288386984967303E-4,0.09026455327225584,0.0,0.019381203674754533,0.30563687639548126,0.80049984384758
-86.364,33.733,1,1,2019,260,0.01687630364705139,0.7957524808798433,0.6191765087716988,0.05756734102906578,0.08173989982777956,0.0,0.07709152960136506,0.08427738541024783,0.10816653826391967
-78.610956,36.303432,1,0,2017,136,0.5679675454338649,0.2153527285595126,0.4544795413470276,0.010258252504690058,0.004882547262173205,0.0616350532785073,0.006442688496011215,0.16445909840259215,0.21
-81.6887,28.0204,1,1,2020,179,0.30943549101773654,0.011963691146868547,0.011850803575992878,0.12703703085085968,0.009272880857243196,0.017663082165127523,0.008896397465222746,0.19038986595293017,0.10816653826391967
-82.2774,26.8921,1,1,2020,363,0.792705313398068,0.01292585043487068,0.029827557141345634,0.19972804420142337,0.0024206869055077764,0.0024206869055077764,0.01179966205312222,0.005518533285236029,0.4326661530556787
-81.4042,30.0214,1,0,2018,193,0.211743119266055,0.13600759253400824,0.1349143387371453,0.6129376789142054,0.012583449553934265,0.0,0.0254357086610438,8.0642865952582E-4,0.3612478373637689
-93.2041,31.666,1,1,2018,127,0.10335757192538729,0.6740815681315206,0.6391071601981029,0.12309574580001938,0.14587739180188458,0.0,0.10237054317967001,0.02531129382533404,0.6328506932918697
-82.90068889,31.53528056,1,1,2018,19,0.0402038648320518,0.30205382436260625,0.19666993738430244,0.20815521409713006,0.07743324366103238,0.304811008513073,0.02257086588037441,0.012897637645928235,0.2683281572999748
-82.5359,29.9502,1,0,2017,130,0.02996671770795105,0.33572088432188923,0.2924330267134226,0.1675661536546728,0.001612745113540418,0.15032049356324964,0.02630671882263282,0.30345854770721403,0.45099889135118726
-84.97164167,32.13812778,1,1,2017,78,0.01919380942747319,0.5310034392069591,0.6691983019938529,0.06819080620903037,0.07644141567074306,0.16643329234795634,0.08942924965151892,0.011284148773757555,0.6708203932499369
-81.51696,33.439167,1,1,2017,49,0.04764915652899667,0.45837021674802086,0.3843624790501206,0.07684125110279154,0.10956938857411912,0.13683691623190514,0.17957258016096977,0.04374369977595693,0.543323108288245
-76.379674,35.525289,1,1,2017,86,0.0,0.44469577304606056,0.25686350607821024,0.5102821203190508,0.005637210007389955,0.06994561750345811,0.03704452290570542,0.0,1.2997307413460681
-82.452385,34.35532,1,1,2018,251,0.13533806074854945,0.42397583203771794,0.522921468720935,0.00821960046908488,0.08046027854308312,0.0048340621287566625,0.018584283294997835,0.2918952051158909,0.30886890422961005
-80.093812,35.56854,1,1,2017,350,0.06381983849157702,0.6977593549773151,0.6022063486849584,0.002061819201702013,0.00616796573984007,0.07822231205548329,0.022906428833108054,0.1914280119758967,0.6708203932499369
-78.761479,36.291918,1,1,2017,48,0.05039459561841027,0.6258349643285563,0.6692600201499425,0.004669147851464407,0.04318348322554568,0.009410367825383995,0.007364086499595799,0.20223764652384807,0.06
