lon,lat,label,cause,year,doy,nbhd_dev_1km,nbhd_forest_1km,nbhd_forest_5km,nbhd_wetland_5km,nbhd_grass_2km,nbhd_crop_2km,nbhd_shrub_2km,nbhd_pasture_2km,dist_water
-76.68075,36.3623,1,1,2020,87,0.06819934025100795,0.15720225982988076,0.23181326923844522,0.29708374660017983,0.013535449234170228,0.5100615821885364,0.020950576346123493,0.0016106110847939374,1.0062305898749053
-80.7065,35.1075,1,1,2017,322,0.5633621180129721,0.4071156739534473,0.162901882459488,0.0034745245334282075,0.004833603973032913,0.0,0.005639204635205065,0.04392261178893895,0.5660388679233962
-88.74211487,30.73423083,1,1,2019,268,0.029026383021779272,0.20207168694508387,0.2804477735009508,0.6185826306414959,0.01830363353526667,0.0,0.01892966902325817,0.02784593203404622,0.21840329667841554
-81.472694,35.062088,1,1,2018,13,0.061912463357929846,0.7420145557464873,0.6830156562557803,0.003984567130656806,0.06164076320444779,0.0,0.07692696487237803,0.07683851402577707,0.5307541803886239
-88.038,34.306,1,1,2019,117,0.0886248736097068,0.8277679474216382,0.7973909069954587,0.03591850021634607,0.029842022116903632,0.021677725118483412,0.008862559241706161,0.05755766192733017,0.9567131231461186
-78.012936,35.302129,1,1,2017,142,0.30544916764627816,0.14690379583633537,0.12330814224391053,0.23583317077213692,0.07311972656311697,0.14431250651529076,0.09680853416223625,0.01566512826830678,0.3710795063055894
-80.313911,33.362354,1,1,2017,101,0.12186302893915066,0.5315877972615901,0.3237338780215282,0.21676180171799236,0.00603812454777259,0.21044965227859413,0.07948459504121781,0.03864905257370713,1.2256018929489296
-88.51512976,31.52827844,1,1,2017,32,0.14760712298274903,0.07425254211564729,0.38140655378844734,0.3580538521766047,0.01620500629105786,0.012898249252344143,0.014412529005254153,0.17363003521727874,0.19209372712298545
-78.691142,35.329569,1,1,2017,298,0.17366320628425652,0.3795433305549242,0.22741108388288162,0.18285662593550372,0.05868583162217659,0.11903964618543678,0.0376370241667983,0.025003948823250674,0.21633307652783934
-78.599358,34.345641,1,1,2017,98,0.08720643783872556,0.3356999380977046,0.3812128892162074,0.1922065016248251,0.04091170503883567,0.25150255006920297,0.0857670115211306,0.0016115678975674823,0.5341348144429457
-84.21140424,35.35040677,1,1,2020,186,0.02845626050367075,0.9715437394963291,0.9473697775715868,0.0,0.002416427919376594,0.0,8.054759731255314E-4,8.054759731255314E-4,0.63
-81.7461,26.4049,1,0,2020,138,0.0,0.0,7.427295284857278E-4,0.591807090814,8.07002886222087E-4,0.026599448073320167,8.07002886222087E-4,0.006456023089776696,0.5954829972383763
-84.8862,29.7298,1,1,2018,115,0.2649745679074828,0.006452918996887416,0.004128725149856023,0.11023594955871714,0.008086628442035289,0.0,0.005240337633340819,0.0,0.06
-84.31386111,32.556275,1,1,2018,44,0.02579339992413706,0.5949298267796183,0.32073393660353317,0.06061576037076088,0.2383977647345148,0.0027624745956641157,0.05392830841100817,0.046408941061940746,0.66
-81.267513,35.356533,1,1,2018,91,0.16511907017876318,0.36715305413429344,0.5163220823535534,0.003866055577202097,0.006232094179483048,0.07217921140160523,0.009147564492540752,0.29221983214724545,0.12727922061357855
-84.01888889,30.92861111,1,1,2019,260,0.08816684794981411,0.28039865428882216,0.36878510260850067,0.3117872934311237,0.010285092780832356,0.2404460562218014,0.011287359737956198,0.0016124799625651712,0.06
-93.6651,30.4236,1,1,2017,343,0.04852133876394543,0.5950188469225123,0.43086282850071966,0.3611625996353534,0.10038671080798217,0.0,0.09491331417170218,0.10867111241806511,0.45099889135118726
-81.552628,35.104553,1,1,2017,65,0.09376579399575458,0.7187152532093399,0.5891490419798412,0.007603615368753871,0.03624790725589917,0.0,0.03596676880310832,0.12166345515999623,0.12727922061357855
-80.921272,33.728798,1,1,2018,235,0.06292345029831123,0.4553291536050156,0.36669792601392753,0.26460978476549146,0.06597740084430852,0.027718091963902024,0.10129174144948057,0.02050734346166486,0.10816653826391967
-79.718576,34.881893,1,1,2018,118,0.6528155045419515,0.16553170522166488,0.2868355034274748,0.14719697015640443,0.13717830084102087,0.0056373346302887525,0.013807522130880911,0.026165443928259,0.2765863337187866
-80.142781,35.489837,1,1,2017,61,0.17203581395936204,0.5057016934597851,0.5933512056214326,0.0014174863746964784,0.02093048236468642,0.0,0.09812526064374273,0.07134056185312967,0.03
-85.896,34.434,1,1,2017,100,0.09578515007898894,0.1487519747235387,0.2495267537658775,0.0012899592945054912,0.023743175614194735,0.03572376402790418,0.02263737235870995,0.534592685269437,0.24186773244895649
-78.960028,35.232226,1,1,2017,54,0.3149499898969488,0.5394145281875125,0.5166164577196194,0.11141383037916726,0.09829783469915143,0.008861495302301776,0.027115227871535166,0.02913394284414509,0.12369316876852982
-82.034153,35.224839,1,1,2018,119,0.05346647285596917,0.5049105732162045,0.5227694380555143,0.020198788790321637,0.017540479243924184,0.01536726661654802,0.04864774371252951,0.328000328508886,0.6801470429252781
-77.311272,35.537239,1,1,2018,85,0.17405634763281863,0.08199578213595671,0.11214732730502103,0.20110409576578012,0.006366267313719544,0.46464904964108805,0.03664000101102012,0.0056395966029724005,0.5474486277268398
-82.1242,27.6284,1,1,2020,183,0.02905225863596102,0.022586359610274574,0.019039606877218992,0.36293750752948817,0.015354242269884112,0.09137245348325843,0.009314421850924959,0.3790976021058695,0.45
-84.41428056,32.377175,1,1,2017,73,0.02820765690588177,0.652189854852577,0.5408747751570044,0.05612364354629177,0.12312448044908163,0.1324266149143906,0.10137208853937839,0.07350361433597044,0.42107006542854597
-81.55316389,31.72268333,1,1,2018,262,0.04623751106614392,0.6232578727709625,0.4087301848211294,0.3763835790753531,0.011553805010969,0.0,0.060952248487415685,0.0,1.5831929762350514
-79.788904,34.959079,1,1,2018,88,0.4234204641643401,0.47270476166411907,0.4575490434889839,0.05708440766259986,0.11109216256588572,0.004026565860406069,0.055263432149996704,0.021339220014716713,0.4459820624195552
-81.425179,33.095856,1,1,2020,50,0.0354748956620716,0.3087137979005946,0.42240432157597624,0.20034664831628338,0.20500706310656605,0.11075962368021035,0.12456665392041916,0.010621521775541742,0.4459820624195552
-85.356,32.293,1,1,2018,61,0.05009419529402839,0.5898142645813049,0.6318511213937142,0.13375407722066304,0.06973870112301307,0.0032239609837506045,0.07141389653613839,0.05759827549694829,0.3
-84.86134722,34.06678889,1,1,2018,137,0.02624260504626586,0.8459827071851141,0.6934118018161931,7.734288273605754E-4,0.07768432094942587,0.0,0.017852290464665105,0.02454768931327136,0.24186773244895649
-82.41295,36.5129,1,1,2018,100,0.25054006594489425,0.23866493171797812,0.25369097745348573,0.001030674697845587,0.0032209576980888974,0.0,0.004831436547133346,0.5226698581515492,0.7061161377563893
-82.480417,35.346756,1,1,2019,322,0.8036898970114362,0.17265432488784987,0.2380521859011547,0.015849223659926456,0.007802357133154968,0.0,0.0,0.06718556026926034,0.5770615218501403
-82.6014,29.441,1,1,2020,77,0.5924403233355683,0.24463953650175205,0.27591020894338175,0.03831598505675063,0.027421609620019348,0.03094182317331595,0.09688019887783306,0.10684306742489896,1.4103191128251793
-81.431686,35.249102,1,1,2017,345,0.2635655975939546,0.39042636540551484,0.4031879516854498,0.012030626168696617,0.008155890593560571,0.0016109621234376033,0.03395655456265537,0.3791320388778859,0.579396237474839
-78.088133,35.781,1,1,2018,37,0.1456777015155537,0.22566455576201117,0.1612890837585087,0.15376856947519096,0.029143478013682642,0.4655660347561327,0.013805802795904067,0.06449972521051406,0.30886890422961005
-82.09361111,30.94522222,1,1,2019,117,0.011661586329888814,0.5032189519750068,0.4667431163655809,0.31614159347543797,0.052614106309519314,0.0,0.05730293027785158,0.027687141935728656,0.30886890422961005
-80.338402,33.175537,1,1,2017,71,0.06063594411783296,0.483709463303622,0.24577695912742614,0.5355780038335896,0.05792017092234226,0.07522732229038472,0.08637772952677146,0.019326740433816592,0.618465843842649
-78.431753,33.95031,1,1,2018,17,0.3039737191231284,0.2734601048708067,0.39304308263930116,0.21357210560238593,0.026311631346424894,0.14764345622207195,0.03753025869206607,0.00161169012571183,0.21213203435596426
-80.192958,35.298269,1,1,2020,99,0.10722366175820008,0.36972761170448076,0.4545159586699384,0.0033506763261830362,0.02935899784584869,0.1769341562486182,0.0032217512429010935,0.2999608336123413,0.12727922061357855
-89.37555556,33.95027778,1,1,2017,96,0.05627251469380017,0.5848448461100927,0.49469274434936666,0.10016373959186939,0.011574008246836345,0.22774855048422515,0.021119484335750515,0.06622430762911355,0.09
-84.5436,36.7264,1,1,2019,271,0.11331219284171162,0.860914936894369,0.9214253849841898,0.0013201190077433852,0.0024156648762326993,0.0,8.052216254108998E-4,0.007332253389035722,0.03
-84.28126111,32.05720833,1,1,2018,81,0.15933892239798694,0.5393447390716084,0.4254195784037359,0.1088334744318383,0.023717401612138443,0.3082440335071912,8.060692271218583E-4,0.007390548443180018,0.39
-80.124749,35.419685,1,1,2019,33,0.1927971188475391,0.7024830985025593,0.5591576030103369,0.00428293768590982,0.017056942829702278,0.00725054339584492,0.021985416771975942,0.09214982560784517,0.3059411708155671
-80.176772,35.344256,1,1,2019,150,0.7627932241072216,0.17792403016560765,0.3928219127685682,0.004252517146512988,0.013589111021963064,0.04502853966017747,0.020153074923320396,0.055323033574770135,0.4883646178829912
-82.5538,28.6799,1,1,2020,83,0.5066443921330395,0.22470701394689535,0.18280958610515774,0.396187724097096,0.009733152820305192,0.0,0.06250474479338011,0.007259533871498348,0.3244996147917591
-80.1435,36.188,1,1,2019,91,0.20389195469067678,0.49181073128843655,0.4964976137088208,0.015292372457460549,0.010348749052312364,0.010591988880465005,0.008838766742481683,0.16440169320192077,0.6847627326307997
-79.090702,34.506186,1,1,2018,89,0.16805118284464327,0.08490434826587763,0.07419049929740501,0.3273632972431993,8.056515667553407E-4,0.46632376450962654,0.02671919725509771,0.0,0.37589892258425006
-93.03333333,30.01666667,1,1,2018,79,0.0441554169460646,0.009678766178721895,0.0013488223607022167,0.11421024325854427,0.03578340838941456,0.44704118807873294,0.0,0.31684207863178665,0.15
-78.284933,34.324509,1,1,2017,121,0.10527246992215143,0.40025022747952665,0.43362548254156164,0.20224715125457016,0.021625105850532733,0.1383134692433109,0.11392993010705124,0.004028639678467159,0.8160882305241266
-81.4195,27.626,1,1,2019,116,0.265937654250674,0.0,0.043709695380597074,0.3062513287237164,0.013714274867602676,0.016855745442811317,0.017747885122779933,0.5205698304934611,0.8254089895318563
-88.78305556,32.81194444,1,1,2020,321,0.04199066874027992,0.7408362730594642,0.5485704837328115,0.15422554511337105,0.09284303345395932,0.0,0.07023909230258686,0.10266588707510942,0.8077747210701756
-84.47128611,32.96338611,1,1,2020,42,0.06682514193230236,0.7226219226927304,0.6999684992230993,0.038792979220105495,0.0022786026256075764,0.0,0.005208234572817318,0.19918652938164877,0.06
-81.67004444,32.20838333,1,1,2019,279,0.05266351477764009,0.33996157055090614,0.2872413807054026,0.3713351309582567,0.025974805987134315,0.07164962303813881,0.1552988035214719,0.021764213121750007,0.18
-85.265,31.091,1,1,2020,214,0.060754755159854304,0.23579775394577085,0.14902597139827942,0.26180812405409565,0.0016124952573668904,0.379628809915265,0.04269002149993678,0.09441633995194135,0.6037383539249432
-78.767367,36.422046,1,1,2019,253,0.045089116420174435,0.7526861332322083,0.7018615338909916,0.01932874838068175,0.04045125510062285,0.0221363871799083,0.0024160844903167145,0.11886819864320285,0.5692099788303083
-80.298866,34.005138,1,1,2018,124,0.08794096836146774,0.006203881532396647,0.10787456467130369,0.38312059584359326,0.008864463771047179,0.5526590231076505,0.0024175810284674123,0.011139834150781215,0.42107006542854597
-82.4033,28.7036,1,1,2017,96,0.0540082252451756,0.8632711167352108,0.7121482178733919,0.007097636145566067,0.016046637418114067,0.0,0.030945052998503822,0.104576755308549,0.9895453501482385
-82.6721,30.5827,1,1,2017,84,0.055297674006804694,0.4282154737361345,0.2878747485151198,0.5161792611036549,0.1567866685639298,0.0,0.11269743395152489,0.0,0.6977822009767805
-87.022,34.163,1,1,2019,272,0.03332827784939713,0.6977073380349336,0.6171047483477784,0.00415671256254278,0.020489860915392823,0.0,0.004906824055760224,0.13651587055842368,0.18248287590894657
-79.912178,34.547596,1,1,2017,363,0.07910276025136875,0.3061438668807768,0.38929710707897003,0.22187485625872871,0.08308216278379112,0.17343721368137038,0.0633234128864709,0.025616236675323357,0.16155494421403513
-87.303,32.363,1,1,2019,255,0.04739144728523378,0.13137597046253444,0.25455452944704415,0.47384299831806287,0.004030053133484844,0.006536588141213065,0.008866116893666657,0.10608364177726927,0.7111961754677818
-82.43126,35.497474,1,1,2019,335,0.13096215806431236,0.5727083201718368,0.6097358218247678,8.95484976875061E-4,0.012082254090593221,0.021053130330406233,0.0024417208920336103,0.3098237412344432,0.22847319317591727
-86.631,33.482,1,1,2019,245,0.06769398022905973,0.6844613556493817,0.6781945429606984,0.003560741147819544,0.008642482462238517,0.0,0.006288314478923089,0.046160652215129896,0.03
-79.785118,33.696991,1,1,2020,134,0.14493413234215782,0.11317606007737237,0.13471097650797892,0.42375620589021845,0.010395634465477959,0.17482360598965488,0.048135895272672105,0.017400838602245325,0.5731491952362839
-79.486169,34.687294,1,1,2017,37,0.08584888978705132,0.1715967363023215,0.138775464814049,0.3551092392628485,0.028895798181255154,0.36033960857173536,0.06769421325699404,0.005640131192295293,0.36249137920783714
-80.694771,34.998444,1,1,2018,19,0.6354177202386972,0.15090522908870238,0.4024951544878166,0.017208327963469782,0.02300241365801878,0.0662113151276964,0.010472874780432942,0.19566426143328322,0.21
-82.8837,30.3452,1,1,2020,91,0.04302462343969345,0.3413387967775797,0.4114717001749913,0.19321101669320134,0.008547495043211817,0.028207049865131117,0.03314328359152906,0.23294532828642187,0.6854195795277518
-86.969,31.509,1,1,2019,152,0.05230072601249651,0.5115858440211479,0.6794733740829443,0.050108364966124926,0.017441419340153516,0.07497249585857181,0.01931296551549716,0.2266499323461349,0.31320919526731655
-79.250467,34.827166,1,1,2020,92,0.07290192113245701,0.047282608695652165,0.05997671101748793,0.30642498956342246,1.4213473741396898E-4,0.4889561309029345,0.014450364970420177,0.004832581072074945,0.5408326913195983
-79.09733,36.361488,1,1,2017,326,0.054803352675693084,0.6205484127887128,0.5914058465869645,0.01134444822822889,0.012144316807165937,0.035147453167787404,0.036856185389549885,0.21200281735516047,0.18
-80.020714,33.443733,1,1,2018,80,0.043793774810993974,0.4013249386836584,0.2369810244693389,0.47725095216402724,0.009254810731534635,0.15583672592105602,0.11148759703643772,0.04932738260803604,0.33541019662496846
-81.4535,26.4365,1,1,2017,71,0.7094822129383465,0.08527661729332826,0.0190999699260911,0.29981662003691933,0.01040235959821005,0.00669016981765015,0.011415062692650944,0.1454051761786915,0.21213203435596426
-84.81876944,31.07625833,1,1,2018,125,0.06544727787897187,0.08992359846184983,0.08889831983101193,0.15411564515737428,0.024382532596461483,0.6024275036991127,0.004802524249743904,0.00520721358744451,0.2765863337187866
-81.9125,29.8633,1,1,2017,61,0.0701359183983396,0.46920954719177893,0.5499364767276126,0.14428915409061038,0.013962284438456853,0.0,0.06318605732284664,0.18327751582023294,1.1788129622633101
-78.787625,35.458939,1,1,2017,58,0.25720239974739517,0.11047679191664042,0.2655715585203153,0.14562411562563157,0.08202515492833183,0.3470268289755463,0.004185118036121516,0.017580654331360274,0.28460498941515416
-76.400573,36.388748,1,1,2017,52,0.053047347000682504,0.22632017998432705,0.09493838768693497,0.29208010585929584,0.002416290536037473,0.5367197197734689,0.013082712941525767,8.054301786791576E-4,1.4727525250360294
-81.97788889,33.00858333,1,0,2018,138,0.06716889551786032,0.08995879363955811,0.24052410914187616,0.2916062446530313,0.12779540598965908,0.2264800323628687,0.10069466391919399,0.07286070060553963,0.5531726674375732
-83.2644,29.5003,1,1,2017,67,0.06326006352580894,0.4014147779760322,0.20989046742231854,0.6228263119039706,0.07754318496638181,0.0,0.014737601123346763,0.022210766671515947,0.042426406871192854
-89.02528853,33.82513408,1,1,2018,258,0.0822863210051318,0.18364638369947156,0.3476426635929787,0.16989302758230188,0.004834443991544462,0.12168263929044262,0.010474628648346335,0.2915106531555016,0.03
-83.71625,32.77938889,1,1,2019,149,0.3660605907343721,0.08322375075864863,0.25604871638120164,0.22297007914945552,0.02603674474318817,0.01139700188685804,0.0,0.005442495077418066,0.8357032966310471
-83.66040833,32.96443611,1,1,2019,85,0.09427975475633654,0.7392832311484739,0.7474514884035834,0.02761964137546059,0.03955930735657101,0.0,0.054226939012866134,0.08561017158063398,0.0670820393249937
-87.624,31.004,1,1,2019,267,0.17380416361014842,0.31362406091113737,0.4617530150527538,0.2404358510284212,0.06912327294571434,0.036981883714312797,0.06057731828385339,0.11778115021025001,0.27
-81.414505,33.240707,1,1,2018,118,0.3023523314752317,0.3411196642776788,0.3126452333137162,0.20063280771260933,0.08056681825220503,0.10207216061535929,0.0515464569118897,0.02951651692459382,0.5580322571321483
-81.67170556,33.03486667,1,1,2018,17,0.03223441371289883,0.13685088739444812,0.18869600698561373,0.24259586131716446,0.06760720064724922,0.3470842182443367,0.13303688814724918,0.00967081310679612,0.16155494421403513
-85.728,34.327,1,1,2018,90,0.06983505024331671,0.4959236554382864,0.46143771555547936,0.001519471834421042,0.03383757961783439,0.04578025477707006,0.019866545344252348,0.27689629461126275,0.23430749027719963
-82.74687778,30.66136389,1,1,2018,48,0.04594779177416906,0.18991248039662062,0.29392532607304506,0.44409825873478126,0.037121473222896426,0.0,0.15388652971140743,0.007256710480966549,1.8250753409106155
-84.19535556,30.94478333,1,1,2020,131,0.06741459342549612,0.3607882321692827,0.28510958379554946,0.1594859397770942,0.0123689044729778,0.42267063365341134,0.024914868928186364,0.0038858342528859187,0.21213203435596426
-81.5337,29.1865,1,1,2020,82,0.05283663272405283,0.36523939029789365,0.3442669820204809,0.3829949807533982,9.45648908075968E-4,0.0,0.0077929060518367385,0.012891187121463697,0.20124611797498107
-88.7953,34.1814,1,1,2019,320,0.07095730427968348,0.08788139235066607,0.1224203828739456,0.019530402896703096,0.0016114151384553166,0.07821682696561053,8.057075692276583E-4,0.6820677931827663,0.09486832980505139
-89.0042042,33.68236689,1,1,2017,329,0.0745872417890825,0.688945917928751,0.3090867359912883,0.2831837827098281,0.03237977267484666,0.14641206080963648,0.009710455882678224,0.21379118569943398,0.4695742752749559
-82.25745278,32.49226111,1,1,2018,65,0.026870163370593284,0.34869252946234375,0.3401623738644322,0.28053106518974374,0.0714366991383725,0.10491563888765974,0.15318068892274433,0.05391967835943083,0.23430749027719963
-83.79205,31.85995833,1,1,2018,153,0.03695412983268201,0.040280254454857015,0.1283093395102783,0.1959645870896122,0.002418245902416665,0.6422924338933755,0.00573424583919455,8.060819674722216E-4,0.2580697580112788
-80.851547,33.595009,1,1,2020,134,0.15959235797645685,0.2538026779956757,0.33804582086918816,0.253895967001128,0.0833407057277185,0.051510919569283636,0.11322733936605829,0.037934128709367555,0.45694638635183454
-79.631029,35.208657,1,1,2017,152,0.12768375852488,0.6338090426875471,0.5571772196674925,0.08772146141795947,0.20081705644830042,0.020003033156188583,0.05567737328674068,0.028290500533961867,0.21840329667841554
-81.9612,30.7998,1,0,2019,191,0.012902246508803884,0.4380186197126087,0.446433774579831,0.25829158286220716,0.024852026104112922,0.0,0.17192163707188757,0.003323088986694998,0.12369316876852982
-81.6906,28.4488,1,1,2020,177,0.03801680076919186,0.0,0.03639912768820674,0.19530502318185297,0.009679745922486108,0.14247890068454144,0.016132909870810182,0.5997203628955725,0.06
-81.249519,33.865898,1,1,2017,40,0.2708622999721922,0.4235027934373185,0.36690207418117116,0.08374626541228333,0.050576194493685084,0.003223023765060527,0.18645824446319273,0.028808144770643942,0.20124611797498107
-84.94254722,34.61486111,1,0,2020,213,0.08426639706811574,0.6575003159358016,0.4752651203649741,0.017974253465228428,0.033369873919183175,0.006454099443045653,0.056061893644781285,0.22065880464897347,0.2716615541441225
-80.1093,26.854,1,1,2017,98,0.8335653186212484,0.0,0.001805819934389048,0.09678577214369602,0.0,0.0,0.0,0.0,0.0670820393249937
-80.541724,36.444055,1,1,2020,52,0.3319181734328999,0.3918982095700188,0.55106536487964,5.153524505514272E-4,0.016868550353033297,0.0,0.015532833992244621,0.25397241414154165,0.21213203435596426
-79.194475,35.34885,1,1,2017,274,0.16133309759547385,0.4743003637098404,0.4815371460452479,0.08341284344324595,0.0885606058212675,0.1845075806640148,0.03672649267523668,0.07441972141573121,0.27
-83.055575,32.31875278,1,1,2017,97,0.041609770899711726,0.4394629039599455,0.37432868427174243,0.22501845802190695,0.05579367939259461,0.09677205226923596,0.07924782369563987,0.024159033006492584,0.2683281572999748
-79.77301,33.689026,1,1,2020,69,0.13198624247635424,0.07961155227353194,0.14320934356633952,0.42539988898853215,0.007646854362182827,0.27953360508105024,0.025190381394760947,0.01253831326824027,0.7874642849044013
-87.566,33.701,1,1,2017,41,0.07684917133357776,0.7897172041515496,0.7872332788520406,0.02648619928019984,0.06276346308198877,0.0,0.058854571538719196,0.10078114631325484,0.6708203932499369
-80.470497,33.149635,1,1,2017,73,0.07253302990075226,0.46029458246412536,0.5327585169514878,0.27283418723211916,0.007251505595824149,0.022079965622492002,0.0820131064249288,0.010575507289421972,0.8077747210701756
-79.422854,35.164167,1,1,2017,147,0.6152379268539098,0.3108961406344715,0.29857834515939896,0.05446610871894394,0.012890832343351118,0.0032227080858377795,0.025487829537699378,0.007251093193135004,0.2830194339616981
-81.90311944,32.59177222,1,1,2018,30,0.07640259017554513,0.2177745737845905,0.25149627322282775,0.2892823552018121,0.05936957751642748,0.2535628383866798,0.06288737669529161,0.011283506800130223,0.0670820393249937
-87.346,32.05,1,1,2019,213,0.06763456090651558,0.5040722379603398,0.4946946590557955,0.1946916752598305,0.023758270033791364,0.02371717669818209,0.04153587922352561,0.21544603654778044,0.06
-84.566533,35.297483,1,1,2018,129,0.07175715296734404,0.622169143665959,0.3757016449331723,0.008807611700963697,0.0403262490207475,0.01571542291071744,0.035910136210861476,0.3885452730534985,0.84
-78.017688,35.191216,1,1,2018,79,0.04718363223036121,0.10021470068199043,0.14052659188976926,0.12752553967633068,0.005638883974828781,0.6358797290808461,0.01308789709115722,0.03070901463266699,0.12
-78.402457,33.945233,1,1,2017,80,0.2962401455427531,0.4413028097837071,0.36571339600398767,0.19262430162796768,0.04806856644428507,0.024599981670106175,0.05872202715984622,0.0024176497915764676,0.37589892258425006
-93.1345,32.5376,1,1,2018,104,0.12763186180907696,0.5841879639347992,0.448714097744551,0.3931556766498681,0.0315878971007026,0.0,0.04829844462635945,0.025007348595233035,0.17492855684535902
-81.9632,26.917,1,1,2020,59,0.6676753225377612,0.004443994277249535,0.019713191790523804,0.4656201226429854,0.0016137402068118823,0.0,0.005648090723841588,0.10656697338277919,0.3059411708155671
-85.688,33.891,1,1,2019,255,0.07935685302928798,0.6191427235150612,0.7025839712292187,0.0012891040878248922,0.020279578862220208,0.0,0.027550272374524454,0.1686320605669941,0.40024992192379
-85.269,32.453,1,1,2018,357,0.05120683769329001,0.4605707349761668,0.4898724210766914,0.08813408302617262,0.10405709517548295,0.014507686861535347,0.08288345807626175,0.19661866592495197,0.2954657340538831
-80.16135,36.129,1,1,2017,55,0.4872024862297235,0.37031936934660653,0.3071375298630844,0.012116529697346978,0.013979146536316728,0.011272995964456906,0.01288342395937932,0.0918101842203318,0.09486832980505139
-79.429544,35.943709,1,1,2018,71,0.08342910546722064,0.8663947159040677,0.6252912348357036,0.003266175628690808,0.014427494655606334,0.0,0.033392592686153855,0.07204590021061812,0.5341348144429457
-91.13083333,31.12472222,1,1,2020,234,0.051994536210254724,0.7372068904459564,0.813556518541412,0.016100534509419295,0.022697955002466148,0.0,0.10659091196519586,0.0018021777895815161,0.9972462083156797
-79.748943,35.066459,1,1,2017,272,0.2550256656636407,0.43578526816193386,0.5057943354608884,0.053883680636285125,0.1134587984039377,0.06201959378129649,0.0523048441059113,0.04315244416783297,0.1341640786499874
-81.755249,33.361362,1,1,2017,274,0.12311970673745415,0.36675515105549233,0.45659223486514644,0.09200027503668001,0.11301286528269809,0.1451871328211659,0.1223386941311431,0.10176877885681962,0.9261209424259879
-89.28861111,33.39277778,1,1,2018,158,0.057023643949930446,0.9219117461120245,0.631937777090187,0.0850524363713211,0.009183386476467964,0.0,0.06463764177208389,0.05628853403952078,0.4965883607174055
-85.935,34.562,1,1,2019,85,0.1445652173913043,0.39548786653185025,0.2919750346993012,5.155613603945762E-4,0.01611236956089054,0.16176187181504262,0.017278146887943206,0.34730686481721934,0.37947331922020555
-84.6141,35.970667,1,1,2020,98,0.09011536080259781,0.632627016918742,0.7559660962821928,1.2885191428467485E-4,0.02797631267272008,0.0,0.00840426371891038,0.1556636399526253,0.7517978451685001
-87.052,33.397,1,1,2019,246,0.16200806563760253,0.6706489172071151,0.6705625042026404,0.01641418801439692,0.045171871148778055,0.0,0.07843694897901148,0.0265912064160173,0.24738633753705963
-81.061,28.8533,1,0,2020,140,0.07368354430379745,0.48725316455696205,0.39052137498260414,0.4028051264533602,0.0016133879565334297,0.0,0.012100409674000723,0.09721769665142907,0.3313608305156179
-79.922188,33.333717,1,1,2018,59,0.09259821405985173,0.2631099643317901,0.3236349241818337,0.415746134269487,0.0233305525008532,0.059708897399921614,0.037923602947682405,0.045586692452567835,0.34205262752974136
-82.571,29.4129,1,1,2018,99,0.1819378187201842,0.12534956407303827,0.20731747426861466,6.451505174107158E-4,0.09276987643544568,0.0781711054394338,0.09934501614530461,0.2847804017192141,1.020441081101697
-85.4278,30.7922,1,1,2019,272,0.080613742157458,0.15884942319368547,0.1318069954902888,0.3495661015405859,0.07206930896558268,0.3683177082509921,0.0637787931007225,0.01884495597046781,0.80049984384758
-81.853832,35.188931,1,1,2018,90,0.17438068756319514,0.5280965621840242,0.5003019715838424,0.013901811475728821,0.040869318002337604,0.019537543039454174,0.034567394257194343,0.16994345642354008,0.34205262752974136
-88.702083,36.300583,1,1,2017,327,0.1425846387064173,0.48457554320363794,0.45081728250220665,0.015440730281869122,0.002709633409969431,0.12366413178039976,0.004026553144185344,0.17034372552487315,0.40024992192379
-82.3684,30.0174,1,1,2020,37,0.13298491597489373,0.3221299858270905,0.3966412752893464,0.17971651242281908,0.02108894735510639,0.0,0.07549520605125357,0.3273830605378331,0.4080441152620633
-81.782181,34.542023,1,1,2019,282,0.035463234550419755,0.91723980985132,0.7888230340684966,0.07357818791301773,0.0031813428615657794,0.0,0.026793414904607116,0.002416809621745602,0.8077747210701756
-81.290688,35.758164,1,1,2017,53,0.918914139181183,0.05209504440205653,0.1958390876736598,0.0010308543812069183,0.002416237113402061,0.0,0.0031521629270264795,0.026663887204366278,0.7589466384404111
-82.05083333,30.61102778,1,0,2017,228,0.07866433849579915,0.8402545804231198,0.6109457180971205,0.17473073539551573,0.04260156329049885,0.0,0.033330592937367204,0.01642024182940403,0.579396237474839
-80.3802,27.3971,1,0,2020,182,0.3155683241998151,0.06778631364459012,0.023490223375308504,0.2072391318104159,0.037207344629192424,0.019209711822675682,0.007262980005443277,0.06866126980309252,0.0
-80.381996,33.486546,1,1,2017,76,0.12981693132396072,0.40505208860119324,0.16728456136217595,0.19096712611472563,0.007854685164882035,0.011633528068019167,0.08323565003364936,0.012110622782378453,0.15
-82.23269444,33.21683333,1,1,2020,360,0.06705605704316164,0.44238792384131087,0.33480581584244223,0.2190218718510455,0.09191689999304765,0.10346734589398245,0.05306884760995838,0.21549877069125717,0.39
-80.124956,35.341443,1,1,2018,132,0.06609670779294578,0.6865268288986826,0.6193679033409006,0.002706256683519071,0.029240320363963793,0.010539784844320174,0.01901963572026602,0.15908566734593935,0.5408326913195983
-85.49106111,34.89973333,1,1,2017,25,0.23022573876993851,0.349528552288986,0.6561114056559001,0.0021854156358301013,0.01691124204274409,0.0011815439050973826,0.029560712085551364,0.21679119212725292,0.18973665961010278
-83.0318,30.5983,1,1,2019,5,0.05956386450454096,0.37640719471780193,0.4189533804309612,0.33491472091746816,0.016641213167521977,0.1175414133173973,0.0636084524588713,0.044934121285132966,0.885889383614004
-85.03911111,34.23752778,1,1,2019,292,0.005017948329035845,0.4326432074422366,0.5424166616539229,0.008507342954095231,0.016912310632987374,0.10504399475538281,0.014814463769489597,0.35654550337266794,0.09486832980505139
-80.810139,35.698988,1,1,2017,363,0.15724542420871676,0.5578673273334006,0.47888355941487654,0.005582303990233119,0.015960202147820596,0.03383449147188882,0.016253948199620973,0.29883765003158563,0.4965883607174055
-85.12,31.521,1,1,2019,82,0.032245827010622154,0.5381385938290338,0.6415259243673677,0.03657259793964602,0.030605180213645104,0.21401496590467226,0.06035363035416781,0.013606517471286904,0.5316013544000805
-76.205675,35.897498,1,1,2019,231,0.058441312180013895,0.004841666139940585,0.1098168018777112,0.5323533796023753,0.002410034334303032,0.21458781463898433,8.054505311235558E-4,0.0016109010622471116,0.543323108288245
-92.6912,30.9115,1,1,2018,31,0.045761554223267845,0.7391540816068406,0.4472484025397494,0.38459386672386103,0.011546548208103444,0.0,0.023143683702989384,0.06999067296899945,1.5420116731075677
-86.134,32.077,1,1,2017,62,0.003490224841295936,0.8979109233920938,0.7395644319834608,0.08638131823450525,0.003805935235879472,0.0,0.045883014907633336,0.022269778851138605,0.19209372712298545
-86.225,32.87,1,1,2017,42,0.048362624857756956,0.7804652927045135,0.7621823330130959,0.007343884310057134,0.013169455207418137,0.0,0.07277490882198641,0.06475061154057661,0.17492855684535902
-80.668823,33.034252,1,1,2019,146,0.12348784588352782,0.5524655854580388,0.44916592002621153,0.24612842485493597,0.03517240071312065,0.06439896825095776,0.07915449683268214,0.008060539392330158,0.06
-90.073,29.9915,1,1,2019,251,0.9738529847064625,0.019252906278066615,0.003354392306046052,0.0034444498973697627,0.0,0.0,0.0,0.004838265940188916,0.36249137920783714
-83.9589,35.508,1,1,2017,306,0.06734985279065947,0.9229836111146212,0.9166381565681961,0.0014175035664996155,0.001607783059841748,0.0,0.003878895083468893,8.654863622723751E-4,0.37589892258425006
-80.15551,33.367043,1,1,2017,109,0.060834482148051656,0.43766678892584776,0.21748432760364003,0.35299848331648126,0.005362599580977781,0.0868854893806624,0.04436389836025166,0.056293075389238764,0.3313608305156179
-81.84697222,33.11736111,1,1,2018,250,0.04834428715874623,0.14625884732052585,0.24310276657859012,0.19543214707895862,0.08276422198976713,0.3376207616874562,0.11503370424329007,0.04045141248115695,0.4965883607174055
-81.4352,26.9434,1,1,2018,325,0.03761596780113659,0.011074687693807036,0.05831132414085683,0.3721140620388386,0.009727201673306521,0.0032276336066274077,0.17055512133687317,0.3519228152559481,0.5239274758971895
-86.1981,30.3519,1,0,2019,211,0.1493649428195527,0.3412989575953851,0.11185523878133949,0.3427399322696547,0.04710573414367297,0.0,0.0313268784427313,0.0,0.40024992192379
-83.21784444,32.95126667,1,1,2019,341,3.160156743774491E-4,0.27854885602325885,0.47277822217323184,0.12492883211863375,0.16934877282581898,0.03142994393492152,0.0894955407088092,0.04473196847208438,0.37589892258425006
-83.832465,35.171328,1,1,2019,84,0.19556454160611617,0.6782586718898087,0.7646096208632118,6.443692989110412E-4,0.004027647032808742,0.0,0.003222117626246994,0.055609959502403994,0.7003570517957252
-79.395543,35.65754,1,1,2017,302,0.15713491802864576,0.4856392249981057,0.5499680895090531,0.006487203210958419,0.01413783520911491,0.007247337905945661,0.05305872396326754,0.35127641567824996,0.23430749027719963
-80.849998,33.216667,1,1,2017,93,0.02364903317187915,0.35148533633477935,0.3027614918062295,0.404918689239394,0.06091287146233867,0.05587893266593353,0.03746223755893468,0.008269816591457787,0.21
-85.563,32.129,1,1,2019,280,0.009673992766635471,0.6233339234679682,0.6883852275755832,0.026885480687391983,0.044094916282877615,2.750005531620324E-4,0.06856996551429849,0.14542155688244207,0.3244996147917591
-87.4354,30.7115,1,1,2020,65,0.05375732048217153,0.3050000632439063,0.4142581371655318,0.29556645760762124,0.05925298241065413,0.09167770677678316,0.024393637102358413,0.17098627442920783,0.15297058540778355
-80.357384,33.808353,1,1,2017,363,0.16431847761533505,0.05155485917183691,0.09959289072859571,0.3828090994710565,0.10082350041396224,0.21517187332124108,0.018988541778583935,0.10425527880829445,0.6356886030125127
-78.824863,34.712118,1,1,2017,81,0.09033897662186595,0.16397567359117982,0.2418701036138487,0.3834243113469798,0.028334849748527808,0.2622260975054971,0.029396340384663985,0.0024167867162028962,0.2580697580112788
-81.99169444,30.96397222,1,1,2018,24,0.019545581054069776,0.2043620170533613,0.42706507525804793,0.3079684247533345,0.013801193257808823,0.0,0.33560454917682925,0.01946395090379636,1.127297653683356
-89.31988164,34.50371329,1,1,2017,344,0.04190050053086608,0.30481824156934123,0.43580227943153743,0.39829598642935576,0.008861859252823628,0.0644467261669694,0.03703025037516782,0.09264671037042885,0.21633307652783934
-84.27628333,32.37796389,1,0,2019,270,0.07083338601792963,0.608633530162985,0.6675925925925924,0.06751977263992558,0.08980798103516399,0.016967206637692616,0.08047412090082974,0.006485973923350456,0.06
-79.695423,36.212517,1,1,2018,3,0.2907783492777615,0.25543100506767435,0.42698021365433236,0.020237585719187223,0.006442139169153526,0.1238153885020448,0.013351649219206426,0.29116890088895225,0.09
-84.806133,35.478633,1,-1,2019,55,0.08400717642896856,0.763493707990095,0.5792340365319651,0.0018480757423003167,0.008054428988363718,0.0,0.009895892557075892,0.4026077398324679,0.0670820393249937
-80.9215,28.6849,1,1,2019,134,0.0,0.28941709254667813,0.1447684451844391,0.6867428478889063,0.004497950301128601,0.0,0.021316235639455446,0.024055493699073848,0.12369316876852982
-78.017744,34.745291,1,1,2020,202,0.1334040779201091,0.22407084565047108,0.21685424947333948,0.20109234047542998,0.023792747161774888,0.3452412925812762,0.0517689733729774,8.057304815740501E-4,0.7874642849044013
-80.536892,35.610687,1,1,2019,267,0.30886328608605595,0.4994441496753332,0.44260731849797624,0.00940685520467175,0.0251586231291314,0.02079076274906754,0.017714626805334928,0.11285692177961106,0.12369316876852982
-92.733,30.678,1,1,2019,266,0.06663883723577853,0.45168431305579804,0.31707901921692533,0.24043137538592432,0.01048231287569526,0.18401123172709932,0.1227932596989062,0.059115185282390015,0.2580697580112788
-79.737066,35.158672,1,1,2017,331,0.059869261212052244,0.2027083412358229,0.48439664657923126,0.033642369512114384,0.0845928322296922,0.22255850983167377,0.038991811150988244,0.11811277359348941,0.09
-82.42656667,33.41351389,1,1,2018,4,0.13408004854491676,0.4413415589997726,0.42602025468258703,0.06316000754330452,0.01611572990036687,0.00957779947608078,0.045553796518370354,0.3644904111407093,0.4295346318982906
-81.6867,28.2478,1,0,2017,178,0.006797296270980481,0.07056783372572845,0.05237468373906339,0.4886571202553266,0.005646732803563293,0.14773561269423488,0.0,0.1848490408462823,0.4695742752749559
-79.553681,36.511697,1,1,2017,319,0.07673645771471173,0.6244929935178983,0.6134402022715123,0.011201937020557594,0.04116103485188661,0.005011320468733721,0.06446509601083736,0.22609675921978764,0.12727922061357855
-79.966353,34.963006,1,1,2019,228,0.2227504931465277,0.5499595366951595,0.5944016747567418,0.02535586559086528,0.09160724947638112,0.02598034415110554,0.06202870347847243,0.03045361352342624,0.21840329667841554
-83.42836111,31.36733611,1,1,2019,278,0.06815393760038448,0.2381024648733417,0.13680832833432297,0.2770692614986511,0.01303747166626096,0.4014871063704678,0.012183902958722051,0.00806148223786747,0.16155494421403513
-78.835261,34.98601,1,1,2020,224,0.11906145025635848,0.38025661101709907,0.3013380086646599,0.25873895437811945,0.020141416439187147,0.2008928571428572,0.020046633303002735,0.002593898493580023,0.10816653826391967
-87.622,31.038,1,1,2019,185,0.10697845002023466,0.40312626467017393,0.47288944238121267,0.2095170217436828,0.14800330069523268,0.020768454964795752,0.08830940540062032,0.10446826874741147,0.7689603370785778
-84.6651,29.8516,1,1,2020,124,0.6358552631578945,0.006452429149797569,0.034839908948736356,0.4298276370638749,0.007770079029008933,0.0,0.005967496592486713,0.0,0.042426406871192854
-84.52580833,30.90521667,1,1,2019,137,0.3188975879994435,0.2505723283963422,0.3723309597289875,0.1361316133849231,0.07286248644341649,0.19753878842876438,0.05323034018724687,0.05144703683912645,0.10816653826391967
-80.5094,25.4032,1,1,2018,73,0.041966806345026655,0.0,0.005811341814769365,0.5641184713562891,0.0,0.32292748081938577,0.0,0.0,0.2954657340538831
-83.43369444,30.87390278,1,1,2020,200,0.04231853997242844,0.14729280230690425,0.302573905636106,0.3129367047755577,0.04378110396549873,0.4317119749081507,0.037909687047470914,0.024345670580944626,0.0670820393249937
-77.926058,35.184436,1,1,2017,82,0.13007770547728853,0.2949649377724431,0.18317064862630245,0.20508229248476514,0.01829478225987308,0.37844488033532,0.026576708897543527,0.0010076028212878993,0.69
-82.4636,27.4406,1,1,2019,48,0.8229741357493544,0.0,0.0036142657193983315,0.22840944467364047,0.004033903774784781,0.0,0.0024203422648708685,0.004033903774784781,0.042426406871192854
-80.113617,35.6726,1,1,2017,363,0.07995553815255974,0.460470638760121,0.6279745948264932,0.0017478815968128836,0.007667868850388134,0.06533794837136743,0.006493055336242999,0.3131730702424791,0.4326661530556787
-79.436331,35.09117,1,1,2018,79,0.21664665360551097,0.4285660115022436,0.4555080377141843,0.1458867361543501,0.10081488266321345,0.027383847635892748,0.08220523672657214,0.004832443700451661,0.24186773244895649
-79.752122,34.86339,1,1,2017,22,0.1370412046578079,0.2927060548973992,0.360479386346658,0.19495250312619103,0.222829177671903,0.005380454700552265,0.026482073576059365,0.039653603609296234,0.1341640786499874
-83.53305556,34.71611111,1,1,2018,71,0.07840262858587134,0.8088462024516618,0.877505283125487,5.155501551957597E-4,0.006533057015770324,0.0,0.01042509098261222,0.05102608168216745,0.6037383539249432
-82.69458056,31.72152778,1,1,2018,101,0.25100538735867667,0.4047600981359234,0.39124739403417147,0.1800147077120404,0.11495917122163882,0.11658410285754028,0.08352591196917057,8.061431267604745E-4,0.4965883607174055
-92.4036,32.3303,1,1,2020,99,0.046040236207528784,0.4473401363124816,0.5253559225008562,0.2036903776396776,0.0917507752317793,0.0,0.10506168663882894,0.01485031151515535,0.4295346318982906
-80.464313,35.488705,1,1,2017,70,0.036681366169242204,0.6329083534451164,0.5136887065580975,0.006834372588526201,0.0024160387071508432,0.03068527069108182,0.023449787451758186,0.27003101372562655,0.21213203435596426
-79.068033,34.977417,1,1,2019,53,0.1578268620484745,0.3025425764606223,0.21597907220866336,0.23309712409652614,0.04297739943459099,0.19200846534106153,0.03196929734510478,0.010471121499755192,0.0670820393249937
-79.211738,35.363508,1,1,2019,3,0.09276186863897845,0.48737594032492565,0.4366421048375683,0.0618579052701801,0.09716282037513188,0.1542191280616081,0.07899691075298026,0.0892185910759298,0.06
-79.699997,34.716667,1,1,2017,329,0.07581136222949329,0.24179794585444117,0.1989473141498448,0.22927180383022766,0.02417313653556295,0.40302464395971777,0.035611927941933914,6.13018102993361E-4,0.785175139698144
-84.24695,35.117333,1,1,2018,85,0.11748723651620079,0.8413536875094779,0.8405838265097261,6.443722298311493E-4,0.007290738740104754,0.0,0.01048122666363413,0.03906294422016264,0.4326661530556787
-78.962535,36.337907,1,1,2018,93,0.06569472168178488,0.45933244055891065,0.5227337033189581,0.007452596434071562,0.01530290016168149,0.058881113581244975,0.04187297898140664,0.2431474838318514,0.20124611797498107
-79.695009,34.858428,1,1,2019,151,0.23206324749624285,0.3698361980778217,0.3200040639352037,0.13729378308897486,0.15636848490976185,0.04677468277640159,0.06748900460037409,0.025011374551337135,0.28460498941515416
-86.866,34.462,1,1,2019,29,0.15696535335532716,0.29695498843426477,0.38144903625547616,0.024315385793506488,0.017278638181714785,0.0,0.014722701394549443,0.471720407686135,0.2580697580112788
-87.013,32.485,1,1,2019,190,0.11274658573596359,0.5942716236722307,0.49410627218049197,0.15711803536337823,0.05394992193080607,0.0,0.0557768042833754,0.21920059673942602,0.30886890422961005
-83.89955556,32.83586111,1,1,2017,11,0.029956626749788183,0.6950215601724812,0.6179390368647818,0.104621206490208,0.029330054772613044,0.0,0.016659344688194327,0.13314201372317858,0.12369316876852982
-76.920687,35.505461,1,1,2020,88,0.08207124977876669,0.22636595787717134,0.34551349952697086,0.22684936242126288,0.01772035946112419,0.26159483235150127,0.025639243804981286,0.012322125179651597,0.8909545442950498
-79.452153,34.704852,1,1,2020,58,0.07763786694985964,0.1772231914839818,0.09853899311976803,0.33059835729596243,0.0034148452579140067,0.49018982243436454,0.025976200329164558,0.005638759283419522,0.0670820393249937
-83.31010833,34.40725,1,1,2019,336,0.1124846738209902,0.4714269462667325,0.47948494504516914,0.055729213001528555,0.025723818069228733,0.0,0.05027234010287002,0.26192988664080175,0.23430749027719963
-86.8,30.791,1,1,2018,44,0.06637324834319829,0.7551854100268126,0.7298040768961885,0.14281176034361792,0.001558760200710137,0.0,0.019315346990138392,0.0,0.8590692637965812
-85.99415024,33.32978112,1,-1,2020,170,0.0511890162960341,0.9004159344618771,0.8364094057285982,0.006567062759966243,0.07056630008848438,0.0,0.021975729996207814,0.004398938187334092,0.3818376618407357
-79.167529,36.01748,1,1,2017,54,0.11194595277181459,0.7695542366460408,0.7410723714560443,0.001971089010256636,0.025341327655595505,0.0,0.03947143967298253,0.07075796536495683,0.30886890422961005
-87.185,33.896,1,1,2020,199,0.0032235228680504648,0.7259879149495617,0.7147039345638008,0.004177725202339607,0.01970183399269435,0.0,0.0678773209297622,0.08797097968830966,0.45
-81.87972222,33.05155556,1,1,2017,287,0.021602285367580142,0.3024699160683589,0.31083628994458923,0.2758443722756577,0.10105204610167776,0.25717771014849994,0.0596907382652142,8.058628895398996E-4,0.5977457653551382
-82.67571389,31.27289444,1,1,2018,1,0.07320836811616199,0.26004907540917255,0.29744426786225503,0.35326745052972974,0.0639733407527317,0.108831191825172,0.037712464589235134,0.050653202144880616,0.27
-78.63252,36.063838,1,1,2020,323,0.060483157708538654,0.8321077502337454,0.6638756476474493,0.07629936243296156,0.01721469897172886,0.0024159318865112052,0.01165331851140699,0.08108688512164929,0.3710795063055894
-88.80972222,31.72083333,1,1,2020,274,0.030716507751839955,0.2817091985128607,0.5377168639386939,0.13145584783476183,0.05521466574357707,0.0,0.11622393141318052,0.11353685561551416,0.6074537019394975
-83.1296,30.3592,1,1,2020,51,0.10824005565041418,0.5624486182255107,0.3507810626580313,0.008462734726048813,0.07974007083227926,0.12655894257525924,0.12114217050341511,0.09877624588919805,0.3612478373637689
-86.858,32.986,1,1,2020,362,0.03627375368237391,0.4931030558962235,0.5390382297262315,0.0472764707785904,0.14201329300552767,0.0,0.07493513101796101,0.10436874026175143,0.30886890422961005
-83.4361,30.4872,1,1,2017,210,0.07337069979882842,0.3754064552045246,0.3993450713915693,0.1567230096160073,0.08731094801880801,0.06656463735853713,0.07095358404295352,0.15815069770971613,0.2954657340538831
-84.49805556,30.28972222,1,0,2019,148,0.042556959783419966,0.45351499740660595,0.37317664343030094,0.5268892764146079,0.06715724097802857,0.0,0.0029693765257978446,0.0,0.66
-93.6117,31.6637,1,1,2019,74,0.06321061351477825,0.6242775297524946,0.4362953949111979,0.23377506822765887,0.10808597812925803,0.0,0.11602115625978066,0.07694277503611927,0.41785164831552357
-82.1243,30.0224,1,1,2018,216,0.04935179915259595,0.3570985897679124,0.4284970551673582,0.20003663016635861,0.01532195071043886,0.006451347667553203,0.05874521287866092,0.20576636634167486,0.7061161377563893
-79.242764,34.650794,1,1,2018,89,0.15634084072697857,0.08191147847627712,0.12154485022966936,0.27020625768260337,0.005928672729053023,0.42101788709305527,0.03488030524610151,0.003221761419091147,0.17492855684535902
-89.84350311,33.75663681,1,1,2017,8,0.174120799939322,0.6310520061689381,0.5785569303489498,0.0379262666986843,0.05108921653510962,0.0,0.02397097950490732,0.0464978860288309,0.19209372712298545
-88.8798,36.472917,1,1,2017,335,0.0743945729481171,0.032352606778761735,0.06525259353683498,0.06149813540199886,8.052877403626009E-4,0.6699867680171294,0.0,0.07864029533533132,0.39
-82.1735,27.081,1,1,2018,53,0.9610833386065937,0.003227235335062963,0.025824499306726565,0.22556521149269707,0.005648072852229327,0.0,0.0,0.002420602650955426,0.24186773244895649
-79.331511,34.786158,1,1,2020,35,0.1319695552127848,0.01289604774066301,0.08567112263923496,0.3436089081713156,0.002416634023679854,0.3168981159731611,0.019228825231554607,0.001611089349119903,0.18973665961010278
-87.425,33.789,1,1,2019,308,0.02617039837161965,0.6788120914826098,0.7207264182754165,0.043612294492310515,0.04760776209390735,0.0,0.08006357813443053,0.01356565263966177,0.2765863337187866
-83.12153889,32.02941111,1,1,2020,126,0.05261361049996207,0.1738613661077814,0.2595873652610426,0.21244023542715434,0.03629242572238712,0.4667027030444417,0.016402874059181848,0.019326878396191523,0.24186773244895649
-78.937254,35.250037,1,1,2019,175,0.3112799635885506,0.34747648427227673,0.43456566882750314,0.13953845664016284,0.11950100771422623,0.08377611685694256,0.019007575231079307,0.02511072220572535,0.20124611797498107
-80.339111,33.770096,1,1,2018,43,0.07454593713267353,0.1286163879725476,0.09537827956206445,0.3790181839507222,0.008005005893934464,0.33357140825530057,0.009825330961011545,0.03660559939575321,0.9304837451562493
-84.22175,32.50905556,1,1,2017,42,0.03405067772607728,0.46425500708072026,0.46617790732249026,0.024624227063742336,0.22964716591704315,0.10687114586527005,0.027318328218192637,0.013309901669189996,0.5531726674375732
-81.78044167,31.29558333,1,1,2017,77,0.23056391833430315,0.24770410099425716,0.3235844857411658,0.4475508593742094,0.027447409852235437,0.0,0.1137603773465607,0.011286253532881882,0.7130918594402827
-83.42416667,31.52416667,1,1,2017,40,0.1355306259248486,0.2325496098245793,0.2802270751281014,0.280286757204714,0.017119119353298788,0.30505543559701936,0.00724914878617066,0.013704779759289057,0.10816653826391967
-80.199748,35.340402,1,1,2020,89,0.6286089902411894,0.3009303736663802,0.3680768309410002,0.005669935846184481,0.01933111804616724,0.048413079459739425,0.0040968072068429595,0.045709249876811464,0.7874642849044013
-90.20601295,31.51205832,1,1,2017,296,0.041978119268955935,0.7572630114462787,0.6096589745210852,0.018592147689195176,0.023600340173690927,0.0,0.040096867303807376,0.17985893540809786,0.09486832980505139
-82.6132,29.8627,1,1,2017,60,0.06244464127546502,0.485600404909528,0.42964643477477776,0.12294260415175162,0.08090681407086028,5.692095576609284E-4,0.013613595254057203,0.12355325904094515,0.27
-83.0347,35.7028,1,1,2018,72,0.03845133246566166,0.9436308267731458,0.9155182241554956,7.731521159101571E-4,0.0032185113358559263,0.0,0.0032216698356948427,0.006238037181860112,0.36496575181789315
-86.00615,35.563733,1,1,2017,81,0.07795933325750973,0.30477309777457645,0.17380922902775084,0.07457456673396115,0.0,0.16394240032343754,0.0,0.44694392591258975,0.3244996147917591
-83.71371944,32.06946111,1,0,2019,267,0.05706373993197363,0.2605611541719877,0.2765838548580821,0.13953094380175743,0.10340925255654432,0.40927468428456304,0.005642573772305556,0.0,0.517880295048962
-81.3269,29.5046,1,0,2017,186,0.04514350042373417,0.2580098407518435,0.404659054051524,0.3539031139802487,0.10675816704089061,0.0,0.015571930046488101,0.022880364314854063,0.2563201123595259
-84.139525,31.94007222,1,1,2020,172,0.052159069355756475,0.22477081621040645,0.14320227298933688,0.2472143945202263,0.01692740026110238,0.4742517014329022,8.060666791001134E-4,0.01853953361930261,0.41785164831552357
-82.0784,27.0633,1,1,2017,96,0.6295982176763968,0.06586242689688344,0.08586204766885117,0.32743302800780383,0.026201384582283927,0.0,0.0074861098806525495,0.0,0.15297058540778355
-90.31305556,32.06611111,1,1,2019,44,0.16607443189721674,0.3907484920143148,0.3963466347722086,0.053749073889109475,0.0032242667164004524,0.0,0.04961261383716186,0.45988790931591794,0.03
-79.696859,34.833012,1,1,2020,69,0.11040750290712374,0.3524192325193388,0.3806678422209994,0.15997343631310587,0.1771037985558792,0.0505758163452245,0.11919050897995542,0.048326879220705395,0.31320919526731655
-80.764626,33.456772,1,1,2018,90,0.05033633420999393,0.17489378919684404,0.21757823737324447,0.16577692862664517,0.009546350835503205,0.4197139570746015,0.020315620497004337,0.010475389943625662,0.10816653826391967
-80.5099,25.4582,1,1,2018,112,0.2541699359639576,0.0034675643524260287,0.0071025244980123135,0.06752842275846356,3.1965059974048166E-4,0.5328005823337658,0.0197550400354464,0.0,0.3
-78.637574,35.425248,1,1,2017,83,0.07427538521823764,0.25818154238980673,0.27733696918304074,0.16554267634182712,0.025010028648769896,0.17746444172802323,0.0391512130716725,0.09134440748847898,0.21
-81.9432,29.7585,1,1,2018,74,0.08191411291342961,0.5242806893235818,0.40175227952683573,0.1510572015642606,0.0501042058690517,0.0,0.04430409771000096,0.17617907596750185,0.2765863337187866
-80.419768,36.54579,1,1,2017,54,0.06391362000378858,0.6432531413777861,0.6553687930111993,0.0011595119641930579,0.0024155885984218145,0.009662354393687258,0.012857878134344613,0.20421670197951952,0.32310988842807026
-85.7288,30.7465,1,1,2019,205,0.10102964986844767,0.32102560210483705,0.38485111687008255,0.31832099954522886,0.01741838589834795,0.07354043158643583,0.06880088530550942,0.05254288198561376,0.5916924876994806
-93.4707,30.7632,1,1,2018,129,0.06403056061526007,0.5939334142886054,0.5717698823167571,0.059078363765863756,0.19228714070261188,0.0,0.22578941876899045,0.0,0.442944691807002
-89.23319444,31.89675,1,1,2020,4,0.016831908543679493,0.6892862562598007,0.5888484349483613,0.16602732132931905,0.013005035736978365,0.0,0.08473188573018185,0.11888512007687954,0.3710795063055894
-79.823044,33.685169,1,1,2017,33,0.555485330737824,0.12807321358597412,0.14280911311308075,0.42891825388118293,0.005642163556364743,0.07348088302230318,0.0302053305011885,0.013648662317301377,0.41785164831552357
-89.98531037,34.4679782,1,1,2019,30,0.04402936976329792,0.6634482932932306,0.5213279005808316,0.01073762201326243,0.0016113184059953682,0.07662292937686209,0.01219230927203162,0.24460129347795176,0.06
-82.472252,35.076817,1,1,2017,41,0.09264945600667197,0.7333232242819413,0.7702077786605371,3.866284182500742E-4,0.02941009230535953,0.0,0.02091875738411287,0.11401386159882239,0.46861498055439926
-81.790908,35.864485,1,1,2017,53,0.07614174720485124,0.7610132019455501,0.8508717498868119,0.001397164640062092,0.03195027430618065,6.032525101305361E-4,0.010302668523800046,0.13355252560664774,1.3635981812836215
-81.5291,29.6428,1,0,2020,142,0.0304965974347947,0.5896430468769762,0.39116280458278957,0.28089190634659567,0.05241070920326109,0.026700272600201136,0.061591200895596034,0.011296147545649468,0.618465843842649
-80.6809,28.1041,1,1,2018,100,0.659368197235863,0.012909431478762723,0.018404948341737642,0.23648718754634265,0.009679072327342435,0.0,0.011175216513889157,0.01935814465468487,0.03
-85.10041111,33.30794444,1,1,2018,89,0.14686101489216452,0.5451821698566407,0.7404243335534346,0.024408482221855942,0.07166151570884131,0.0032201386650486962,0.0203067821998066,0.07410427055484979,0.20124611797498107
-83.80937222,31.08888056,1,1,2020,213,0.31653638916293547,0.2994991272672081,0.2630075039644301,0.2721068511928697,0.023381698722306367,0.40232330929292115,0.0019034188817888347,0.0024187964195489346,0.2545584412271571
-80.402736,34.878219,1,1,2019,33,0.07156208952207738,0.4052364352834192,0.3031095467796653,0.0026443580962239063,0.027151108414853034,0.2741525745051947,0.035495816587042824,0.27728697454563844,0.3
-84.842825,34.82533056,1,1,2017,133,0.06982092985050108,0.48292072639041594,0.40208558984983284,0.021330998939110817,0.08402304805468859,0.02738851893503835,0.05549097158164748,0.24530256889776214,0.36
-90.08493132,31.37377164,1,1,2019,75,0.027721920805352157,0.9255605721440223,0.7125806805669155,0.025235611786431265,0.028755781347310796,0.0,0.018250563513415263,0.07298960859132717,1.1943617542436629
-84.74373056,31.513875,1,1,2019,151,0.0,0.1405736253730588,0.151745206435591,0.2883366293566938,0.001232916986750885,0.44137479727999585,0.01692889862577177,0.002418414089395967,0.3612478373637689
-84.73167222,30.95010556,1,1,2017,76,0.019376462404350845,0.00766457977613356,0.18636475841877043,0.0753425073296872,0.022486759939925716,0.6072847996205837,0.031039443522251232,0.08728163781519253,0.51
-77.095724,35.49924,1,1,2019,72,0.24163014788527837,0.11036459846179103,0.14492790239840236,0.3791516252784261,0.008656586272044284,0.31941223674815655,0.054087867509999304,0.004028156020750533,0.06
-83.89838889,31.25788611,1,1,2017,53,0.07420382971188627,0.1563250954898439,0.2021353220382878,0.20729608827778204,0.014511402041713164,0.6095990237209258,0.00403094501158699,0.002418567006952194,0.12369316876852982
-81.820133,35.700834,1,1,2017,81,0.16469948946064802,0.6611610979123488,0.5823162211889817,0.004913367968964374,0.007690995691779002,0.0,0.02950689189018458,0.08816060441434723,0.7130918594402827
-93.7798,31.9232,1,0,2019,255,0.06870866161648097,0.7436672441920756,0.7095023205687301,0.14930079496610812,0.05715125689140662,0.0,0.033796343128825054,0.021878635375044263,0.2765863337187866
-80.3953,25.5514,1,1,2018,85,0.7769061416605513,0.005377432497406181,0.005312797202159755,0.04410518031910202,0.002421054630385661,0.14387710536809534,0.015333345992442519,0.0,0.21840329667841554
-82.050644,35.188446,1,1,2017,39,0.0808214849921011,0.48820221169036343,0.4628467059585769,0.04848450543641413,0.03319665916959392,0.0021417199464254144,0.03339882742412376,0.22123840691415453,0.3710795063055894
-93.5623,32.687,1,1,2018,180,0.022568654225458958,0.7027638699236332,0.5608936321478616,0.29631626026414354,0.011061807056800798,0.0,0.042843958989140465,0.0032237266279819465,0.24186773244895649
-83.87341944,30.94517222,1,1,2017,109,0.11497596761952947,0.17829496584872248,0.21434572903467303,0.19179268499338603,0.009674971544201345,0.5034716074364488,0.014487163273049204,8.062476286834454E-4,0.3
-92.1804,32.3731,1,1,2019,149,0.033570624755016654,0.3905825230442428,0.4303869800426602,0.34447676329621285,0.05710574060143246,0.0,0.027075207504946606,0.1250687468787336,0.33541019662496846
-86.111,31.134,1,1,2020,90,0.046220985389918416,0.2891025235595472,0.3325243516470401,0.17279464392750316,0.058829294819911004,0.21606257588021063,0.043868246661270774,0.11503439902873339,0.2716615541441225
-92.454,31.007,1,0,2018,143,0.01038320475528013,0.896332363728342,0.481142025252553,0.3485709256217658,0.013705993012631016,0.0,0.04115591950297992,0.006449879064767537,0.2716615541441225
-83.1418,29.3327,1,1,2017,65,0.35077109927507794,0.00645218425414015,0.04143858317520557,0.6622573055028462,0.0016130460635350372,0.0,8.065230317675186E-4,0.0,0.12369316876852982
-89.8059118,31.6535853,1,1,2017,76,0.0135198371043013,0.7562129279490063,0.600538445275934,0.09162572439249153,0.03233067256777048,0.0,0.08876946178771829,0.11385758318185404,0.6579513659838393
-79.42222,35.261253,1,1,2020,91,0.08647262437151015,0.6409838550746609,0.4750729092075073,0.08202216359052397,0.050502466539076196,0.016492019277534607,0.04251858589303876,0.061028682596529826,0.03
-82.11013889,30.95113889,1,1,2017,74,0.072967399967109,0.4521625827018685,0.4004903713903144,0.40287343268572645,0.10565172713619478,0.003945933127815984,0.09543593391826737,0.047139356572602965,0.03
-84.86671944,31.7647,1,1,2017,28,0.0061590216387803366,0.5927584070013026,0.5975721578026618,0.08903773917942734,0.1865091533289287,0.02503058485836129,0.15897803896526766,0.005089573329371265,0.3014962686336267
-83.91613333,30.85763333,1,1,2018,22,0.08855299772324816,0.6992790285858843,0.3974509044149858,0.15898005825405773,0.008878546043229163,0.09834697155576917,0.02053005678728168,0.01580305310685874,0.09
-83.04163056,32.65439167,1,1,2020,25,0.061914455135094144,0.5692539162757768,0.5142813366431009,0.10776549734246034,0.06805791275161421,0.1328510431185151,0.0032236960623500746,0.012765204309639169,0.39
-92.807,31.1198,1,1,2020,76,0.02257493360313646,0.7916150246616922,0.4933842267502029,0.3431557425559271,0.029854851610985885,0.0,0.031982598633562766,0.05390187071012372,1.5241062955056646
-81.2826,29.0439,1,1,2017,2,0.6291512214870385,0.13887377756411065,0.1668880613366975,0.12218607374390783,0.0016129491351746252,0.0,0.008064745675873126,0.04145911806471404,0.15
-84.77058333,33.86903889,1,1,2018,125,0.4188903917379818,0.4539306526438206,0.4177278605219709,0.05180833499316016,0.023015672396359963,0.0,0.011902805864509609,0.05820273003033368,0.2580697580112788
-80.758659,33.530624,1,1,2020,123,0.08381060749731337,0.09690878058031482,0.2246471111650389,0.2124072276486888,0.012437512244756086,0.4569774570090564,0.054745909461483534,0.005713166193729422,0.042426406871192854
-77.164873,36.049357,1,1,2019,323,0.06061907227561472,0.19872952527689028,0.15446647992756793,0.6587691589465003,0.006674837788490096,0.1643848598378834,0.00714867861587936,0.0,0.7553806987208503
-78.9815,34.962833,1,1,2019,282,0.5057211131199978,0.20097859481875763,0.16097554812036918,0.183564475532958,0.019894368421717646,0.06393806148364352,0.03718901229420163,0.010427327748505867,0.06
-79.107044,34.55593,1,1,2018,73,0.029015373723070684,0.24884949934257086,0.12204662917798707,0.24372174132811042,0.006483412322274888,0.5362464454976308,0.008056872037914699,0.0016113744075829397,0.6661080993352356
-78.245005,36.127348,1,1,2019,311,0.07414895499001746,0.5463241426369128,0.5219874389251846,0.027134144800998426,0.11853283560406527,0.03230502971847979,0.10892565011148381,0.18177224464530478,0.2716615541441225
-82.53994,34.847023,1,0,2017,93,0.31187511849838845,0.504228022498894,0.4482072468258302,0.002293094585981949,0.02604918576550677,0.0,0.015258012035823151,0.10687874145093265,0.16155494421403513
-79.386527,35.033916,1,1,2020,56,0.13142156304922303,0.47221484656526197,0.41909999863539693,0.23665102090016288,0.1277427139996082,0.050346531213080345,0.06755937150546802,0.015560736149807616,0.19209372712298545
-86.683,33.337,1,1,2020,228,0.195094816687737,0.7713021491782552,0.7339278013128044,0.005170627679921614,0.030543011449284067,0.0,0.011281795227516205,0.008058425162511575,0.21633307652783934
-81.39833333,31.48027778,1,1,2017,77,0.07127317801219299,0.4050239052895197,0.34098568276089475,0.4824925257709795,0.028158639331046578,0.0,0.031263139591862533,0.006449267344261257,0.28460498941515416
-79.48444444,33.13388889,1,1,2017,96,0.032280080889787656,0.5227376137512638,0.4396016637621109,0.48220434828990216,8.059800559444985E-4,0.0,0.0022030121529149622,0.0,0.9024965373894794
-79.288806,34.793232,1,1,2017,136,0.06051228938793038,0.02350519109808776,0.04983879193267222,0.3268609183022082,0.016396447067819796,0.4786978901700315,0.07028764088968656,9.669132400757095E-4,0.5108815909777921
-83.397,34.82380556,1,1,2017,79,0.11405315908545145,0.8659142326310334,0.7620693628880548,5.155363448068807E-4,0.009553113923410817,0.0,8.055701225098406E-4,0.035653585892729656,0.8188406438373709
-80.939931,36.217513,1,1,2019,268,0.18477203532220787,0.43956946321866697,0.5659808889005662,2.576845577223514E-4,0.004026171694907763,0.10625935492835,0.012094303993330769,0.16418886060919924,0.06
-81.78483333,33.08958333,1,1,2017,297,0.022568654225458958,0.037981085318363424,0.2220858753017246,0.17198672463011902,0.3191635274189064,0.24106262483250332,0.1137682350264203,0.0010681869896088797,0.8823264701911645
-80.2678,26.8217,1,0,2020,183,0.3142618447867749,0.0,0.005938434683293611,0.38434733919650405,0.0024201202151217984,0.0768870610566277,0.00564694716861753,0.16989243910155025,0.33541019662496846
-89.89016463,31.50570191,1,1,2020,149,0.06415218436164023,0.771419898307657,0.7042197885123791,0.11187085164052878,0.041082725022367095,0.0,0.04379206671872481,0.04912539162159001,1.12769676775275
-77.913044,35.816981,1,1,2019,238,0.03545579709229622,0.1806641488461393,0.12112967857016523,0.2818461118662736,0.035859782093794416,0.4483404389704722,0.021477972524869736,0.0048318332543818105,0.7523961722390673
-82.6085,29.1812,1,0,2020,175,0.008033906882591096,0.6459134615384616,0.5350665950813606,0.2795531012343406,0.010880394730599529,0.0,0.02684041560577546,0.0,0.45694638635183454
-87.262,33.738,1,1,2020,64,0.28898467917277654,0.5920260909136875,0.7111428929642459,0.012197760643213476,0.020074636062299946,0.0,0.03331763932644272,0.026735636033861143,0.4883646178829912
-81.14881,35.989117,1,1,2017,275,0.09170487703209675,0.7038791415615097,0.59172636332997,0.0011596572669581558,0.012886353730409904,0.010470162405958047,0.05844656269147923,0.2360571547688984,1.0903669107231748
-81.292953,33.497604,1,1,2017,101,0.20255197531488697,0.057059031817492056,0.16669784353794453,0.38410545804216667,0.049489057552911164,0.3643490460511766,0.1431807984226193,0.026488747890822006,0.45398237851264667
-81.06964,35.59652,1,1,2017,132,0.007694931958606573,0.5933436943254614,0.504289562796602,0.0025772245111232504,0.025728987993138927,0.04737039950216222,0.10472598390872127,0.14940186815512566,0.09
-79.748924,35.642828,1,1,2018,73,0.01732351120152639,0.7629420906988794,0.6084372692803895,0.004386862556932948,0.004812884888678357,0.008053055423969693,0.04980262119058904,0.17271751144797118,0.15297058540778355
-82.4704,28.7223,1,1,2017,38,0.006454143940065049,0.20411546590060625,0.5050998951934217,1.2904721154279234E-4,0.01939908081316088,0.009887742804816715,0.03865266061255926,0.6076881470445895,1.2003749414245533
-85.54367778,34.86655833,1,1,2018,79,0.19801579778830955,0.5884486571879936,0.530806286046132,9.001582479210694E-4,0.018569885067638865,0.0032224026486886086,0.019312301364150457,0.19190671460253877,0.0670820393249937
-80.665376,36.109799,1,1,2018,59,0.183477777497031,0.5093993986406244,0.4102309003689518,0.003186261382572678,0.01902247709029362,0.09246932215057571,0.009814385590410452,0.23576945667207708,0.4846648326421053
-80.773857,35.966947,1,1,2017,38,0.2086661947618566,0.3187127110931337,0.38737732700973454,5.154008858831694E-4,0.0064433803742214284,0.1585861202006293,0.029904865383886512,0.3348599512324546,0.12727922061357855
-90.56555556,31.6725,1,1,2019,272,0.06705959728827278,0.6417079834058484,0.6113369067259553,0.013450292989197884,0.016122403818796833,0.0,0.07433376537160562,0.23612050706540644,0.5091168824543142
-84.2137,32.97374444,1,1,2017,301,0.0648721774091587,0.2409158722532682,0.5092181533557698,0.04034730761762992,0.11525042348241599,0.0,0.03119548453973149,0.4054243673046291,0.18973665961010278
-88.90613889,31.94858333,1,1,2020,124,0.050481802777004994,0.40023773995295797,0.5231345774541042,0.2807879431548072,0.03134621828550475,0.0,0.06875873274788359,0.09273625046627343,0.543323108288245
-78.78739,34.724373,1,1,2017,134,0.13964686998394865,0.2859038687579783,0.2640798584786453,0.3533378822340155,0.004833848311944341,0.29277007942676225,0.029783456233136798,0.0016112827706481136,0.37947331922020555
-81.9384,29.4241,1,1,2019,144,0.07198441118042287,0.636762789285217,0.5787334639485744,0.21785134555287497,0.029679765952399784,0.0,0.07233652249545348,0.02398671621728474,0.42107006542854597
-80.165804,35.459423,1,1,2017,23,0.06297521913759568,0.5138555586429889,0.5922446570463514,0.0019329232672416752,0.03408362160198392,0.04433176957462605,0.0229351277069611,0.12275347896823517,0.24186773244895649
-82.276039,34.366844,1,1,2017,244,0.052789222253115275,0.4089300609155018,0.6370650105847175,0.023821173882538977,0.019376526379309797,0.0,0.044664267638073143,0.2979081692294568,0.5366563145999496
-81.0938,28.5784,1,0,2018,217,0.3223888150819258,0.09618523438982732,0.09792869806119411,0.37043393236624944,0.0054727957761405086,0.002094214337459547,0.03148281130875742,0.12171118190244505,0.34985711369071804
-80.837074,33.471981,1,1,2018,17,0.3772659469572471,0.15696660177483368,0.1266107765297827,0.24239759991263576,0.006588947632877111,0.20562572881345229,0.016733082837450508,0.020146062906278937,0.4695742752749559
-81.38040278,31.473925,1,1,2019,265,0.029033727196822106,0.4421476102522582,0.32101328105479676,0.505191942550258,0.002418459962632423,0.0,0.02477894011387311,8.061533208774743E-4,0.34205262752974136
-84.147983,35.065517,1,1,2020,31,0.12892096150443602,0.7522053433763872,0.7700532489113688,0.0010704365440364857,0.010421240503530082,0.0,0.002672436940280827,0.057176251322793116,0.3244996147917591
-81.4554,28.7421,1,0,2017,144,0.0,0.3265894856709054,0.26244012540454115,0.6033360239473083,0.0,0.0,0.0,0.0,0.8319254774317228
-80.580467,33.304173,1,1,2018,331,0.0626667509641525,0.11892267813112473,0.20382219062820572,0.39514103801511835,0.007251505595824144,0.25585649918163833,0.023625057664478047,0.008862951283785064,0.23430749027719963
-87.108,32.404,1,1,2019,274,0.07050374266639692,0.09821970463281407,0.1866436814856694,0.39616567535066904,0.0015488194202990173,9.008439485412653E-4,0.01131586433606221,0.22342510351803274,0.09486832980505139
-85.52584722,34.84453889,1,1,2018,237,0.16175504220795636,0.4933023302835767,0.6374486426600641,0.002577659576081138,0.01134091289610271,0.0,0.01909001020366258,0.19904407792691908,0.3014962686336267
-78.248583,33.934534,1,1,2019,143,0.2048220175139316,0.49406725046438454,0.20697886503712576,0.19129901564294616,0.012087408554409144,0.036436031537865995,0.05520390589201917,8.058272369606097E-4,0.46572524088780076
-88.39611111,34.64805556,1,1,2019,269,0.03157349242261461,0.747525816196266,0.6337573549220924,0.11685385989040852,0.08301477882312798,0.03141842582471392,0.007402048437134713,0.017340949155540946,0.24
-79.217007,34.582957,1,1,2018,84,0.05191032522892325,0.12879065361540892,0.13689171593326166,0.23691233915905785,0.05321727041501448,0.5853552188818149,0.04385219355756016,8.056999320684373E-4,0.6977822009767805
-79.657357,35.295946,1,1,2017,67,0.15782686204847457,0.3573261856295753,0.5784111469378266,0.01569243831684068,0.10270309543440014,0.10131000780255434,0.016938176603077434,0.0386337000849752,0.0
-81.5878,27.7047,1,1,2020,41,0.4325884661644616,0.008849781604102045,0.06788246239381737,0.23604909075999975,0.021322973447519874,0.3235587220135976,0.0187446020291625,0.14896975870872647,0.10816653826391967
-84.99626111,31.09201389,1,1,2018,236,0.10806571974248387,0.06917268507392842,0.18977335323601516,0.13625159525795505,0.01692096593675504,0.619436347195963,0.0041543627131719225,0.014299986721215071,0.0670820393249937
-83.6519,30.6298,1,1,2019,117,0.04646927134057648,0.31039803700846147,0.36540649483164495,0.23511223776913623,0.010709610507876475,0.2524299780558909,0.04634507269381326,0.0661263904786598,0.28460498941515416
-82.93700556,31.61694722,1,1,2017,294,0.09629198704977739,0.20782324969647908,0.2812279829513125,0.21587265781592901,0.09754177652168963,0.26225792378748497,0.017990933404146352,0.04555743125762662,0.19209372712298545
-93.4006,31.0723,1,1,2018,163,0.030987554386319935,0.4960158858646157,0.6046020152152806,0.16097391955325346,0.08078294740303263,0.0,0.05643519279652978,0.01048082151935553,0.6155485358604958
-87.3566,30.5888,1,1,2018,31,0.17823485509721318,0.4964643973030749,0.3689660702189799,0.1891439472388897,0.017327734493574817,0.0034465749266417065,0.01929449559850247,0.11062873115450773,0.1341640786499874
-84.624,30.85394722,1,1,2019,277,0.1523963722377525,0.6989260913012131,0.4664354908060803,0.17506791107064276,0.019691350413082034,0.03773859321299729,0.02563859352917184,0.0,0.0
-84.286417,36.474767,1,-1,2019,98,0.05654728065188553,0.735026214389489,0.8016569971448678,0.004509299767638435,0.00402636241051212,0.0,0.02102234867982681,0.2206793973403902,2.461097316239242
-85.13618889,34.25465,1,0,2019,210,0.5654916136860602,0.2604497137151308,0.3654621782898911,0.004248102532736523,0.0032227589976587595,0.0,0.008056897494146899,0.13950439021924238,0.18248287590894657
-85.20138333,34.90416111,1,1,2017,89,0.3372968738153604,0.3218807652455205,0.4147808283082213,0.0036809543087584252,0.011463825297494014,0.010803604992402738,0.005638723658315464,0.38307308859903805,0.45398237851264667
-79.320218,34.760868,1,1,2017,291,0.12930283086795596,0.02295264201710395,0.08131416796268279,0.3195503257772684,0.006426865181178196,0.35379987613907815,0.03846008013043314,0.0031881548514300887,0.15297058540778355
-89.90916667,31.48916667,1,1,2019,252,0.055243587797844905,0.8598295138361917,0.7025290814269842,0.10139389546719704,0.027476818114276512,0.0,0.03478626506862092,0.04232650338441306,0.9069729874698584
-83.97303889,34.29076389,1,1,2018,121,0.22580074323128646,0.5957352680941429,0.42531126519425533,0.0021912786603831475,0.012085117138749782,0.0,0.0016113489518333043,0.12310074090456706,0.042426406871192854
-78.1501,36.414817,1,1,2017,97,0.21171865134486684,0.6336784947594395,0.5317550942042533,0.0293879881366808,0.020036567920649503,0.14664115122635163,0.035626880895314066,0.11121637282858234,0.3014962686336267
-83.24666667,31.19,1,1,2019,139,0.16299247454625937,0.4202997533674824,0.26201339199454515,0.2735662381727483,0.006908238983967197,0.16355611481904217,0.020291568786774128,0.0022226508035372724,0.10816653826391967
-85.3525,30.5111,1,1,2017,100,0.09412434381127059,0.14011763961798746,0.2813264997943565,0.23186124900782665,0.11342422786026866,0.009137935395745327,0.32242683327852684,8.062884172716467E-4,0.47434164902525694
-79.713499,35.225519,1,1,2019,359,0.022544141049281353,0.35201697441208407,0.5447807918951849,0.025159775286236162,0.1397607567820333,0.05101138079861481,0.04691972777079157,0.14516363452533657,0.08485281374238571
-78.570686,36.448801,1,1,2017,318,0.19154502369668247,0.5871595576619275,0.708545871967535,0.018164474588328514,0.03442656602820192,0.019555022185728493,0.032149568128345615,0.09824251132972253,0.4666904755831213
-81.816353,33.506977,1,1,2019,137,0.2015674377449121,0.3918341549740867,0.33097302719121197,0.11216223321429004,0.059699794596302716,0.022562806130510343,0.10201295623321217,0.12220887975983563,0.3710795063055894
-92.988,31.9085,1,1,2018,82,0.09914888773664843,0.4298180162634529,0.48406569342327394,0.14288279102981538,0.006449165402124432,0.0,0.0393588770864947,8.06145675265554E-4,0.03
-92.4533,30.9262,1,1,2017,80,0.040661717277751766,0.6768942795350775,0.5623070199222213,0.36042962474353635,0.02902427225905587,0.0,0.054640247623203006,0.0,0.5408326913195983
-81.4824,29.6323,1,1,2020,69,0.380474660324368,0.5529691571996054,0.4103399614748443,0.2141045380649686,0.014038139211283635,0.03341134056481451,0.037184149773884435,0.012975554220296634,0.7782673062643708
-81.86577778,31.646725,1,1,2017,76,0.3030433352728376,0.37018391560626374,0.14284139175575802,0.4222192550422674,0.0384752776346445,0.0015268719988113788,0.0675016517404128,0.04731406460913024,0.6007495318350237
-81.6548,29.7311,1,1,2017,99,0.10937598866124194,0.508130750053783,0.3647676164194759,0.29143056927994143,0.07038422735481177,0.0,0.09104249619694296,0.06305642439902209,0.23430749027719963
-89.80363698,31.84397924,1,1,2020,326,0.08224998735393801,0.7295513177196624,0.6107600906511113,0.015084579550092536,0.007489038311378344,0.0,0.07423600112541057,0.2592553954901384,0.15297058540778355
-79.115625,34.977922,1,1,2019,35,0.08859304543330258,0.3023076631594901,0.21709421407239726,0.2578131830865187,0.06625761831491876,0.20034312037332497,0.0737298069237015,0.007251024463913907,0.36249137920783714
-80.5428,27.9033,1,1,2019,18,0.14251366673415675,0.20292569346021472,0.058081247747729485,0.44877577710923866,0.001613132798785407,0.03171229302082841,0.0129366924451614,0.10916480840094264,0.34205262752974136
-88.9936146,31.3028712,1,1,2017,80,0.027460851526727215,0.8382326899238535,0.6178285700412084,0.12917716432080664,0.02827423765788269,0.0,0.061003177413490615,0.051467775336315816,0.2765863337187866
-85.6192,30.3096,1,1,2020,131,0.2691105966882978,0.02863901433215691,0.11683492399962563,0.40464375061657804,0.05485793792590955,0.09025250209496108,0.0780210919094977,0.18085600898066323,0.39
-81.3999,26.2716,1,1,2020,97,0.0,0.02390024685106651,0.043957484964151396,0.5369297857894707,0.0,0.049580656391429605,0.0,0.4336550938380228,0.7742092740338364
-81.3872,27.8917,1,1,2017,273,0.15173679215438154,0.3820689655172413,0.10559701001487093,0.39405880155613665,0.03388232614348898,0.0,0.07594892658512979,0.16963308382949382,0.4326661530556787
-82.368,27.8388,1,1,2018,83,0.6627468354430381,0.028506329113924058,0.04274103011338962,0.1984819296379044,8.067552304630778E-4,0.0,0.004951262492842027,0.03700317323723984,0.18248287590894657
-86.513,33.281,1,1,2019,85,0.043630524931728525,0.6523970870840495,0.5282067487081997,0.09723590142881697,0.12176075744551755,0.014751984628608997,0.14813293219396273,0.18847019264802553,0.4965883607174055
-81.84869444,32.63352778,1,1,2017,76,0.03926377265946956,0.12364422420549637,0.18979724755054664,0.4801338400796127,0.05080406584237277,0.240840476371084,0.0193430933778351,0.0032238488963058495,0.37589892258425006
-78.358667,36.122833,1,1,2017,101,0.08925095431908386,0.7187349900144095,0.5135079418654235,0.10771034978970573,0.030439986987679354,0.04765920353227655,0.009664490577121687,0.06157164830097624,0.2683281572999748
-80.921235,35.77646,1,1,2017,41,0.5656601389766264,0.22395451674036623,0.28856911277371816,0.0034902276657264425,0.006668330327161993,0.07465623825303011,0.007341165173057544,0.13637067198195663,0.7788452991448301
-80.861008,33.041855,1,1,2018,275,0.05939605374590775,0.5123810246103675,0.3443896963460912,0.4011897388187056,0.03550026549343854,0.10799261675390029,0.030746668689473833,0.002566436572353285,0.6413267497929585
-83.977,30.4258,1,1,2020,87,0.03313176803967209,0.7344018824005668,0.4820086852878268,0.22004921393288543,0.03494192683381872,0.1392111662381933,0.0837878945987054,0.03815784896865978,0.39458839313897714
-82.20141667,32.17477778,1,1,2020,344,0.02812804330504508,0.5411612935864518,0.33683067084250157,0.30014984254648364,0.06953066720612965,0.04417063888432312,0.08771541641906161,0.013051421779974967,0.46572524088780076
-88.81472222,31.44666667,1,1,2018,81,0.021953841289914636,0.6494340815681314,0.6630998191286617,0.16683914185249485,0.0016123576145959453,0.0,0.0035440252665922636,0.0,0.5580322571321483
-87.891717,35.622167,1,1,2018,23,0.026912288681676902,0.8005710964546536,0.8483799226534916,0.0021279638503866063,0.02692449832432587,0.0,0.009665528492777702,0.05076613527317753,1.359301291105103
-80.357124,34.225529,1,1,2019,142,0.073252713648483,0.23945815484539468,0.3329751037155625,0.2101163302661398,0.12360061805048682,0.11516719908745925,0.01471819615203537,0.024153261353833912,0.21
-78.180483,34.319715,1,1,2018,118,0.056597336298617594,0.6997523313705175,0.3404018500265371,0.3080016175095406,0.027357006085654147,0.16865414146776112,0.06774792879215877,0.0032229321098830254,0.24
-84.57416667,32.153675,1,1,2020,87,0.05490072088023273,0.7401795877070951,0.5640963269277545,0.15521260084626654,0.10861463473228027,0.031025076100734295,0.04127931419251036,0.03044029371880502,0.45793012567421243
-84.28916667,35.16611111,1,1,2017,190,0.058271199292303816,0.7268292682926828,0.836642012245506,0.003193535100331786,0.0016110537239032992,0.0,0.006014600569238983,0.0024165805858549485,0.0
-79.800635,35.849269,1,1,2017,81,0.1391324120158661,0.4224627978070284,0.4419903405662867,7.453266754185707E-4,0.04074105651392715,0.015248687172977385,0.059924277589892695,0.1600780591316868,0.08485281374238571
-93.6746,30.428,1,1,2020,316,0.04007539436566266,0.6470379881342423,0.3941894754308848,0.4018593719092887,0.09809135925829894,0.0,0.06774473036813114,0.07664286662914317,0.4036087214122113
-92.5143,32.4813,1,1,2017,26,0.037252472117548875,0.45213828684150636,0.5728149448322216,0.25055966762291837,0.03636024554149992,0.0,0.06878512590007649,0.03707777798850683,0.08485281374238571
-77.007417,35.905179,1,1,2020,71,0.0813812447881131,0.04696383898112348,0.013813598033746466,0.7191155901590301,0.0,0.27338495253854084,0.008052343389815525,0.0,0.042426406871192854
-82.6878,29.589,1,1,2017,109,0.019854727677667553,0.11778700141729104,0.22415767319506075,0.17081768783828283,0.05125837281231617,0.10536935250251422,0.08179897660356353,0.4542033257221649,0.34205262752974136
-83.27040556,31.70551389,1,1,2019,273,0.5781360647445625,0.19667425392008092,0.13135687729521767,0.18491317812128114,0.02291673911462796,0.17053986640069047,8.061482237867471E-4,0.018130431621243115,0.19209372712298545
-81.315742,34.482777,1,1,2017,232,0.03150800976090833,0.7391106447004085,0.8005935141069539,0.021568086308738535,0.035497537350448166,0.013875505877818472,0.007228405612124013,0.13439210941177596,0.8188406438373709
-79.305252,33.296669,1,1,2017,101,0.1796045312025893,0.1970769697582685,0.21578266664239773,0.3997996792441005,0.015482517394134341,0.003794796610276601,0.008862951283785067,0.0016114456879609213,0.06
-77.405933,34.8221,1,1,2020,76,0.41782933980386233,0.3028763522394098,0.26141315389677117,0.2330562740632695,0.017194167121998366,0.2638060255385811,0.06333163834135035,0.003610017086782537,0.6420280367709809
-78.108187,35.932695,1,1,2019,83,0.2501200434683716,0.26783593216912216,0.3750440237589346,0.1945205894762374,0.051124143746387886,0.21237616101515602,0.048622888381479365,0.06755600190752305,0.08485281374238571
-81.60225556,32.70232222,1,1,2018,65,0.0416197833040444,0.36177099005019153,0.28730877811662675,0.2618892188605345,0.027184030290866936,0.2888062225228275,0.04110316404286996,0.05332823428645481,0.24738633753705963
-82.2712,30.4512,1,1,2016,365,0.0961908134358559,0.5574413193039255,0.45164167430998897,0.3241510600398347,0.017808864590019836,0.0,0.013296568821206214,0.07890351529026367,2.305319934412575
-85.53592778,34.74034722,1,1,2017,327,0.11342355661700593,0.6815648811554645,0.6850876452561979,0.0011599772957820796,0.05820936543388502,0.0,0.05329066457745612,0.22807987439463973,0.5531726674375732
-80.739052,32.398716,1,1,2019,357,0.3566732412886259,0.2130051079755221,0.15546973412268383,0.37417717703898556,0.02438291994474806,0.0,0.015112100110946394,0.01981230777983936,0.18248287590894657
-81.83759444,32.90913611,1,0,2017,262,0.025154847680444938,0.3960561243837693,0.3373327299433942,0.29722887271421805,0.06300785385818806,0.08142096363837485,0.0772901818871383,0.02742055277255416,0.19209372712298545
-78.89735,34.58435,1,1,2019,274,0.11489635833112287,0.1388583627016308,0.11373638621180474,0.5062961953925793,0.008565831463869316,0.39170905873803286,0.05347088375620082,0.0,0.6768308503607087
-82.622284,35.239264,1,1,2019,30,0.18405520518686097,0.42303754913236363,0.7193727845459224,0.0014175873825120755,0.00888265544647031,0.08705760458916136,0.004833023767105112,0.22351945213095276,0.7648529270389177
-79.727627,35.200808,1,1,2020,44,0.11067433482904634,0.18880111230487273,0.54641504704349,0.015193301059634593,0.1496633017902491,0.12610390266705415,0.05017308688456244,0.025726143700016437,0.09486832980505139
-87.7412,35.218733,1,1,2017,52,0.03598594930631017,0.5765333198554494,0.7132791432002231,6.443585524320868E-4,0.03023793578387397,0.03672336016376252,0.04844324542892889,0.3174730537408866,0.7299315036357863
-88.033,34.692,1,1,2018,71,0.0425929904829312,0.7017732334020047,0.7227495373952912,0.02353989520190087,0.01655414690857624,0.0,0.1680751381355102,0.04392535469787101,0.4695742752749559
-85.009,32.303,1,1,2017,108,0.10412451952255712,0.46598725470362135,0.4519183943450718,0.14130493597598137,0.04676521623697415,0.08784439408449733,0.09858117696885804,0.07677258058908504,0.12369316876852982
-79.424123,34.75821,1,1,2017,225,0.27718070798024824,0.14404607049492943,0.0954218209701657,0.287983044567655,0.008429886285004722,0.35588780794519925,0.029672062257301096,0.001611410046983661,0.24186773244895649
-81.92055556,29.15277778,1,1,2017,125,0.05805169992281704,0.5916768944618072,0.5513694696344454,0.2538109698244564,0.006746306610621406,0.0,0.0209442298994538,0.04384941155633155,0.5660388679233962
-77.685376,35.788122,1,1,2019,90,0.07088284693194588,0.20749617992852357,0.13965226776837114,0.23783498080337787,0.041505178671265706,0.477783358129045,0.012887452738109902,0.003825172859277228,0.41677331968349407
-90.49277778,31.92361111,1,1,2020,6,0.05944838575059752,0.7308319738988579,0.6658928783660423,0.12682794842422818,0.013178483257415063,0.0,0.03159169145469084,0.07371289303901697,0.6708203932499369
-79.300446,33.647076,1,1,2020,68,0.040795957043588134,0.14793430195830706,0.2523247407826822,0.4827882734180291,0.035275118747768064,0.20035900855489577,0.05399349613022911,0.002417619229711751,0.5247856705360769
-82.21380556,33.00888889,1,1,2017,299,0.032172835760517805,0.4097517192556635,0.26034820218236904,0.3220220461643709,0.12997339097568522,0.1438909851659429,0.05128083581410339,0.004376900080269501,0.9
-79.820564,32.997547,1,1,2019,303,0.07225488336810164,0.2766799418420886,0.5000920296274726,0.3772830426815211,0.03836237131969591,0.0,0.004028665137353784,0.01208599541206135,0.08485281374238571
-83.40847222,31.513,1,1,2018,16,0.10614376770538245,0.26867917847025485,0.27303699545048776,0.2786188095400668,0.014210562921653808,0.20422744488071995,0.0056431267664409455,0.00973715991072163,0.20124611797498107
-83.241833,36.435667,1,1,2017,81,0.06375694795351192,0.7293329964628604,0.647493038956078,1.2883804754275528E-4,0.13570835320236094,0.0,0.0033253646690267397,0.21480971524393902,0.517880295048962
-80.0475,35.43027778,1,1,2018,199,0.043437586913099534,0.9533387272129656,0.794620074200645,0.003150570908313535,8.05475973125531E-4,0.0,0.009100299131665313,0.004027379865627656,0.7942921376924236
-78.645128,34.29226,1,1,2017,60,0.03823547999747201,0.26625797889148695,0.18445781390745414,0.5199226004470491,0.023946287519747235,0.27909004739336496,0.04467298578199052,0.0016113744075829384,0.45793012567421243
-78.951874,34.092712,1,1,2017,27,0.04842155833976003,0.016119448272374423,0.047812392105796575,0.45638306530496453,9.351611099351398E-4,0.47814534804737774,0.002416885976690479,8.056286588968264E-4,0.28460498941515416
-82.65403056,32.52930556,1,1,2019,272,0.06420939495479545,0.1337548207624707,0.393290529159311,0.18458099055742686,0.089446518258165,0.33796490917538763,0.08061217716725823,0.017049172037334963,0.15
-82.0942,29.2778,1,1,2017,264,0.11160318866253319,0.24791851195748438,0.22622773465113466,0.0063965518026576984,0.008365990745221579,0.008065510926395096,0.0024196532779185284,0.6099202621449198,1.2614277624977184
-82.70968889,32.59105278,1,1,2018,51,0.051596834146711505,0.5648595342250993,0.4240009304254165,0.12897971773724579,0.06672503381923459,0.025791117235799077,0.14162041543927076,0.06277418865443694,0.24
-92.4526,30.928,1,1,2018,3,0.036100078423435954,0.7134382352197121,0.5596574382736343,0.36669381395842926,0.03063789423760968,0.0,0.05482254367243696,0.0,0.5366563145999496
-78.690542,34.723996,1,1,2018,71,0.09005266015886441,0.4322931794360182,0.32185853084317567,0.31790049982082497,0.06587278517807045,0.15461731921239552,0.05559803351616412,0.004827743093294242,0.5531726674375732
-82.188245,35.837047,1,1,2020,57,0.16638243579540427,0.652316165788709,0.8966719539315673,7.731298469051312E-4,0.0049840812613705255,0.0,0.003221649484536081,0.09655473013947842,1.4524462124292246
-81.032145,35.823251,1,1,2018,28,0.10255147151698873,0.4462801566249842,0.3483181837475972,0.0019328607551952267,0.005154525212008274,0.1816843800830662,0.01950949891824455,0.2825260963630908,0.15
-81.75372222,33.04672222,1,1,2020,23,0.03172535879117403,0.0970601251817664,0.17493600112045457,0.30223853240696985,0.02310867270509264,0.5195690510653632,0.032852113343741524,0.04173277120770628,0.32310988842807026
-83.0736,30.4569,1,1,2018,59,0.041969718051532434,0.19145679699457355,0.4792172872670063,0.1272277490685304,0.14264165978882656,0.013088450604459371,0.2344537097646355,0.04105200911985782,0.36249137920783714
-78.841023,36.032639,1,1,2019,125,0.34154506979976024,0.5515760217295184,0.4249874814495549,0.0656947252310816,0.04141838059058138,0.0,0.007342004793618611,0.05838867468129382,0.15
-81.034317,34.102959,1,1,2017,327,0.28454791334900525,0.5981648593311594,0.5237232992825887,0.07310547238330946,0.10509834900071094,0.0,0.01178292124180425,0.01369776443636938,0.21633307652783934
-79.459857,36.532039,1,1,2017,67,0.21308163394153676,0.4225266746638045,0.5739092917526152,0.005392600406491125,0.010521461443945024,0.0027669769513346872,0.00821880596732061,0.17001115003269202,0.10816653826391967
-83.17472778,31.65628333,1,1,2018,124,0.048006879805746666,0.04431404289761231,0.14414562499873546,0.23349575255362648,0.0034677220511718176,0.578900950225386,0.0,8.060794193699303E-4,0.15
-82.86432222,32.57494444,1,1,2020,152,0.07502465420891598,0.24006877892128353,0.18989921362251938,0.21630665030297588,0.17710792726675081,0.10481084993473229,0.042169607666511816,0.030848101545881825,0.21633307652783934
-82.667,33.20016667,1,1,2019,143,0.028023319043463963,0.4433400356614439,0.5548369319287813,0.08444299506283327,0.19130585930092925,0.016440174451678155,0.06454396055875106,0.11883572466974276,0.10816653826391967
-78.617045,34.485987,1,1,2019,132,0.0,0.2588981231212269,0.2707237668447026,0.25983438475041726,0.022561095066261364,0.20867433027673668,0.05116692050531797,8.057533952236202E-4,0.39
-82.87849722,32.94009444,1,1,2017,54,0.02984678398058252,0.5971000202265372,0.6191482153782367,0.07121346189823688,0.099149864104671,0.04800897541242651,0.012881613045951583,0.05310030971493584,0.06
-79.766266,34.686172,1,1,2020,94,0.18048835946085928,0.15257127698546039,0.17365603627375148,0.3288542124764314,0.05091981117170863,0.3591118497968265,0.01912929176751623,0.021755066702898784,0.33
-79.226924,36.128797,1,1,2017,55,0.19720589164928257,0.5493773310575891,0.5788270853881354,0.00396492554206348,0.017477138841069557,0.016854873098851825,0.0035567067296302765,0.23555127374954615,0.15
-82.43475278,33.46518056,1,0,2017,60,0.08165149215983811,0.5589656044511886,0.4748728106829421,0.05843605295767299,0.022703857506747315,0.005429458128701544,0.031628647818419696,0.27874800108715564,0.12727922061357855
-87.1611,30.5859,1,1,2019,88,0.4497723248165952,0.04930432582848472,0.14307720092211915,0.27501440495034524,0.01346061418597592,0.0,0.003753288475159364,0.005052868562177477,0.18
-87.126,33.82,1,1,2018,262,0.0965430070151046,0.6877456866586614,0.675232509760683,0.00786061698942767,0.029354887636189,0.0,0.08842804418716352,0.06150623119896865,0.12
-77.431283,34.817867,1,1,2019,176,0.10064212761654362,0.3131636161391445,0.25213293136865933,0.24454176279872536,0.08915084952951317,0.08822851222570725,0.03646075170490258,0.004027328980659343,0.3189043743820395
-88.83385066,32.29343077,1,1,2020,124,0.02671775029714489,0.8462306855827835,0.7108385723879568,0.13275137348188787,0.0509684801436284,0.0,0.10607133374634924,0.0,0.7029224708315989
-78.056942,35.939195,1,1,2019,65,0.15475664136023148,0.31308818513699593,0.2306658770478633,0.2830692455940181,0.021907053711282924,0.22777398817644398,0.0162194937092618,0.046087868222929644,0.34205262752974136
-82.76277778,31.05888889,1,1,2019,168,0.33742346809694884,0.18534635429843643,0.30625539028850235,0.34715658329687127,0.020538373497404255,0.02900539385239942,0.11104506680662442,0.030579918175322338,0.18248287590894657
-82.48458333,32.47102778,1,1,2020,207,0.0898455779129621,0.2751773767215976,0.316507890434539,0.23816283114060488,0.2283298565016751,0.02521651178962006,0.2262722043112711,0.020747202730893217,0.042426406871192854
-84.30148611,32.31823333,1,1,2020,51,0.04304392908626489,0.48488910245062095,0.5788791255026664,0.11841224280085123,0.07391286481497288,0.09322636624847092,0.02382103875660247,0.015469766941986797,0.042426406871192854
-88.152,31.299,1,1,2020,56,0.04368115538805914,0.20916115488219753,0.4103782579688695,0.4123939005693875,0.032073067791305344,0.0,0.02316405793069436,0.02605363742416435,0.09486832980505139
-79.24959,34.63248,1,1,2018,51,0.10429253987916166,0.07811512500947992,0.1284117335177151,0.27333948950292203,0.0020910193561429207,0.41818491939151936,0.016674457977459936,0.0024163592257542815,0.30886890422961005
-79.173131,35.824723,1,1,2017,104,0.09868254690739894,0.7585975825620793,0.788933441472307,0.011499114422656638,0.009662858171732906,8.718368275247734E-4,0.05290406951951052,0.0666891996474747,0.06
-82.9512,30.0712,1,1,2019,134,0.07133459835547117,0.15685009487666024,0.3157502500605863,0.0037353511548827477,0.07916233148119448,0.24820452166433152,0.04356900930075169,0.335133818874106,2.0976415327696007
-88.219,33.754,1,1,2020,256,0.05873802361149733,0.40720984907854485,0.6022812238854112,0.1795561410896833,0.013495622059385787,0.0038676285180726305,0.05214030896790563,0.15666739342692743,0.21633307652783934
-81.057587,33.292282,1,1,2017,75,0.07178521318147918,0.23948629141333058,0.246789721851733,0.2999101051335126,0.0839308908531826,0.09323477452935436,0.09780770920307058,0.027807361571547323,0.15
-80.144798,34.607975,1,1,2017,86,0.0477689293388952,0.45273669574010866,0.4779754341380771,0.19326435240922735,0.19472462211552136,0.03209135564575997,0.10549176314500973,0.038197526574321246,0.3612478373637689
-84.6148,36.32935,1,1,2017,336,0.2219877957879045,0.6330019076977501,0.8223097549157561,0.0019326019592794457,0.022592268606094285,0.019077424468746936,0.00662546540894406,0.09002169539912266,1.030970416646375
-84.09407778,34.97941944,1,1,2017,52,0.09771414852348398,0.49640505945235586,0.6333714244126252,0.0010310367327052436,0.023578617504533134,0.009053633141478022,0.03517522855211366,0.17598670701735541,0.6328506932918697
-82.4353,28.5849,1,1,2017,123,0.133480098180622,0.22915559604241004,0.4768262663314345,0.06434241051365829,0.05650350181259139,0.0,0.026660593062172225,0.05663952524658209,0.1341640786499874
-85.0345,33.68133333,1,1,2019,277,0.07104840646768057,0.285040644239643,0.45890504797423315,0.06238192231606931,0.002398377066585775,0.0,0.0040288942818140485,0.45397580767480705,0.08485281374238571
-80.507,35.262367,1,1,2020,133,0.16863711001642034,0.5352658835417455,0.5057946551305894,0.009260532061130427,0.037150411781987754,0.08115280002274519,0.0164649614122211,0.10933467276994867,0.34205262752974136
-89.20703422,31.86561354,1,1,2019,52,0.060154274152756704,0.7478123419322205,0.5626716688219833,0.21311841867696094,0.006714400872492771,0.0,0.07644743705249187,0.10307111132185823,0.32310988842807026
-84.97658056,33.16795833,1,1,2019,81,0.07661866410428232,0.7739749408923675,0.6866430581580307,0.06314938988319446,0.018819447078008276,0.0,0.003710164713615737,0.1397632320780715,0.21213203435596426
-80.569283,34.452259,1,1,2019,198,0.05132418936856078,0.42473927058972255,0.4933773830199782,0.07938648545369627,0.14143156338548718,0.0024165805858549472,0.10794691735926178,0.14556660127683896,0.21633307652783934
-81.7143,26.6053,1,1,2019,154,1.0,0.0,0.003357128392061565,0.10647985014175783,0.0,0.0,0.0,0.0,0.8761849119906141
-79.756802,34.895344,1,1,2017,28,0.4437799496782188,0.17544347650175116,0.30008916016582554,0.1382912585634699,0.20788378727612214,0.00868183354764109,0.020712554853833692,0.03625960830650538,0.39115214431215894
-77.045742,36.305079,1,1,2020,128,0.0873599838175428,0.1799919087713975,0.32834070767399587,0.1861971338586815,0.04477041501233446,0.2912824983496162,0.09191296080456614,0.010464539645538597,0.39
-82.54481389,32.13490556,1,1,2018,43,0.05277932325122654,0.44976227808406255,0.4172258240702339,0.18669299780517642,0.07888073690299702,0.11398415051635692,0.09696507992704309,0.019535263046426287,0.16155494421403513
-79.919849,36.497361,1,1,2019,336,0.1565087672722216,0.637172728536934,0.7424380051307493,0.0014170688852088319,0.015274360488804808,0.0,0.044897649782539364,0.10852818460624938,0.6328506932918697
-91.397,32.982,1,1,2017,340,0.0888678171818699,0.05485808205322712,0.060862767782020516,0.1832430951071126,0.0,0.8070857431813155,0.0,1.5802281849499064E-5,0.19209372712298545
-81.143906,34.304607,1,1,2019,115,0.18172169364315233,0.44511833011131774,0.6883650586806878,0.0160266163347544,0.11809702553602915,0.0,0.08227644125954997,0.11441607107875666,0.15
-82.0316,27.4898,1,1,2017,95,0.05006457494492136,0.033794221175517225,0.05733703121211489,0.2620453980593728,0.004034095223631253,0.12812919229503628,0.017750018983977513,0.5350096185486114,0.7003570517957252
-83.12861111,31.875,1,1,2019,77,0.06387122064718458,0.37897851569909363,0.2759785300693836,0.4031139794778377,0.037887169890052926,0.34309622108277965,0.06012632217845696,0.026601629922803117,0.3059411708155671
-79.761312,34.911978,1,1,2017,347,0.6571211833870662,0.15490233263796696,0.32367595609247707,0.12550985028218037,0.0893174746086654,0.008055726673932612,0.005639008671752829,0.01204252160040436,0.3710795063055894
-78.293087,35.691,1,1,2019,273,0.03787850053732854,0.4984512295341045,0.42901957138114377,0.1632098863999846,0.03496448278149248,0.22483078390559888,0.01239707271159512,0.08420218125309918,0.2580697580112788
-83.76645,36.100567,1,-1,2019,86,0.03224624404543788,0.8928494711969776,0.4098354443235697,0.0016750147921743726,0.010469236551057665,0.0,0.005637281219800281,0.17455043866574882,0.7249827584156743
-83.816033,35.874333,1,1,2017,81,0.1454219257350061,0.6392879253054363,0.43564136302907974,1.389587893708149E-4,0.011275701967720545,0.0,0.005637850983860273,0.25539938725877265,0.24186773244895649
-76.683804,35.90335,1,1,2019,275,0.056624026064226084,0.11265453535213224,0.1051722587210682,0.44420022050894875,0.0024324597538477096,0.27563875761328316,0.049874902069802135,0.0016111097070939375,0.29698484809834996
-81.762875,32.65591944,1,1,2019,202,0.06758686941463476,0.34310416745667593,0.24255350779653603,0.340206279401034,0.08924225471417829,0.20874817469799564,0.06811300120738595,0.015313572661242917,0.0670820393249937
-81.200678,35.540678,1,1,2018,2,0.36670205773800485,0.4002603771677031,0.3882734441167609,0.005426312714894717,0.0032249098225509937,0.002454216387974654,0.006443502485802181,0.2814357639656598,0.24186773244895649
-83.71481944,33.40452222,1,1,2019,78,0.0193287402819038,0.5929081600404525,0.6661851866270223,0.030639623565861054,0.020467947137900306,0.0,0.05626552397565462,0.1404157423383452,0.21213203435596426
-89.8535,30.3007,1,1,2020,95,0.2686395323827477,0.6280064272068219,0.5141363269580526,0.152306053944942,0.011289144396694843,8.063674569067745E-4,0.007257307112160971,0.018546451508855814,0.6906518659932802
-84.2568,32.62499722,1,1,2020,293,0.08443652088153854,0.2731985484707102,0.4214776571483473,0.15557724300790365,0.05439856884132408,0.08509515245569509,0.016268051468612803,0.1498828965791894,0.2563201123595259
-79.73951,34.71814,1,1,2018,128,0.059083616518652314,0.527230005432105,0.2552001217224539,0.193606942628184,0.09519054856373686,0.2595732445233679,0.01841184778865082,0.004834413440301314,0.5515432893255071
-79.26585,34.478383,1,1,2019,238,0.05420849030365857,0.09844251725620087,0.080131597435983,0.3127910726434425,0.004027557973143295,0.6106662370604828,0.01691574348720184,0.0,0.6847627326307997
-83.2918,30.5302,1,1,2018,46,0.044101837681965926,0.6511692615123882,0.37674025658666865,0.04367082844307741,0.1609712599881739,0.07520656191798236,0.09040028585070624,0.11363197986396793,0.18248287590894657
-81.6257,29.7608,1,0,2019,197,0.012904858299595142,0.23332489878542514,0.41129361953604726,0.25767199889901266,0.03264726532109629,0.0,0.15676569744274163,0.08052865609523151,0.54
-89.39546131,30.4812687,1,1,2017,26,0.055579448000202404,0.4030458650610946,0.4023793106413847,0.23324498774982833,0.03162853935781702,0.0,0.14602311352821207,0.0970957899230076,0.0670820393249937
-79.97583,34.702221,1,1,2017,347,0.1319146784002832,0.4583191088520526,0.24463650994553116,0.3359705131885952,0.06982490063379525,0.04320297245549848,0.06251066330496105,0.020337687121255207,0.35114099732158877
-83.03980833,32.47331944,1,1,2019,265,0.02918120669599959,0.4344813634754462,0.3469259993618327,0.23596827771111242,0.09402014672275975,0.24806324060699358,0.024258879382007027,0.0032239813641234093,0.18973665961010278
-80.9914,28.54,1,0,2017,141,0.2870921195858544,0.11206743791610764,0.051739399101491404,0.7328887856469399,0.0,0.0,0.002419844623832782,0.14601310828251135,0.08485281374238571
-85.01574167,31.38042778,1,1,2019,78,0.04561607628394017,0.3453264704766482,0.35044770774544753,0.1031359015432425,0.05188564419195031,0.35439804496207833,0.05536323428524457,0.02680905817375936,0.3313608305156179
-82.91460833,32.05781667,1,1,2018,1,0.3043764146529596,0.3023279339428196,0.3567378809678541,0.21021713239589068,0.011449344080923029,0.03164532954006639,0.012625256835783154,0.02919551130077446,0.39115214431215894
-82.744547,35.230923,1,1,2018,88,0.6975039494470773,0.24149131121642967,0.5850279146655721,0.00180420668223574,8.054810617188013E-4,0.011241988622185155,0.0032219242468752053,0.047526541390670925,0.9985990186255943
-81.4586,27.3628,1,1,2018,64,0.7706281489733396,0.04504139554902903,0.04557048912952695,0.2980836643484226,0.013617538275596957,0.07164078047730989,0.09627827363531954,0.06077902190386095,0.24186773244895649
-82.3359,28.4858,1,1,2017,1,0.042496108530859666,0.4799225502727193,0.48419614253685667,0.1230744315277518,0.030836586338013023,0.051173928722818694,0.02144136050462169,0.14555956952783455,0.32310988842807026
-88.05,32.831,1,1,2017,109,0.16022707158570806,0.3397729284142917,0.26496102488178014,0.48836460242143254,0.013982124119796204,0.05560928433268856,0.027569183701849517,0.1006687652494911,0.31320919526731655
-86.993,32.47,1,1,2019,185,0.14009686271038557,0.5392066362337352,0.36637960678020953,0.3173267527003517,0.042404971268545866,0.0,0.057276422507253996,0.15053511938251088,0.15
-88.6778,34.3597,1,1,2018,2,0.1278978637340412,0.3585513841486538,0.44126739731954673,0.10947762801000041,0.03153315388406566,0.035081068102260804,0.012823672138605604,0.12987956679430313,0.24186773244895649
-77.512846,35.926767,1,1,2020,277,0.022558101328210886,0.08990382792655029,0.12992780918095811,0.27413460459785666,0.03623943608595141,0.2864889276285039,0.03385505488813936,0.0011621884513838886,0.0670820393249937
-82.31705833,31.47690833,1,1,2019,195,0.011232401937842322,0.11071758351569126,0.22420632612463795,0.28611205384848437,0.05531528797334296,0.18126924511719375,0.1781141523928755,0.025218611885657927,0.618465843842649
-79.244138,35.378255,1,1,2020,360,0.14202993830282187,0.5031986446849398,0.48794676857967534,0.034240486465478795,0.05871483127540824,0.09233339966706793,0.030273452923580402,0.14873918523221558,0.3244996147917591
-93.6707,30.4926,1,1,2020,213,0.043221432366110944,0.889182625414253,0.5637450733302949,0.2953998525856448,0.061202614296419704,0.0,0.004009346710470148,0.007338875169559317,1.0707940978544848
-89.07583333,30.71,1,1,2020,316,0.04901340753857828,0.5647482924361243,0.5616362614509623,0.20823411990799287,0.05211221737769499,0.0,0.08334097426639138,0.04640523082468326,0.21
-79.048531,33.563934,1,1,2019,283,0.8078352548543689,0.037634000809061485,0.10912714462519112,0.24193111314237625,0.008864855981644534,0.0,0.0103502329197454,0.0016117919966626426,0.09486832980505139
-80.713135,33.109417,1,1,2019,150,0.07818545022378437,0.537588186208815,0.4408954119088932,0.31342703264611044,0.03380934173063127,0.05012150380311642,0.10869613305061444,0.012055578904790943,0.874642784226795
-86.405,31.2,1,1,2019,161,0.04204921971823859,0.5983762045678729,0.5026514921598381,0.09560647445624679,0.08883422858895278,0.017132631672130937,0.07174902069890006,0.030591501025934477,0.19209372712298545
-85.556,34.037,1,1,2019,245,0.046947288585513836,0.5695234483630389,0.6976259479046131,0.004338333386412455,0.1250398905498102,5.560979617113914E-4,0.04159675946551401,0.011851837808974027,0.6997142273814361
-79.097076,35.323382,1,1,2019,335,0.1743357014638587,0.5193158546760047,0.47252553431275895,0.13458566439751135,0.06508150586065194,0.039396341790823186,0.010881135049257265,0.05202098527177566,0.24186773244895649
-89.50171322,32.95065066,1,1,2017,89,0.04140642779477584,0.7411560927503984,0.599055585359601,0.13060458616001247,0.03432190533980581,0.0,0.020536256067961153,0.08819402305825239,0.33541019662496846
-78.792405,35.533025,1,1,2020,336,0.08357348703170032,0.63328530259366,0.40880132239156386,0.04782501254523485,0.032472660420628366,0.2258934719844334,0.007704359802131574,0.0659940487848023,0.15297058540778355
-81.5016,27.6095,1,1,2018,23,0.690555766552728,0.003228256741359666,0.005593896573402999,0.055116408324584705,0.01225268432807962,0.3452738742272868,0.002420166153106354,3.5116136339190235E-4,0.12727922061357855
-90.729,30.8145,1,1,2018,59,0.07078347542310712,0.5653570796124368,0.5824491790441522,0.17812349191285906,0.021955576634258164,0.0,0.0221389613469291,0.08618765314994864,1.3583077707206126
-80.70321,35.628415,1,1,2019,164,0.059904516520157616,0.2596620187935738,0.3296563357335136,0.0018040516878495335,0.005442765670458388,0.23181822489394038,0.01767714259540635,0.3703323467070164,0.15
-85.887,33.018,1,1,2017,96,0.03594230015550134,0.8512244149736407,0.797511415744449,0.007185434364588869,0.053069209302913575,7.900966130138398E-4,0.027154040396059644,0.011649184462276052,0.042426406871192854
-84.81164722,34.38958889,1,1,2020,115,0.07232509637868921,0.4571573026606836,0.5735878831870326,0.0016756455658323993,0.02052963812484598,0.0,0.0337263599542522,0.3782186163188191,0.6177378084592201
-82.2693,27.3823,1,1,2020,171,0.19331899278754905,0.200177147918512,0.06997785856818743,0.1952682940163464,0.002420411185147218,0.0,0.0538660136302371,0.47488467452588423,0.3244996147917591
-79.875141,34.901759,1,1,2018,87,0.0378911435615399,0.7943359251532962,0.635395559823606,0.12910627866718893,0.04157031477058771,0.011897089856830556,0.036856969559118984,8.055650327912353E-4,0.4368065933568311
-84.361433,35.546233,1,1,2017,77,0.2295512844813425,0.08745593085408848,0.29353588072336523,0.003859794164524863,0.0034524366053040574,0.024590319279315726,0.007833524959884779,0.5954394986544034,0.09486832980505139
-84.15697222,34.37580556,1,1,2017,53,0.0,0.9838856449533632,0.8310249083445508,0.00711659766075782,0.002783447177691983,0.0,0.002416954700266024,2.369563431633357E-4,0.8453401682163222
-86.23185,35.521483,1,1,2018,4,0.03711801430629629,0.8100245178575942,0.6871591409847466,0.0013108795931320828,0.006443563543328232,0.007249008986244261,0.003221781771664116,0.17525545254978772,0.6037383539249432
-83.3075,31.99666667,1,1,2017,290,0.34756660386662774,0.1582940306245021,0.2655708156980829,0.43341777350042043,0.03425079739396794,0.12916675886616738,0.030267778961443743,0.012729853355376916,0.12727922061357855
-89.44166667,30.795,1,1,2020,57,0.016429727815440647,0.426363452392998,0.47282960322009043,0.29879418607180475,0.0650364861959505,0.0,0.08563822387474551,0.10652451594136919,0.2716615541441225
-82.22083333,33.565,1,1,2019,76,0.03570886652167315,0.7715846441758129,0.5962623484565063,0.09779067533544324,0.017311502763583272,0.0,0.020133549490103878,0.03619361831897029,0.5316013544000805
-81.919579,33.353508,1,1,2019,336,0.023034716427722576,0.03499456370578271,0.05648566661610801,0.6229273471864097,0.015099419787887595,0.24645741950979025,0.002417550468341149,0.06541923169298056,0.20124611797498107
-81.4192,27.4439,1,1,2018,328,0.4771990682128931,0.0,0.015897948594641786,0.2998068818891657,0.015322846005872226,0.198317429381391,0.01920497114508453,0.12657246633593192,0.2683281572999748
-81.643173,33.675995,1,1,2019,249,0.14453885643476722,0.3762486407202285,0.3681765764873073,0.14500503280804408,0.20579917145665008,0.06763909384786024,0.054651629436988716,0.11403688945487411,0.20124611797498107
-81.5773,26.1525,1,0,2018,250,0.05921377476736092,0.0,9.351543612267889E-4,0.9286806830120374,0.0,0.0,5.000458902874E-4,8.070360887549809E-4,1.4103191128251793
-76.448104,35.492443,1,1,2017,55,0.07891376629287349,0.009671424417502116,0.08073871854245401,0.6141194211781217,0.0,0.29813332996370284,0.0013425871812934962,0.0,0.12
-77.869662,36.18494,1,1,2017,24,0.016965865992414664,0.832136536030341,0.566616139414793,0.09170443578744189,0.027389039962352726,0.17371763895863554,0.03466583286747965,0.047472862047292876,0.4666904755831213
-79.295367,34.727326,1,1,2019,166,0.07064084587107286,0.12240876189032476,0.07838614034537933,0.290349271302658,0.0016115373434280875,0.39560397891729976,0.017262408837544395,0.004398548984415486,0.4036087214122113
-81.83361667,32.93947222,1,1,2017,84,0.022842479173777297,0.35183991302918854,0.30654224225848864,0.3325673101766804,0.1237397839539338,0.05543686436124825,0.10692636861832919,0.0016118123723981876,0.5307541803886239
-81.238908,35.8403,1,1,2020,91,0.1250157912024053,0.3651304984966775,0.47307075823511696,0.0024482507008717694,0.04733899750481665,0.028994662202709954,0.033091184738321594,0.3485644799595716,0.47434164902525694
-89.2375,33.04777778,1,1,2019,269,0.0524006978331774,0.8756415766984397,0.6633508126067177,0.17879269136821194,0.03505378790751767,0.0,0.02441313663771853,0.004835223178732602,0.27
-90.0223049,33.29158891,1,1,2017,328,0.0422629582806574,0.7698609355246525,0.7659788216402715,0.016632050268268667,0.00421563577412535,0.029815984654327353,0.004029187115449642,0.1534156446225363,0.2580697580112788
-80.9237,28.0967,1,1,2017,106,3.542330853701734E-4,0.19436010323364195,0.1947888803127888,0.44304943629714916,0.019428166411421487,0.0017846068169449056,0.03780265539368933,0.2026826057790885,0.4242640687119285
-81.218872,33.959587,1,1,2018,189,0.7267937021405649,0.17245823750916128,0.1970884024430808,0.056406010035598746,0.04294837158304184,0.0,0.013498781886606442,0.019189630710992726,0.2545584412271571
-85.178783,35.225917,1,1,2020,96,0.20213545615365164,0.5269396007076066,0.4246783379247155,0.009534509151683397,0.012082139596882969,0.0,0.009665711677506374,0.1449761989746765,1.1244998888394788
-77.237352,34.722354,1,1,2017,26,0.3795220291026678,0.22961297493936944,0.4039645820159263,0.32169566353622825,0.04652081319000767,0.07542925032071338,0.028279649395542252,0.00805733027470757,0.19209372712298545
-77.586717,34.9153,1,1,2020,105,0.1548730124651115,0.2011341104557911,0.19957746407686522,0.2076728682405626,0.008862699252752812,0.4607529344855371,0.0597860945670548,0.003718858117821768,1.0816653826391966
-81.7427,27.8553,1,1,2017,49,0.1991038995557468,0.0,0.015002551041067711,0.146103790928012,0.023011996355537568,0.48187259566713925,0.002420150840251064,0.2933760629682124,0.6906518659932802
-86.919,31.296,1,1,2020,124,0.029611171544941677,0.48813529307596953,0.6699333495529405,0.1124317221126021,0.022312084632263213,0.00103071270938328,0.19448853253068432,0.03807313633863024,0.8077747210701756
-83.68766667,32.09850278,1,1,2019,268,0.039751678446346604,0.03614823431237435,0.27252535295387886,0.09301081277628052,0.027921517554867846,0.6922658692401793,0.07252071275260705,3.8564758764789733E-4,0.3
-83.05842222,32.58184444,1,1,2018,92,0.045172876040164886,0.4061006146141586,0.3879801675292593,0.16412962405786907,0.12307157418967388,0.06763911057730292,0.1183178722126522,0.027374875547197225,0.31320919526731655
-87.333,32.62,1,1,2018,257,0.23575005057657297,0.5488316811652845,0.5179838034774742,0.09387813924559506,0.004029823857189368,0.0,0.027703063614325344,0.11057836664127628,0.3612478373637689
-82.89256944,32.83749722,1,1,2018,31,0.013405842923991397,0.35037308713797893,0.5256400856565702,0.09388849982175955,0.30339866430248846,0.004029849331045012,0.02438137861935782,0.0016119397324180047,0.12
-82.5779,28.8598,1,1,2017,2,0.4311531841652326,0.12486078768856948,0.1380424199363175,0.4351555525866727,0.0024197451201806745,0.0,0.0032263268269075657,0.00776532584319419,0.7553806987208503
-83.26310278,33.06638889,1,1,2018,78,0.3062352212232718,0.5234626910966959,0.4831230135576116,0.031070158389549504,0.08835204288025887,0.0,0.010928650889967638,0.07639942354368931,0.23430749027719963
-82.736933,35.785833,1,1,2018,107,0.0718211104794391,0.7037584486134802,0.7694323532473412,0.0,0.0024163668581861143,0.0,0.015303656768512058,0.19001171858959987,0.29698484809834996
-82.897425,33.87167778,1,1,2017,16,0.029332591909209265,0.7908299316289006,0.6734323601687866,0.11725292285542263,0.06406347260358373,0.0,0.054596929376933334,0.0,1.2
-81.91206944,32.52371944,1,1,2017,48,0.10131351057508754,0.10256507503065698,0.15715604101085953,0.2640750432990735,0.020013654293516748,0.43501567715181566,0.028199908971376562,0.026698568827753625,0.3
-82.611844,35.851294,1,1,2018,89,0.09056331977052744,0.6551467057545051,0.7332973552577262,0.0,0.003221741066775321,0.0016108705333876606,0.005638046866856812,0.19708843047514366,1.7181385275931624
-81.92847329,29.17609548,1,1,2020,127,0.06860872535006389,0.688376740832564,0.6119341657494904,0.19178716459827685,0.002017888997128145,0.0,0.01652897789810609,0.010851688321546498,0.4080441152620633
-87.705,30.984,1,1,2018,59,0.06777453174994623,0.4974263636478606,0.5133009934645814,0.3284058029662305,0.02997853256316136,0.0,0.0499852984416348,0.004578033658664591,1.1833849753989611
-83.07060833,32.18110278,1,1,2019,14,0.06567016958154712,0.5093895823058538,0.35411912968896664,0.24547640143055968,0.046120778215036434,0.15502663063233926,0.06998245697216823,0.01884216016310275,0.10816653826391967
-79.197313,35.748475,1,1,2020,85,0.14216733450468327,0.7206709559985333,0.7264197473466751,3.865905142310791E-4,0.006951682490351026,8.053971081506187E-4,0.020134927703765466,0.05456802289222838,0.5408326913195983
-79.97715,34.206718,1,1,2018,225,0.13398362478520162,0.26766400485191555,0.09270707635470592,0.31825270723812427,0.007252468051219175,0.39195560667922297,0.0438244997535109,0.0,0.19209372712298545
-79.42906,35.128598,1,1,2017,45,0.5398564460282556,0.20447595218237405,0.4074177208408861,0.0863618468697709,0.04713432524705732,0.002687705091479883,0.023450305880420835,0.015042936957366256,0.21840329667841554
-76.601351,35.477474,1,1,2018,43,0.05661020802546324,0.08468796180516087,0.15632349448428148,0.09642324737605423,8.05524317357628E-4,0.17565168496733682,0.007249718856218651,0.001611048634715256,0.03
-79.111556,35.29212,1,1,2018,101,0.24733588683681604,0.49134716270367984,0.45668629567636265,0.13561401806434922,0.10981225758360605,0.015303028388775885,0.0190711424997789,0.037317911334032415,0.40024992192379
-89.22598427,32.05847795,1,1,2017,328,0.08999974708515644,0.5085358759705609,0.6345861011300451,0.08904521444050265,0.053537278850925706,0.0,0.14875505359417626,0.08855129773453577,0.2683281572999748
-80.5503,27.7081,1,0,2018,77,0.022840358051732658,0.16378207968803418,0.0779519807254772,0.43537543055123185,0.009402534128478097,0.027578024898365933,0.04725311229574322,0.20389768574908643,0.33
-81.76783333,33.12544444,1,1,2017,76,0.27438685208596725,0.38672566371681427,0.22619911982299395,0.3405184792677058,0.07421031840088496,0.0631840088488584,0.07461167733270134,0.001523267756972428,0.18
-89.33727778,32.72777778,1,1,2017,270,0.07121995625403008,0.6471242714273072,0.607502849381732,0.06720849586017955,0.06601179527051375,0.0,0.11745333409187167,0.09227934437006562,0.16970562748477142
-81.989,30.063,1,1,2017,28,0.04874593678458951,0.6327738638807028,0.6099074089533183,0.159740678285955,0.007965947865575022,0.0,0.0961321354369254,0.022041546892837598,0.7206247289678588
-81.471878,33.415257,1,1,2019,266,0.07188353048225657,0.40491355777979976,0.41508176697146254,0.11873526874957667,0.08443333470273891,0.07588192353028544,0.08407623586220407,0.0749654751784704,0.08485281374238571
-82.76579722,30.72901944,1,1,2017,112,0.047934720728698844,0.2976026314124866,0.30893118298172884,0.46641403525811814,0.027372268543549936,0.0,0.17924298619213383,8.062756703945055E-4,0.5135172830587107
-84.59219722,34.42211944,1,1,2020,319,0.1481135056563231,0.7064147127599066,0.6820413929754768,0.0019829605909960557,0.024744717419876636,0.0,0.025322894550601535,0.12172998180163778,0.12369316876852982
-81.420864,35.786495,1,1,2018,117,0.48235725298890364,0.36477264110406166,0.4128402630287724,0.001548803479830435,0.03042898744812163,0.011275844424931932,0.002416252376771128,0.08878543047194302,0.3661966684720111
-92.7304,30.9068,1,1,2020,162,0.04474969011661734,0.5421567883433257,0.6058693348373829,0.17940092620460965,0.12801469565327367,0.0,0.08818340478810185,0.08223621808248285,1.945379140424817
-85.761683,35.347483,1,1,2018,99,0.032221786982398054,0.8043063470602356,0.7686382401739286,0.0032217455442627406,0.08903166300255226,0.0,0.04091173274707502,0.015736739696257548,0.21213203435596426
-93.4947,30.5419,1,1,2017,79,0.036543715846994534,0.878478546852864,0.6053088472018049,0.23661658752955647,0.032888329559971154,0.0,0.03976259438675486,0.004553330888026003,0.8527602242131137
-82.6927,28.382,1,1,2017,99,0.3928824541864937,0.07927508352738684,0.045726530548207196,0.17019024969671692,0.0016100309037365996,0.0,0.0016005415270937513,0.0,0.0
-82.47944444,31.55861111,1,1,2019,142,0.20840763364571083,0.12421747543347121,0.1953409187467883,0.23801696197717098,0.016022307300772344,0.15268613918668134,0.05512647442848606,0.10242832167279463,0.15
-80.88432,35.98833,1,1,2017,45,0.05419571587349703,0.2703091846013944,0.4141554401108026,5.15408438448863E-4,0.00487019139662687,0.1991219758701282,0.024000379003221523,0.39485818962794517,0.5507267925205745
-80.467308,33.73819,1,1,2017,25,0.3577994411359354,0.20986483581787602,0.2612703063687203,0.2831658471826636,5.813696310198617E-4,0.22409587543523743,0.009074421632005666,0.02482511516806007,0.7683749084919418
-80.759022,35.56316,1,1,2019,76,0.145031322623017,0.3791174093159542,0.37879325383229184,0.00966019520507448,0.011276556764986456,0.046322326318914954,0.011276556764986456,0.4224665651671271,0.2954657340538831
-78.620818,36.233615,1,1,2017,202,0.06583020608266049,0.5604412266403852,0.5613963819213288,0.047689639910023035,0.029975367902482182,0.07043832501736885,0.025573169961472894,0.16286553401124246,0.19209372712298545
-80.365026,35.71458,1,0,2017,260,0.08076597572220748,0.3984235855849027,0.415040928332088,0.04695325342214828,0.021327126475260465,0.06686478923948089,0.010200891235760593,0.13046087184459268,0.03
-80.602623,35.797205,1,1,2018,108,0.03198089485854361,0.6822001238296203,0.4861047384772106,0.01868265361191905,0.024166569263282905,0.07437617081499774,0.03894450534349695,0.2116991467463583,0.2765863337187866
-82.600109,35.613399,1,1,2019,144,0.5506746513038208,0.36380634728118055,0.19820845983740115,0.0,0.015303705107552351,0.0,0.0,0.037193215199469346,0.3
-80.229034,34.206379,1,1,2019,273,0.28121999292464755,0.026608379238894225,0.064211812437854,0.3333808512068785,0.0016115373434280873,0.47693289684897044,0.006446149373712349,0.0,0.15
-88.447667,35.829433,1,1,2019,75,0.0604161665676997,0.25001579259895634,0.5081299703785906,0.035251600071552244,0.0073717989210769,0.3660631940671863,0.004573421095852337,0.24070786956906237,0.2563201123595259
-77.754112,36.211261,1,1,2017,66,0.07029197817740959,0.11907708628005663,0.19040285455733308,0.3014696705809718,0.0024163210643183626,0.4922282902238495,0.026579531707501988,0.0,0.37589892258425006
-90.50291121,31.77599913,1,1,2020,218,0.06344208396560444,0.6869119878603945,0.5706046961397219,0.18645577347425013,0.031698110821678775,0.0,0.08080220530588504,0.08565476341013128,0.12369316876852982
-82.411728,34.380306,1,1,2018,17,0.13163648312206963,0.2903812857810862,0.48431576521111475,0.007884829626214897,0.013487427215599793,0.0,0.019155369221874333,0.423237930348133,0.19209372712298545
-81.5574,30.5886,1,0,2017,92,0.30347245070992873,0.05164384601756472,0.17202306395705305,0.38210226410436465,0.009675705757361128,0.0,0.013340458362845293,8.063088131134273E-4,0.10816653826391967
-90.13,30.7894,1,1,2017,44,0.0731849228434101,0.14645838603592215,0.33616800205176667,0.37643189890091894,0.052663030590467154,0.0,0.05082285985297605,0.03568729744684215,0.03
-81.458282,33.217098,1,1,2017,53,0.08062029219958544,0.35997927303978555,0.37366692165774223,0.19214731978762772,0.05480954292197469,0.15488128233409068,0.12573043046807592,0.04851733281082601,0.19209372712298545
-75.880983,35.689583,1,1,2018,43,0.05799555241079554,0.0,0.0,0.9764003466598613,0.0,8.053386054061902E-4,0.0,0.0,0.09486832980505139
-82.448,31.14947222,1,1,2020,124,0.08768956401856744,0.40042750717782,0.40183441317847757,0.39071240441865657,0.06489429305815068,0.005994328151527511,0.11200161872152617,0.0304174214904252,0.6007495318350237
-82.550203,35.860518,1,1,2019,80,0.10781575788210024,0.789044038668099,0.7143720496373412,0.0,0.007248711340206185,0.0,0.006076915302203355,0.12171518091772789,1.532644772933376
-82.11808611,32.319225,1,1,2018,18,0.039278171908393084,0.23125561161905483,0.25077788279342994,0.23676764857144172,0.07420624259186094,0.25518135124456753,0.039326748320821836,0.03819201896483605,0.15
-77.580546,34.832597,1,1,2019,323,0.24195097295931262,0.26516300227445044,0.31961244639423025,0.2347767194911464,0.030703430760920733,0.11860621586533454,0.038527751542278825,0.00894253214857681,0.12727922061357855
-76.967138,35.722897,1,1,2017,102,0.07894903130410606,0.5031405209346999,0.48401216849935325,0.1569938551099612,0.04754295098534613,0.33302804446690243,0.05505937342091965,0.0016106619504800404,1.17
-89.50226505,31.06520154,1,1,2018,20,0.05437160888866404,0.8566026281508089,0.5218884819214218,0.1831576167971621,0.030133261670276145,0.0,0.030171200935835196,0.056814050174678665,0.5126402247190518
-81.1614,26.0267,1,0,2019,225,0.0,0.22929912105169842,0.21228909977083368,0.7851286034432647,0.0,1.6773425829809863E-4,0.0056491632275869055,0.0,1.129690223025764
-80.5162,27.047,1,1,2017,140,0.3364985313481212,0.058189000303859005,0.03372217705231417,0.236533657881654,0.02543295179160102,0.11322867827110347,0.011294394563504869,0.21168289642692178,0.15
-80.694633,34.731575,1,1,2018,109,0.18817346925885226,0.6130038781723325,0.4748487355754821,0.0014647541634044972,0.011465926073370549,0.00402839783509161,0.03211975873846377,0.23766915321497736,0.35114099732158877
-80.7983,25.2619,1,0,2018,157,0.019377881351638895,0.0,0.0,0.9759839700709843,0.0,0.0,0.0,0.0,0.12369316876852982
-84.67022778,33.03961389,1,1,2017,105,0.05321045245951379,0.4640396455164917,0.634335776491479,0.07914730140238894,0.07885547061407525,0.0,0.02737756259737632,0.23363998647397335,0.16155494421403513
-83.14658611,31.67829722,1,1,2020,216,0.055873834907867584,0.2728686876351631,0.21647771182565986,0.20896250844632192,0.028817095530125826,0.4121388379591579,0.023550610103053687,0.00740342669279889,0.15
-79.526436,34.659004,1,1,2019,269,0.145745715404337,0.1250584119526642,0.13251389667455374,0.33956057342706153,0.011488405746730584,0.2662112590167872,0.024240662510703257,0.0016114100469836626,0.19209372712298545
-81.530983,36.193967,1,1,2017,55,0.06124022191050284,0.9290922647255816,0.8683634114706366,3.865348439687677E-4,8.053614967722376E-4,0.0,8.053614967722376E-4,0.01230150207814849,0.7249827584156743
-89.6475,34.40055556,1,1,2017,47,0.04222486224154493,0.8651104595318743,0.6235942135354828,0.13748034337861875,0.01611323496887933,0.04315503459606329,0.0048339704906637995,0.018855644371425853,0.042426406871192854
-90.8398,30.6781,1,1,2017,59,0.11296483683278526,0.2878699721730332,0.35762946535390755,0.2540662878395066,0.011948915933890462,0.0,0.039419723458008045,0.11361746394614607,0.18
-88.045,31.257,1,1,2018,125,0.06489925500562853,0.31989223510959874,0.3388809111090993,0.41878252055240733,0.03048994470456939,0.0,0.06377469562220797,0.008868135099161878,0.6413267497929585
-78.721829,36.15756,1,1,2020,357,0.24981057736020612,0.5542632722129617,0.541344759460156,0.05740567634619948,0.07166361397082043,0.020624644729362714,0.011163392913535018,0.05825175266847721,0.12369316876852982
-83.79611111,34.30027778,1,1,2017,28,0.4127876849967768,0.5676857550901756,0.481720857324977,0.003399900823588821,0.01047376818691648,0.0,0.0013870239016761192,0.02218922291906921,0.17492855684535902
-93.5279,30.3407,1,1,2018,152,0.02385741211592223,0.5313903330676886,0.5733777518079789,0.19448209222145496,0.07813295472152745,0.004019061291475227,0.10617152000202379,0.01604778603795183,0.7224956747275378
-82.7333,29.356,1,1,2017,203,0.09504827708388697,0.45713273350796596,0.4381407982609452,0.4215922511671119,0.011183326217246228,0.0,0.06825750747189142,0.0,1.4103191128251793
-83.27958889,32.12639444,1,1,2017,236,0.0233552090841268,0.5598042562876977,0.4512253772774326,0.2111049357461424,0.04407817997325719,0.0832566770034171,0.08763478079450725,0.0072546918415537336,0.12369316876852982
-80.395216,36.28456,1,1,2020,330,0.2482540885268674,0.5240639009913493,0.5459315039146971,0.0014172335600907031,0.014255217017836394,0.03190844323177203,0.010465615683896723,0.17810178869182966,0.2716615541441225
-76.315859,36.214181,1,1,2019,161,0.04358102556972586,0.02053920143584818,0.0707110822768053,0.23311980451957523,0.0,0.6862372919897292,0.0032119407133224466,0.0016107077323445898,0.45099889135118726
-81.24625299,26.04872473,1,0,2020,187,0.0,0.03667063562435082,0.0667616203973981,0.9274879911209991,0.0,0.0,0.0,0.0,0.17492855684535902
-82.4309,29.1306,1,1,2020,27,0.2957138881157807,0.40807884016901563,0.2817776626278738,0.011788471425506333,0.04468538679048348,0.0,0.10059588950108489,0.09282149250710069,0.8637708029332781
-80.619975,36.410725,1,1,2020,320,0.19258941200242471,0.558054657506567,0.5303786647049492,2.62730027718018E-4,0.01046917042483041,0.04716969214638522,0.03248758858528822,0.18154141559606374,0.24186773244895649
-84.95583333,34.52833333,1,1,2017,257,0.48851758698701986,0.16989168488770365,0.27543356589276585,0.00999939850961803,0.01729062016238587,0.042071841531608374,0.013622721385018799,0.21921776766815163,0.19209372712298545
-80.463272,32.778759,1,1,2017,66,0.12945773686074158,0.3111563559107695,0.2921579553625516,0.5672170920428676,0.012636748004474526,0.007795663247571557,0.0282027946836547,0.09798140669535925,0.674166151627327
-87.6637,35.24975,1,1,2017,275,0.05466953115127005,0.7690130165550356,0.7755023861541903,0.0016753364697249258,0.04905630577272369,0.010244018005212036,0.04635236515833532,0.02936744847192609,0.4459820624195552
-81.3056,27.7632,1,1,2020,131,0.009680480860487187,0.4660803543182537,0.4212960174364014,0.25207970897487747,0.004840393558796543,0.07178018918662402,0.3003828023664145,0.0015280458097377322,0.15297058540778355
-81.56481111,32.68718333,1,1,2019,265,0.038675011062646196,0.16002275744358058,0.27984126325966535,0.26152626346698593,0.20022883295194507,0.057344147059939066,0.11146124378927141,0.004835834481712328,0.18973665961010278
-81.87955,31.31997222,1,1,2017,26,0.04915813841697132,0.5336048879837066,0.3087548955985007,0.4681019164595799,0.06034480033133205,0.0,0.08899174515252972,0.02214992775822876,0.40249223594996214
-86.148,33.355,1,1,2018,126,0.04604181942302347,0.4778260979494832,0.6255954601942884,0.012234804705235197,0.11332631798488853,0.06623500153263243,0.113003991164453,0.159011404681323,0.8188406438373709
-83.697983,36.2454,1,1,2017,61,0.04959951486974759,0.6921949617201912,0.6585256790500222,0.0,0.03644505923111662,0.0,0.0181341013955868,0.2775161776270287,0.5824946351684279
-78.84648,34.485942,1,1,2017,356,0.062065390547955616,0.12084355324044814,0.281044829909588,0.3663015716322724,0.030246069179906285,0.4376486793013137,0.019918682492094122,8.055930270394926E-4,0.2563201123595259
-82.3518,29.8692,1,1,2018,300,0.0367278797996661,0.3920296453685435,0.34639584714162136,0.21159896178540544,0.015088742425584134,0.05856494073296311,0.036107351136636774,0.24380763830029478,0.7156116265125938
-80.760674,34.685963,1,1,2018,198,0.3095120686821177,0.4480269063965913,0.40628089499190295,0.006915929230377321,0.035940061985233474,0.0,0.02413696145984386,0.10891329965532165,0.5604462507680821
-78.54688,34.492096,1,1,2019,177,0.0492086948833567,0.4338095057658545,0.4072273359775133,0.20214432331041776,0.07123786292730552,0.2714280749093966,0.044178470657747985,0.004044374370041297,0.22847319317591727
-78.090605,35.779475,1,1,2020,248,0.16944760460118816,0.22825180128934383,0.16680706006125426,0.15373758882808825,0.03268068816742417,0.4359225416839066,0.019835191040052557,0.06083528895261978,0.2716615541441225
-80.275169,33.21664,1,1,2020,196,0.05305740616664349,0.4249143521737481,0.3628192721621064,0.3569386679933546,0.06339693256963673,0.15126313393771568,0.06129487033595061,0.009950814904727582,0.5507267925205745
-88.86781631,34.67852207,1,1,2017,276,0.044084934277047516,0.6963599595551058,0.6897379080560392,0.040158890776995915,0.0370851261443979,0.0,0.06283526356692003,0.12462169317183817,0.4242640687119285
-83.363928,35.13061,1,1,2018,133,0.2906458093781984,0.4501080350260927,0.6418729259932742,0.0015626753082139508,0.0024165805858549503,0.02722680793396577,0.011094158192839982,0.1988608902493344,1.520855022676389
-87.1064,30.7795,1,1,2020,118,0.01931346757057573,0.2408302134979257,0.35360150950268343,0.06495211982942216,0.06369497238145524,0.5719172992952289,0.020962902302757425,0.004031327365914889,0.9684007434941384
-82.98335556,32.57773611,1,1,2018,3,0.09726209294973126,0.2658741700916852,0.32066594794020115,0.12476258765799675,0.06591735913344983,0.31949453348968465,0.011473508206877144,0.11165335465783337,0.1341640786499874
-89.9101668,34.07085685,1,1,2018,3,0.08423926783637559,0.24879911007736258,0.4836892289058446,0.022827294684769288,0.034989383752085323,0.059681638946463764,0.006268641625802535,0.43169581922046396,0.2683281572999748
-83.21094444,32.82036111,1,1,2019,42,0.1340513754045307,0.7921091221682844,0.4987343717923176,0.17710552902045532,0.04648729966593873,0.00565091384884754,0.03626951192918029,0.02506249822223769,0.4242640687119285
-79.536475,35.821554,1,1,2019,37,0.05458633888755542,0.36813249283088456,0.42127417025521247,0.003572038553155111,0.015991259122185984,0.02924467826432946,0.04750957612426701,0.44535530342024765,0.17492855684535902
-84.53270278,32.071725,1,1,2018,34,0.2378182186081216,0.4059539918809201,0.5507533027639394,0.23195484482079387,0.05922144426356471,0.211667272526118,0.0450316890834664,0.015394098402111565,0.21213203435596426
-81.95855556,33.15583333,1,1,2017,118,0.05139424596901676,0.45206449573190005,0.3528302688141056,0.2547843611936103,0.05317632632680086,0.2611094782550985,0.12635461208081694,0.03723227745489367,0.48373546489791297
-89.13130362,30.67854731,1,1,2018,17,0.08848941795595139,0.6644612835076978,0.5173885704428451,0.25923784403681344,0.027434078842937047,0.0,0.04783256231640258,0.057166979184123896,0.4036087214122113
-88.61018658,30.78979096,1,1,2018,44,0.08899569946875789,0.2872628383506197,0.33981597689619225,0.2056371429424172,0.044894900591895555,0.08081967420448218,0.1553441341629988,0.16791242980725438,0.9304837451562493
-81.4479,28.2029,1,1,2017,60,0.580679042810321,0.0531364286347013,0.022805032108643035,0.39781970976702036,0.0032391225267686253,0.0,0.005447040030366771,0.08421085928479917,0.19209372712298545
-88.96277778,31.12861111,1,1,2018,83,0.05046225448658766,0.5529094841214637,0.6825258968617238,0.21056643552251753,0.1444636240626225,0.0,0.019051051506759235,0.0,1.0551303237041383
-81.5448,26.1521,1,0,2019,133,0.1701812566452332,0.0,0.0,0.9090180460157706,0.002918164784524234,0.0,0.0,0.0,0.5916924876994806
-80.4046,25.5181,1,1,2017,18,0.9156545636453439,0.019376654297691268,0.004653915953042592,0.06244126272978427,0.004035946833127054,0.031201825830692843,0.011300651132755751,0.0016143787332508217,0.12
-76.322579,35.862496,1,1,2017,97,0.04188461830035632,0.024170520304247853,0.02219649604009377,0.5523039615232437,0.0,0.24816688455635771,0.0016104890202542682,0.0,0.39115214431215894
-81.431951,35.406644,1,1,2019,29,0.07987208332280003,0.3016912303764188,0.36995764069485054,0.005659530641514551,0.013914949805095932,0.11517345514047622,0.019705211551461616,0.4171262864615909,0.12
-81.834,32.30272222,1,1,2017,88,0.12325995979416636,0.2124334644026652,0.12419239016101633,0.35453768508779077,0.010222305107675586,0.23190155736849938,0.025122721396352986,0.028470099599515776,0.10816653826391967
-88.409,30.843,1,1,2020,228,0.15766574760326815,0.6733741431209369,0.4833723935346048,0.2121548129536543,0.012501343720556713,0.03324838911617967,0.034573139500325666,0.024247042233927527,0.3059411708155671
-82.020817,36.0281,1,1,2017,104,0.11029690461149717,0.757650031585597,0.8644971332103445,1.7028432429209482E-4,0.008935057387766964,0.0,0.0048323215988983585,0.1306716611184456,1.972941965694886
-76.802268,36.452949,1,1,2020,73,0.07553725064116329,0.2844743724179752,0.3956822682163626,0.17946119048617556,0.025428331449285427,0.34474287482554133,0.13691765552868068,0.0,0.8863972021616495
-81.323708,34.52747,1,1,2017,274,0.057708109474748755,0.8109221920232604,0.7716467136239221,0.00235089554916991,0.06726941885590816,3.569758772761164E-4,0.017858271099485713,0.03768148906327006,0.7130918594402827
-83.69222222,31.56472222,1,1,2019,85,0.045258538929425,0.1262787845066326,0.17370694930976271,0.25155299608627796,0.008551656112774374,0.4878964822817906,0.010669811231280413,0.004836981091513787,0.09
-82.57824,35.82495,1,1,2018,106,0.1427308100459851,0.3711405326191318,0.5770608739417326,0.0,0.012043702246073087,0.0,0.012887045676364593,0.4062514805888875,1.6641213898030396
-86.9221,30.7064,1,1,2017,106,0.08728703153261402,0.47176231011497416,0.5776861473273973,0.24358085190013468,0.015743276144462505,0.003225174064541425,0.02707249053000361,0.04273355635517388,0.2765863337187866
-81.50679,35.459903,1,1,2017,72,0.11842387938987253,0.36981713866878996,0.3896587395158,0.006148641785395369,0.008850144501824043,0.12006443360022746,0.02000284265883357,0.38587514410701035,0.5604462507680821
-78.613332,34.58017,1,1,2019,166,0.012250935571963186,0.36837513907150815,0.33614741316781116,0.1512698488918992,0.10550055908978914,0.24638170986714492,0.07991509416082831,0.002416405021068524,0.41677331968349407
-81.050003,33.849998,1,1,2020,123,0.018560898205864127,0.3596616555613154,0.35699505937296055,0.1326846264247969,0.11721958925750399,0.0,0.1855734597156399,0.0,0.15
-78.468248,34.420579,1,0,2019,182,0.06267525577870404,0.33780472401162054,0.3838081687015556,0.2687897574055872,0.06673470741949653,0.1317662894933913,0.08467913940033557,0.0024172372715868767,0.5247856705360769
-84.5712,35.581383,1,1,2017,233,0.1051786887731891,0.4223449426275085,0.3666266098931809,1.2886220234094612E-4,0.057268750296119685,0.03257474059918825,0.013471469858968091,0.4337371089246515,0.39115214431215894
-77.490052,35.840641,1,1,2017,59,0.12694002803490473,0.20254587242855518,0.17317934987193598,0.18096728440942725,0.022295639100594112,0.4857505629972618,0.03243748598428977,0.0024162294817898417,0.5028916384272063
-90.65222222,31.47055556,1,1,2018,171,0.04923154765669469,0.6249826070457275,0.6986660961424369,0.004335579519596344,0.06751202918618841,0.0,0.14718918542966797,0.03575244851634768,0.885889383614004
-79.465836,34.700606,1,1,2018,31,0.0668283685792971,0.036016574446044614,0.10649870403991797,0.33604184272988635,0.002578541228219858,0.411618603416567,0.031470210896864664,0.004834764802912234,0.2765863337187866
-81.9892,30.6608,1,1,2017,85,0.10663006489645664,0.48262470113473926,0.5034108723992263,0.23368307949292974,0.028008246275263698,0.0,0.07947158070472765,0.03676991374294891,1.1415778554264269
-81.4771,26.4308,1,1,2018,56,0.3600476045781424,0.0,0.01610014085091776,0.46803666376729114,0.013717486235048428,0.01406240111385357,8.069109550028487E-4,0.06375229415859761,0.12369316876852982
-80.13253,33.168617,1,1,2018,189,0.14230628215987956,0.24700051835088546,0.3566029045124959,0.31004252664171994,0.0038438802960040724,0.07326132379949866,0.017240561788163005,0.06625003556221493,0.8319254774317228
-84.2918,30.6699,1,1,2019,154,0.04845686820136604,0.27916772071844165,0.40033094274164477,0.4497619104228753,0.030678706707390337,0.011287538178437959,0.020137347523381335,0.028784803242716858,0.2580697580112788
-93.92,32.1523,1,1,2017,319,0.0580432226001846,0.39016679523008624,0.43961984673914856,0.17395708433190227,0.03265298381259147,0.0,0.06374760160198763,0.28049640121761177,0.06
-85.31719167,33.75971944,1,1,2017,270,0.10251061893203885,0.6445438915857606,0.587024803708297,0.03107301075654774,0.0623305548007103,0.0016115067904472397,0.05042752327205392,0.13465561151942962,0.15297058540778355
-79.218196,34.74414,1,1,2019,177,0.11858192254687515,0.0681855537152466,0.07762178347033163,0.2239519916946802,0.008801304084108369,0.6240459462191669,0.0040278760614638085,0.0016111504245855234,1.3602940858505561
-82.2039,27.0572,1,1,2018,60,0.9389837804986133,0.01714379771838083,0.008080572859055717,0.09500317664419816,0.0016137146762603585,0.0,0.0016137146762603585,0.0024015871358462984,0.08485281374238571
-85.31582778,33.76073056,1,1,2017,60,0.12955214824739925,0.6403281465282961,0.5848910854249407,0.03099191937166846,0.060848600516946155,0.0016115067904472421,0.0499029936108496,0.13170434222084607,0.21
-82.72515,32.47083333,1,1,2019,165,0.10097345132743366,0.45613147914032875,0.3991098988231774,0.1671652689620577,0.14237942772617088,0.14000575244874164,0.11411657242554223,0.014475942437584358,0.12
-83.1116,30.5092,1,1,2019,69,0.08810321927771801,0.4247296186199478,0.33886169731094246,0.06727322856355114,0.13817135448781803,0.19868772628816267,0.07212762257110784,0.10193678951445873,0.24186773244895649
-80.5153,25.4537,1,1,2017,135,0.1965648613414001,0.006088068145860492,0.0069734795079974725,0.06429578491905295,8.070667396719197E-4,0.659990694995237,0.02655407821900943,2.6585727895075E-4,0.4846648326421053
-85.272,31.71,1,1,2018,29,0.03276387501422594,0.634412817238022,0.6481485977167757,0.07817352180149348,0.13515717862471863,0.004836751726056496,0.11233276851875267,0.02553994587896107,0.1341640786499874
-82.21702778,32.85025,1,1,2017,57,0.02967467853485227,0.1590193574490145,0.17989305624028226,0.3355591793393758,0.038456919274602874,0.44337338735675025,0.04246126811754516,0.004029632813537036,0.30886890422961005
-80.716537,32.522278,1,1,2017,82,0.10672111664601616,0.1109565833059398,0.16885422639979034,0.36424487723673676,0.005641842559405281,0.01478257571447535,0.003223910033945875,0.029776918068435375,0.15
-83.69725833,34.63939722,1,1,2017,31,0.17404823297436667,0.816282420749279,0.7435579522726663,0.0016755566360888109,0.02094541870302682,0.0,0.0024578485295557867,0.0297816684937306,0.45694638635183454
-81.3991,26.6037,1,1,2017,2,0.00932769705867463,0.012960056700248062,0.058083832941645805,0.555262366508135,0.004034976122435418,0.0,0.016608278188659665,0.5829005623649075,1.5323511346946561
-81.8025,26.4853,1,1,2016,364,0.891886759008382,0.0,0.0067533495884906985,0.2583997918151771,0.011214657532079182,0.0,0.0,0.04513076910906131,0.0670820393249937
-79.693481,33.59882,1,1,2018,71,0.06673746223183022,0.08350084069733635,0.1588701649260308,0.5106169773554706,0.003650892493069624,0.31003505488982513,0.02857178982238643,0.013067350273895951,0.942019108086455
-80.9719,28.4196,1,0,2019,150,0.0,0.2130324229275512,0.13104354031388712,0.49791231204482117,0.029119057561148444,0.0,0.030223082665856844,0.2511419858532944,0.57
-81.472,29.0265,1,1,2017,46,0.05358701564852179,0.5921517033738567,0.4624599095009797,0.33018175708978126,0.013613317265570395,0.0,0.008815129000730646,0.03273332257931879,0.15
-88.951883,35.323233,1,1,2018,107,0.05661569569063567,0.4125742449134337,0.511762734940106,0.19273894768866592,0.007299915660861903,0.07403839168106541,0.00644388920301094,0.3019151617763654,0.0670820393249937
-85.4206,30.7255,1,1,2017,74,0.04629805320481195,0.30455517184673564,0.24482221356630124,0.3225105093559827,0.03930756461939768,0.12976681685242272,0.0938898110821279,0.03573472452770532,0.5126402247190518
-83.073033,35.431533,1,1,2020,134,0.2390971932618064,0.7608017085592247,0.8350433773212942,0.0,0.003221761419091147,0.0,0.0024447483709574,0.0072489631929550805,1.710263137648707
-81.939704,35.311265,1,1,2016,364,0.2530351841323985,0.40520497757564283,0.47350060290221835,0.0059279488892549975,0.07378123706846178,0.0,0.016129083207242618,0.24754004630872695,0.28460498941515416
-93.3205,30.3167,1,1,2017,289,0.06764739365268099,0.5290739592951923,0.37645094706168025,0.2765794479520803,0.0286519269930813,0.04187589329758036,0.024598095141726017,0.17021350602699187,0.042426406871192854
-77.936877,35.96231,1,1,2018,118,0.3800588807601429,0.06882478551482757,0.14014666699679293,0.2900394686113123,0.02726899513673973,0.2857133834396514,0.008858081222762586,0.03154487462893956,0.2580697580112788
-87.511,33.728,1,1,2018,129,0.03471028415411063,0.8874127818788559,0.8242046124967832,0.038485162995478904,0.024823288896191502,0.0,0.011305718899003716,0.023366626958673135,0.4295346318982906
-85.4526,30.7537,1,1,2018,31,0.10589291812650987,0.058625618193546725,0.2160366363218801,0.27351484898089695,0.022907207628779912,0.22880016188392407,0.01488889450985847,0.09011433052144324,0.0670820393249937
-78.02658,34.882996,1,1,2019,265,0.06570468272219555,0.2463293826286928,0.3025743535054626,0.21878694299627777,0.02493444953403887,0.4106428684252095,0.028330437529616195,0.003645553625019746,0.24186773244895649
-82.03632222,31.12814444,1,0,2019,146,0.041558605857423006,0.5538490733126703,0.46333583551178015,0.3135470706302253,0.07477259002336542,0.004837501067095821,0.1176303200655117,0.02736507956582636,0.7823042886243179
-83.1262,30.594,1,1,2018,78,0.17340718820345502,0.18587652072741992,0.2908617960538597,0.34940587332750916,0.04620925386631762,0.10919916397107426,0.07272566298927777,0.0026181238676139997,0.21213203435596426
-81.565169,35.919708,1,1,2020,64,0.5716505786627585,0.3522893819174207,0.48511605039082617,0.0023193403169562967,0.009718028727718334,0.0,0.02255012190962265,0.08285432747577598,1.4230249470757705
-93.6519,31.5044,1,1,2020,94,0.11828460137596118,0.6381652165115341,0.39632002314463594,0.06293004210138729,0.14185495828446232,0.0,0.08451545798570383,0.0040308685494247695,0.21840329667841554
-88.60083333,34.09888889,1,1,2019,274,0.12706057847896446,0.4206614077669905,0.3033715192157791,0.1052088293605659,0.04214297901382016,0.08712329459642203,0.019633863517159875,0.23810246007823205,0.03
-83.47297222,31.36480556,1,1,2017,113,0.03547265254505216,0.007967119822952892,0.131387887683846,0.2568002419752136,0.008061660638862897,0.5419617339841674,0.004030830319431448,0.00395811730190445,0.0670820393249937
-81.80227778,31.00917222,1,1,2019,45,0.059929405513454714,0.4631150133471654,0.3237109803782708,0.48908892249948105,0.06571941672673925,0.0,0.06015163587155848,0.002418712296543613,1.1244998888394788
-79.120903,33.972797,1,1,2017,53,0.05701355177993527,0.12261074029126211,0.16769429943114125,0.25348769140787136,0.02147700630059594,0.4600667344965529,0.007134777140907111,0.0,0.24186773244895649
-80.409485,33.442932,1,1,2019,244,0.19074223885124883,0.14098998887652944,0.1518227169334734,0.19135001332221713,0.00664671283229613,0.24203137197887448,0.01773088872524075,0.03889733467763599,0.27
-92.2092,31.9234,1,1,2020,272,0.19101876675603216,0.6008649906419141,0.5853998370499471,0.1984672984732158,0.08265685456338671,0.0,0.09415067142098477,0.010858432592367805,0.30886890422961005
-76.946117,34.92405,1,1,2017,24,0.38600813686099106,0.32225254592777897,0.3169456320688924,0.39735083942306737,0.028185872009297386,0.010469038174881887,0.03301773578231979,0.0016106212576741364,0.6356886030125127
-82.858146,35.46347,1,1,2019,86,0.17714625085294047,0.6276251611109709,0.6396036181542445,0.004381445513162279,0.0032219446015054674,0.007249375353387302,8.054861503763669E-4,0.14613098152435874,0.6586349520030045
-85.901,33.688,1,1,2020,76,0.11219407362459548,0.7336291464401299,0.6512810661058422,0.002452427655659138,0.037816812176710166,0.0,0.023673425537091626,0.03751978841796929,0.5731491952362839
-79.97254,36.112867,1,1,2017,46,0.46863911303052114,0.23639049892033193,0.2889360693748515,0.012977216103187169,0.021415778817330988,0.011778678349532043,0.008054607077314752,0.15666684565793504,0.21213203435596426
-88.75083,30.43694,1,1,2017,248,0.044443320222090146,0.38973275829359944,0.17529895997644548,0.5008746963351791,0.010481649998260961,0.0,0.06782244116521799,0.0016125615381939941,0.20124611797498107
-78.954154,36.258478,1,1,2017,356,0.14029748977221065,0.6196146270013636,0.587841876487669,0.00321748273407212,0.01086400414348065,0.06997176622178992,0.025735688885239482,0.1255518850942073,0.15
-81.4199,27.6143,1,1,2017,38,0.18686881470044797,0.011389809916727832,0.02352360560642645,0.256530454193431,0.015203723567511814,0.07274372628867776,0.023398862805775206,0.3964896959571701,0.840535543567314
-87.2662,35.2707,1,1,2019,267,0.03315007898894157,0.054887835703001604,0.2751847408271415,0.003737268271678936,0.004832886370312808,0.3431128210473779,0.004027405308594007,0.43667497417722434,0.7648529270389177
-83.88539167,32.82920833,1,1,2020,57,0.03560954644283765,0.32282449309804323,0.6205665564526283,0.10551776411296745,0.06820918494733087,0.0,0.014209456747437661,0.19428650891725593,0.0670820393249937
-81.6679,26.5741,1,0,2020,114,0.9998986969900342,0.0,0.0056652490886998814,0.1986745646010531,0.010720535140762395,0.0,0.021766989738283508,0.044344031718608096,0.563648826841678
-83.472803,35.435158,1,1,2017,49,0.23610584578057486,0.5880279020395784,0.7468239284690931,6.443360836798007E-4,0.024163439610352687,0.0,0.005777115169586284,0.03892998603890155,0.21
-79.038714,34.958086,1,1,2018,126,0.25081470253884053,0.2740937223695844,0.19196193239107737,0.23002398178496228,0.08110242688081687,0.08250510207305287,0.048139559863270766,0.01055797408210073,0.21633307652783934
-78.249603,34.023391,1,1,2020,98,0.1781377541350248,0.4497163290835345,0.37178528659004184,0.2762488695582719,0.04709131645225613,0.07874570625914444,0.04544176154767435,0.0064465364087104085,0.45099889135118726
-82.5042,28.5108,1,1,2019,85,0.818205978384672,0.15275000632767222,0.15416425218568514,0.007846957753963331,0.0063895338170821955,0.0,0.00403299783008901,0.027370611940204077,0.41785164831552357
-85.645,33.977,1,1,2017,29,0.03826124326920645,0.6518188942538613,0.610657942095919,0.003734768735516902,0.09154591356331726,0.008512224869346519,0.07730515725814102,0.14832567633323446,0.8160882305241266
-81.2474,28.5289,1,1,2016,364,0.6715905926432241,0.022594364699627854,0.027635985995256865,0.23783821262390553,0.001309745264037053,0.0,0.0,0.011778216468623063,0.24738633753705963
-83.396117,36.535617,1,1,2020,65,0.03242676502911713,0.829857382868259,0.6062307946481168,2.576712781404824E-4,0.08320753882786887,0.0,0.024727304881668945,0.2513784761916792,0.6
-83.5304,30.5017,1,1,2017,257,0.035497868356800376,0.25412729135830575,0.2912495377413041,0.4537065938452185,0.05079938275508787,0.040335943132517954,0.03770822529439296,0.04797561376658532,0.7130918594402827
-82.9786,29.2319,1,1,2017,78,0.17642295965487137,0.6497223030502384,0.3919972594185979,0.4470284983020638,0.012078601045610239,0.0,0.016136429048102495,0.08936077348590514,0.7988116173416608
-81.76834722,31.25850556,1,1,2019,50,0.08568429837761282,0.28769236605505755,0.353807984704329,0.4152825197392045,0.0401623821101454,0.0,0.055901053144098316,0.051433648127831647,0.3313608305156179
-81.488438,35.554324,1,1,2020,100,0.12756436995184098,0.48397861287019817,0.4826567497406306,2.5772687924586075E-4,0.039739596823611924,0.07618151150082447,0.02972967850757773,0.3096346648304094,0.39458839313897714
-81.8172,33.519527,1,1,2019,78,0.4290355201617999,0.3986348122866893,0.32459991051544623,0.09717516980578819,0.04840590426893437,0.00431981140720938,0.11515915676775731,0.05160073187148645,0.39115214431215894
-88.599983,35.142467,1,1,2017,158,0.1264722236263458,0.46624627205176156,0.48623425718155494,0.052336911476337754,0.07640185365946116,0.0794976039524518,0.018527117824887935,0.10962430858944348,0.40024992192379
-82.172632,35.569267,1,1,2018,60,0.10306308127780026,0.8464036595228469,0.8101522652814843,2.577255768378487E-4,0.004027163613392291,0.01641503474415666,0.0016108654453569164,0.125198989260897,0.9674709297958259
-81.5455,26.1653,1,1,2020,131,0.10983654296602977,0.0,2.126500448590332E-5,0.9019901006341022,0.002421146579062304,0.0,2.8484077400732986E-5,0.0,0.5894064811316551
-78.148908,35.884033,1,1,2019,282,0.10894080760575484,0.21417734961693083,0.39418792552670046,0.1522300454063581,0.11484683193678082,0.2146721707573598,0.10149614829460567,0.04142280954982895,0.08485281374238571
-83.37312778,31.92715556,1,1,2017,41,0.056428155904595705,0.3358246705617524,0.3529301095797716,0.17425039738914214,0.02579339992413706,0.3548236186622834,0.040172588190668865,0.011790365406498925,0.03
-88.51534352,33.9149079,1,1,2019,255,0.05973507255169623,0.11196218211234135,0.1402574253321451,0.45581855967791757,0.007927906293348335,0.06284816906125883,0.0024835928045323996,0.20625511490566462,0.3014962686336267
-78.104173,35.726951,1,1,2018,31,0.07895368673785304,0.2554748215075504,0.19543958798227745,0.17922690081174608,0.009863340776370936,0.47232863906110373,0.012911090968237076,0.046278428561051334,0.15
-78.93489,34.742572,1,1,2018,1,0.07096912792387498,0.12796178585419485,0.1608455264499948,0.30212377312791894,0.013039041297142905,0.5883681767774261,0.03394826720082397,0.003222636811990735,0.4846648326421053
-83.09522778,31.59081667,1,1,2020,201,0.048375469526616,0.2408529259254576,0.26936310819265524,0.24221947865335397,0.014829497137473967,0.3686573156428909,0.03511217751138847,8.061227392999064E-4,0.2580697580112788
-78.533101,34.444872,1,1,2017,120,0.07673751878654696,0.3390292880688061,0.36971221596135945,0.27983732539167483,0.04696436358121049,0.06908940386888031,0.08497696493234838,0.0016115067904472415,0.9304837451562493
-80.128468,35.389469,1,1,2017,160,0.12776142779553126,0.420962221015271,0.5871867472040906,0.0047678653455780155,0.008146311417154951,0.024830614211033372,0.026580539191686278,0.2774641881327289,0.20124611797498107
-80.08499,35.204536,1,1,2020,207,0.14508747977346276,0.3358490088996763,0.4397852070856388,0.006131958658681421,0.006444052045196815,0.28446067390885466,0.0056385455395472125,0.184871640169188,0.1341640786499874
-80.826284,35.850817,1,1,2017,257,0.12677533484963363,0.28953752843062935,0.4107697251934319,0.00914859686143249,0.004026591293088476,0.15981619795038615,0.011274455620647732,0.33251432992783725,0.09
-83.10144167,31.18968889,1,1,2019,254,0.05284861364096337,0.43934679214733846,0.36958380079575665,0.20384565191660436,0.04386164595782351,0.36175029245312834,0.011647538651237785,0.007255999241202693,0.0670820393249937
-80.6296,25.9507,1,0,2020,181,0.0,0.0,0.0,0.9998708816303549,0.0,0.0,0.0,0.0,1.4449913494550757
-85.56343056,34.86297222,1,1,2019,265,0.08188849011777792,0.5408557852701816,0.503002464947656,5.1553139409292E-4,0.02643117532963945,7.897446913361852E-4,0.02596996442989911,0.2794969642214067,0.30886890422961005
-82.40424722,33.7971,1,1,2019,152,0.05020417967811673,0.6811130637065882,0.6122547817712587,0.004383027018555826,0.0300145996473332,0.0,0.05340563634869774,0.19734172655050153,0.22847319317591727
-82.2412,29.0007,1,1,2019,176,0.4961600263167882,0.4550400445361031,0.31266111165651406,0.1842510098101628,0.015691769491353875,0.0,0.030421979231574598,0.0427261484154824,0.37589892258425006
-81.9876,28.4364,1,1,2017,138,0.04576172517654207,0.4646915892581438,0.3852596865936094,0.5599683384946915,8.066352869723658E-4,0.0,8.066352869723658E-4,0.0,1.9354069339547173
-85.826,34.347,1,1,2019,259,0.13186202014839526,0.46285692616889756,0.6239161917278504,3.8669076112367794E-4,0.030801067879879303,0.05236718638927064,0.030219736821319676,0.2198537194129821,0.2765863337187866
-81.7251,27.9206,1,1,2017,75,0.4378615094482908,0.012897264868559279,0.015951895287216113,0.2523832180149718,0.012834383620580567,0.041878622225596636,0.006453572242046921,0.3332922076278693,0.10816653826391967
-81.4309,29.6656,1,1,2020,85,0.42775254027104664,0.21469877383678998,0.48866832017308154,0.18040878240604402,0.013287071593942545,0.23799387675062958,0.02132383639284947,0.014150525663246595,0.3710795063055894
-86.8067,30.6511,1,1,2017,275,0.039449552888203065,0.5498526491532065,0.41575942204795413,0.3542247895939495,0.05636973588938532,0.0,0.08538301256209116,0.0,0.3661966684720111
-88.055,31.251,1,1,2019,85,0.07375369906669703,0.5594127020259504,0.35863221163451664,0.40751915372090747,0.022607354108114437,0.0,0.12124383126839557,0.008867798667775276,0.9004998611882181
-77.788367,35.143421,1,1,2018,37,0.04118836915297091,0.22599241466498088,0.2824390019553945,0.16139761420660464,0.022549812374442486,0.3581405485994415,0.04264217216066306,0.05244355439877693,0.23430749027719963
-80.207733,34.391762,1,1,2018,89,0.082348036986509,0.5018316406447372,0.3997231895479279,0.07512451668116596,0.14096759006183698,0.053659507641945534,0.11864369290659349,0.019663356262856382,0.4295346318982906
-80.9697,28.6619,1,0,2019,120,0.013810476214587702,0.0,0.027701009062279094,0.8692156298124536,0.0,0.0,0.0,0.0016133369185264864,0.3661966684720111
-78.640038,34.565776,1,1,2020,130,0.11079782526235937,0.4504362119104818,0.3328619057535735,0.1773383178628258,0.05731622954289164,0.32906686209042346,0.02692236012091846,0.0,0.5408326913195983
-78.03985,36.482426,1,0,2020,207,0.07289811692494226,0.63687341340507,0.6464241198799345,0.03378153408846902,0.15256983152010867,0.04451532424878812,0.11325890953877245,0.03175695946692773,0.36
-80.8655,28.778,1,1,2019,20,0.1253130929791271,0.03304237824161923,0.12934858353951414,0.46609619249227136,0.007043990941180937,0.10918660408152937,0.00860967370538595,0.30226217436961506,0.34205262752974136
-79.748367,34.877153,1,1,2017,103,0.31960248824154136,0.24580235674910222,0.30036397308388485,0.1880857826078388,0.2859571026434098,0.007250657930071433,0.034739971502860775,0.03408914991959511,0.24186773244895649
-86.20045,35.335217,1,1,2017,342,0.1755771490668318,0.269614223075854,0.33332945881777415,0.03291232510352539,0.001285582523658509,0.09024031233022099,0.0032218530076945436,0.402886401253364,0.33941125496954283
-79.666736,36.05267,1,1,2020,65,0.43234736442927557,0.3941853115914548,0.47041781924650883,0.00937291234396588,0.00731155763023416,0.03680413868903614,0.013666138171068341,0.14178105122196186,0.2683281572999748
-81.7229,26.4566,1,1,2018,318,0.23552719861253524,0.009684402415403895,0.002335011348499432,0.5168946576742746,0.006604075097225784,0.0,0.0,0.05215542201843573,0.1341640786499874
-84.7837,30.3315,1,1,2020,179,0.0711014976725359,0.3187993321190042,0.3311395509668645,0.5410288230523705,0.06267452193244599,0.0,0.033849744324380746,0.0,0.21
-81.66918056,32.32227222,1,1,2019,261,0.06021111181341255,0.21357689147335815,0.16025841361349216,0.3713939669776731,0.012571240718555305,0.2524394908283996,0.004836308347847527,0.016927079217466345,0.3
-78.834222,34.596487,1,1,2017,94,0.07725278476691408,0.15269752563502803,0.17573551673819615,0.45248956374192,0.006605862821723846,0.21392759772159356,0.03198046357929723,0.0039015976015442135,0.09486832980505139
-82.87144722,31.34714444,1,1,2017,249,0.0862681622175293,0.20569304113607903,0.2432395385643336,0.26255167428998927,0.03552935225871717,0.2502386748016312,0.07106502702873582,0.06705339360794108,0.21840329667841554
-83.77530556,31.44811389,1,1,2018,4,0.07642401861594496,0.01770538243626062,0.17355953772486943,0.22963738138507525,0.0037082349370738134,0.6052136581911527,0.0,0.011241673858682423,0.10816653826391967
-82.489,30.1079,1,1,2018,105,0.15121766082611166,0.5325321019672336,0.41821249598417476,0.19043234314248783,0.07195800657728309,0.0,0.2383000252972427,0.018093852770048068,0.9486832980505139
-82.78427778,33.77425,1,1,2017,65,0.0,0.7186935143402478,0.5686262119087319,0.02032427437138474,0.05882483048009054,0.0,0.042969268394411085,0.21386682338964003,0.2563201123595259
-89.39731916,31.06682306,1,1,2017,41,0.08491986186133003,0.8210775322260312,0.5545659820753834,0.1852524044662828,0.020700732604207177,0.0,0.034979716633625174,0.09535553595199024,0.48373546489791297
-84.058,30.3628,1,1,2017,347,0.03828834526550128,0.1543170836600977,0.3762572989358801,0.475132774612502,0.04706250652196596,0.002419056473110526,0.022871941790860703,0.0,0.48
-89.57726569,31.05984346,1,1,2019,254,0.04257149000215008,0.5231891939747304,0.5768424162165608,0.10073031985763874,0.017796227035469146,0.0,0.042310695756916615,0.18343487099395192,0.1341640786499874
-89.936,31.64597222,1,1,2019,269,0.04837302239702554,0.6779052268157274,0.6969166832305865,0.015466907817108024,0.07947382064884073,0.0,0.07871192913460504,0.12081512907896484,0.7061161377563893
-89.69433333,32.73611111,1,1,2017,101,0.12944701509519835,0.5037169081392701,0.4513346470210186,0.2866488777779972,0.002417779688122223,0.00917808132589142,0.02014816406768519,0.14842638888010967,0.39115214431215894
-80.405518,33.317394,1,1,2017,53,0.45564001062363263,0.18198029569110524,0.27072050299914635,0.27097986951791175,0.011281189170058404,0.16172864474050114,0.05961650276815737,0.05740766488864174,0.42
-82.6665,30.3887,1,1,2017,122,0.02963084744476622,0.343910057794696,0.3739814982511062,0.2919949531486669,0.11573185424578868,0.05402696130360401,0.055405700263415035,0.08349276320158362,0.24738633753705963
-82.07624444,32.475775,1,1,2019,84,0.03300246570146043,0.16950116962761577,0.179895688899272,0.2953306775164773,0.0278244873188864,0.3033005031987257,0.07336207550509524,0.01935355399903913,0.29698484809834996
-82.66560833,32.82549167,1,1,2018,66,0.04309505443785488,0.434579734702394,0.40205080440904273,0.18274549303900622,0.07070863503762681,0.06243738088540666,0.03740869856540994,0.13342098692465487,0.34985711369071804
-80.147522,33.989502,1,1,2017,52,0.04671538383736219,0.06087539192879539,0.1351271973612709,0.36502268447724584,0.004132466400015165,0.48999740931005487,0.021256295060628462,0.012991362260598133,0.9415412895885129
-87.034,33.964,1,1,2018,99,0.07570088732714815,0.5184670222716585,0.6633142128035596,0.020241609218296056,0.006887988043969378,0.018619685111519055,0.006309776203581122,0.2626156028727334,0.15297058540778355
-79.192702,35.358543,1,1,2018,99,0.07568885576036287,0.366859120942984,0.4479343695975265,0.08018287490796372,0.08282199870521549,0.19328606843410026,0.03586553188801694,0.09505929165811375,0.03
-89.79946563,32.6913486,1,1,2017,323,0.04670923689700956,0.6401846114939623,0.5790998376331967,0.06491334790639862,0.1463052334493232,0.0,0.02024923595242836,0.13171010755135,0.20124611797498107
-76.954117,35.983417,1,1,2017,190,0.2908753409435295,0.11171582988180619,0.312613274924273,0.3453759072730902,0.022556604757105796,0.14848817041925588,0.028350556175107487,8.055930270394928E-4,0.3612478373637689
-81.2424,29.044,1,1,2020,135,0.29551290971422794,0.31981429240091597,0.19569703446865977,0.41043087342599754,0.010282540556098525,0.0,0.00648075226067237,0.012986807604841753,0.4295346318982906
-86.754,31.013,1,1,2020,120,0.06405991069056685,0.6328319692350509,0.6429373181197613,0.0947995340223854,0.011809231119458202,0.0,0.16357761210074687,0.01451254908656309,0.28460498941515416
-81.93176944,32.51556111,1,1,2020,306,0.06856521409241507,0.11922405725992057,0.1653677451457317,0.27487461682152253,0.01853713115375862,0.48903891375255965,0.019788743078206772,0.04056360464234239,0.33541019662496846
-80.855,27.2111,1,1,2020,70,0.10805031128207726,0.0,5.16337265427221E-4,0.23716534890984498,0.008470822020972957,0.008068956351692582,8.068956351692581E-4,0.3686120762215766,0.042426406871192854
-85.491875,34.90936944,1,1,2017,102,0.21399863501933714,0.6687267763706678,0.6723706322511518,0.0019332192776077613,0.014550669880492442,0.0064444999036484115,0.03556795314469484,0.168940669532995,0.12
-87.669,31.046,1,1,2017,45,0.033343030977649055,0.7504079335163241,0.6044793899199818,0.20134239051535197,0.026040135196233733,0.0,0.07777261359360822,0.05397099414760926,1.1545128842936314
-82.191325,35.453931,1,1,2017,97,0.39653799987364974,0.43688167287889323,0.7239982090209953,9.020591204999374E-4,0.004832825307579324,0.0,0.005638296192175878,0.00511079173049892,0.03
-79.1595,34.800327,1,1,2018,131,0.12402649944371397,0.12902043086881762,0.08715880579754676,0.32326893411749946,0.01286417428555182,0.3744384560463518,0.025677801717329373,0.0038541976002881193,0.4459820624195552
-81.7109,26.227,1,1,2017,98,0.40217487625485804,0.0,0.002582162120289263,0.2941188979332071,0.0,0.0,0.0,0.0,0.33541019662496846
-80.3858,27.5724,1,0,2018,77,0.7259468211602199,0.07596073569964835,0.028927125874961254,0.17580318256091046,0.004034222866291614,0.0,0.005647912012808259,0.0024205337197749682,0.28460498941515416
-81.3858,29.1926,1,1,2018,87,0.012802347940491855,0.747520493877138,0.4514004045180121,0.3196896637399754,0.005749580166794752,0.0,0.033944028564470895,0.014200008222721914,0.5091168824543142
-80.621523,35.833224,1,1,2019,276,0.03734633801215398,0.5491528849919776,0.5116599181690975,0.019221216811465006,0.013392744359952503,0.06427948866937826,0.023469671323547985,0.2903487608316701,0.16155494421403513
-83.11833333,35.8975,1,1,2019,274,0.0025017689275245126,0.9268043060750027,0.8254499627841777,0.0,0.008053767584059226,0.0,0.014215689370921793,0.012052226314027454,1.5559562975867927
-79.76667,33.533333,1,1,2018,71,0.09459254388183522,0.26698366128787515,0.2758483669646849,0.3849858321137067,0.020132086203627633,0.27352904000505596,0.034257094103520194,0.016115780825380774,0.34205262752974136
-81.008331,35.78931,1,1,2019,78,0.19128390505321158,0.3120402436866451,0.39053207793723743,0.001803962350244597,0.015457014717958443,0.1629587518160572,0.010176236498010237,0.3181258290695473,0.4036087214122113
-78.083183,35.772183,1,1,2018,91,0.1728758707002263,0.2520131979823775,0.15731205762995004,0.1661954621871668,0.04766431887811504,0.3782192602886833,0.019958308328858854,0.05897476390511987,0.28460498941515416
-83.64689167,31.75311389,1,1,2017,78,0.03405627568763832,0.43798925071135003,0.23868110037102522,0.19530918095268918,0.036235869812609046,0.29313026325771935,0.0662885972232759,0.02025326859368282,0.10816653826391967
-80.2809,26.6775,1,1,2017,77,0.7951205918119174,0.0,2.5820902172196057E-4,0.22061682591243975,0.005427026274401846,0.0012974231909648726,0.0,0.0,0.15297058540778355
-79.26145,34.497611,1,1,2018,22,0.047638915228522656,0.1960300903976231,0.08663031545492599,0.2683939557518013,0.005638794908973745,0.6407566409840888,0.015962370126075258,0.0,0.33541019662496846
-82.87590278,32.70203333,1,1,2018,30,0.05589967891183981,0.17243951154147596,0.3350276112350242,0.15649130755543114,0.17566559631867704,0.36189034411266446,0.06626570756744454,0.011952921544335157,0.2765863337187866
-82.5126,29.6239,1,1,2019,254,0.046310355299119345,0.18650673145055172,0.3968158715621856,2.5804949996584617E-4,0.0035041334859803024,0.019130418282215567,0.03740694122037456,0.5949531622590906,1.88403821617291
-82.769607,35.62196,1,1,2017,95,0.08453569172457359,0.734832596336071,0.7475506347024582,0.0,8.054785174141303E-4,0.0,8.054785174141303E-4,0.17525949043217884,3.582080401107714
-90.54628937,31.50821644,1,1,2017,329,0.08666455896300983,0.594018337021815,0.5994336186146169,0.02364255356168313,0.038508472432979245,0.0,0.058453464845725826,0.19350025290844708,0.06
-84.7284,29.8808,1,1,2019,84,0.07987499367376891,0.0032263778531302187,0.005052485437296005,0.9169547669486706,8.064337601634369E-4,0.0,7.684839361557457E-4,0.0,0.0670820393249937
-83.1574,30.3559,1,1,2018,300,0.09494359285678146,0.509283148682147,0.4406670248469892,0.05866518133131783,0.1311611228287644,0.009037525653228429,0.11218484870524317,0.1300954663749023,0.45694638635183454
-79.077278,34.573451,1,1,2018,79,0.11330267114806303,0.3007631851608503,0.11916884477025161,0.259715032781491,0.009374052168638156,0.4029799818016378,0.021348321706601968,0.004625417045799212,0.6067124524847005
-87.86,34.112,1,1,2019,98,0.02643121689777653,0.9257246147817622,0.7414764024519086,0.03225434659748643,0.06806024663585034,0.030047488301700797,0.0850966353764151,0.00402844874707345,0.7212489168102784
-84.00805556,34.5675,1,1,2019,78,0.23760837145818073,0.6077395546343808,0.6946566930463162,2.5778159227140456E-4,0.019335271072917992,0.0,0.00837229874889423,0.1481265006950588,0.47434164902525694
-89.00108333,33.80516667,1,1,2017,29,0.05157049864121846,0.32624660304619835,0.32158122628704,0.17625177886693433,0.038677018456900726,0.18679988750801824,0.02793656210600158,0.24959316453216296,0.20124611797498107
-84.05527778,34.64944444,1,1,2017,61,0.10828025477707003,0.8917197452229298,0.9461371275493444,0.0,0.0,0.0,0.0,0.005080279794514055,0.8357032966310471
-81.98441111,32.34114167,1,1,2020,215,0.044882009257151516,0.08483192958494572,0.19473228287127192,0.2301268433191958,0.01766241647649331,0.3889018831903609,0.054001858536307845,0.012026752808349509,0.15
-89.9242,30.3486,1,1,2019,37,0.25137572897822863,0.5144024592341457,0.5898417738168958,0.17405082502640815,0.02575283727078109,0.0,0.027650148464600913,0.0036333509361649646,0.09
-82.893717,36.340133,1,-1,2018,119,0.038659793814433,0.954896907216495,0.6812042710423308,5.532569148272347E-4,0.006341146080047494,0.0,0.0016105500502112658,0.0683062697766072,1.1308846094982459
-83.25727778,31.04465,1,0,2018,256,0.04205081509023536,0.5474826421823423,0.24494417601450322,0.26998302416678815,0.020218466937510893,0.41151456709717255,0.019997154555083094,0.0024186281793894967,0.36249137920783714
-79.965718,35.36089,1,1,2019,262,0.08465300860685261,0.8051388344729091,0.7812608338378593,0.0018824977738516263,0.07459193470955353,6.569472168178487E-4,0.0731106450716325,0.04777711802309422,0.09
-84.87065,36.158567,1,1,2017,75,0.08563919844338315,0.7032320016172644,0.7426988757084616,0.0,0.047824329360342095,0.0024160081860042067,0.044205054352288733,0.26682520733455867,0.20124611797498107
-77.815879,34.449229,1,1,2019,274,0.08874475294593644,0.3131543013199819,0.1839444866797146,0.5859960087669636,0.04984423676012463,0.05292474708220384,0.05451081496085384,0.001611343860779891,0.4965883607174055
-81.33048889,31.63578889,1,0,2019,201,0.0941723880691373,0.35748334155192246,0.2609202081951949,0.5389561815977579,0.013825263590521797,0.0,0.01106843078674064,0.0037116074674760093,0.24186773244895649
-88.05,33.73,1,1,2020,222,0.06038122203402685,0.8501908638167709,0.6511819896535147,0.13481370411356974,0.08055322080170885,8.057533952236204E-4,0.031215834476133908,0.004442703034056511,0.9004998611882181
-92.0838,31.7656,1,1,2017,71,0.04359042452293334,0.7211831506000479,0.633703546357549,0.17185875260464087,0.0394336276471648,0.0,0.11835778572309207,0.0,0.6413267497929585
-79.737906,35.05096,1,1,2017,86,0.07377566741595735,0.4921703331396962,0.5342957077293219,0.06237389054002149,0.13817279893837187,0.07118595870392898,0.0724276844815874,0.03663564985228834,0.09486832980505139
-85.0407,29.5953,1,1,2017,296,0.0,0.14168416791073105,0.0095478846400999,0.039776780880348354,0.007258477712203735,0.0,0.05396575390123413,0.0,0.12
-75.76666667,35.73333333,1,0,2017,302,0.019328675922533702,0.0,0.0,0.7981199447363608,0.0,0.0,0.0,0.0,0.9202716990106781
-82.42662778,33.42219444,1,1,2018,3,0.09003589302866384,0.5447272635357161,0.4477641973280077,0.05763514794544787,0.03176072805409848,0.012086835619035584,0.06042153826707958,0.3088541995828857,0.28460498941515416
-81.75361111,34.6125,1,1,2017,88,0.033255837460830884,0.9345244111998385,0.8527329145140639,0.008922781271308047,0.013597490277352162,0.0,0.025580594511087466,0.08820992705249761,0.03
-89.22591317,34.87311731,1,1,2018,43,0.028057226631616184,0.5288155300540921,0.5215957019354934,0.030204719076704575,0.0,0.18964634816729106,0.007354846047402105,0.23637552681296312,0.54
-80.835887,36.096266,1,1,2019,281,0.047672596785605974,0.5355175376528859,0.3311648545763407,7.730732034637724E-4,0.00402646413288911,0.06772038969856789,0.0257693704504903,0.3907343954777284,0.3661966684720111
-81.576905,35.824398,1,1,2020,66,0.3175754206882612,0.5126964475213504,0.5459979383318679,0.004323439347542671,0.008859592048160803,0.0,0.014728084748867673,0.16388823964169968,0.7523961722390673
-92.407,31.9104,1,1,2018,216,0.05183817485108697,0.5140060450469819,0.5286117432862997,0.20096444646740505,0.10035374338904503,0.0,0.12589976954519158,0.0,1.421442928857856
-79.456147,35.11935,1,1,2019,9,0.2889476146522185,0.37485300997635534,0.439176696901418,0.1121182622548797,0.1285707064643925,0.020032603132680855,0.02494518756278947,0.011287886925259217,0.15297058540778355
-82.7222,30.1749,1,1,2017,56,0.27371417726323777,0.18943506041627128,0.31269408425621925,0.05417511977698969,0.03986099560789128,0.01854551318739349,0.061495846627183055,0.18659347539438878,0.21213203435596426
-84.68798611,33.386225,1,1,2017,59,0.27130342447571015,0.5726041943190868,0.42260875544257537,0.040428752570877365,0.014498890777972317,0.0,0.004835070377135493,0.11399389453858273,0.12727922061357855
-88.97055556,31.12777778,1,1,2019,225,0.05416856376789598,0.4257095158597662,0.6463641146001945,0.24247733894464238,0.14604173253240596,0.0,0.027496048055643377,0.0,1.3024976007655447
-92.5004,31.5686,1,1,2018,104,0.03213526912181302,0.608382233913395,0.6886672877702279,0.1677834391940625,0.03089237617126745,0.0,0.02791757817933512,0.0,0.2954657340538831
-80.389281,36.296951,1,1,2018,1,0.1881572295247725,0.5892568250758342,0.529870425154042,0.0016087592494814734,0.01057708099094206,0.034245234154907364,0.03974695857599458,0.18765554530869055,0.37589892258425006
-78.87696,36.413872,1,1,2019,264,0.06939425336736496,0.6581966591695937,0.6304784645722797,0.025037552539451,0.055667504706075545,0.0580205424936515,0.030630550958270678,0.10650259623766625,0.21840329667841554
-78.507531,36.118923,1,0,2019,200,0.1035075305771758,0.7547381987263725,0.6820954436727107,0.015954775265853982,0.03672239661956886,0.00875741364173241,0.06287462971267599,0.08164638113224233,0.39458839313897714
-82.7622,29.9309,1,1,2020,85,0.16669408206906142,0.6069896622844198,0.4547469142173683,0.11070871304801863,0.030493435199473812,0.007051784765615119,0.0654867312605935,0.11995939689847959,0.75
-81.114786,32.116412,1,1,2017,98,0.004197218710493048,0.0,0.020854236286988105,0.43947785770347986,0.020766157075477683,0.0,0.0017608082647345212,0.0,0.0
-81.5995,27.7206,1,1,2018,65,0.19128200584743518,0.08961004442531866,0.08123056613877937,0.28651693071156226,0.040705713354574784,0.14113950684862164,0.02408170884894432,0.19311246040962007,0.33541019662496846
-79.724041,34.974021,1,1,2020,7,0.15425841191192463,0.6073640569305053,0.48115461825062633,0.09254594597872873,0.07976828220548847,0.026579951483297115,0.027091651084045085,0.022988578359528986,0.21
-79.021805,33.927708,1,1,2017,42,0.1404584592431503,0.08387806450797183,0.1531495370379731,0.41289661155069507,0.010050235379608858,0.23539224669046788,0.04834602382231209,0.0017219045211841646,0.4846648326421053
-84.31810278,30.7688,1,1,2020,38,0.07099491538286407,0.207849535807341,0.21748207352699414,0.2899275353154681,0.01693162847169525,0.36758233419335257,0.0238781808063945,0.026698537967319268,0.20124611797498107
-82.73686389,31.79327222,1,1,2020,201,0.053979212502844987,0.2517639025870571,0.43776298966652877,0.14982116702676015,0.031281709240685185,0.3281102319891513,0.08665690957196277,0.021596264908282255,0.15
-82.8907,30.1961,1,0,2020,174,0.015131004643042402,0.595789633490632,0.445998575328494,0.1483211541458143,0.1359524163380692,0.0,0.054337961630771314,0.07197313458321611,0.931933474020544
-80.6386,27.3247,1,0,2017,82,0.0,0.025825073107743717,0.031040818805806954,0.4785918929316243,8.131418916781097E-4,0.15307317011434612,0.004246056103626549,0.18547545070841429,0.4846648326421053
-83.82674167,31.12143333,1,1,2017,99,0.008752071028368348,0.5726788672897671,0.37161386331930163,0.2242718358204877,0.025909192942076584,0.21018220217074451,0.008937802129011652,0.004031021476650108,0.21
-84.6456,30.5917,1,1,2017,78,0.17815444943393843,0.5062804376699768,0.4523044562381722,0.157215580873117,0.03856284168555918,0.1695708951094501,0.010886509013068242,0.0169795391809981,0.2716615541441225
-84.64797222,32.39523611,1,1,2018,78,0.10130983386856149,0.7826636660176499,0.7458435715372954,0.05370322516699293,0.11201964713542488,0.009671852380982485,0.029037682295452973,0.007253889285736863,0.21840329667841554
-81.280073,35.250843,1,1,2017,39,0.2616406861878175,0.5922791238220358,0.5118661422137899,0.0033810128584619054,0.011425556984057296,0.003222026022598408,0.025836226312580767,0.08320408376004126,0.45793012567421243
-83.73246667,31.58410278,1,1,2018,17,0.04192116544633713,0.15495023837525454,0.13823894911309173,0.21482093661125207,0.00886782670274919,0.6093667012316958,0.0024184981916588696,0.004030830319431449,0.09486832980505139
-82.05758333,33.02068611,1,1,2017,291,0.048271503507552306,0.1877899260570057,0.13621436318268346,0.31119672964179257,0.014199167580516201,0.4584627734042923,0.009604110900776484,0.026069203955414677,0.28460498941515416
-87.027,34.068,1,1,2019,262,0.07599544937428894,0.4956642649475414,0.5227516635013426,0.010437734776997557,0.011438321536905974,0.0,0.028798028311425708,0.16608948432760376,0.1341640786499874
-82.7022,30.1537,1,1,2018,73,0.36541697771816845,0.2570571786468943,0.3218944005892999,0.04915250207049237,0.03157658412569923,0.00781983702612199,0.06627730855944879,0.19305163369138695,0.39115214431215894
-81.93738889,33.09122222,1,1,2020,193,0.0,0.4364224682744326,0.28875314932144536,0.2614137779874374,0.17045052333518734,0.061163219901906256,0.06250948070991556,0.02271578095767811,0.618465843842649
-87.08,32.503,1,1,2018,187,0.044239619683406665,0.2987154200171951,0.4675700781930693,0.1457461564640127,0.15420770485377974,0.0,0.027575133071194673,0.22715347755174295,0.16155494421403513
-82.44660278,33.82196944,1,1,2018,273,0.07569418991165429,0.44251210171762234,0.6215223450060232,0.013995297491068415,0.018935767525774826,0.0,0.00568104622248342,0.3187041653633121,0.16970562748477142
-75.854996,35.749252,1,1,2019,193,0.05167035048942215,0.0,0.0,0.9684108769023739,0.0,0.0,0.0,0.0,0.2765863337187866
-78.173564,34.743599,1,1,2017,211,0.050173643998231994,0.23361747805771294,0.2524927622960098,0.2651456031959112,0.015415335715617231,0.2592992799436341,0.09330401291614931,0.0,0.3841874542459709
-81.89366944,32.83063333,1,1,2018,301,0.05799373040752351,0.35323339063606024,0.28178674001860765,0.2670062901986164,0.11218355930596391,0.119847666002971,0.14294112069782894,0.07315508359407104,0.16155494421403513
-82.304466,34.977558,1,1,2019,245,0.30593186068847,0.4605216600111207,0.3826471639190069,0.018470195740104205,0.016110995280426095,0.0,0.013507963886098429,0.12309432197982023,0.5770615218501403
-84.1641,30.2918,1,1,2020,91,0.15365930798912003,0.5819469922196217,0.477300886007875,0.2408486410380554,0.1215117584373943,0.0,0.09685967347687366,0.006450776464784769,0.7224956747275378
-82.55152222,32.36816389,1,1,2018,21,0.025482781733335024,0.24941509744160462,0.3157728390766467,0.23459156262895137,0.12283796085571243,0.27509735497901194,0.015137434885955604,0.00967228038233956,0.09486832980505139
-84.74833333,33.25527778,1,1,2019,86,0.10005056890012641,0.608141592920354,0.6211352090344294,0.029091096621796528,0.0402928898060569,0.00402928898060569,0.024175733883634143,0.21330265806663656,0.28460498941515416
-84.68185,34.16523611,1,1,2020,121,0.016406082131526722,0.7770517082295837,0.6517981938445125,9.023194918702786E-4,0.07930409064769114,0.0,0.004970329691163367,0.0016114864224369464,0.042426406871192854
-88.84609292,34.74540647,1,1,2017,9,0.057513680193102414,0.5655448697696169,0.6368573561514428,0.06350357621758444,0.012084277170667903,0.0016112369560890537,0.07946557481668229,0.16074458103100206,0.042426406871192854
-84.01472222,33.18250833,1,1,2019,147,0.15465924895688454,0.6499051713238081,0.696562990437976,0.028433773682592575,0.01668341645018362,0.0,0.015235982327398223,0.055097306761223944,0.0670820393249937
-79.670387,34.229843,1,1,2020,102,0.048447628795632885,0.26444014809760286,0.21163195717069774,0.3823071303811509,0.019015203946515992,0.22779057677661177,0.0556519430776378,0.0032234515581595997,0.35114099732158877
-83.55533056,32.33705,1,1,2019,276,0.08828847053468701,0.3154767172821868,0.3372162232822702,0.15573970697033954,0.04618584333731598,0.3220555418586865,0.044349409243490324,0.009672096948548242,0.28460498941515416
-84.058967,35.069017,1,1,2017,59,0.28821998129754584,0.6845350923749587,0.6795754876943687,0.0019053423880055415,0.009669695093443178,0.0,0.005638812721919658,0.007350990030200024,0.32310988842807026
-84.16129167,32.08406944,1,1,2019,266,0.027570507145567236,0.3855065132161379,0.3959691730543895,0.06606684363654389,0.024996839044126938,0.4475218105955237,0.0056170185864205325,0.005651789101024148,0.09486832980505139
-76.424187,36.445233,1,1,2017,101,0.11175237421701355,0.0312436855930491,0.044463441164983984,0.497783294910445,0.001610972300752735,0.6479614882857043,0.0,8.054861503763675E-4,1.1943617542436629
-85.819,31.364,1,1,2017,60,0.38455604315000036,0.2161673390411391,0.46138185783659885,0.07287223522973216,0.018377424821062763,0.048746174662991,0.048853663471509184,0.18644566124585862,0.15297058540778355
-84.07861111,31.36138889,1,1,2019,121,0.05152396610598205,0.7338434298722651,0.3717422103123363,0.08975154635473016,0.04809266975650165,0.21601866546951384,0.010341251825763667,0.0032247254241146253,0.442944691807002
-82.03118333,31.03863889,1,1,2019,35,0.047514231499051214,0.5678557874762808,0.4571070868531539,0.43442561586321965,0.053989111120947536,0.0,0.026823824007385737,0.010541092555471953,0.37947331922020555
-89.17868603,32.88814421,1,1,2020,324,0.06312355373468381,0.5980931426475983,0.5406455494906951,0.20714114158148758,0.026835435036819313,0.0,0.03564678739609999,0.10180146013084287,0.2580697580112788
-79.04575,34.915351,1,1,2017,270,0.06317878952625389,0.05135726296891001,0.1225190884063487,0.29537738867265373,0.00731264313353866,0.665374713732923,0.013952459922609182,8.181315644002215E-4,0.7379024325749307
-82.2611,29.1735,1,1,2017,73,0.0715903769979372,0.20144522203520673,0.19249696262498026,0.0014193814128335362,0.006452061813282392,0.0,0.008890561645655297,0.5600958953500873,0.4295346318982906
-75.856467,35.7531,1,1,2017,120,0.04059399684044234,0.0,0.0,0.9665623698816757,0.0,0.0,0.0,0.0,0.39
-79.003719,36.360867,1,1,2018,178,0.09856807333888934,0.7246003485112511,0.5233981299685021,0.0011595488723324054,0.007209101846325818,0.02979320014020329,0.0319530887354231,0.1450788327759936,0.34985711369071804
-81.4387,27.094,1,1,2020,135,0.04865425740569678,0.08480645855214039,0.06435458860943724,0.3222796920221712,0.0014081966538715925,0.010569386121193527,0.016452167198827885,0.39170967731727496,1.2332882874656679
-82.24166667,35.61833333,1,1,2018,327,0.04997978061972398,0.9500202193802757,0.9140068260903402,0.0,0.0,0.0,0.0,0.0032627303336007518,1.1132385189167684
-76.68055,35.895846,1,1,2018,49,0.0614143763748072,0.16639275871659379,0.13472466879101275,0.4066348924335082,0.00914805572227311,0.3149951037685187,0.0492466121237009,0.002416527150393277,0.34985711369071804
-77.074707,36.197379,1,1,2019,98,0.03281855719571174,0.8725392395792556,0.5365765055690711,0.12300156373548368,0.08167172100075815,0.08789802880970433,0.08268890573666918,0.0016110689916603487,1.149826073804208
-88.80235533,31.49905579,1,1,2020,97,0.05123632454309748,0.8516284070068934,0.7139980668880995,0.11480418770101815,0.04629216893179944,0.0,0.019670141029410372,0.039441446397126934,0.17492855684535902
-81.4231,27.6675,1,1,2018,112,0.0,0.21311745195837664,0.08795424542818735,0.40799125726873703,0.004919951907865595,0.018129469088147818,0.24631399101436433,0.002420426501297222,0.2683281572999748
-80.03209,36.536688,1,1,2017,71,0.05164597881125857,0.6589723839228214,0.8082306460332134,2.167421980387105E-4,0.06292337086103171,0.005744422162921791,0.08957066839304603,0.1166537714547378,0.6640783086353597
-79.527931,35.128835,1,1,2019,79,0.052463405701006584,0.5511057224769195,0.5507441443426733,0.15864482131539115,0.15697003971325582,0.0354101965442833,0.047655906912381266,0.019493300560155954,0.4883646178829912
-82.9528,29.7968,1,1,2019,25,0.058515416439985334,0.463011930818963,0.34309448144417126,0.19262502649965252,0.03087237709713636,0.12703151436568053,0.02585664363308614,0.21690042851947325,0.2716615541441225
-78.346241,36.381865,1,1,2020,158,0.14427898399706968,0.3551210639990906,0.444834670239835,0.02350247272124641,0.05528257080059628,0.1991606245105224,0.004831619634691666,0.12572632190586883,0.24738633753705963
-87.31196667,35.47758333,1,1,2020,321,0.02967895182382149,0.8703172577608753,0.7672087405625576,0.001675240800072771,0.019306397455295523,0.0,0.017676472539239815,0.045641056418777,1.4103191128251793
-78.714422,36.086803,1,1,2019,179,0.05797449172875363,0.5819169087005935,0.5626124901594796,0.06250789515437116,0.033272063468000726,0.026756613355567362,0.005637459258697797,0.09710957831173102,0.1341640786499874
-85.628,32.099,1,1,2017,84,0.0,0.7499873526584714,0.7113180743985595,0.04262768303666926,0.10511958122862365,0.0,0.05572870897791716,0.0,0.6640783086353597
-85.05505833,34.965325,1,1,2018,115,0.021723471205974895,0.7655406856983987,0.5614735476971334,0.002705955072250619,0.04402009097801364,0.0,0.04495514278493807,0.26148597422289604,0.4695742752749559
-84.45305556,30.20722222,1,1,2018,12,0.03994737774179675,0.41582968603739234,0.33520424450957387,0.5721988063202194,0.017739242619716183,0.0,0.023301333130960528,0.0,0.36249137920783714
-93.5865,31.4259,1,0,2017,92,0.02535952341803372,0.6762202294372841,0.5318289507492913,0.08228548537531334,0.20740227879155756,0.0,0.10076887084740191,0.0,0.30886890422961005
-93.1791,30.6649,1,1,2020,259,0.037315320785266136,0.5543159279498078,0.514866190375258,0.1297034956983531,0.07167225782788919,0.0,0.1685379403237077,0.0,0.8949860334105779
-87.917,34.577,1,1,2017,79,0.04104949193670695,0.6958318588544565,0.7637323811959608,0.004166443425227933,0.013547241581943752,0.0,0.044072765874094075,0.1609050871661369,0.5762811813689563
-78.694974,35.459056,1,0,2020,98,0.15575418146879227,0.24463014703093588,0.23057023882920138,0.12965656300219333,0.07697458818326829,0.3152707803591451,0.016276829287553096,0.1216703255049986,0.24738633753705963
-79.31386,34.766037,1,1,2019,141,0.1333746349234445,0.059259352913658594,0.07041055470954485,0.32904774010685517,0.0038885800207222434,0.42769957797376845,0.021587778929013656,0.001664729220894088,0.12
-79.907426,35.366141,1,1,2019,152,0.39570800262878497,0.38857995045750965,0.6705613321373074,0.0023898624148778916,0.041074733590636056,0.0,0.06172738126069904,0.08661225830496061,0.2545584412271571
-81.25193,32.927971,1,1,2019,274,0.038836791952076434,0.09388822890074058,0.1860087648109074,0.3737569405783845,0.01600892580581948,0.41082411990416784,0.016214371053080736,0.008059775084864693,0.5408326913195983
-81.91794722,32.37564444,1,1,2018,31,0.07280681789444401,0.3232051184786182,0.15930775248641815,0.30999123615699703,0.008284446354970037,0.3253470554024327,0.03857119376943891,0.08031582673780568,0.12369316876852982
-88.333,30.549,1,1,2018,23,0.10122179500151778,0.4064555296974604,0.2028566283003901,0.17162231071827505,0.004926232981098187,0.1180999538363276,0.05802394187171556,0.3532090076075202,0.3661966684720111
-82.02277778,36.09638889,1,1,2019,320,0.0032212425153482745,0.9132412015866196,0.8977327561683374,0.0,0.0024160615985168855,0.0,0.03543557011158099,0.014101588284154108,1.4150971698084907
-79.948779,36.252343,1,1,2020,318,0.10727107245790563,0.35294786873641104,0.4518562457936611,0.03483858776165191,0.027066291886428964,0.05315036477907969,0.01932855383254904,0.2561096548021351,0.32310988842807026
-78.24222,36.06314,1,1,2017,213,0.05122601346656733,0.40414861228666377,0.40688104453629487,0.09587683041443915,0.060304967406134724,0.21116845217039776,0.008053716711304261,0.23793205821415947,0.2954657340538831
-80.035816,36.055564,1,1,2018,58,0.14231012258309106,0.44203209907746743,0.3426172711255774,0.017421593984901628,0.009666291808291524,0.03946753263163213,0.011669046385564997,0.2526787632200754,0.45
-78.91071,36.333386,1,1,2017,276,0.1246067742220762,0.6080502318294945,0.5635321710467149,0.013227553327047977,0.034688451287751526,0.057143578926094826,0.045137616996551694,0.2005898773509834,0.2765863337187866
-82.664915,35.607952,1,1,2017,73,0.16453952689041645,0.5828699959563285,0.46143972639013225,0.0,0.0026025545462585124,0.0,0.006443217565979812,0.15584690409712837,1.7844326829555661
-77.390114,36.458969,1,1,2017,24,0.04212333956260418,0.2201121268750948,0.3594829689875365,0.09680387166984711,0.03709773681069357,0.3728088872889413,0.03249683431382767,2.526233354490539E-5,0.24186773244895649
-80.325537,36.26566,1,1,2019,27,0.2884795188638719,0.34259469840547846,0.5289520393979955,6.442039079682717E-4,0.023640154147450902,0.017632194074167683,0.020206582854254865,0.20118453471476425,0.18248287590894657
-79.255623,34.040421,1,1,2017,84,0.10536829595165245,0.05124282499304625,0.10201025956248248,0.5971574905522652,0.0024169088841147477,0.2317041577151523,0.016972071275116896,0.0,0.2563201123595259
-87.53,34.268,1,1,2017,288,0.12403943377148631,0.45039180990899896,0.6910755148741419,0.005155944576628708,0.014502232206329797,0.004148459888215909,0.02526990265495114,0.24475281434931104,0.4459820624195552
-82.172142,35.486284,1,1,2020,106,0.13511703149486876,0.8648829685051311,0.8006883931815617,3.865957890874877E-4,0.0,0.0,0.0,0.0,0.6155485358604958
-82.1352,29.7601,1,0,2017,121,0.1329865988383128,0.702770079597079,0.42806148341203704,0.22749611288790805,0.014698766985962177,0.0,0.04763184775012098,0.11440245148110324,0.30886890422961005
-82.88984722,34.12369167,1,1,2019,273,0.4352161987941907,0.507387792762617,0.6127603151711104,0.026042006301602406,0.026393119399400936,0.0,0.03983139747980943,0.056031268563339724,0.3710795063055894
-82.3699,29.1511,1,1,2019,28,0.4202027360508233,0.2450929523279212,0.24465550141661396,0.00348397498015121,0.010428066268985283,0.09209402655567014,0.026495575109278045,0.3039858808347514,1.1403946685248927
-88.790783,36.406233,1,-1,2020,60,0.016107636914913778,0.0,0.14623784997478792,0.21142281734062102,0.002415962405730095,0.6090341203370346,0.0,0.04572327282373897,0.042426406871192854
-80.440102,34.158581,1,1,2017,61,0.06339861023373339,0.2824763108022741,0.3589784548626819,0.19029086263957629,0.1434778761621257,0.048946739728105294,0.18020768156336323,0.04009530852025308,0.0670820393249937
-79.805677,34.93841,1,1,2017,360,0.1048050930955208,0.5929565722658716,0.4282500899545982,0.06719659021536543,0.08679468260914906,0.007251849300567829,0.07302722840323447,0.019433060217207906,0.15297058540778355
-88.13125,36.395683,1,1,2019,343,0.11530978370729736,0.8428087729937334,0.4714098267557721,0.0866155457503907,0.02383944925156319,0.0036095496747299938,0.004831680666961409,0.050634750205267476,0.20124611797498107
-93.682,30.425,1,1,2017,27,0.04040327375305175,0.7801095467597687,0.35234829555888675,0.45245256082266877,0.07221208604612193,0.0,0.06022469636267627,0.1132683423504897,0.41785164831552357
-84.39034167,31.98276389,1,1,2018,14,0.06621486641969379,0.4609879758758899,0.5241837436530256,0.08968806263022681,0.015473661583592545,0.3075512732974231,0.007254760640315606,0.006448676124724983,0.5770615218501403
-79.600907,35.265314,1,1,2018,166,0.28111070422890905,0.35178614271463393,0.46468742261998014,0.02670968785215805,0.0812925159321199,0.043273438462680794,0.01618330547647861,0.031643069962306376,0.10816653826391967
-78.497429,36.37362,1,1,2019,69,0.07748223812292987,0.7061389092564028,0.6173890417257173,0.015852589510593748,0.012298538008925445,0.025348758618293686,0.030626328472663084,0.14061202123661268,0.15
-79.016781,35.363087,1,1,2018,43,0.08995617746233409,0.5791268327797633,0.47920019931341984,0.12688542965332908,0.054424885002274666,0.18544330991255115,0.026332583531314763,0.02952661375928827,0.2563201123595259
-89.16361111,30.41694444,1,1,2020,112,0.055704562131525005,0.08538498519774296,0.09563869500308349,0.5346007115975836,0.14840451939526378,0.0,0.0338480316977457,0.0024190717721202784,0.23430749027719963
-85.08408333,34.20383333,1,1,2017,66,0.11601274142987157,0.4980154717362726,0.5463720643393688,0.006939937116455878,0.05708815044882515,0.03658532732161535,0.010973386457204432,0.2294900677108184,0.40249223594996214
-81.80792778,30.968725,1,1,2017,67,0.025892710322931552,0.1687643092958245,0.29562945075000746,0.5578138452153201,0.005643608494816418,0.0,0.008691473250560411,0.00403114892486887,0.03
-84.92761111,33.34747222,1,1,2019,257,0.10090258640305413,0.7088716405835207,0.6489831577925547,0.06490256273358251,0.02577431985311546,0.0,0.043060431868385395,0.15421613644335883,0.18973665961010278
-80.79694,35.95404,1,1,2019,277,0.07346495383177333,0.31652077254411554,0.3799472562166468,0.0024482049276377325,0.008969402966219467,0.23217804896536068,0.049442254731044286,0.24768185148689983,0.15
-85.68,34.249,1,1,2017,235,0.06195887103909398,0.7559184498906681,0.5105787034813803,0.018084515386446825,0.041831486091978724,0.04144287032239312,0.015247639870082276,0.037275519102202795,0.18973665961010278
-81.70165278,31.76360278,1,1,2017,299,0.09990009990009986,0.34158246816474647,0.3673957396619691,0.38709618685686054,0.037002380417979895,0.0,0.09831473994012599,0.00483670585557533,0.34985711369071804
-85.28242778,33.72899167,1,1,2017,97,0.26204743122977353,0.5565710962783176,0.6757588319750866,0.018745323653717828,0.025506608903929945,0.0,0.012077088606394976,0.06990302306401613,0.18
-83.043925,33.74291389,1,1,2017,71,0.0,0.8813205710167286,0.6251421851981801,0.060651023682872174,0.05491092024850057,8.057941338187053E-4,0.11482092410367245,0.0021329844718730433,1.1886967653695368
-79.484517,35.723956,1,1,2020,323,0.33715555780062123,0.5332003131866743,0.5761789579582598,0.0046203823336063606,0.0064449478243562165,0.0,0.031261156236276844,0.1419215422381029,0.042426406871192854
-88.57855,36.222733,1,1,2017,333,0.09221497877501517,0.11568880129371335,0.16154903723285743,0.07264421548966501,0.0016106568637668532,0.6618094308696604,0.0,0.12649025236782357,0.2830194339616981
-77.245738,35.947477,1,1,2020,134,0.045287977962546425,0.10925219237281708,0.16828975453575232,0.2817548146890464,0.010469005112916829,0.5293400579190208,0.07162820662626443,0.0,0.7925906888173744
-83.16403611,33.07904444,1,1,2018,72,0.06252844500632108,0.7315802781289503,0.7294804456732118,0.03029418962347531,0.017577847235170863,0.0,0.05107435979280768,0.10002180639085267,0.2580697580112788
-80.7563,28.0864,1,0,2019,183,0.03109267083259544,0.0,0.002511411942922825,0.5463318049925574,0.0,7.720102006593729E-4,0.0,0.05616057812173717,0.10816653826391967
-78.600362,36.419144,1,1,2019,72,0.09203066004975312,0.5224078493768232,0.6690677469422731,0.012050031122931536,0.05583360436513827,0.022776144569943573,0.07528474127777551,0.24449384415723846,0.2563201123595259
-89.55027778,30.9425,1,1,2018,128,0.08256288970113948,0.3436958528842625,0.4675408960378934,0.25487846394082053,0.13138217653995848,0.0,0.09100480253943365,0.17162992307716635,0.09486832980505139
-82.14023611,31.24121944,1,1,2018,85,0.009674726831242413,0.16765732496964791,0.26991244442421225,0.4766700555884332,0.03466514074711043,0.004182579225574748,0.008112243607577325,4.1730949189407906E-4,0.06
-81.7854,27.7157,1,1,2018,23,0.040980908492429226,0.03228338481794703,0.02846714257007076,0.392331283840797,0.07928337772940956,0.09782216682379287,0.013872455661923345,0.14015134738400595,0.3014962686336267
-79.051744,35.266711,1,1,2019,278,0.3074008588027278,0.43886082344026267,0.45523097091372566,0.133924519414939,0.060827312104486664,0.0,0.004085062824032684,0.008675624528069413,0.3612478373637689
-86.5859,30.9061,1,1,2020,309,0.05186525154646998,0.5352367458982172,0.5943162676352013,0.20989291152174902,0.06559564424180532,0.020963034865669007,0.041881803896025895,0.01565113462821442,0.2683281572999748
-81.78138889,32.70833333,1,1,2019,37,0.04683766734510701,0.08208285400048039,0.23717827166636585,0.2580395107499397,0.029928253105344676,0.4521287019185182,0.017845064635418312,0.02836372830999715,0.21213203435596426
-89.7361635,33.10909652,1,1,2017,344,0.027383059418457645,0.4915170670037925,0.6201826280848823,0.1032263283766224,0.0257240010618261,0.027629599666283245,0.034266012716631496,0.1085811980937694,0.33541019662496846
-87.803,32.055,1,1,2019,252,0.1087605270478744,0.3222225032245013,0.5954625060750592,0.1588198732948743,0.04295215456200689,0.0,0.05075359093667814,0.25477000303459446,0.5909314681077662
-81.523283,35.825289,1,1,2018,17,0.315340586027823,0.5290297309932652,0.4112810924847456,0.003512424361096021,0.007406471582205513,0.0,0.0032215782575051705,0.1982533992388231,1.1868024266911488
-82.94136389,32.47127222,1,1,2017,21,0.10435321495421664,0.2317498861739262,0.28725596438788015,0.2836777614892121,0.09185989177708105,0.2799730706988977,0.025778800445028834,0.0595858197633256,0.2545584412271571
-81.9693,26.8472,1,1,2017,127,0.22244443319325594,0.012201913827147987,0.009019015618616384,0.6587339154981774,0.0016138168033137045,0.0016138168033137045,8.069084016568523E-4,0.044759683691906575,0.17492855684535902
-91.04904177,31.22783882,1,1,2017,321,0.02257407711861192,0.9182401072426744,0.8002842662188542,0.012415655886131652,0.02528604082819845,0.0,0.029256941963509434,0.002475490118589571,0.848528137423857
-93.6879,31.94,1,0,2018,238,0.006449328511090318,0.46543918662586325,0.6080372707811054,0.1351880051362632,0.10122592719042015,0.0,0.17291010710266422,0.010299305792648226,0.8319254774317228
-89.40987013,30.48130038,1,1,2017,31,0.09406272535202355,0.4837999569854381,0.4175992342836152,0.21690828856620925,0.029534530736149773,0.0,0.11166202883885662,0.11024854540855052,0.03
-81.293327,36.145524,1,1,2017,74,0.14537161052285758,0.5666649819312122,0.6173333117748654,0.001140409294259957,0.018521735011289894,0.0,0.01647850183954146,0.23387914291579168,0.49477267507411926
-82.6428,35.885983,1,1,2019,37,0.039524393171680924,0.9048786343361849,0.8897430779608942,0.0,0.0,0.0,0.004832199503515192,0.048416744045024766,1.5181897114655993
-79.494089,34.891042,1,1,2017,238,0.059695836701697674,0.4794361358124494,0.4118088849668803,0.20647000017184058,0.1512348799878661,0.06501447223731943,0.12484674595851716,0.003223074686856176,0.15297058540778355
-87.586,31.088,1,1,2019,76,0.03504755640999696,0.19977486593139732,0.4001179602587233,0.12793579158061186,0.1533069648768365,0.17948888193318085,0.15478347197323944,0.03193618454125524,0.45694638635183454
-81.72961111,32.55691667,1,1,2019,296,0.11465604451188671,0.2414137582195246,0.2577532021622498,0.43839611240057264,0.012958813099147566,0.15204796657258363,0.022507245872934102,0.005641824727311807,0.03
-82.97368889,32.48567778,1,1,2019,192,0.09752797622810899,0.285275336663084,0.2770258550722293,0.24129226309883636,0.07194444707838285,0.1962368395267761,0.037694819253879,0.09433186991715736,0.39115214431215894
-80.619628,34.970617,1,1,2019,28,0.15564959262300251,0.11515189793469333,0.28973540727023533,0.005028333336702742,0.03141842582471394,0.3087504028003313,0.05303695653547489,0.24823557658892897,0.32310988842807026
-81.526525,31.784075,1,1,2018,308,0.04247729400156854,0.3643838388949326,0.4182685134750354,0.3964786428011851,0.14389624019270045,0.0,0.06089534876369546,0.001596353359928686,0.7712976079309465
-84.09733333,32.264325,1,1,2018,23,0.10297650658776518,0.38035809119186686,0.37626470143513646,0.15492481957760607,0.04453231429591911,0.4010120836849709,0.017551844792763067,0.0112840061066386,0.2765863337187866
-78.89341,36.071229,1,1,2019,337,0.5644880119249136,0.23752558045526906,0.39326534200808877,0.07605417881880233,0.015283615269721084,0.0,8.05231796235305E-4,0.01288370873976488,0.042426406871192854
-83.45175,36.368233,1,-1,2017,49,0.051428787993633006,0.7879178352156451,0.6548728994467913,0.0010307293774546135,0.035518823681742265,0.0,0.008097293849025265,0.1573350934315284,0.1341640786499874
-78.99024,34.892259,1,1,2017,270,0.08264964287971682,0.2290499968396435,0.11354277015388843,0.3154940725046701,0.006339669844398538,0.29654303204897375,0.02636001238241445,0.0039611091105509555,0.4036087214122113
-92.59111111,31.16694444,1,1,2018,89,0.04424431767875437,0.7450702622026026,0.7950210806121599,0.15338794649292983,0.01934914778385864,0.0,0.0,0.0,1.8420097719610504
-81.928027,35.435923,1,1,2018,73,0.13236688110615386,0.5431048647009012,0.5818011282635425,0.024648358873313174,0.08982510668271251,0.0,0.03366151494189702,0.1695268057095388,0.37589892258425006
-88.505869,30.733771,1,1,2017,78,0.04756725308915224,0.4164695764351753,0.2899917442665145,0.30232931068672325,0.010481152895201122,0.04261386990091122,0.05542522179573927,0.2686178789814154,0.20124611797498107
-85.267,33.085,1,1,2017,109,0.09027005158288656,0.7222615555780313,0.6591297726443058,0.05432752446932983,0.035153089603559895,0.0,0.01853572512135923,0.08897780137540456,0.21213203435596426
-83.11790278,32.41549722,1,1,2017,327,0.038652657133103216,0.38095057466904375,0.36627802899207396,0.16973096415383823,0.09156910589663195,0.18270519368868213,0.04090914837665621,0.00394773439870537,0.12
-93.7669,31.9192,1,1,2020,358,0.03320561941251596,0.6079056181480216,0.6915699540118622,0.14870357754637875,0.06616701069381793,0.0,0.021893403213519153,0.013703133544701925,0.543323108288245
-89.18197724,31.66107039,1,1,2019,332,0.45568019425088224,0.12193795606591383,0.2916324852290672,0.24403826837427192,8.408993196934829E-4,0.0,0.012174072481727829,0.16677309627981082,0.18248287590894657
-83.13978333,35.83318333,1,1,2020,262,0.028164920837492582,0.9038298732641742,0.8937525202453392,7.73127893544837E-4,0.04197895840637249,0.0,0.005183016382879938,0.008859452135270096,0.5028916384272063
-93.3398,32.8541,1,1,2017,54,0.048233137366458054,0.04766420127694544,0.4220944508268346,0.39957596437008547,8.059596767311542E-4,0.0,0.02496894684774948,0.012016700748752345,0.51
-86.43,32.174,1,1,2018,127,0.05562791638741002,0.3877767801818433,0.27568850441134374,0.17440156326331221,0.051817222043102525,0.0,0.11151465725972147,0.4204550483307097,0.37947331922020555
-81.45987222,32.69391389,1,1,2019,245,0.03868031854379977,0.31290608014157495,0.2150881266661544,0.48604930805296137,0.20582722511434154,0.11709447905505148,0.029850463213191868,0.020956011340900266,0.5161395160225576
-78.729438,34.868968,1,1,2020,135,0.03649662699916621,0.24937466838474945,0.14795985154837604,0.5787298521093909,0.02356122664964918,0.0669905887779312,0.08342468652953686,0.0016111860540789864,0.18973665961010278
-77.104183,36.1379,1,1,2017,53,0.06799525144603574,0.6684978909348086,0.4386382767161247,0.15387091134894035,0.005639079929614175,0.18688258393067572,0.08607099870159003,1.8007145993725933E-4,1.0920164833920778
-79.140949,35.284454,1,1,2020,15,0.16132375992314307,0.4743262375486678,0.4829458907910343,0.12247827110904029,0.22291955540534994,0.008799663932432734,0.04969630736284876,0.028145658758760985,0.4242640687119285
-84.223975,32.08233333,1,1,2017,102,0.6961756373937674,0.09281414407122622,0.31886139497624844,0.11986394028018062,0.006976317819165753,0.09224418060665836,0.0016121078784660328,0.008601069680992304,0.09486832980505139
-80.332802,34.683643,1,1,2017,66,0.05977017306549687,0.26364360390882763,0.3287534836610357,0.12577317816026296,0.10929469258301029,0.021383194811676876,0.07515234223220457,0.09698411344560373,0.2716615541441225
-86.707,32.294,1,1,2019,284,0.04533613232839295,0.276329101117912,0.17591369073355695,0.4917851148475787,0.0023864613361654786,0.0,0.017640848631972898,0.11178437768674458,0.4459820624195552
-81.79464325,29.29848551,1,1,2020,54,0.0946381816112018,0.4283130320393633,0.7034716118425547,2.449108883636462E-4,0.14794409637334882,0.0,0.15204609930199547,0.037477821668822596,1.4552319402761884
-83.30551111,30.74275278,1,1,2017,75,0.029258111441401547,0.34283726519511726,0.20792204421966062,0.36643982005379355,0.07921862747577975,0.1595913540586346,0.11230174790681205,0.0016125768345432933,0.1341640786499874
-84.27581667,34.91661944,1,1,2020,99,0.15276514002628655,0.7372232332423413,0.6997568425005547,5.155282673751978E-4,0.007189858382534584,0.0,0.012721247674194537,0.08300242926234454,0.5770615218501403
-84.34179167,31.84606111,1,1,2018,90,0.05762883338602591,0.08733480872589311,0.28671791629788845,0.24789278037678603,0.02434467584689506,0.5212751160173497,0.010798781027528053,0.010479496225484629,0.46572524088780076
-87.825,34.017,1,1,2018,244,0.05115791070435354,0.7597335288466401,0.7098753199904559,0.017446304287164396,0.06043237299596192,0.0,0.0313694760589726,0.07073930600405708,0.7022819946431775
-82.84820556,31.2578,1,1,2017,52,0.05429915762313122,0.1661480863120083,0.2933092502287506,0.317545951200859,0.05619174686681925,0.21300570359035306,0.08537364207757385,0.058853843916381036,0.6977822009767805
-90.063,29.9722,1,1,2019,174,1.0,0.0,0.0033544007916993007,0.005342250069314165,0.0,0.0,0.0,0.0,0.45793012567421243
-81.189315,35.490306,1,1,2019,235,0.40052074775332736,0.43132323015281165,0.43786634486181086,0.001978432808328521,0.0024541931326811984,0.030498956099317444,0.008859731965470737,0.15687568895865778,0.7003570517957252
-78.585931,36.50288,1,1,2019,266,0.052876411027822375,0.6078954354119002,0.674516056994981,0.04021701017854131,0.03456465713275052,0.017667643640406287,0.03937162059730154,0.09103542372024863,0.0670820393249937
-86.108,31.414,1,1,2019,263,0.0997938352959033,0.666316734755828,0.5753407543634967,0.12823430870918998,0.010957397033346397,0.008766549905790408,0.044120436525499795,0.055507783355884605,0.1341640786499874
-87.368,33.674,1,1,2017,335,0.01648337757552774,0.8641385412716468,0.7911858857692898,0.046290959903580946,0.07610759843651754,0.0,0.010797129612952773,0.04068277546583755,0.03
-81.249237,33.634739,1,1,2017,357,0.10435255162651978,0.26218941940702184,0.31870435183972773,0.20114891683017044,0.12256319343717308,0.16704745472414192,0.04478762770620226,0.04958144914346387,0.15
-84.27778333,31.64792222,1,1,2020,162,0.1803444525935105,0.2780152247034723,0.40002417568745197,0.09269049607195652,0.0165396895646951,0.38634021433313337,0.016881105174975503,0.012091802864097622,0.46572524088780076
-82.5039,28.5561,1,1,2018,56,0.9726634183382903,0.01357970005695122,0.19449045599768824,0.019833973783789396,0.008221171335030916,0.0,0.004033087130498044,0.03716450250684041,0.8335466393669881
-89.41527778,34.31,1,1,2017,25,0.10035901195863778,0.41746517331175903,0.6216919248466993,0.03978207584985716,0.008861971243614167,0.049301626116434606,0.007250703744775227,0.16883555909402534,0.16970562748477142
-84.96916944,33.29527778,1,1,2019,280,0.029824139980024533,0.8609681783127048,0.7165107585215235,0.08636444990934711,0.00897495860142336,0.0,0.03948665764957214,0.0024175504683411515,0.5580322571321483
-82.1907,29.9919,1,0,2017,340,0.11057552409508985,0.36949178274566363,0.4236287910371041,0.2760748270683998,0.04571471940598697,0.004031977534769879,0.03279025494747363,0.13892455300390244,0.885889383614004
-88.83737335,31.75353619,1,1,2018,27,0.08484135715821285,0.4616133641893343,0.537707330765749,0.13740488515411828,0.05099592525739792,0.0,0.14485725756229867,0.06580598661562437,0.28460498941515416
-84.84252222,33.64127778,1,1,2019,336,0.21704505233351867,0.6887925367851543,0.7392230167818064,0.0022011743978241033,0.005504575559937307,0.0,0.012465872895495222,0.06665845088224885,0.2580697580112788
-83.57297222,32.91138889,1,1,2017,108,0.06423270925249355,0.7884909548310427,0.6290970851744714,0.042029269101696555,0.04050086437662171,0.0,0.06179265706529129,0.04044713712774129,0.09486832980505139
-83.07195,33.79907222,1,1,2017,134,0.05065338826681497,0.2924323231301975,0.6406271959491915,0.04881971048605869,0.04380166333830482,0.012294926565383354,0.028201547056295666,0.43899934275386143,0.12369316876852982
-84.5928,29.8881,1,1,2019,147,0.37912929060337314,0.0728627639519731,0.08850888230808969,0.4068477077922768,0.034360185826462865,0.0,0.02134031605678522,0.0,0.21213203435596426
-79.097189,36.265807,1,1,2017,46,0.03334301995021922,0.8106055820182698,0.567252097277922,0.003442451239519927,0.004780987207543474,0.08811353107799573,0.004026260693274723,0.15630101903868682,0.18248287590894657
-82.2597,29.8395,1,1,2017,88,0.03410844867285747,0.6205182055109942,0.4290618433654904,0.2201541037237772,0.11418153298314082,0.0,0.09836594382793554,0.08576027728671409,0.9660745312862771
-93.4803,31.5593,1,1,2018,205,0.476564476147114,0.17259826984367888,0.4205993757703613,0.17786447914859568,0.04132706935688859,0.0,0.06608474072575295,0.05929068686651535,0.18973665961010278
-83.06452778,32.64097222,1,1,2018,80,0.019341870725509767,0.4242443396584199,0.44578506989023536,0.10505000755966447,0.21676111492134933,0.1696433933103455,0.049526073091255035,0.01841978008780053,0.3
-85.31236111,34.47111111,1,1,2019,186,0.15472699696663295,0.6494312436804849,0.645420821794004,0.003093441650967787,0.037065471169369486,0.0,0.013784235485165282,0.08438302671860635,0.5515432893255071
-82.92136667,33.42091944,1,1,2018,276,0.026425256982463223,0.817476071866584,0.774374006856639,0.020618452458293673,0.0988841521800272,0.0,0.06248558183042018,0.02901014723123741,0.517880295048962
-81.741638,33.622459,1,1,2020,164,0.08362091850278734,0.5294727394541568,0.42013357876531415,0.07389855152327417,0.18822774770675535,0.004834535647590789,0.08427575180189148,0.09832750345211123,0.4459820624195552
-81.512276,33.499294,1,0,2020,83,0.03807934461048318,0.4769147133935117,0.32475513925704286,0.023942838104492447,0.15090219623953233,0.09708010744193399,0.17991467846421244,0.0825248854479381,1.1947384651043926
-83.6965,30.4438,1,1,2018,88,0.029034829143630675,0.3806282656275697,0.3408820023837901,0.45902683484057116,0.006346084525925035,0.02055283977006115,0.1405498042737259,0.05644125998393716,0.7354590403278758
-84.642267,36.301883,1,-1,2019,81,0.09199686647124229,0.8418831497018096,0.8554338555687596,0.0015460917226493348,0.02168708943911067,7.011116725619002E-4,0.012885295603840328,0.039893885800909565,1.3024976007655447
-80.160362,33.362305,1,0,2018,249,0.11385907016146367,0.46859866732415384,0.21801400510655505,0.35493844325909457,0.011883246549719426,0.10606769121884632,0.03826588645670087,0.057605783327435406,0.517880295048962
-77.475933,34.486733,1,1,2017,42,0.07372427046983263,0.16224144034794927,0.16082861305072627,0.26626083862143146,0.0257502322260207,0.0947039829132202,0.028072492432907232,0.0,0.03
-88.54621652,30.45333515,1,1,2019,341,0.39643218623481785,0.14391447368421054,0.07914248480286222,0.6144044988384613,0.006131477341361065,0.0,8.063572573734253E-4,0.0016127145147468505,0.15
-83.73532778,31.14304444,1,1,2019,364,0.17315037308713802,0.1881623877576831,0.1756616015413385,0.24304913092323005,0.021827034033606807,0.3463239594694994,8.409604653736109E-4,0.011548979624096997,0.33941125496954283
-90.57671257,31.36791132,1,1,2017,47,0.060767819872240836,0.6203023211688062,0.6153114302362279,0.04314713879919397,0.006876317960942514,0.0,0.02692355115190181,0.23775304059714888,0.29698484809834996
-85.21727778,33.89977222,1,1,2019,347,0.09764237405979395,0.6882624360027809,0.6631593314932211,0.019196315730939165,0.09433872833100553,0.0,0.018043012519512357,0.11484962049635662,0.20124611797498107
-82.841904,34.528736,1,1,2019,148,0.3125695076332019,0.2628652310180973,0.29582406228928504,0.00554240788684895,0.02025805962415802,0.03262710257933248,0.03303150551630881,0.2714649496391967,0.21213203435596426
-85.737,32.481,1,1,2017,76,0.0775154588333481,0.17714748169598263,0.537582861913582,0.15033347037248854,0.11856778010974287,0.05409070220244268,0.04073001744759401,0.08879624244569756,0.18973665961010278
-81.271965,33.813957,1,1,2017,65,0.21326253239774956,0.3604526202667678,0.29544962792202534,0.021309047156838956,0.04450707607531383,0.21842465298951935,0.21129644316232155,0.03226652427098572,0.8823264701911645
-78.61691,36.506879,1,1,2017,63,0.08031042240703765,0.6570059910513413,0.6557867954136903,0.03722562019964814,0.05165988731967357,0.03413885450089689,0.062008918420454244,0.10016169374194689,0.36496575181789315
-82.133568,34.273796,1,1,2017,23,0.13293986805853955,0.6185451052751308,0.5498309389120545,0.017433334731855325,0.08546279445960982,0.0,0.14489498028510775,0.04846893640683452,0.34205262752974136
-83.34930556,31.29776667,1,1,2018,72,0.07695615876951097,0.2040021250221356,0.25599544370051647,0.23159637903677355,0.005548635130606334,0.5305728214888679,0.0,0.002418635826161735,0.16155494421403513
-78.57335,34.332809,1,1,2017,29,0.05739921647921142,0.4162011879186149,0.34843423968425996,0.21915892952461055,0.039736982630868854,0.11972598671010272,0.16139673471709207,0.002407727478110851,0.0670820393249937
-81.840918,35.22963,1,1,2020,159,0.15699732039031294,0.48749936801658317,0.5120481166589423,0.024478809475557316,0.018340393405545094,0.0,0.01575959743373484,0.2797905038080169,0.2580697580112788
-82.66326667,32.20355,1,1,2017,65,0.06785190430428403,0.3386525719488138,0.32581976332557894,0.3045554768888439,0.044592873106138464,0.2258061457052453,0.1265967232599234,0.01653543058185371,0.3710795063055894
-92.7316,30.9305,1,1,2019,248,0.0852484727369313,0.4403197450134702,0.6215833139003448,0.18685311544105634,0.07011236949772037,0.0,0.08879846211244538,0.06772522907062774,2.068260138377182
-84.098875,30.90873889,1,1,2017,27,0.06358301080164935,0.32076092180820126,0.3120798307637986,0.2602765364852329,0.008884476511467619,0.29769319784243187,0.009102636254987641,0.024044997818402577,0.0670820393249937
-82.11456,35.42355,1,1,2017,39,0.15651415791668247,0.6812984092086477,0.7411824992217474,0.00396504534079378,0.04808579190094131,0.005638385242276835,0.012082254090593218,0.065241013329964,0.2580697580112788
-79.777208,34.847516,1,1,2020,69,0.04558040737884211,0.38513863777168084,0.40404376346379495,0.23953349433446497,0.11611794403566247,0.013695687201246034,0.057392353794195036,0.021865709600882077,0.24186773244895649
-88.94611111,31.89666667,1,1,2018,119,0.09361207016478863,0.6918718619974457,0.6312727868583835,0.1126531198493292,0.028617580861340815,0.0,0.11474850163113574,0.024027640796095383,0.12
-82.87006389,31.47831944,1,1,2019,263,0.31728786978132456,0.18194695637876734,0.18648914803295924,0.15978902507552697,0.04018956626757427,0.25721701796706326,0.03260501863731068,0.012832713143493072,0.21
-88.84944444,30.68472222,1,1,2017,88,0.03225112878950763,0.7754436111146243,0.6929406551246876,0.24548407919125204,0.004828031035987328,0.0,0.006740905153061548,0.0,0.5316013544000805
-79.88092,33.498592,1,1,2018,61,0.04556949221120777,0.5046530447096904,0.2994656218402427,0.3049448938321534,0.079792981857476,0.16969358028904197,0.13048904560591995,0.004786820603234188,1.149826073804208
-85.71,33.998,1,1,2019,105,0.0324839476212144,0.5917766317811817,0.611866350012284,0.0487194808162242,0.03446870359253057,0.02763120477740213,0.08380043603273404,0.2085626718063762,0.22847319317591727
-82.4173,28.9812,1,1,2018,73,0.3905660854821975,0.3754333577953792,0.3631491773936204,0.12771235420123622,0.02423433482096261,0.0,0.008065459905175498,0.05104012803522235,0.042426406871192854
-86.046,33.396,1,1,2020,86,0.1749892543804203,0.678491062172891,0.7132572869626417,0.007606490872210953,0.0728088609394998,0.010772804120779288,0.024541389498965078,0.05621197996492285,0.2545584412271571
-82.24256111,33.20049167,1,1,2020,179,0.0378911435615399,0.4183323851065172,0.35667015364795734,0.20861013038006754,0.05990525640498938,0.23554749346623138,0.06549885757806552,0.24620377773493926,0.1341640786499874
-93.3608,31.0265,1,1,2018,3,0.0407918036933974,0.37983809764735615,0.5585811752756288,0.27154398836176463,0.044721474844367975,0.0,0.043826729182935946,0.04094647018094095,0.9024965373894794
-79.43545,35.033676,1,1,2017,34,0.0554201038416352,0.46284061193294534,0.45341232584359975,0.2576941134138521,0.05054266798069391,0.03463535744067925,0.050391049452909814,0.0136930482905011,0.24186773244895649
-82.2556,27.0146,1,0,2020,219,0.28348949101038234,0.1335021524436566,0.09564280178137416,0.2954976107777489,0.002420610310217823,0.0,0.006154362161272765,0.0,0.06
-79.97108,36.434989,1,1,2017,74,0.0743682675186584,0.7715155265384472,0.6189501838241797,0.0052820717240166844,0.007792979053407334,0.0,0.019812551529376086,0.22488446363644973,0.10816653826391967
-80.98333,32.799999,1,1,2017,79,0.032790824133439554,0.42514258254612586,0.3768631472284499,0.29959670364898233,0.03911071784094681,0.07563006620632991,0.0684026735348492,0.004029263513833806,0.15297058540778355
-88.41694,30.47639,1,1,2018,41,0.17399443460662786,0.2156842904123451,0.11574523754598551,0.6458077858585365,0.042072977929551635,0.02902675014228799,0.0298804780876494,0.031445645987478656,0.12369316876852982
-79.506493,33.952816,1,1,2018,108,0.041138640757072284,0.23720418967238177,0.24407524598111616,0.49530281345878024,0.023448437139543477,0.22303824749793794,0.04606259026226221,0.0,0.23430749027719963
-82.482307,34.248417,1,1,2018,217,0.05156593614923788,0.7004120219408003,0.6276931569058501,0.04083251234266173,0.029999052162648893,0.0,0.040090360494139214,0.1505702821395849,0.4846648326421053
-83.32275,32.94652778,1,1,2020,358,0.030226413663198608,0.2759693058417505,0.5132219833961076,0.13696820949685223,0.1460080083180319,0.008864771933594796,0.13561046833174784,0.07054209423521192,0.16155494421403513
-80.856404,35.724458,1,1,2017,331,0.1699321635653921,0.42428721213729,0.46095149541282127,0.003479231991752934,0.0094055669080699,0.09840471731186497,0.012879752132675972,0.243745677008158,0.39458839313897714
-78.014503,35.92761,1,1,2019,195,0.07308567096285064,0.1334596916856204,0.14844181870181378,0.3612047873764932,0.004026680310007011,0.40571251713313,0.003745602233465345,0.014650799967154921,0.2765863337187866
-89.42918149,32.49333768,1,1,2017,276,0.08276010318142737,0.4092104597643014,0.35457949142720235,0.3077484382063722,0.05684231819561044,0.0,0.035153484373419655,0.2597508091433196,0.5126402247190518
-79.975761,34.617092,1,1,2018,93,0.0841540970755946,0.30700567686141644,0.4049384513205897,0.2582431357326046,0.16930994610237393,0.03061359888287218,0.06677176598446889,0.009667452278801742,0.7451845409024532
-76.68287,36.09639,1,0,2019,184,0.04930039905036116,0.016100924382482194,0.05195995509246768,0.243717341239646,0.0040275325282480064,0.36104065122831835,0.008860571562145614,0.002416519516948804,0.12
-79.982682,34.86642,1,1,2018,29,0.06253872317827201,0.29815266731574086,0.476483845516609,0.10880514493116226,0.19805896402259496,0.13802080042460166,0.034960130413354745,0.06427786132207804,0.09
-79.183106,35.72563,1,1,2020,134,0.5171608243256893,0.41971411253661994,0.7186390541514276,0.0,0.029686675743035563,0.0,0.00724319509244313,0.0750727320396875,0.27
-84.34270278,31.16091111,1,1,2017,48,0.06799296798917374,0.3706729735540744,0.2585069490109116,0.04378514212644388,0.02097079643499622,0.6319851279019406,6.82902461926607E-4,0.0016124085906600444,0.8909545442950498
-85.829,31.174,1,1,2019,142,0.05827146127673572,0.6275787050505311,0.3472008724369511,0.1393329559922125,0.07650573840462865,0.19641468272787632,0.040200448955072875,0.05254987511461001,0.18
-80.284393,33.528221,1,1,2018,59,0.07361211156184051,0.3413959131061152,0.16955125061552512,0.30817558870487455,0.021121797201670026,0.1028846123456478,0.006675031526249751,0.05984140479072575,0.2954657340538831
-77.2365,35.827967,1,1,2017,24,0.25394116382852305,0.1425140010872176,0.1776343483949345,0.2093394628843623,0.017346535904360322,0.45486331548775283,0.03095655469749372,0.004832520017055952,0.4459820624195552
-78.140326,34.01099,1,1,2018,31,0.08492426732748375,0.38421372038334134,0.422281569913248,0.40597612038987474,0.009562772477412025,0.13604915650470722,0.05468819106590008,8.055853920515581E-4,0.21213203435596426
-76.824987,36.487017,1,1,2017,40,0.0408395211395666,0.6012274587058642,0.5742578509457112,0.1091381996835168,0.004830628076368123,0.1242544888532467,0.06835180864398269,7.924755863845744E-4,1.213424904969401
-80.306885,36.414818,1,1,2020,104,0.09135836798665271,0.8227814502572142,0.8396361211178087,3.865139473431589E-4,0.012352034564220475,0.01792324115365666,0.0048321689806334256,0.1137170433442399,0.6155485358604958
-87.3899,30.3517,1,1,2020,72,0.0681720430107527,0.19444655281467427,0.09397068487786714,0.4247662343378396,0.0072572841629932276,0.0,0.004031824534996237,0.0072572841629932276,0.19209372712298545
-82.52637222,33.81812778,1,1,2020,124,0.058585654349694184,0.5490572713946319,0.698045684611978,0.02444688900976904,0.03285054377018205,0.0,0.14699488773878808,0.04468331153197217,0.4326661530556787
-77.312533,35.5613,1,1,2018,59,0.5052531765598332,0.012187875339781275,0.08338092258803337,0.21339207110794856,0.0,0.2965141254358921,0.01933087380603425,0.008859983827765698,0.34205262752974136
-81.60615278,31.63948611,1,1,2018,119,0.047801509920710174,0.35165724546960536,0.39170647922143736,0.4222160630634914,0.010495003809180605,0.0,0.1704363329445125,0.03187067120607194,1.6673631877908304
-80.548958,34.199444,1,1,2019,262,0.048898550358302886,0.33035906120849823,0.349388527993554,0.23055525085441284,0.11188172620589851,0.03649450528617379,0.02104042516888582,0.11230512566116667,0.36249137920783714
-84.73338056,31.00598056,1,1,2019,207,0.0064503073381731715,0.08242480965269522,0.16316356013823588,0.07899694068324746,0.020561285467664104,0.638304128698533,0.01866735805029815,0.026151375073512197,1.3662357044082842
-79.640127,34.901375,1,1,2020,114,0.07095209217707704,0.40261774813018014,0.35812025074643766,0.09703587954306095,0.24536769466420322,0.024807743932287966,0.16541759439101805,0.023541301498570907,0.21633307652783934
-93.3444,31.1525,1,1,2017,33,0.10608858422077755,0.2770470240052613,0.45415900340117515,0.22356148113976793,0.058586401504971776,0.0,0.07248209684303714,0.02808859098597784,0.12
-77.950403,35.872711,1,1,2018,118,0.13170460574518075,0.08445971552007274,0.10416166622283772,0.3070878038353885,0.021798253233728703,0.44365020452643067,8.05470884596554E-4,0.021428684239619696,0.15
-79.245417,34.633563,1,1,2017,323,0.10160062710192935,0.07335575391306547,0.13083272766603954,0.28057238339093477,0.0016110537239032968,0.37308845316729955,0.016224258678367316,0.002416580585854945,0.21633307652783934
-82.02335833,30.96528333,1,1,2017,43,0.03563882949786824,0.5293953923813619,0.4325259183007615,0.39732103789547735,0.00983318367501802,0.0,0.04273166474851079,4.4581315053940227E-4,0.9314504817756015
-77.853709,35.135177,1,1,2018,74,0.13974853099134393,0.27353257092310623,0.20435891837691836,0.2292025496094317,0.012081414520438911,0.33702250775421505,0.028651114016967676,0.017223517223517226,0.34205262752974136
-82.0005,28.6616,1,1,2017,118,0.05129178369898024,0.08755282269288191,0.12933375101785305,0.27147435719010354,0.010485893863142486,0.0,8.508915382157855E-4,0.4908030961064597,0.15297058540778355
-83.82216111,32.32484167,1,1,2018,0,0.04544132707893439,0.10528378703012985,0.32383189503680276,0.08745534032380005,0.05192256025286447,0.588902410114579,0.03175345713156854,0.012839193994468586,0.09
-80.507889,35.619938,1,1,2020,107,0.31172410305681264,0.5154989760056635,0.43567395971038014,0.010711657954632739,0.03625681118218433,0.013396509515912505,0.006105978046276555,0.11542288557213935,0.6579513659838393
-83.72381667,33.31531944,1,1,2017,253,0.10956860365144389,0.41863905325443773,0.5460732544876512,0.014894290429309884,0.013108578724157322,0.0,0.03468337789238829,0.32224413305776217,0.10816653826391967
-82.464088,34.301308,1,1,2017,134,0.07570758592792043,0.7351435397626004,0.6363096874898905,0.029125452913202416,0.029983539068646193,0.0,0.059196163118035286,0.12146334836196357,0.6906518659932802
-84.26868056,32.81336111,1,1,2017,275,0.022507997926229397,0.6260131760302465,0.8293836538028825,0.02678706417801545,0.1167706496248397,0.0,0.01611893880492293,0.0064475755219691715,0.8077747210701756
-86.9566,30.8845,1,1,2017,9,0.019352390589425762,0.5099418163420191,0.7293486046586917,0.17340899525713446,0.0032250007113972176,0.0,8.062501778493044E-4,0.004031250889246522,0.042426406871192854
-81.750664,33.710506,1,1,2019,223,0.08061886162830378,0.5685285604135855,0.47279178096319496,0.05770605477537891,0.1559372699207184,0.06927420552537862,0.031731586547728514,0.019784053313615633,0.40249223594996214
-88.44694444,34.65611111,1,1,2017,45,0.022394661678841337,0.6245987412481356,0.649365694481019,0.0752831869992009,0.03707295806506643,0.045223638236167533,0.032198345854210234,0.11704755827104484,0.15
-80.801163,33.623734,1,1,2020,171,0.10212179803111296,0.2794100921257156,0.36113478791481995,0.181389425619279,0.0279472973955255,0.1425839951709294,0.1148768871457601,0.03242240461163588,0.2954657340538831
-81.87596667,33.02047222,1,1,2017,290,0.17100437564812698,0.29777170751448,0.3302245739465909,0.21242677898313497,0.05566476619091565,0.25185833659911766,0.0751425356813269,0.01692413688482106,0.4242640687119285
-80.24615,36.2407,1,1,2017,40,0.1751775020845441,0.5877782550471233,0.6507284932178254,5.153896876586907E-4,0.011263416159070887,0.03583010461367461,0.04886813245802664,0.13399265525483992,0.3841874542459709
-83.15694722,32.92541111,1,1,2020,305,0.046902654867256637,0.596599241466498,0.5170281048550818,0.23206440205066392,0.13142291865514555,0.008059265627074074,0.004029632813537037,0.06008419562208048,0.37589892258425006
-83.51219444,32.17063889,1,1,2020,199,0.06337565120631229,0.07306155480248851,0.15527611075683248,0.12152898762170578,0.0036035694303515374,0.7398159650769869,0.006638154213805462,0.0016121231662098983,0.06
-81.8897,27.2666,1,1,2019,315,0.04390095701048154,0.0,0.002839877961180235,0.32856122468091864,0.004125851114992276,0.25335067203280404,0.0064545523578100035,0.3838370415369424,0.618465843842649
-88.129,34.089,1,1,2018,28,0.05348837209302326,0.2650278058645097,0.5491607538959581,0.1495720360488605,0.07064272940403292,0.026831472318590552,0.008745821405777043,0.1399900156085107,0.5707889277132134
-89.25944444,31.85555556,1,1,2020,126,0.09137126452771488,0.4017553400022763,0.5168199507906124,0.19358710137487894,0.006897576364895068,0.0,0.047789898938810096,0.2655029509108785,0.24186773244895649
-78.869907,35.590058,1,1,2019,195,0.10035769809269814,0.6191084090650552,0.4885943279901359,0.01790291281761033,0.03913344219526296,0.09778306996958404,0.04437334377734055,0.04740863336165433,0.3189043743820395
-89.44836143,30.50350575,1,1,2019,134,0.07322657356810361,0.7116853875733654,0.3707896033518254,0.2909798787280305,0.02019237458024776,0.0,0.05765862049339458,0.07143850906538327,0.39
-82.09361111,31.96597222,1,1,2017,97,0.07237798940192987,0.3307280798269908,0.24409643148482202,0.3257377026795346,0.08696847854948231,0.06278686037249182,0.15257178621552953,0.05651544462567493,0.75
-82.773414,35.454011,1,1,2017,53,0.05773070798473321,0.9162348659100673,0.8664014238817559,0.0027688274200329895,8.054734288530055E-4,0.0,0.001610946857706011,0.044029388724635465,1.771016657177453
-84.56685278,30.81436389,1,1,2019,281,0.03755423164978056,0.27368168077005794,0.3620477804650162,0.2680059468857509,0.06661944798408899,0.2548354355132976,0.04214583616592729,0.0040315058227591944,0.4666904755831213
-79.165192,33.991982,1,1,2019,151,0.1146148107875738,0.21385492660353267,0.14473181354945167,0.30431215422692426,0.020371347421830346,0.36614400849227435,0.03409230924766925,0.003222514635587307,0.33541019662496846
-85.699,30.9421,1,1,2019,270,0.053984315709587664,0.19358714900075896,0.24272215449519202,0.3476920820075978,0.009048829532951387,0.20686155480517487,0.04156391091550628,0.10934476609629311,0.66
-93.3224,31.9498,1,1,2019,254,0.0295159087460165,0.006449491628306947,0.11983474835992451,0.1608346128248544,0.016949366848530444,0.07013345808809117,0.00858847999393085,0.4887088514765106,0.03
-77.705968,34.907306,1,1,2019,138,0.06603618525027498,0.26038966785935536,0.286668155968292,0.19512866959540173,0.037519468990203114,0.2644433843344527,0.11185704943306937,0.008615324346268433,0.4295346318982906
-83.60823333,31.74561944,1,1,2019,266,0.04795083521958497,0.23568240158824497,0.21374437281228137,0.24567235694767067,0.017602094042222273,0.3196259555016029,0.08198504074910065,0.016476672799580188,0.0670820393249937
-84.46805556,32.23277778,1,1,2019,143,0.02257179347757363,0.39837634830110913,0.46360925769156475,0.05560764347186698,0.12787088372328248,0.1525638026842328,0.11606493744586963,0.08197783579777848,0.24186773244895649
-81.3304,26.6468,1,0,2018,97,0.022250645863937997,0.0,0.024173289497265636,0.41011766683305984,0.0016136738290581532,0.39679606643273685,0.0032273476581163064,0.21233099930706964,0.24186773244895649
-80.128021,33.165405,1,1,2019,151,0.14741750811965262,0.15032415422917,0.3455961163556349,0.30123775491219124,0.0032237571941934468,0.06627033416455705,0.02380839504299925,0.07263883489622351,0.7571657678474378
-81.47740556,32.57541667,1,1,2019,119,0.01853256472491909,0.5881371359223303,0.25058089232139996,0.3168696186868574,0.03430652089397977,0.1968531811127653,0.0703546018591391,0.0032650300427014105,0.8448076704197234
-81.1801,28.2596,1,1,2020,89,0.2757132369693442,0.00849302584613827,0.08481910588444881,0.4466852780471413,0.009034058019149926,0.0,0.021291402145272458,0.06822674979518376,0.0670820393249937
-79.663391,33.866413,1,1,2019,237,0.07467118147244999,0.5024700873058988,0.14540730951964478,0.43622698397130927,0.027258822934573785,0.2578812316715543,0.03809788654060068,0.005640737182728286,0.8538149682454624
-82.528,28.989,1,1,2017,88,0.6608046558704451,0.30417510121457486,0.2906371608867929,0.002967952188896367,0.0373949127989727,0.002419615012366922,0.0333590582162535,0.05988626227994158,1.2
-80.9236,28.0969,1,0,2017,143,9.993422051308002E-4,0.19041896473207512,0.19359486982224558,0.4431034133700448,0.019140178873671677,0.00181594424355166,0.03729645764325875,0.20601792533115698,0.4242640687119285
-81.77472222,29.195,1,1,2019,135,0.05120775391934809,0.7739241563437129,0.7965359202941854,2.327738495785021E-4,0.029841163410021066,0.0,0.11644853783043514,0.001644664014118808,1.6896153408394468
-83.2786,29.9283,1,1,2018,50,0.11339345568611583,0.42954174624656927,0.3707697522868938,0.48042732534606963,0.06245098039215692,0.0,0.03862112586970275,0.0016129032258064531,1.5851813776347488
-79.106774,36.266744,1,1,2017,57,0.05352767322605905,0.7215121125622046,0.5825536309591777,0.0025242853837004705,0.0035522015755987436,0.11198433873794224,0.008604221594228066,0.17670071517658395,0.1341640786499874
-82.611,29.4451,1,1,2020,141,0.5424016196381123,0.18276603821333673,0.28966134207289274,0.06558616324132811,0.03452998048635468,0.0,0.09150855975381814,0.10601254313084903,1.1684605256490268
-80.464166,36.001261,1,1,2017,52,0.19567799823075951,0.5698849993681284,0.41186588413039715,0.0068922479895504665,0.011972473732247364,2.652829843072484E-4,0.023051196457840546,0.224877859292642,0.2765863337187866
-82.0649,29.4299,1,0,2020,180,0.03873506782749544,0.37621482081393,0.3954683592726139,0.3582717446194422,0.004086305815078847,0.0,0.013710631353225079,0.20251567155210037,0.36
-82.222057,35.23837,1,1,2019,36,0.29195355829848535,0.6373100198350035,0.7007977916947998,0.002571875037903445,0.010471716887736253,0.0,0.020137917091800486,0.04006734751253292,0.69
-89.55330162,30.85299931,1,1,2017,27,0.14892486718947637,0.3631798633948899,0.4180640461743529,0.2446552731485113,0.005675476566131163,0.0,0.03490971407613046,0.17263250419732332,0.19209372712298545
-81.000626,32.523209,1,1,2018,30,0.107855653163117,0.43334386652341533,0.26225944435482773,0.37746472035951417,0.024121483008120573,0.19468195740887662,0.08735384391684076,0.0035244992208169883,0.17492855684535902
-88.2,33.863,1,1,2020,93,0.07889314472802661,0.8208123174940275,0.5991982265945104,0.18353735753482503,0.0856758259814454,0.0,0.03303609798023204,0.03648664020829645,0.18248287590894657
-92.5964,30.7991,1,1,2018,232,0.02409714755549933,0.31550186578963996,0.4834966435823372,0.3599217931920619,0.002618090754155586,0.0,0.04037804218667492,0.07747398509458958,0.34205262752974136
-84.37611111,34.82444444,1,1,2019,79,0.2325869389405581,0.7476496158511933,0.8324036859726021,0.0016754880395930716,0.0032064343502310848,0.0,0.0032222295933356715,0.019870415825569976,0.21633307652783934
-88.091,31.117,1,1,2017,32,0.1459484753822611,0.3886858313624809,0.5993651885592307,0.09163187006345591,0.06557128268684183,0.0,0.2256518398846655,0.08460402722757412,0.39
-80.7729,28.38,1,0,2020,140,0.28835791444256126,0.056110703534114216,0.05414193741684163,0.2602830407829548,0.004840807054289811,0.0,0.014326257739754421,0.01148505203076602,0.2765863337187866
-86.643,33.276,1,1,2020,271,0.04485348031655332,0.43748577785643866,0.6380891806050336,0.06013729893815277,0.10000948017064307,0.0,0.03759519671354084,0.0703807868541634,0.23430749027719963
-92.5975,31.22222222,1,1,2017,283,0.03933273470007206,0.8904248188291237,0.70275133019149,0.22835489240863924,0.0,0.0,0.0016124136884437363,0.0,0.954829827770373
-84.1659,30.4163,1,1,2019,280,0.1799046209505015,0.47937459678949546,0.4710941061065737,0.19340528251258554,0.03833286957401598,0.03431713548517655,0.030317211373064847,0.1436937164828493,0.42638011210655685
-78.13711,34.61795,1,1,2019,102,0.0278493482873598,0.34734010306153373,0.32645787054235964,0.18347624571326043,0.01063550793555502,0.3752128839415207,0.06774369879331539,0.0,0.6155485358604958
-81.77202778,32.305125,1,1,2020,115,0.0878298044572614,0.06918620829222637,0.10495244674120979,0.3053330346347119,0.08140681598361435,0.5091790096531321,0.007105514359587074,0.019521199592886906,0.33541019662496846
-82.6087,30.0647,1,1,2018,21,0.054824838750474274,0.17887947388390038,0.27603980893894936,0.07264913806493264,0.004228176033800106,0.14147786927757316,0.08581584506596833,0.41679000164446595,0.2683281572999748
-82.6474,29.7934,1,1,2020,50,0.009603826346623478,0.18595234781288358,0.30986494855375735,0.031991487690950136,0.03660191073738274,0.1569511689905223,0.21818521060171475,0.35536805887171,1.0948972554536796
-78.324319,36.013097,1,0,2020,11,0.09073324905183311,0.5109734513274337,0.4578544158098866,0.08349839019036778,0.04597741083723928,0.08150038532967796,0.10515710080477052,0.21321364951423197,0.0670820393249937
-88.61889,30.43778,1,1,2018,82,0.08626185958254269,0.10430107526881721,0.09184582532542991,0.6415148938150737,8.063343093667586E-4,0.0,0.007257008784300827,0.023383694971636,0.0670820393249937
-79.773064,34.074753,1,1,2018,238,0.06644240983357781,0.05364459507309423,0.2157977533315339,0.3525273756481846,0.019337837069243368,0.3766865311332858,0.032858524131219244,0.016215977097934143,0.5580322571321483
-85.4281,30.4378,1,1,2020,134,0.17317276798137976,0.22482100842462105,0.27836231275516143,0.25017681072904696,0.1433802371541503,0.017739130434782622,0.23313833992094882,0.011098814229249021,0.45
-77.814874,35.669036,1,1,2019,72,0.0736418918064704,0.2679174199420979,0.15096139755115237,0.2598532510649911,0.003464961875943627,0.4301732796795938,0.008180721293248854,0.0,0.18248287590894657
-81.7611,27.7928,1,0,2017,205,0.0,0.0032278481012658223,0.024888986071946822,0.3193151833849361,0.2798858448210945,0.14816127266571957,0.02100543882351824,0.01720553943700741,0.3059411708155671
-93.9933,32.9305,1,1,2017,92,0.037316169497097915,0.5916844754112873,0.5156727107800477,0.24105126212433686,0.047708741546046415,0.0,0.04354023133809496,0.1341918968459643,0.042426406871192854
-82.3853,29.9538,1,1,2018,128,0.07114124522478303,0.2284008399321983,0.26206574841234825,0.3075920918955893,0.06881644941148192,0.033369384412019545,0.026554465590194098,0.3432948156018948,0.8448076704197234
-86.438,33.917,1,1,2018,357,0.0322319690573097,0.715954192683975,0.5586668769639545,0.008680323857822858,0.012894684457813431,0.0,0.02525538173763851,0.22345309601974173,0.30886890422961005
-83.18777778,35.10277778,1,1,2018,71,0.09548119692680955,0.8497649615851195,0.7649229347903543,3.866274412490545E-4,0.0031115842544359815,0.0,0.020849193989114192,0.0012130440139120984,0.4036087214122113
-83.34093333,31.53448056,1,1,2019,296,1.6439672724053776E-4,0.541067567054896,0.2754719347821359,0.2460757452606736,0.021006610206462255,0.34238719813864654,0.011304685944064564,0.022795886561143616,0.21633307652783934
-77.535483,35.481267,1,1,2019,19,0.06061983784193379,0.1553635927357228,0.14389647114945367,0.23633828695711936,0.025791269189462382,0.6057931644450063,0.003853686272032346,0.020137090150988694,0.4080441152620633
-81.75016667,31.26836111,1,1,2017,48,0.07082052644227725,0.35311602727077235,0.3550832287568018,0.41826262846980405,0.0859847239434482,0.0,0.14121500290852063,0.03384632894104553,0.9004998611882181
-82.44953611,31.86301944,1,1,2019,125,0.07912641003591482,0.4721913096261825,0.255870820455788,0.27619268702090105,0.08201255555485303,0.1599758498391042,0.10678227555207134,0.051957617099831155,0.0670820393249937
-88.48055556,30.53444444,1,1,2019,331,0.07808092690269292,0.4353078080926901,0.2432858608485557,0.5445322665177335,0.014567220433949483,0.0,0.10606846309026163,0.01469053747256985,0.6029925372672534
-80.233749,34.70266,1,1,2018,120,0.06301560229928622,0.2691554544880299,0.41147330688889666,0.10997488991593579,0.20072162472986468,0.00168400166820428,0.08146081615630571,0.1221138170283216,0.34205262752974136
-77.523983,35.468633,1,1,2017,211,0.11671191363091107,0.10903466127912118,0.1373254507719759,0.2164281566924371,0.029941084487687765,0.5368356209821358,0.003222188877130356,0.024466522405269222,0.21213203435596426
-81.347714,35.343202,1,1,2017,32,0.135123867756484,0.4224515835617823,0.4274182462850248,0.002061909854109771,0.022266164211776514,0.0791176925822622,0.022395673749680167,0.34385729944184545,0.36496575181789315
-84.33549444,31.47060278,1,1,2019,147,0.0187910976226606,0.4697521497218008,0.2967919090639647,0.5473293052643079,0.013713917191713483,0.03720271496359712,0.040547418603254295,0.008061431267604745,0.20124611797498107
-80.812463,35.538553,1,1,2017,54,0.1781981777053241,0.45760826983103975,0.4125096962147493,0.006700810818322624,0.016111300655824706,0.0,0.012077157334748597,0.25899073758166213,0.24
-78.693594,35.658637,1,1,2017,61,0.40287688013841383,0.3722011037722746,0.3746281350483134,0.0803344523181583,0.07156258291114456,0.02939950221728091,0.0480758297431492,0.0881448118153909,0.24186773244895649
-79.696683,34.984736,1,1,2017,91,0.15113693784739773,0.4562278928751897,0.4964614417426566,0.09534852928988286,0.13557849647146525,0.008807121511741773,0.08899046632255289,0.012888470504987962,0.06
-81.097883,36.132978,1,1,2017,34,0.37065012820674753,0.4368123886874913,0.608669465572099,0.002264152468764952,0.010469071237055781,9.790081699810836E-5,0.03121772825891294,0.14783970793975632,0.33541019662496846
-83.98403889,31.62503611,1,1,2018,71,0.05522535282513026,0.13097526430269613,0.16292933839781099,0.25134004663230763,0.003474208977305416,0.5019425854563729,0.00886729406855477,0.02091796251394899,0.7920227269466451
-79.25277,34.990478,1,1,2018,6,0.32497251671110344,0.19672980452115912,0.2610347833777656,0.23439827157062185,0.023292244235366952,0.20693303519260717,0.0564540834857199,0.008053589532228574,0.2765863337187866
-86.038,34.414,1,1,2017,325,0.08938907565149254,0.13319262947703658,0.276309863497704,7.733697946020815E-4,0.0389068793934128,0.0235336861227391,0.03451544111839504,0.6062175183634778,0.24186773244895649
-79.435522,35.137627,1,1,2017,133,0.5435653701760818,0.2515705780485647,0.3793773394752294,0.07751718184400426,0.020671418281078224,0.0,0.022456433003500538,0.0024737460666489756,0.10816653826391967
-81.81322325,29.12102547,1,1,2020,302,0.0876415870404353,0.4541289628551538,0.5843381480776785,0.09205567183091187,0.18127097494551647,0.0,0.2879889672972725,0.017921815841164503,0.6708203932499369
-83.011,29.2085,1,0,2019,183,0.14150692731068515,0.5431391155817045,0.254039699443224,0.6061919877502214,0.012739699598642525,0.0,0.02824051085309809,0.01045300575310664,0.4295346318982906
-78.347113,36.246216,1,1,2019,121,0.12050916162598342,0.48299637575925947,0.4651710952073941,0.02366845667696747,0.05331636439428151,0.18154343658911698,0.026056584885222816,0.1749621830561143,0.12369316876852982
-81.3728,27.4425,1,0,2018,194,0.19886313284128165,0.04523414652673157,0.011875456529299127,0.21755016317363232,0.011294573226483093,0.007722703990432837,0.00887430753509386,0.24103315289435334,0.2580697580112788
-86.337,32.835,1,1,2017,328,0.05439166550769348,0.670463884288117,0.749746040173436,0.0031132516717863132,0.1735005404312072,0.0,0.09917386714873551,0.02403812726364826,0.09486832980505139
-82.888126,35.489299,1,1,2018,87,0.3370107795933326,0.2341812943094363,0.5497992002373108,0.0015463628383742569,0.0032217512429010913,0.030976190626599023,8.054378107252728E-4,0.28595253286502115,0.21
-82.68987222,32.53139444,1,1,2018,49,0.06066009104704098,0.20598128477491157,0.34662751348650783,0.17177421149190014,0.09794743096996052,0.22417062809750163,0.15130347931627383,0.028076641043794873,0.10816653826391967
-77.076417,36.458417,1,1,2018,46,0.10349097249421961,0.2453283131388429,0.21954220334975116,0.2596512006273456,0.016103923989478772,0.23842017348031055,0.03219521745033834,0.001610392398947877,0.24738633753705963
-82.085,28.5243,1,1,2020,338,0.03266427052748811,0.33596993014073123,0.3084571272984731,0.5151627258239274,0.0043653341853116005,0.0,0.002226953091637222,0.054263001894808115,0.9314504817756015
-87.2653,30.9828,1,1,2019,152,0.2504205081509024,0.40353606252608426,0.3137097794032101,0.385314455387448,0.029061936830124244,0.038698662619747685,0.024569224445919875,0.06329318030920988,0.22847319317591727
-83.90805556,31.82944444,1,1,2020,192,0.11349984192222581,0.07993676889029407,0.17834434527181217,0.27151980935117914,0.007254898241754068,0.5450752043700087,8.06099804639341E-4,0.0017670972187976142,0.2954657340538831
-77.706943,36.505426,1,1,2018,121,0.1041592965078082,0.4304720270884926,0.3606235265943098,0.05654795888156068,0.00644195608101707,0.2571287822808314,0.03396552921932334,0.015302803514023884,0.18973665961010278
-78.867359,35.185389,1,1,2020,77,0.06308594243549896,0.770967578904809,0.5156380135684773,0.13261104237925428,0.08019726283598498,0.009961078184828075,0.025450823297486512,0.0029981170940062934,0.21840329667841554
-85.17861111,33.70666667,1,1,2019,91,0.21567710374293697,0.6411659861709795,0.6218657752796829,0.0026834630829189084,0.02284260751414037,0.0,0.00966916295383449,0.0798811893702405,0.5916924876994806
-81.9377,28.6578,1,1,2019,253,0.05406465489972797,0.1554754222812678,0.055953388286544864,0.36701663576223315,0.00887259522619582,0.0,0.016008629033788607,0.3926147111108296,0.2765863337187866
-77.184691,36.135323,1,0,2019,182,0.045279444269024326,0.2828039153773288,0.29584542205164127,0.17358085773561757,0.01907471376877948,0.4103257952270587,0.03415513637425718,8.051733175035205E-4,0.39115214431215894
-80.6476,27.5113,1,0,2017,93,0.0,0.0064526740640459546,0.0015489992503046124,0.1977120369896973,0.0016138168033137052,0.820989744352433,8.069084016568526E-4,0.014802813737061792,0.8736131867136622
-80.8131,27.5487,1,0,2017,184,0.1623876440055703,0.14343587795923532,0.07867024906002665,0.5286031298023677,8.067246032022218E-4,0.009845203784962016,0.020538259309760092,0.21763531618859,0.3841874542459709
-79.022447,34.774067,1,1,2019,260,0.07667614533965247,0.11312480252764615,0.13341336069426699,0.3098686371930111,0.0024169623364601153,0.4564867793739913,0.004833924672920231,8.056541121533718E-4,0.5408326913195983
-80.5158,27.4075,1,1,2020,87,0.0,0.0,0.0029689032066685665,0.027980077723000568,0.0,0.5192700078769302,0.0,0.45382505622989255,0.6926037828369117
-80.102,34.947019,1,1,2017,53,0.07278996627638208,0.5894560014146234,0.635729570892976,0.00851067485977275,0.10002148553517945,0.018174235051754868,0.046408755987513144,0.07195442538831948,0.0670820393249937
-83.76697222,31.77361111,1,1,2019,79,0.06543568989502974,0.35593777665359805,0.3795314657374205,0.13042084127794942,0.0149461804732325,0.08669922708521036,0.18137417611076875,0.011683816207501549,0.2683281572999748
-94.025,32.8157,1,1,2017,328,0.0610523920299383,0.1714119550925458,0.48728619226932096,0.27616219832296157,0.014048628164892014,0.0,0.03707952882576223,0.08743019143428749,0.12369316876852982
-83.173621,35.393852,1,1,2019,99,0.210882118803624,0.7283261097562518,0.780366307993038,2.5773560571910236E-4,0.003221903892502123,0.0,0.0034209038388037247,0.03837540234314538,1.8420097719610504
-81.71666667,31.24277778,1,1,2019,127,0.03270230281877158,0.3427924681007119,0.41290355539976575,0.4023447398889542,0.0012772078466086018,0.0,0.053655375179804926,3.7936866730948565E-5,0.9972462083156797
-92.908,30.937,1,1,2018,233,0.06504527748267314,0.40532200131532353,0.47503676234402875,0.21140156215302133,0.06812548216160164,0.0,0.1438485664782285,0.10830456172300848,0.4295346318982906
-85.781717,35.667283,1,-1,2019,273,0.445128269935549,0.21089346644761778,0.31423070509224893,0.00728944003961817,8.054454429160282E-4,0.02034776291476492,0.0024163363287480846,0.3073958843317172,0.2545584412271571
-79.033584,34.61984,1,1,2017,137,0.3506900561144533,0.13267782215257073,0.07358310036558792,0.2849346738392596,0.00563884834814913,0.16770598381318827,0.022552234373914085,0.002416649292063913,0.18973665961010278
-83.93858889,32.54704167,1,1,2018,47,0.086996649598584,0.7186674252481196,0.45199362847968455,0.018651361533210287,0.09526940108158684,0.15979796894309822,0.06364357574742328,0.018644887432163786,0.2954657340538831
-84.71305833,30.84089167,1,1,2018,22,0.03365457580816512,0.11090453786614053,0.32495330941642364,0.060926405927832446,0.027988743794858818,0.5472918708698264,0.018544281784551173,0.037755715053593444,0.19209372712298545
-86.79,33.061,1,1,2018,21,0.031584271083575664,0.6547351118978376,0.5230097999459998,0.010076015059415525,0.10642998002679947,0.021452228655222103,0.07562005410461912,0.1473718807675777,0.5531726674375732
-77.685483,35.4274,1,1,2017,65,0.0747471175824315,0.2536401176960866,0.2058778345118111,0.19586077387377554,0.004321332790007865,0.40102789597212607,0.014644516677248873,0.0032220463785146364,0.2683281572999748
-87.989,31.438,1,1,2019,257,0.032246642555451566,0.07292799514403497,0.21036195998476556,0.6552602123213984,0.015348235822244989,0.0,0.02184159861913298,0.045665348393888534,0.12
-85.4012,30.7486,1,1,2018,129,0.09893376168372058,0.1702186863640388,0.21652310101801095,0.35206313650978627,0.04111200349082078,0.11240506169013909,0.05886649507680439,0.008069361091260932,0.3313608305156179
-81.58388889,33.22916667,1,1,2019,126,0.13128081931976235,0.4670501959792643,0.6608589871481073,0.129689393636799,0.03097357717796299,0.009670354674478803,0.18641662795364564,0.002417588668619701,0.9972462083156797
-81.7907,30.5847,1,1,2017,32,0.07308344082757923,0.4715456407921694,0.4574108155524282,0.2691959412084303,0.012973543835906647,0.0,0.07511248691736835,0.04118143673381627,0.4695742752749559
-80.379595,36.274377,1,1,2019,7,0.5673436394867131,0.23053703142366372,0.4995291002885019,0.0013252896386905756,0.015307637392837055,0.021963269251423043,0.011412813433825894,0.14667344759834977,0.2830194339616981
-84.410125,30.88200556,1,1,2019,281,0.0919441352089869,0.27717336301993706,0.41160997516780334,0.19391826165517304,0.01868316712723778,0.40679916781019004,0.024858192579851654,0.03598462092995314,0.08485281374238571
-91.924,31.7444,1,1,2019,312,0.03605437875434712,0.8072842238381279,0.5643068619408531,0.25215981355961353,0.06371712190187152,0.0,0.07335925644916541,8.061456752655538E-4,0.7712976079309465
-77.605566,34.44136,1,1,2017,33,0.4356405624265698,0.19928749194638498,0.15541454848560068,0.44611130010529226,0.03530370922788146,0.044195996890543335,0.018435538814488044,0.006392714264948461,0.06
-79.900452,33.465618,1,1,2019,37,0.0,0.1113948695905028,0.16524619703953808,0.577076213921361,0.043668701884788955,0.031040236641510868,0.060765798222660455,0.003122353268358047,0.33
-87.681,34.359,1,1,2019,264,0.12322238936151396,0.49893185351856334,0.5218106226226733,0.008089671818331168,0.009023326056117754,0.015506472088034292,0.03267480324662809,0.3437931459371336,0.21633307652783934
-77.949849,35.878531,1,1,2017,337,0.20337869426228475,0.08123270535612753,0.11285453691024215,0.31285453691024234,0.024193013434245472,0.42579893170425065,0.0016109723007527344,0.009981710726232627,0.33
-81.585548,35.902461,1,1,2017,35,0.3558427122412118,0.4094635391008883,0.5278118857408499,0.0032213076235087226,0.01829356882513091,0.0,0.024594616788897516,0.1630660678302286,1.7608236708995029
-82.46173611,33.24876389,1,1,2019,142,0.03870959583185796,0.32170317163235373,0.48607078971291123,0.07721130637285377,0.030816636116553924,0.29979141647177776,0.026878831932241932,0.1006099488022248,0.39458839313897714
-93.5856,30.506,1,1,2017,76,0.06598952667661721,0.7567988059399433,0.6441805840890895,0.2188004465986314,0.017764370705547188,0.0,0.026004660854827354,0.01218336068502551,2.1350644018389704
-81.4889,29.1986,1,1,2020,80,0.0767809926242678,0.570107409890819,0.45730498722036467,0.311674327026082,0.011290715363279564,0.0,0.012732890771026198,0.07990157785375207,0.12369316876852982
-77.921167,35.888,1,1,2019,364,0.0809230302877207,0.1412458635410614,0.14698317636869496,0.23333175004370899,0.020971002590182558,0.2828384610524982,0.0016109672120790941,0.09209678438309425,0.09
-88.85991484,31.08742352,1,1,2017,30,0.030456724384351746,0.5810429657361856,0.5694206423234194,0.25883735940449626,0.026744358834111626,0.0,0.10984504775665449,0.10280406334672819,0.2580697580112788
-83.0919,30.1683,1,1,2019,18,0.06436801963041193,0.31842501359709585,0.23735945392436214,1.2901097655744077E-4,0.0683267133857869,0.1422983024261896,0.16128848635110166,0.27424608495458774,2.259380446051528
-77.775117,35.763003,1,1,2018,24,0.08681976656055783,0.16744985094234757,0.22840392347693914,0.20527459133817333,0.016714983168173023,0.49530729926546363,0.02341613455356187,0.006442200200845073,0.33
-78.9965,34.889138,1,1,2017,39,0.11095816021115641,0.2036295669525024,0.11206180684753626,0.31789779490141973,0.005169068998856234,0.21813407983620747,0.022391926647245798,0.003867323016259187,0.21633307652783934
-83.15280556,32.50861111,1,1,2018,47,0.021865041226162174,0.1303808993879306,0.21701738825268935,0.2169036106439206,0.03665120042479486,0.3636357889679759,0.047037182194014926,0.12908201322426885,0.2830194339616981
-85.706,32.462,1,1,2018,333,0.18005942972750838,0.5647720806726939,0.48320290870107174,0.1421223100709728,0.03281160116567948,0.0023515876377290753,0.07388852716020511,0.07165072602107583,0.37589892258425006
-88.53887531,32.41890882,1,1,2018,121,0.08673385516116391,0.6642556366257385,0.6579207532762407,0.0806899638178605,0.02876883786790734,0.0,0.054699352685344364,0.02096186912106806,0.042426406871192854
-79.906029,33.099335,1,1,2017,77,0.04457616622221098,0.7557600192105963,0.4326915784843599,0.39364682922883254,0.016119346376307714,0.0,0.004917980972849962,3.129049590695027E-4,0.7029224708315989
-82.61818889,32.36368611,1,1,2019,262,0.08753825530515716,0.46662619824468193,0.368660166464642,0.23256907665677026,0.04525254440862256,0.14422213793539423,0.04081168215437135,0.0056419495543334,0.34985711369071804
-80.3997,27.3247,1,1,2017,94,0.7744059148973883,0.0,0.0041399797101507995,0.12632911674358052,0.0086615966694927,0.0,0.0,5.061561238564032E-5,0.06
-82.60102778,33.29870278,1,1,2017,350,0.03434192724467991,0.7033772933604764,0.5770818713332024,0.03521136729959896,0.03783274708535204,0.015090749923361117,0.03818986849715095,0.20796159522658259,0.22847319317591727
-81.137625,36.299236,1,1,2020,20,0.0827827536982529,0.7218256925933881,0.7554031460646905,2.5768364633475344E-4,0.0024160539680133414,0.0,0.04826738927208875,0.10329341317365272,1.4252368224263643
-85.15065556,34.23309167,1,1,2017,61,0.6217220417809344,0.28861197821224105,0.382858330043417,0.005522004865875032,0.00644525326053988,0.0,0.0024169699727024548,0.11829883227176212,0.23430749027719963
-81.0622,27.1133,1,1,2018,362,0.06037243806413226,0.08327320142291088,0.04831440482126539,0.43945753170852686,0.013669940998750373,0.04460367927363608,0.012502570429775855,0.3854632309906831,0.8237718130647589
-89.70083333,30.92,1,1,2020,125,0.07620493358633772,0.5527640733712837,0.49190363578880825,0.2670355991147646,0.1569489853349437,0.0,0.0765346453257109,0.06358019616646955,0.618465843842649
-83.0422,29.6051,1,1,2020,177,0.11182686831614254,0.22926026703790428,0.404224260326886,0.039427306757015224,0.026245797794454833,0.0898157196484537,0.09328817247148195,0.3034569564488636,0.16155494421403513
-78.976542,34.966085,1,1,2019,150,0.723370630254757,0.12085466843669007,0.16145836228894828,0.17264757002794393,0.015297532747712322,0.04407635184009452,0.0304876700559404,0.011207029979121068,0.10816653826391967
-81.984,29.2013,1,1,2017,124,0.038717024103245394,0.5279686214968051,0.6569698098294023,0.23617264277975658,0.004839275943105298,0.0,0.08195456141294209,0.010276344796829488,0.3189043743820395
-76.285815,36.257145,1,1,2017,274,0.06609471343374103,0.009665925401799252,0.06361787539568856,0.15902270930123857,0.0,0.6160958449908116,0.0036788157055431727,0.0024157030169446587,0.6489992295835182
-81.47083333,31.86111111,1,0,2019,182,0.02941585623411279,0.36704058275264645,0.3889149911620348,0.46062616796433503,0.02176462592345554,0.0,0.03632811635618752,0.019204081697166656,0.09
-84.7835,30.6407,1,1,2017,265,0.04030156601816479,0.5903180104738529,0.6323731464693881,0.08215430439990942,0.060904732994358855,0.1362791227138195,0.05172839037717231,0.018327388631706753,0.47434164902525694
-80.761381,36.318519,1,1,2020,93,0.11232776367471171,0.5536063855315172,0.4550846164495551,5.15368594650474E-4,0.03025402771153973,0.043383372444483745,0.015924502319822873,0.2585094387892071,0.4883646178829912
-77.589783,35.762826,1,1,2017,350,0.07863323438388176,0.3447104149561043,0.22957642997329944,0.2526240684632752,0.003432541248914503,0.3961601010499725,0.018012157574800666,0.015299597379016346,0.7553806987208503
-89.48621389,31.71303676,1,1,2018,357,0.05973924149879232,0.35730996370626095,0.5007755905691019,0.11556274191370335,0.0032245113442734893,0.00818456850031771,0.015142558175558837,0.1859088854255249,0.32310988842807026
-80.4785,25.6529,1,1,2019,12,0.02907197689442882,0.0,3.87384923890256E-4,0.1633194583700462,0.0,0.9423539464523069,0.0,0.0,0.7409453421137081
-79.729347,35.71945,1,1,2017,46,0.30835986054267067,0.45965337779798854,0.5837695911775523,0.006432192392741205,0.009249171869128488,0.001610473763487719,0.02628861584516718,0.18050568876173526,0.42638011210655685
-87.804,34.489,1,1,2019,246,0.06155207280080889,0.6263902932254802,0.6740221016871707,0.019501607611399293,0.036439920258055564,0.0,0.0866798727414611,0.11497183441225071,0.33941125496954283
-79.666028,35.068226,1,1,2017,77,0.07471395014018335,0.519903513424768,0.6324109633077141,0.07561510148833385,0.13653524748909227,0.008862027240070895,0.07083303056056665,0.012182523008097457,0.33541019662496846
-83.95148333,32.77026944,1,1,2017,94,0.06766375463039051,0.594826605307407,0.6307501872168678,0.06109969746967743,0.16002591615176748,0.0,0.08991008359539197,0.046516331916373,0.12369316876852982
-79.852718,36.399465,1,1,2018,108,0.058126760029802126,0.6091628887850588,0.6268575427109147,0.0050811021095895255,0.01712128630770932,0.05612433465481023,0.014313016284175448,0.1674442847440494,0.2683281572999748
-77.189003,36.39677,1,1,2019,241,0.05741596585599916,0.707275803722504,0.2982282589365109,0.17972046626679397,0.016073047246357577,0.4318182535997748,0.024967073783151238,0.002416168430627539,0.9415412895885129
-82.443218,35.506477,1,1,2020,308,0.23801640359413123,0.5593018994300447,0.599320305433008,5.124240081260136E-4,0.010470493108109815,0.0024162676403330346,0.015303028388775885,0.16316597389799242,0.34205262752974136
-90.05327537,33.09178231,1,1,2018,26,0.1261079010254011,0.7418416760440504,0.6696208131824235,0.01629651352396747,0.006159534795524936,0.0019467795967385122,0.010195310030971494,0.2844510460779975,0.12727922061357855
-81.302892,35.837688,1,1,2019,17,0.3862007961079168,0.306501547987616,0.4123026562794504,0.002190532352419515,0.012722638273410393,0.013692313037545693,0.03158549720310425,0.25901055271461576,0.5731491952362839
-86.763667,35.131333,1,1,2017,340,0.04518517582542552,0.7000922404316351,0.5259833756934584,0.001962430300368581,0.001611084259706783,0.021913904920756774,0.005622999965251126,0.376352442056249,0.6958448102845921
-82.5301,28.8639,1,1,2020,110,0.46946883619707974,0.48267834096717877,0.3210476002993838,0.06832791935868314,0.012528625109123346,0.0,0.016997937726944926,0.06276015637849669,0.3313608305156179
-80.4325619,26.58734858,1,0,2019,219,0.0,0.0,0.0,0.6680220259811802,0.008088146877709496,0.06278439835705558,0.0,0.0,0.3612478373637689
-87.459,33.68,1,1,2020,165,0.0,0.9910248144917644,0.8517464727781587,0.049113669867808796,0.0017916163729089904,0.0,0.009571086408362137,8.0575339522362E-4,0.4459820624195552
-77.013499,35.039253,1,1,2020,321,0.34438417479042593,0.4195779438354258,0.2591977470119197,0.18354908295460043,0.014500674486710878,0.019729131191614256,0.030603057462476744,0.027421754802756087,0.33541019662496846
-80.562496,34.914356,1,1,2017,77,0.07690558314065876,0.5842777546147141,0.3711162685853547,0.005035444719277619,0.009789798896870679,0.231139078956513,0.005765209095446592,0.2700202808999413,0.4080441152620633
-77.42964,34.555449,1,1,2017,104,0.38382983025998135,0.3246799206278989,0.3032420359275988,0.18905987882610822,0.054561304872424964,0.06669340930770251,0.03096987346729923,0.00401139615537685,0.3014962686336267
-78.248966,36.114931,1,1,2020,73,0.08052962059860266,0.39336205480663544,0.4872410670795179,0.0444468248947493,0.19648795894196597,0.01369127516778523,0.05601579155151991,0.14998815633636,0.08485281374238571
-84.19895833,31.51440556,1,1,2019,142,0.367326031416791,0.1582854830141907,0.2660936478159517,0.056556697558229625,0.016581310065756198,0.5843386444107236,0.004482802225594334,0.007255311077389985,0.18973665961010278
-79.494835,33.410732,1,1,2017,88,0.05485045382145475,0.5006194220413116,0.5078008684314701,0.29361001673871606,0.0629655261769103,0.002417496989979241,0.03316869072787204,0.027126528316316085,0.6177378084592201
-79.995104,34.850823,1,1,2018,70,0.17336130842538996,0.27988574028666047,0.39359083732429834,0.13139202966083713,0.13654180840748084,0.13585639878837275,0.0357613258412061,0.0590178743457813,0.0670820393249937
-78.821692,35.280142,1,1,2017,48,0.0884942338541601,0.3832434412459423,0.3387509551590717,0.2086072466756421,0.12339139169493774,0.09229952807838827,0.05426782657038709,0.008964615355457424,0.563648826841678
-77.499845,34.782375,1,1,2017,26,0.1870631801119776,0.31295577771318084,0.24090217142995746,0.3300877790603877,0.03246621984422278,0.10567077061079068,0.03573210867766245,0.009661851007245597,0.4295346318982906
-85.967,31.735,1,1,2017,80,0.024587364826408647,0.6809460570416743,0.48146379852034055,0.07680764632219507,0.03643254999399375,0.03137466886684494,0.0626987589224184,0.27511079920844145,0.15
-85.2694,30.377,1,0,2019,185,0.07360791357806055,0.05842841601942976,0.23610211018749402,0.31245203371969443,0.21426425619246678,0.012351730222527198,0.07422105992138657,0.049134967792531396,0.785175139698144
-85.474,31.393,1,1,2019,178,0.07238331288964202,0.2761162887745167,0.3877706578536739,0.18020455408756644,0.004030817576261488,0.2687433017296159,0.03683693050870499,0.08405598252363958,0.5341348144429457
-80.370529,33.061043,1,1,2017,115,0.08678067215207472,0.40517448400510625,0.4009549966427473,0.3972812325564457,0.003223706250829632,0.07056124093727681,0.0252460446388501,0.05921505913288627,0.45398237851264667
-83.387367,36.35165,1,-1,2019,79,0.11988529415480234,0.8547101403504339,0.6745910965866947,6.250012631391736E-4,0.028881835551976247,0.0,0.01686484437917476,0.007942899553113206,0.2954657340538831
-78.154438,34.213814,1,1,2017,33,0.0,0.5165594713099739,0.3944636135983833,0.38341065584791795,0.11925300976395863,0.006619900780484719,0.1569911839984832,0.001611527158972414,1.08
-84.58733333,30.87863611,1,1,2017,63,0.15351337676301305,0.38626272848017196,0.3691024075481092,0.15901836543296316,0.0596628904409742,0.18706703301220132,0.08135590004964,0.017781881072604075,0.5916924876994806
-81.245844,35.840482,1,1,2017,53,0.07141503833474376,0.4537267433782569,0.47056680409485135,0.002017207915418755,0.032705852626259455,0.032626891127886054,0.027459650674331208,0.30871734942042284,0.40024992192379
-82.31385556,31.97658056,1,1,2020,43,0.023472575280444163,0.20917909220826855,0.22964805339760902,0.31601306214430963,0.12398491558480564,0.21280657999133887,0.041036437144582175,0.027684264097384895,0.15297058540778355
-78.179208,34.991976,1,1,2017,29,0.16967445152158525,0.14705287635223938,0.2335850794079189,0.17066877727017488,0.008861187367516564,0.4233278260237753,0.04745552821206197,0.06798631491491051,0.49203658400570177
-81.0683,27.0775,1,0,2019,52,0.1662635651061782,0.0370769016474402,0.05124810796855303,0.41822678053447643,0.008068088337657412,0.062124280199962065,0.0044675061697146135,0.4129912042017341,0.39115214431215894
-80.949226,33.551292,1,1,2017,152,0.11462915213104807,0.15300318519642045,0.28942674708419075,0.31629870425326473,0.02964793472524629,0.3660581392776677,0.05394584243175009,0.011057143850313022,0.09
-84.57980556,32.13011111,1,1,2017,42,0.053269775440016175,0.5842732146469755,0.5494399182761115,0.1611735671769353,0.07048392704744445,0.10052154123336603,0.01304801340202927,0.004836109618484686,0.21
-80.8713,36.079617,1,1,2019,86,0.08322698843894118,0.4240444753300904,0.46232021876920076,9.165912104258961E-4,0.007201470616104763,0.13804713804713803,0.015113612674588286,0.3131281545915691,0.4080441152620633
-82.35985,31.73744444,1,1,2019,246,0.17952933142806565,0.22591332717915005,0.20476487430072254,0.26100396567097545,0.00864556958023942,0.24631496426392543,0.051064179524383024,0.06566523469481296,0.0670820393249937
-79.767455,35.550858,1,1,2018,51,0.060346680490056044,0.7687026664812314,0.6588741687715864,0.004262904192554907,0.011065797745142335,0.0,0.03150735561234646,0.12820593819200735,0.2580697580112788
-85.61916667,33.78861111,1,1,2018,60,0.03223319133875188,0.9419802555902465,0.8394204680399521,9.761996361116017E-4,0.0024172754619681985,0.0,0.013144922773578701,0.0016115169746454658,0.57
-83.223267,36.540917,1,1,2018,92,0.18681860100812306,0.6831234129641093,0.7562656179425593,9.018367155157337E-4,0.031981481247552505,0.0,0.0022422091128431205,0.10213104606950213,0.8590692637965812
-84.52005556,32.77069444,1,1,2019,147,0.04614314618108244,0.6504552352048555,0.7240174288281556,0.06280000991078774,0.10981137084845193,0.0,0.05469550046145873,0.14060899907708255,0.15297058540778355
-82.72571667,32.99036111,1,1,2020,151,0.057765750271883444,0.1698449632008902,0.43880741608165996,0.13762466148503658,0.0287917575297873,0.39169432065990323,0.0,0.08666603457539264,0.4036087214122113
-79.220229,36.078772,1,1,2017,15,0.360728688638576,0.5077938332005916,0.5357970281445537,0.004004480976315199,0.028914513475016036,0.025569841736070978,0.009468674101376084,0.1338500361628814,0.34985711369071804
-83.72156944,31.91453611,1,1,2018,59,0.03568312575077447,0.20048049566921664,0.22953051564838275,0.14957085354400484,0.03904708917100805,0.4120586970815842,0.06448839208942392,0.017734307824591577,0.03
-78.667471,34.484069,1,1,2017,54,0.24626724148829915,0.1501953297849476,0.21974769718202705,0.2777817934962545,0.02027206328346139,0.45514683582693116,0.09865295188030737,0.0032223008491710486,0.40024992192379
-79.763064,35.307253,1,1,2017,99,0.13128749131780007,0.35145545242154447,0.5841922974483018,0.014047506295981647,0.09476238318199919,0.053083868847901255,0.03706898185885164,0.1523515250317518,0.17492855684535902
-82.46829167,33.37187222,1,1,2017,79,0.0687109740374649,0.42407159289127055,0.49868673646807676,0.09929738505088989,0.03862986428199014,0.03632629200701502,0.0077070134138056395,0.3419430268750102,0.2683281572999748
-88.256467,35.720233,1,1,2019,76,0.045548157226426765,0.9477301729692851,0.778764344335816,0.016692968931996646,0.007378558590998534,0.0,0.002754324953489179,0.0016740736529234689,0.3014962686336267
-78.3535,34.185106,1,1,2019,258,0.030422143579373114,0.3015419615773509,0.33050710802489225,0.5391463293191934,0.07705797041919314,0.010802903102477503,0.11287280126639478,0.0,1.7892177061498133
-87.73,30.651,1,1,2017,80,0.11166344122743772,0.2739220076145663,0.34268151840642114,0.14005583819771827,0.0072471100093592705,0.21754293881061396,0.014102142513849194,0.191495080059697,0.21213203435596426
-80.646336,35.279983,1,1,2017,327,0.4484854611855988,0.433220021988298,0.3523143398610235,0.01898370183196463,0.0135030535098777,0.0,0.00955070911566689,0.0972763260573548,0.2716615541441225
-90.6231,32.1867,1,1,2018,21,0.05057977062074023,0.8964632095393447,0.617019490479294,0.04692866032475533,0.016080392479168513,0.0,0.05616599441121802,0.04817479484618205,0.21633307652783934
-81.0054,27.2189,1,0,2019,156,0.03531734980632424,0.0,0.006993913230118783,0.22414590833802447,8.06870103405941E-4,0.0,0.0071226062853598955,0.7571479198572316,0.12727922061357855
-87.184,31.218,1,1,2020,125,0.05312745023648735,0.5249513114298001,0.5220963692950783,0.29914532076141676,0.034589813061361274,0.01692975495325744,0.03257910827139457,0.024017805486441973,0.21
-82.02358333,30.96533333,1,1,2017,76,0.03643929524556366,0.5298053451045369,0.4326409210356592,0.39771562113505726,0.00983618997031121,0.0,0.04273098921528641,5.817611554282426E-4,0.9314504817756015
-86.597,33.019,1,1,2019,90,0.055417177681404944,0.88635875131178,0.7630178101197725,0.007639481593243236,0.10644880931687813,0.0,0.06686155839640975,0.004029518196040009,0.4883646178829912
-82.89003333,34.21467222,1,1,2020,175,0.09845574483142092,0.43780013142597174,0.49764643796271274,0.014454995708388808,0.019616825796015345,0.02708884915043253,0.009367674099723867,0.4061842446147722,0.21840329667841554
-83.16508611,30.86723333,1,1,2019,207,0.040098158267557145,0.5560615260068807,0.5133054036034815,0.30334883598584844,0.010449965061387614,0.010314004850301482,0.06968435097970398,0.008704615374886567,0.7224956747275378
-78.835915,36.384245,1,1,2019,359,0.06618204804045513,0.647016434892541,0.6053262880696366,0.02666478712127414,0.015586113672827423,0.07168033149310865,0.08241216822264616,0.14481978852154584,0.45694638635183454
-79.228017,34.941217,1,1,2017,304,0.04516283887920362,0.0487000682179944,0.07913738151580928,0.31997276771589483,5.434250310415752E-4,0.5636265406257601,0.008179810496317663,0.0,0.03
-84.33025556,32.21952222,1,1,2019,88,0.03669608760527049,0.5482410662350472,0.5518154969606862,0.03758280992404245,0.07300566761179542,0.15949285463666268,0.015599366542440703,0.03820975537285172,0.33541019662496846
-81.4075,29.3231,1,1,2017,74,0.022579788243330432,0.6844142537285116,0.38620403495544525,0.3233338224801765,0.01676459984440326,0.0,0.03941784049436753,0.2125982757857319,0.47434164902525694
-80.703322,34.861284,1,1,2017,161,0.09496726574151307,0.5520967619625389,0.6191447809337622,0.0070885817479002175,0.008064032142417186,0.01719252916223139,0.028472066483254413,0.23581845346203772,0.41785164831552357
-82.39248333,31.78454722,1,1,2018,122,0.11323116607237693,0.12327086968616446,0.16008678764338158,0.29407254556857015,0.020427259105651473,0.22740578234948247,0.04514101826504224,0.13156330806532168,0.16155494421403513
-81.559608,34.722008,1,1,2020,85,0.03452415553561725,0.7391353796772522,0.6502359626604315,0.05027467903568932,0.054548671112613446,0.0,0.01852828841579185,0.1418859365078362,0.618465843842649
-93.6382,30.4025,1,1,2020,115,0.03277630896509848,0.4292545318844797,0.4373984702299915,0.3778447939606514,0.018116789890774327,0.00241915592013307,0.03890255703199611,0.024384459215877258,1.1788129622633101
-80.739449,32.595928,1,1,2018,53,0.07919089759797725,0.19144121365360312,0.2694345740304647,0.48490547242045967,0.028212779677947566,0.0,0.061489634766995635,0.014654839953721558,0.49929950931279715
-86.461,34.181,1,1,2019,262,0.02842877006699533,0.794551889773733,0.5009766276622202,0.0030936652654182818,0.013065101171593591,0.006145494988814881,0.04944832728789352,0.10106100628135938,0.17492855684535902
-85.0229,30.3141,1,1,2019,86,0.08395739513231804,0.3870110813135661,0.19305414462580783,0.6614675872898952,0.1217806222312166,0.0,0.0158767300449962,0.0016126533206429119,0.2765863337187866
-82.24673611,31.18587778,1,1,2018,74,0.1503162155325069,0.3153680748798379,0.34093563494789314,0.3111524646824037,0.04340595587003192,0.03777510093489265,0.09557593750098803,0.17979847799350607,0.2683281572999748
-78.332767,36.217003,1,1,2019,272,0.07057931644450062,0.48468001768905167,0.5444626061385405,0.032096345120469286,0.03933061528695813,0.17932474127503964,0.022172815957100772,0.1529516909890763,0.12
-78.059565,35.338942,1,1,2020,87,0.22616640549967137,0.13373856341303134,0.11182380204666736,0.318278046159934,0.01912107487350528,0.2372605128010765,0.027402452197312823,0.02204577182310322,0.3014962686336267
-88.88850566,34.6370454,1,1,2019,310,0.026563546524118235,0.6559881715130608,0.7628269864327863,0.01760270434472309,0.04642044736509539,0.018077846581574616,0.03710034121066599,0.110018324276507,0.3313608305156179
-79.424532,34.838986,1,1,2018,70,0.05534131569963715,0.17068945897763346,0.19537613914745203,0.34144831375093937,0.09316746641226434,0.16840146702510422,0.02431774171639409,0.007249833364396523,0.5515432893255071
-82.21483889,32.67395833,1,1,2019,88,0.04445231111560633,0.12049914028522299,0.36020076749168584,0.21994315363334854,0.04908136399983564,0.310645305047836,0.05288675792447999,0.04366405072172898,0.39458839313897714
-86.9628,30.4185,1,1,2018,217,0.24213136322234594,0.03759740916911243,0.029990140047746642,0.16431668608471864,0.018545923691350313,0.0,0.0032253780332783155,8.063445083195789E-4,0.21
-81.51225833,31.66738333,1,1,2020,87,0.05981511691136484,0.443289452053062,0.3808096573810606,0.399999595383733,0.1075331358720906,0.0,0.08796297759752675,0.0,1.2137956994486347
-86.82,31.299,1,1,2019,356,0.05122108538112281,0.38084457878561756,0.5708426275777304,0.19814064531140166,0.013679488354888981,0.1490738603851248,0.007416704340321134,0.05600465361840959,0.7409453421137081
-84.529833,36.071867,1,1,2017,61,0.23242737828993076,0.3800841514726506,0.7015171680607474,0.009148180823230165,0.021489143308330058,0.0,0.011688906435057253,0.2845732333201738,0.40249223594996214
-80.92953,35.857744,1,1,2016,364,0.09611885991510007,0.1914038811400849,0.41973302367839577,0.009461454074504154,8.053182586176954E-4,0.1637796270271125,0.024503781837704696,0.4057035481375045,0.35114099732158877
-82.39089722,32.28417222,1,1,2020,306,0.045144728689032486,0.27606570644545325,0.34968858852419893,0.2314928129589249,0.18972165854336956,0.007743999190831104,0.11442786069651743,0.04208626499016986,0.34205262752974136
-79.015344,35.437727,1,1,2017,357,0.0999696640291225,0.22322218570670171,0.48996876340795675,0.03284617860902407,0.02496754692667027,0.20665422237382783,0.07296335250512459,0.24494726967793287,0.3
-82.28427222,32.60776389,1,1,2018,124,0.1897463135796848,0.3027543819713179,0.3091967036628947,0.2574645186638883,0.03446412147148903,0.13414900106515118,0.08750043459434172,0.036565977742448325,0.03
-85.502433,35.533783,1,1,2020,92,0.03863262984961454,0.8306584102110446,0.7416345267549602,0.011510737560439209,0.06806659780723788,0.0,0.06717584739739793,0.06133543070309271,0.36249137920783714
-83.65234167,32.40861111,1,1,2018,104,0.06200991551575861,0.3571356300905552,0.4572388948054557,0.19037591946995625,0.02835216102257427,0.18536687127423526,0.008205374583567756,0.005641985220211266,0.31320919526731655
-77.229152,36.393475,1,1,2017,103,0.054890522009243124,0.32297901356163355,0.3423558423672101,0.19296279661235308,0.001610941769193107,0.48676658717248117,0.024230459434275146,0.0,0.6708203932499369
-79.258524,34.983887,1,1,2017,79,0.23398659754709827,0.13243140725755467,0.2309643233320598,0.24440751500595395,0.015864842409863876,0.35288059668487337,0.04072987120477399,0.00725006239160446,0.31320919526731655
-82.386218,35.598577,1,1,2019,86,0.6175705043970484,0.3700090973415547,0.647974478080176,0.003221571338475719,0.005360143526765973,0.0,0.0024163286965091157,0.006958394926025597,0.19209372712298545
-84.97798056,30.99066389,1,1,2017,6,0.03942974244800889,0.20988716288012946,0.2259749456853011,0.22545494093039373,0.025002766492245948,0.6519278498822274,0.01735460107181816,0.024797255639692078,0.5770615218501403
-78.764381,33.981575,1,1,2019,119,0.13886922221098413,0.1510695863254779,0.24749425094444255,0.37610627297916094,0.08396782570784074,0.07299874259934412,0.046391133745727044,8.056210232334784E-4,0.7920227269466451
-80.277701,36.269718,1,1,2018,4,0.05312472376911516,0.762851839224154,0.659262855912927,9.018768132271234E-4,0.030607120182695145,0.002631138401670284,0.008054505311235565,0.057322808779726675,0.45
-83.277367,36.5357,1,1,2018,116,0.02044013239344097,0.9634528411531367,0.7576903236693474,6.441759171170428E-4,0.01682182194826193,0.0,0.002415748787388845,0.001629446240905417,1.3261221663180207
-84.52734444,30.72340833,1,1,2017,41,0.0765650100560355,0.19349330230087153,0.3114310097040328,0.3117486937268027,0.036996401854088534,0.29726123551098094,0.03716713988503639,0.017712489803145375,0.2563201123595259
-77.875987,35.826425,1,1,2018,60,0.10495309853101056,0.08358827842532424,0.1628389140198326,0.23221598328017443,0.004488214095076862,0.5078346341047419,0.00887219802468044,0.002842640876544107,0.4295346318982906
-77.560096,34.871011,1,1,2018,133,0.07533701406173009,0.07513486879508785,0.16068183058755992,0.23234874322485716,0.0043373600545881874,0.6589723015491925,0.015580378579190778,0.0,0.9585927185202274
-81.725,27.5012,1,1,2020,87,0.07814240858908134,0.019371011850501368,0.006404402697826798,0.15304153446491953,0.001613515565679575,0.10968742090609973,0.005555555555555557,0.650319539357125,0.5909314681077662
-81.306953,33.814465,1,1,2018,293,0.03251220314120235,0.47790788841397114,0.3518423121352219,0.05509015032215506,0.08643325002290778,0.2342149914530456,0.13831531784875845,0.06957947719811558,0.17492855684535902
-82.53083333,31.29222222,1,1,2017,301,0.032290296468683595,0.4905899018516644,0.3153389878945717,0.3598872459784718,0.056160308070732336,0.045094549007085254,0.20673683411794838,0.01767043640192102,0.45
-81.7025,29.11444444,1,1,2017,94,0.035924430890708244,0.1887582724891493,0.6380417242065072,0.03381748607278636,0.04319386631915889,0.0,0.4159718619921812,0.004032819241134124,0.48373546489791297
-81.99552222,32.06994167,1,1,2019,141,0.017794809531036574,0.20016947437648605,0.3754765807257836,0.20513288630790352,0.08612258702819238,0.06979640476288322,0.2559559746240871,0.0020956938706485923,0.6067124524847005
-86.212,31.936,1,1,2017,12,0.058425545368321195,0.7893392349035723,0.6876818755139552,0.1416112969412042,0.012489212999402559,0.0,0.0656387010712716,0.006363144967804948,0.5660388679233962
-81.053436,35.963355,1,1,2018,31,0.06253948997902295,0.5521267723102586,0.5053394359308114,0.0014173481391052672,0.0210015032654969,0.010873409886181325,0.01964035320422936,0.3296635969732572,0.40249223594996214
-85.349,31.069,1,1,2019,123,0.04246571876739362,0.174505388857967,0.17819848492819176,0.28399199569434685,0.0024186587667685776,0.5442171923956106,0.02008593352324284,0.023620653132716395,0.40249223594996214
-80.811389,28.796389,1,1,2017,75,0.032546960976535325,0.2941749414964266,0.05718253279440571,0.40785456444585894,0.001613020554942327,0.0,0.017290947791901375,0.004839061664826981,0.45
-80.86885,35.328931,1,1,2017,343,0.5790917249137354,0.2202560764437479,0.27935361800878156,0.00895557235613271,0.002416328696509117,0.0,0.006045559640677713,0.0684563292018851,0.4080441152620633
-84.344883,35.871933,1,1,2017,100,0.0680850526209397,0.43415749643087254,0.5550286283987851,0.011358382276921587,0.006932863351526178,0.0,0.01780119264200526,0.36314938346472614,0.4883646178829912
-79.207375,34.859259,1,1,2017,350,0.061841722616293004,0.08549861548382198,0.0979012319471275,0.3133459085546888,0.005288447868982967,0.43601894237360955,0.029042234922079104,0.003222351748125822,0.3841874542459709
-81.487211,35.839549,1,1,2018,101,0.5845821434889188,0.2948118571681283,0.3694052420118919,0.004381060277224601,0.004832138458137259,0.0,0.009664276916274517,0.10272873701165403,0.5580322571321483
-77.879655,36.042786,1,1,2019,326,0.17544214505138866,0.22696990000379244,0.23886873909207676,0.20627962887543924,0.04808812893404543,0.3401826123482838,0.05011259305112956,0.040296626630072614,0.09486832980505139
-80.435961,35.663353,1,1,2019,225,0.249359014840543,0.5904515314177453,0.3712282152140784,0.014398879379697053,0.008494547568202789,0.022555250887678655,0.008860991420159472,0.08619328017791486,0.2765863337187866
-79.221772,34.551718,1,1,2019,180,0.1511295865763671,0.13110279995956736,0.11058711495127851,0.23833721023096624,0.03600270454717794,0.4092934054545916,0.03329815736925918,0.007251093193135004,0.40024992192379
-81.73339444,31.30291389,1,1,2019,174,0.18265885716454353,0.3828890941061874,0.35159968862557717,0.4410257551563167,0.08251343661081258,0.0,0.03315523237432819,0.0051375276636105,0.27
-83.22473056,30.69765556,1,1,2019,305,0.0654134672553162,0.45116443814752505,0.2435816561656622,0.2975649978879955,0.049942930495350646,0.07372241772348005,0.04175084813820621,0.030267388809318296,0.18248287590894657
-77.182606,34.693597,1,1,2017,109,0.36806170185864195,0.1702364394993046,0.2585667183755622,0.18690213169037526,0.02202767044431314,0.07563402219828061,0.048851382732353676,0.004833955217986103,0.09
-78.431276,36.149425,1,1,2020,150,0.07238121700472348,0.5247164616433855,0.6102420213007855,0.07593116404474401,0.0880583392024155,0.011047560093610551,0.015298565206818038,0.11262952774680947,0.15
-80.120383,35.161664,1,1,2017,178,0.06419965358989593,0.44751381215469604,0.438513365648835,0.005890983449550875,0.005584898031386624,0.2551363372166486,0.05085479265118397,0.14460716181041672,0.442944691807002
-78.624162,34.622272,1,1,2020,18,0.5723317359363738,0.22116150568361417,0.2798761021510271,0.2582612044860405,0.01266318579095163,0.12890611427506513,0.09883223253007871,0.005638260572923088,0.42
-79.877191,35.957881,1,1,2017,53,0.16960666708756855,0.493276090662289,0.4993029670512348,0.0065711587522226,0.013934827591653631,0.004833436004359568,0.012825980508300553,0.20199339746323583,0.09
-81.494514,33.390957,1,1,2018,98,0.04468821879028386,0.715858251396507,0.4761390030102426,0.12750807163506614,0.07795450020698959,0.03600039185819788,0.14482636573642477,0.017930672700440204,0.31320919526731655
-81.9131,30.0805,1,1,2019,49,0.6934004629922454,0.19077557526153996,0.3527404693350657,0.13488159365274993,0.00483841894383323,0.0,0.0828444843605223,0.0042818426470262695,0.15
-79.16258,35.196926,1,1,2020,181,0.1807991710054086,0.24502097760703617,0.49667664616187074,0.2131590863607053,0.07630258258296191,0.14530305949384273,0.03351325401663185,0.0225506204578976,0.09
-85.892,34.458,1,1,2019,245,0.13936705341118777,0.23684942241096024,0.22689980797332765,0.0014178331566728388,0.023944244882743018,0.07040473640479326,0.030882041658373532,0.4871053654190637,0.3244996147917591
-83.00449167,32.02831111,1,1,2017,343,0.019195993879538187,0.4255491344098939,0.4140721601779355,0.1803043566873055,0.11386539215314405,0.030506770853089598,0.07143218399524594,0.041134038867604895,0.20124611797498107
-81.647212,35.87894,1,1,2017,41,0.07812717142748851,0.7567622200042955,0.7065677216712177,0.0016634563105226243,0.018694451989463633,0.0,0.035737071170937836,0.12804388885028642,0.6841052550594827
-89.39897629,30.86597423,1,1,2019,185,0.05248912273601132,0.6339168268744308,0.48034614419606053,0.19488695226378763,0.015995320601998226,0.0,0.06597951182496518,0.11544833691665608,0.15297058540778355
-83.184833,36.535567,1,1,2017,335,0.04317283030310687,0.8376438778475492,0.7221311682471998,0.0016748429992573103,0.007468295270816487,0.0,0.002406275262732416,0.12605787691996756,0.4080441152620633
-82.38942222,31.32052222,1,1,2017,114,0.25236469398077904,0.11220283257460803,0.1878655081682634,0.3514472631335094,0.0129936644030502,0.15395121210971596,0.08073143897719949,0.09003249996838532,0.21633307652783934
-88.028,32.919,1,1,2019,38,0.022164622581868763,0.7007459855860413,0.4574371799331757,0.27999931233668013,0.05273337504977529,0.0,0.0685445386224725,0.07917591065096609,0.16155494421403513
-85.283,31.218,1,1,2019,174,0.06700228948733189,0.09584224040881889,0.15102440307434728,0.1322267773728443,0.007783700387604252,0.406137172702038,0.04131494584289699,0.17415634425327697,0.21840329667841554
-81.350197,33.692764,1,1,2018,2,0.06931030995600955,0.422144410173434,0.4130638978960213,0.16172900546090063,0.0632976588840122,0.06310490942355271,0.21428052314099455,0.07243903903334563,0.49203658400570177
-82.49981389,32.33678056,1,0,2019,183,0.020721392720330734,0.5315751545570628,0.4191718753160587,0.23956297914517455,0.08330567645562094,0.11452476001732104,0.10343040107213855,0.03222421351741749,0.21840329667841554
-78.186693,36.228941,1,1,2018,119,0.08419204930039904,0.6381775016416629,0.6660921700712031,0.050620880753303,0.15698324375193431,0.05708998351533833,0.03171244686696689,0.10547972891889673,0.18248287590894657
-83.03517778,34.38304722,1,1,2017,28,0.09954242087167561,0.4596268581251896,0.35407231127573874,0.005394937968070136,0.026799198741240187,0.012167379669006832,0.01956385741638284,0.4692419005251151,0.5474486277268398
-83.17509722,31.78617778,1,1,2017,16,0.04409960668260169,0.49971544561217096,0.5387622284924436,0.20211485970139287,0.029398469382916657,0.20074096787347914,0.01407649292065891,0.07601242954641009,0.0670820393249937
-86.012,32.903,1,1,2017,105,0.09111827549149755,0.8307099058094694,0.6888576294222818,0.02232428179633839,0.03373829826235912,0.0,0.03341592763727616,0.08493201772406338,0.0670820393249937
-81.606445,34.552914,1,1,2018,130,0.05602386037635697,0.6496518255462735,0.7507816835841898,0.06792231384406365,0.023675854987757688,0.0,0.11111918489850725,0.023243029776478956,0.5824946351684279
-80.6531,27.5722,1,0,2017,81,0.0,0.0032285428509932516,7.744388608358676E-4,0.2966191947455589,8.067935178095711E-4,0.7883226920959544,0.0,0.09426512184164065,0.5474486277268398
-80.4777,26.3863,1,0,2020,170,0.0,0.0,0.0,0.9589772772147399,0.0,0.0,0.0,0.0,0.6552098900352467
-77.073193,36.004343,1,0,2020,255,0.0,0.32168910803464174,0.19477091688821654,0.5245468205440678,0.05236042012161419,0.0013582879254521053,0.011627576403695815,0.0,0.6906518659932802
-82.34706667,32.37965833,1,1,2018,72,0.05200192225004425,0.5407845815312237,0.31906841265546915,0.2599063962558504,0.08089297397757764,0.09372560299133005,0.16378353946665564,0.05337867950350998,0.3841874542459709
-78.7388,35.24025,1,1,2018,106,0.07612653618570776,0.32118292621251193,0.3254604583231207,0.31136862692578854,0.01651099100692722,0.12777933962353544,0.03120251945024432,0.01525695170527233,0.48
-84.50259444,34.68912222,1,1,2017,99,0.2397851500789888,0.6862053712480252,0.6300834787320291,7.733256236643713E-4,0.010113105017060533,0.0,8.340705168709719E-4,0.05421774295463161,0.48
-76.9342,34.728567,1,1,2017,94,0.507042609365723,0.17213021563648764,0.11137087043749593,0.3720143333230551,0.015302898166053666,0.01195983265713672,0.06055119503532653,0.004834489819133205,0.2765863337187866
-81.025414,32.221973,1,1,2017,89,0.13856427378964933,0.44952445995851636,0.3739689096322087,0.4730532108625635,0.002417993665804829,0.0,0.005641985220211268,0.002417993665804829,0.3661966684720111
-83.81372778,34.38406389,1,1,2017,84,0.21720777989813836,0.6107396969428891,0.4859785778914536,6.444829730125913E-4,0.005639543149613761,0.0,8.056490213733945E-4,0.10972307789520244,0.09486832980505139
-81.7356,29.7664,1,0,2017,136,0.11624552390833981,0.3815844415482534,0.47391351864425996,0.15018573930923806,0.03661911252652582,0.0,0.14394641383170823,0.19184632559669312,0.6
-78.564303,34.948245,1,1,2019,221,0.09104111941806425,0.1711456859971712,0.20594395380125768,0.2999804910789647,0.12436735854421375,0.14722143240767063,0.08387198685748581,0.04947714276687831,0.12369316876852982
-81.4887,28.055,1,1,2017,67,0.4988740448357874,0.0693917311876929,0.03992683244092463,0.4586840670756612,0.007672035509660442,0.0,0.012490390182325535,0.0921846477032932,0.40249223594996214
-81.803,26.6738,1,1,2017,98,0.8161379345266727,0.022761222371319348,0.020576379614282114,0.28193482669831205,0.0016139036214731462,0.0,0.0016139036214731462,0.032518575714231474,0.0670820393249937
-79.266467,35.798252,1,1,2018,73,0.10288763022150295,0.7218696267826438,0.7106428760208461,0.004123559217797201,0.0016108603573583152,0.0,0.009308246025754812,0.16050486258729443,0.0670820393249937
-89.08337085,32.67826517,1,1,2019,80,0.0772839350066384,0.21665296832521966,0.41746485396990135,0.27149543437873885,0.03211838478849023,0.0,0.06244468886697516,0.14154276972869098,0.6363961030678928
-80.066666,34.566666,1,1,2020,87,0.07651288272236753,0.38166723530080754,0.4274836361798377,0.19584775960979564,0.1278918054849135,0.05521559608391961,0.07713376782154603,0.009666994165052869,0.36249137920783714
-79.760124,33.023376,1,1,2017,85,0.1280304370907804,0.38792122759562153,0.375730460466908,0.4864292857641228,0.037993008275016296,0.0,0.024180242371370602,0.004030040395228434,0.15
-81.7956,26.7376,1,1,2017,38,0.24348750664540134,0.11918685602896133,0.057133585251067195,0.43598829109053605,0.02901806904844781,0.009683237872219225,0.02409417423499254,0.17067181418309527,0.16155494421403513
-84.28833333,30.36888889,1,1,2018,294,0.18143182393119145,0.6808499873513782,0.42925006526186726,0.07043121399214432,0.006077470355731228,0.0,0.09813754940711467,0.0,0.12369316876852982
-79.394267,36.272778,1,1,2017,317,0.021844813435191613,0.7255887366626679,0.5851441632659661,0.0016354688066029083,0.012246625623466022,0.1047865132337473,0.03541002662859275,0.15063949686806066,0.39
-80.1285,36.045,1,1,2019,318,0.4136074709666008,0.33014039654758454,0.3388262081427479,0.009660998449712688,0.010762875658468193,0.0712377307007239,0.007288942787483741,0.18692916966688158,0.49203658400570177
-83.1859,30.0433,1,1,2017,78,0.17409183505624237,0.277150051244417,0.30485015443693114,0.2536985178608019,0.10931847504363894,0.04064737281489542,0.06338384477219262,0.05569645070707586,0.7224956747275378
-81.567,29.6772,1,1,2017,308,0.0571479167193706,0.07648814794201725,0.2487512497621912,0.19055483369561274,0.007580501318760553,0.49364022188067236,0.03215309007419213,0.14374173798093642,0.42107006542854597
-86.144883,35.37125,1,1,2017,96,0.040305258635938625,0.8250953933237303,0.54869421210279,0.032312040780950985,0.01570841045921752,0.01136830268303315,0.02211749246640681,0.1518563910771933,1.542595215861893
-89.21972222,34.24777778,1,1,2017,60,0.056996979539221726,0.5839094114524748,0.5852602558581075,0.14673525135925888,7.709247621665513E-4,0.08792965627498002,0.028467344701314044,0.20409601172816685,0.03
-82.663033,35.68045,1,1,2019,33,0.156768095430651,0.23243530125353817,0.4162825706747572,0.0,0.022551831309774988,0.0032216901871107125,0.00909337847910955,0.5290394309610743,1.1482595525402783
-81.374,29.9856,1,0,2017,195,0.17097941012799114,0.29130621743309565,0.22337701499167453,0.45624556981366515,0.09105455051400999,0.0,0.029515651137272766,0.0064508172616280736,0.18
-79.633665,36.014035,1,1,2017,81,0.08240821429924601,0.6975334368961466,0.5660484994007308,0.003792173721474062,0.0024155046983934518,0.046374532686672715,0.023090961907648776,0.21474941901586325,0.34205262752974136
-81.931693,35.321939,1,1,2019,113,0.24864188796523223,0.3556990171058946,0.42445613419778394,0.0057819301165229955,0.041333931414419676,0.0,0.009154431275428983,0.28132660281519317,0.31320919526731655
-81.649,26.6209,1,1,2019,98,0.8410897857902462,0.006456676963589403,0.003365174318763568,0.0748793053170463,0.004857056971537962,0.0,0.002420617969528691,0.0,0.12369316876852982
-82.594325,35.595358,1,1,2020,84,0.9176763401599475,0.04188197243243924,0.16327786739111985,1.288612906746874E-4,0.003961009014928016,0.0,0.0,0.03679253030772052,0.4883646178829912
-82.91965833,31.27788889,1,1,2018,15,0.006450307338173174,0.3010016947866341,0.2666159505031825,0.45069387400000815,0.03108036761521172,0.04085561903075791,0.027236025531995625,8.061737098849545E-4,0.8297590011563599
-87.586,33.821,1,1,2018,265,0.021323120481318576,0.897757722837353,0.8647349418177293,0.014113080571499632,0.06718212352638218,0.0,0.02878511642015528,0.029672999813576104,1.0754068997360953
-84.873733,35.460517,1,1,2018,89,0.043276095169503315,0.7209102510645292,0.47841027849032675,0.014139797009518848,0.05631169159336062,0.0,0.03164610938264977,0.17148091410161262,0.5474486277268398
-79.077163,35.323229,1,1,2018,108,0.14341687837308364,0.4905901237376613,0.45188921204709026,0.12952820867877704,0.08218706472061578,0.04558016721045334,0.022327364840322547,0.033347335971725206,0.09486832980505139
-84.33435833,30.984525,1,1,2018,47,0.03007880190743622,0.4334737348056515,0.2883265955251245,0.1627221149838334,0.0353952922206238,0.2826817585405567,0.020108446496039958,0.012093523246439126,0.4080441152620633
-78.520078,36.319915,1,1,2018,52,0.11316131802624442,0.7444777024210972,0.6297529689003143,0.012388944130510353,0.01925020210185934,0.017115501212611163,0.06386734539207763,0.07453453415521424,0.21
-84.2616,33.34652778,1,1,2018,87,0.08308995511726405,0.42631013338390555,0.4795570590801929,0.02835119176124227,0.02014542627722003,0.0,0.03234644445076458,0.3041532758833177,0.2765863337187866
-82.57996944,33.08064444,1,1,2020,150,0.0842774771129432,0.3832380759698549,0.4809206621114234,0.173198017589294,0.12339763849207364,0.2060567368713814,0.07486852418396506,0.012385906803873487,0.5692099788303083
-78.962369,34.995374,1,1,2020,55,0.5635093128459148,0.17571836538704544,0.10936554730787336,0.11739494987119704,0.018348826704823653,0.010373135978419844,0.02365226620170761,0.004027328980659348,0.4459820624195552
-78.031199,34.031434,1,1,2017,64,0.4378221323900959,0.08112683173319857,0.24879056595952462,0.4068227750710494,0.033887003292945764,0.006446841995487212,0.1342965673726591,0.002531333548228067,0.0670820393249937
-86.1635,30.3621,1,1,2019,261,0.054836628590945326,0.10887632347918487,0.15489859600697756,0.37536172348339225,0.045266253478370856,0.0,0.08238047052871239,0.0,0.6029925372672534
-84.47835833,30.90778611,1,1,2017,24,0.03173258122857829,0.5390618083397624,0.4485619127688225,0.15611206042708092,0.029441893994005403,0.24612373689468972,0.056306989920451266,0.039657396517054314,0.6363961030678928
-83.34994167,32.85901667,1,1,2019,271,0.05786419550183944,0.8540815939518828,0.5495579722749209,0.07557349330334567,0.07691432508367121,0.0,0.05780346820809248,0.018456656880003284,0.21
-78.542736,34.958384,1,1,2017,73,0.044292520187532394,0.2498451973260209,0.19758342085392483,0.29205309661161416,0.046658347418137014,0.2958251062283792,0.07851264473123035,0.022048114742445547,0.2563201123595259
-85.5326,30.4313,1,1,2020,132,0.09241901003124486,0.507330525090762,0.2763636768355796,0.16481996561908416,0.17534379120514265,0.0,0.22634409792160076,0.013154025416359683,0.618465843842649
-77.567518,34.834554,1,1,2017,83,0.4743216931752092,0.1878018560194199,0.29159677074525286,0.23123752550495658,0.04052427570912746,0.1605428509150185,0.03294255901892587,0.012083360975008771,0.2765863337187866
-89.78348818,31.68853103,1,1,2018,71,0.0563522776133748,0.458014012191112,0.5728083059207194,0.08153381158734203,0.08270004046330487,0.0,0.06154215770573066,0.21803398917606606,0.10816653826391967
-86.198,33.38,1,1,2019,84,0.025170351828674727,0.5503596667551609,0.5827189618090278,0.031984395586839,0.07786893016729761,0.129451842675751,0.053599079768172346,0.04159372017620921,1.05
-85.37,33.195,1,1,2017,75,0.04259111768498501,0.7418995967181198,0.6483038657188898,0.009540802731895358,0.06574157175542605,0.0,0.04109203756841825,0.19850459492598815,0.32310988842807026
-82.5837,28.8686,1,1,2020,71,0.6849576780495212,0.01800422586889685,0.11986856647787301,0.4616033148858125,8.065638482268249E-4,0.0,0.0016131276964536497,0.0,0.4242640687119285
-83.72029167,34.65992222,1,1,2020,99,0.20305075320998886,0.7861945202709535,0.7851184404855894,0.0012039655045181564,0.016346208526313792,0.0,0.004546230009541079,0.029182436829833874,0.5135172830587107
-82.62735,34.772175,1,1,2019,29,0.15073980010866397,0.32512035176831794,0.42182929023571225,0.017768873236304383,0.014017274387277352,0.0,0.010257852137815994,0.3996486993662686,0.4965883607174055
-82.95863056,31.55863056,1,1,2017,8,0.10344522297827137,0.19801178762046906,0.22113339621830366,0.21074978947022371,0.024310132804769707,0.39170294218993507,0.04459913570997283,0.0826987092552374,0.2765863337187866
-85.4654,30.4931,1,1,2019,99,0.11872382952346011,0.18659312578274234,0.20178468624064497,0.1893974116535288,0.14631092336004145,0.030639541134137308,0.4041162595096408,0.014513466853012408,0.6627216610312358
-86.025,34.555,1,1,2019,263,0.06322601847989585,0.6179768179692339,0.3537149445435988,0.002845227029302959,0.018655891217672076,0.09646406884829493,0.010473205653951385,0.2946051143364442,0.2580697580112788
-81.3804,26.7502,1,1,2017,32,0.8330528313824734,0.0,0.0018422723282494923,0.3242338546776706,0.001613970018133429,0.008069850090667146,0.047612115534936154,0.016642879069340595,0.46572524088780076
-93.5905,30.6635,1,1,2017,320,0.11047166112242444,0.6594907729474708,0.416693435505142,0.4276975780566683,0.04196031934234446,0.0,0.025560034779859298,0.03753695360050588,0.46572524088780076
-83.22585833,30.98920833,1,1,2019,149,0.04359759182434484,0.29023322877668734,0.2398969908104108,0.22731018240072504,0.007256159831543267,0.33896542020911646,0.012893516249687776,0.024304183278898953,0.2765863337187866
-89.54583333,31.58555556,1,1,2020,258,0.12170723996206133,0.2952134049952577,0.32673668941470313,0.17091221935223486,0.10818047889122831,0.0,0.11954576781299592,0.23753611917272074,0.19209372712298545
-81.021408,32.878693,1,1,2017,15,0.14135066445812838,0.21746936917571785,0.25081748133331244,0.36999202617558297,0.10430242773981914,0.2031280615372947,0.12721773811254453,0.007252880610316474,0.563648826841678
-81.9695,27.8339,1,1,2020,101,0.1505207608296739,0.0861944595603589,0.03113726931255257,0.45282387604009006,0.20784401812153566,0.0,0.04898952190529219,0.008266685226898834,0.0670820393249937
-79.726799,35.211013,1,1,2019,247,0.11776081296291616,0.2059834677317425,0.557658826401148,0.010567453557027104,0.12797998812426556,0.09616818061223195,0.05905019392821494,0.05565171250615892,0.06
-82.77373611,31.74720556,1,0,2019,179,0.039860891558646847,0.1701549162187796,0.29576165491793094,0.22001138964836742,0.07705049138456968,0.4258940227784961,0.027570641471024275,0.014316376429978095,0.3
-79.178017,34.8571,1,1,2017,136,0.10641040221388226,0.14720042458015842,0.1119665009741909,0.3109864977900652,0.03014969029050466,0.3598789590223223,0.0362459608259341,1.9583874258892497E-4,0.637808748764079
-78.599952,34.957266,1,1,2018,90,0.014665166436996677,0.3452003185880985,0.2513968089832441,0.3118349837285334,0.04918892451548703,0.2692138806842412,0.04550236135900554,0.042112745020612526,0.21213203435596426
-89.78622588,30.67892311,1,1,2018,20,0.1078896436567872,0.6302101122032053,0.29653171266447703,0.47602662286517033,0.010459847529066556,0.0,0.0392465621314311,0.12739006567443573,0.24738633753705963
-79.97441,34.994622,1,1,2020,311,0.0528690596562184,0.4509100101112235,0.5892882683320423,0.025496638369638308,0.17097861345984378,0.012886882858866524,0.12046076923319889,0.10484489941598416,0.35114099732158877
-82.711151,34.553188,1,1,2018,117,0.5270782766990293,0.3591348098705503,0.25922084433971343,0.003222304106655994,0.014987947087239075,0.005822678432078757,0.007253863092812166,0.08902410898486987,0.37947331922020555
