lon,lat,label,cause,year,doy,canopy_ht,treecover,canopy_ht_2km,treecover_2km
-88.599983,35.142467,1,1,2017,158,22,11,16.787152949431484,59.96858256900825
-82.172632,35.569267,1,1,2018,60,29,100,27.105670235634136,72.9137555788551
-81.5455,26.1653,1,1,2020,131,5,12,12.695531582642088,56.570756945289126
-78.148908,35.884033,1,1,2019,282,0,0,16.735254531276954,59.590115544206796
-83.37312778,31.92715556,1,1,2017,41,21,72,15.610969723801308,38.87836323319754
-88.51534352,33.9149079,1,1,2019,255,24,90,18.50404587363463,52.5458164204712
-78.104173,35.726951,1,1,2018,31,9,0,14.46021639627926,29.803113766326803
-78.93489,34.742572,1,1,2018,1,11,0,11.24894979179279,29.684481369926146
-83.09522778,31.59081667,1,1,2020,201,18,0,14.92497490776726,35.01174044830097
-78.533101,34.444872,1,1,2017,120,19,47,17.385300441768653,72.96644478464623
-80.128468,35.389469,1,1,2017,160,16,0,20.36051767281828,46.97424934608446
-80.08499,35.204536,1,1,2020,207,8,0,14.408716525431567,24.52817550654623
-80.826284,35.850817,1,1,2017,257,25,0,17.038432237213314,29.981732021969613
-83.10144167,31.18968889,1,1,2019,254,15,100,15.698320685301589,46.10469185598201
-80.6296,25.9507,1,0,2020,181,6,15,6.271631107194171,7.175406379650412
-85.56343056,34.86297222,1,1,2019,265,24,76,21.653998896711855,57.817877617938144
-82.40424722,33.7971,1,1,2019,152,19,0,21.433521192164783,63.55829747334404
-82.2412,29.0007,1,1,2019,176,15,76,15.190663477620559,34.798044534122795
-81.9876,28.4364,1,1,2017,138,20,81,23.759372427726944,88.06593832970275
-85.826,34.347,1,1,2019,259,10,0,22.14477898782831,53.96994108953147
-81.7251,27.9206,1,1,2017,75,17,3,11.32632206990891,17.412127237687848
-81.4309,29.6656,1,1,2020,85,17,72,14.509107888315107,49.04254736461578
-86.8067,30.6511,1,1,2017,275,17,97,17.885408748343952,76.20504506067729
-88.055,31.251,1,1,2019,85,20,94,18.113876866817193,73.10305414471823
-77.788367,35.143421,1,1,2018,37,7,0,17.233065579666714,46.358210032293265
-80.207733,34.391762,1,1,2018,89,0,0,17.614614781182407,56.11784257833635
-80.9697,28.6619,1,0,2019,120,20,60,15.463459310561507,48.81344819003904
-78.640038,34.565776,1,1,2020,130,17,0,16.930358108302244,54.37969893589413
-78.03985,36.482426,1,0,2020,207,17,94,18.36437950354195,64.00655050604878
-80.8655,28.778,1,1,2019,20,8,0,13.953318505716178,37.870994920015804
-79.748367,34.877153,1,1,2017,103,21,13,17.25514289242253,29.190396036787966
-86.20045,35.335217,1,1,2017,342,23,43,17.103478684829625,27.52768378723056
-79.666736,36.05267,1,1,2020,65,17,83,23.06454188092538,51.78976107301834
-81.7229,26.4566,1,1,2018,318,0,74,7.597320362435896,26.138795929999606
-84.7837,30.3315,1,1,2020,179,18,96,19.11684321309952,77.8043721912099
-81.66918056,32.32227222,1,1,2019,261,21,10,17.591452793564553,49.942804939113365
-78.834222,34.596487,1,1,2017,94,22,92,18.344426425267635,66.26394809143666
-82.87144722,31.34714444,1,1,2017,249,14,50,15.107936923950561,52.38270777479892
-83.77530556,31.44811389,1,1,2018,4,0,89,11.726700144458977,24.314778068165925
-82.489,30.1079,1,1,2018,105,20,77,14.296206176424711,61.703719456668146
-82.78427778,33.77425,1,1,2017,65,20,93,20.120504707009964,61.70243874324426
-89.39731916,31.06682306,1,1,2017,41,11,100,20.078074691062984,65.93191444560519
-84.058,30.3628,1,1,2017,347,14,0,20.802025446236254,78.70614982133048
-89.57726569,31.05984346,1,1,2019,254,16,93,17.659481375529598,72.40321322221233
-89.936,31.64597222,1,1,2019,269,15,100,18.008417947181623,73.73287077655341
-89.69433333,32.73611111,1,1,2017,101,23,4,20.679293023058438,73.58044521973348
-80.405518,33.317394,1,1,2017,53,0,0,19.83285567615945,45.58149322601717
-82.6665,30.3887,1,1,2017,122,1,0,18.01887394115147,74.98568620574346
-82.07624444,32.475775,1,1,2019,84,11,0,16.090049085229815,37.77613222120887
-82.66560833,32.82549167,1,1,2018,66,21,54,20.027501633654342,62.285211472761425
-80.147522,33.989502,1,1,2017,52,4,0,13.65020141250327,41.016748243250674
-87.034,33.964,1,1,2018,99,22,13,20.63467288980304,56.41593845655181
-79.192702,35.358543,1,1,2018,99,20,54,18.844043840210823,39.97430651230698
-89.79946563,32.6913486,1,1,2017,323,18,2,20.472718942374538,74.42949639524464
-76.954117,35.983417,1,1,2017,190,23,56,19.28711827765696,53.050346465086974
-81.2424,29.044,1,1,2020,135,12,91,19.555178302074754,65.37808154256918
-86.754,31.013,1,1,2020,120,10,57,18.839521188414917,83.00401661750566
-81.93176944,32.51556111,1,1,2020,306,20,100,13.754808095509915,30.535643101258067
-80.855,27.2111,1,1,2020,70,11,0,9.576600224462714,14.409950109311055
-85.491875,34.90936944,1,1,2017,102,6,67,23.806201838367986,68.6984146265818
-87.669,31.046,1,1,2017,45,23,69,17.755602947823103,71.85172213596164
-82.191325,35.453931,1,1,2017,97,27,78,26.407233395391714,75.33931597161603
-79.1595,34.800327,1,1,2018,131,22,100,15.292817399561505,40.58584475713056
-81.7109,26.227,1,1,2017,98,16,80,15.974472859264175,34.429045992739795
-80.3858,27.5724,1,0,2018,77,15,88,12.468168575106718,23.08425855045903
-81.3858,29.1926,1,1,2018,87,13,70,22.477203479947324,83.74711796136005
-80.621523,35.833224,1,1,2019,276,17,0,18.661102131917186,53.79733590220567
-83.11833333,35.8975,1,1,2019,274,29,100,31.360639409116082,91.46290901942567
-79.76667,33.533333,1,1,2018,71,23,0,19.249882732413816,52.857718942435014
-81.008331,35.78931,1,1,2019,78,25,36,18.23692258797297,33.000695399624696
-78.083183,35.772183,1,1,2018,91,20,0,15.233297495299633,21.80466712352585
-83.64689167,31.75311389,1,1,2017,78,20,71,15.058953716767675,26.600457722322293
-80.2809,26.6775,1,1,2017,77,8,0,12.627745462466047,17.593361101019756
-79.26145,34.497611,1,1,2018,22,14,0,10.55772615093042,25.958591132237203
-82.87590278,32.70203333,1,1,2018,30,17,11,11.490011285776188,48.80914479704017
-82.5126,29.6239,1,1,2019,254,18,0,14.05260913582693,27.7359446360715
-82.769607,35.62196,1,1,2017,95,26,35,30.110549179297287,71.05109791995984
-90.54628937,31.50821644,1,1,2017,329,20,60,21.364225092051687,72.57818272685014
-84.7284,29.8808,1,1,2019,84,16,0,16.256162210378925,75.15559101851876
-83.1574,30.3559,1,1,2018,300,14,94,14.763571174671064,41.749486686483074
-79.077278,34.573451,1,1,2018,79,16,39,15.560575549339331,42.57508116567141
-87.86,34.112,1,1,2019,98,21,100,22.41756874715786,74.1130342883983
-84.00805556,34.5675,1,1,2019,78,17,0,25.054811260616656,63.413611695791104
-89.00108333,33.80516667,1,1,2017,29,17,1,15.74792266469971,44.56327128161077
-84.05527778,34.64944444,1,1,2017,61,30,100,30.655434100608268,98.45260794374711
-81.98441111,32.34114167,1,1,2020,215,17,98,12.02558585992321,36.08796563817294
-89.9242,30.3486,1,1,2019,37,13,43,19.774575926522182,62.61687962011062
-82.893717,36.340133,1,-1,2018,119,30,100,30.107326672337376,82.99104629171268
-83.25727778,31.04465,1,0,2018,256,19,99,16.99540735584428,50.169223498913105
-79.965718,35.36089,1,1,2019,262,21,99,19.695698202850647,67.56165341256663
-84.87065,36.158567,1,1,2017,75,28,86,22.25021670924142,60.3533069890407
-77.815879,34.449229,1,1,2019,274,23,81,19.78624410158528,72.92243796830775
-81.33048889,31.63578889,1,0,2019,201,21,93,15.085614381266048,54.20920316843587
-88.05,33.73,1,1,2020,222,20,99,22.8168118975373,83.51574499761475
-92.0838,31.7656,1,1,2017,71,18,12,17.181625887500502,71.940730240734
-79.737906,35.05096,1,1,2017,86,17,0,20.03154723161232,61.08654168666247
-85.0407,29.5953,1,1,2017,296,11,31,3.220810885658897,6.873128888158075
-75.76666667,35.73333333,1,0,2017,302,13,99,22.006152009203667,90.15973035892453
-82.42662778,33.42219444,1,1,2018,3,17,86,18.006331661774635,43.76404518026337
-81.75361111,34.6125,1,1,2017,88,25,60,23.713731868544983,80.34642370793078
-89.22591317,34.87311731,1,1,2018,43,25,0,19.006545691723552,40.67535553601901
-80.835887,36.096266,1,1,2019,281,0,0,18.54577798679607,42.09880234183807
-81.576905,35.824398,1,1,2020,66,27,39,23.521847310157256,56.28690654762057
-92.407,31.9104,1,1,2018,216,0,0,16.543833417739165,83.47385361233518
-79.456147,35.11935,1,1,2019,9,21,22,21.023970683336966,37.31856429134895
-82.7222,30.1749,1,1,2017,56,20,28,16.21532621724986,39.63532828736931
-84.68798611,33.386225,1,1,2017,59,17,69,23.32197323373797,53.70059238868697
-88.97055556,31.12777778,1,1,2019,225,10,0,23.319550336841562,70.1983225378292
-92.5004,31.5686,1,1,2018,104,12,82,23.567367943253274,89.52448878207281
-80.389281,36.296951,1,1,2018,1,22,0,21.449417178624664,53.125383241761725
-78.87696,36.413872,1,1,2019,264,22,68,21.446409114806237,60.81320194795313
-78.507531,36.118923,1,0,2019,200,21,81,21.28161002045726,70.48252326836523
-82.7622,29.9309,1,1,2020,85,11,0,18.99744817123615,65.9552012148823
-81.114786,32.116412,1,1,2017,98,8,0,7.462386081950873,17.27295684113865
-81.5995,27.7206,1,1,2018,65,6,0,13.113344110515113,33.501177356806075
-79.724041,34.974021,1,1,2020,7,28,43,22.947986106847022,63.048839191178374
-79.021805,33.927708,1,1,2017,42,14,0,18.03484566914631,48.265847644002314
-84.31810278,30.7688,1,1,2020,38,18,0,17.14609608295688,44.95510428457691
-82.73686389,31.79327222,1,1,2020,201,16,0,14.233808232122065,45.17573120877828
-82.8907,30.1961,1,0,2020,174,28,100,19.105030304022176,84.69278417912888
-80.6386,27.3247,1,0,2017,82,14,53,14.201073115178568,51.172249165565276
-83.82674167,31.12143333,1,1,2017,99,26,73,20.953207623010265,59.267005550024415
-84.6456,30.5917,1,1,2017,78,23,95,18.36617659750391,64.17905354081212
-84.64797222,32.39523611,1,1,2018,78,0,55,20.64039245121167,67.97826295227861
-81.280073,35.250843,1,1,2017,39,26,6,24.438895906755548,72.759046873874
-83.73246667,31.58410278,1,1,2018,17,0,0,11.490985248090368,26.08681305994894
-82.05758333,33.02068611,1,1,2017,291,6,0,12.290351672981476,38.64353931693497
-87.027,34.068,1,1,2019,262,16,0,17.488140542680867,43.592918459417675
-82.7022,30.1537,1,1,2018,73,20,90,16.56378056278887,37.3640684358836
-81.93738889,33.09122222,1,1,2020,193,17,0,17.970680980069535,64.24369099959068
-87.08,32.503,1,1,2018,187,21,0,18.0597742260573,54.86268578961913
-82.44660278,33.82196944,1,1,2018,273,0,0,20.316978966351083,46.31181497792744
-75.854996,35.749252,1,1,2019,193,12,0,13.246259012291553,77.31786080608569
-78.173564,34.743599,1,1,2017,211,19,0,17.613311078656373,64.63285743512188
-81.89366944,32.83063333,1,1,2018,301,14,97,15.382744643891137,64.63876199328935
-82.304466,34.977558,1,1,2019,245,0,0,22.655822450774785,53.57419104924725
-84.1641,30.2918,1,1,2020,91,19,96,18.75183786131777,61.75540727355852
-82.55152222,32.36816389,1,1,2018,21,23,100,15.180004786503138,47.16658724940303
-84.74833333,33.25527778,1,1,2019,86,18,0,22.913584892568256,63.55948847972428
-84.68185,34.16523611,1,1,2020,121,27,67,22.839372062354176,63.32813172312897
-88.84609292,34.74540647,1,1,2017,9,20,0,20.890338678329755,65.1212525345646
-84.01472222,33.18250833,1,1,2019,147,26,47,23.6998849416726,68.43197566913831
-79.670387,34.229843,1,1,2020,102,21,0,19.80863891225491,56.41609554236397
-83.55533056,32.33705,1,1,2019,276,18,0,20.445596613634955,54.94822154701577
-84.058967,35.069017,1,1,2017,59,15,15,27.62896237790093,82.72453854169896
-84.16129167,32.08406944,1,1,2019,266,10,0,17.197915515880183,35.81655629139074
-76.424187,36.445233,1,1,2017,101,12,0,12.206762409334274,29.885501253672928
-85.819,31.364,1,1,2017,60,16,78,18.96722797815965,42.68073247336253
-84.07861111,31.36138889,1,1,2019,121,23,58,18.994189765026878,64.84425874342311
-82.03118333,31.03863889,1,1,2019,35,13,36,17.00701648012498,61.34262722276977
-89.17868603,32.88814421,1,1,2020,324,27,99,21.95954851784282,74.11428163109755
-79.04575,34.915351,1,1,2017,270,26,98,11.142272996193702,21.022301018522587
-82.2611,29.1735,1,1,2017,73,6,0,13.669375103531737,20.892272977435333
-75.856467,35.7531,1,1,2017,120,11,45,13.973202932976392,77.48454660316843
-79.003719,36.360867,1,1,2018,178,17,0,22.046108708758652,57.11407511942047
-81.4387,27.094,1,1,2020,135,13,0,12.817656573043994,46.42277120772131
-82.24166667,35.61833333,1,1,2018,327,26,47,31.137744516316644,95.23661476027236
-76.68055,35.895846,1,1,2018,49,19,0,16.730183127322615,63.24589833278015
-77.074707,36.197379,1,1,2019,98,17,80,17.33204089633858,78.5700438489399
-88.80235533,31.49905579,1,1,2020,97,21,61,24.583485477625374,78.77476969052
-81.4231,27.6675,1,1,2018,112,12,67,13.77421574715924,53.55472993719474
-80.03209,36.536688,1,1,2017,71,21,76,21.934118447647208,76.05628880807917
-79.527931,35.128835,1,1,2019,79,22,52,20.17224365555937,48.29649631122823
-82.9528,29.7968,1,1,2019,25,17,97,14.782595872668733,41.55634779326697
-78.346241,36.381865,1,1,2020,158,0,0,17.069797435904235,40.59011027490067
-87.31196667,35.47758333,1,1,2020,321,23,0,25.22446519494071,87.40717222687067
-78.714422,36.086803,1,1,2019,179,0,12,23.856892053414196,67.89961898358263
-85.628,32.099,1,1,2017,84,9,96,22.172970995725308,89.5295893929402
-85.05505833,34.965325,1,1,2018,115,25,0,21.254084697499653,59.675379417933094
-84.45305556,30.20722222,1,1,2018,12,15,10,22.6174635380873,83.46027176385036
-93.5865,31.4259,1,0,2017,92,14,99,16.747244066411202,83.657774777658
-93.1791,30.6649,1,1,2020,259,19,71,16.983583801237927,74.25064995974176
-87.917,34.577,1,1,2017,79,17,33,23.278461154861105,68.58572288625126
-78.694974,35.459056,1,0,2020,98,23,29,17.28856538469718,23.01025322434897
-79.31386,34.766037,1,1,2019,141,18,0,15.845155956970366,37.0442149305978
-79.907426,35.366141,1,1,2019,152,22,33,22.33775628626692,48.47239812492294
-81.25193,32.927971,1,1,2019,274,3,0,15.561199790921153,47.409914736126396
-81.91794722,32.37564444,1,1,2018,31,22,0,14.459041965465714,35.91169620684422
-88.333,30.549,1,1,2018,23,19,15,14.579362183663678,32.92936712159212
-82.02277778,36.09638889,1,1,2019,320,29,89,31.718040496474163,75.87629433066616
-79.948779,36.252343,1,1,2020,318,24,0,19.593663425391842,44.852889150943334
-78.24222,36.06314,1,1,2017,213,3,0,16.393677362025215,38.84645349326011
-80.035816,36.055564,1,1,2018,58,30,100,21.431523258396176,44.10535703365469
-78.91071,36.333386,1,1,2017,276,14,0,18.959113028260916,53.60308372728334
-82.664915,35.607952,1,1,2017,73,21,19,27.08670937590254,62.81310777257039
-77.390114,36.458969,1,1,2017,24,24,53,15.638514214036125,45.724688341250456
-80.325537,36.26566,1,1,2019,27,21,24,21.970488845355806,47.759832074570255
-79.255623,34.040421,1,1,2017,84,15,0,21.6732884522433,64.1351098644226
-87.53,34.268,1,1,2017,288,24,94,21.85560331811177,61.13779523457278
-82.172142,35.486284,1,1,2020,106,33,100,31.303210442351048,97.28321007169885
-82.1352,29.7601,1,0,2017,121,20,94,15.910576263466488,60.31634833474242
-82.88984722,34.12369167,1,1,2019,273,14,0,23.0709082311083,52.68502757789385
-82.3699,29.1511,1,1,2019,28,11,0,11.421732464436793,17.630510238067053
-88.790783,36.406233,1,-1,2020,60,20,0,14.710860839386319,26.188735531299077
-80.440102,34.158581,1,1,2017,61,7,0,17.385048449230208,72.37429261397716
-79.805677,34.93841,1,1,2017,360,24,86,20.586808024238994,59.41444320715568
-88.13125,36.395683,1,1,2019,343,0,0,24.081288818273762,70.34872251524075
-93.682,30.425,1,1,2017,27,16,79,16.081268172637664,65.36336804800634
-84.39034167,31.98276389,1,1,2018,14,9,0,18.19122079828951,45.90454843150623
-79.600907,35.265314,1,1,2018,166,2,11,18.08897917239907,28.858242733811103
-78.497429,36.37362,1,1,2019,69,22,68,21.101276446397662,65.6896828236536
-79.016781,35.363087,1,1,2018,43,23,96,18.81572731651982,56.97494775964037
-89.16361111,30.41694444,1,1,2020,112,9,41,13.971833557908605,48.553086990201535
-85.08408333,34.20383333,1,1,2017,66,14,0,22.844083456578108,54.262575001694216
-81.80792778,30.968725,1,1,2017,67,22,0,16.258219802952084,66.77095370645624
-84.92761111,33.34747222,1,1,2019,257,25,100,24.424266683745387,70.98737816533188
-80.79694,35.95404,1,1,2019,277,8,0,16.47226768316771,39.316262954590684
-85.68,34.249,1,1,2017,235,23,66,17.78977406031242,54.51587061747436
-81.70165278,31.76360278,1,1,2017,299,3,0,17.76290721398749,68.57220338983049
-85.28242778,33.72899167,1,1,2017,97,28,96,24.1056148727134,59.411479767028545
-83.043925,33.74291389,1,1,2017,71,28,78,24.668298862271357,79.38798487298503
-79.484517,35.723956,1,1,2020,323,20,100,22.831732548224654,48.66318423618093
-88.57855,36.222733,1,1,2017,333,18,0,11.461242420941815,7.753346080305928
-77.245738,35.947477,1,1,2020,134,22,23,11.952191703749172,35.88591679381133
-83.16403611,33.07904444,1,1,2018,72,20,89,22.037111414356925,72.64420301528241
-80.7563,28.0864,1,0,2019,183,8,81,10.335215624724562,60.66669354547203
-78.600362,36.419144,1,1,2019,72,21,0,18.633178177591297,56.907678221789354
-89.55027778,30.9425,1,1,2018,128,13,0,17.623904259132544,61.12022695449557
-82.14023611,31.24121944,1,1,2018,85,16,0,19.351510625736314,76.43550981802888
-81.7854,27.7157,1,1,2018,23,10,0,14.301245015406938,44.99136990544005
-79.051744,35.266711,1,1,2019,278,16,0,18.86925795053003,42.7263495952115
-86.5859,30.9061,1,1,2020,309,5,0,20.320734832763513,72.15629715361197
-81.78138889,32.70833333,1,1,2019,37,22,15,13.74498693520449,33.700614206305424
-89.7361635,33.10909652,1,1,2017,344,28,100,21.204317031861397,70.99415230924387
-87.803,32.055,1,1,2019,252,17,39,19.821131386959827,59.35286324078578
-81.523283,35.825289,1,1,2018,17,25,47,23.439446231993625,49.226372329062556
-82.94136389,32.47127222,1,1,2017,21,12,0,17.14860868488742,43.186177793850185
-81.9693,26.8472,1,1,2017,127,10,27,11.84191420369648,24.63396610531702
-91.04904177,31.22783882,1,1,2017,321,21,98,23.169605887427224,94.54240229832406
-93.6879,31.94,1,0,2018,238,7,72,15.733645722665717,90.21675033632792
-89.40987013,30.48130038,1,1,2017,31,6,0,17.07114747421377,46.57111427391845
-81.293327,36.145524,1,1,2017,74,30,96,25.11651016830568,62.409348539258914
-82.6428,35.885983,1,1,2019,37,28,0,32.19794586170333,85.84535656010854
-79.494089,34.891042,1,1,2017,238,23,95,18.579906052780697,56.60873645108171
-87.586,31.088,1,1,2019,76,0,83,12.641917093649418,53.673624887650945
-81.72961111,32.55691667,1,1,2019,296,22,96,20.398996707611165,65.72343149807932
-82.97368889,32.48567778,1,1,2019,192,18,3,16.829629895339828,45.30137922233982
-80.619628,34.970617,1,1,2019,28,12,0,13.266794585359463,25.599001526378462
-81.526525,31.784075,1,1,2018,308,16,21,20.335576152693914,72.89715554864931
-84.09733333,32.264325,1,1,2018,23,18,2,16.087828090699617,36.68476206974669
-78.89341,36.071229,1,1,2019,337,16,6,23.454925099907673,63.91308999755441
-83.45175,36.368233,1,-1,2017,49,28,95,24.73718860787229,62.30431659971015
-78.99024,34.892259,1,1,2017,270,19,60,17.157565618417816,47.84202838980531
-92.59111111,31.16694444,1,1,2018,89,28,100,23.820458468176913,98.36131321902631
-81.928027,35.435923,1,1,2018,73,21,56,23.368337379816833,57.724294481678385
-88.505869,30.733771,1,1,2017,78,0,0,18.010069054294355,41.28540894031214
-85.267,33.085,1,1,2017,109,18,0,23.717217167853327,70.5049472530665
-83.11790278,32.41549722,1,1,2017,327,12,0,18.859728555479336,59.06600844461116
-93.7669,31.9192,1,1,2020,358,18,1,20.506602898519652,85.1009220694802
-89.18197724,31.66107039,1,1,2019,332,16,74,16.262083749165882,40.444734173547744
-83.13978333,35.83318333,1,1,2020,262,34,95,30.63566898979812,90.04047148164607
-93.3398,32.8541,1,1,2017,54,12,93,20.945407382773535,90.55486424590617
-86.43,32.174,1,1,2018,127,18,28,16.673565257471175,50.787850898604525
-81.45987222,32.69391389,1,1,2019,245,16,0,15.874876560673437,67.80938197076557
-78.729438,34.868968,1,1,2020,135,15,22,18.77355226795769,80.56483681865551
-77.104183,36.1379,1,1,2017,53,16,6,16.696682984319235,48.29926035653564
-79.140949,35.284454,1,1,2020,15,19,24,18.020036372839897,53.44373806865255
-84.223975,32.08233333,1,1,2017,102,24,47,18.82647629609096,30.749723615272462
-80.332802,34.683643,1,1,2017,66,19,0,17.33796086486662,49.782278441647314
-86.707,32.294,1,1,2019,284,15,69,21.366991457554725,77.64713561439825
-81.79464325,29.29848551,1,1,2020,54,10,8,14.22030565881867,56.79680792000835
-83.30551111,30.74275278,1,1,2017,75,10,91,18.67110593090799,67.03815826184471
-84.27581667,34.91661944,1,1,2020,99,15,5,26.759915234110963,77.15292788951093
-84.34179167,31.84606111,1,1,2018,90,13,0,12.57420314698319,31.262665963411077
-87.825,34.017,1,1,2018,244,19,0,21.353726713892307,81.20811281027794
-82.84820556,31.2578,1,1,2017,52,17,92,12.415553801344698,50.024966323616596
-90.063,29.9722,1,1,2019,174,0,0,6.94305581416249,0.16720905090039417
-81.189315,35.490306,1,1,2019,235,4,0,22.328269287266394,42.93358276364683
-78.585931,36.50288,1,1,2019,266,8,0,22.746058484055816,75.56187346890178
-86.108,31.414,1,1,2019,263,21,81,18.948095041751174,63.182112080558575
-87.368,33.674,1,1,2017,335,21,8,21.58985649871644,66.30774678364877
-81.249237,33.634739,1,1,2017,357,0,0,16.169220696254712,55.623952683465774
-84.27778333,31.64792222,1,1,2020,162,20,24,18.38123961054384,39.692587137157695
-82.5039,28.5561,1,1,2018,56,12,0,10.173953142636897,2.2705611706766105
-89.41527778,34.31,1,1,2017,25,21,22,19.403908107949427,58.06012230648472
-84.96916944,33.29527778,1,1,2019,280,20,4,23.786744208782405,78.92646187160665
-82.1907,29.9919,1,0,2017,340,1,99,16.13417670891764,59.57631120646825
-88.83737335,31.75353619,1,1,2018,27,6,0,18.5914848812095,69.82480984975584
-84.84252222,33.64127778,1,1,2019,336,0,100,26.722792142037402,76.7347705047505
-83.57297222,32.91138889,1,1,2017,108,24,96,23.819153587080873,73.56123464106932
-83.07195,33.79907222,1,1,2017,134,9,0,18.2164511731439,40.657023202457744
-84.5928,29.8881,1,1,2019,147,15,92,11.6074801242413,42.807539818076
-79.097189,36.265807,1,1,2017,46,26,100,21.88321033587504,60.73170130533437
-82.2597,29.8395,1,1,2017,88,20,98,15.133275127394127,62.597935354054485
-93.4803,31.5593,1,1,2018,205,9,0,17.50562919636803,59.093458797243656
-83.06452778,32.64097222,1,1,2018,80,25,75,18.356485207955043,61.48720677492894
-85.31236111,34.47111111,1,1,2019,186,0,15,24.433975404578216,81.80154857484351
-82.92136667,33.42091944,1,1,2018,276,20,100,22.198701903716632,89.74636642245513
-81.741638,33.622459,1,1,2020,164,19,1,17.933082173494473,47.979198652085216
-81.512276,33.499294,1,0,2020,83,0,0,14.574879046269817,31.604100030224586
-83.6965,30.4438,1,1,2018,88,23,100,17.823821872825327,70.52339599981521
-84.642267,36.301883,1,-1,2019,81,18,89,25.897697857505378,62.529887936114434
-80.160362,33.362305,1,0,2018,249,0,0,20.66775969051936,63.23355673603915
-77.475933,34.486733,1,1,2017,42,14,26,11.208597581384518,30.69498112629149
-88.54621652,30.45333515,1,1,2019,341,17,0,16.35937079502339,42.88884873810305
-83.73532778,31.14304444,1,1,2019,364,23,0,17.27148585854073,47.94887965193281
-90.57671257,31.36791132,1,1,2017,47,13,100,19.69321027633852,64.8109070358858
-85.21727778,33.89977222,1,1,2019,347,0,0,23.860081444009268,69.17248884308108
-82.841904,34.528736,1,1,2019,148,24,72,17.815686050216943,37.068233100765724
-85.737,32.481,1,1,2017,76,23,96,19.87157764538763,61.19007611871655
-81.271965,33.813957,1,1,2017,65,16,0,12.965149140819214,22.1134058141788
-78.61691,36.506879,1,1,2017,63,26,86,21.243497392852614,65.2770199237502
-82.133568,34.273796,1,1,2017,23,22,31,20.064990861653396,74.11590107663538
-83.34930556,31.29776667,1,1,2018,72,26,39,11.672211626757084,32.138886121082706
-78.57335,34.332809,1,1,2017,29,22,78,17.33167634186331,76.00208736752252
-81.840918,35.22963,1,1,2020,159,23,86,21.330044711650398,47.7429163555853
-82.66326667,32.20355,1,1,2017,65,6,96,15.865116103414037,49.650267351156735
-92.7316,30.9305,1,1,2019,248,7,76,19.170369748172384,69.95242935775848
-84.098875,30.90873889,1,1,2017,27,13,0,19.715327192440206,47.27240080368418
-82.11456,35.42355,1,1,2017,39,22,100,25.53058600255627,81.80579569445088
-79.777208,34.847516,1,1,2020,69,18,59,20.628673243322325,61.515304591636124
-88.94611111,31.89666667,1,1,2018,119,10,0,20.049916652730527,82.36718720732962
-82.87006389,31.47831944,1,1,2019,263,26,82,13.941886644113035,24.41233818596249
-88.84944444,30.68472222,1,1,2017,88,18,78,23.195719060643945,74.59146706708557
-79.88092,33.498592,1,1,2018,61,19,28,16.84912665597841,67.92841730116717
-85.71,33.998,1,1,2019,105,17,34,18.538151743029857,60.30753935593441
-82.4173,28.9812,1,1,2018,73,20,100,15.93055295910449,50.72364916653345
-86.046,33.396,1,1,2020,86,18,0,22.245259145492312,76.51905072650631
-82.24256111,33.20049167,1,1,2020,179,19,34,14.375792507204604,33.91163190598264
-93.3608,31.0265,1,1,2018,3,15,0,20.289743402572206,82.62357163884444
-79.43545,35.033676,1,1,2017,34,8,1,24.069076486722352,62.92551560758084
-82.2556,27.0146,1,0,2020,219,20,93,11.014052589522052,44.546165163580014
-79.97108,36.434989,1,1,2017,74,14,96,21.643766824897774,56.91078501478339
-80.98333,32.799999,1,1,2017,79,24,94,20.369945116892513,61.87611960463817
-88.41694,30.47639,1,1,2018,41,14,2,17.313513087442953,49.909891679885284
-79.506493,33.952816,1,1,2018,108,15,0,18.671976832218892,64.15943665801315
-82.482307,34.248417,1,1,2018,217,20,0,22.323145131582734,59.19522793525745
-83.32275,32.94652778,1,1,2020,358,14,14,18.90258673011747,59.861963449789705
-80.856404,35.724458,1,1,2017,331,16,14,21.54286691951646,50.310957029001266
-78.014503,35.92761,1,1,2019,195,17,0,15.604321395738014,39.49678693745886
-89.42918149,32.49333768,1,1,2017,276,15,0,19.936685478631173,62.310782971597206
-79.975761,34.617092,1,1,2018,93,14,20,20.44740148307577,61.57739165168766
-76.68287,36.09639,1,0,2019,184,2,0,9.792764835027622,26.561873037459232
-79.982682,34.86642,1,1,2018,29,15,15,18.10714154009873,49.767876861647764
-79.183106,35.72563,1,1,2020,134,27,42,24.77677481131617,65.05290549063655
-84.34270278,31.16091111,1,1,2017,48,0,0,10.906355233153855,28.170783080541117
-85.829,31.174,1,1,2019,142,9,0,18.098988423613235,47.94331334203461
-80.284393,33.528221,1,1,2018,59,15,0,22.307239716839568,71.59325213333898
-77.2365,35.827967,1,1,2017,24,0,0,12.246844685228522,22.64119599631013
-78.140326,34.01099,1,1,2018,31,22,0,18.319943962452754,59.26193256783062
-76.824987,36.487017,1,1,2017,40,23,60,18.97117160543941,63.364516292504995
-80.306885,36.414818,1,1,2020,104,20,0,23.62830595096573,76.0606873742971
-87.3899,30.3517,1,1,2020,72,11,0,17.328677139804505,59.566068218226576
-82.52637222,33.81812778,1,1,2020,124,24,56,20.380713365027933,73.55634717400072
-77.312533,35.5613,1,1,2018,59,19,6,17.388589808975677,21.186574472885376
-81.60615278,31.63948611,1,1,2018,119,25,99,16.093780409895054,80.58887577139791
-80.548958,34.199444,1,1,2019,262,0,0,19.793430587589526,56.07867373936163
-84.73338056,31.00598056,1,1,2019,207,11,0,7.364916077186147,27.16035258713377
-79.640127,34.901375,1,1,2020,114,21,0,18.70130401365243,54.56915696532326
-93.3444,31.1525,1,1,2017,33,13,99,20.116469284934652,75.08970098771692
-77.950403,35.872711,1,1,2018,118,21,0,16.545873632357985,29.80610889774236
-79.245417,34.633563,1,1,2017,323,20,7,15.827220837601473,42.31742874702113
-82.02335833,30.96528333,1,1,2017,43,21,6,17.109620015110252,62.078317550914456
-77.853709,35.135177,1,1,2018,74,20,27,19.745698011339954,55.33788154879881
-82.0005,28.6616,1,1,2017,118,11,0,11.608408163504782,17.650944700715712
-83.82216111,32.32484167,1,1,2018,0,20,0,11.747228554644764,32.00985183626617
-80.507889,35.619938,1,1,2020,107,17,0,21.4750290131038,49.0972640327527
-83.72381667,33.31531944,1,1,2017,253,3,0,19.25841248614884,49.16117350217551
-82.464088,34.301308,1,1,2017,134,20,92,22.293435393567382,64.17299185886971
-84.26868056,32.81336111,1,1,2017,275,13,98,21.318700541885992,84.04878979069657
-86.9566,30.8845,1,1,2017,9,25,85,22.59095709875622,77.12185496740689
-81.750664,33.710506,1,1,2019,223,18,12,17.831789760955235,63.65671176131301
-88.44694444,34.65611111,1,1,2017,45,18,50,20.392661650998146,66.97809291714198
-80.801163,33.623734,1,1,2020,171,10,0,18.661320418697866,63.19106991489287
-81.87596667,33.02047222,1,1,2017,290,17,94,15.451818310457073,55.26283548799697
-80.24615,36.2407,1,1,2017,40,23,73,22.216506868717296,63.32183846687661
-83.15694722,32.92541111,1,1,2020,305,0,21,20.103998135043227,61.1767357455386
-83.51219444,32.17063889,1,1,2020,199,8,0,7.983773042789436,13.19066420870938
-81.8897,27.2666,1,1,2019,315,12,0,10.77874484912372,28.28365166430416
-88.129,34.089,1,1,2018,28,18,99,19.01600619357548,70.75127310313508
-89.25944444,31.85555556,1,1,2020,126,22,16,19.5952855037685,55.86148232623382
-78.869907,35.590058,1,1,2019,195,20,0,20.697290629237994,58.84740610888142
-89.44836143,30.50350575,1,1,2019,134,18,91,17.787370790835595,57.17761014077159
-82.09361111,31.96597222,1,1,2017,97,14,0,16.090691886242553,55.230485388607676
-82.773414,35.454011,1,1,2017,53,29,0,32.498030793103545,85.7161455792722
-84.56685278,30.81436389,1,1,2019,281,15,85,18.665425544954132,66.02041667005011
-79.165192,33.991982,1,1,2019,151,4,0,16.19504853678015,43.74859151249088
-85.699,30.9421,1,1,2019,270,24,73,17.96095168709156,49.639764817192656
-93.3224,31.9498,1,1,2019,254,13,24,9.07082048188657,18.939955552346333
-77.705968,34.907306,1,1,2019,138,17,99,15.199135586763196,56.742762838208115
-83.60823333,31.74561944,1,1,2019,266,13,97,16.221470279250436,40.49363729925598
-84.46805556,32.23277778,1,1,2019,143,9,0,13.980535036122935,57.1686955455312
-81.3304,26.6468,1,0,2018,97,8,2,7.102331038577349,20.88518018766673
-80.128021,33.165405,1,1,2019,151,18,0,20.62900078477951,70.76407829232191
-81.47740556,32.57541667,1,1,2019,119,10,95,16.26093931930739,56.24677990768629
-81.1801,28.2596,1,1,2020,89,23,93,10.206762501565121,24.386159282896607
-79.663391,33.866413,1,1,2019,237,9,0,19.383871450828515,50.80275877590115
-82.528,28.989,1,1,2017,88,16,17,13.111719823893857,26.45670044548341
-80.9236,28.0969,1,0,2017,143,27,62,20.04634788465071,57.37412246191658
-81.77472222,29.195,1,1,2019,135,2,91,16.147742987984135,81.005767003167
-83.2786,29.9283,1,1,2018,50,20,0,20.030999423152117,84.18989962444527
-79.106774,36.266744,1,1,2017,57,17,54,21.228576909795517,56.10543167524304
-82.611,29.4451,1,1,2020,141,13,0,14.41888894561589,24.905636763842164
-80.464166,36.001261,1,1,2017,52,24,59,19.999734774040757,47.079666708311116
-82.0649,29.4299,1,0,2020,180,9,0,16.51760122752157,57.807613756149024
-82.222057,35.23837,1,1,2019,36,28,73,27.00019771875312,78.29953175638977
-89.55330162,30.85299931,1,1,2017,27,24,93,20.19679501206351,52.744149238386434
-81.000626,32.523209,1,1,2018,30,20,59,19.332374508329806,56.17806690264359
-88.2,33.863,1,1,2020,93,19,95,20.75968465442898,73.18604894619888
-92.5964,30.7991,1,1,2018,232,19,99,19.722215145445826,77.27530048727672
-84.37611111,34.82444444,1,1,2019,79,31,100,29.16486462452662,91.50187052742146
-88.091,31.117,1,1,2017,32,18,0,16.499431265557785,53.561767284991575
-80.7729,28.38,1,0,2020,140,17,22,14.64947418418058,46.1468431020761
-86.643,33.276,1,1,2020,271,9,89,21.565112475749164,76.00979374380809
-92.5975,31.22222222,1,1,2017,283,24,78,24.27599838209519,92.87369791315733
-84.1659,30.4163,1,1,2019,280,24,97,20.862590568901766,53.88031841888548
-78.13711,34.61795,1,1,2019,102,21,0,15.470035943343719,51.63345194806542
-81.77202778,32.305125,1,1,2020,115,12,78,11.181579266240327,33.76594718854802
-82.6087,30.0647,1,1,2018,21,11,0,12.395073161696589,28.433351245632167
-82.6474,29.7934,1,1,2020,50,18,54,9.531595358221258,35.49312243407574
-78.324319,36.013097,1,0,2020,11,16,21,16.87876163785415,45.12189388937187
-88.61889,30.43778,1,1,2018,82,8,0,11.532570232930253,31.226038210606703
-79.773064,34.074753,1,1,2018,238,19,53,18.598266567338733,42.13259783894135
-85.4281,30.4378,1,1,2020,134,18,47,11.433861290557951,49.75844893411771
-77.814874,35.669036,1,1,2019,72,0,0,15.744215396458419,40.38590350556011
-81.7611,27.7928,1,0,2017,205,16,53,9.076475520211382,11.578672815325545
-93.9933,32.9305,1,1,2017,92,20,69,19.557487917554127,63.58795426769586
-82.3853,29.9538,1,1,2018,128,15,0,15.285219447042275,33.57379332190102
-86.438,33.917,1,1,2018,357,11,0,21.6661449292109,64.78419433808294
-83.18777778,35.10277778,1,1,2018,71,31,79,29.999369659616193,82.91800729729387
-83.34093333,31.53448056,1,1,2019,296,14,0,14.527673285183868,35.05720011174627
-77.535483,35.481267,1,1,2019,19,5,0,11.492725042314328,28.360403850645078
-81.75016667,31.26836111,1,1,2017,48,16,99,14.86689024655391,59.04209329702093
-82.44953611,31.86301944,1,1,2019,125,16,95,15.250005427113866,55.54490968273855
-88.48055556,30.53444444,1,1,2019,331,23,81,18.51911609098294,49.469440772239764
-80.233749,34.70266,1,1,2018,120,0,18,18.554187710437702,55.342644822109214
-77.523983,35.468633,1,1,2017,211,14,4,12.640227963842387,32.95272405251743
-81.347714,35.343202,1,1,2017,32,22,0,19.00609483743637,44.206853555323626
-84.33549444,31.47060278,1,1,2019,147,19,97,19.598769212506422,82.96558814911984
-80.812463,35.538553,1,1,2017,54,27,81,21.692221260292136,44.63718082869132
-78.693594,35.658637,1,1,2017,61,25,30,21.215300122510385,50.25354788816791
-79.696683,34.984736,1,1,2017,91,24,89,19.82218329463205,64.35934784685661
-81.097883,36.132978,1,1,2017,34,20,37,24.742012071283494,61.68690103165728
-83.98403889,31.62503611,1,1,2018,71,11,1,12.093040239735245,38.58285519528966
-79.25277,34.990478,1,1,2018,6,13,0,18.09381654325401,33.25605174483906
-86.038,34.414,1,1,2017,325,15,0,12.822511901171106,26.513544293923395
-79.435522,35.137627,1,1,2017,133,0,0,22.066583644186064,40.14636704776239
-81.81322325,29.12102547,1,1,2020,302,14,89,11.500016545151713,70.12775090239786
-83.011,29.2085,1,0,2019,183,9,18,14.2229916897507,67.16896607693558
-78.347113,36.246216,1,1,2019,121,20,81,17.740375484153233,40.39962685429018
-81.3728,27.4425,1,0,2018,194,13,85,11.162081376920003,28.656880651829155
-86.337,32.835,1,1,2017,328,18,100,20.83486172766085,85.0419851169196
-82.888126,35.489299,1,1,2018,87,22,0,22.668796977789363,38.739290095102234
-82.68987222,32.53139444,1,1,2018,49,17,89,15.517296194997675,53.065627042624705
-77.076417,36.458417,1,1,2018,46,0,8,19.440860644285664,56.1138138632936
-82.085,28.5243,1,1,2020,338,25,98,23.386751420025334,84.92148804957952
-87.2653,30.9828,1,1,2019,152,20,85,17.695756261780616,46.34873780426846
-83.90805556,31.82944444,1,1,2020,192,16,0,11.395383969085513,22.59337719615356
-77.706943,36.505426,1,1,2018,121,16,0,17.78393756527197,57.37823781694192
-78.867359,35.185389,1,1,2020,77,25,95,21.349615103609686,63.215145497023606
-85.17861111,33.70666667,1,1,2019,91,11,0,23.801080656038533,62.21485072455027
-81.9377,28.6578,1,1,2019,253,19,0,12.133315549602417,29.71934773710354
-77.184691,36.135323,1,0,2019,182,17,0,15.547125315539448,36.392220545152334
-80.6476,27.5113,1,0,2017,93,16,0,9.349735813995135,34.75343825124392
-80.8131,27.5487,1,0,2017,184,10,0,12.51209561456435,45.64190465545187
-79.022447,34.774067,1,1,2019,260,20,0,12.11670539027398,42.08273812451623
-80.5158,27.4075,1,1,2020,87,6,0,6.791567015865527,5.207993620771665
-80.102,34.947019,1,1,2017,53,21,96,21.500483726703553,62.394738473780194
-83.76697222,31.77361111,1,1,2019,79,9,0,18.092033678932214,56.536848140913904
-94.025,32.8157,1,1,2017,328,20,89,18.941044421548284,69.43371483513144
-83.173621,35.393852,1,1,2019,99,27,14,28.82214567578624,72.53098793472
-81.71666667,31.24277778,1,1,2019,127,21,78,18.92373706453639,89.15398399396402
-92.908,30.937,1,1,2018,233,8,99,14.97147407893809,71.99832671950519
-85.781717,35.667283,1,-1,2019,273,19,0,18.770911186105888,27.004985200585814
-79.033584,34.61984,1,1,2017,137,16,0,16.670771796379192,30.805484085155836
-83.93858889,32.54704167,1,1,2018,47,0,0,19.58207821999172,55.051131503020734
-84.71305833,30.84089167,1,1,2018,22,6,0,9.070587267191485,22.43293509586114
-86.79,33.061,1,1,2018,21,14,2,19.750126084994566,62.2819970310263
-77.685483,35.4274,1,1,2017,65,27,36,17.485725555939048,43.68839904153601
-87.989,31.438,1,1,2019,257,21,100,19.628828770329246,75.38548005840892
-85.4012,30.7486,1,1,2018,129,19,48,16.87365443501554,59.02911238115873
-81.58388889,33.22916667,1,1,2019,126,11,56,19.81181462280254,76.92399657285969
-81.7907,30.5847,1,1,2017,32,23,95,19.970637404559245,71.25167749725284
-80.379595,36.274377,1,1,2019,7,19,9,20.019460963500485,35.17713465374207
-84.410125,30.88200556,1,1,2019,281,12,0,13.849007875768812,35.57608995547668
-91.924,31.7444,1,1,2019,312,17,21,20.898425120721043,88.32630131625851
-77.605566,34.44136,1,1,2017,33,24,59,18.50200533274082,53.86362832962509
-79.900452,33.465618,1,1,2019,37,25,100,21.610544148977734,90.67679614662585
-87.681,34.359,1,1,2019,264,16,0,18.532447029279023,51.50604650920765
-77.949849,35.878531,1,1,2017,337,0,1,15.998210166255689,28.322211440245155
-81.585548,35.902461,1,1,2017,35,25,63,24.593921878384776,52.87209735724204
-82.46173611,33.24876389,1,1,2019,142,15,0,16.230461125460586,42.57521468447051
-93.5856,30.506,1,1,2017,76,13,70,16.756732365795735,69.26290206514503
-81.4889,29.1986,1,1,2020,80,19,32,20.435225622673045,75.5808782259396
-77.921167,35.888,1,1,2019,364,22,4,17.33360564001602,31.365859450405218
-88.85991484,31.08742352,1,1,2017,30,28,85,21.849923405453104,69.15394789049067
-83.0919,30.1683,1,1,2019,18,17,0,12.768606295070478,38.2104878813063
-77.775117,35.763003,1,1,2018,24,25,46,14.582157999927702,38.3864268159511
-78.9965,34.889138,1,1,2017,39,21,100,19.05744924108025,54.58238653255059
-83.15280556,32.50861111,1,1,2018,47,4,0,13.97977137310938,35.68081945297155
-85.706,32.462,1,1,2018,333,21,1,20.618625252761486,63.39344689495996
-88.53887531,32.41890882,1,1,2018,121,23,31,22.287841535256387,74.13871625145
-79.906029,33.099335,1,1,2017,77,22,96,24.80012201047917,88.83421254125406
-82.61818889,32.36368611,1,1,2019,262,18,60,17.188505590771822,46.31417451122375
-80.3997,27.3247,1,1,2017,94,10,0,10.926928390075732,13.35115950875582
-82.60102778,33.29870278,1,1,2017,350,19,70,21.169271426008702,56.31057546660346
-81.137625,36.299236,1,1,2020,20,25,59,26.014739226133276,80.57817008738057
-85.15065556,34.23309167,1,1,2017,61,27,86,22.667670440147837,42.29095964228391
-81.0622,27.1133,1,1,2018,362,8,29,11.461863298966732,32.551568877729935
-89.70083333,30.92,1,1,2020,125,13,18,17.917535023421248,63.84428377132384
-83.0422,29.6051,1,1,2020,177,6,87,14.065165086738611,36.46506153521525
-78.976542,34.966085,1,1,2019,150,21,14,18.161407671513953,24.792858083728728
-81.984,29.2013,1,1,2017,124,14,89,22.734366754801584,81.92573354426025
-76.285815,36.257145,1,1,2017,274,16,2,9.374965378485019,23.96224065546439
-81.47083333,31.86111111,1,0,2019,182,19,0,17.990500088644012,82.82974315045576
-84.7835,30.6407,1,1,2017,265,20,86,17.492826193979727,71.08662935424563
-80.761381,36.318519,1,1,2020,93,0,61,21.51792615403442,53.54117169049494
-77.589783,35.762826,1,1,2017,350,18,93,14.966082686633968,47.74039907520131
-89.48621389,31.71303676,1,1,2018,357,23,100,20.82333118175462,65.78660650371188
-80.4785,25.6529,1,1,2019,12,6,0,2.760746611362121,0.6113536993843591
-79.729347,35.71945,1,1,2017,46,26,60,23.394036729460296,53.88546453904337
-87.804,34.489,1,1,2019,246,15,0,22.70166044603881,64.12063698238691
-79.666028,35.068226,1,1,2017,77,23,85,24.890156767384113,50.40585179376594
-83.95148333,32.77026944,1,1,2017,94,21,61,21.584763149820606,79.92857237502886
-79.852718,36.399465,1,1,2018,108,21,100,22.66560820211624,62.84375673845051
-77.189003,36.39677,1,1,2019,241,15,96,15.236040298256091,44.129782359969894
-82.443218,35.506477,1,1,2020,308,26,54,25.9720150313066,64.93139659587133
-90.05327537,33.09178231,1,1,2018,26,24,74,20.49011530136865,52.95466944101907
-81.302892,35.837688,1,1,2019,17,22,0,23.06187907512633,48.1375418711786
-86.763667,35.131333,1,1,2017,340,28,100,21.41761075447006,55.259112056189196
-82.5301,28.8639,1,1,2020,110,13,32,13.52302563347175,27.45231885137989
-80.4325619,26.58734858,1,0,2019,219,1,31,6.121354688781557,30.014644044867847
-87.459,33.68,1,1,2020,165,20,100,25.474142819637702,92.21224892278393
-77.013499,35.039253,1,1,2020,321,26,98,21.667111161550253,53.591100043867606
-80.562496,34.914356,1,1,2017,77,27,95,18.50568654068125,38.0084072706221
-77.42964,34.555449,1,1,2017,104,23,89,18.17898387250267,55.802544794773354
-78.248966,36.114931,1,1,2020,73,22,12,20.80471388265191,64.28097462859472
-84.19895833,31.51440556,1,1,2019,142,22,75,12.376176398336304,18.116061688922333
-79.494835,33.410732,1,1,2017,88,15,97,19.38033289659367,77.84349596704185
-79.995104,34.850823,1,1,2018,70,24,51,18.01241062458195,46.587825115355166
-78.821692,35.280142,1,1,2017,48,23,0,17.647099346596256,55.63585679920759
-77.499845,34.782375,1,1,2017,26,19,68,20.727485132827685,64.2490448234088
-85.967,31.735,1,1,2017,80,15,100,19.130886780662394,50.350318317674365
-85.2694,30.377,1,0,2019,185,0,85,9.04676071913459,70.5394721458655
-85.474,31.393,1,1,2019,178,18,0,18.69129875393391,51.13068028967726
-80.370529,33.061043,1,1,2017,115,23,98,22.527983037370788,75.16281250412707
-83.387367,36.35165,1,-1,2019,79,0,0,28.957748471449495,79.51434707118703
-78.154438,34.213814,1,1,2017,33,10,84,16.720256730143046,70.72934041532879
-84.58733333,30.87863611,1,1,2017,63,15,89,14.980093234574587,49.05113876115768
-81.245844,35.840482,1,1,2017,53,12,99,20.59500730176931,48.58968318855391
-82.31385556,31.97658056,1,1,2020,43,15,0,16.369177020729722,49.17846602149388
-78.179208,34.991976,1,1,2017,29,20,96,16.543949656354236,36.43543910291994
-81.0683,27.0775,1,0,2019,52,13,24,10.317780340155663,24.567138756141997
-80.949226,33.551292,1,1,2017,152,20,0,15.518352418571867,41.03178213738815
-84.57980556,32.13011111,1,1,2017,42,19,0,18.548043666089747,67.22313886360786
-80.8713,36.079617,1,1,2019,86,14,87,18.518260400477793,45.877987091384256
-82.35985,31.73744444,1,1,2019,246,11,0,16.856802393246927,43.232306364455106
-79.767455,35.550858,1,1,2018,51,22,0,23.369988909909324,64.80800010256543
-85.61916667,33.78861111,1,1,2018,60,30,100,29.06681891118082,96.58816842380978
-83.223267,36.540917,1,1,2018,92,23,0,26.42314571905559,59.343272697808224
-84.52005556,32.77069444,1,1,2019,147,21,95,19.486600880117358,69.58571042421933
-82.72571667,32.99036111,1,1,2020,151,0,0,14.804090434116729,34.86507206378412
-79.220229,36.078772,1,1,2017,15,16,30,21.579918236043174,54.42049839904025
-83.72156944,31.91453611,1,1,2018,59,20,0,14.94776499338155,36.325266328861964
-78.667471,34.484069,1,1,2017,54,23,43,14.5573905379173,32.70916133859515
-79.763064,35.307253,1,1,2017,99,12,0,20.39458486874673,46.84631014722373
-82.46829167,33.37187222,1,1,2017,79,16,0,19.10709699809129,43.042943622677235
-88.256467,35.720233,1,1,2019,76,26,65,25.85612806506465,89.74143957421764
-78.3535,34.185106,1,1,2019,258,18,15,17.484269718783448,74.49914877086687
-87.73,30.651,1,1,2017,80,18,0,15.429136795221336,39.91150538450694
-80.646336,35.279983,1,1,2017,327,18,0,21.06032202352326,64.21949060744764
-90.6231,32.1867,1,1,2018,21,28,100,24.015948275862044,84.40311278857315
-81.0054,27.2189,1,0,2019,156,4,0,7.464601931237186,5.999459070105075
-87.184,31.218,1,1,2020,125,11,49,18.39925680469513,65.17263741802634
-82.02358333,30.96533333,1,1,2017,76,22,6,17.13025816321263,61.81359317233478
-86.597,33.019,1,1,2019,90,15,0,21.220454175809824,76.07108540078859
-82.89003333,34.21467222,1,1,2020,175,12,0,20.435700214496126,40.89382918114222
-83.16508611,30.86723333,1,1,2019,207,4,97,19.19620726436983,79.17173436066975
-78.835915,36.384245,1,1,2019,359,28,94,18.96182149084292,66.2271247592781
-79.228017,34.941217,1,1,2017,304,21,59,14.016771739384971,30.19224310317209
-84.33025556,32.21952222,1,1,2019,88,16,0,19.510186248228802,53.783729878330085
-81.4075,29.3231,1,1,2017,74,18,4,15.453654213554483,58.55679151438547
-80.703322,34.861284,1,1,2017,161,24,75,22.44229146687211,64.03614697736481
-82.39248333,31.78454722,1,1,2018,122,14,0,13.734632928942817,42.17467491065735
-81.559608,34.722008,1,1,2020,85,19,0,21.315892995592648,61.4816563908606
-93.6382,30.4025,1,1,2020,115,12,85,16.60905462864978,88.58522497152688
-80.739449,32.595928,1,1,2018,53,23,24,21.304886576975417,71.68112694008153
-86.461,34.181,1,1,2019,262,15,100,24.153238505349425,82.55609412684959
-85.0229,30.3141,1,1,2019,86,15,48,19.50414483113548,76.36256162728685
-82.24673611,31.18587778,1,1,2018,74,13,19,14.467335764400767,50.65710010111219
-78.332767,36.217003,1,1,2019,272,10,0,18.518884802321924,45.63619419588938
-78.059565,35.338942,1,1,2020,87,23,0,19.005269074236566,38.92578242503554
-88.88850566,34.6370454,1,1,2019,310,17,60,20.679612107640924,62.16772244622788
-79.424532,34.838986,1,1,2018,70,19,0,19.4778002371642,62.79655852117812
-82.21483889,32.67395833,1,1,2019,88,13,0,15.185417157167013,41.518746285762816
-86.9628,30.4185,1,1,2018,217,1,89,12.151963984914218,46.002367330298306
-81.51225833,31.66738333,1,1,2020,87,21,95,18.243022179285916,58.79910939428082
-86.82,31.299,1,1,2019,356,19,28,17.750044495741907,63.98373153943101
-84.529833,36.071867,1,1,2017,61,24,94,23.309123443031204,47.72763191077986
-80.92953,35.857744,1,1,2016,364,13,0,15.372830663380572,31.221525760977563
-82.39089722,32.28417222,1,1,2020,306,17,96,16.054437719740832,70.28013674175212
-79.015344,35.437727,1,1,2017,357,9,0,15.460280655106194,36.072561944846065
-82.28427222,32.60776389,1,1,2018,124,18,34,19.25807708437616,61.47166485252344
-85.502433,35.533783,1,1,2020,92,15,27,21.443778505664355,67.79131862072501
-83.65234167,32.40861111,1,1,2018,104,8,0,22.079544554076676,58.23359037401286
-77.229152,36.393475,1,1,2017,103,15,89,14.917426811579405,37.49101960465966
-79.258524,34.983887,1,1,2017,79,15,0,15.56125533645881,27.11527020327218
-82.386218,35.598577,1,1,2019,86,17,0,26.545695338790008,60.261283147288246
-84.97798056,30.99066389,1,1,2017,6,14,0,7.749542197830217,16.76707506517716
-78.764381,33.981575,1,1,2019,119,21,100,17.54415546464056,58.43162293758055
-80.277701,36.269718,1,1,2018,4,25,100,25.11094518376807,82.03439470053279
-83.277367,36.5357,1,1,2018,116,31,89,31.110529767949526,91.45436450657145
-84.52734444,30.72340833,1,1,2017,41,11,0,16.20135355943578,53.02506922280808
-77.875987,35.826425,1,1,2018,60,15,0,13.788840179936622,30.437048507567564
-77.560096,34.871011,1,1,2018,133,21,0,12.839307683630937,21.527873812140403
-81.725,27.5012,1,1,2020,87,2,0,8.903296239501413,17.09779566961602
-81.306953,33.814465,1,1,2018,293,0,0,13.367707378018792,33.8712046820378
-82.53083333,31.29222222,1,1,2017,301,0,9,14.86854910096068,62.62419234508779
-81.7025,29.11444444,1,1,2017,94,9,21,10.18594332711774,47.161056454566236
-81.99552222,32.06994167,1,1,2019,141,12,92,13.86756557322063,67.14651350369638
-86.212,31.936,1,1,2017,12,17,95,20.180955633785786,78.42889240777193
-81.053436,35.963355,1,1,2018,31,28,47,22.104374246814206,58.90681792671356
-85.349,31.069,1,1,2019,123,21,0,13.77441715469666,21.614234343194376
-80.811389,28.796389,1,1,2017,75,19,47,13.544073375749386,60.61050698117632
-80.86885,35.328931,1,1,2017,343,15,0,22.805172686498054,47.1024289395054
-84.344883,35.871933,1,1,2017,100,29,97,21.795671858998535,47.774536269674826
-79.207375,34.859259,1,1,2017,350,7,0,16.64389655353303,36.33819768238725
-81.487211,35.839549,1,1,2018,101,6,0,22.636419568326207,39.41567240824296
-77.879655,36.042786,1,1,2019,326,9,0,15.48648683614723,37.95546019117612
-80.435961,35.663353,1,1,2019,225,21,24,22.856940467709215,46.734293381404015
-79.221772,34.551718,1,1,2019,180,18,87,15.181703114363527,39.78500713822193
-81.73339444,31.30291389,1,1,2019,174,20,71,17.37347304854591,77.27587980567253
-83.22473056,30.69765556,1,1,2019,305,20,22,16.7925347476869,45.22588390887459
-77.182606,34.693597,1,1,2017,109,15,60,16.342010235482853,39.43147498840317
-78.431276,36.149425,1,1,2020,150,20,4,20.841575585667545,69.64701660622255
-80.120383,35.161664,1,1,2017,178,23,55,17.745065862536624,49.717695163646574
-78.624162,34.622272,1,1,2020,18,20,39,18.35610643633642,37.70179633885081
-79.877191,35.957881,1,1,2017,53,21,11,24.181359028077537,58.40746778509962
-81.494514,33.390957,1,1,2018,98,18,85,18.465687112174386,66.40995197684366
-81.9131,30.0805,1,1,2019,49,16,9,17.292906666970275,34.475897749183844
-79.16258,35.196926,1,1,2020,181,10,0,19.234046524834636,45.10279172783232
-85.892,34.458,1,1,2019,245,24,71,15.904321162297535,26.802324825949885
-83.00449167,32.02831111,1,1,2017,343,17,0,17.31141608410384,59.30445505532412
-81.647212,35.87894,1,1,2017,41,24,3,26.915322952179125,67.44599594985584
-89.39897629,30.86597423,1,1,2019,185,18,98,18.918424033811164,61.132943582640344
-83.184833,36.535567,1,1,2017,335,28,80,28.428329931023193,75.80403904835464
-82.38942222,31.32052222,1,1,2017,114,13,4,14.237966420975397,45.082019207728344
-88.028,32.919,1,1,2019,38,23,86,21.930640288731464,81.34720965548615
-85.283,31.218,1,1,2019,174,9,0,14.700851743850803,19.679686910396427
-81.350197,33.692764,1,1,2018,2,13,0,15.995824132986957,47.42697704666978
-82.49981389,32.33678056,1,0,2019,183,25,100,16.509282441685166,63.56138991409566
-78.186693,36.228941,1,1,2018,119,21,29,18.63196545485542,72.06290552222112
-83.03517778,34.38304722,1,1,2017,28,25,97,18.313624637853707,34.02798888871549
-83.17509722,31.78617778,1,1,2017,16,18,0,17.474029228012284,52.98435415338285
-86.012,32.903,1,1,2017,105,19,24,23.454464438183077,73.15837494409995
-81.606445,34.552914,1,1,2018,130,19,20,22.870173201296094,89.84118867087008
-80.6531,27.5722,1,0,2017,81,7,0,7.743508136618729,26.035627276994237
-80.4777,26.3863,1,0,2020,170,3,0,3.678346161013266,5.956877980467611
-77.073193,36.004343,1,0,2020,255,26,93,20.88656268883909,88.67460556241139
-82.34706667,32.37965833,1,1,2018,72,17,0,17.01085512694341,55.64449241530937
-78.7388,35.24025,1,1,2018,106,19,0,20.120859596760727,61.709030909577685
-84.50259444,34.68912222,1,1,2017,99,29,94,27.116109347758105,68.99159047559814
-76.9342,34.728567,1,1,2017,94,21,0,14.421837475879245,39.688219890541696
-81.025414,32.221973,1,1,2017,89,17,9,20.436657403429383,75.08884196156231
-83.81372778,34.38406389,1,1,2017,84,30,71,22.745054915069225,53.36413196142281
-81.7356,29.7664,1,0,2017,136,20,96,13.5226676214214,42.88410515401304
-78.564303,34.948245,1,1,2019,221,19,38,17.357279601426598,60.68545012090022
-81.4887,28.055,1,1,2017,67,10,0,16.040419459949916,45.03490561577121
-81.803,26.6738,1,1,2017,98,0,4,12.136450429337069,14.891430100259088
-79.266467,35.798252,1,1,2018,73,26,0,22.410238387797655,62.98855569671701
-89.08337085,32.67826517,1,1,2019,80,13,2,20.08727633770338,69.59649523041502
-80.066666,34.566666,1,1,2020,87,25,45,20.28813777250638,49.477344275144
-79.760124,33.023376,1,1,2017,85,23,30,21.414900892222796,85.7942988969869
-81.7956,26.7376,1,1,2017,38,9,0,13.040853009184362,31.906510174786796
-84.28833333,30.36888889,1,1,2018,294,17,3,18.27249577811363,43.44067483194465
-79.394267,36.272778,1,1,2017,317,4,0,19.43915917051376,64.75110464037893
-80.1285,36.045,1,1,2019,318,20,0,18.439545019724832,24.23185425299308
-83.1859,30.0433,1,1,2017,78,20,4,16.148837183262604,48.6505781182646
-81.567,29.6772,1,1,2017,308,0,0,8.623790261921878,20.6715701040018
-86.144883,35.37125,1,1,2017,96,22,89,21.465703132860845,74.00346182610683
-89.21972222,34.24777778,1,1,2017,60,13,52,18.8910646437649,58.87813996383932
-82.663033,35.68045,1,1,2019,33,20,0,19.24208096361926,28.907116891096212
-81.374,29.9856,1,0,2017,195,19,97,17.827067775635008,72.62389270612387
-79.633665,36.014035,1,1,2017,81,29,69,23.65443729705921,58.459843985010345
-81.931693,35.321939,1,1,2019,113,15,0,21.00090027191888,40.707714225465836
-81.649,26.6209,1,1,2019,98,15,49,11.633454125531797,12.869932008825053
-82.594325,35.595358,1,1,2020,84,24,72,22.63093496756373,31.12540427778431
-82.91965833,31.27788889,1,1,2018,15,21,60,15.434419486129627,60.05989624018837
-87.586,33.821,1,1,2018,265,22,62,19.88417731139566,84.61086643450022
-84.873733,35.460517,1,1,2018,89,21,60,23.23239982632429,66.54846485598398
-79.077163,35.323229,1,1,2018,108,24,96,21.258256822239236,56.54534911528663
-84.33435833,30.984525,1,1,2018,47,11,0,18.89969750126268,54.50767763394318
-78.520078,36.319915,1,1,2018,52,20,100,21.56301362123515,71.0447728600086
-84.2616,33.34652778,1,1,2018,87,30,49,20.15587763319528,53.42606234532148
-82.57996944,33.08064444,1,1,2020,150,20,19,17.973346964208183,50.83666517020096
-78.962369,34.995374,1,1,2020,55,26,24,20.859159893389716,39.056374428445665
-78.031199,34.031434,1,1,2017,64,15,0,15.159409094216922,26.7614528889829
-86.1635,30.3621,1,1,2019,261,18,74,15.973181642520133,64.98676452991918
-84.47835833,30.90778611,1,1,2017,24,16,0,15.56552165090339,46.348837901055965
-83.34994167,32.85901667,1,1,2019,271,28,100,22.31013054302292,73.66671167450326
-78.542736,34.958384,1,1,2017,73,20,0,16.353259400974974,47.1910347749265
-85.5326,30.4313,1,1,2020,132,16,53,12.791408928074054,70.47395067599703
-77.567518,34.834554,1,1,2017,83,24,99,18.897084000509754,54.457447138740434
-89.78348818,31.68853103,1,1,2018,71,6,99,18.74867609427609,62.38002794382277
-86.198,33.38,1,1,2019,84,26,100,17.688809088466055,61.47922330505915
-85.37,33.195,1,1,2017,75,20,95,22.17114593712239,63.952457689031185
-82.5837,28.8686,1,1,2020,71,18,100,16.143077028108966,46.15923688183645
-83.72029167,34.65992222,1,1,2020,99,29,95,27.658872463752882,85.58029969149408
-82.62735,34.772175,1,1,2019,29,18,0,19.800550570908996,40.46794646093306
-82.95863056,31.55863056,1,1,2017,8,22,20,14.35898587230316,30.735110559700093
-85.4654,30.4931,1,1,2019,99,8,0,11.26405262400515,34.13826872156969
-86.025,34.555,1,1,2019,263,24,100,18.89334722809877,51.63241504800815
-81.3804,26.7502,1,1,2017,32,13,33,10.372486678564336,11.221615551534024
-93.5905,30.6635,1,1,2017,320,13,99,19.22945494120631,77.5976240565629
-83.22585833,30.98920833,1,1,2019,149,16,0,17.81104525876861,43.09656607138035
-89.54583333,31.58555556,1,1,2020,258,10,2,15.162033329623396,60.37943264315483
-81.021408,32.878693,1,1,2017,15,20,19,16.247197840744192,62.407307318700006
-81.9695,27.8339,1,1,2020,101,0,0,12.503638777276018,34.4968533826833
-79.726799,35.211013,1,1,2019,247,0,0,14.913682513316772,38.70900307467284
-82.77373611,31.74720556,1,0,2019,179,6,71,12.239885919509877,37.43187641376946
-79.178017,34.8571,1,1,2017,136,20,2,16.27159111282022,44.50877810078521
-78.599952,34.957266,1,1,2018,90,11,0,16.19199280157779,46.4535046819503
-89.78622588,30.67892311,1,1,2018,20,21,100,20.5077193508387,69.34478888816604
-79.97441,34.994622,1,1,2020,311,17,0,19.679815862922467,66.00383414792839
-82.711151,34.553188,1,1,2018,117,15,0,19.511388313872406,35.50175991444428
-78.732801,34.59673,1,1,2018,109,23,65,16.728505438052238,48.354745900342195
-82.5013,30.0016,1,1,2020,5,17,0,16.20487605952209,70.64330165350164
-81.2658,27.4497,1,1,2018,53,8,8,7.975807981239534,19.085622702938565
-83.02094722,31.59755556,1,1,2017,321,22,0,14.551833438624449,37.57896757324142
-79.1866,35.404285,1,1,2017,336,9,0,18.940267170422352,39.48774453764239
-93.0241,31.9007,1,1,2018,150,19,24,15.655689336346812,61.94706944760327
-81.3399,26.9232,1,0,2020,227,5,15,9.038047389886962,26.901046159725528
-92.7301,31.216,1,1,2017,25,15,2,22.2770694350174,77.52376074826822
-82.94397222,32.60529444,1,1,2019,330,15,0,18.248357435131236,41.24295579267081
-92.4536,30.928,1,1,2017,276,10,15,15.783493036785064,83.22602910085814
-79.0843,36.0542,1,1,2019,68,22,59,23.46122481772347,63.1261048924856
-85.865,34.573,1,1,2019,200,27,94,14.59119388400299,22.488012872083683
-80.7066,26.4052,1,0,2019,183,12,13,7.6481883495419725,19.0166437542167
-83.11671667,32.42120833,1,1,2018,17,21,0,17.70314645231771,52.760001489880764
-86.873,31.752,1,1,2017,145,20,3,20.666196147467513,66.6000841482402
-78.901751,35.249009,1,1,2017,34,19,0,16.712679353199626,56.96517200376797
-84.34472222,32.83941667,1,1,2018,47,19,62,21.278809242777093,87.60409428886162
-88.229,31.207,1,1,2019,100,24,100,21.897276441339258,77.69232179297441
-83.47275,33.6915,1,1,2019,110,20,100,22.43846362342142,59.60331046636035
-80.4596,25.6394,1,1,2020,224,5,0,2.229324670703664,0.02104554327164861
-78.670052,34.724984,1,1,2017,36,14,0,18.45107521135352,62.97477846650383
-76.637494,34.819012,1,1,2017,345,17,12,12.570885032894301,32.47894710967478
-76.928855,35.933686,1,1,2018,53,22,0,18.189100958146273,46.72752745191611
-82.87509722,31.45290833,1,1,2017,232,5,0,17.59159454607104,36.39425974968742
-81.45723,33.222176,1,1,2017,275,23,94,17.685856381170886,58.44884318766064
-81.6729,29.893,1,1,2017,95,8,0,16.825355581006484,53.73509119475376
-80.692814,34.986518,1,1,2020,256,21,0,20.134755764487792,50.122338475203854
-83.26732778,30.71505556,1,1,2017,268,16,0,18.34072160514554,50.6266447368421
-79.725394,34.955275,1,1,2017,182,0,0,23.467429809250568,55.6840272665515
-83.519,32.71741667,1,1,2018,62,17,86,22.175398414306954,57.92966564398473
-82.477975,31.55655,1,0,2020,137,16,89,16.722654864218452,43.28275815764739
-84.87912778,34.30188889,1,1,2018,5,23,32,23.573704062994796,70.83390177353343
-84.427683,36.070883,1,1,2017,327,34,100,31.42555913474282,89.95904502067233
-76.338643,35.898682,1,1,2020,69,0,0,11.41534334931925,35.05521130931866
-85.18676111,34.23571944,1,1,2019,273,26,96,23.768970388181973,49.39965972214985
-85.6319,30.7509,1,1,2017,127,25,99,20.906244553376933,77.33870019692347
-82.74503,35.656285,1,1,2019,143,10,71,26.191261875535112,55.98363401236862
-80.575273,34.918774,1,1,2018,44,23,0,19.096970442962718,41.804464394156675
-86.43,31.49,1,1,2017,60,20,0,21.242190505656513,82.74345570844983
-80.6706,26.1441,1,0,2019,205,7,47,6.227076287922688,10.29254256661555
-80.116219,33.661251,1,1,2017,86,19,0,17.54795383890221,61.4404646050778
-79.913765,34.38419,1,1,2018,71,18,15,16.2777022987881,39.666218434064284
-89.51916667,30.52388889,1,1,2017,119,16,70,16.886733487791435,40.834532374100704
-79.289131,33.391705,1,1,2020,100,0,0,17.735857466214952,47.87199189505674
-86.622,33.152,1,1,2019,267,24,24,22.52171512453581,76.58720776822
-82.43083889,33.17603333,1,1,2020,172,14,0,14.203060010291168,40.86743816128585
-88.044,33.724,1,1,2019,267,21,0,23.19719362860832,83.12678810629157
-78.479617,34.900833,1,1,2017,349,14,0,14.98792730870369,55.68219544915249
-83.22,30.0712,1,0,2018,75,13,0,10.798725049639451,38.326568074451465
-81.8167,30.15,1,1,2017,57,18,94,18.314027108211395,51.856340446406676
-86.418,33.23,1,1,2019,256,26,100,18.651479731146143,63.577886453211676
-85.297225,34.95123056,1,1,2017,45,23,54,21.79253866659452,42.57215442954267
-82.07495278,31.69503611,1,1,2017,62,10,81,16.08161180415541,66.32608474121749
-81.85,30.1856,1,1,2017,108,23,95,17.080376244448356,46.449851518866645
-87.801,33.859,1,1,2020,130,20,0,21.39711670324541,69.38424898454836
-86.681,32.835,1,1,2017,127,16,99,15.409234742953913,29.961566573273224
-83.22603056,31.772325,1,1,2020,213,14,94,16.432280102948162,54.10333648593258
-79.549042,34.77128,1,1,2017,28,17,0,18.697272777244105,54.14971676815373
-77.824267,36.055933,1,1,2017,295,8,0,17.382411667204586,42.9351545401504
-81.605,29.08694444,1,0,2019,149,16,90,22.497162465719455,87.05402465055431
-83.4516,30.579,1,1,2018,10,26,100,16.906970392967064,46.19111901014814
-90.0047,30.7009,1,1,2019,332,14,30,16.238250480915273,46.76620768711708
-80.4893,27.3006,1,1,2018,230,5,0,9.446753982300882,15.345275969843291
-82.25,36.274567,1,1,2017,80,30,95,27.297146579471754,64.1975837493807
-89.87638889,31.93861111,1,1,2020,325,21,0,21.047216232058627,71.42063160935218
-79.001441,34.601668,1,1,2020,104,26,88,18.600001169963544,45.47204704698213
-93.1206,30.564,1,1,2020,274,18,9,14.581156247025064,54.66855815442896
-85.7927,35.430783,1,-1,2020,91,28,0,22.94431696733239,71.58544584179752
-84.16570833,32.58888889,1,1,2020,291,16,0,19.33957335189101,64.42036851650735
-82.113404,35.302334,1,1,2020,50,27,41,21.06728347056833,55.332185279879795
-87.6144,35.700467,1,1,2017,94,29,100,27.137028134655196,90.8036370151393
-82.07395,35.254176,1,1,2017,79,24,81,21.060477779135724,49.87567203090379
-85.113,31.285,1,1,2019,153,23,48,18.834994907162407,60.82656438958302
-92.556,31.551,1,1,2019,73,25,100,25.48301010035818,92.15860913190258
-80.991012,36.357916,1,1,2018,107,27,99,23.592274503625923,65.33976161710505
-81.9062,29.6471,1,1,2020,85,14,0,12.396587915942998,16.129127245435175
-83.4122,29.8882,1,1,2018,16,18,8,18.96570079145699,69.44660462116907
-87.805,31.148,1,1,2017,79,7,0,17.87478977714348,81.94279787882543
-82.35488333,32.14389167,1,1,2020,87,23,0,13.359288058308497,36.573475688671984
-88.02555,36.3356,1,1,2019,241,20,41,22.973064740390583,75.22602889278188
-79.99865,33.329441,1,1,2018,299,24,2,9.26482181026989,24.04899410153782
-81.383827,34.190521,1,1,2019,268,23,53,22.715963324134364,74.19118467498474
-81.4817,29.3806,1,0,2017,147,12,0,11.172697864637454,33.09683842228703
-88.63335138,30.7630216,1,1,2017,26,24,97,19.792354269043024,50.06044069136981
-85.912,30.6478,1,1,2018,4,21,96,22.833894948743495,76.1777166176331
-85.669,32.328,1,1,2018,98,25,100,22.881657203012224,85.96628848407377
-81.60699722,32.68815278,1,1,2018,74,18,0,15.092904053829102,54.29896209924908
-85.0522,30.9341,1,1,2019,257,16,61,9.338657894880043,44.00852106069905
-83.19176111,30.78634167,1,1,2017,88,19,0,19.250126858756566,49.77252383363434
-83.24987222,32.12751111,1,1,2017,30,22,95,17.656684830922032,70.93574328273749
-81.94805556,36.54083333,1,1,2018,118,30,100,29.72239479871892,82.84734573778469
-85.817,34.274,1,1,2019,150,15,0,20.4059147245014,48.3961851384997
-79.117729,35.314212,1,1,2019,71,20,0,20.277000096828484,60.54368232903844
-86.343,33.272,1,1,2019,267,22,0,17.377578030840635,37.93126355426844
-86.9257,30.7115,1,1,2020,80,16,0,16.130644433940226,60.894987413663685
-83.75701111,34.42998056,1,1,2017,101,26,4,23.593113549281416,72.02886694948741
-79.362707,34.872933,1,1,2018,59,19,43,18.00696441290529,45.03400125671997
-92.3156,31.4321,1,1,2018,115,17,100,21.29730424314563,84.38405995869368
-81.99683333,31.10204167,1,1,2017,34,10,0,16.227255647286917,59.25599376065979
-82.67641667,33.31977778,1,0,2020,200,16,69,17.348969106206486,64.40197299638956
-86.412,34.275,1,1,2017,62,16,0,16.03848290463913,38.39313832987376
-80.680541,34.823759,1,1,2017,364,20,0,19.498723341138085,69.59057521997968
-82.07552778,32.53941667,1,1,2018,93,20,20,17.083034645937264,42.65005606244988
-78.185482,35.215192,1,1,2019,71,20,31,11.803941179228342,27.231554416820092
-77.150584,35.240277,1,1,2018,85,25,14,20.47061775535251,56.55892179625121
-78.363738,36.157338,1,1,2019,195,20,16,21.35661399134145,75.47235192484344
-83.22263889,32.65469444,1,1,2018,23,21,70,18.821861808723845,69.60425876296867
-79.696645,34.907262,1,1,2017,136,18,34,19.27196066034428,36.52982819805686
-79.238283,34.480933,1,1,2017,29,19,60,15.860759194416499,43.37535658056771
-82.281117,35.235816,1,1,2019,79,25,100,30.787764830371096,87.92000638424939
-81.0181,27.4686,1,1,2020,68,5,0,8.064678582573901,13.968245446258308
-81.3209,28.8598,1,1,2017,85,17,89,12.78971687328239,30.939805562609717
-81.9356,29.8495,1,1,2018,12,11,0,14.638739552619334,34.22358626986275
-78.974472,34.094078,1,1,2020,91,21,47,15.88171330620143,42.52388968930091
-88.055,31.144,1,1,2020,132,17,0,19.418652658841008,57.544096741736944
-83.32590278,32.21994722,1,1,2017,14,20,0,14.577038383903968,34.185504858200254
-85.17641667,32.98063889,1,1,2019,73,23,100,17.34718490570374,50.34596298088233
-89.92722222,32.96333333,1,1,2017,75,19,46,19.170876735643585,44.08587506677175
-79.545982,34.676369,1,1,2017,273,15,0,18.094535866405298,38.02709014237097
-83.44025,31.49236111,1,1,2017,238,13,0,15.396558318467239,34.92169989303778
-87.78308333,36.41241667,1,1,2020,314,24,80,26.079437649145724,79.96599112238427
-84.53364444,31.45421944,1,1,2017,319,13,0,17.76386340482682,46.98806832082717
-81.79022778,32.28487778,1,1,2018,267,20,59,13.732815791420027,32.72148873298357
-79.812553,34.1343,1,1,2017,16,20,32,19.06553884177785,43.74138511266072
-76.9375,34.735,1,1,2017,215,19,72,16.39170662025485,56.53672857812574
-79.939064,33.395626,1,1,2018,122,19,28,18.803311437203067,61.71057395770842
-81.251579,35.027569,1,1,2019,42,21,24,19.36748468557231,43.008839485270975
-89.47870309,33.86287537,1,1,2017,314,24,100,20.206147897331903,66.26630828781626
-89.69623751,30.66383815,1,1,2019,28,17,11,19.15455490147007,58.5170779711929
-84.62066111,32.49296944,1,1,2017,26,0,0,13.165570300106657,28.782034377708186
-79.442295,36.514045,1,1,2018,120,17,0,22.437609976283408,56.19797046895544
-89.03,33.19638889,1,1,2017,127,21,0,24.77443714165854,86.83612052482364
-79.199643,35.352197,1,1,2018,89,23,93,18.80237839472696,42.15719500282762
-76.729469,35.37019,1,1,2020,158,20,100,9.212912384150258,43.950848699004176
-87.796,31.072,1,1,2017,26,14,99,19.827804999270693,76.07881956910822
-89.04666667,32.73166667,1,1,2020,319,19,44,18.83172844356427,52.301964880837176
-83.2439,29.8532,1,1,2018,35,11,95,17.342678753020675,92.47844127728662
-81.92873889,32.57436111,1,1,2019,79,19,44,15.316923767079581,39.680035058829766
-89.41319908,33.01795976,1,1,2017,284,25,97,18.899181628569757,81.7248477160714
-79.604622,33.207161,1,1,2018,55,21,82,20.580707217311005,82.08586700278985
-82.62069444,32.56358333,1,1,2019,91,7,85,19.162949491167293,55.55219293468882
-78.496381,34.020608,1,1,2017,124,15,6,16.535768209712028,53.41206234930553
-80.356962,36.004854,1,1,2019,287,21,0,21.599449131580027,43.177110820464556
-81.7473,26.2664,1,1,2017,24,12,85,12.295493937594859,21.123655716437774
-75.859467,35.744383,1,1,2020,286,12,75,13.517037876252024,79.07555254271973
-82.03694167,31.16456944,1,1,2017,84,16,89,16.68735924722023,58.32635085022316
-87.5141,30.9258,1,1,2017,74,14,6,11.744986802725903,37.3263949344912
-88.355,31.944,1,1,2020,116,21,100,19.258281357167355,89.1848413857287
-82.44670833,32.14676667,1,1,2019,266,18,0,17.133884728280268,53.67217830818581
-83.6238,30.0778,1,0,2020,227,15,0,15.74103146977341,44.22765691095494
-79.861717,33.798965,1,1,2019,182,20,15,16.317669054471367,47.03958430456396
-77.873833,35.378815,1,1,2017,29,18,0,10.638791890062434,12.891122794574905
-78.672912,35.422338,1,1,2018,73,23,1,17.603783618286446,34.61117132480981
-90.80666667,31.985,1,1,2019,19,13,0,21.38186482523462,63.385739336847664
-82.16987778,33.23902778,1,1,2017,82,20,96,18.571876641882536,58.76097677986337
-93.1069,31.1853,1,1,2019,84,19,96,18.654797012299895,78.43035981503698
-82.5694,28.9307,1,1,2020,65,6,0,15.548303886726806,36.770778855383796
-92.9509,30.9498,1,1,2018,47,10,2,19.191859851263867,66.6119746689695
-88.99522539,31.5822658,1,1,2020,292,23,90,22.489272646188066,90.22689696094253
-79.184964,35.717032,1,1,2019,202,22,11,24.0683480392555,60.052028372133506
-82.065062,35.548446,1,1,2017,64,30,31,27.621580515824217,78.99427906177633
-78.097783,36.136533,1,1,2019,79,23,52,19.685670542496503,57.55516978942091
-81.093117,34.419037,1,1,2017,89,16,0,20.520393072633333,73.95056082201893
-82.25671944,32.67671667,1,0,2017,132,11,94,18.53040013857614,57.6969344064856
-81.4303,27.5856,1,1,2019,153,12,0,9.888847207539026,15.705197823439365
-84.31341667,30.94269444,1,1,2019,67,0,0,11.807366801830698,21.10660337575555
-81.951028,35.426206,1,1,2019,32,21,18,22.041660041756497,56.94193013228284
-84.00873889,31.03056111,1,1,2020,177,21,40,21.842868438297103,62.8005871359433
-84.87947222,32.86063889,1,1,2020,124,19,0,19.016541496082226,41.586830944527094
-80.160522,33.14286,1,1,2019,37,17,2,21.461200296633024,72.61311102490411
-88.318,31.882,1,1,2019,268,23,100,20.94066664317869,59.01349665995801
-93.3699,30.4623,1,1,2020,324,26,99,19.451638329017005,61.88403651280932
-81.817,26.2933,1,1,2020,133,15,37,10.126039434443687,32.52137450092256
-80.207161,33.356213,1,1,2017,363,22,82,16.61461735584377,60.53103323005162
-80.6131,26.9767,1,1,2017,41,15,0,4.388700425398582,7.245459499238804
-84.0367,30.5943,1,1,2018,72,24,94,21.77483505022698,50.56420266186305
-83.53837778,31.78598333,1,1,2018,1,19,76,8.425229870521914,16.095460463920006
-81.97433333,32.58822222,1,1,2017,250,25,100,14.439904828476191,32.56493522012413
-82.978,31.83983333,1,1,2018,23,14,81,18.158761638232598,60.44020541544949
-82.808426,34.461918,1,1,2019,153,24,4,15.12242872942629,24.162681800582593
-80.463,25.6049,1,1,2020,122,10,0,7.7304485185892196,12.801978228121541
-85.698,32.461,1,1,2017,61,19,15,20.98575005978712,63.7379139055237
-85.05478056,31.89725,1,1,2019,165,11,28,19.67162555011635,63.31967590362735
-77.154259,35.510853,1,1,2017,44,15,0,16.926192591368316,37.84709954000048
-77.32155,35.833039,1,1,2018,108,23,1,14.690233315528271,50.70759352331406
-81.95192778,31.07250556,1,0,2019,182,18,0,15.404172326218864,62.619087598433175
-82.493189,35.349888,1,1,2017,38,28,0,27.184726342432594,58.46414488059434
-78.537482,34.673493,1,1,2020,129,14,66,18.193163536780286,72.3565303943017
-80.792092,36.025247,1,1,2017,328,23,11,20.20759772933185,52.12455072419438
-83.86058889,31.70101667,1,1,2019,257,0,0,9.863408071990662,31.16859949107505
-90.9024,30.7023,1,1,2018,60,26,98,22.50254909904641,74.36571261334016
-80.631134,32.771336,1,1,2017,54,22,100,20.931891840239533,78.86167337138858
-79.110659,36.151148,1,1,2020,129,23,73,23.321912605342938,58.04860582710069
-82.419415,35.758723,1,1,2018,22,29,99,28.37730820581288,68.71059779133822
-81.46096,33.442104,1,1,2020,358,13,0,16.350131428723156,44.26461654178842
-82.89936111,32.51444444,1,1,2018,20,23,0,22.046365555744107,53.11043432273766
-79.202224,35.680468,1,1,2019,176,19,0,21.690234724225302,74.57630945676105
-89.80799805,31.6403947,1,1,2019,331,19,24,19.898710960498594,70.46044744482063
-85.631,32.451,1,1,2017,249,22,3,25.84640106611291,88.14174966424216
-89.48833333,30.32861111,1,1,2019,263,1,9,16.790583276727947,52.97111348681077
-82.0667,27.0549,1,1,2020,107,4,52,12.68614442459811,43.91286664608305
-79.443611,34.527523,1,1,2017,307,5,0,13.501061265510044,39.257842381186066
-83.72560833,34.36413056,1,1,2019,295,22,83,23.713877044023466,69.35995473052958
-79.20267,35.341403,1,1,2020,86,18,0,18.91194468353405,45.55572952821699
-88.82711355,34.58397055,1,1,2019,88,20,61,20.702258662476503,70.28304980954262
-81.759012,35.264829,1,1,2020,68,24,14,22.149137247098565,48.676395050799286
-79.4131,35.244725,1,1,2017,160,15,60,21.367458175786314,52.159657549408756
-93.12,30.9067,1,1,2017,288,15,85,14.45046019839784,67.11605109871984
-82.68372222,33.29993889,1,1,2018,22,7,0,17.79870736295164,53.02250144881725
-80.4998,25.4538,1,1,2020,108,1,0,8.999889957220864,10.950436247531341
-80.816562,28.459003,1,0,2019,118,17,82,14.522907616927046,35.208726081824686
-83.2902,29.9384,1,0,2019,177,21,0,16.60541143166307,80.48224566041455
-85.37027778,34.40330556,1,1,2018,82,23,0,22.955770023964526,67.9968899683276
-89.53953666,34.20178729,1,1,2017,31,19,60,23.03815328276225,71.06928047671063
-80.710732,34.164768,1,1,2019,118,15,0,17.77545787945006,37.16526587269506
-80.942589,33.499409,1,1,2018,74,14,0,19.086615588981186,51.498921119512616
-80.820833,28.392778,1,-1,2017,58,0,2,15.022484135810059,42.28999442702315
-78.755877,35.924604,1,1,2017,327,32,95,23.099502146511224,44.8049065599461
-80.321849,36.456405,1,1,2017,290,21,0,24.54271395019706,84.00168321575326
-78.811962,36.020889,1,1,2017,88,24,55,23.81303355568713,66.24204961407872
-80.309921,34.002869,1,1,2019,37,23,52,17.586718247990643,45.514720560186056
-87.181,32.76,1,1,2017,102,22,99,20.568450161488517,87.42540994251398
-80.109413,33.027058,1,1,2019,78,0,0,21.064519038528047,40.30838726043286
-87.508,30.8286,1,1,2018,58,13,70,13.9543983125749,40.27623267168634
-89.19396991,30.44292735,1,1,2019,255,19,4,15.62661747467257,45.644303398506715
-85.309,32.45,1,1,2017,343,7,0,20.074529725650827,44.29455694384602
-85.873,32.457,1,1,2020,7,18,15,18.216819120037492,49.86061305575797
-80.298225,33.352905,1,1,2018,74,17,8,19.684016054526392,73.49409138413507
-85.1401,29.73,1,1,2020,98,18,94,15.528678502500231,77.7240804597701
-82.25153611,31.11888889,1,1,2018,122,22,89,16.715009355677367,76.55207023640574
-81.502197,33.523464,1,1,2019,36,14,17,14.650281512918674,33.38551374244961
-83.71414444,31.302,1,0,2020,247,8,0,16.42367255732837,38.68988212736278
-81.3875,27.2527,1,1,2020,71,12,32,9.12430814886557,13.309328148071364
-89.21333333,30.78555556,1,1,2018,18,19,39,15.634521545400235,66.37986754536541
-79.321912,36.112043,1,1,2019,88,28,99,18.730334242989006,43.02568117757595
-79.607163,34.971592,1,1,2019,32,9,0,18.497546549835715,35.69364390255241
-79.316321,34.704433,1,1,2019,280,19,95,13.033898852542409,40.823913482814184
-81.6398,29.4053,1,1,2017,29,23,99,15.945094041694144,48.44149771559105
-85.454,33.748,1,1,2020,105,10,74,22.556231235185695,76.35354824507378
-79.06982,34.849403,1,1,2018,102,24,95,18.115839132342803,45.79707423558196
-82.1269,29.7817,1,0,2020,172,17,76,14.592133099571045,49.717346704306756
-81.506,26.7723,1,1,2018,216,0,12,8.993969186533539,35.15434115266978
-86.103,33.02,1,1,2020,57,22,77,22.083076608487673,80.95344467640923
-81.2709,27.5002,1,1,2017,9,7,0,6.450553801911907,6.913632017713071
-80.900764,33.618011,1,1,2017,82,16,0,18.665020177562564,47.74109270515124
-79.624252,34.623791,1,1,2017,28,2,0,12.210930322392052,29.590498148282634
-81.4506,26.9081,1,0,2017,181,9,0,7.240468045995102,26.709865630910798
-81.57027778,33.33805556,1,1,2018,47,13,44,22.332719591332474,76.95980557113482
-83.60142222,31.78322778,1,1,2019,75,24,100,13.66485377255925,35.46692135818809
-90.04950255,31.71419994,1,1,2017,41,24,22,20.28800066630128,76.89103885762393
-81.9332,29.7388,1,0,2019,176,18,0,15.725535604344701,36.12836883702603
-82.014004,36.02379,1,1,2017,61,26,0,29.891154932457443,71.12550695009139
-81.97133333,32.49852778,1,1,2017,76,19,0,16.685730355612176,42.45610989869779
-79.774112,35.338469,1,1,2017,26,25,86,21.32515388978761,60.98060151999749
-82.89438333,30.90385,1,1,2017,44,15,85,20.44379438336397,90.99492954090042
-81.886,32.95475,1,1,2017,275,16,99,18.133455927489745,76.81592741082383
-79.732872,33.925949,1,1,2019,204,21,0,17.012706357475054,45.176923157388245
-81.447747,35.479112,1,1,2019,310,11,0,17.347321988890663,29.936259438150913
-89.00384726,33.49061522,1,1,2017,326,21,100,20.283456787500374,66.89540461614894
-81.4171,26.2536,1,1,2018,127,6,0,12.839439414539838,51.82143684951412
-93.0665,31.2416,1,1,2018,59,23,61,19.430044704710788,89.83658554331804
-92.432,30.888,1,1,2018,78,0,0,17.522480055983202,77.17296836752631
-88.515748,32.075433,1,1,2017,59,15,0,21.017816048893796,74.93004008620807
-83.4738,29.9795,1,1,2018,107,17,99,19.624435873395115,84.19855261577433
-82.97858333,34.41901944,1,1,2019,247,25,34,20.021024062645576,43.56373903796704
-77.651533,34.697567,1,1,2019,177,15,20,18.169457862537104,71.93377538355497
-79.356842,34.024002,1,1,2018,66,19,3,16.602030872839297,43.63176358725466
-81.2991,29.7669,1,1,2017,78,22,89,19.20130722281618,71.77721447644899
-82.2428,27.0879,1,1,2018,84,15,1,14.505098844547165,23.675537646477803
-84.15972222,35.18361111,1,1,2017,210,24,100,28.72915866813228,86.88019247512925
-83.82606944,32.47586389,1,1,2017,345,20,0,19.77368951206739,49.68673772989414
-82.337475,33.80549722,1,1,2017,363,24,30,15.346198468123449,44.59604123236158
-84.53555556,30.77416667,1,1,2019,33,0,0,9.42657260595476,24.115862128724284
-85.12,32.335,1,1,2017,21,21,60,20.949364664687934,70.75412010001685
-81.4203,27.6042,1,1,2019,117,10,0,12.179905327850346,23.682671574925433
-82.392525,32.08931111,1,1,2018,113,15,0,17.708020468623772,57.35764464630439
-81.89421111,31.70835833,1,1,2018,16,14,0,17.434992473602083,57.21252104805928
-80.740702,36.532209,1,1,2017,330,26,69,20.065362548859483,43.21667624809743
-79.333265,35.59708,1,1,2017,292,0,0,19.749046768414345,50.819847203036474
-82.28539722,32.32271389,1,1,2017,55,18,1,14.443231589081591,42.190248410645964
-92.9349,32.0052,1,1,2018,19,24,100,23.258776492612153,87.49072779896468
-89.12305556,30.395,1,1,2020,324,14,89,16.567920823140106,48.453409850861476
-80.314545,32.977501,1,1,2017,75,18,0,22.727124343461952,86.02385591797558
-81.274,28.9286,1,1,2018,82,10,92,13.959454137687073,40.39136887111233
-82.2335,26.9097,1,0,2018,181,7,0,11.597811648473723,21.8058082703069
-79.288131,34.74816,1,1,2018,91,27,23,12.823374010295534,32.539923708205905
-79.738005,34.883135,1,1,2019,164,12,27,18.553610984989245,28.136065132970355
-81.093269,34.717373,1,1,2017,74,18,45,20.964423392068436,73.05267289283817
-87.3875,30.5272,1,1,2019,63,5,0,18.549412900252502,45.89162128262628
-90.23611111,31.46638889,1,1,2018,66,4,0,18.82183042629133,55.09827657120743
-84.9041,35.148717,1,1,2019,286,6,0,21.11016713334145,35.58735194367417
-82.54277778,31.27444444,1,1,2019,257,19,89,17.066599300852097,61.827377585268735
-78.898193,36.340157,1,1,2019,271,17,0,19.159344069679825,53.84148127838576
-79.31131,34.346779,1,1,2018,23,0,59,19.84841030475228,58.693034475042126
-78.061518,35.924202,1,1,2017,138,20,0,19.462038894891187,58.42630653439473
-82.54025833,32.39326667,1,1,2017,133,17,0,14.505035726069481,41.91576739965243
-80.240852,32.787487,1,1,2019,283,24,100,23.304889069814774,75.52999859565818
-83.71194444,34.32652778,1,1,2017,71,29,100,22.40373598064102,59.32425883026631
-82.50211944,31.63266389,1,1,2018,31,19,56,15.648264726988073,61.715456099439386
-83.55868889,32.14290556,1,1,2017,45,24,0,14.97552375137511,39.35267996530789
-82.98251944,34.46408333,1,1,2017,54,24,97,18.39286431734266,47.59806563434664
-82.19135,32.16823611,1,1,2017,272,18,94,19.334063523905048,62.69296399158016
-89.38001894,33.24712098,1,1,2018,217,20,95,19.438562055292184,73.65338875388113
-93.1353,30.9505,1,1,2018,140,23,32,24.587682836285992,85.35815993902133
-80.51867,35.746074,1,1,2018,74,11,0,21.739992727141434,53.71560090656545
-79.596865,36.138488,1,1,2017,80,24,65,20.06418588910339,37.88873730560719
-93.17884255,31.01392967,1,0,2020,129,24,96,23.354027790689425,73.65340899882771
-90.774,30.795,1,1,2017,42,16,78,20.66388663090014,67.62771884797193
-79.046523,34.84102,1,1,2018,127,24,100,14.741594809499833,37.69122086360898
-92.9656,31.1787,1,1,2018,197,13,78,15.481081623737996,77.26813931163919
-83.70751111,33.53048056,1,1,2017,53,27,68,18.763818825369615,42.22551126571105
-80.135284,33.425404,1,1,2018,44,15,0,18.416044373519757,58.61507825858215
-79.127333,34.872811,1,1,2018,44,22,28,15.451709528136416,37.90458200811939
-83.62861667,36.5041,1,1,2020,311,25,4,24.55364364504132,56.13275082841019
-81.208885,33.302361,1,1,2018,45,10,0,17.466386499024804,59.54889131225015
-81.616349,35.232549,1,1,2017,46,16,0,20.66406371486922,41.430889076530214
-81.0228,28.7684,1,0,2017,149,26,92,15.225532511210753,59.31629315298588
-83.71266667,31.90470278,1,1,2018,125,5,0,11.863977323230676,29.54058132317373
-85.363,30.6153,1,1,2020,14,16,56,14.93090058332164,41.913403275415945
-81.3248,27.8284,1,1,2018,13,0,0,12.264296239026061,37.47225644255906
-90.90881925,31.27253224,1,1,2019,279,22,71,21.23969819610221,75.06389569808472
-89.84590883,31.41169463,1,1,2017,41,21,86,20.191931029618434,79.56263651133513
-81.1934,27.2567,1,1,2017,59,8,0,6.485284788069652,0.9443158767692835
-82.043159,35.65956,1,1,2017,89,20,12,27.39585252719981,65.5672101175585
-88.51926699,30.67109495,1,1,2017,21,15,56,19.524358387119175,55.2722625066074
-81.408693,35.789361,1,1,2018,130,32,95,23.075159239178348,46.1654182431742
-82.86161111,32.71638889,1,1,2018,22,20,89,15.152027522568787,53.578955044589485
-84.12342778,33.0628,1,1,2019,255,19,11,21.766328494059948,60.886762301468806
-85.85,34.566,1,1,2018,3,24,100,16.52397626206015,30.96170805833332
-81.383873,32.949543,1,1,2018,170,24,40,17.972508445048756,77.93967924847665
-85.733,33.934,1,1,2019,225,27,98,23.89818173228843,76.3662699180529
-81.727295,33.587536,1,1,2017,59,17,0,18.43138307338974,41.17000194287935
-93.4908,31.4307,1,1,2018,156,18,57,16.97790331827026,82.933466185816
-83.62041667,34.19733333,1,1,2017,54,26,78,22.42943522135421,63.4211724040853
-80.56474,36.3167,1,1,2020,95,22,82,20.76533916781899,54.977814967278604
-85.525867,35.244167,1,1,2017,236,27,18,28.28533980132074,94.2079892714469
-82.49764444,31.33685278,1,1,2017,167,14,59,14.850436938904535,55.16142743316142
-79.644212,35.072663,1,1,2018,140,20,76,23.228681299666597,30.729022755763747
-81.4746,27.4577,1,1,2019,306,13,36,13.386105536016506,25.77141658626622
-80.58456,35.935005,1,1,2017,68,9,100,18.23709470387044,39.25832199916812
-83.99527778,34.46444444,1,1,2019,29,29,100,26.92061889199552,86.06930304589368
-78.235878,34.722751,1,1,2018,93,21,96,18.81159534133518,50.14951857195775
-81.9807,30.6174,1,1,2019,79,16,74,14.409260061995468,71.99149954161537
-83.790667,35.323667,1,1,2018,108,19,0,25.085476147778607,59.244964924190995
-87.0452,30.5836,1,1,2019,85,17,0,15.03244847207098,48.72396849385317
-82.42603611,32.75422778,1,1,2018,117,5,0,17.758791533703757,57.99664168917468
-88.96033333,35.35173333,1,1,2020,321,23,91,20.92336395551727,56.72290132263909
-83.98390833,30.99839167,1,1,2019,151,29,99,15.565963135969756,33.11116424329862
-84.11845,31.44230833,1,1,2017,88,0,16,12.650735395720835,38.56764685320326
-83.99888889,34.67694444,1,1,2017,363,30,94,30.18512709179487,92.49909931392342
-83.579,30.1304,1,1,2017,26,22,73,18.536010053813705,40.444094325067695
-82.9557,30.5121,1,1,2019,283,19,0,17.76670079047019,37.73067607928317
-80.109886,33.891678,1,1,2019,223,11,21,17.63005797247836,60.663251718156864
-83.98621389,34.47601667,1,0,2017,132,29,100,27.269409004639385,89.27798331029754
-78.831333,34.107833,1,1,2020,67,20,52,15.288353419973353,46.27810135170399
-88.8838359,31.3535658,1,1,2017,78,26,36,18.49401225964467,63.85418146975862
-81.63354167,32.84291111,1,1,2017,53,21,0,16.328352293420746,52.536334461338065
-83.99110556,31.04986111,1,1,2019,82,10,1,22.300242893860286,62.067865484049605
-80.761008,28.730769,1,0,2017,181,0,0,2.509566894096708,12.346787900562415
-81.345063,36.213108,1,1,2017,81,27,69,27.66725015710989,84.59873615684877
-79.250354,34.535406,1,1,2018,43,17,0,15.422298655942429,36.50034140857649
-78.3727,36.0057,1,1,2019,95,29,90,21.92499954490015,59.204488491928885
-79.044694,36.324142,1,1,2017,332,23,55,18.841066297208567,38.74395149003595
-85.25602778,34.20921667,1,1,2018,101,27,100,24.500369766588197,69.71875293210037
-81.600452,35.875471,1,1,2017,325,30,94,24.964695954357094,53.202345868809054
-81.055,28.8267,1,0,2017,187,20,67,20.546583558678883,71.91643886302508
-86.137,31.484,1,1,2020,130,7,99,20.08126482947301,67.9812802532877
-83.11769722,33.04408056,1,1,2020,201,20,69,20.932741384059483,63.987778361941224
-81.94488889,31.60908333,1,1,2019,274,8,88,14.456680016052008,69.8319975090859
-81.1764,29.2647,1,1,2017,144,14,0,17.790224193707896,34.174757975600954
-85.577,31.843,1,1,2017,262,7,0,18.60349623745707,44.138277164789315
-77.901095,35.375169,1,1,2017,56,27,95,17.88536591398119,34.567283772948734
-88.199617,36.054117,1,1,2017,60,18,28,21.737364192202186,65.09645857379817
-84.7434,30.5265,1,1,2020,81,24,95,14.874276926781478,66.1009803469087
-82.0898,29.4221,1,1,2017,135,27,98,17.941774721748946,56.38608507075502
-81.359271,35.282332,1,1,2017,181,13,0,17.643538319194143,34.62194058305485
-93.9038,31.9605,1,1,2019,25,16,39,16.00304917607371,40.68885115713196
-84.8852,29.7471,1,0,2019,258,9,14,9.786918249390434,29.116872349158584
-81.524725,35.345364,1,1,2019,88,26,1,20.97606523976343,42.1243814346859
-89.87752847,31.76348243,1,1,2018,218,10,100,16.269540109141268,75.89217535773625
-82.682176,35.216176,1,1,2017,98,28,85,31.58066030799237,92.72306951521911
-84.737783,35.481267,1,-1,2019,339,0,97,25.2364285231216,66.4325952274629
-81.5838,26.6596,1,1,2019,102,0,0,11.885197964611137,17.62662663226564
-83.44245556,31.25588333,1,1,2019,223,14,0,12.833783358816705,39.61023849038709
-82.710236,34.551571,1,1,2019,78,23,31,19.214852246055823,33.9895442616738
-84.72429722,33.08060833,1,1,2017,236,10,0,22.73865612220027,62.92183415108186
-81.9051,29.6514,1,1,2017,84,10,0,12.544298645387284,16.872383315667374
-80.713951,32.771973,1,1,2017,71,0,27,21.37545361940536,83.5334333294466
-88.249,30.917,1,1,2019,310,18,0,19.716548207874073,66.75874935109877
-84.90469444,31.29276944,1,1,2017,327,4,0,13.127824877861393,34.407678924433476
-79.227007,35.535763,1,1,2019,20,14,92,22.29660058752669,74.53401848208858
-76.855752,35.957246,1,1,2019,189,16,33,12.568550821093034,50.858331334921886
-80.058074,36.026273,1,1,2019,304,0,26,20.992011992661705,43.63522889477975
-81.39135,33.236465,1,1,2019,263,0,0,18.61377345983918,56.194874552538195
-88.728383,36.157517,1,1,2017,160,7,0,15.010773846334681,35.62133454126254
-91.13944444,31.74638889,1,1,2019,39,23,85,24.935450300271693,85.18116936370019
-81.7575,29.25055556,1,1,2019,77,10,0,14.608393438648502,59.3439347525999
-83.812267,35.061117,1,0,2019,184,27,96,21.6398157778226,48.72892641724585
-80.386925,33.192253,1,1,2018,17,27,76,19.695688418285165,65.45480009178448
-80.245686,35.478764,1,1,2019,266,22,100,18.816157679868514,45.57455812795619
-86.528,31.287,1,1,2020,31,0,0,21.67297909887598,71.90523438236448
-85.302,31.701,1,1,2017,274,21,39,19.27410648885187,73.45561267037246
-78.222973,36.055691,1,1,2019,23,12,28,16.96430140138048,49.696463196194415
-86.456,31.104,1,1,2019,183,20,12,22.150149588124098,77.24725893023394
-82.3777,27.3546,1,1,2020,100,13,0,12.151230509666494,28.821967046071673
-93.4002,30.6763,1,1,2017,328,18,70,17.436687388625135,73.924247517023
-78.38828,36.35693,1,1,2018,104,4,0,18.53691271541536,46.22149150081601
-80.021721,33.430431,1,1,2018,11,19,3,17.1809314266697,49.73968188836373
-77.707951,35.104718,1,1,2019,147,17,0,13.643117173535899,31.448982591118153
-76.942841,36.327501,1,1,2020,197,19,0,17.979197489923997,60.182583634863185
-90.08810857,32.99369038,1,1,2017,60,19,15,19.78242354160852,59.19785523780323
-83.247,32.20069722,1,1,2018,21,14,0,14.149996040879959,40.393697196620586
-82.77164722,31.60881389,1,1,2018,5,24,0,16.158154619137097,50.08328256055827
-81.1838,28.3586,1,0,2020,148,25,86,14.06500068239201,51.121487188447276
-81.185883,32.738056,1,1,2017,248,22,52,13.902368631635113,40.79002929441552
-82.3414,32.297625,1,1,2017,102,0,0,17.318338285286014,44.863379039713145
-80.8445,27.6165,1,1,2018,305,6,0,13.694096372907204,43.33066916885889
-89.59222222,30.44138889,1,1,2019,336,10,99,15.855893754995934,78.02618629030728
-81.140831,33.975372,1,1,2019,264,0,2,20.218797495288506,34.91883803415118
-82.91861111,31.99972222,1,1,2019,133,4,0,13.725636977721747,67.36928998115707
-88.99152539,31.5805058,1,1,2020,288,23,50,22.418624584860435,89.9008208099625
-81.89935,32.25757222,1,1,2017,45,19,0,13.254179899876188,35.785617573841805
-93.3407,32.4519,1,1,2017,326,21,53,19.308312018711284,65.88902954371989
-82.2289,26.9082,1,0,2020,194,5,0,11.422664338894018,21.366751918158577
-83.26975,31.93063889,1,1,2019,37,23,98,19.640724339372174,72.05837780006686
-79.809486,33.34642,1,1,2017,65,25,51,22.79529089159294,85.33255929061882
-83.87024167,33.21445833,1,1,2017,78,13,100,23.796008052766837,82.29630830808658
-86.214,33.815,1,1,2019,255,0,0,18.942818607023504,56.34618265041054
-83.1859,30.0455,1,1,2017,71,16,0,15.793153448847569,44.444606020260345
-77.94837,35.827141,1,1,2019,265,22,81,16.416886256965917,40.12031748708868
-82.321129,34.576618,1,1,2018,72,22,24,21.39818443910164,51.95187482160004
-86.328,33.6,1,1,2019,283,0,0,22.514066392068138,69.58741100867333
-80.398766,35.232143,1,1,2019,253,25,93,21.338091302218697,47.823184435925924
-82.121397,35.624621,1,1,2017,34,20,0,27.20835472759407,82.24988151507003
-82.91186389,31.47925278,1,1,2017,73,23,1,17.75761952992093,43.74267045821058
-83.13356389,31.61450556,1,1,2019,336,13,0,16.259657008073425,46.5727341535686
-82.23158333,33.26569444,1,1,2018,2,21,0,16.266133409969026,37.108175414462956
-79.59622,34.771079,1,1,2018,31,18,0,19.68991428937603,50.11229313808746
-81.535652,33.789097,1,1,2020,86,0,0,18.116697732830996,63.44390456008737
-87.3125,30.7003,1,1,2017,63,17,0,17.933528387131894,56.02433518602327
-85.5301,30.2673,1,1,2017,298,15,10,11.945893783707419,53.304954828664634
-80.8256,25.6528,1,0,2018,181,7,59,3.946566815628809,7.486820273879204
-79.986885,33.729176,1,1,2018,66,10,0,17.651268196955925,48.817696197023956
-83.06138889,31.49555556,1,1,2019,202,10,0,13.781295861162015,43.393890938799224
-82.5432,28.8719,1,1,2017,316,16,71,15.455851527215785,31.743454933845562
-81.038348,36.118444,1,1,2019,318,29,16,24.53025444262874,71.70763371022801
-84.54845278,30.79552222,1,1,2019,281,0,0,14.540673934861218,47.67018969676133
-82.19130833,32.64696667,1,1,2019,182,6,0,17.41404398331852,59.987737013202434
-82.21343889,31.82204444,1,1,2018,30,19,1,16.005531987378635,64.95229780863959
-82.366654,35.354727,1,1,2020,320,28,0,21.65557586741398,37.20620305680225
-81.3603,27.7878,1,0,2020,226,18,74,13.560102176155636,41.8229504174172
-83.27230556,32.43591667,1,1,2017,42,23,100,19.079796205671386,63.768692409184716
-81.055016,32.298939,1,1,2017,66,22,89,21.86160656272553,76.89074154980601
-79.067528,33.903244,1,1,2017,77,10,0,18.64435397667764,51.17295066100964
-80.740463,33.947006,1,1,2018,121,24,97,20.295305255796695,68.04600739381189
-83.33560833,34.42096667,1,1,2020,207,16,0,22.352028186354783,68.82204606080782
-80.255272,33.217129,1,1,2019,266,18,0,20.24655446979837,75.78053455744897
-80.59317,34.829109,1,1,2019,74,25,100,19.462133715317787,50.37251087234922
-83.55434722,33.28211667,1,1,2019,150,25,100,23.556947984206438,73.90449979975132
-81.90865328,29.13866547,1,1,2020,323,21,4,20.245227451260458,60.57798038859432
-81.4595,28.877,1,0,2020,223,19,0,18.675199806860384,64.3553564134551
-80.675907,34.972502,1,1,2017,29,20,85,20.870673383794006,55.08569879004664
-89.33333333,32.07972222,1,1,2020,58,19,0,20.20263430207842,77.66210979749123
-88.52101336,32.21749872,1,1,2020,320,24,100,21.190401099033252,80.37776551179793
-82.87782778,31.87498611,1,1,2017,28,21,1,16.852906471996953,49.76980496800318
-85.44968611,34.89555556,1,1,2020,324,34,100,26.90125933211026,82.97602915896546
-79.7351,36.393067,1,1,2019,165,17,80,24.06835445710754,60.28867859906385
-80.062073,34.409946,1,1,2017,54,21,0,17.11561206067094,32.79052829472382
-84.57149444,32.60282222,1,1,2019,282,20,6,20.269182900577434,67.70836585689631
-85.50449444,34.52250278,1,1,2019,248,26,1,25.14261987649447,77.58565319110812
-90.94691122,31.17028958,1,1,2020,16,17,0,21.139998055882597,75.08871000364056
-82.1884,30.252,1,1,2017,109,21,70,16.94157920506362,60.378805534530954
-82.632302,35.252525,1,1,2019,35,15,0,22.937730855666103,47.52839439447167
-89.08460369,32.87121324,1,1,2019,76,20,75,21.550947987427783,74.4244033374981
-83.07122222,33.59633333,1,1,2017,44,23,94,23.418318023532667,65.08284483460173
-86.242,33.295,1,1,2019,257,26,96,19.674238035147855,69.18442550613149
-83.70301389,31.11968056,1,1,2020,94,0,0,12.427959063387451,22.401536265746465
-84.8157,30.6597,1,1,2019,269,22,47,19.880899561488288,76.98465751196308
-77.10255,35.041464,1,1,2020,105,24,42,20.463719935696336,71.61230330148994
-81.1828,26.1008,1,0,2017,88,10,17,10.333995652469259,28.467933296728805
-82.584075,33.59320556,1,1,2019,76,16,94,21.4321107066353,83.47391689003123
-85.73916667,33.56444444,1,1,2018,4,26,100,28.417903002259653,94.20759003017423
-81.971904,35.425976,1,1,2019,257,18,31,23.54234855602936,58.596339299243155
-79.663775,35.382289,1,1,2017,247,0,89,20.943488639787386,78.27101475716086
-77.305827,35.348999,1,1,2018,22,20,1,16.822381147477248,38.80110230228995
-79.329291,34.738407,1,1,2018,125,9,0,16.942728919741295,33.51611666679618
-81.183526,35.923716,1,1,2018,90,28,94,20.341805804571948,28.549379029417594
-77.60202,35.218504,1,1,2019,138,17,9,16.87378952227697,44.713037679398084
-82.72294444,33.36086111,1,1,2018,80,19,95,20.941535353213983,55.25481065372241
-81.379234,33.378422,1,1,2017,67,0,7,15.351217876738225,35.81190635979628
-88.60112517,32.80584027,1,1,2019,262,20,95,17.485965375657322,79.4085286061678
-84.83330556,34.5011,1,1,2017,90,24,59,19.147232072053924,33.504583081170786
-88.65861111,32.30944444,1,1,2019,321,18,6,20.98940614579537,63.86743062936355
-78.611536,34.622126,1,1,2020,335,27,78,21.02923160807199,47.80622706347662
-79.469743,34.976095,1,1,2018,123,28,31,23.578329728380705,37.31884892606547
-82.17668611,33.48194444,1,1,2019,263,22,15,21.049662113170353,55.880807863074416
-92.2523,30.5288,1,1,2020,63,6,0,6.5116312845794,6.495770304168887
-84.74118056,30.74847778,1,1,2018,73,12,0,19.11750387314069,70.7280852861833
-81.4201,27.4704,1,1,2020,6,0,0,7.2050612161262215,8.67650850196995
-79.178377,35.710596,1,1,2019,180,24,31,23.42616705521125,61.34960371182674
-89.45390727,30.84994453,1,1,2017,99,22,89,18.543316683859054,68.12061314500635
-78.991196,34.714893,1,1,2019,210,20,0,17.480416759907506,42.293508081543415
-79.260538,35.24117,1,1,2018,156,1,0,21.241159902667725,57.105643699936216
-79.212523,34.913927,1,1,2017,157,20,71,18.983534565937372,52.007213414728696
-90.4637,30.9158,1,1,2019,143,15,95,19.029965865112846,42.591460446905636
-88.274,30.797,1,0,2020,100,22,95,18.861740223463702,45.79906057529611
-81.6629,28.1558,1,1,2018,124,17,30,10.998581778316595,32.17811424141469
-88.73195,36.46675,1,1,2018,0,15,40,12.910693017905682,17.349256319007214
-82.058733,35.46827,1,1,2019,88,24,30,24.092825218567103,66.78675589164659
-85.2944,35.96005,1,1,2017,115,26,2,25.2964932260166,59.08862222290247
-77.883738,34.253127,1,1,2017,28,19,52,18.316399666320475,27.532904899721014
-88.74571667,36.25413333,1,1,2020,317,22,0,11.239103860317531,12.444924493872593
-77.998122,34.883265,1,1,2019,173,19,21,16.876385815126763,50.60604705158407
-80.9607,27.461,1,1,2019,261,5,0,5.812455325735191,5.104846467923261
-84.00811111,31.5982,1,1,2018,358,7,0,9.064779520055446,25.258878451985595
-78.70983,35.471603,1,1,2017,87,13,0,14.960330640096256,19.18313235694229
-83.4033,30.4855,1,1,2020,234,10,0,17.438902087933595,46.342196390499616
-84.56789722,31.17890556,1,1,2017,55,18,34,8.545554594126875,28.194832439895166
-84.55593056,31.28024167,1,1,2020,163,16,32,9.081564652061369,24.417617730322622
-83.6759667,33.0970833,1,1,2019,43,0,14,27.250264491488693,89.84058870279961
-81.1938,28.5594,1,1,2017,113,0,6,14.218609427357446,24.887086817752767
-88.2486102,34.1174221,1,1,2017,62,23,100,20.74605048381411,77.0169006366768
-83.11,30.3145,1,1,2018,18,23,52,12.947688537680014,29.67734571831247
-88.398283,36.148367,1,1,2018,99,19,95,18.584650796843693,48.227568637830494
-83.98967222,30.97798333,1,1,2017,52,21,3,16.085291843253643,35.37271776636306
-81.7957,26.749,1,1,2018,23,12,6,12.905317229336458,31.831322351033897
-93.0924,30.9043,1,1,2019,123,11,95,15.085747618648028,76.92855172637594
-80.699409,34.970967,1,1,2017,41,32,100,21.61329199071669,55.46114231847004
-82.951117,35.13925,1,1,2017,94,28,86,27.032097374914624,67.04781921789271
-80.817978,33.48608,1,1,2019,79,17,15,19.215229742569782,47.602476015245095
-76.324231,35.496839,1,1,2019,166,16,0,8.045238887098948,28.909194010242953
-81.85151667,32.09541667,1,1,2019,264,4,0,10.555120827287897,25.92988812645183
-87.31138889,34.25277778,1,1,2017,28,26,100,24.19188996322172,73.5869306414849
-83.48284722,31.32926667,1,1,2019,199,7,0,12.694453267356517,25.39024022528356
-82.44766944,31.15520833,1,1,2017,127,11,0,12.60877060661567,68.6773284353389
-92.2546,31.634,1,1,2017,40,19,0,17.59301802469203,69.11851253552152
-82.441261,35.053989,1,1,2019,90,26,6,25.12258919072649,72.16467534745958
-80.279039,35.837802,1,1,2017,97,21,3,21.15849346656417,37.23778182041166
-81.3501,27.7928,1,1,2018,79,4,0,13.047063873428515,41.98057272542247
-85.58,34.716,1,1,2019,79,23,100,25.48699430968596,81.81421917339794
-87.892217,36.133717,1,1,2017,44,24,95,23.909236295263057,83.93540118114247
-78.401999,33.944779,1,1,2017,130,17,42,19.896820335777864,57.27469168886788
-78.089391,34.318822,1,1,2019,105,18,3,18.644419529644175,53.696806419957475
-82.007,30.132,1,1,2020,88,17,44,15.451959969173064,59.15254283486975
-80.5006,25.4526,1,1,2017,60,0,0,9.015172040097518,11.476103882798899
-81.3323,29.928,1,0,2020,246,19,95,12.329872144689487,31.651432504704914
-76.2733,36.3482,1,1,2019,329,18,0,14.878895229919099,35.27949109130556
-82.2125,30.3181,1,1,2019,179,17,0,15.118664454243017,66.45076070868882
-83.02880833,32.31264444,1,1,2019,262,0,0,16.704607868095938,57.42593529759592
-85.22400278,33.40536667,1,1,2020,320,20,32,24.371767232848956,65.14436735520768
-78.964891,35.254565,1,1,2017,72,15,0,20.02153408931036,43.666761035344514
-82.432362,35.602063,1,1,2020,92,28,67,24.260709196536222,49.14176295282683
-79.245133,35.388254,1,1,2019,262,21,30,20.971199036696778,47.98248769308245
-77.900017,36.524967,1,1,2018,119,18,52,16.00286313136157,47.19216781729124
-78.066561,34.269903,1,1,2019,86,20,77,17.044474677835996,60.27167291318849
-93.6738,30.428,1,1,2019,17,16,47,16.41141332778261,68.62415859342094
-81.6818,26.9478,1,1,2020,131,9,0,6.628020068149511,9.558695206335738
-81.70976111,31.70266111,1,1,2020,327,11,56,14.585540828318463,64.21970068727687
-84.56873056,31.32370833,1,1,2017,227,6,100,11.127043841584364,41.58540302019476
-80.9111,27.3342,1,1,2019,58,6,0,7.545875784830409,8.468714916443389
-78.145739,35.858089,1,1,2017,65,23,26,17.87508864792642,48.90338796027627
-87.387,31.821,1,1,2020,73,6,98,18.983912993310277,81.7680594312893
-82.88436389,32.30770833,1,1,2018,69,2,35,20.256395997037615,67.49266290378003
-82.534023,35.811517,1,1,2019,312,28,76,24.515960304668006,45.64350104152023
-78.23157,34.81749,1,1,2017,143,6,0,16.8266083989376,47.252535601920876
-88.9936146,31.3028712,1,1,2017,54,17,95,22.4086504928386,75.35651944428734
-83.324,30.521,1,1,2017,11,9,0,8.764103094635907,42.57774562001287
-81.6089,27.8298,1,1,2018,107,10,2,13.986141195346988,34.47616459432568
-79.053619,36.330973,1,1,2017,326,12,0,18.04891788563402,36.37715186723676
-82.6529,30.4769,1,1,2019,84,19,0,14.49789391193613,74.88564653345932
-85.1622,34.19871111,1,1,2019,79,19,60,24.289744730685538,63.41158867200533
-81.3543,27.81,1,0,2020,138,11,26,13.193128744836953,39.25320242087684
-80.966789,32.728493,1,1,2019,307,21,60,19.206246598439815,70.03347597609543
-77.057245,36.436252,1,1,2019,95,12,0,14.615789185482246,41.102571253983925
-86.2188,30.3694,1,1,2017,27,18,89,15.972883655910227,53.973406207937366
-80.666664,34.200001,1,1,2017,335,22,28,21.579358876264592,55.310757304431014
-82.58373889,33.15254444,1,1,2017,329,13,0,19.652413767334618,73.08669620309952
-80.699865,35.825069,1,1,2017,290,7,0,20.258208863261764,51.59506111007482
-88.95583333,34.12,1,1,2017,76,0,0,20.544687262531795,78.6893773352537
-79.844368,33.069622,1,1,2019,37,20,99,19.698333221046944,84.92547712494257
-87.062017,36.216067,1,1,2017,45,26,79,27.68876582318807,85.201883616503
-85.3589,30.7923,1,1,2019,124,0,99,17.705967956459087,55.62811519416068
-93.671,30.4173,1,1,2020,304,16,77,14.430275083479085,62.68124718020079
-89.89077778,31.54738889,1,1,2020,260,0,18,22.011959826626995,83.53834708035761
-81.124133,36.160467,1,1,2018,29,26,94,22.94255212099383,48.208287956356706
-81.561768,35.141502,1,1,2019,348,16,39,22.209386461934884,61.05991675365009
-83.01832222,31.73005556,1,0,2020,201,19,56,19.216195459646542,74.6737696260693
-88.537778,30.515278,1,1,2020,6,16,6,17.4814268627313,47.726724500739905
-79.87333333,33.19416667,1,1,2017,32,24,84,24.31235890457202,91.69302162428757
-83.54729167,32.952875,1,1,2018,17,20,0,24.295091122321708,74.10009970564353
-83.0961,29.4657,1,0,2017,194,16,0,17.56391365311425,47.80882292412679
-84.83552222,31.18045833,1,1,2019,205,12,42,11.243593730984028,30.684051155805182
-78.170189,34.714779,1,1,2019,178,14,81,15.709207266070107,39.23121881460525
-89.29231232,30.47434492,1,1,2017,54,24,99,18.54011330684578,65.12034225179953
-81.690554,35.277547,1,1,2018,92,25,90,19.931512672566196,43.58444094536806
-84.85916667,32.73222222,1,1,2019,35,29,100,21.62017422002276,83.62188603607902
-79.776024,35.576991,1,1,2020,14,28,100,23.293556837391776,67.98481422807367
-87.21,32.615,1,1,2019,252,8,0,18.10518109027325,81.15905151015576
-80.952106,35.918355,1,1,2017,78,22,59,15.83472874443897,30.203808731341788
-82.88569722,33.759175,1,1,2017,214,12,97,21.347801215963386,69.9584915251129
-80.637421,34.998532,1,1,2018,55,22,100,15.533969023715802,34.1681404276962
-89.99995005,33.87876615,1,1,2017,329,24,100,22.771819273089275,71.18289785601772
-83.18027778,31.54027778,1,1,2017,287,25,97,10.194688783006308,28.338084275955794
-77.05916667,34.73,1,1,2018,66,15,0,22.158445294713385,68.87793929472467
-82.68240833,32.11474167,1,1,2017,15,23,38,15.425517330365654,73.85157046678873
-79.48625,34.687351,1,1,2017,96,21,0,18.06485405481812,47.58670070098605
-89.166818,30.85144789,1,1,2017,64,20,92,17.663083792747972,51.12499695611113
-89.82666667,34.49833333,1,1,2018,175,24,28,18.099978338766054,34.365398901766845
-83.42194444,31.44538889,1,0,2019,197,23,99,14.020078494140352,29.730045925830325
-81.0507,28.8288,1,0,2018,111,22,85,20.21688051002124,74.83705577168918
-80.305283,33.378139,1,1,2018,67,17,0,18.517719552253418,44.91520266980392
-83.35187222,31.355475,1,1,2018,170,11,28,14.025900669315421,46.83600817119678
-81.579,26.8059,1,1,2018,100,14,33,9.983319221713707,29.427985912244097
-80.835683,28.80495,1,-1,2017,121,22,95,12.19057787268117,49.87610397070437
-84.1945,32.44975,1,1,2017,8,19,0,13.523280614914082,39.94894482786133
-82.46947377,36.14168701,1,1,2020,319,29,54,31.91141234770258,96.2713509771282
-88.6787068,30.60416591,1,1,2018,117,18,96,18.950027466445864,76.82976628364965
-85.759,31.958,1,1,2019,79,23,99,20.228590522609196,88.12110288985811
-80.084568,34.999376,1,1,2019,323,12,10,19.326092905075242,63.704262334021
-84.24868425,35.31904677,1,1,2020,322,33,100,30.75329431248908,99.32663746923592
-81.5181,30.6295,1,1,2018,100,21,38,13.904119652820837,43.84648137902606
-81.87822,35.676822,1,1,2020,45,26,8,25.82524496606763,71.32265712208262
-93.449,31.1776,1,1,2019,117,12,0,17.54958096600495,67.74984696780524
-85.793433,36.566083,1,1,2020,92,30,100,15.620110573069649,23.59143306990943
-78.366763,36.349381,1,1,2019,66,19,0,15.33397328607527,28.34313093364472
-81.1528,26.1831,1,0,2018,73,8,55,11.259190861657556,30.416992621126393
-80.751122,33.233513,1,1,2019,146,17,19,19.103657714305378,72.1487254925222
-80.603704,35.211955,1,1,2017,134,28,100,22.783906338667233,61.951643054675756
-81.6621,26.1863,1,0,2018,157,9,0,14.097701269948772,48.8914318037192
-87.355,33.002,1,1,2019,307,25,95,26.351487858346026,92.49185414640337
-77.28927,35.750281,1,1,2019,43,21,0,14.22990258996987,47.620553127166076
-80.4973,27.4145,1,1,2019,84,7,0,7.489251217932466,6.879211266975167
-78.973862,33.813339,1,1,2017,82,24,66,19.33715608513687,51.87863401400447
-80.618904,33.242443,1,1,2018,60,17,0,18.418674842085785,52.701076011429656
-81.59671111,33.03893611,1,1,2017,83,13,0,12.820767989021883,60.381659806289015
-84.58297222,32.693,1,1,2020,57,22,90,20.715183265595286,82.88158358906902
-84.17385,36.266583,1,-1,2019,76,22,0,26.06373361139487,66.29656376336905
-89.36194444,31.18833333,1,1,2020,318,18,0,18.56226263859999,64.11184927148604
-79.663925,33.840843,1,1,2017,75,14,0,18.02017018428286,45.7878973505166
-88.81969083,30.58406533,1,1,2019,84,14,41,18.149469094388653,48.30410470539397
-81.086563,32.300175,1,1,2017,67,0,45,21.19558357872087,65.89007672225476
-81.7299,29.8335,1,0,2017,136,19,0,12.853560443466257,54.72189078938737
-93.1192,30.5645,1,1,2020,273,16,0,14.658599013711749,53.357162436121136
-81.72138889,32.12361111,1,1,2017,71,13,92,16.47477506211423,76.59692775827786
-89.09935715,32.69334322,1,1,2017,300,8,0,20.131545433715768,65.32680321042274
-82.52930833,31.88016111,1,1,2018,6,8,0,17.54156639385155,56.571422071752636
-79.228529,35.846873,1,1,2019,311,27,20,24.444433319192544,75.06759452989881
-82.42904722,31.80876667,1,1,2019,262,17,99,13.269294842287561,53.37812870791221
-83.88881944,33.35141667,1,1,2017,87,16,12,21.34399105236171,60.78370814619017
-78.605165,36.24071,1,1,2018,3,17,11,16.464759239129044,57.757821794259144
-82.29053333,31.44794167,1,1,2018,65,23,0,14.001819490380969,61.26094052484407
-82.05698056,30.77413611,1,1,2018,16,19,47,18.445098130089512,74.58733528669455
-89.379167,36.143683,1,1,2017,246,25,3,20.45678690535517,54.69237974039193
-82.77948889,31.94675278,1,1,2017,74,20,95,17.314928979942547,69.08393641318594
-78.085232,36.021017,1,1,2019,34,19,82,19.075346041002945,55.724331654397496
-90.765,31.44666667,1,1,2017,48,22,93,26.67213595314037,95.98050924930088
-78.183114,36.229554,1,1,2017,330,28,100,18.845125324092088,73.5515754577395
-77.442366,35.282618,1,1,2017,66,0,4,16.37850645797414,52.70633954827407
-89.12791915,30.90866437,1,1,2017,22,8,95,17.75977408549878,82.85138361939585
-86.071,32.07,1,1,2018,31,17,0,21.097295366346092,64.6357095739539
-88.287383,35.82125,1,1,2017,94,20,0,24.391517356860568,76.7683198577139
-82.3466,28.6377,1,1,2017,15,18,99,19.045886353572236,63.248197836850935
-82.2257,30.2587,1,1,2018,300,14,0,15.442287511678954,68.34552760316993
-82.524462,35.787674,1,1,2018,51,27,0,26.318207745460906,52.95388088280787
-77.739319,35.673525,1,1,2017,329,20,59,14.973624456852678,50.31811047814118
-82.1774,26.9892,1,1,2018,24,11,87,11.347924888625716,37.04341439713305
-81.079497,36.518321,1,1,2018,22,11,0,21.947180556261774,37.07273588442096
-82.07666667,33.58916667,1,1,2019,146,22,100,20.90094323910194,73.55210843847964
-89.08138889,31.89194444,1,1,2018,78,21,0,20.06670963237469,79.01456791312772
-76.885877,34.801372,1,1,2017,332,23,96,19.562109802584214,44.377576715934296
-79.693325,36.483331,1,1,2018,106,26,32,22.890835819279257,60.10012467437686
-80.271849,35.304564,1,1,2018,24,20,0,16.028044096061954,28.614561336272445
-84.87925,35.6984,1,1,2017,89,19,0,24.09475590854722,52.92985460064446
-83.81208333,32.33516667,1,1,2017,129,8,74,12.518447625090065,31.312983827801887
-81.11814766,25.91371058,1,1,2020,69,8,45,7.6682296509650065,26.16855652568316
-82.92081389,30.7193,1,0,2017,229,11,0,15.456758667573068,89.04366827608253
-93.3608,32.9666,1,1,2019,256,10,100,17.860122132049312,63.60089220077958
-80.9762,28.1251,1,1,2017,105,0,0,13.678079492938407,39.55317776882132
-81.3437,27.8957,1,1,2019,11,13,99,7.10787112852566,24.920235880065515
-81.8921,29.7902,1,1,2019,273,14,81,17.924417257135303,51.144514646754715
-83.5877,30.0069,1,1,2017,137,10,84,15.5499995901337,57.36626902576619
-86.49,32.527,1,1,2017,97,22,0,21.44384281391873,66.52164774222013
-86.447,31.354,1,1,2017,13,21,29,18.266654156502163,61.90150242778549
-79.480567,35.93735,1,1,2019,356,20,43,21.31029482096301,52.259227599229355
-79.572161,34.781926,1,1,2017,73,15,0,16.055427275943874,35.88694859840907
-84.15071111,30.68914167,1,1,2020,65,21,37,23.270068600312914,55.11943991955488
-82.1649,30.2169,1,1,2020,64,20,23,16.095927319325096,52.462451626256474
-82.16635556,32.03704722,1,1,2019,195,4,99,16.374218367788874,62.21353207883919
-81.79045556,31.86734167,1,1,2018,17,14,0,17.875661190223298,71.9222510706638
-88.199,31.851,1,1,2017,26,25,100,18.890544981422625,79.12135798866474
-82.90218333,31.470125,1,1,2019,288,23,92,17.002201004489077,39.072493454406654
-82.20951389,32.31799444,1,1,2019,341,7,0,13.74288722987093,37.38886580474009
-85.052,32.289,1,1,2018,336,23,100,19.015718037705014,47.63019447042181
-80.035943,35.667534,1,1,2017,27,14,60,23.422729723484547,76.87244730751114
-78.548375,34.004295,1,1,2017,23,21,44,17.07574136530563,52.25750877853023
-78.156141,34.158192,1,1,2020,94,11,2,17.068682678483036,65.0890493130392
-84.5929,29.8841,1,1,2020,38,13,0,9.469340414842462,36.69315017584323
-87.041,31.317,1,1,2019,137,11,0,16.86412178431987,62.69467397947779
-82.460275,35.864122,1,1,2019,111,25,35,28.837177153652966,67.7121194319575
-82.0283,30.2954,1,1,2019,128,11,0,15.147825351620877,50.560626882811924
-78.410502,33.995236,1,1,2019,254,19,56,17.20685330095581,69.80701231780671
-80.880219,32.681732,1,1,2019,149,20,0,18.98701742214624,79.2254915484439
-79.332161,33.524597,1,1,2017,270,24,52,19.60684510033492,71.05299567017676
-79.460219,35.080069,1,1,2019,259,23,37,21.88351616251715,44.96234337681901
-89.1614,33.5264,1,1,2017,54,27,96,20.846686250475475,80.06797521963934
-79.344715,35.380832,1,1,2020,191,11,90,21.602330428241306,68.38377017165179
-82.053,29.9649,1,1,2020,133,17,0,15.513422007919205,46.45622882293037
-82.22156667,32.57613889,1,1,2019,84,13,78,16.297988303212584,50.116733419031306
-85.917,33.735,1,1,2020,71,24,97,24.83552735881961,80.56372990994207
-85.613,32.502,1,1,2017,44,28,61,23.81115409134623,74.48834056759496
-84.94638889,31.07055556,1,1,2019,151,0,0,9.562992071623263,21.202801129522545
-87.709,33.935,1,1,2019,264,17,99,18.287652781768195,73.03539415745382
-81.129475,36.560683,1,1,2020,295,17,0,23.151059594895205,45.267923773649905
-82.53671389,31.57258056,1,1,2019,38,22,32,12.353500922008912,53.461329846221574
-85.908,31.736,1,1,2019,258,22,0,20.108239770509854,48.96223754855002
-81.3683,28.4518,1,1,2017,126,15,60,10.499847582843143,13.661537608933589
-80.879549,36.008484,1,1,2019,80,30,89,19.490572755378306,46.095594177920695
-81.637169,33.477196,1,1,2017,69,23,96,21.749614193452913,79.40525812167127
-85.76,32.49,1,1,2019,281,22,91,21.005576995164628,54.02559808167246
-77.875375,36.068715,1,1,2019,19,10,0,18.494663281530517,49.715015030315406
-81.0749,26.836,1,0,2017,139,1,0,6.540461237516729,8.469946707538286
-79.098267,34.263664,1,1,2020,19,0,0,19.941020392491232,74.77887811129284
-79.616251,34.847443,1,1,2020,115,16,50,17.817042225461115,65.53404708262093
-82.561014,35.450109,1,1,2019,183,20,0,23.067338302450143,49.77344476109788
-77.643535,36.197589,1,1,2017,31,15,0,17.851251859865723,56.1723880084542
-85.312,31.677,1,1,2019,269,28,99,19.434403746355773,64.00779961323786
-88.86805556,31.34944444,1,1,2018,59,13,83,19.607908562652266,62.47734025946062
-78.006016,35.865615,1,1,2019,86,22,0,16.015399460171345,41.02919023842057
-78.064712,35.761055,1,1,2019,265,23,14,16.095155554470537,28.697615777857926
-79.401398,34.451004,1,1,2018,17,9,0,11.600912612086814,23.326584818179924
-88.60007949,33.25500061,1,1,2017,96,23,85,10.145173825473975,18.430216346850735
-80.252853,33.256771,1,1,2018,51,0,0,17.5346773338985,80.59440705035291
-88.243867,35.158667,1,1,2017,75,21,26,20.59182617149014,47.56134031111418
-78.2648,36.0925,1,1,2019,84,24,54,21.541844931572207,59.835929461384055
-81.90366667,32.43430556,1,1,2018,117,22,90,15.64260793720018,35.22437807239684
-77.987656,34.772253,1,1,2020,104,21,15,17.016002075944986,50.73974836905874
-81.934065,36.161078,1,1,2018,117,32,0,31.795510319537424,86.12171370700976
-79.90847,35.875817,1,1,2018,171,21,0,20.357310928838256,37.58010658917202
-84.38,36.3539,1,1,2019,282,33,100,28.85910963901058,84.84329373540456
-78.053908,35.040467,1,1,2018,88,23,61,12.841438552946075,30.380147502825707
-84.27155556,34.57258056,1,1,2020,105,30,98,29.13180604254852,99.3714934475152
-79.210892,35.605788,1,1,2017,89,27,96,22.118836837099977,74.65633223916015
-83.04227778,34.38697222,1,1,2019,144,16,95,19.255083369638403,35.6414345012692
-78.497446,34.555851,1,1,2018,132,19,39,18.672689875344485,77.72804100966837
-77.861274,35.925346,1,1,2019,266,25,93,19.205836314260683,45.00672232019581
-82.2559,28.996,1,1,2017,12,16,38,16.00055229412326,42.01714641717068
-93.262,30.499,1,1,2017,36,8,92,17.686653592129044,68.74815742163952
-81.348867,36.297667,1,1,2017,59,26,0,28.52428767680881,77.93302191368139
-78.861192,34.999716,1,1,2018,5,21,0,20.811562486131482,56.83488498179846
-81.4525,26.7555,1,1,2017,103,14,0,11.558952866335328,23.182141821896646
-85.6774,30.5842,1,0,2018,56,14,0,17.296441248997624,56.735728549412855
-81.6015,26.563,1,1,2018,14,10,2,10.724526962170165,7.633856536373326
-82.213674,35.616601,1,1,2020,343,30,100,30.62983123390453,89.24293862031504
-83.05764722,31.70209722,1,1,2020,5,8,0,8.636282366119508,58.60503219197736
-77.197934,36.483582,1,1,2020,195,6,0,13.180496871258205,33.15406155366624
-89.33778354,31.20301179,1,1,2020,57,22,0,20.712072036630286,64.86141018659795
-81.84178611,31.22296111,1,0,2020,100,22,100,15.718766463147482,65.18917294449014
-81.1907,28.9574,1,1,2020,125,14,22,17.110163267783452,37.220126636037236
-81.4705,27.7274,1,1,2017,113,14,26,8.351481187244202,23.83233454415597
-80.403908,34.091133,1,1,2019,145,20,2,15.505574337605168,48.85369342280759
-81.9254,30.089,1,1,2017,115,20,77,18.249089785177954,42.860597152495004
-87.777,34.527,1,1,2017,38,20,96,22.078572816094677,78.27685748706969
-81.80454444,32.8795,1,1,2018,28,13,0,17.322003189450704,48.04240677364969
-85.26,31.609,1,1,2018,65,10,0,15.622136762799478,58.17363249113564
-84.12512778,31.04206944,1,1,2017,172,0,43,14.933800089053292,31.29510790900647
-76.760408,36.289388,1,1,2017,83,25,26,16.438324306129335,49.44165157330802
-81.76189444,32.74121944,1,1,2017,53,23,39,15.084843342665506,52.672059829377105
-77.635793,34.675965,1,1,2018,23,14,20,16.549224143078558,86.57170183978482
-89.309667,36.120183,1,1,2018,2,16,32,5.978089352513927,1.7523899234969897
-82.638,28.4973,1,0,2017,95,14,95,15.257404625165833,57.50402729921671
-81.601576,35.885463,1,1,2019,321,20,19,25.045426422561537,58.71225170889644
-81.97663889,33.02183333,1,1,2020,291,23,20,12.567145465579163,52.05803462892297
-81.5431,30.6628,1,1,2017,349,16,78,17.568151576104555,69.85676176843747
-81.441573,36.288676,1,1,2019,90,25,41,25.871675438886598,58.6797689153553
-88.591383,35.3712,1,1,2017,76,24,100,20.418968818204537,61.41134279722867
-89.9737,30.8582,1,1,2017,34,13,0,19.45341187728008,71.27613206245455
-84.70166667,32.89166667,1,1,2019,81,0,18,23.173148313742082,70.71579574175277
-87.2,33.29,1,1,2018,92,26,90,22.332420329319643,78.85531449647632
-81.6502,27.3197,1,1,2020,58,5,0,5.335612237181516,5.113511636762766
-81.5538,27.6239,1,1,2020,47,14,0,12.371121134382149,21.66568936246258
-84.85012222,31.58254722,1,1,2020,342,0,0,11.438451738486192,31.26178356261478
-82.499,29.7625,1,1,2019,8,21,58,15.603824127101422,33.00655264965075
-83.37976111,30.88896389,1,1,2020,2,20,26,21.2438635524039,65.023730573872
-81.432442,35.140705,1,1,2017,328,16,49,20.832726509436657,62.80057268631635
-86.523,33.533,1,1,2017,102,27,69,24.041553960918982,75.913240053803
-77.588433,34.845,1,1,2019,176,14,54,15.809011032569199,67.59137724117241
-81.69901944,31.768475,1,1,2019,272,20,24,17.603024502919876,69.49573146550341
-77.978134,35.449787,1,1,2019,272,18,0,14.349206818511709,22.053607601598983
-81.3004,29.7872,1,1,2020,40,21,0,16.701857388729955,65.00787220657021
-80.191628,35.334098,1,1,2020,171,22,33,19.642962834744168,40.372936920351464
-79.685611,36.148061,1,1,2018,73,27,89,22.444338606486117,48.19981523097394
-94.021,32.7713,1,1,2017,168,18,96,14.542749117097138,54.591187351594336
-90.16099758,32.95001056,1,1,2017,334,25,80,19.938195122468894,56.11181870353666
-84.9875,30.9184,1,1,2019,336,18,0,14.249269650724015,73.84659935864505
-92.8086,30.9861,1,1,2017,329,13,0,19.963771193892157,62.155922302290456
-81.6438,26.1965,1,1,2019,152,16,36,13.705052967603944,35.19514498860337
-92.4074,32.454,1,1,2019,77,25,0,18.30489723433984,74.41073860130642
-85.732,33.287,1,1,2017,322,18,100,22.57491210102313,71.75561948721189
-93.11962647,31.06787554,1,1,2020,284,27,93,24.2521183731982,78.21794203798443
-80.855117,36.155567,1,1,2017,28,17,0,16.71478397405374,36.109577502780105
-87.2284,30.7416,1,1,2017,107,20,55,13.812475484855101,69.48889833928803
-88.278,30.594,1,1,2020,69,22,68,17.153001379628776,43.700667390124764
-83.40525,35.266867,1,1,2017,329,24,100,23.46927076839964,59.71366631757444
-85.608,31.601,1,1,2017,87,20,49,17.765784432753275,68.11549529428814
-83.3346,30.593,1,1,2020,99,15,75,16.83712939462884,60.94306682221438
-82.190191,35.422255,1,1,2019,76,26,89,24.36715641468643,72.04852653369426
-85.495,34.346,1,1,2017,32,26,100,25.844997553688717,85.94137774909707
-81.642674,36.538068,1,1,2019,91,29,0,27.851384005916966,63.682620476588426
-88.83944444,30.45361111,1,1,2020,287,18,0,18.308800155304016,47.54019322306508
-86.887,34.211,1,1,2020,6,11,0,23.6416047851937,52.92474659674676
-92.3101,30.6447,1,1,2017,347,6,0,7.464209846261666,12.774262558668578
-78.484,33.961917,1,1,2019,81,18,11,16.79202991126788,52.65976635306357
-92.5415,32.5861,1,1,2017,75,9,0,18.47663193855092,60.804596693885685
-78.834607,36.336912,1,1,2017,56,10,0,18.326605015344477,49.13830276102823
-77.454264,35.087689,1,1,2018,67,19,0,14.745027767685682,50.139503036711346
-81.6524,26.2193,1,1,2018,3,0,1,14.500574426181698,32.53997313918146
-82.12672222,30.38975,1,1,2020,223,16,27,16.186732900728412,61.31759556304716
-89.82916667,32.6325,1,1,2019,78,22,58,23.27583297400599,82.10500849347062
-85.629,31.031,1,1,2019,273,25,83,15.269163663328028,22.23008493457742
-85.905,33.54,1,1,2020,28,10,0,19.04011866533399,59.25029158960996
-83.29266389,31.77231111,1,1,2017,53,19,31,18.898913052341477,47.13230144334208
-81.125557,35.40529,1,1,2018,50,24,0,22.258505410355465,53.701810857954676
-81.4195,28.9077,1,1,2018,43,16,55,16.500729513302392,58.53492189612264
-82.4317,27.722,1,1,2018,262,14,0,11.74684673348236,20.552915573907704
-81.899399,35.617043,1,1,2019,37,20,94,24.966703070828427,73.41087052879436
-87.807,30.611,1,1,2018,122,20,12,17.94542415401128,53.07774664391754
-80.570925,34.842311,1,1,2018,91,0,0,19.214529607097994,55.79306277644137
-86.789,32.228,1,1,2018,129,23,100,18.92499138821908,61.037335835897224
-77.480095,36.161787,1,1,2017,22,10,0,15.210055931524087,42.014962212778954
-92.95384643,31.00751553,1,1,2020,234,23,41,23.830324470043095,83.32986134559337
-82.44,28.0584,1,1,2018,329,13,21,11.567516694303757,8.581769988791203
-86.875,31.144,1,1,2018,129,21,95,18.708952225841482,67.42943616912231
-79.066666,34.133335,1,0,2019,204,23,100,16.702315264325343,49.987514674040675
-76.890907,34.737563,1,1,2020,198,15,85,16.641589894968103,48.923712461636065
-93.7595,31.6494,1,1,2017,88,24,81,9.46263558696101,44.03256833474636
-84.69722222,34.68277778,1,1,2017,65,26,98,27.224022517539918,81.84519650428669
-92.6419,32.3045,1,1,2018,184,24,95,18.68478827666431,83.12984037678748
-81.73324167,32.73885,1,1,2017,61,18,10,14.662567374089,58.04754166158547
-89.23702171,32.97965978,1,1,2018,205,22,100,16.883446931771328,75.60858404272196
-82.42015,32.07415833,1,1,2019,149,17,0,17.623705702300104,59.34955415441562
-92.9592,30.7375,1,1,2019,82,6,0,15.282475543478263,61.384122770185215
-80.867592,32.683979,1,1,2018,126,13,88,18.629088635110005,71.78480613081297
-86.275,32.595,1,1,2019,259,15,0,15.386774386927044,38.83515535174204
-77.32689,36.249181,1,1,2019,70,19,97,17.73798974269506,62.019100169779286
-81.8276,26.5083,1,1,2020,183,10,0,10.941945717790079,15.82950533024987
-81.135201,33.974098,1,1,2019,149,0,0,20.153286086377182,35.78429604539265
-77.176917,35.832883,1,1,2017,24,15,0,15.124998687925787,44.43554330161391
-85.744,33.284,1,1,2018,101,25,89,22.43500953528053,64.69446874209598
-78.021983,36.351133,1,1,2018,4,19,14,20.37709180188849,78.2109627636622
-78.690052,36.332207,1,1,2019,86,20,17,21.3144844100265,52.50263929618767
-83.82807778,30.88399167,1,1,2020,133,26,56,14.722262856086342,33.84613345666891
-88.81037742,33.83975023,1,1,2019,80,0,0,7.750076784579543,9.043708064891918
-77.945987,34.560119,1,0,2019,224,14,80,15.357770556239423,32.63681171081147
-81.2542,26.9018,1,1,2017,144,9,0,7.991950707992408,36.67031777886461
-83.680733,35.85065,1,-1,2018,85,27,81,25.9082584875967,72.50636478128806
-87.737,32.44,1,1,2019,164,5,0,11.578434358818148,17.94431692143193
-82.29207778,32.05446111,1,1,2017,28,23,100,14.090384212488205,53.02377212525308
-83.39190278,30.87765556,1,1,2017,87,27,100,20.277941377225662,60.16790919616095
-81.6737,27.59,1,1,2017,44,17,43,10.506501099368357,21.66886777168843
-78.791807,35.303304,1,1,2019,363,0,0,13.563427381561306,32.71415894377011
-79.507233,33.781067,1,1,2019,95,18,93,17.538254836305626,54.14197810603297
-79.455246,36.494766,1,1,2019,43,24,12,24.222851272743952,67.92346280817944
-80.76067,35.891388,1,1,2018,165,0,0,14.41401285379517,30.639479214276427
-82.40289167,32.43983889,1,1,2019,168,2,97,15.669444437020424,74.6641317011667
-81.032174,36.219111,1,1,2019,112,28,100,23.11698971848037,59.6791029406156
-83.65846,35.281206,1,1,2019,85,31,100,30.79416886953817,89.14982967468373
-84.81118333,30.83128333,1,1,2019,114,0,0,6.874391439443037,16.361955718658404
-81.285904,33.609337,1,1,2018,7,21,86,17.14565557724758,63.84609104916805
-81.838,28.6998,1,1,2018,16,4,0,8.230208093596973,11.539288784940798
-84.55453889,30.88041667,1,1,2018,58,19,20,19.834982502715103,62.57508669050545
-83.443075,35.272276,1,1,2017,32,22,79,23.84434151597093,61.03942899487451
-92.0746,31.9806,1,-1,2019,344,17,49,18.6131343748406,77.35725857330752
-81.42670556,31.63443889,1,1,2020,207,4,0,16.80079265523282,79.19318803868319
-82.2538,29.7113,1,1,2017,127,19,61,15.735919498653884,64.6417369500174
-84.34420833,34.49978611,1,1,2018,105,29,100,30.380689227110103,95.10143666442417
-78.4719,35.87165,1,1,2019,141,21,60,21.607230547356778,44.150949034110056
-80.687096,34.109264,1,1,2017,66,16,0,20.65930344836711,62.16144369550981
-82.70694444,31.56972222,1,0,2019,219,14,99,15.360739710113616,43.47427059976639
-84.33638889,32.272025,1,1,2019,257,11,0,22.03557385205514,71.0506579403191
-81.486082,36.0346,1,1,2017,39,23,33,25.411732391703133,68.65880523981853
-89.9870602,31.94762108,1,1,2018,133,27,100,23.06574133504494,89.54872034872838
-77.166354,36.049614,1,1,2017,364,15,0,19.156998345050585,68.56353410952869
-88.123,31.098,1,1,2018,22,12,0,18.516492481488292,66.82444365281124
-79.302256,34.694451,1,1,2018,22,16,99,15.085003930555754,48.59926251470568
-82.028267,34.943802,1,1,2019,339,0,0,22.06151476898328,50.860805766175396
-83.0675,30.5592,1,1,2017,74,24,32,15.729331571297882,52.671571793800155
-84.58166667,34.35388889,1,1,2019,38,22,69,25.281648200532285,74.75684634779053
-82.6649,29.0399,1,1,2018,89,12,0,17.23401152338191,61.05199621945875
-81.6793,28.9072,1,1,2020,360,14,0,16.429636353388915,50.40541435366566
-81.533233,36.24405,1,1,2017,56,18,0,24.326887293648138,44.466812061686134
-79.498646,35.098692,1,1,2020,94,19,33,21.634066631023913,50.591713962285546
-81.428234,35.862792,1,1,2017,64,24,12,24.69783910359771,65.03230189643062
-81.368996,35.786626,1,1,2020,105,24,55,22.005029519884182,46.34002249891341
-82.51115556,33.46211111,1,1,2019,284,0,0,20.179026625990886,39.48861613540215
-82.5749,30.1249,1,1,2020,88,20,0,17.285232526070594,63.11191407581066
-81.515381,33.468609,1,1,2017,291,12,24,12.235852154851324,37.6955069975575
-86.963,34.402,1,1,2018,50,20,8,19.961614847191367,39.11761921850703
-89.98055556,33.94944444,1,1,2020,58,22,0,21.448523129340852,62.533935882620526
-92.808,31.135,1,1,2019,83,22,20,20.08482971132892,65.34544890471568
-84.9899,30.6134,1,1,2018,71,1,0,13.490441436780053,62.21508103343054
-82.01697222,33.19155556,1,1,2017,326,15,0,17.526905632538714,62.63207298353699
-89.93388889,31.16416667,1,1,2017,251,20,89,19.580854127327594,55.768742651262606
-83.57161667,31.63591944,1,1,2020,319,12,0,10.134194271307514,18.47666658616499
-89.43071812,30.99672499,1,1,2017,48,21,94,19.421090866580947,65.50415632201293
-80.346603,36.327102,1,1,2020,71,26,95,21.600443576823626,46.83880165750906
-79.016798,34.755496,1,1,2020,133,18,0,12.962506193625051,41.064706567755486
-81.072823,33.772926,1,1,2017,344,16,0,15.661831830399048,38.117311864016
-87.610517,35.039433,1,-1,2019,340,19,0,24.05737444742935,86.26436016340098
-77.727719,34.827167,1,1,2019,135,16,0,13.205890750659611,59.40247634767179
-82.97908056,31.64400833,1,1,2019,347,6,100,16.37778260726038,41.84825247251127
-81.69163056,32.42936944,1,1,2019,150,19,14,18.530718780008133,52.806749559730356
-82.39333333,33.36616667,1,1,2020,249,19,100,19.357422034479594,44.97252053063801
-79.616669,33.466667,1,1,2019,150,25,100,19.517069954506514,59.05229283990345
-82.601363,35.81015,1,1,2019,98,23,63,24.63021797244496,47.571744403295014
-85.0277,36.252267,1,1,2019,117,25,81,25.022348010528756,80.88564863999349
-82.561031,35.292062,1,1,2018,84,28,92,26.71496927505781,64.19625134413448
-82.9378,36.560283,1,1,2018,61,14,0,26.050808225875464,68.18853064923623
-81.040649,34.430058,1,0,2018,164,15,21,20.176486528740437,81.37295568871612
-88.7272,36.38305,1,1,2019,353,15,0,18.982350714004316,36.74702946557021
-80.475548,34.614624,1,1,2018,6,15,0,17.930045474117584,52.81900218922816
-83.95997222,31.43767778,1,1,2017,75,18,41,19.47752136938035,56.789915537042965
-92.804,30.96,1,1,2017,36,21,95,19.716310118464552,75.00134320694036
-79.349243,34.634596,1,1,2019,179,26,36,13.294143151068296,36.519232414910846
-80.138745,35.229669,1,1,2017,304,22,53,21.341356442146775,51.69376705627925
-88.26166667,33.75916667,1,1,2020,156,19,99,21.380099166103225,89.73535800282453
-75.87985,35.68975,1,1,2017,330,16,54,12.477863491964937,81.04817790655707
-80.03388889,35.305,1,1,2018,59,20,20,24.44138851665043,92.71703601963021
-85.1448,30.4299,1,1,2019,80,10,26,10.72956097400317,67.12866925731683
-87.738,33.41,1,1,2020,93,22,99,20.350679189217875,82.90460091871047
-75.85855,35.7519,1,1,2020,6,6,84,13.8320565217952,77.27309699201972
-81.98556944,32.57330556,1,1,2020,76,15,0,16.129315911421735,35.892131501086276
-82.209376,35.402995,1,1,2017,47,30,33,26.480100083576005,83.6193319169816
-81.66088056,32.12444722,1,1,2019,272,2,0,16.582004583347906,69.70098461817679
-81.83544167,32.51658889,1,1,2017,25,21,0,16.162114092486078,37.39187573083875
-93.398,30.9506,1,1,2017,254,19,95,17.86072895735354,82.69381692965528
-80.330238,36.26534,1,1,2017,67,20,0,21.562360658106613,46.28846955266662
-83.73294444,31.14782778,1,1,2020,179,10,0,16.077469436588494,42.59123388621691
-87.853,31.048,1,1,2020,58,26,100,22.004581857172063,82.99866339761623
-90.8347,30.6504,1,1,2017,58,25,98,22.889287583980455,77.66685556709444
-84.56447222,32.74405556,1,1,2019,194,18,0,20.669853699509847,79.38283952613594
-84.39495833,30.78986667,1,1,2017,74,22,89,16.668029435813565,50.056804644009794
-79.682081,34.82935,1,1,2017,46,14,0,18.624077218415497,52.24257751055551
-81.7333,29.7137,1,1,2018,29,16,0,15.667268620531594,62.2748989261675
-84.316,30.6709,1,1,2020,82,20,96,20.54616227594288,86.1351716211161
-84.42543611,34.59386111,1,1,2020,92,0,92,26.269533688459763,78.25136339814335
-88.13695662,34.7771791,1,1,2017,126,25,97,22.709400022110273,72.31885322288372
-83.52057778,31.12152222,1,1,2017,81,20,26,13.054386544345846,34.39287805325542
-83.13212778,33.29374444,1,1,2019,282,22,45,22.705369331309033,77.19710061696847
-83.581,30.6329,1,1,2017,262,21,95,19.48972670568158,68.33271502992532
-85.8887,30.3497,1,1,2019,275,17,67,15.207769430405685,73.5676429871108
-82.0784,27.0524,1,0,2019,198,15,0,14.029612823645335,39.02010312606136
-81.96322222,32.23728056,1,1,2017,127,9,98,15.110913847376956,52.62950511995437
