lon,lat,label,cause,year,doy,canopy_ht,treecover,canopy_ht_2km,treecover_2km
-81.749138,34.105343,1,1,2019,151,13,0,16.941104349241527,50.74379127947789
-80.379051,35.46379,1,1,2017,25,14,28,20.316002006132166,50.01073800349633
-82.9712,30.1602,1,1,2017,300,20,0,16.777145756482884,40.37959571847443
-84.35233611,30.88165833,1,1,2019,259,6,0,16.05850454189399,35.17428125515613
-82.5103,29.3329,1,1,2017,80,17,0,11.389002741934577,15.455013312597362
-81.00882,33.097935,1,1,2017,287,18,0,16.454162383825153,54.470547077150535
-85.504,34.105,1,1,2017,96,17,28,13.935010951287813,27.2778878146162
-88.337833,36.24655,1,1,2019,75,22,0,23.530163925117378,66.9843346483112
-82.73836111,33.40763889,1,1,2017,245,19,85,22.274108310113967,69.79595987234501
-79.28345,34.77417,1,1,2020,307,27,75,11.72241797476787,34.03381735058154
-89.96176041,31.60965304,1,1,2019,279,14,0,18.96065572003644,77.74903303906225
-83.57218889,32.0157,1,1,2019,23,12,0,10.725411387320865,19.533749873060508
-84.09936111,32.67363889,1,1,2019,268,20,96,19.855838832123236,57.43007985567611
-85.509,34.505,1,1,2017,96,10,0,24.732677997963506,75.51948898550279
-81.794037,33.631718,1,1,2019,145,17,6,18.5388239824365,49.06224678296283
-78.511833,34.420833,1,1,2018,167,15,34,15.69094702514601,50.91306472957198
-83.2579,29.5425,1,0,2019,194,22,87,14.454151000356772,67.16390003948408
-84.120825,32.54442778,1,1,2020,284,20,9,17.21073415806819,50.1681743672307
-81.69163056,32.42936944,1,1,2019,150,19,14,18.530718780008133,52.806749559730356
-93.3323,31.8265,1,1,2018,175,15,89,18.90489447158087,82.07433709838956
-85.25385278,33.84318889,1,1,2019,339,23,40,23.546005428493263,75.26462134499096
-79.401619,33.593716,1,1,2018,232,14,0,17.8376705820351,67.44829270085643
-80.387507,35.303494,1,1,2019,222,17,55,16.06514139378326,30.270839388366642
-87.965,34.602,1,1,2017,317,24,99,25.49029195507904,76.26853045628003
-77.98555,35.812526,1,1,2019,67,23,65,15.594169325127874,32.780887073689385
-85.482467,35.7551,1,1,2017,92,23,77,26.329325488189653,80.43315319278449
-80.766379,36.052704,1,1,2019,91,22,0,18.99414359325991,47.63568816807023
-78.498745,34.758708,1,1,2019,136,20,0,19.22181944039639,63.96939150699124
-83.08271389,32.62147778,1,1,2017,289,18,0,16.918004476102347,45.90882304535484
-87.649,34.287,1,1,2018,1,23,0,20.143743728550586,56.60446602953048
-82.9763,30.5464,1,1,2018,52,20,0,14.102589627888879,49.165966363744936
-83.71138889,35.40861111,1,1,2017,330,32,100,28.342122859626492,85.54838941690213
-81.935951,33.867252,1,1,2017,30,22,24,21.630841672806042,86.03442401149388
-78.524196,36.240042,1,1,2019,353,25,32,20.84496401041401,67.46171346936497
-79.49767,34.829096,1,1,2019,38,23,0,11.63720329698993,38.31093754446603
-89.91783495,31.75160363,1,1,2017,15,23,100,16.86260955934663,46.61655705104495
-87.376,33.84,1,1,2019,257,22,100,21.719916165741182,76.00430355226307
-82.1389,36.22678333,1,-1,2020,329,31,70,30.934759879225567,86.65453731859377
-78.174331,35.561081,1,1,2019,70,21,86,16.04724004447005,35.39338016613681
-85.05527778,33.80833333,1,1,2019,78,20,61,25.009919471947192,76.52277375512293
-81.89430278,31.810275,1,1,2019,266,20,82,20.78853606432427,86.50374546379749
-81.65438889,32.62050833,1,1,2018,61,25,90,14.742347929234917,49.637047321224706
-90.13131715,34.49093668,1,1,2018,70,26,100,23.244616952138216,68.99274999025883
-81.0954,28.5186,1,1,2017,117,17,1,14.932815217453703,42.36321191007626
-83.19065,31.3393,1,1,2018,23,15,23,19.90067570480212,84.13360647573617
-79.578745,34.787515,1,1,2017,55,21,0,16.140371269179326,33.87566551832132
-79.173932,34.894757,1,1,2017,107,13,0,15.111705537397429,34.95989649708284
-87.152,31.153,1,1,2018,159,19,95,17.670233727039818,66.91636322441782
-88.47313312,34.03192602,1,1,2017,86,20,4,19.19382641267529,60.11305980771897
-92.8667,30.6958,1,1,2017,27,5,99,17.931350884717922,76.82509180092404
-79.047455,35.739056,1,1,2019,38,22,62,19.60704776778209,60.24868194527226
-81.657,26.6498,1,1,2019,80,5,0,12.648732918457691,11.345034181461727
-82.090461,35.418134,1,1,2019,113,24,0,24.60445856420607,70.58566948588806
-86.298,33.414,1,1,2018,80,18,85,19.460109974025837,64.48836836110038
-82.46966667,31.613925,1,1,2019,262,13,0,14.116503709392095,46.3471016262672
-81.238838,33.621212,1,0,2020,208,0,68,15.358061849551726,57.60235313261108
-85.33434167,33.74039722,1,1,2018,242,22,10,22.607938418400426,71.6236879555301
-80.570491,36.230918,1,1,2020,86,24,73,16.457494821143094,33.857714152061064
-93.391,31.725,1,1,2018,138,14,42,19.60084483000767,66.91383211444011
-83.98026111,31.32742778,1,1,2020,355,24,97,18.404307285448493,51.67533894015916
-84.9716,30.0191,1,1,2018,108,13,55,17.545299248749075,71.85572690530708
-84.109275,32.92599722,1,1,2019,244,8,0,20.22261857541788,66.98387322919012
-82.83480278,32.12198889,1,1,2018,301,12,94,16.573515097767796,58.93673663307142
-82.635175,31.98141944,1,1,2018,85,24,59,19.26448526926315,62.95282433769081
-86.7848,30.6993,1,1,2018,129,16,86,14.55505085766699,34.837852706203726
-81.2543,35.861404,1,1,2018,71,19,0,24.346578168675187,73.05977869392638
-80.627897,34.902159,1,1,2017,254,10,0,17.59881782160092,33.275960196433196
-80.404292,36.082389,1,1,2018,59,20,22,22.515531757475628,44.711139582924744
-81.924456,35.329333,1,1,2017,29,20,0,21.24784321481261,38.014620386774304
-82.03407222,31.50490556,1,1,2019,282,13,64,14.654147262087413,52.21054441876713
-81.72583333,29.11888889,1,1,2018,61,4,0,11.640286735179275,48.97139395608177
-89.87194444,31.51777778,1,1,2020,150,16,68,19.59023636794179,77.13736468931941
-81.550125,33.476448,1,1,2017,48,11,0,14.758596674038792,36.544154451197734
-79.872105,35.400326,1,1,2017,361,27,79,23.752075520496582,70.37099102894781
-81.089752,33.444504,1,1,2017,67,23,53,15.782519302001482,48.45203555649066
-86.162,33.304,1,1,2018,126,22,42,14.24169840403838,42.826759353893806
-84.15227778,30.68528889,1,1,2017,87,24,39,23.213146257574948,52.83571401466893
-89.55583333,30.70666667,1,1,2017,59,17,99,16.879094579484565,71.72251382675165
-85.11732222,33.55846111,1,1,2017,10,24,93,23.569347207526278,53.57207169347469
-78.9104,34.070599,1,1,2017,55,15,0,16.237354303198504,38.65547012675081
-80.487427,34.068081,1,0,2019,269,22,28,19.866478156145753,65.09186673071503
-83.1991,30.2587,1,1,2020,80,6,0,10.81618591197665,36.21134889241581
-80.027121,35.855433,1,1,2019,178,23,95,20.81314068610664,38.807113717816755
-81.99545833,32.14989444,1,1,2020,41,10,20,14.187009875990363,50.60379030063028
-88.580517,36.276367,1,1,2017,60,11,0,10.863256402825023,18.39602833419719
-84.38921944,32.52975556,1,1,2019,239,16,6,15.809390857498435,37.85098105907614
-80.521529,36.107198,1,1,2020,134,16,1,17.973113384533445,49.560213690230654
-82.9898,30.2674,1,1,2017,75,23,89,15.80935356045325,38.403198893779425
-79.296717,35.454634,1,1,2017,67,21,45,21.815611098797433,74.82087644083894
-81.6714,29.8947,1,1,2017,18,15,67,17.356062854527547,53.87812855206783
-82.91130556,32.9765,1,1,2017,109,24,0,21.894738957006734,66.03158626670265
-83.76911944,32.50028611,1,1,2018,72,6,0,13.434125161914405,28.558529272610322
-82.66668,35.185365,1,1,2020,102,30,77,30.513086102687843,94.66773388419955
-83.1377,30.0827,1,1,2018,12,7,0,10.623230214672125,37.5646462387643
-90.08222222,33.29055556,1,1,2019,80,18,0,23.398040203257732,85.96987659785226
-79.276674,35.25071,1,1,2017,76,24,73,21.95724691764244,55.062170564981024
-79.943095,36.319893,1,1,2019,36,20,2,21.935864146780585,54.798091842461474
-81.57130936,33.34003444,1,1,2020,319,20,69,22.61885569968397,77.95931709808819
-89.40320291,30.85145738,1,1,2019,78,21,95,17.787925801929813,72.75045659567674
-79.539035,35.271316,1,1,2017,81,23,81,21.43363669799436,54.60627550679066
-80.021359,35.174105,1,1,2017,85,23,42,18.25995002700195,69.39554007543127
-80.884942,36.338487,1,1,2020,96,19,31,18.546685668066115,35.85227206373303
-88.38222222,34.65694444,1,1,2017,157,21,53,23.302791107883056,74.65975433975571
-82.945656,35.690691,1,1,2018,52,9,0,27.414388330542312,60.90265754027781
-77.814059,34.531848,1,1,2018,92,23,99,21.607416580740477,85.1030283833044
-81.933304,33.499985,1,1,2020,191,0,51,19.9007520362227,44.51775441067864
-77.118767,35.458814,1,1,2019,182,19,16,15.030529545574781,37.46639950915585
-84.76683333,34.83125,1,1,2017,264,23,51,18.260702781601488,31.17963212086718
-80.39782,36.122025,1,1,2020,66,21,65,23.427441200944656,54.627056723956656
-79.550754,36.51117,1,1,2017,319,24,100,22.507357237580838,65.8975064340284
-76.335997,36.138153,1,1,2019,175,22,82,11.286251436759398,40.53672467375783
-85.23497222,33.74025,1,1,2019,209,9,100,21.65382102853622,86.05312499180981
-89.84166021,31.74157275,1,1,2017,42,8,0,17.484272170149474,47.75988549894533
-92.5905,30.6118,1,1,2017,286,20,98,17.036875648597405,66.2261433972909
-87.142,31.559,1,1,2017,300,23,58,19.418375868564645,77.45320804273273
-82.88874444,33.02011389,1,1,2019,178,22,27,22.222424982544368,71.68155007293711
-85.06255278,34.84788333,1,1,2020,31,21,0,21.495927133879608,46.84061850923548
-83.87898611,33.24326944,1,1,2018,120,23,73,21.8565888061115,61.91650477247383
-85.319,31.426,1,1,2019,161,21,0,13.023177617294838,27.763228313633743
-80.5127,25.6521,1,1,2020,110,11,0,6.151507055383088,12.615743450172442
-83.0731,30.215,1,1,2017,26,21,0,9.808733881065878,19.89655200588284
-77.722666,35.323777,1,1,2017,100,24,0,16.46028731319954,41.86574349083896
-83.90730833,31.9384,1,1,2017,76,18,79,14.31998080806953,39.32201495032161
-79.039684,34.975568,1,1,2018,46,0,56,18.77331498476023,33.483388944557504
-83.83,32.77272222,1,1,2020,173,19,72,20.2845226438847,55.24220437302408
-83.33295833,31.90633056,1,1,2019,138,15,69,17.9680566187234,65.12343446072673
-85.528,32.809,1,1,2019,79,19,100,21.876898162896882,79.33775357212866
-90.1914742,33.1479153,1,1,2017,79,17,0,17.19377214047843,44.05722285114141
-81.93697222,32.21080556,1,1,2020,82,11,0,14.90482088388757,41.9969975334978
-81.641,29.4482,1,1,2020,74,18,81,18.747788940528242,54.87299030074818
-82.536964,35.081184,1,1,2020,97,26,75,26.052582551881972,77.51631456640214
-79.034635,34.735783,1,1,2017,28,19,19,10.382399659175176,28.912216360137485
-79.456978,36.487433,1,1,2017,357,24,11,23.97196741781342,72.6501814330167
-80.434364,35.294611,1,1,2019,180,20,48,17.727196394426326,41.886036031401446
-84.5932,29.888,1,1,2019,141,13,99,11.639758799015341,42.901112653427056
-76.952366,36.315536,1,1,2019,91,25,36,19.713963394223722,56.068478644546396
-83.85576944,31.16281389,1,1,2017,332,18,0,15.340933279204755,41.25348025652231
-82.5564,28.9482,1,1,2020,122,12,10,15.067906171813389,29.91770299825968
-82.35648611,31.78831389,1,1,2017,302,19,70,15.487329751042825,34.58511082892643
-93.558,30.5391,1,1,2020,82,19,70,17.45271928726538,65.22085589804146
-79.498131,36.53114,1,1,2017,303,25,71,23.90140391182541,70.61434692544177
-77.758017,35.4211,1,1,2020,129,18,33,11.943978013071636,20.909844381262047
-81.567375,34.711182,1,1,2019,80,19,0,22.019488193598377,62.60999880824695
-80.904767,36.108633,1,1,2017,176,23,85,20.807150618093857,54.024451789006235
-83.94232778,31.13387778,1,1,2020,113,5,0,9.420207929902631,17.60117297306047
-84.48490833,30.92108056,1,1,2019,82,17,2,13.034791190497486,40.168967130184114
-89.46659708,31.02328779,1,1,2017,40,13,0,18.54037657819305,61.619176232275485
-79.953354,34.933813,1,1,2019,87,23,24,18.455320062817954,48.912726793548735
-77.253053,35.287344,1,1,2018,109,21,0,18.438586446554364,66.08184376800858
-86.203,31.032,1,1,2019,262,13,0,15.728737870414706,45.07560957825748
-78.11915,34.340133,1,1,2018,35,17,73,16.491916402225282,55.23405279648583
-81.92191667,32.07208333,1,1,2019,137,17,48,15.746340490127638,49.56866625537157
-85.17636111,33.76344444,1,1,2017,89,25,95,24.507161247717455,69.5643301054308
-81.5592,26.1531,1,1,2017,80,0,0,9.696662295287169,35.41209405227703
-79.234069,35.935392,1,1,2017,63,25,4,21.588973727485385,56.856432700037
-76.549133,34.774133,1,1,2020,7,16,0,13.296818758768138,32.17340889321513
-81.913028,35.733272,1,1,2017,80,25,0,21.084006261336274,55.64163421735319
-84.60716667,32.67475833,1,1,2017,84,18,16,20.32085527331583,73.34681159266493
-89.160345,30.465529,1,1,2017,60,0,1,17.274678750440128,42.028065056817354
-82.689843,35.285907,1,1,2020,306,0,12,28.59576069365679,73.50800617442754
-82.2528,27.7701,1,1,2019,115,2,0,9.805623500429082,26.696590455953658
-80.667175,32.780991,1,1,2018,89,22,34,20.22308083833924,76.87001510373884
-82.565361,34.096134,1,1,2019,246,9,0,17.565525462419743,35.368217893876974
-87.116,32.365,1,1,2019,292,16,0,17.759235058726134,48.75024624247296
-86.018683,35.695383,1,-1,2019,265,11,0,12.973500808703086,23.861109689176466
-79.584373,33.806694,1,1,2017,61,25,99,14.702318099105986,39.260247318360875
-85.1468,30.7764,1,1,2020,63,13,98,14.516901177965105,58.40794707725303
-90.80148617,31.05811642,1,1,2017,113,16,0,21.80846840082432,81.58903369864271
-87.974,34.162,1,1,2017,30,24,0,23.400023855594114,66.47148244351258
-82.51113889,32.71572222,1,1,2017,234,22,99,17.449392875872373,62.00585769176713
-89.76590352,31.62710002,1,1,2019,77,21,61,19.043917680296747,78.48914598244352
-80.397914,35.661573,1,1,2017,270,24,1,21.266187627436175,56.20644589712275
-85.9592,30.4741,1,1,2020,83,17,75,18.795952580202876,73.36371686704447
-77.988015,35.962531,1,1,2018,8,13,0,17.176499263482523,36.66515395015435
-82.27077778,33.07302778,1,0,2017,96,18,100,17.901338488201585,59.58284164320466
-86.7753,30.698,1,1,2018,130,11,0,14.37409159514933,32.81902663501252
-80.849807,35.556677,1,1,2020,99,24,95,19.948222777755973,38.35346695349619
-82.31836944,32.60765833,1,1,2020,127,16,2,19.37284650749626,42.45337319234005
-79.193748,33.6194,1,1,2019,124,18,61,18.458660941408954,86.73967975686506
-80.909049,35.845104,1,1,2020,78,27,68,16.722637381846614,32.120976539447085
-82.95273611,33.85554444,1,1,2019,35,16,85,17.643851587143565,80.16351106597713
-89.34528617,33.24954978,1,1,2017,59,12,0,21.03655097613884,77.11299071677465
-81.2547,26.1783,1,0,2019,121,9,20,14.815693596607906,55.48796816399952
-89.12106538,30.6658856,1,1,2020,290,24,85,21.859053803952676,75.99417942656365
-85.2549,30.7089,1,1,2017,59,5,0,10.768565042905145,47.26094037499017
-80.816261,33.186275,1,1,2019,75,24,83,21.650495511438592,73.59578783562799
-77.005758,35.535934,1,1,2018,53,24,2,19.120625661354346,42.203710542783575
-79.735447,34.883149,1,1,2019,37,21,0,18.860565838877594,28.263842780759735
-80.835602,33.471878,1,1,2019,231,17,0,17.331607583149342,29.128416729982046
-87.39,32.133,1,1,2019,37,9,0,12.023372430543226,37.94484877114038
-82.575483,35.628967,1,1,2019,88,0,32,24.471809707864924,46.41722280148485
-81.569925,32.191375,1,1,2018,120,8,45,16.427690551415328,70.7521590005921
-79.647781,33.675007,1,1,2017,117,9,0,17.69090549780642,57.62591339470718
-82.7603,30.3347,1,1,2020,88,24,78,19.707308984789552,72.27300918055086
-80.489546,35.479592,1,1,2019,74,22,89,19.53675785318788,38.66151654753808
-89.38485483,30.52786127,1,1,2020,56,19,100,15.61585094686068,50.8831186812471
-85.393,33.507,1,1,2019,275,15,0,21.35610997397082,55.47281380412271
-88.095,30.75,1,0,2017,35,8,0,19.204063518043494,25.472157062446836
-79.354104,34.707046,1,1,2019,42,11,0,14.487146583975834,33.854421606551995
-81.281233,36.501266,1,1,2018,60,23,0,22.85141660688619,46.65407143182866
-81.740385,35.329017,1,1,2017,125,7,0,20.877496130785936,45.46427597981987
-79.763054,33.513439,1,1,2018,82,13,31,19.194133419105146,50.42075444428384
-86.964,31.846,1,1,2018,52,20,0,19.949272621433188,76.57190818113182
-79.103945,34.507568,1,1,2018,78,11,85,16.52934999331747,34.5927038804947
-90.0831641,31.5188714,1,1,2017,132,16,0,22.082381287186795,74.83629808144394
-79.198279,35.351634,1,1,2017,41,18,41,18.76735484140321,41.2257870478668
-81.9019,29.7964,1,1,2020,132,22,0,18.35277571676947,50.1526298947276
-92.7015,30.9985,1,1,2017,333,17,83,19.20683846787122,66.6725545130099
-85.568,31.665,1,1,2018,88,14,43,18.37838429600156,51.57807667236256
-80.697388,34.639713,1,1,2018,241,19,26,19.019809990097635,58.55212374235035
-79.198257,35.732334,1,1,2017,347,9,0,24.56605236974808,70.65185344375452
-85.42752778,34.17775,1,1,2019,261,18,0,18.731709536018496,49.93766655020102
-81.7266,27.1257,1,0,2020,140,11,2,7.24850778085696,31.397422159887782
-87.684,31.047,1,1,2017,79,23,96,18.03501498595995,73.54203300857614
-79.208956,36.126278,1,1,2020,318,32,61,23.172552232482403,62.804601680697914
-80.730455,35.439716,1,1,2020,132,0,37,19.186281252017505,45.332064018652
-79.617504,34.768264,1,1,2019,272,16,0,14.49229457910883,34.30950328168083
-92.4454,31.3501,1,1,2020,149,10,97,17.894161685506308,55.6391771722631
-78.976969,35.213979,1,1,2019,80,18,64,22.114537652661877,54.31084790277316
-77.485923,34.565219,1,1,2018,98,12,13,13.592524050350193,66.88444648613297
-83.040642,34.559971,1,1,2020,51,25,15,15.838563320055178,27.07673219782902
-83.90561111,30.88800278,1,1,2020,132,25,85,19.598248936717617,56.491331137041044
-82.12349167,31.85573333,1,1,2019,262,15,0,15.587882392419939,69.14220205589463
-85.264,33.093,1,1,2020,98,19,98,23.71125573069148,67.85272652380092
-83.23169444,32.91030556,1,1,2018,78,23,85,19.822891428175414,64.28415393082426
-86.9522,30.8019,1,1,2019,141,21,14,15.591315984887435,46.404656073197806
-85.316883,35.56435,1,1,2017,99,21,90,26.19748766424141,81.39046132074024
-79.702038,35.3791,1,1,2019,171,19,0,19.315194511777758,78.68840212874764
-80.234516,36.374299,1,1,2018,109,21,0,23.050975184071387,68.34595620608368
-80.424263,33.119904,1,1,2019,8,17,26,21.146351940434638,73.66028696767651
-79.124622,35.809619,1,1,2020,87,26,100,24.705583864970773,80.77612863485216
-82.37524,35.275217,1,1,2018,2,0,1,29.538694620459452,81.80787093620147
-81.0953,27.0067,1,1,2018,303,2,0,6.766144261200781,11.820370328769283
-79.303213,35.216577,1,1,2017,65,24,87,21.193941523350546,42.45162685671764
-85.56,32.29,1,1,2020,77,20,0,21.92727962024573,68.90161536555539
-84.5871,33.9715,1,1,2017,26,24,100,27.30541105748645,73.85269703036542
-84.88122222,33.26130278,1,1,2017,60,10,0,23.710209795410947,53.52964367504091
-80.774719,33.235279,1,1,2019,280,11,100,18.157684673283168,59.416490040386755
-83.10819444,33.89797222,1,1,2017,277,12,0,20.83724402278647,50.775498992858424
-84.63060833,34.3432,1,1,2020,355,28,91,28.07622605164514,92.98127677070482
-79.174168,34.893964,1,1,2017,107,17,0,15.156568423936523,35.474755203540376
-89.82582008,31.4206592,1,1,2020,172,15,99,18.115109486686695,68.69243306921425
-77.406969,35.084021,1,1,2020,57,15,0,16.530861227126394,45.73781958203197
-83.51277778,33.475,1,1,2017,79,19,56,19.430447434854692,59.52109069590754
-80.6371,27.885,1,0,2019,237,11,0,10.734119410928212,18.471859373476523
-86.732,33.818,1,1,2019,333,21,26,20.881876932468117,56.50958834526419
-87.201,33.865,1,1,2018,99,15,0,21.799104510613205,60.28229943053347
-87.695567,35.698433,1,1,2019,72,25,53,27.7942247046055,92.44709664374219
-79.904926,35.864324,1,1,2018,5,26,68,18.915310745657518,29.352426271883452
-89.4094618,30.40421713,1,1,2019,269,17,96,15.601570007328244,48.53770751160057
-84.32411944,31.29568889,1,1,2017,38,21,96,15.200254860189403,48.66902404145244
-82.6208,28.2586,1,1,2017,123,17,33,19.376242170695125,71.6317507731429
-83.100113,34.792431,1,1,2018,129,26,77,24.4978244483144,70.93604669220419
-82.5145,29.2155,1,1,2018,322,3,0,6.881718401979359,4.232669509008391
-80.999449,35.904755,1,1,2018,86,20,92,19.708106877687097,46.81027255274392
-78.508597,34.353436,1,1,2017,29,17,99,18.571395817212125,78.66201086065631
-90.43903541,32.1252726,1,1,2017,47,21,100,21.35907988949654,75.95708596686023
-76.428434,36.195404,1,1,2017,81,14,0,5.851382497460025,8.071947057058125
-88.032,31.308,1,1,2017,94,19,10,24.754894981876475,85.38390327965965
-92.9416,32.4986,1,1,2017,127,19,64,20.12426607704195,81.03790365666622
-82.774683,35.067917,1,1,2017,89,34,100,32.570339710001136,97.52764736836669
-82.705567,35.66685,1,1,2019,36,23,0,19.783042961142858,21.3624206610322
-82.09682778,30.51691667,1,1,2020,140,19,96,11.662612206165893,67.63925217405469
-82.538711,35.673259,1,1,2020,117,30,78,27.88876491177202,63.60977695395706
-86.351,31.32,1,1,2019,260,20,94,18.18177413251962,65.61914800814192
-82.92755278,31.59423333,1,1,2018,80,24,84,18.66535880705754,53.44130958836447
-83.9076,30.4893,1,1,2020,320,22,99,16.817348246149464,43.47785279372549
-82.0846,30.3556,1,1,2020,194,14,88,14.472509191829246,62.654342274523515
-80.274429,34.113144,1,1,2017,362,7,0,16.996806251147177,48.42966962139932
-81.620656,35.37654,1,1,2019,25,12,0,19.95567173768862,43.030957269921416
-93.116,30.9074,1,1,2017,286,12,56,14.138522659830185,68.08928412074735
-84.344925,32.62613889,1,1,2018,124,18,0,19.924721080446282,70.12889071748992
-82.84390556,32.42922778,1,1,2018,262,22,35,24.841149454806704,66.99367137434125
-84.83040278,31.06239722,1,1,2018,1,13,33,10.130951185691924,28.291687815203165
-78.295952,35.634899,1,1,2019,42,17,0,19.988227239847063,53.345797791951675
-85.64,33.98,1,1,2020,319,22,99,19.601128833713112,67.00163348727317
-81.198054,35.214903,1,1,2020,91,21,1,21.50639597819808,47.418993938707324
-90.4351,30.5076,1,1,2018,27,5,0,19.21477585581516,48.475733401396795
-81.64464167,30.85185278,1,0,2017,122,8,92,16.428123403132275,62.20155368072424
-93.3648,32.9455,1,1,2017,73,10,100,20.17485730676986,78.31258463459014
-80.70254,35.083104,1,1,2020,99,17,0,19.96979917349385,36.68352882919132
-85.03783889,31.898,1,1,2020,32,11,0,19.945621294797434,56.8459838331188
-83.3888,30.4005,1,1,2017,43,22,89,13.886795346913514,38.931765729275696
-81.807348,35.311453,1,1,2017,76,25,0,22.287148941068143,53.56144348403051
-81.4921,26.3852,1,0,2017,119,9,1,11.444304816232018,54.8545109565718
-79.383496,35.645366,1,1,2018,91,16,0,19.203964944500655,40.891700625212906
-76.773226,35.292897,1,0,2017,125,20,58,15.366042116530032,42.32477020793834
-93.0253,31.8895,1,1,2019,248,19,96,18.551269008063198,69.3379478108216
-79.890007,33.336342,1,1,2018,125,0,0,21.253073409210813,89.67186804679659
-80.0275,35.50861111,1,1,2017,54,18,98,24.100146007166696,86.21115988618955
-79.443187,35.25088,1,1,2017,62,23,22,21.597849089696528,52.8940014001709
-89.53388889,32.25083333,1,1,2020,276,5,100,23.67420263540847,79.63084300225763
-80.904167,34.654278,1,1,2018,93,17,34,14.623223491894777,58.503278344261155
-80.513885,35.247047,1,1,2019,363,25,98,20.17932440886454,54.81077129781681
-80.8529,27.2937,1,0,2019,182,18,73,9.54402902541418,18.185343584142053
-80.9106,25.2036,1,0,2018,175,5,72,5.7231172756918305,40.945542789844836
-82.6054,28.3104,1,1,2017,77,16,12,17.84625319630143,57.719878239298026
-84.94835278,33.49851667,1,1,2018,204,22,12,22.587731317384907,58.7045379282069
-80.47445,36.216333,1,1,2017,124,11,0,21.170946618015968,55.161578970119706
-81.6629,26.7691,1,1,2017,65,23,96,15.247731954121317,48.149663730759485
-78.040796,35.041815,1,1,2018,13,21,34,13.357352009093441,27.193269027306833
-81.4725,26.8126,1,1,2017,64,12,48,9.45349501439406,28.616815411314374
-84.20272222,34.37441944,1,1,2019,143,23,75,25.923227342955514,87.51978919274657
-84.57235,36.34885,1,1,2017,77,23,26,26.754640632683202,75.61717698903875
-80.5257,27.9042,1,1,2018,181,14,61,10.119569467197914,21.930045427579085
-79.736516,35.936714,1,1,2018,4,21,81,21.03910562429902,45.37230524252818
-82.15772222,31.03675,1,1,2019,105,11,99,11.549830282425342,79.30791291526461
-85.878,32.972,1,1,2017,98,26,15,23.789375227803855,74.56149294299934
-79.739522,35.817499,1,1,2017,364,19,47,21.937852322401238,54.87629927800143
-85.4047,30.5418,1,1,2019,270,8,0,12.336673161813021,29.733691462448004
-78.949415,35.267366,1,1,2018,72,22,0,20.378109241128524,58.925175564779444
-82.24631389,32.71264167,1,1,2018,331,18,81,15.773295013743342,61.34062909358971
-89.32071741,33.09702848,1,1,2017,264,21,100,16.153175430152178,91.45153020137772
-79.465484,35.277684,1,1,2017,47,21,41,22.112795027832206,67.94320500384656
-80.002502,34.043335,1,1,2017,232,12,0,18.68868961527336,66.05974113480731
-83.81694444,30.92066667,1,1,2020,14,5,98,12.483759780886366,27.125644526761214
-85.0075,33.93472222,1,1,2019,79,3,81,24.732835106481453,71.61543852308982
-79.353969,34.706478,1,1,2017,322,16,0,14.505279709450528,34.03114376917335
-93.6744,31.7832,1,1,2018,3,17,2,20.38879984839049,74.8793000447384
-80.4164,27.2883,1,0,2017,203,13,10,10.762822444159289,12.284878379438233
-79.048633,35.829616,1,1,2017,277,25,93,25.450993838650515,69.13854845963564
-86.89,32.466,1,1,2018,176,17,0,19.23689196369627,44.9272792543644
-80.636,27.321,1,0,2017,86,14,80,14.464690316829145,53.6795533079073
-79.850876,34.206261,1,1,2019,279,13,93,18.84383821503578,43.33314044416639
-79.347033,34.633533,1,1,2019,181,8,0,13.0254292967785,35.869683492602746
-79.677363,34.858759,1,1,2019,71,18,6,19.014632307402334,35.45400892769397
-81.031773,36.172913,1,1,2018,29,20,85,20.10469206859648,55.88627314290662
-77.2096,34.713783,1,1,2019,169,25,100,17.279006340376114,49.28615544841485
-81.449097,33.885262,1,1,2020,171,15,0,20.173365557878526,52.60656951493903
-76.144887,36.258465,1,1,2020,101,21,26,2.416631891920088,2.8420996452134313
-83.63333333,31.65941667,1,1,2019,144,9,0,11.022350532897235,15.198727303944723
-81.264168,34.313332,1,1,2017,75,21,89,21.537097485433677,80.39323125462064
-82.74831667,32.27577778,1,1,2018,59,16,50,15.689378752151244,53.850758399420116
-81.378525,33.459721,1,1,2018,105,22,100,13.627301737320554,52.25406896334121
-89.55476004,31.08843793,1,1,2017,97,18,33,18.759037646810093,66.34443388791121
-85.477,33.704,1,1,2019,84,22,0,23.71897073530533,77.56258210336702
-77.848508,36.155946,1,1,2019,147,14,0,22.974987524471246,71.49267849508335
-83.74691111,32.61285556,1,0,2018,201,15,0,17.459129948946284,36.608545365729334
-84.71937222,31.28410556,1,1,2017,248,0,0,8.250358754426456,20.808013769288987
-81.99472222,33.34244444,1,1,2019,363,24,69,21.86880219504403,47.10694059382478
-78.102,36.490517,1,1,2018,87,22,30,17.772514147540807,71.35817522095194
-84.89416667,34.78416667,1,1,2019,79,25,100,21.942910029319172,50.27449406965249
-79.17052,35.450876,1,1,2019,27,15,0,20.927052537549574,42.11308862078971
-82.07194444,31.30916667,1,0,2019,153,15,29,16.07853670393778,70.31455476178294
-77.170892,35.787384,1,1,2017,364,24,39,12.930823609049172,31.705071433684807
-81.214183,36.040717,1,1,2018,73,28,56,28.511180315910583,88.62505256236773
-83.43896667,31.0306,1,1,2017,357,22,99,17.460221307717564,45.44088757092815
-78.509531,36.218232,1,1,2019,256,18,21,19.186282113427048,76.18826425140551
-79.884056,33.664932,1,1,2017,300,0,0,19.754472152224107,62.49241382928495
-82.7698,29.4531,1,1,2017,31,4,78,13.675242737097468,63.22712902588423
-85.489,32.845,1,1,2017,102,8,85,20.32353511397467,73.35801893786942
-82.16694444,35.83138889,1,1,2017,47,23,0,30.213646950423584,83.31131757274706
-81.8814,26.9831,1,1,2017,92,0,0,10.915744944522944,21.76312559508597
-87.668,34.262,1,1,2018,64,27,95,21.44919152627371,54.29603456988211
-79.653117,34.868741,1,1,2020,114,20,8,17.58124135630068,40.40281602730697
-86.244,31.925,1,1,2020,123,21,18,22.001127861949698,84.71653465373024
-90.99083333,32.6125,1,1,2017,94,24,100,15.546568360523628,57.65219907561045
-80.151711,34.635788,1,1,2020,247,22,50,16.851926817934814,45.877285563510846
-80.644992,36.329949,1,1,2020,320,24,76,17.95185898537383,39.423205340117654
-81.34679444,31.88813889,1,1,2018,120,21,31,17.86045066383922,75.96369640496468
-87.666,32.189,1,1,2019,147,18,99,18.675399350788023,82.71493919922759
-80.992511,36.513375,1,1,2017,61,13,0,17.930628342144008,25.712833892723715
-83.03694444,35.72388889,1,1,2019,85,34,100,31.636256913756164,93.65169401759255
-79.523603,36.064683,1,1,2017,289,13,0,18.77387270523402,41.95077318931038
-78.793142,35.252668,1,1,2019,273,20,34,17.7979587334272,46.13679732119187
-92.3014,30.5254,1,1,2019,108,5,0,7.770896163677269,13.562662728158795
-79.102125,36.063734,1,1,2019,53,0,0,23.002592472967713,54.110383025991965
-83.0274,30.2738,1,1,2020,49,21,0,18.410134704914384,53.12262756636555
-85.2705,33.75596111,1,1,2018,1,20,99,24.287124503683092,71.51069115149987
-79.94471,33.225418,1,0,2020,208,16,0,22.24327027407038,86.40076090338155
-93.5274,31.913,1,1,2017,331,10,99,17.957151782817274,86.4145353565619
-81.85617778,31.25199167,1,1,2017,116,25,89,17.08803274392046,73.56793632745877
-83.06038611,31.62693056,1,1,2018,254,17,85,10.993804827278588,38.24796444692534
-81.400758,35.843544,1,1,2018,46,19,0,21.08180256580884,41.419928871083954
-78.903595,34.537793,1,1,2019,283,23,0,18.117186605162612,61.430695498433195
-80.761322,33.247108,1,1,2018,66,23,0,20.5947313781469,71.44595680972928
-80.753857,35.720547,1,1,2020,262,0,0,16.81348951949164,40.18901000486168
-82.202194,34.231995,1,1,2017,101,19,0,22.217326392080544,50.81819532062259
-89.9701,30.9222,1,1,2018,127,14,100,17.240557960296915,45.55734482600124
-83.616825,31.96284444,1,1,2019,150,27,94,18.254593104572084,44.93636808483901
-86.2745,30.8256,1,1,2018,34,4,0,16.081730756069728,32.53864140730719
-83.43151944,31.15894722,1,1,2017,77,23,0,17.207016505499436,35.44017822465802
-84.05863889,32.41441667,1,1,2017,106,17,100,17.38885571446552,44.10958743740791
-81.332664,32.824409,1,1,2019,270,13,14,20.692898155581886,71.88710732550965
-81.643494,33.595818,1,1,2018,66,13,0,18.866918750646356,55.1649598206434
-88.71563889,31.56113889,1,1,2017,73,24,99,17.96548309100525,73.43767254251122
-81.3777,28.3901,1,1,2019,16,15,0,12.733420190134947,19.358862314299817
-85.686,34.699,1,1,2017,31,24,89,19.006060638140216,34.020089864115505
-80.710098,33.105316,1,1,2019,281,19,0,19.44595138271292,77.05510734236567
-84.6817,29.8602,1,1,2020,85,14,21,12.950463287344968,41.38193432702009
-81.696869,33.725571,1,1,2020,305,11,0,17.284986945863892,46.75289393113284
-83.94288889,30.90030833,1,1,2019,270,21,0,20.12724578266532,54.34296176302759
-82.13558889,32.60675,1,1,2017,286,22,0,18.349076391816954,59.369183430193196
-80.135681,33.593548,1,1,2019,27,0,0,18.44840414344306,77.82108700845592
-83.272,29.7184,1,1,2018,85,20,78,14.673673059920665,37.67407358745696
-81.448334,35.860838,1,1,2017,364,22,40,25.304517005682314,69.58150144320413
-84.84098056,34.422425,1,1,2017,80,21,29,19.824499355280135,42.93921722581586
-81.60466,33.993652,1,1,2018,71,18,1,19.54079559071469,71.97040701138249
-78.543952,35.329499,1,1,2018,11,12,0,15.033516829402243,27.264112421090527
-83.49836111,32.80172222,1,1,2020,71,19,0,21.118751468671906,67.50087027014136
-81.72728,35.085556,1,1,2019,36,15,0,20.34335661884646,51.73333556849659
-87.3891,30.3581,1,1,2018,18,17,0,17.527440792114525,61.07743290027983
-81.910491,35.3071,1,1,2018,75,24,89,21.94047366466875,44.180271242763084
-82.572209,35.661988,1,1,2018,108,32,100,28.5282893163874,65.69021005702756
-86.9111,30.4288,1,1,2018,18,16,63,12.888145854310341,27.952841905020723
-89.085,34.4375,1,1,2017,89,12,0,17.273970315011585,43.36130417379281
-82.12286944,32.20543333,1,1,2019,150,17,15,14.546519155910678,40.76912922779069
-80.5773,27.3915,1,1,2017,232,9,3,9.572472686596035,25.535808729086046
-85.1811,30.5878,1,1,2019,34,11,0,11.506867552390082,62.54624826358745
-81.34470278,31.75795,1,1,2017,80,9,89,14.661815970254478,74.01886746949212
-79.676256,34.886334,1,1,2017,235,19,0,19.315414022563015,40.388060048756664
-82.706015,35.666411,1,1,2019,322,20,0,19.796187736959094,21.358424526707672
-80.219772,33.894341,1,1,2019,265,25,14,18.48773768266201,51.68951426187011
-84.65206667,32.0063,1,1,2019,72,14,89,15.282874613587088,49.06394607640068
-85.539283,35.390467,1,-1,2017,345,21,0,23.496848817952607,68.11193305035101
-78.701701,36.189864,1,1,2019,147,16,0,22.460517495295846,65.60654899536793
-83.42285,33.05595,1,1,2018,79,19,100,21.507400205332832,59.65414892380525
-90.99805082,31.15859876,1,1,2017,34,24,100,21.064788306750824,71.08331939866987
-84.0575,30.95419444,1,1,2020,51,23,0,19.804584369260322,46.27165155344136
-77.569264,34.836124,1,1,2017,59,20,0,19.012962957866275,54.160642040457326
-82.32421389,32.40348889,1,1,2017,332,22,86,19.07412528271653,66.94923340553139
-80.857891,35.630015,1,1,2019,121,15,0,19.80311160681735,56.709014293765016
-82.39713056,32.5251,1,1,2018,24,24,99,18.49166709192924,58.747985778212374
-84.0329,30.3504,1,1,2018,60,26,95,19.45186145511891,77.87050882121771
-88.42547501,30.46606343,1,1,2017,61,16,85,16.48158722066445,49.68420209110349
-80.913811,33.589691,1,1,2019,241,16,0,16.70919420377099,52.83855722829883
-80.524155,33.948242,1,1,2020,31,17,0,23.192440490375212,87.08500942515694
-80.057816,34.118641,1,1,2019,200,20,7,12.38413816581993,33.364997403871506
-81.9493,26.967,1,1,2018,73,4,8,9.900076507829093,22.38810958996455
-80.2243,36.537197,1,1,2019,191,19,2,16.72351164302375,34.01898636415432
-81.19550556,32.08307222,1,1,2020,219,8,0,19.18529725936856,52.290277184362324
-88.47557256,30.659339,1,1,2017,54,21,100,17.194282948416546,34.626996413166374
-79.921453,35.14372,1,1,2019,183,17,69,18.223960133507358,65.42412512531345
-80.12574,33.795284,1,1,2020,87,22,12,13.822616478103779,45.66649379766992
-83.2154,29.8502,1,0,2020,176,17,94,14.586653508975756,86.32604725924791
-81.5852,30.0236,1,1,2017,74,17,95,18.078256637890068,66.22819187547415
-92.917,30.89,1,1,2020,234,26,100,18.383646058791296,68.72269434872688
-84.719925,30.71401389,1,1,2018,29,23,98,17.782014308161997,77.57650986162032
-84.4714,30.6836,1,1,2017,45,22,100,21.01828357601003,78.61076763367385
-81.36052778,32.373325,1,1,2019,330,14,60,18.078051432581123,69.1611294929367
-78.557538,34.119179,1,1,2017,364,17,0,20.916429991665193,69.05675879469099
-83.24688056,31.42371667,1,1,2019,264,20,0,15.362309148751137,76.31958560482386
-80.130786,36.323497,1,1,2017,85,16,100,20.117738347198188,63.6509578174357
-82.27988333,32.73171944,1,1,2019,208,26,80,18.355145534054653,67.57625631304767
-89.48461111,33.11858333,1,1,2017,60,18,12,20.453151355931777,74.14628306857364
-83.15405556,34.23333333,1,1,2019,340,26,100,24.010175930888803,66.34786120781305
-81.134536,35.194381,1,1,2017,65,25,9,21.962406791171496,52.346310857902296
-80.191315,35.460941,1,1,2018,24,23,47,23.589135075488823,68.14406773134398
-80.373992,35.037928,1,1,2019,35,19,52,18.879839654832654,39.77550472730276
-81.44648611,31.49078333,1,1,2020,361,10,14,16.737086720829513,68.20766694168897
-79.694611,33.282219,1,1,2019,282,19,100,22.00981257946621,84.34068884474121
-87.798,30.997,1,1,2017,71,23,87,21.155000965831345,73.785778159606
-79.97145,35.778567,1,1,2017,64,21,0,23.911432885975213,67.51528873320463
-78.244299,34.992727,1,1,2019,164,0,0,17.787378841537944,47.644084513951846
-81.805542,33.46735,1,1,2020,249,21,23,18.34722568770911,50.406926668699874
-81.2024,27.2666,1,1,2018,223,8,0,7.169511177202897,3.753131968489819
-84.81923611,33.948275,1,1,2017,31,0,0,24.288415269701176,59.795526797385605
-84.55402222,32.81199167,1,1,2020,355,20,44,19.723479234419138,66.94726427988681
-80.821744,35.81806,1,1,2019,279,21,7,19.166583009160483,36.352287219224955
-88.74333,30.5,1,1,2018,113,16,2,17.295153773182832,42.88992111230297
-90.0676,30.9316,1,1,2017,13,18,24,18.23157192159927,56.19150822765475
-80.748198,34.986176,1,1,2017,350,14,0,22.146216873321837,66.98641282596175
-86.591,33.581,1,1,2017,77,23,62,24.702625256419484,84.15406105831968
-84.64333333,32.61888889,1,1,2019,103,17,89,17.558967643716258,81.86156762080213
-92.9599,30.504,1,1,2019,19,7,0,18.143077782166362,54.29262418164884
-84.13833333,33.00166667,1,1,2017,273,9,0,18.357959096707738,44.70314131282295
-93.3217,32.6937,1,1,2018,65,25,88,20.407549514480607,73.13572017792586
-78.869467,34.828456,1,1,2017,313,19,0,14.54896076672785,34.309274509651736
-84.42095278,30.89221111,1,1,2017,336,21,89,19.640733013040506,61.373417498992566
-81.5016,29.2141,1,0,2019,148,12,85,20.60129122173042,79.09523966714802
-90.01243139,33.40834796,1,1,2017,48,23,100,20.674974338895893,64.51371809241164
-81.7512,29.9964,1,1,2020,64,19,63,15.986982589837869,35.64013276957219
-79.618889,34.103455,1,1,2020,58,21,0,21.21804841914046,67.40951675113124
-83.55508611,30.96465833,1,1,2019,149,15,7,10.31604844711353,25.998148763725492
-82.0262,27.6606,1,1,2017,257,12,44,8.627269145851692,10.747474409113629
-82.746906,35.535225,1,1,2017,44,26,0,27.016075943328723,49.69959246692159
-78.575258,34.457744,1,1,2019,114,23,0,16.002913699852506,43.27925354982224
-80.767769,33.358501,1,1,2020,19,22,16,18.920148000073844,57.62423923344217
-80.754428,36.230153,1,1,2019,76,21,0,18.194953525358745,39.16978488964821
-83.44037778,31.57358333,1,1,2019,254,16,48,17.865693505762053,54.04748184825571
-80.006388,36.237185,1,1,2017,330,22,39,23.124934038637253,64.30281831561982
-80.8238,28.2401,1,0,2020,221,6,0,8.133780456555883,15.834686465714473
-88.717683,36.319833,1,1,2018,62,22,0,20.79524064953432,54.61881448338382
-84.61735833,30.89319167,1,1,2017,28,23,89,17.280126261241897,65.55540079675245
-77.893523,36.529034,1,1,2018,85,0,20,17.0270228942102,54.146224659060714
-81.255646,32.86367,1,1,2017,77,18,75,17.13044704404994,61.78973980214484
-84.7893,30.5885,1,1,2020,361,19,69,17.545459752714677,55.43712914402308
-80.897177,35.753744,1,1,2020,325,22,33,21.988939065126292,54.02604029454869
-82.56088611,32.64543889,1,1,2018,331,21,56,14.74386722843638,51.99440292565893
-83.21251389,33.92946944,1,1,2019,281,13,0,18.18169354881316,39.010096994960655
-81.8266,28.4857,1,1,2017,96,13,0,12.733669333459032,29.814984612060496
-83.3656,30.5355,1,1,2020,129,14,0,14.033027588168386,32.73458080418705
-79.383331,33.933334,1,0,2019,149,23,89,17.359109515185143,68.08182673953398
-81.39905556,32.18184167,1,1,2017,328,25,92,21.48241791805958,55.76101029877379
-79.509737,34.964846,1,1,2017,104,24,22,23.62094398345638,36.88260894270305
-78.860172,36.305519,1,0,2020,196,26,74,21.31023547032933,60.24539448786298
-88.11575,35.9222,1,1,2019,76,20,64,22.856898135248663,63.213498000362456
-82.28527778,30.375,1,1,2017,66,21,94,21.80681672935143,90.55266857178593
-79.910034,34.384987,1,1,2019,143,17,1,16.81712139887891,41.17181395881126
-81.90620278,32.07874444,1,1,2020,119,15,76,15.816006352458462,52.25732566740818
-81.9811,28.6492,1,1,2017,114,4,0,10.532710332561802,9.385190880653614
-76.031782,36.467502,1,1,2019,145,19,83,10.48118961755934,24.770810997138433
-83.65595833,31.33790278,1,1,2018,120,11,0,12.274667999823224,23.204409389469156
-81.188114,35.98212,1,1,2017,325,22,0,20.29991428800786,45.50061209499708
-83.040993,34.787537,1,1,2018,105,12,0,22.123230339843932,47.84814333562844
-87.554,32.663,1,1,2020,224,14,69,17.102905704203323,39.99286567084979
-82.1545,33.01094444,1,1,2020,201,18,0,20.08858084266368,38.807725954842056
-80.7969,26.3752,1,0,2020,227,11,31,7.527231860486133,38.04265484476697
-81.1288,29.1372,1,1,2020,53,23,99,19.723413627061166,59.85686009475492
-82.120325,32.136475,1,1,2018,124,15,0,16.70754894091721,48.323490165728174
-87.48333333,33.0,1,1,2019,29,26,99,25.196410957527572,95.80334632921434
-84.11685,36.3904,1,1,2017,47,29,95,26.247885198015013,53.571689171017795
-79.09185,34.587738,1,1,2019,179,19,31,13.106214086356927,33.80062270539548
-81.07500294,26.00722694,1,1,2020,57,9,0,9.375484028133815,27.20608397115227
-82.0304,29.4788,1,1,2020,28,20,90,16.747940003901565,74.28366013789167
-92.1534,31.7365,1,1,2017,31,12,85,17.19765156329094,63.94728786891921
-80.119453,33.651566,1,1,2017,349,20,15,16.751618943693874,71.15358540859913
-82.215393,35.437492,1,1,2018,0,29,70,26.364090800426602,78.08647041301603
-87.0193,30.586,1,1,2018,21,18,0,12.348917286092707,37.79060649964459
-86.44,31.052,1,1,2017,57,22,90,16.98571482794895,47.264998042471596
-84.71166667,30.21305556,1,1,2017,78,11,19,18.945429975429978,83.87787361408796
-81.460911,35.852406,1,1,2017,24,17,0,23.564123257715586,50.37564088481061
-89.68246899,34.83087525,1,1,2017,201,23,1,19.585817711055057,38.35369248361113
-77.723989,36.444912,1,1,2019,30,22,2,19.81442579437573,50.70936485119521
-79.845093,34.013802,1,1,2018,60,19,5,17.423415089267372,44.78564225288825
-88.148,31.124,1,1,2018,66,18,90,16.646029133740452,67.26418571270541
-89.06505023,34.52789674,1,1,2018,257,17,0,15.844021763784506,37.35907142430593
-89.74070584,31.13533318,1,1,2017,42,19,0,20.216402559495254,73.39500497721804
-78.254785,34.895203,1,1,2019,36,10,0,13.971343797602488,35.492020327872225
-79.721676,34.899187,1,1,2018,120,25,28,20.946761567404728,36.79005896174595
-80.3641,25.4851,1,1,2018,108,9,73,10.96369036242005,49.98378616745856
-85.08548056,34.71992222,1,1,2017,85,24,99,22.780526079418458,66.5545999715052
-81.3242,27.3153,1,1,2020,180,13,47,10.341178244545306,23.749161313447548
-83.3653,32.84650556,1,1,2020,103,16,0,21.98181108824043,84.74327777262921
-86.10464467,33.34772628,1,-1,2020,19,25,100,25.22843232613708,86.0293887673462
-79.095133,34.739695,1,1,2018,106,18,0,15.614557474684192,45.963953931062335
-80.7393,27.2057,1,0,2019,201,12,0,8.958330934091885,9.050010651896038
-81.2772,29.6714,1,0,2017,204,16,34,15.963505958385339,65.47286125434383
-90.02055556,33.86666667,1,1,2020,165,15,0,24.970471532953862,80.57526660822008
-91.21138889,31.32194444,1,1,2017,70,23,70,24.959074062102705,95.6545133420028
-81.99132778,31.18791667,1,1,2019,341,22,60,16.75608833299023,53.841827971775324
-80.188751,33.264065,1,1,2019,115,21,0,18.610249668709848,77.01898153760206
-80.784706,33.091419,1,1,2017,60,24,53,17.768922342884643,63.461842723686516
-81.3131,29.805,1,0,2017,36,6,97,16.437645529338738,44.00496896108513
-80.764503,34.165001,1,1,2019,112,11,0,18.641435131525224,37.66458569659037
-85.3707,30.6641,1,1,2019,65,7,89,15.490669452748305,56.34428349505091
-81.84694722,31.16173611,1,1,2018,80,19,79,17.637221790161288,75.08513065593618
-79.490446,34.683352,1,1,2017,45,21,19,18.552151182159914,49.59672825379878
-81.542,30.67,1,1,2020,41,20,92,17.61163607943525,64.99437221457154
-82.08305556,31.91986667,1,1,2018,31,20,0,17.299854250661824,66.70143460547683
-81.102575,35.771417,1,1,2019,86,23,56,17.463405738369257,42.248291204786916
-82.32050278,31.47554722,1,1,2019,206,17,88,11.497881338788899,63.35895333835069
-78.603348,34.76607,1,1,2017,102,21,0,16.831733656401934,59.805769793373805
-82.050286,35.850049,1,1,2017,326,30,6,31.32257377579137,87.50065526781687
-89.93137674,33.04594498,1,1,2019,263,23,100,21.358741467417655,82.40165378772869
-87.691733,35.065833,1,1,2018,153,13,0,19.090309209894922,42.20396496794747
-78.91216,34.501278,1,1,2017,11,11,0,19.55067422541478,65.81373791627493
-82.94908056,32.27129444,1,1,2017,363,16,100,17.552177113868474,71.34238438127932
-92.7051,31.0823,1,1,2020,229,12,69,20.576752041443267,79.24871252280755
-77.919782,35.633762,1,1,2018,92,15,0,12.415470904051302,22.51161676708061
-82.25593611,31.17094444,1,1,2017,75,18,87,13.92646441015841,70.99926109702818
-80.4908,25.7497,1,1,2017,61,8,0,6.783486315361312,17.372315571036413
-80.239792,33.375893,1,1,2018,43,11,0,19.00011669292258,63.286795650926614
-80.4249,27.4081,1,1,2018,351,10,0,9.51017263995634,24.32316667132986
-85.2634,29.9016,1,1,2020,74,1,95,10.7059419339537,83.68269333224048
-79.186461,35.404572,1,1,2019,358,12,0,18.94706461754347,39.577476982202285
-81.2781,27.7847,1,0,2018,227,19,57,14.354606883204175,35.70934301399961
-83.823975,34.07434722,1,1,2017,53,26,0,23.020516551671548,49.30531668833441
-81.123083,36.159517,1,1,2018,29,24,0,22.968384392343463,48.05396457835002
-80.458687,32.776836,1,1,2018,48,14,0,21.559105319720587,78.48633164444256
-90.1578,30.9292,1,1,2018,99,16,51,18.95635013084396,60.8483125562684
-77.348245,34.748116,1,1,2018,53,24,85,19.730183559079006,46.40897190550055
-77.09666667,34.94527778,1,1,2019,145,20,96,14.43693824145605,75.39457443043406
-81.46759444,32.14380278,1,0,2017,138,7,92,19.42458200072874,72.15288114877688
-84.90630278,33.48328056,1,1,2017,28,25,94,24.185349947976853,65.60000893723172
-81.64504167,32.9462,1,1,2018,1,8,0,13.590838426074843,58.86550861398657
-79.502456,34.664437,1,1,2020,277,22,24,17.399503806863134,58.951586019902706
-82.6111,29.4807,1,1,2018,64,6,0,10.876489488765403,13.5234482815385
-88.25833333,34.71944444,1,1,2020,320,24,100,20.810851224007685,68.78549501449409
-81.36199167,32.22041111,1,1,2019,204,19,27,17.22021960596912,71.70096470738815
-83.58199167,34.50768611,1,1,2017,101,28,54,22.99318968136774,54.741399146602134
-82.44866,35.843285,1,1,2020,292,28,14,30.0163530019275,71.39891266025231
-81.3426,28.9038,1,0,2019,149,14,89,16.99285879495781,73.97501972707664
-88.61299235,34.96870284,1,1,2020,222,17,60,18.99293620852933,57.67096182654062
-83.78563611,30.89622778,1,1,2020,94,18,0,11.55694694525891,25.080952368074485
-79.094421,33.828358,1,1,2019,91,21,11,18.78572937690081,55.127331087007164
-81.545,26.5296,1,1,2020,65,9,0,6.185168501785408,20.261876293660148
-82.1665,27.8854,1,1,2019,311,13,0,13.039983925478994,40.90412596003575
-80.010109,33.724976,1,1,2017,300,19,24,16.636366743075868,49.62845825971614
-82.640955,35.730237,1,1,2017,77,25,35,23.86393823213365,48.83615918946927
-84.63083333,30.08388889,1,1,2017,84,21,95,21.436793603022743,87.19515753818797
-81.1461,28.7003,1,0,2019,120,11,94,17.21050089884882,59.83420412450932
-85.572,32.144,1,1,2020,87,17,5,20.61753094554018,54.90531835405881
-81.5692,29.762,1,0,2018,268,18,4,11.916485689417689,40.605216287423836
-83.90083056,32.25013056,1,1,2019,204,11,0,13.709874030592582,33.65443675317787
-78.806541,33.961224,1,1,2017,80,17,34,17.048089378663764,52.75962722365275
-81.5782,30.6577,1,1,2017,47,25,89,17.74241866849693,77.84393826832458
-85.535,31.505,1,1,2017,59,22,89,21.987733164545997,76.7084084624749
-80.9687,28.4415,1,0,2019,114,25,12,21.882049240948696,75.02892100486356
-79.600883,35.26501,1,1,2018,157,4,0,18.079007774066035,28.758353684113
-81.74666667,35.99722222,1,0,2017,151,28,60,32.98733767227397,97.83286331346157
-89.02974383,34.71919753,1,1,2017,95,18,0,10.775197530218195,15.085931529384336
-81.374599,35.296997,1,1,2019,144,17,4,17.32077718258343,30.133082449538133
-85.621,34.423,1,1,2020,90,20,57,25.39409217194488,79.17510061460703
-87.062,31.099,1,1,2019,63,17,0,19.623098366482502,43.88344263622377
-79.216774,36.082992,1,1,2017,76,0,20,22.231018471409204,57.12426647377645
-82.622672,35.53406,1,1,2017,74,26,93,24.830079409235754,53.59284670035137
-88.667533,35.003817,1,1,2017,96,21,8,20.397087177896648,57.43343599699493
-78.887583,35.27735,1,1,2017,42,12,0,17.723967830925346,62.78020635002315
-81.5767,28.095,1,1,2017,40,10,0,8.21071250171618,11.410258049986245
-83.5009,32.12321667,1,1,2018,3,12,57,10.28789512467354,24.67833578886681
-89.61453318,30.53799731,1,1,2018,80,20,24,19.62954691885164,59.296104156995604
-93.9455,32.4744,1,1,2017,81,21,60,19.74725110529448,84.47873138098457
-85.01919444,33.161575,1,1,2017,38,0,72,21.107727553883695,77.58878640290013
-81.648346,36.506296,1,1,2019,118,27,6,28.482710478106533,67.89671167633573
-80.5004,27.5884,1,1,2019,83,6,0,8.912995425930736,13.240119441007156
-82.646533,36.390917,1,1,2020,99,12,0,22.575329137712966,41.62014593280799
-84.9868,30.387,1,1,2019,276,19,27,16.604273373488958,65.67708908215499
-87.4,32.672,1,1,2019,264,27,0,22.898458927341075,76.92273162604494
-84.17657222,32.03738611,1,1,2018,18,11,0,14.863140071389738,39.06319498992747
-85.481,32.286,1,1,2017,54,22,60,21.97004442632097,69.26105110018071
-83.507,31.44222222,1,1,2018,126,5,11,15.909276799119386,16.355204143093765
-85.671,34.703,1,1,2017,41,27,72,19.293027059645567,33.336205131925674
-82.40247222,33.47205556,1,1,2017,167,24,92,21.44191778051026,58.88046458682216
-82.54758,35.306526,1,1,2019,72,23,28,27.76646653602217,66.529327647667
-79.1591,35.033567,1,1,2018,102,25,45,19.20629011658151,39.89685552444486
-79.360755,34.891097,1,1,2019,141,24,0,19.909927787883802,52.91965575986952
-82.542859,35.740661,1,1,2017,65,24,0,25.97015605060127,48.843285376610375
-81.0867,29.2522,1,1,2017,195,17,58,16.892187522060134,41.30456780210958
-76.566867,34.7604,1,1,2018,109,8,0,11.390542853479172,32.690666259279496
-80.6432,27.6671,1,0,2019,208,7,11,5.9502472369001405,16.604710821546515
-79.501945,33.321293,1,1,2017,55,9,100,15.903953713650727,87.54045946679094
-78.809138,35.290178,1,1,2017,57,17,50,16.28515816473409,51.30532996164404
-75.8398,36.160833,1,1,2019,81,16,52,12.396507412979812,28.048814746206073
-79.609703,33.932602,1,1,2019,240,17,27,17.497120443540783,63.074075914279334
-81.78880556,32.95997222,1,0,2019,153,24,99,14.749220897770604,44.00244622276758
-79.473508,34.669933,1,1,2017,321,24,75,15.23594557286533,31.83454509166597
-83.34362778,31.56412222,1,1,2019,295,11,0,12.025098967027395,27.48041053293017
-84.24805556,34.57305556,1,1,2018,107,27,100,29.5415566785804,98.54403033102545
-79.86913585,33.3450895,1,-1,2020,180,20,11,23.285741764467197,93.6862385272792
-80.742736,35.73469,1,1,2018,91,14,74,16.02489287055137,37.99857244825124
-79.899323,33.375919,1,1,2017,79,0,0,21.280709254670366,74.02982077532445
-90.16805556,32.96555556,1,1,2019,80,20,54,21.369110086816907,60.607969855225775
-80.297043,33.959404,1,1,2018,22,16,2,19.938890947591332,64.53096743668102
-85.764,32.849,1,1,2019,6,5,0,20.80830400584626,51.51984378102861
-81.5081,26.3942,1,1,2020,108,9,94,9.62924830265999,49.937088168035906
-92.365,32.47,1,1,2017,54,17,100,18.29474561419963,80.92875927004307
-83.892182,35.080434,1,1,2017,364,25,100,28.79695625751561,91.58177911784351
-83.86135,36.433833,1,-1,2019,31,28,100,24.469210710424196,60.51617500139466
-87.465,32.397,1,1,2019,244,10,0,16.831202709095614,37.655038439942416
-81.440402,35.759664,1,1,2017,35,24,6,22.20136794842216,46.00379285827547
-92.90611111,31.04527778,1,1,2018,103,9,1,20.03699637811098,51.83389769180089
-88.718056,30.449722,1,1,2020,82,12,0,15.363009452967615,46.5241697301674
-81.4792,29.6173,1,1,2017,15,22,99,17.608627565385156,76.74591684361948
-82.36758333,31.19138889,1,1,2020,126,19,59,15.891506176159602,34.87595747606478
-82.551,29.1518,1,1,2018,21,8,0,14.747769062477373,30.81490034598837
-81.804344,33.689335,1,1,2019,103,6,0,16.723782758981336,47.30517568265672
-83.29219444,31.24938889,1,1,2019,103,26,99,21.281542635826153,88.05541904438589
-84.867833,35.9131,1,-1,2019,320,31,100,26.52635390894289,69.7748994323287
-86.106,31.414,1,1,2017,44,18,30,18.83953274160793,62.70432111715377
-83.92934444,32.08260278,1,1,2017,302,13,39,15.566576668488175,43.783741995438966
-79.742659,35.88449,1,1,2017,64,24,59,22.427512738567383,51.55443145285873
-80.828665,35.374562,1,1,2018,71,20,100,19.012409271119253,49.31473520017066
-83.75438056,31.53220278,1,1,2017,77,24,76,14.881667294644469,36.10386170398528
-93.4438,32.428,1,1,2020,168,7,18,20.82779119998071,73.89874515500004
-89.65695567,32.79233553,1,1,2019,77,22,99,20.267549173743262,79.3007778761015
-83.82421667,33.19930278,1,1,2018,99,23,98,23.01775677299882,79.24993604839752
-83.76575,32.61708333,1,1,2018,102,14,0,17.23345120478135,26.75152639738361
-82.1411,27.05,1,0,2018,109,19,65,15.323157632255397,24.008190302434933
-79.75,34.583332,1,1,2019,193,22,0,19.985756219623706,40.44658579305871
-77.732876,36.106846,1,1,2017,302,0,0,14.27349090075782,37.87224290450557
-81.1949,28.0845,1,1,2017,72,16,77,12.944478123279369,34.68530340777647
-89.8076,30.9106,1,1,2018,22,19,86,19.26473645824262,67.79108069448694
-83.06138333,32.62730833,1,1,2020,124,19,0,16.52234900087771,41.930048230700415
-81.344131,33.889996,1,1,2017,232,16,0,16.21823579512213,40.30160868780367
-90.9142415,34.0991284,1,1,2017,80,26,89,14.565370813883803,32.352268753164445
-79.078514,35.268224,1,1,2018,51,15,0,19.165277785382255,41.653370318144844
-81.2819,35.9011,1,1,2019,91,15,0,24.771099177722967,76.1137110938649
-78.324167,35.6595,1,1,2019,179,0,32,20.654928435414014,63.24610184248604
-84.8553,30.5846,1,1,2018,127,11,0,17.388923928468508,75.88026818104115
-80.633126,34.849271,1,1,2017,82,27,100,18.378809052038815,41.213272225986834
-79.122999,34.950801,1,1,2018,84,22,24,14.992962091503282,37.54656650642062
-89.43945924,30.38447589,1,1,2017,145,14,54,16.242200727691927,50.78210311386139
-88.545,33.34194444,1,1,2020,244,18,0,12.487167703999905,26.685448432205302
-88.94787358,34.89658281,1,1,2017,328,21,71,19.03018865970843,58.059946335234194
-84.14944444,34.62416667,1,1,2017,96,33,100,30.5796630125547,99.74412892885213
-82.183,33.05847222,1,1,2018,19,17,1,14.941686207090171,32.00593260183949
-78.966999,34.750442,1,1,2017,331,15,99,12.426767973472236,39.73090020172515
-82.454793,35.797522,1,1,2017,60,27,1,30.72147600265509,77.27666302800068
-80.287283,36.023783,1,1,2017,16,17,0,22.2387414716182,40.77295599728778
-82.226833,36.26345,1,1,2018,87,31,100,29.71228139083506,81.62800678989443
-89.16569906,30.55537854,1,1,2019,267,20,80,18.169528815870304,43.75551158770096
-81.9765,31.53930556,1,1,2018,47,0,48,14.893984106488192,68.71266448737957
-79.234585,35.358276,1,1,2017,181,17,0,19.258429568494538,52.9250988888975
-81.5885,26.2028,1,1,2017,141,6,0,9.285239902016368,31.940488478037707
-82.393611,30.763333,1,0,2019,159,16,95,15.683306825048028,89.30705838065914
-77.973758,35.233412,1,1,2018,53,21,0,17.008055608155033,40.469132751563826
-81.61357778,32.88678056,1,1,2019,69,20,0,18.496188052533153,64.53059134264208
-80.410651,34.848112,1,1,2018,71,23,95,13.546190723492424,35.483022899104796
-80.618256,32.9319,1,1,2017,275,18,0,18.266379756879797,52.134134179150685
-83.82919444,32.78441667,1,1,2019,274,19,3,21.685008730490313,61.137890832008495
-89.36443553,32.30717594,1,1,2020,80,28,100,21.79749585623193,86.22618007458713
-89.32833333,30.47972222,1,1,2020,88,15,28,16.78542097828587,43.76336132901628
-93.14944444,30.97194444,1,1,2017,9,24,14,25.3399376410323,80.97285553306655
-88.091,31.125,1,1,2019,335,17,0,15.568517748045627,58.63850659529519
-80.9344,25.6475,1,1,2017,77,9,99,2.185241798236768,2.160342407764122
-88.218,33.887,1,1,2017,60,11,35,19.12952318848962,78.53657292214464
-83.27719722,32.30230833,1,1,2017,64,13,0,17.07832891767247,45.5280542998479
-80.241218,35.510873,1,1,2019,273,18,97,18.41778752852223,46.05091828907571
-81.493446,35.070312,1,1,2017,331,24,48,21.997992556378296,69.45357787752152
-85.457,34.102,1,1,2019,264,19,0,20.024357873574647,59.80075628475767
-85.2352,29.7354,1,0,2020,248,13,78,11.536472012334901,85.24647045140459
-80.8031,28.4141,1,1,2017,84,15,0,15.667106567442458,36.32696140529842
-79.205908,35.300377,1,1,2017,22,21,85,20.46368144539936,67.8901698420415
-81.875033,36.2713,1,1,2019,173,25,0,29.759803269972096,73.05914337765428
-78.142823,34.360138,1,1,2020,112,23,0,19.096593313017845,75.80501339854834
-83.11232222,32.35355,1,1,2017,88,16,76,15.458243485951055,44.18525164533238
-89.44843766,31.20114764,1,1,2019,79,25,83,20.776397229138542,62.447210712331206
-82.57794167,31.95798056,1,1,2017,88,9,19,19.664038443594293,76.65489624558776
-78.132133,35.939,1,1,2017,227,21,86,21.337727522150818,59.754880445045586
-89.48541437,34.17751405,1,1,2019,268,21,93,20.996355436692113,69.36629145513756
-81.646744,33.615067,1,0,2017,78,0,21,17.134298540250587,49.242464965996206
-87.306,32.637,1,1,2019,85,0,8,22.504710724217684,66.68773671289236
-81.3845,29.4506,1,1,2017,30,18,85,18.51997494743438,51.06325299551565
-76.666067,35.610433,1,1,2019,152,0,0,5.837816516684739,10.129979476115684
-80.156333,36.174167,1,1,2020,173,0,0,21.12411801571095,45.68943156030894
-79.989914,34.758598,1,1,2018,6,0,0,20.10599325647388,53.474665844981075
-81.189735,32.86438,1,1,2018,57,21,50,15.88839988093719,70.44065876173761
-85.871,33.678,1,1,2018,131,10,0,22.38557895101709,64.95017165457178
-76.662359,35.895683,1,1,2019,275,11,0,15.383594540911117,44.94461096189786
-81.34374167,32.55754167,1,1,2020,98,21,100,20.02703011974334,84.50343732069621
-85.2696,30.8525,1,1,2017,318,10,95,19.23572803602115,86.55998701228422
-83.726725,33.949275,1,1,2018,60,22,0,21.295284745791303,42.41658584025915
-78.496605,35.242382,1,1,2017,102,17,0,12.511484842936737,41.71078100788164
-86.82,30.49,1,1,2019,76,16,33,13.06675140966722,9.18083404625141
-83.34197222,31.47005556,1,1,2017,73,15,0,17.547036364774385,53.21569734309646
-92.67944444,31.06638889,1,1,2019,79,28,99,17.98968367779587,82.71472614573884
-84.346375,30.84620833,1,1,2017,63,19,0,15.952070349418552,35.886288485163384
-81.6478,28.8503,1,1,2019,79,16,32,14.006337710797434,23.188619398864862
-84.32313611,31.79703611,1,1,2019,247,12,0,12.447499181686963,39.560238720893175
-84.44971111,32.87329444,1,1,2019,254,24,32,21.38943856450453,74.43539339970515
-82.0145,32.95972222,1,1,2018,11,15,92,15.205028495692511,49.369108473115084
-89.02568578,34.84612945,1,1,2017,77,11,0,24.250977177505387,83.45189574501654
-83.88184167,33.08263611,1,1,2017,52,26,95,21.995687123284778,72.48052191548581
-87.322,31.232,1,1,2018,81,12,99,18.489740248176723,70.91724561677727
-78.413683,33.914904,1,1,2017,61,23,30,19.159701795737394,50.06379411803167
-84.9506,30.7488,1,1,2017,68,16,37,12.342534411173892,46.71077008082163
-82.540095,35.331303,1,1,2020,98,25,0,29.22253637823004,72.81187181972692
-93.04361111,30.98555556,1,1,2018,64,20,80,20.42426980560712,70.095074428043
-82.299355,35.048347,1,1,2017,103,23,24,22.008135341535873,55.88345631869546
-79.203389,34.765242,1,1,2018,129,26,26,13.086447277604867,30.625091593586003
-82.9619,30.2252,1,1,2018,22,17,0,15.14001929221679,45.61874703860838
-79.147287,35.846392,1,1,2019,176,23,59,25.531676295215952,81.19809320410178
-89.8916,30.5639,1,1,2017,260,20,27,17.486742140284985,72.56192347460781
-84.41067778,34.965475,1,1,2020,327,29,100,27.326289790015494,80.97744213315701
-86.541,33.368,1,1,2017,62,23,39,22.22946134212485,72.25736869535005
-80.74590283,25.59630462,1,0,2020,214,1,12,3.9657723671980896,5.905198411683276
-80.715622,33.395309,1,1,2019,262,16,0,17.049130737410987,39.4193042471449
-86.696,31.768,1,1,2019,149,14,99,19.344547305551806,74.12248184570868
-81.5948,27.7056,1,1,2019,156,12,19,10.387050622593256,23.488785271006325
-81.68124444,31.83953611,1,1,2018,47,18,3,16.791455451383072,66.11812634380533
-92.436,31.033,1,1,2018,149,22,99,20.4370972761593,88.71265153131351
-88.66488933,32.71741702,1,1,2019,76,23,37,19.92196242793012,75.30381690320121
-83.07979444,32.432375,1,1,2018,24,16,0,17.058427496185153,41.61093554651131
-85.12665,34.28665,1,1,2017,134,27,96,23.770570188004314,57.18354108998678
-81.2728,28.8803,1,1,2017,71,19,96,13.797735116981322,28.143785150148727
-82.4483,28.665,1,1,2017,333,20,9,15.734722764001123,50.07595262259857
-90.4056,30.8568,1,1,2017,59,17,83,22.045125399540737,71.6641306259385
-81.8986,29.8443,1,0,2019,147,25,56,19.044555231383093,53.71237411566593
-89.51358327,30.25159842,1,1,2018,123,16,25,16.470463786775824,64.86014538128559
-81.4977,29.8396,1,1,2017,135,13,0,11.646359427317547,35.91022342993517
-82.6168,29.2421,1,0,2017,142,24,85,21.11694722743986,84.86523209767905
-85.69,32.085,1,1,2017,27,23,87,21.241072348828,73.87872548941068
-78.950303,35.741006,1,1,2018,121,0,0,22.69969647851513,67.81689506711314
-82.3916,35.305162,1,1,2019,35,17,35,18.180918693355952,23.504081769126707
-77.649697,34.706451,1,1,2018,17,18,19,18.00692156258648,74.93773723251833
-82.54211389,33.44514167,1,1,2019,262,16,0,20.9250636073836,51.212507725282364
-79.739404,36.147202,1,1,2019,30,24,33,22.38540730563423,52.330946072854715
-82.3453,29.8679,1,1,2017,30,18,45,17.142682495607396,42.94077327349896
-81.9662,26.8349,1,0,2020,146,15,20,12.207028561077237,28.87590029726334
-80.494558,36.13015,1,1,2017,46,17,2,19.092870803147655,47.10881423840468
-84.41472222,30.15138889,1,1,2018,129,25,69,20.35413862489046,76.83342327021403
-93.2573,32.3058,1,1,2018,213,13,43,17.858546437710224,58.58170780758465
-82.9967,30.323,1,1,2017,129,19,0,16.441694090713995,44.74126749221965
-75.857517,35.742883,1,1,2020,264,16,30,13.904758842278298,80.09025493315872
-87.032,34.029,1,1,2017,62,26,100,18.434227087226834,45.87944868439611
-80.8318,27.5744,1,1,2018,78,8,0,11.974474482929503,34.98041587627082
-88.356883,36.023817,1,1,2019,326,14,0,17.52528904707044,42.262404351527564
-89.07683847,30.81470122,1,1,2017,48,17,70,18.41482343179286,48.55207041971407
-81.56256944,32.86504444,1,1,2018,100,4,68,15.740403570913402,81.353488236649
-88.083,31.251,1,1,2020,87,19,63,18.400104683781382,65.59226168022852
-91.0268653,31.2308781,1,1,2017,42,28,99,22.685005933186115,86.83109834316082
-82.9742,29.8767,1,1,2017,83,15,85,13.959062452031672,57.30241068232063
-85.857,31.197,1,1,2017,115,15,0,14.252252152914838,24.997897109334144
-82.482134,35.465976,1,1,2019,152,26,27,25.447581480073904,50.09989758174848
-78.598008,34.692795,1,1,2018,73,18,76,19.82668447524721,73.24101687009245
-82.9649,30.4518,1,1,2018,300,20,30,17.20860676633608,64.24484545185334
-88.22929106,34.8740314,1,1,2017,89,1,97,19.50761633724482,64.94068304993583
-87.602317,35.329517,1,1,2017,77,0,4,21.687041763614957,59.74977887483286
-82.21261111,31.08333333,1,1,2018,264,15,0,15.915068470702606,80.85508106984668
-83.91572222,31.51322222,1,1,2017,16,21,0,21.447207496624422,62.76113960818241
-81.24334,33.659512,1,1,2019,76,18,21,15.79217915072567,64.98820295018056
-89.31583333,32.825,1,1,2017,214,13,0,19.994960739091596,68.0169324080941
-80.5349,25.62421,1,1,2020,117,2,12,6.40747752425514,16.06634856941492
-83.20559722,30.97285556,1,1,2020,87,0,0,12.273467977218196,18.24528439553788
-80.0823,35.246817,1,1,2019,182,23,100,15.02525610587175,55.2919185913325
-83.51255833,33.564725,1,1,2018,363,13,0,18.022664846197088,45.04798333937358
-81.92638889,35.92833333,1,1,2017,295,28,67,32.45798041427401,88.59064772254534
-81.98018889,32.18404167,1,1,2017,57,20,93,15.410645645197617,43.81314002960908
-80.96725,36.19795,1,1,2017,28,26,97,20.37769226187548,55.45586825205065
-82.62,33.50580556,1,1,2019,33,25,99,22.358263044181907,70.13082110419641
-85.273,31.33,1,1,2018,3,22,56,16.528291455370432,39.44957492287232
-86.1038,30.9673,1,1,2020,200,22,88,19.005602316706803,64.2235857495331
-78.835867,35.290694,1,1,2017,266,19,47,18.043321044787827,59.171120394713114
-82.5747,29.3576,1,1,2017,111,8,2,9.211132437619963,7.449728182489954
-88.68277778,30.96944444,1,1,2017,98,10,0,20.77233304660837,59.525698813152616
-79.659726,36.413626,1,1,2017,53,28,95,21.954937883274752,50.78542242107425
-88.84222222,34.54416667,1,1,2020,37,19,0,24.254795851562402,78.85181147004765
-87.623,33.836,1,1,2017,92,18,0,22.098515134209013,82.73291411637199
-88.33199891,34.43279658,1,1,2018,60,20,99,22.638989629891725,73.79965220646153
-83.185275,33.19085833,1,1,2018,263,19,0,20.941184234627386,64.67369809180941
-78.583067,34.350217,1,1,2019,80,16,84,18.572119302722196,77.55321418906257
-80.974281,33.206398,1,1,2020,64,18,0,19.690356378583388,67.46021587040387
-79.69012,34.896817,1,1,2018,89,10,0,20.76592098891374,36.360923985255134
-89.12444444,32.93638889,1,1,2020,151,20,0,18.661971122669105,73.65148637424149
-79.327167,35.212184,1,1,2017,35,9,27,20.97112196684556,38.15160933154803
-79.080661,36.286313,1,1,2018,24,16,0,19.513732781205107,45.981293808893504
-83.66331389,31.28909722,1,1,2017,53,0,0,20.308721954544595,59.65145593673659
-83.06138333,32.58391944,1,1,2019,281,15,0,18.74350408612858,71.04931084849292
-81.558182,35.785022,1,1,2020,86,26,62,23.40301576970682,66.4434135204166
-79.071431,35.332134,1,1,2018,100,29,100,20.957348768168032,56.2040922846704
-87.737,32.164,1,1,2019,273,20,71,19.33391012238076,74.32523964900393
-92.7795,32.603,1,1,2018,223,14,61,20.726747997720086,84.31788165633338
-79.640259,34.975977,1,1,2018,7,5,0,19.6857898270942,48.96479289711613
-93.467,31.5534,1,1,2018,234,23,0,16.66369316826023,58.18058640425205
-85.825,34.272,1,1,2018,299,19,0,20.580654365358804,50.584562816269035
-81.926,26.9946,1,1,2019,312,9,70,8.711392360124968,28.689409194182097
-82.98944444,31.24777778,1,1,2017,128,11,83,16.541004633780165,55.54555179512605
-81.97,30.7528,1,1,2017,71,18,10,16.932193015739394,48.85106365689957
-83.48388056,31.56213889,1,1,2019,175,20,100,17.284689827651835,54.46339806268482
-82.369645,35.367711,1,1,2017,48,7,0,20.735330113743004,32.85790429980135
-82.048683,35.86005,1,1,2018,81,27,0,30.00475418636825,77.41685739391644
-78.636041,36.250642,1,1,2017,330,22,0,19.10665010135358,45.24811101368607
-87.83,32.456,1,1,2019,281,17,0,20.176713959105157,54.853119440019306
-77.943392,35.79461,1,1,2017,60,20,0,16.10655531146771,28.504311501854716
-81.7954,27.8194,1,1,2018,180,21,0,14.271235995683568,37.23957308388081
-81.4951,30.6247,1,1,2018,171,24,91,8.190048203911282,23.40637730056359
-89.19699266,32.68967275,1,1,2017,301,26,96,19.218115601001145,60.19346504398021
-80.75499,33.339996,1,1,2018,118,22,0,20.096821949475245,66.70420336216316
-81.543373,35.065174,1,1,2017,46,17,6,21.955449618041,65.41263273034976
-79.580269,33.965096,1,1,2019,16,13,0,18.45906535164532,51.69312401654042
-88.746567,35.417867,1,1,2017,335,21,0,20.3093033078199,55.51352600918514
-81.799456,35.722058,1,1,2017,102,31,97,24.795255339124143,62.35335419603952
-86.295,33.222,1,1,2019,77,17,2,20.017161756862176,57.30464793151359
-81.5486,27.605,1,1,2017,116,10,0,10.747265767954737,18.84871142442972
-78.824064,35.369646,1,1,2017,52,16,0,16.215978749489178,43.48880510709165
-89.49071778,31.0546804,1,1,2020,64,16,99,19.377665837490493,60.00151732367861
-83.0489,30.2913,1,1,2018,362,10,99,15.224809810002814,54.51687604097496
-78.935727,36.312413,1,1,2020,65,27,100,19.950788189777633,51.93256012982099
-80.960869,32.589867,1,1,2019,113,21,88,19.56068532844193,77.30803957913972
-84.68301944,32.30391944,1,1,2018,72,21,30,20.49606742627597,74.24652761128434
-81.75386,33.896,1,1,2018,5,13,65,20.779811615055014,73.84545835077444
-85.765983,35.274217,1,-1,2020,65,28,100,24.447213542416954,65.46729775140682
-88.78916667,34.68555556,1,1,2020,341,18,30,22.429261828669407,74.6504380861556
-80.456397,35.520127,1,1,2019,25,12,0,20.67814878633116,48.86266135155659
-79.023694,34.846007,1,1,2018,93,20,94,16.15288783777773,48.724048563728246
-78.376275,34.088445,1,1,2020,72,11,0,20.182008198755813,76.64764641703078
-78.4679,36.0464,1,1,2019,79,30,100,21.92213389803772,62.97595070889096
-82.40633333,33.39997222,1,1,2017,42,23,17,18.35469732477018,44.04604572472024
-82.64255556,31.66326944,1,1,2018,71,16,51,11.015418691900672,63.62234704607392
-81.028816,33.520237,1,1,2018,71,0,0,18.453074338658933,50.275691185512585
-82.54477778,32.7125,1,1,2019,35,18,18,15.67729820071415,61.03364112246681
-80.05455,33.175301,1,1,2020,124,17,17,17.73398616676792,54.31813409448238
-81.38929722,31.72552222,1,1,2018,27,16,85,14.304168826017591,53.52421942647583
-81.2719,29.5999,1,0,2020,227,15,18,14.856528361157055,16.14056299739109
-81.821209,35.23566,1,1,2018,90,23,0,21.18033446879485,48.58331059478882
-82.028667,36.324,1,1,2017,240,26,77,25.86845924189304,69.16598444951168
-84.77498611,31.63873333,1,1,2018,24,21,70,12.931721816553118,42.026510963947246
-79.279876,35.279641,1,1,2017,56,19,65,20.696532520055705,46.25086066269739
-83.43786111,31.86988889,1,0,2019,188,16,0,7.679161922237792,22.866377429896662
-84.03666667,35.09916667,1,1,2019,80,21,77,25.77578874825608,66.70184604038649
-82.7515,29.9,1,1,2020,23,18,80,16.849473704931686,62.10564478893172
-81.165548,35.930276,1,1,2020,321,29,100,19.82645742922787,33.56579756597362
-86.608,32.758,1,1,2019,335,20,17,17.049248725659574,42.9790221652094
-79.755066,34.05537,1,1,2017,80,19,37,21.39224730286865,55.532376786996544
-89.39856118,33.07294448,1,1,2019,151,20,0,20.044527491750493,82.2259874919448
-81.404015,33.858257,1,1,2017,53,21,27,15.081083078540171,30.08114241144926
-80.363449,34.132904,1,1,2020,92,11,0,13.717573519339991,41.53446589151129
-81.7028,29.6352,1,1,2018,74,16,1,16.893311534326088,39.991828248018
-85.673,30.993,1,1,2017,210,10,86,18.805905739698524,63.02752343152642
-78.275866,35.859,1,1,2017,35,15,1,21.23831411943509,48.66548913529349
-82.6303,30.2907,1,1,2017,83,22,78,16.42892606171708,66.96503441312625
-84.64703611,30.93939444,1,1,2018,50,22,0,9.870387271287822,33.58688000778539
-85.3568,30.8129,1,1,2020,125,24,100,18.010623355016428,57.21542159412954
-92.796,32.2581,1,1,2020,97,20,90,19.63036012350748,87.870943840768
-88.514067,36.038717,1,1,2018,71,20,61,18.678022674531555,50.071490830130585
-89.52334043,30.64430981,1,1,2017,125,22,99,18.927775096722474,70.93917290113694
-81.266716,33.194714,1,1,2020,156,18,37,15.747005769031286,50.54893728126511
-88.399,30.526,1,1,2017,76,22,0,19.895852829631107,55.27425056062028
-93.5261,32.1428,1,1,2017,306,17,0,11.880681328391018,21.930876572169694
-89.32664845,32.79332688,1,1,2018,4,18,31,20.02161143152737,67.43512520301945
-79.69722222,33.02222222,1,1,2019,216,24,98,20.032661430972343,92.39922152872101
-85.777,34.351,1,1,2017,275,18,100,22.262556306748433,62.892816903240885
-86.609,32.935,1,1,2017,87,16,69,20.696102894717125,72.48569032698373
-75.810218,36.10032,1,1,2017,61,21,74,14.37847600171125,30.786020963207427
-80.05806,34.520138,1,1,2018,188,18,26,16.73531852780844,36.635612959515136
-81.852829,33.376316,1,1,2019,192,24,33,19.139741535832563,55.32438116043112
-85.44492778,34.98012778,1,1,2019,317,25,37,26.73330530057202,83.51212672113704
-81.192871,35.160049,1,1,2019,76,26,67,21.2203910409207,54.72903970583309
-92.5938,32.6477,1,1,2017,80,24,100,21.764984433316684,82.43589546257915
-82.02022222,33.19133333,1,1,2017,98,19,0,17.44518752340699,58.613242605266954
-82.1614,28.5437,1,1,2018,172,15,11,15.959151282029563,52.345275042289714
-85.74088333,35.36255,1,1,2020,310,24,14,22.248029095856705,65.55275724522214
-85.1918,30.8292,1,1,2019,83,8,0,10.613565577486044,22.32162883339287
-79.333688,34.561736,1,1,2018,88,22,0,10.751128465443177,23.404909169718568
-86.64583333,31.02194444,1,1,2017,128,22,75,23.465434574614722,72.95957443360453
-82.91949722,32.13245,1,1,2018,18,19,0,18.840050145050995,70.48407182624202
-83.06759167,31.85249167,1,1,2017,321,14,0,16.03514497063818,58.416114766649365
-81.827675,32.63263889,1,1,2017,67,26,100,17.95760060646831,64.40904880334007
-78.47306,34.858568,1,1,2019,121,22,89,16.157606842091464,57.89466769426527
-81.3544,29.1987,1,0,2018,193,20,86,20.926566695515167,72.49174883894972
-78.325918,34.376987,1,1,2019,70,19,93,17.670506284678382,55.306044786407476
-79.384512,34.942876,1,1,2020,105,15,0,19.82019334890213,53.34726499524617
-82.312813,34.438663,1,1,2017,104,23,28,22.287454038125524,62.52591385355993
-78.003148,34.760859,1,1,2020,94,28,98,16.006835766668942,36.28328478398778
-81.207848,32.720119,1,1,2019,283,17,0,16.54955019638189,57.27469511467511
-80.343201,33.778362,1,1,2017,24,13,0,19.289336792460308,51.907709435741594
-89.42138591,30.54153109,1,1,2018,60,23,97,17.66358700567604,52.66185036997619
-81.77923324,29.00720544,1,1,2020,148,25,87,20.738264921821322,67.84025942167601
-78.973477,36.393085,1,1,2017,78,25,73,22.87380448629499,45.88279095491923
-79.155785,35.286425,1,1,2017,41,16,37,17.32232758530758,50.77865845501601
-89.12633,30.436838,1,1,2017,48,20,2,15.968496439686268,37.156080421946236
-81.419441,33.198242,1,1,2017,301,0,30,16.46241340199051,40.68355131461304
-80.9797,27.4719,1,1,2018,52,8,2,7.795009824618621,12.175694191996865
-79.761559,33.960255,1,1,2017,319,15,14,18.2210149965771,48.65480833577317
-85.45246389,34.85805278,1,1,2018,260,20,100,25.967793901757766,82.11282030061966
-78.97189,34.473891,1,1,2018,91,13,0,20.151609859188248,66.10215539862922
-88.73222,30.49083,1,1,2017,327,11,20,16.947701319968797,43.68763393111765
-81.0828,26.8403,1,1,2017,104,10,0,7.502812197228366,9.784318192044635
-83.8165,35.717765,1,1,2019,224,23,67,27.12374341480823,79.94643656807119
-88.855017,36.5014,1,1,2019,76,22,0,14.663161393490041,14.385895532597297
-84.382183,36.3921,1,-1,2017,318,30,68,29.358676534032423,85.57239011964802
-89.33970514,30.48780472,1,1,2019,267,19,89,16.761369273566945,43.51916062111429
-82.76861111,31.25055556,1,1,2019,103,20,43,16.02893364575858,63.80480536312367
-83.87901667,32.93073333,1,1,2017,14,25,100,24.535544129565395,85.46908645528563
-78.957562,34.763453,1,1,2019,328,8,96,13.39208709325477,42.086113326359644
-79.9935,34.684418,1,1,2018,90,23,55,22.311046609828136,84.83442697724081
-78.571938,35.140082,1,1,2018,101,24,32,14.51833232300008,36.26389418665786
-79.93232,33.549778,1,1,2019,148,18,100,18.81863915122456,74.88307820002308
-81.6514,26.6819,1,1,2018,86,16,4,13.315451981155782,36.111127381270876
-79.254191,34.551546,1,1,2019,97,24,32,15.463210188876328,41.26313425900689
-79.816948,33.534199,1,1,2018,51,24,96,21.98007126415035,75.6475267709833
-82.34319444,32.12458333,1,1,2018,17,1,99,14.131940388959302,50.31898532814826
-82.6857,30.3203,1,1,2017,346,9,0,17.412803147117945,59.903761399003216
-81.434192,35.518411,1,1,2017,28,26,37,20.510030766691514,44.68375000641295
-77.032312,35.151646,1,1,2018,106,21,61,17.915902398667594,49.03018363234361
-79.935951,33.565987,1,1,2017,79,20,0,16.535109686200688,58.956228858961715
-84.07845,31.34489167,1,1,2017,76,24,88,18.932679953790178,69.81838957319434
-81.4859,28.1417,1,1,2017,129,7,3,11.874482309587252,23.308662012539457
-85.09148333,33.55078889,1,1,2019,227,22,2,21.08021589706121,39.21240934772389
-82.675,28.3847,1,1,2020,181,17,33,12.393544351054908,33.59195075626292
-84.86666667,33.55861111,1,1,2018,60,29,100,26.340298578174124,82.97958904973007
-84.45583333,32.46777778,1,1,2019,3,7,0,15.551553467820645,50.41304515466825
-89.59670045,30.83986662,1,1,2017,38,18,60,19.528942732723504,58.302193996006
-80.093315,34.246029,1,1,2017,337,16,0,16.322668835417755,34.22548524086186
-80.08870302,35.41945694,1,0,2020,337,15,100,21.22421733079791,74.21789606433504
-81.17242,35.908703,1,1,2018,101,26,50,18.705749100173676,28.763149632027275
-86.369,33.368,1,1,2019,264,18,0,14.409805581798032,30.379648712745155
-80.059571,34.834752,1,1,2017,248,18,0,18.75844631425202,51.649612980669765
-82.741466,35.24085,1,1,2019,90,20,33,27.059313499341762,60.98923779051659
-76.746989,36.05089,1,1,2019,70,20,0,15.378329509562862,44.32805803423551
-81.96813889,30.89286111,1,1,2020,195,13,84,15.461250034311439,75.1952164083037
-82.90944722,33.52927222,1,1,2018,18,22,0,21.648950592826786,62.75160731786143
-86.3581,30.8979,1,1,2019,196,22,76,15.877546966497597,50.22451706074364
-80.8926,27.2659,1,1,2019,16,8,53,9.090057466073572,10.941022056495784
-86.362,33.999,1,1,2017,78,27,100,22.45812347951871,79.1290883912941
-89.40194444,30.52527778,1,1,2020,97,18,22,16.15839535118031,57.7886142000782
-79.40787,34.957308,1,1,2017,357,22,57,20.996918713471636,47.23708381764179
-82.4325,33.46055556,1,1,2017,99,23,46,20.06255573102999,50.275521607088876
-82.2557,26.9743,1,1,2018,124,12,28,11.095015585607637,28.28400616800223
-80.95858,32.482265,1,1,2019,136,26,45,20.317271819958133,58.061485532581266
-92.6774,31.8335,1,1,2017,27,18,80,19.05905685796087,69.42160970999092
-79.28209,35.337857,1,1,2019,177,20,0,20.283272314953457,57.08891848324901
-79.545662,33.486038,1,1,2018,53,21,74,21.461334885504712,84.33189283536265
-86.304,32.272,1,1,2017,288,9,0,12.123628050066504,20.465915389370906
-83.1318,29.6302,1,1,2019,20,21,61,16.90153192950877,42.18893722638935
-82.25874167,31.50326111,1,1,2019,247,12,89,13.291536100966026,56.20278596591169
-81.793884,33.423637,1,1,2019,211,21,85,18.32915008182303,56.053640663057806
-80.021049,33.928772,1,1,2017,65,3,0,9.109064487020758,20.66342135680626
-80.3843,27.3432,1,1,2017,89,12,0,10.334000709240845,7.572319631353951
-81.9947,27.7522,1,1,2017,60,8,0,10.397865730529066,24.05273683740754
-82.35683611,31.77631667,1,1,2020,196,13,0,16.70597731817106,31.39805908484405
-81.56144,33.528145,1,1,2018,78,13,29,10.063784676442014,48.729383481562294
-81.5318,26.8552,1,1,2017,92,14,0,9.534146506436993,47.217207433422274
-84.25138889,32.48244444,1,1,2018,21,15,0,16.33850115279366,58.42605304295119
-90.4974841,31.2185386,1,1,2017,79,22,50,21.64374403853162,62.85901458181719
-93.0404,30.9553,1,1,2019,89,15,0,18.6108900267565,73.06259712811585
-82.3182,26.9234,1,0,2018,191,17,20,11.466800444332938,18.85268494474983
-79.314581,34.905115,1,1,2018,58,14,0,13.782839279319777,43.198964043950596
-76.301424,36.238527,1,1,2019,289,4,0,13.169762617876344,32.27013726487037
-86.014,33.229,1,1,2017,102,26,70,23.252840557010217,89.29633926099731
-87.873,30.724,1,1,2020,128,24,96,22.250888804262914,84.97365747401108
-83.93558056,31.62335556,1,1,2020,217,12,0,12.300836673751053,42.76401916186949
-83.71837778,33.87144444,1,1,2018,116,19,28,21.206356575163692,43.28571615482846
-78.811777,34.553172,1,1,2017,41,24,0,16.544900932168986,41.08722635505185
-93.5108,32.0664,1,1,2018,3,15,79,16.44466935124962,67.41263677419876
-77.168219,35.768718,1,1,2020,110,13,0,13.897143325798242,37.55639205417237
-79.288575,34.684804,1,1,2020,87,22,0,15.374406447629017,41.416810934649185
-83.41752778,31.92616667,1,1,2017,333,23,0,14.62607109307995,45.68939533763995
-83.12097778,33.93174722,1,1,2020,197,22,0,20.37852205284609,61.519458310344554
-81.3894,29.8512,1,1,2017,112,7,37,16.82587505032306,67.17437108594454
-82.92416667,31.44833333,1,1,2017,326,18,83,17.785423463283227,41.30847974444606
-89.48138889,32.97666667,1,1,2019,62,24,83,20.411600618940334,76.1033385066482
-78.904728,35.420772,1,1,2019,74,20,0,18.949756083464916,44.00957762395816
-79.813417,35.71955,1,1,2018,108,24,55,23.93288877742209,45.51210206729257
-88.48840488,32.3673635,1,1,2017,108,24,100,21.188435922340453,75.33457916061056
-88.317983,35.82055,1,1,2017,32,22,15,19.23681780666459,49.49230891113403
-82.06652778,30.89452778,1,1,2017,297,14,75,16.3949944428436,67.62678699892358
-85.1849,29.7414,1,1,2017,32,19,94,14.456180929638473,78.60696458869246
-81.2142,29.4798,1,1,2017,108,9,85,15.007846049211944,49.98806518876211
-82.663643,34.430157,1,1,2020,135,20,57,19.102877137350863,29.325582060374153
-83.97716667,33.39061111,1,1,2020,355,22,49,20.952985333147897,69.790832611882
-82.17499722,31.40983056,1,1,2020,173,10,0,11.83568231390823,44.87860603109964
-84.60570278,31.66641389,1,1,2020,274,11,9,11.498491259098019,27.719308787158592
-89.6546318,30.67590901,1,1,2018,155,22,89,19.752537193891012,58.67273220118452
-88.46388889,34.86277778,1,1,2018,96,25,93,21.959922565247656,73.59490380960018
-81.042048,35.341079,1,1,2018,1,26,1,24.90399960518252,73.90287632915815
-80.726952,34.33783,1,1,2018,116,19,99,21.128534581072863,75.62363730524102
-82.721675,32.984125,1,1,2018,236,19,3,14.79097689842881,32.92578874736292
-80.137184,33.148281,1,1,2017,42,24,97,20.437813254130337,70.83152041968818
-78.161974,34.249201,1,1,2019,111,0,94,15.678731658570154,77.23155936821873
-81.0902,29.2565,1,1,2017,182,19,87,16.5800912782549,37.67623200998696
-80.065384,33.123085,1,1,2018,22,17,0,18.52595788181241,52.212415402320644
-82.3068,29.2756,1,1,2018,65,19,0,15.68342447535854,45.04543105202096
-79.683334,33.516666,1,1,2017,75,23,54,20.151240510869957,75.08805692483945
-79.683334,33.466667,1,1,2017,30,28,87,17.835274616969805,63.44295840190982
-82.359558,34.401077,1,1,2017,336,20,11,21.38329496703987,51.8690009023839
-82.129866,30.738312,1,0,2019,181,22,89,13.510259304080611,79.87927582834642
-84.12896667,33.15378611,1,1,2017,307,16,77,20.24022896698616,73.72803580240073
-90.8178,30.6919,1,1,2018,59,7,0,19.346530860829322,85.16465521680564
-83.70833333,33.76388889,1,1,2017,16,0,0,20.65931707595499,35.52771184087108
-85.744517,36.0131,1,1,2017,31,28,100,23.199524500322372,64.72447181976483
-83.92216111,33.55898889,1,1,2017,81,27,30,23.24591220162645,56.04764756246819
-80.9981,27.2998,1,1,2017,8,9,0,11.77622608565801,30.68846012732146
-79.590102,34.81485,1,1,2018,71,17,0,15.412455983602252,40.63707265067852
-81.565311,35.340797,1,1,2017,332,11,0,20.267609003161933,40.129384967002686
-89.59385107,33.6883517,1,1,2017,28,20,30,23.06764535120465,74.91380250811652
-85.5897,34.4067,1,1,2019,93,25,100,26.277401883830443,87.98893546424242
-85.571817,35.317083,1,-1,2019,78,25,44,26.146985763922004,78.65202342164882
-93.7098,32.7447,1,1,2018,213,5,100,18.178445084327436,92.24421086117994
-82.31301389,31.78493611,1,1,2020,201,17,80,16.483117870512952,62.74619636125927
-88.5275,34.60611111,1,1,2017,100,18,69,21.181248004020745,70.27116916132717
-80.4182,25.4188,1,0,2019,130,7,15,6.181621218419209,32.539985368255934
-89.38761596,34.40915569,1,1,2017,272,20,86,20.960061572614865,72.24184753638417
-82.002964,36.093448,1,1,2019,72,29,16,32.15834045647652,73.5811315661472
-80.032211,33.808899,1,1,2019,282,21,94,17.099431466899585,50.51793271043702
-81.4668,27.4342,1,1,2018,96,18,30,13.424490741841183,35.929802869539195
-79.453983,34.720996,1,1,2019,244,23,89,16.422914248669464,47.28226477072251
-81.65047778,32.16535278,1,1,2018,31,20,27,18.25143495325999,66.73775678992581
-78.495553,34.675159,1,1,2017,82,23,49,15.837743235096514,35.345077577850006
-81.62638056,32.34468889,1,1,2019,144,21,94,17.156652303152132,55.21711635189145
-81.5852,26.2144,1,1,2018,22,9,3,12.320604061794828,25.75751654870737
-78.338375,34.397516,1,1,2019,38,15,53,18.21034528652964,56.547212990268704
-78.516903,36.132079,1,1,2020,65,21,0,21.956074512238295,66.89456160669971
-82.0323,26.6418,1,1,2017,121,3,0,9.647514662466602,13.935580739576384
-84.829883,35.402183,1,1,2019,247,14,96,21.780551414838094,57.9681742516878
-82.423187,33.96447,1,1,2017,53,28,100,23.895125481441497,75.17269421695002
-82.80102222,31.9934,1,1,2017,27,13,96,16.13434811022763,55.86947828736695
-83.2473,30.0067,1,0,2017,185,16,99,17.55843790767618,86.75006754931101
-77.821783,35.4238,1,1,2017,48,22,0,11.154150156440107,18.35887755416525
-88.344,30.946,1,1,2017,7,21,0,19.55919207184485,56.18307559649787
-82.71547222,33.30191667,1,1,2018,105,19,0,20.374799997873744,55.34059803394762
-90.12733703,31.53549385,1,1,2017,329,25,93,22.367291383387133,63.24345770542887
-89.33194444,34.91083333,1,1,2020,94,23,50,18.62995476620532,36.09767444264676
-89.17675,36.063168,1,0,2017,163,13,0,7.153169957488938,2.743443345511616
-83.3214,35.4847,1,1,2018,70,30,95,28.444572608551894,78.5258864046973
-85.834,34.265,1,1,2017,73,22,38,20.79616484713871,53.380380307371695
-85.0295,30.7422,1,1,2020,218,10,0,11.018668361723725,41.70864642305712
-81.1311,25.86661,1,0,2018,179,7,7,5.594259394548192,17.64921316003665
-82.0224,26.7881,1,0,2017,148,6,0,9.252752676400123,20.540143151355544
-80.4999,25.6299,1,1,2018,83,1,0,7.329453534674149,3.0055667167737483
-80.915237,32.446896,1,1,2018,60,18,95,21.73801741607172,84.68820533280137
-87.856583,35.62295,1,1,2020,115,5,0,24.97908619458705,75.29984475550275
-76.275612,36.355615,1,1,2020,43,16,1,16.364912756508403,39.2158755460344
-82.02071389,32.49979444,1,1,2017,17,10,0,15.536288024290162,41.825039872408276
-80.449997,33.950001,1,1,2019,146,28,100,20.75881141727089,42.85811358443013
-81.0063,28.7103,1,0,2019,195,4,20,13.683768203969615,32.83636147528975
-86.474,31.059,1,1,2017,101,17,85,15.776697978149626,64.25914996328132
-85.40285,35.252617,1,1,2017,329,0,0,28.77235658878663,77.63083095912766
-79.45721,35.083852,1,1,2018,169,24,86,21.25274517972381,41.93870050960406
-81.875183,33.638809,1,1,2018,23,19,85,18.183770267973202,48.09672544080606
-84.088638,35.169729,1,1,2019,311,29,76,30.379499921387517,96.10285040035443
-84.22289722,31.84913889,1,1,2019,252,14,95,19.1518518721802,53.32587843174002
-85.02800556,34.29626944,1,1,2019,90,20,0,23.56096701069698,72.05522691176088
-82.00542778,32.74541944,1,1,2017,63,17,0,11.275374326962284,40.00131212028035
-81.434845,33.588272,1,1,2017,57,20,100,15.996614416085885,47.34802858538071
-78.984424,35.582635,1,0,2019,148,21,0,17.175073441091314,66.19950737022334
-82.5761,28.4355,1,1,2017,61,14,0,13.90121972894245,14.41350228511722
-78.907404,35.45346,1,1,2017,29,20,0,22.131910199675104,78.0313173143824
-81.859039,34.260895,1,1,2019,80,21,77,21.39516954908825,78.89943006288063
-89.42010019,34.17738638,1,1,2019,268,23,91,21.48799751600767,81.31439790985468
-81.5379,27.0212,1,0,2020,219,15,51,8.927073470399927,22.655971854871773
-81.7232,29.6868,1,1,2019,257,16,4,15.418349380940137,51.47834063024508
-80.297012,35.486467,1,1,2017,226,15,32,20.07897000196068,55.1379495299712
-81.802035,35.671278,1,1,2017,66,28,81,24.505920563833733,57.92762937225874
-77.65494,34.716274,1,1,2017,65,21,61,18.652250284722477,79.6430310880829
-80.8528,25.2283,1,0,2018,190,4,55,7.822115564564195,52.85312246969333
-78.62039,35.351915,1,1,2020,77,26,3,14.52590810213673,31.442241204247573
-78.297185,35.917315,1,1,2020,132,7,0,18.67081187128242,37.677376208939464
-83.2925,32.88663889,1,1,2020,263,6,0,17.982240228164333,61.9869223093598
-77.519171,36.007861,1,1,2019,8,22,94,18.261726542433752,60.743281451170866
-81.3502,27.2792,1,1,2017,134,0,0,6.57558190687535,10.711177966766384
-81.9991,30.508,1,1,2019,135,15,0,17.16810585262882,80.01043530680016
-80.1446,26.6762,1,1,2017,36,0,12,11.822230858039743,14.799359586350226
-80.393262,36.30719,1,1,2020,99,25,0,20.994017091824322,55.739635877819914
-82.1412,29.8684,1,1,2018,66,14,0,17.68890531012342,57.64499616003762
-93.3102,31.5968,1,1,2018,212,17,0,18.845709621905478,86.23713294015641
-76.019486,35.512835,1,1,2019,84,13,0,9.774237240547409,17.809477875379695
-89.56694444,31.01333333,1,1,2019,64,21,20,17.441282311748953,67.73137968850449
-80.824318,33.330013,1,1,2019,227,21,53,19.796269518422,67.99208980337735
-77.033367,35.582383,1,1,2019,127,0,0,14.967239699019354,37.389027731852806
-81.6383,29.719,1,0,2019,152,17,95,13.319618526274896,44.52551196360829
-86.408,33.899,1,1,2019,281,21,60,20.41033671386291,55.30539489207863
-82.88586389,32.69304444,1,1,2018,30,2,69,12.205806424083383,55.970069600645054
-81.5477,29.683,1,0,2020,37,21,98,14.617424387888896,56.03726024396589
-82.48306667,31.48339444,1,1,2019,116,19,76,14.743477753377523,51.753441519697674
-89.1575,31.12416667,1,1,2017,11,11,0,18.51040868558761,48.82230753872968
-85.1408,30.4984,1,1,2017,312,0,0,10.358604908331472,64.60844865416786
-87.258,32.712,1,1,2018,221,11,0,21.721345274669755,76.29827818011624
-84.74134444,32.10255556,1,1,2017,62,20,81,20.138434167503704,74.19823215806454
-81.735764,36.329654,1,1,2020,91,23,29,28.05579478110649,57.259629032462854
-81.893799,34.435482,1,1,2020,360,19,11,20.79846627330709,58.94870475210155
-82.82125,35.454775,1,1,2017,101,30,6,29.825920033828464,66.6298788487162
-80.586228,35.013624,1,1,2017,61,3,0,19.734486332978367,28.70027439976664
-81.0363,26.6142,1,0,2017,143,10,0,14.110940168050169,39.905758572205436
-81.3411,27.2086,1,1,2020,102,14,0,7.370518579966008,23.038244626579516
-80.272925,35.055011,1,1,2018,3,10,0,15.394896921128597,38.80273630493058
-85.03286111,34.82276667,1,1,2017,101,26,99,23.40564690996199,61.591242839919545
-82.92361111,31.97638889,1,1,2019,53,9,100,13.079670828757743,43.47746728907
-81.8588,26.7553,1,1,2020,116,12,16,11.463442637209704,36.34723824855481
-88.61389912,33.79899803,1,1,2017,79,23,67,12.473795737211521,19.010178077061088
-84.83035,35.629633,1,-1,2019,215,22,93,21.431139954529957,55.046019295108586
-81.1283,28.8593,1,1,2019,28,10,0,16.03873809497227,38.81138902996446
-81.83297222,33.10127778,1,1,2017,32,18,15,12.680099806470196,42.623785196625896
-82.15055833,33.254175,1,1,2017,331,19,0,18.518746305216307,57.57845380171215
-81.696738,35.681799,1,1,2020,96,14,42,22.430209129256127,46.56079379057525
-88.82416667,31.45805556,1,1,2018,81,21,17,27.81085440970475,86.28561481051315
-79.712353,36.361181,1,1,2018,61,16,94,24.02109968354433,58.99486040609136
-93.19639549,31.00972753,1,-1,2020,183,18,0,23.959403705327613,76.40954817308052
-83.3068,30.3421,1,1,2017,343,5,95,10.454961915721418,43.81971783482977
-76.480033,35.4324,1,1,2017,50,11,0,10.690488715600107,28.864813507093785
-80.164946,35.76758,1,1,2018,3,20,68,21.41701103972701,57.13168823198485
-80.096426,35.167758,1,1,2019,145,3,0,17.220692672218455,42.210413902379315
-82.417725,32.42275,1,1,2017,23,17,20,16.04240409179419,58.29493939619669
-81.450595,35.188447,1,1,2018,92,26,100,20.064183087510745,43.9200394612458
-82.367346,35.617834,1,1,2018,154,22,18,24.4006007405534,49.90757342447712
-82.0586,29.9247,1,0,2017,124,21,100,15.257930561020753,55.75066578168917
-83.39188889,33.43025,1,1,2019,75,18,100,23.273722903125,74.86946629738053
-80.101257,34.405708,1,1,2020,317,18,24,16.798084668885846,34.09886183681909
-82.5876,29.5469,1,1,2017,74,17,68,10.515720310003696,18.130163221548628
-80.305913,36.433692,1,1,2018,5,19,0,24.631629196650305,80.8937794602764
-78.292583,34.3852,1,1,2017,25,0,0,18.12824682610292,57.38238935475147
-85.714,33.892,1,1,2017,47,19,0,22.398417166271763,69.03560207506544
-86.9985,30.6602,1,1,2019,124,19,28,17.05041036948785,61.50909140200342
-86.2197,30.3673,1,1,2017,110,13,76,15.954394991650782,53.95927196980408
-83.3548,31.36826111,1,1,2017,63,19,100,12.006485148514866,32.475410938996966
-81.4011,26.7142,1,1,2018,166,15,65,8.81151220957394,17.13639102232031
-77.14969,35.515174,1,1,2019,74,15,40,15.86318035622726,30.567509882842433
-82.5306,29.3196,1,1,2019,99,17,54,7.885611631730253,4.37228941156426
-85.888,33.858,1,1,2019,86,12,0,22.970179994627067,67.56567745042359
-80.995377,34.709396,1,1,2019,181,0,0,22.09620279046742,71.73803324135606
-89.43569214,30.71481224,1,1,2020,58,20,0,17.60768051334376,49.82720929917493
-82.54769444,32.31822222,1,1,2018,1,13,0,16.48970979838055,57.01466557638167
-84.62605833,33.61781944,1,1,2019,261,27,52,23.02913599091058,67.53839794231119
-83.23418056,32.14595,1,1,2017,354,13,0,16.857556590315728,60.72695347732579
-79.882339,34.135838,1,1,2018,78,20,38,19.38992646371898,46.17634491070453
-77.39299,36.12154,1,1,2020,43,19,0,14.042540349507393,32.92876363590078
-80.555733,34.447357,1,1,2018,50,0,0,17.142480751163863,50.421056598673395
-80.82910316,33.84340658,1,1,2020,97,24,97,22.823138751577005,76.43794598216857
-82.3684,28.9667,1,1,2017,135,15,96,15.118632249945431,48.20362935470172
-79.386471,34.723311,1,1,2020,50,9,0,12.675350554854747,44.17997901799014
-92.8617,32.1778,1,1,2017,125,19,99,17.8385781556608,89.35650779847478
-90.6492,30.6728,1,1,2018,79,25,100,19.221426731061257,61.97065145793966
-80.568906,35.601923,1,1,2020,318,2,0,20.647595759901165,42.9047426241649
-83.5909,30.3083,1,1,2020,58,21,99,17.582293408574685,76.42150572742354
-78.175471,35.293369,1,1,2017,97,22,39,15.943873817364501,37.3566677127438
-88.353,31.944,1,1,2020,250,26,100,18.952980701994104,87.27857769410149
-87.478,30.449,1,1,2018,28,14,0,12.00008478841189,61.28792316470138
-80.446358,33.828804,1,1,2018,125,16,0,19.22608050148466,56.49436190127115
-92.8693,30.9378,1,1,2017,27,20,89,16.07936469217114,60.602881147917714
-83.16064167,34.332,1,1,2019,147,9,0,21.118775044435797,48.00729526159354
-83.4842,30.3641,1,1,2018,285,11,45,17.75755794812353,66.45890098056813
-82.04458333,30.79472222,1,0,2020,182,20,95,16.905043603690906,64.4450385378624
-87.724,33.834,1,1,2017,52,22,61,18.11764891560245,53.85591500880956
-80.55545,35.354567,1,1,2018,72,21,12,21.78172935173973,52.96066264827976
-82.15115,31.130225,1,1,2018,18,16,0,13.694840630883208,55.646588447312574
-81.930926,35.43998,1,1,2018,116,24,31,23.671879089243678,59.440888653795234
-83.4003,30.3966,1,1,2019,37,18,0,16.54590741100421,46.82168431011142
-79.094737,35.275757,1,1,2018,60,20,0,20.646138481135047,49.71110344969538
-80.891419,35.755686,1,1,2017,335,28,72,21.9335275769971,51.68511333730601
-82.06121,35.285982,1,1,2020,49,0,2,21.695031188356346,73.0263540404469
-85.864275,35.767623,1,1,2020,316,12,0,15.832601266407371,19.214598431882006
-80.710091,35.111534,1,1,2017,48,22,26,20.80160083465107,42.66474329721215
-78.416871,36.433751,1,1,2017,53,23,60,22.710114993004407,73.87175930621763
-83.59233333,32.95886944,1,1,2017,27,28,100,22.74850703528533,75.62177549655043
-88.40666667,34.68083333,1,1,2018,73,20,5,20.936844077473356,67.52428120480805
-82.253,28.2196,1,1,2019,111,0,45,13.341441781830726,21.047073296713673
-85.08,32.106,1,1,2017,26,26,100,18.545493028761243,52.38629118810773
-83.89290278,31.155625,1,1,2020,59,23,49,14.604780874285115,42.388970397859644
-81.237411,32.719463,1,1,2020,163,15,0,16.813403402170486,54.32045288822309
-82.78726111,31.55830556,1,1,2017,60,21,89,14.423130222298752,46.26449514724763
-81.5484,26.8486,1,1,2018,15,14,12,12.411899912960441,53.97330007676757
-78.990667,34.8923,1,1,2019,280,22,86,17.258310252947016,47.989225241061966
-81.57610556,31.09504444,1,0,2017,122,26,94,12.51615331102394,47.646415684030764
-82.39918056,31.77563056,1,1,2017,8,20,0,13.498593818224238,46.04621658481166
-76.29294,36.198583,1,1,2020,319,0,0,12.748668359382139,40.6466158338081
-88.291267,35.10385,1,1,2017,77,8,0,9.028197760719282,17.910931194966953
-79.870636,33.796482,1,1,2017,33,24,24,15.690467368310413,40.900041905659904
-84.534217,35.456,1,1,2019,257,24,97,21.560097965819995,52.50569291870227
-85.557,32.042,1,1,2019,262,23,34,22.256539980586624,70.66565857073016
-83.075983,36.512033,1,1,2017,97,30,84,26.894908106683427,64.78473759670091
-87.4097,30.4616,1,1,2019,90,17,2,10.574137064441107,53.1093036459904
-88.755,34.99666667,1,1,2018,97,22,98,23.224876835200707,82.56555180319741
-81.33589,35.290718,1,1,2020,321,24,1,20.98704229604893,48.17644955405267
-92.2764,31.7134,1,1,2017,78,13,0,15.132719884110205,76.99077423004636
-76.266465,35.872285,1,0,2017,58,18,100,15.743849092917438,68.26229600306473
-80.920914,32.459778,1,1,2018,35,28,100,23.70440385707393,90.77847539117762
-79.514257,35.28251,1,1,2020,27,14,0,21.400427581333958,58.12854261427952
-89.3149922,30.4803628,1,1,2017,78,24,99,17.36821405862881,50.224272335154986
-80.822029,34.270641,1,1,2019,86,0,0,18.904051285022746,68.94401529318006
-82.55072222,32.32988889,1,1,2018,1,10,76,16.604276047533464,59.730263946331895
-85.33,31.882,1,1,2017,303,15,95,21.117475498497363,83.30228923465596
-93.3499,32.6267,1,1,2018,214,15,33,20.393614240636797,70.92749183765568
-79.581787,34.07209,1,1,2018,101,8,0,18.093495679661697,63.27903121377623
-89.81722222,32.68888889,1,1,2020,326,17,29,19.805242528824326,60.025605182045304
-90.69876052,31.93180557,1,1,2017,94,26,100,21.715449722419997,91.66051553919783
-80.928387,36.359439,1,1,2017,75,28,97,19.96856639172997,45.91880683534217
-84.309436,34.999508,1,1,2019,252,21,96,26.597142353423127,76.7271962163223
-90.0856621,33.3295175,1,1,2017,79,20,62,21.438683932220002,72.86036535428096
-80.477272,32.989986,1,1,2017,65,24,94,20.22737743462651,72.40742062453572
-92.9985,32.6562,1,1,2020,37,11,0,17.127598572076103,48.112910501624
-81.156349,34.758766,1,1,2017,89,18,14,20.399748991670382,57.905431261926296
-86.429,32.175,1,1,2018,126,15,0,16.339874869991323,48.07364172550938
-78.498202,36.185846,1,1,2019,282,19,28,22.30544585484176,78.46261678677087
-84.352683,35.389417,1,1,2017,297,19,39,22.938460940737706,59.275403391572425
-82.4997,28.3372,1,1,2017,40,16,16,14.610467139063164,53.779398424908486
-92.58111111,31.62583333,1,1,2017,101,12,0,22.831888396792284,87.51472936453202
-81.20141667,32.318775,1,1,2020,88,20,17,18.01507382449579,46.18897423877609
-83.22969444,32.93758333,1,1,2017,29,21,99,19.018333089671852,61.937096454219656
-83.350525,31.40618333,1,1,2019,251,22,99,14.850707358615166,42.175677202421014
-84.73690278,31.10697222,1,1,2017,27,10,0,10.47149192698909,34.21882859640979
-82.8256,30.0871,1,1,2018,71,8,0,12.691759884998605,35.32300140443693
-77.992619,35.897467,1,1,2017,356,27,88,18.487434901215188,47.0709179479062
-81.495975,31.78399722,1,1,2017,34,23,97,19.19628479318539,72.76976902428702
-77.620717,34.639483,1,1,2019,172,21,79,17.61649006794928,69.74238015963155
-81.02565,34.107929,1,1,2018,206,0,0,21.550048152887445,72.78254584169449
-86.702,31.734,1,1,2019,260,19,2,20.5420959522758,75.24158090984878
-85.966,32.433,1,1,2017,54,13,0,15.806070400904831,35.290979899764864
-84.58113333,30.99811111,1,1,2019,283,0,0,6.037847940905996,13.547192699018215
-87.906,32.882,1,1,2020,287,22,96,22.76297542516823,87.31166576234398
-83.87764444,31.50013611,1,1,2019,91,19,2,13.881211236972767,35.32552971367915
-78.344173,36.238421,1,1,2020,87,20,0,17.27339416941752,37.84476671030389
-86.549,31.744,1,1,2019,54,14,0,19.70348447891483,63.909859396525405
-83.63033409,35.71474687,1,1,2020,132,25,84,23.17971665066561,53.34187360533915
-82.43805556,34.08611111,1,1,2017,54,22,42,22.244904090835472,87.83315104894005
-84.51413056,32.19181667,1,1,2018,4,5,0,16.21428285036874,66.31596873091355
-80.497378,35.37477,1,1,2017,65,21,96,21.053414719088902,51.66803210229974
-88.68555556,31.46777778,1,1,2019,80,26,99,26.851289192611347,92.03194632243638
-83.53461111,32.8445,1,1,2017,75,12,0,22.07252079589886,58.46187291147009
-80.529,25.6124,1,1,2018,120,10,4,7.329508642864036,11.193195964189279
-80.541656,34.477043,1,1,2018,183,0,0,16.011211706633134,63.70750413085727
-82.2902,27.0147,1,0,2018,226,5,70,11.172848249471711,42.845643896850724
-86.2703,30.7627,1,1,2020,161,10,0,15.306983185078595,27.3575154371141
-80.106239,36.47997,1,1,2017,78,25,64,21.291422276172316,60.23898967833819
-81.534378,34.68055,1,0,2017,201,15,0,19.964911686816954,73.32434330737233
-80.4649,25.5268,1,1,2017,209,5,0,10.987098823078124,17.425649368193834
-85.221,30.1309,1,1,2018,17,14,0,12.758084625144816,62.88989502778995
-81.73691667,33.05608333,1,1,2020,309,21,100,9.681673127583482,30.063896615761756
-79.203424,34.733121,1,1,2019,139,21,32,14.147580379160322,29.04698087403388
-82.13414444,32.82683611,1,1,2017,343,4,0,12.493047612191406,44.99930878688128
-82.511894,34.83712,1,1,2020,7,20,69,22.25903807570929,49.91152001490059
-83.83571667,30.94245556,1,1,2019,264,20,69,12.135403288214295,28.92532520193336
-87.6857,35.398383,1,1,2017,269,23,95,23.53732894598052,73.59521283291676
-88.091,31.111,1,1,2019,262,23,0,17.18208105171902,51.97069419145924
-91.01527152,31.7081244,1,1,2019,37,29,100,22.754752209113303,85.95730698591028
-85.641,34.756,1,1,2018,97,11,0,17.484315402332616,35.27395841425206
-77.309671,34.776073,1,1,2017,37,13,89,18.06485458077223,69.95392098743699
-84.82505833,31.45651944,1,1,2017,343,12,0,13.71753238815256,51.47157890208689
-84.5038,30.83239444,1,1,2018,113,18,64,16.49145274697135,52.95022854653066
-84.49276389,30.86628333,1,1,2018,22,20,44,21.373211800343867,74.74032652950804
-82.65448889,32.00119444,1,0,2019,187,18,0,15.637388278417856,44.3242824993452
-80.5177,25.6082,1,1,2018,363,6,0,8.254390853791202,6.24919286079691
-82.9969,30.4724,1,1,2018,5,10,89,16.790596412186485,51.43387190533879
-79.23333,34.349998,1,1,2017,103,21,94,13.825724084868881,46.078984415455984
-79.033204,34.663115,1,1,2018,126,24,100,17.73569370438249,42.38341516271689
-89.59426575,31.15246413,1,1,2019,90,18,0,17.596683012658637,56.73777035756378
-82.9127,29.7672,1,1,2018,70,24,0,13.738125509730535,40.60289836833411
-81.527,26.2017,1,0,2018,188,16,17,15.740827314283745,66.61355454820523
-81.5048,26.3958,1,1,2020,129,13,56,10.219019567783517,55.07244384345903
-81.83387,33.546848,1,1,2017,70,19,87,19.552769644927405,49.03501108461076
-83.16275,36.17791667,1,1,2020,355,15,1,11.906299566771631,16.245811846654426
-79.844465,36.008849,1,1,2020,340,0,0,21.393794815308055,29.320884601067768
-82.5466,29.4419,1,1,2019,58,17,8,14.366052563916265,26.702094723667724
-86.453,32.547,1,1,2020,58,20,39,20.557690528916023,63.536617828726264
-80.50885,34.326824,1,1,2018,79,17,52,18.89405558087527,52.83386299572888
-82.079,29.8427,1,1,2020,272,15,15,14.94450992812096,58.67325793426229
-81.77166667,29.26833333,1,1,2017,92,16,85,16.599033537407106,68.22645638809158
-77.201167,35.035117,1,1,2019,30,8,0,19.160182753264326,60.73168044219309
-85.838,32.156,1,1,2018,278,26,73,20.840298251903526,57.03456335547911
-82.6475,32.76336111,1,1,2018,225,16,63,16.64883952887535,56.18064916237533
-86.321,33.401,1,1,2019,264,22,29,18.063232625597706,58.30360023049051
-77.734915,36.463659,1,1,2017,40,25,36,19.15559673871113,59.37723931667254
-82.35586944,33.16336389,1,1,2018,13,16,21,13.960677332347657,30.437902496036042
-81.96275,36.037967,1,1,2017,46,26,0,26.669599717772652,48.64889206029639
-82.3402,28.7118,1,0,2019,177,14,46,12.065579289754785,15.253762121161861
-80.980067,36.309233,1,1,2017,45,18,0,18.416905261005166,40.05420637178211
-81.803587,35.40459,1,1,2017,65,10,0,22.363948619869753,54.28487753749402
-83.079576,35.522437,1,1,2020,318,34,39,30.387504838872175,70.50985879365405
-82.003792,34.322277,1,1,2020,151,22,0,20.825376602161683,62.127828042520854
-79.368851,34.017426,1,1,2017,83,24,58,18.242626965441865,55.36778957927345
-88.264,30.984,1,1,2020,55,19,55,20.55959703103986,74.37056852572418
-85.896,34.413,1,1,2019,284,24,0,18.313467488208232,41.315544785122924
-83.196884,34.614841,1,1,2017,38,24,0,21.680200070019076,56.43941940571045
-82.7485,33.01169444,1,1,2019,245,25,58,19.14057698346453,48.98582098230333
-88.77363889,31.44861111,1,1,2017,76,20,22,24.01548115127432,82.28311890838206
-84.14065,35.0591,1,1,2020,190,27,99,28.015893413037396,84.8436405947261
-84.21597778,34.86100833,1,1,2020,325,29,100,26.828602583241384,77.396842309433
-88.056,34.048,1,1,2019,73,24,0,23.315422174711262,79.58758552253614
-78.928654,35.008707,1,1,2017,96,17,9,17.588696215977595,17.376566283410178
-82.0447,29.7975,1,1,2017,75,16,73,13.280480599984699,19.374790775525398
-80.04196,36.38864,1,1,2018,73,24,26,21.787031375785954,57.82323675664707
-89.3256994,33.53706125,1,1,2020,58,16,0,18.51078425166947,59.26310701545151
-75.674517,35.215967,1,1,2020,189,8,0,2.401045809439849,1.275033281576298
-81.06163,32.269005,1,1,2017,47,0,0,22.481078021044883,73.25985284359369
-87.369,32.504,1,1,2018,234,11,0,11.575080576667615,22.220228523738772
-79.657509,33.835686,1,1,2019,75,11,96,17.729659628087333,44.68869737317463
-79.259993,35.392007,1,1,2017,339,23,61,21.926468708173424,57.05825706695168
-85.15836111,32.92195278,1,1,2017,62,29,70,21.222740449549253,61.58968504874406
-82.580898,35.295337,1,1,2020,99,33,100,23.630182291462912,51.57441778504929
-89.39694444,30.48111111,1,1,2020,293,17,0,17.567722963844016,54.839438876666904
-85.873917,36.112,1,-1,2020,51,24,84,23.463067211250667,56.984552435658514
-92.867,30.691,1,1,2017,53,19,91,18.492361831422656,70.3204829726397
-81.94076389,32.61287222,1,1,2019,77,16,16,16.569109332589516,51.96766151983688
-83.8997,30.1941,1,1,2020,321,16,0,17.09052356250137,69.31027531782635
-82.5215,29.1063,1,0,2017,147,17,0,13.882333475157196,43.28361982078243
-84.62083333,32.95722222,1,1,2017,104,0,17,21.666914773834538,72.72737033628472
-79.04879,35.396022,1,1,2018,61,21,15,18.62357787825006,55.510046578305754
-90.05524173,33.07387394,1,1,2018,0,24,2,21.4053149554221,60.97778235528687
-93.5381,30.8467,1,1,2017,77,17,66,19.855722817638874,87.42758338902976
-87.427,31.269,1,1,2017,78,0,0,12.111532446907637,43.525048896264515
-89.55833333,32.33472222,1,1,2019,256,24,83,24.120333674165902,85.07675161779976
-85.997,32.184,1,1,2020,58,14,0,17.609342596851377,39.700721807880676
-85.838,34.372,1,1,2019,230,27,96,23.70545555002466,78.57684223122908
-88.040333,35.7965,1,1,2019,90,16,0,22.013504409681595,81.11071686035515
-80.5277,25.4756,1,1,2017,223,10,0,9.057139777799732,15.277103771652282
-81.603,29.3807,1,1,2019,76,24,93,16.876268879311088,55.0189660665048
-80.9142,26.28,1,1,2017,15,11,0,12.950057900592633,32.34505619342858
-80.878647,34.257954,1,1,2017,109,16,34,22.509522322002784,69.70542528639824
-83.19071667,33.56794722,1,1,2019,266,16,2,21.874996865867512,49.53812661339247
-81.869019,35.140011,1,1,2017,39,18,13,21.21396968969584,45.108151225634884
-80.622826,32.960052,1,1,2018,47,18,0,19.750137029850595,60.48353435532372
-83.36555556,31.71944444,1,1,2017,268,26,94,13.64741164102801,42.53132054024782
-82.224133,35.623433,1,1,2017,133,24,61,30.259305974042146,89.89752109731656
-91.0143,30.4753,1,1,2018,135,13,0,19.12717620049743,47.27359623199111
-83.81925,31.36258333,1,1,2020,92,16,96,15.61798443372369,37.48085705289842
-82.5206,28.7697,1,1,2019,87,13,0,12.965673130976619,14.130004420133709
-77.866566,35.935002,1,1,2019,37,13,69,19.86351544592351,45.37278153316954
-80.468262,35.732331,1,1,2017,363,23,30,21.33408018867924,52.4533062830507
-93.5568,32.5482,1,1,2018,3,23,57,19.949459353217044,61.56340531579121
-78.364914,34.480524,1,0,2019,184,18,47,20.696028467094905,70.31022944550668
-90.7525,31.20444444,1,1,2019,37,14,93,20.457657409582104,72.56543657180136
-79.657458,34.821841,1,1,2017,156,18,24,19.145417679604332,50.5835784865444
-82.160897,35.31359,1,1,2020,51,21,0,21.7288444087355,52.697779080771944
-81.865,30.5407,1,1,2019,333,15,0,17.643782791620833,63.2129162379984
-78.568947,36.082983,1,1,2018,91,23,20,23.63611912663848,75.68768991347716
-93.5096,30.8945,1,1,2017,295,13,20,17.3561217928718,64.6685806086931
-80.955276,33.127335,1,1,2017,104,19,30,20.117925724952144,56.74055940179854
-81.409994,35.716069,1,1,2018,71,28,89,22.366079553835064,39.33409589903425
-82.191782,35.84724,1,1,2017,45,24,70,28.190743442479793,65.02686331516045
-79.778244,35.347698,1,1,2017,359,22,45,21.027877303007816,55.06970377054368
-79.881714,33.520111,1,1,2019,37,17,2,18.240671394748983,73.87960997193818
-85.467,31.766,1,1,2020,76,15,100,19.65278998685452,59.668633551191284
-88.92184234,34.63319457,1,1,2017,46,24,55,22.170283022538563,62.89538327480952
-87.056,34.043,1,1,2019,248,25,61,17.959520891014726,45.01623922695218
-81.6667,27.8278,1,1,2017,75,11,70,9.521126558569502,13.988773220731076
-81.96839444,32.38652778,1,1,2018,60,11,79,13.462418007619105,40.93285178955438
-81.156059,34.236221,1,1,2018,102,22,45,20.418492939572356,79.19013932207189
-79.563423,34.910104,1,1,2017,248,23,64,21.322881247235173,53.50841429719744
-88.774867,36.33935,1,1,2020,6,25,60,18.644873923817812,36.26826754402664
-78.460235,34.069721,1,1,2019,206,16,30,15.129154631838926,62.587477840409214
-81.263623,35.725194,1,1,2020,92,22,56,22.129858194804758,40.305677235789005
-85.967,31.335,1,1,2017,59,23,33,15.886387592026098,37.04755700325737
-83.14765556,31.17361111,1,1,2019,77,23,89,16.77146407990886,53.78125362348151
-77.018059,35.80474,1,1,2017,331,24,22,18.965368791181596,61.877915120285444
-83.0087,29.2054,1,0,2018,96,13,89,14.309123604485642,66.44563471103483
-81.99149722,32.35721667,1,1,2019,147,0,0,8.312805727338567,22.617023145855633
-80.000061,35.226417,1,1,2019,137,23,81,19.238833541216028,54.00705965952974
-79.387291,35.354402,1,1,2017,361,21,74,21.168862417478174,63.64899171004437
-81.394127,33.761581,1,1,2019,266,17,59,13.224804111326172,40.92511908941795
-76.614467,35.5426,1,1,2019,141,23,59,9.617952037043626,16.991036944713727
-83.19513611,30.63634167,1,1,2018,72,22,77,18.938539681103187,65.78972502440614
-83.3145,30.4162,1,1,2017,88,2,87,15.044601923253166,41.13733217372394
-82.05777778,35.81,1,1,2017,349,30,99,30.406834079247886,86.82297553233097
-80.112036,36.039962,1,1,2020,42,14,0,18.167415555829287,30.37903747840138
-79.736333,36.225791,1,1,2019,310,18,0,21.081323460180975,42.29135838253166
-80.420471,33.569054,1,1,2018,92,14,0,12.93185237607742,45.175147251523725
-88.806667,36.3334,1,1,2019,76,21,13,14.424815412214993,12.648480263224704
-80.715279,34.789589,1,1,2019,281,22,39,22.911687898753172,66.30686562528312
-89.09666667,32.92944444,1,1,2017,325,13,0,18.682444598337966,64.39872391417633
-77.070811,35.653385,1,1,2019,347,22,92,13.147285343612548,49.35212832975665
-83.10195556,30.79621111,1,1,2017,7,23,96,19.30004991427766,87.39355988001263
-80.434067,33.851955,1,1,2017,40,0,0,15.587093591380604,44.629499048561335
-89.51654938,31.0532331,1,1,2018,3,20,0,17.94072681026086,64.46530659632316
-89.8479762,31.61098855,1,1,2018,4,25,0,18.838587020819425,62.537663125459694
-80.108994,33.825382,1,1,2019,211,20,32,13.195711913744375,38.010751027055655
-81.071697,35.753439,1,1,2019,74,22,37,20.7278073094105,50.69449190256476
-82.88318611,31.75503611,1,1,2018,294,20,69,15.270359974206269,75.6709053098721
-83.75342778,32.13672778,1,1,2020,162,15,0,9.409141821775648,20.504543598530034
-82.96990833,32.61063889,1,1,2017,14,19,96,19.16509318259867,46.29786782138656
-78.687608,36.184379,1,0,2019,196,21,89,21.34803297765639,58.82483478579383
-83.91315,31.93158056,1,1,2018,112,20,35,10.603211352583333,29.678613366144628
-83.61328611,32.01380833,1,1,2019,54,0,0,16.582765112691092,35.2096732382472
-90.01153454,33.88601902,1,1,2020,227,23,32,24.501964883600294,82.00339621654147
-81.418,27.3875,1,1,2018,363,8,0,8.078071168826504,22.404129504576996
-79.112079,36.291454,1,1,2018,49,10,0,20.372016517620153,51.104372699398176
-88.044933,36.10965,1,1,2018,238,9,0,22.213127549029373,60.90140066863403
-81.98333,34.25,1,1,2018,187,23,53,16.7808322924497,47.320054082640205
-80.172699,34.415649,1,1,2018,82,9,23,13.89784460956779,23.714833583372133
-81.661831,35.240243,1,1,2019,178,2,0,20.087359454118314,34.07521802699725
-86.4855,30.9241,1,1,2020,276,22,0,19.036236903510435,73.22408982518367
-89.56897744,31.68210508,1,1,2020,216,12,0,18.60091378302927,69.08972969783451
-83.39245833,32.2356,1,1,2018,11,21,33,12.984545621800635,31.842111016025093
-82.070056,30.577417,1,0,2017,138,18,94,14.891576592757078,84.9475699334381
-78.161208,34.677524,1,1,2020,38,13,0,16.912681182970424,67.41763431272945
-89.78166667,31.485,1,1,2017,60,23,100,19.334882544586275,63.93568276255035
-80.2946,27.1573,1,1,2019,16,14,0,11.454564750491956,13.436719332783671
-81.845425,35.18512,1,1,2017,41,19,38,20.906105868912125,55.01830353578149
-81.4925,27.4461,1,1,2020,134,21,53,15.280165726427272,43.16928046989724
-83.95464444,31.54883611,1,1,2019,208,0,0,17.079897654024684,35.42609006279578
-83.1265,29.6306,1,1,2017,118,0,13,16.41319631585881,36.64980315553862
-79.916877,35.927245,1,1,2018,58,23,20,20.973387355191925,41.667403331836184
-81.442429,33.825169,1,1,2017,336,20,24,17.318713458240154,50.7791899039091
-88.79,33.79833333,1,1,2017,85,18,69,18.637974346337767,51.62803384867622
-84.387233,35.060183,1,1,2017,60,18,21,24.927184669244827,70.48514524534338
-82.60316389,33.211175,1,1,2017,15,10,45,18.271858866329637,53.144773029915484
-90.5298,30.247,1,1,2017,77,0,0,0.0,0.0
-82.53554444,31.73417222,1,1,2017,120,16,19,9.173675369955129,45.152921593172266
-80.823667,36.141217,1,1,2017,77,13,0,14.96971561655361,24.827900063122325
-82.409668,35.519476,1,1,2020,98,27,86,25.225009403118957,58.40900147502086
-81.064934,33.71949,1,1,2020,102,0,0,18.397279974574264,45.7127554992804
-85.307133,35.9983,1,1,2019,138,20,55,29.404421349618744,94.80606106967551
-81.0523,28.1198,1,1,2017,126,8,31,13.356860020259019,38.43697724259279
-86.243,33.816,1,1,2019,258,22,100,20.698517643068406,60.77168345971762
-82.0306,29.4817,1,1,2017,33,17,53,16.572779061746854,73.71100349818225
-77.48785,35.845777,1,1,2019,67,14,0,15.525750086513682,32.25884075150858
-83.86171111,33.17468056,1,1,2017,83,22,40,20.600129730874627,77.4338564460518
-93.1805,30.8485,1,1,2018,1,14,0,16.716181593192427,56.38018496771998
-86.7744,30.698,1,1,2020,14,11,0,14.415262918590827,33.02324755748877
-87.7646,35.1706,1,1,2017,333,27,100,26.072949593938805,78.44079477910924
-84.54782222,31.37692778,1,1,2019,282,19,49,15.571545260789131,48.680483801528396
-89.645044,30.504277,1,1,2017,53,16,0,15.936975049233851,56.920788583997535
-91.9015,31.6368,1,1,2020,214,21,63,16.099554126946146,44.58311777522564
-84.62384167,32.34631389,1,1,2018,240,13,0,14.052926417614767,68.57150997302716
-88.320067,36.0389,1,1,2018,106,16,0,17.50576596976388,39.87814742701028
-81.6986,29.9834,1,1,2020,123,18,13,20.14479062505482,50.362808423742415
-80.117167,35.621967,1,1,2020,71,22,58,20.011057501669935,58.73296936407
-84.3607,35.624983,1,1,2019,146,10,0,12.677965097406789,16.563326988551214
-81.50611111,32.54222222,1,1,2018,273,13,24,14.617562491490265,54.87221622942894
-77.96222,36.052324,1,1,2017,339,15,0,16.995508693225243,36.10941807785803
-82.5617,29.2246,1,1,2018,49,16,0,11.11689290888092,10.786922941513005
-80.219871,35.482168,1,1,2017,318,23,0,20.219586967742625,60.726694811944164
-83.5375,35.09972222,1,1,2017,97,30,97,31.55072182602197,91.13927660638825
-85.316,31.094,1,1,2017,301,14,0,16.303582997507387,30.158333085939304
-83.38279444,31.00501389,1,1,2019,283,23,2,17.764551177643458,42.93548805394366
-88.54310134,30.64523227,1,1,2017,15,18,58,18.88553922838438,64.64957142121116
-79.81131,33.606434,1,1,2017,53,19,27,21.949541501976288,78.81138276258521
-80.31704,36.358126,1,1,2017,53,11,0,21.548904616423865,45.96819518930345
-82.59911111,32.76969444,1,1,2018,251,2,0,17.450120064644008,61.65548777256005
-77.860195,36.410371,1,1,2019,70,21,100,18.55014978816038,72.65542535382737
-82.63854444,32.9355,1,1,2019,180,9,93,14.678226922078663,50.40896718644608
-78.291053,36.152061,1,1,2018,72,26,100,20.946174939150268,60.71690646932782
-82.067657,33.756031,1,1,2017,57,14,11,22.669490097811078,63.287292803202995
-82.3859,28.9514,1,1,2017,304,14,57,15.107088366089306,51.506431222870006
-80.7601,27.2404,1,1,2017,139,16,95,10.24336587495685,16.64717354936515
-79.401901,33.651852,1,1,2017,56,11,39,17.806586320879994,68.5720012593137
-81.3319,28.9464,1,1,2018,80,12,1,15.979168193746101,58.848369427313735
-85.13607778,33.73919444,1,1,2017,96,24,100,24.59146803108201,66.06604465876926
-80.474342,34.335361,1,1,2018,105,21,32,19.16093854748605,61.73144617915039
-93.126,32.826,1,1,2020,126,19,19,20.595688826836412,83.93728100261411
-79.473133,35.313333,1,1,2018,101,26,30,21.393558771986772,62.72706393704028
-85.58316111,34.86091944,1,1,2017,297,18,0,20.714275264064064,51.693437056308845
-80.906577,36.094515,1,1,2020,58,15,21,20.33842746343779,52.27610963397617
-79.063351,35.481673,1,1,2020,99,20,14,20.06235083765152,46.80076272404376
-80.449997,33.716667,1,1,2017,296,22,82,13.839392638214589,36.574540430574345
-76.339969,36.251045,1,1,2019,174,23,12,15.616710197815658,36.7835735163299
-80.371597,33.744915,1,1,2019,266,20,36,13.329653529027226,32.36048230280986
-86.024,33.927,1,1,2018,70,19,0,17.006449130544674,30.843068337243015
-82.39951944,33.85504167,1,1,2018,21,20,48,17.210880307081897,43.81626996382824
-82.501741,35.445056,1,1,2017,96,23,53,23.392150081133508,37.863916234023
-82.329657,35.863429,1,1,2018,5,27,98,30.619500015380957,80.67190385573248
-83.3071,30.4838,1,1,2020,214,0,0,9.037623578099172,24.018862287646524
-87.724,33.895,1,1,2019,264,25,100,23.37574144486692,69.69525713104694
-81.082061,35.462604,1,1,2017,28,14,0,22.896752887663457,61.529683108082104
-82.40169167,32.90921111,1,0,2018,251,8,100,15.570381816769746,45.49613016408102
-81.149757,33.579926,1,1,2019,181,13,0,17.88760820635975,59.56861066617649
-82.1919,30.2505,1,1,2017,78,15,29,16.364099362555038,60.32714313328853
-81.2537,27.4395,1,1,2017,116,14,24,7.642069076249962,17.63498896525103
-83.39725278,32.90775833,1,1,2017,26,20,2,20.881506532284174,62.8403815622354
-80.913116,32.533581,1,1,2018,80,20,0,20.540067613180028,67.04899850666156
-84.31068611,32.83955,1,1,2019,319,22,45,21.87158114302808,73.74328271260043
-77.404391,36.418235,1,1,2020,300,18,49,15.655174259045495,43.662280746248996
-84.76936944,31.01204722,1,1,2017,106,18,100,8.570256614521664,15.881573864726072
-84.48065556,31.21031111,1,1,2017,53,24,95,18.58953045115544,49.02262815432968
-86.613,32.579,1,1,2019,183,11,0,15.850362709880432,34.17928589449087
-81.0693,28.5291,1,0,2020,180,21,87,16.177697260837,55.7550152985643
-81.85995833,31.54413056,1,1,2018,121,15,17,15.961945548765073,76.75582123067088
-83.46043056,32.31745833,1,1,2019,121,22,97,20.426203085424817,74.46179989559026
-85.527,31.869,1,1,2017,57,25,7,18.24408585724584,48.723149930009264
-82.94365556,32.23253333,1,1,2018,79,0,0,16.48043690330464,62.5927637156675
-82.66144722,31.94182778,1,1,2019,207,10,0,15.914752150524498,53.17906659534635
-89.26301264,34.91671651,1,1,2020,65,23,100,19.728970360597167,48.82078697421976
-83.18677778,32.82047222,1,1,2020,129,28,95,21.307909697168494,72.5490095325375
-80.330987,35.578309,1,1,2017,335,23,85,22.332683162479515,60.53428091716549
-94.0228,32.8547,1,1,2019,273,14,24,18.33388542608492,65.30900387605111
-81.91161667,32.68368889,1,1,2017,75,12,95,17.177518680133105,74.48966907619871
-85.93,33.77,1,1,2018,221,27,0,16.532144119631944,31.913621810826843
-82.86350278,31.59403333,1,1,2017,63,14,0,13.549079729089089,41.029774576576
-83.51583333,31.71583333,1,1,2019,172,11,0,14.2149066210255,47.16416221853445
-84.33008056,33.17275556,1,1,2017,72,26,69,21.73099397969655,58.547139348435714
-82.37846111,32.70288056,1,1,2017,42,18,75,18.60247395482812,72.73016782296904
-77.608255,34.871547,1,1,2019,70,19,89,17.11325140541248,83.77054555421668
-87.765,30.783,1,1,2018,99,20,70,19.14918596514247,79.47131724593572
-80.81218,33.482399,1,1,2018,17,19,0,18.38072859625896,46.51956385162754
-78.3298,36.0249,1,1,2019,53,7,0,17.00102777624445,48.35251068689253
-82.514024,35.812245,1,1,2017,135,23,32,26.140728459824878,55.86320002453539
-78.620507,35.547322,1,1,2019,176,25,31,18.61099231699814,26.4019627704451
-79.44767,33.421242,1,1,2018,132,13,32,17.173565568329664,69.30000999647491
-82.846573,34.767029,1,1,2019,253,27,100,24.689533053173925,72.92633740167877
-89.33083333,34.92888889,1,1,2019,336,10,0,18.351079626870163,35.156691196229616
-82.532833,35.463439,1,1,2019,141,24,77,19.26421463227743,34.181890293365655
-80.5641,27.8655,1,0,2017,91,13,0,13.521520110740248,41.359265636841876
-85.76845,35.225967,1,1,2018,99,27,100,27.510858753742827,86.4111745047657
-81.190498,33.977783,1,1,2020,114,0,0,20.5344987439146,38.75628145956708
-78.719907,35.366948,1,1,2017,12,16,0,16.156055642343325,35.36460177900914
-81.71909722,32.76351667,1,1,2020,306,15,100,17.176603614583144,62.37814580418099
-85.9903,30.7367,1,1,2017,41,17,28,16.421315290022505,65.41474012710563
-83.499069,35.134839,1,1,2019,363,26,100,27.628478146611005,76.04377174669447
-82.83513333,32.07968611,1,1,2020,15,11,0,16.433611142517204,60.88045814940324
-81.9476,27.6993,1,1,2017,116,18,53,8.298537312726323,17.34434944217171
-84.11196389,34.96694167,1,1,2017,32,15,0,25.12205992421455,74.30132620514209
-82.30373333,36.27303333,1,1,2020,312,25,31,24.130659256469844,45.04909085365236
-92.19666667,31.00333333,1,1,2018,66,0,0,3.4133666647728353,5.594825094348294
-89.5449218,32.97986143,1,1,2017,301,12,99,20.430447815230316,68.05872415352036
-78.03235,36.217564,1,1,2019,162,14,24,19.694787968982123,87.67261844219773
-82.3396,28.7138,1,1,2017,103,12,0,11.730828481016186,13.963176007186789
-82.4646,27.6084,1,0,2017,119,21,28,9.885287628915117,21.047571039586668
-79.203029,35.980384,1,1,2017,350,0,98,19.592100231274934,45.89639149096787
-81.23324167,32.41098056,1,1,2019,81,23,0,18.58168323464003,69.1186318909685
-79.9127,34.91734,1,1,2017,87,18,0,20.7408144782249,68.09068519772376
-81.7264,27.9299,1,1,2017,124,12,0,12.539467330551721,18.53926305032453
-93.6434,31.7577,1,1,2019,214,12,100,19.727090767868685,78.04012766675869
-77.96231,36.481388,1,1,2017,57,7,100,20.570295423188426,70.6998051324415
-80.701055,35.757782,1,1,2018,130,8,0,15.568532027349603,33.00546304134878
-83.42557778,30.97384722,1,1,2019,264,22,100,18.681151304432927,59.07511275290023
-82.906175,33.56003611,1,1,2019,298,24,40,23.513810787104557,63.09991437636575
-81.8698,28.9947,1,1,2020,138,15,0,11.721925466022322,27.670832161701693
-82.45425,33.27316667,1,1,2020,248,20,99,19.614695576999203,62.494711629671784
-81.125023,35.546555,1,1,2020,318,25,0,21.739947607295242,53.128815602200326
-81.7165,27.8143,1,1,2020,117,3,18,10.136906077657244,21.580363066664447
-80.3272,25.573,1,1,2017,354,11,0,9.944161858967574,35.11113827748746
-83.08606667,32.43174167,1,1,2018,172,27,75,16.778592676171932,42.83514226733915
-79.8413,35.510017,1,1,2018,72,24,61,22.348460016080168,66.88009287171137
-81.5422,30.6577,1,1,2017,62,21,45,17.125444115837322,67.3526588778839
-84.97729444,31.46531111,1,1,2018,357,12,0,14.130310390196316,36.542446236559144
-82.9888,29.5326,1,1,2020,85,17,64,16.08854985004652,65.32873932620014
-85.730883,35.40655,1,1,2017,96,23,0,21.218241193108778,45.38589424796034
-92.1548,31.6653,1,1,2019,336,15,11,19.471953049615543,64.19291803243509
-82.34042222,33.65484444,1,1,2017,349,12,0,23.46482718093916,72.13687410971227
-83.12472222,32.06055556,1,1,2019,172,21,69,14.688268238882834,42.15475859784828
-81.487442,33.545334,1,1,2019,81,22,41,18.914583877961142,65.55960270989469
-87.59445,35.0065,1,-1,2018,23,21,77,22.137630612345397,63.1320143429874
-81.883263,33.597343,1,1,2019,279,0,0,17.041255118760656,40.72349730792552
-88.63194,30.4375,1,1,2019,169,10,1,15.489480519099839,36.62184841979404
-92.69166667,31.23805556,1,1,2019,335,24,100,25.60310341467639,94.60440312584223
-76.248577,36.236507,1,1,2019,261,20,0,9.167378236306597,19.127626528381512
-77.673042,35.45607,1,1,2017,56,20,34,18.1926682003493,44.82139483061381
-81.7677,29.7243,1,0,2020,118,10,0,17.46139144045804,71.82580420901091
-78.3847,33.980617,1,1,2020,38,18,16,18.48178450910995,43.806793888740785
-89.40888889,30.48361111,1,1,2018,205,16,0,17.02595014246976,47.50978602741062
-76.85705,35.467033,1,1,2019,166,15,0,14.690789265733148,61.48275552269917
-91.766,32.943,1,1,2017,232,21,89,17.086508781195995,64.97651178907164
-83.62819167,31.07577222,1,1,2020,72,11,0,11.131150248569963,24.358956017556267
-81.1024,26.9469,1,1,2019,105,10,59,8.26909212456166,57.66393689018991
-83.50856667,30.71351389,1,1,2018,52,13,55,19.729345683449317,57.8911210888704
-84.19694444,34.87361111,1,1,2017,134,24,55,26.244967498291086,75.93776132100113
-80.342263,35.556274,1,1,2019,32,19,0,21.877322413530795,56.297859247236524
-86.084,34.09,1,1,2017,323,15,0,21.84499637608849,67.45225541733443
-82.55722222,31.36916667,1,0,2019,183,19,95,14.729240849268187,66.79776154748707
-90.0591733,33.61118852,1,1,2017,330,29,100,22.392119083792874,72.99276883907714
-83.61952778,33.11413889,1,1,2017,109,22,85,24.020677458849143,71.76473212635756
-76.317431,36.402628,1,1,2019,363,13,2,18.603965143858915,66.2644201255181
-82.324775,32.40736667,1,1,2017,75,22,90,19.076425721208242,68.38764801362393
-88.005333,36.21005,1,1,2017,45,26,84,23.17583191934817,73.48873059992424
-89.48065,35.8381,1,1,2017,329,12,0,21.287561268700877,49.81589772152412
-82.27861111,31.64883889,1,1,2017,100,19,42,15.754078311150314,52.24207919596692
-84.37833333,30.71055556,1,1,2019,86,25,62,20.566877699903042,61.96769167402817
-81.414315,36.328625,1,1,2020,79,22,0,26.227773259087748,55.261068058785895
-77.68804,34.994912,1,1,2019,78,18,90,18.373401044163188,64.20327942497748
-81.448904,35.794162,1,1,2018,90,23,68,20.436674957221317,40.1493808286976
-81.741567,35.222146,1,1,2017,325,13,0,20.928567988827716,52.943138895683404
-81.295122,36.145548,1,1,2020,99,30,96,24.832218091697666,60.75407378753444
-88.134,32.405,1,0,2019,276,14,0,21.08500763748808,71.65737801324646
-84.36770833,30.75033611,1,1,2019,103,22,22,19.071413173097127,59.26782579960127
-82.21856667,32.42163889,1,1,2020,274,18,99,19.713533122174404,61.23624657461356
-92.4452,32.3591,1,1,2020,357,8,0,18.344978727508494,72.70289266649807
-84.37004444,31.28023333,1,1,2018,80,16,0,9.321052944482883,19.08931736514043
-92.7666,30.6667,1,1,2018,22,14,68,14.64601750671925,53.00063978312437
-77.570794,34.941813,1,1,2018,44,17,7,15.666571232249204,44.6648013950785
-90.87694444,31.76277778,1,1,2019,253,12,77,21.54389171803806,85.85594278548302
-82.75796667,31.54914722,1,1,2018,123,23,95,15.796122660355664,41.310737528571565
-84.53688333,33.57545,1,1,2017,129,24,0,20.245873250070986,44.346853624272974
-81.113033,36.38565,1,1,2017,47,24,0,27.845718940399365,84.28176775954893
-85.58725278,34.90260556,1,1,2017,100,19,0,22.34861373783599,54.669797544061915
-78.826308,34.462252,1,1,2017,29,19,0,16.57914274310728,51.26124557583068
-77.741423,36.423475,1,1,2018,106,20,56,19.971900376375153,59.058298591035026
-93.7937,31.7807,1,1,2017,40,26,99,10.060445488178976,37.530003241855844
-80.361595,35.520778,1,1,2018,93,24,0,20.607980828032463,44.75250033987692
-82.16995833,32.64519167,1,1,2018,66,24,54,16.133392254539622,59.59783710623395
-81.989563,34.963905,1,1,2019,137,17,0,19.52185390951781,26.50861641457971
-82.42417778,31.67808611,1,1,2020,175,19,24,12.751445339156543,40.224902571364986
-82.535658,35.849148,1,1,2018,48,19,0,26.064741496098524,48.32007551565749
-83.12392,35.263093,1,1,2017,54,28,12,28.347634123473853,77.30135054454122
-78.999642,36.316602,1,1,2019,321,21,0,21.7174363619615,53.79727663810575
-88.139,30.356,1,1,2019,109,21,100,11.915916831592025,35.40877432970096
-79.871012,35.300597,1,1,2017,96,26,85,22.042378102446747,77.82215237247634
-82.28851389,32.19190556,1,1,2018,258,21,20,19.51340368140995,47.96661056416355
-82.1828,27.2818,1,1,2019,258,5,0,6.490033227288786,7.06952478326027
-83.41005556,31.86083056,1,1,2020,81,8,0,12.216022518133606,33.44778987999798
-81.87944444,29.32444444,1,0,2017,100,18,100,22.653505632577534,92.42478092532087
-83.43995556,31.23949444,1,1,2017,80,17,0,12.592119808033388,42.83822855757055
-82.48835556,32.54171667,1,1,2020,33,20,93,16.757633382754268,47.84207897512464
-82.558,29.2469,1,1,2020,224,13,64,10.576374819814387,17.687351839527434
-81.9449,27.6589,1,0,2020,171,5,0,8.36195441764515,14.455321025875822
-78.081463,34.173448,1,1,2017,30,0,0,20.440782899595977,60.93317096956726
-79.940399,33.577995,1,1,2019,81,0,0,16.51098964127271,54.51230719946224
-84.11638889,32.54444444,1,0,2019,210,23,35,16.169622711099564,44.71490511449223
-92.9349,31.769,1,1,2018,80,22,59,20.164729582723385,83.55744017234863
-85.976,31.737,1,1,2017,80,23,0,19.621661412451818,58.02779639209798
-76.21235,36.458767,1,1,2019,294,13,95,17.183773260168618,70.10413566711871
-77.454481,34.794511,1,1,2019,35,23,85,18.359496025419237,66.7618356212601
-89.16777778,33.40111111,1,1,2017,48,25,65,22.5894617044314,83.30928174120795
-80.10775,34.412106,1,1,2017,271,15,0,16.303580018051463,33.40365374214751
-76.26179045,35.69411655,1,1,2017,63,20,49,17.21931139066707,68.46790179074222
-81.4803,29.6431,1,1,2019,324,15,0,16.687792448715374,55.990845741708554
-79.134545,36.275134,1,0,2019,231,21,77,21.1436266489416,57.55072552143278
-82.68109444,32.957275,1,1,2019,195,2,76,18.480010443697278,77.16456636896656
-87.282,33.887,1,1,2017,79,25,98,23.238535911233008,59.167279767666976
-88.53986893,32.40138408,1,1,2019,75,25,100,22.02376105196438,76.09976982131217
-79.17751,35.38066,1,1,2019,232,25,95,19.711356346918937,46.37442341543642
-84.64790833,30.88413333,1,1,2017,222,11,17,9.59507629218097,33.859697713920966
-87.032,33.831,1,1,2020,319,26,100,23.650270397983817,80.18887861992053
-90.91294914,31.61475857,1,1,2018,81,23,52,21.127789547738164,73.8259364230732
-81.203553,36.181543,1,1,2019,358,19,0,22.668201576184416,42.27381285520216
-85.645,31.053,1,1,2017,98,1,0,17.01454112296867,35.10511991835346
-79.126504,34.700816,1,1,2019,218,23,44,14.682272746362063,21.09477849003219
-81.8466,29.7494,1,1,2019,83,18,89,16.62338247001016,74.92597305225374
-79.979069,36.346634,1,1,2017,98,18,0,19.92100926352424,48.92992752611479
