lon,lat,label,cause,year,doy,ghm,ghm_2km,built,built_2km,wsf_2km
-90.01672512039214,36.813534365628406,0,-1,2020,105,0.5696575045585632,0.6047558275578524,0,101.8820896698448,0.024866173879521527
-77.93956184921569,34.36114028339551,0,-1,2018,73,0.3426626920700073,0.3560389378927221,0,18.975124895592018,0.0021723709877637877
-94.03073215152467,31.881531713274537,0,-1,2017,62,0.11513347178697586,0.15858323752615192,0,73.42389725001969,0.02006699884888248
-85.09567016601082,34.40727418069759,0,-1,2019,96,0.4318942129611969,0.3773641832218921,0,56.83487927181727,0.011262093590231002
-88.71705581899631,33.73029811132346,0,-1,2017,236,0.33320045471191406,0.3243422992043267,0,8.200255290984444,0.0016090485317432142
-90.87340957130712,34.56302193081175,0,-1,2020,12,0.5846127867698669,0.5594894619173596,0,40.916981584031724,0.011695536730307245
-87.81486785889558,35.366107662668476,0,-1,2018,66,0.1891125589609146,0.1648116529142996,0,8.396578513594863,0.0
-92.70908660330767,31.473175492618562,0,-1,2017,265,0.16499973833560944,0.2478555185711308,0,7.997689825145294,0.0014113337642749416
-87.37892777638918,32.11691840178623,0,-1,2020,66,0.2746325731277466,0.22370390084711564,0,73.21483300186905,0.012994586957771684
-85.5457473506855,30.9940672129594,0,-1,2020,144,0.37752434611320496,0.4001573136818888,0,32.93951065150861,0.002335281211304934
-81.49477138404771,29.35805632898768,0,-1,2017,2,0.2858808934688568,0.3373557144232225,0,93.51424509955349,0.041201615161039845
-90.32045118916922,33.10281127779384,0,-1,2020,137,0.5325034260749817,0.4788528011591424,0,16.37894388502813,0.00862393100855193
-86.39346807470602,32.74919079455456,0,-1,2018,21,0.2739187479019165,0.1993727102050534,0,9.776333207261724,0.0012679132704704063
-90.81372215622697,35.124391371322425,0,-1,2017,96,0.5718810558319092,0.548106137432192,1,91.30625321075473,0.018061638498535613
-79.96994031742678,33.91699307820706,0,-1,2020,0,0.3742167353630066,0.3774967014449994,0,34.980267076810605,0.005132216684196896
-82.7019244729145,31.359437359536635,0,-1,2019,319,0.2653511166572571,0.228612630336137,0,21.834375472744693,0.0030703915696903075
-93.07901428654188,32.64169478643951,0,-1,2019,113,0.11171659082174301,0.13107743081383239,0,17.456224175588666,0.002514446104203325
-90.51520824737538,31.386914615771065,0,-1,2018,82,0.3304423391819,0.3367253282144438,246,65.88415014655362,0.004903886533277341
-82.46694177028327,32.627632941178554,0,-1,2017,31,0.36831504106521606,0.29571634543341424,0,40.723154119152525,0.005316443497395317
-86.81783048589595,36.05533614976698,0,-1,2020,310,0.5894876718521118,0.5872271877254417,80,446.3099567263295,0.1447936806399318
-77.01437660532123,36.245082665469056,0,-1,2019,81,0.3774155378341675,0.3788961768907236,0,73.92887579186237,0.013569412261473134
-82.95450178671618,34.45652722110857,0,-1,2017,40,0.4023471474647522,0.3887960735433575,327,107.95622710969072,0.016315048482025644
-83.15995629654041,30.4240766929312,0,-1,2018,112,0.21322131156921387,0.24983667400480403,0,24.153078334100254,0.003280550123020629
-84.73377580640265,35.14694580572803,0,-1,2017,1,0.4625975489616394,0.4558741325175682,1424,159.23950959689873,0.021992502134293428
-80.66867180972392,34.73742282438317,0,-1,2020,262,0.43054574728012085,0.441222458457214,966,147.07561756604292,0.010861952772969323
-76.83150692322911,35.039330297698726,0,-1,2017,72,0.3928932249546051,0.4082006307426004,836,95.19794940004346,0.02910644565623523
-77.82533845830056,35.17179354404345,0,-1,2020,43,0.5632097721099854,0.5372918286691596,0,133.8027074731301,0.03544004725339629
-83.21960990568722,36.99189401188559,0,-1,2020,312,0.1264829784631729,0.13763457891061676,0,12.066754916792739,0.0016311689623391872
-93.56369878713969,32.92211257222965,0,-1,2020,117,0.18511132895946503,0.14698397742761937,0,16.745617408077464,0.0019459292544242604
-77.76715976714878,35.554058290319595,0,-1,2020,239,0.4627721607685089,0.4149211891237215,0,21.00986525884485,9.355041827831248E-4
-93.08894898945674,36.16781311930966,0,-1,2017,230,0.3642076849937439,0.3718687740785185,0,45.824350561344474,0.011816016979862292
-86.33725298835344,33.47385951376267,0,-1,2020,0,0.46152400970458984,0.44314496390900715,0,241.93741569067473,0.06314895277890964
-94.20022201143749,33.79382893264867,0,-1,2020,19,0.10879503935575485,0.12094168699088338,0,1.3694684059743265,0.0
-85.93879691101861,37.581859165339985,0,-1,2018,322,0.6609333157539368,0.6100792539522096,0,33.548596731748084,0.005861883625334038
-79.23828163348303,33.72126729455344,0,-1,2017,24,0.0642663985490799,0.07746743128774311,0,0.0,0.0
-78.25836293963617,34.911177413195055,0,-1,2019,134,0.43360477685928345,0.49853199170912516,0,188.57426872200872,0.05038386395531206
-88.93102591634087,35.93991316773056,0,-1,2017,77,0.5773153901100159,0.562362851669574,0,188.27216797675248,0.053833250412564745
-87.03033191476456,32.45910153389079,0,-1,2018,326,0.45325782895088196,0.47173797981214344,0,125.71206008610737,0.04148997040537243
-84.88905306651453,32.77403887358172,0,-1,2017,294,0.44694170355796814,0.38624033005371544,119,139.06165706919313,0.026400490353719813
-86.77432132968258,36.04299446557189,0,-1,2017,249,0.7695308923721313,0.7276145640289763,3801,1210.7430449842261,0.48896405585753944
-85.95489806974253,31.953460729753033,0,-1,2018,109,0.1962691992521286,0.23312131426150337,0,11.726720896590198,0.001562973349025621
-81.96613540180576,26.756754060744203,0,-1,2019,340,0.31559282541275024,0.3026051410650279,0,0.7195228415197216,0.0
-79.67173067378772,34.90968999854687,0,-1,2020,254,0.6153257489204407,0.5250298859691115,0,320.0729142043073,0.04339001236080262
-80.12035223495754,36.19483254312511,0,-1,2020,307,0.537046492099762,0.509294798361814,425,300.3092528451261,0.05540302499809699
-79.74506309650049,37.29423747978383,0,-1,2018,162,0.4058702886104584,0.41955533467138467,222,145.20611697517336,0.011074537077643005
-82.51068304897615,36.48145403937817,0,-1,2017,264,0.6476953029632568,0.6277556033617877,0,1046.4261935455402,0.39003719700788875
-94.3537449696474,34.25251731096996,0,-1,2018,299,0.3784591257572174,0.32525402224134037,0,71.77103675640923,0.01975356776619381
-78.0781280820597,36.24761797041597,0,-1,2017,357,0.25273188948631287,0.22613759829196453,0,16.98133551012175,0.002883615150835253
-91.58104613231639,35.45984930780769,0,-1,2020,71,0.3723685145378113,0.3625358092721801,0,64.0220560889052,0.008740857443944785
-79.65644027404201,36.07724365637003,0,-1,2018,23,0.49619734287261963,0.5451997924503071,0,332.0378321303623,0.08005385801221547
-89.05203527511695,33.51760959613222,0,-1,2020,173,0.2976738512516022,0.2923619198643739,0,32.70810720521403,0.0054752501211865956
-82.14870885849666,37.20668721676314,0,-1,2020,357,0.3223809003829956,0.2925795474269633,0,42.18488774863763,0.007664765879004568
-79.36629013921919,34.666604217971695,0,-1,2018,16,0.5619975924491882,0.5355057457353877,0,70.42529217463661,0.011447358947898913
-81.01686365212774,32.84344588663402,0,-1,2018,65,0.15941393375396729,0.15527861590520078,0,0.6355593796192117,0.0
-82.40230696132272,29.0295572980088,0,-1,2017,106,0.30230027437210083,0.2945199347938228,0,19.123479318734816,0.002708092613989868
-85.79412820875031,31.95699255371144,0,-1,2017,116,0.12338709086179733,0.12493025081080619,0,0.5062955223786517,0.0
-83.35830930054533,36.91653455295228,0,-1,2017,25,0.3069683015346527,0.2985688518049528,0,44.97755386976707,0.004286354850395575
-78.70354587122898,37.49329328608992,0,-1,2019,202,0.14334936439990997,0.1277981222744819,0,4.850446935121913,0.0011701767793828382
-87.1940667789203,32.823134792463065,0,-1,2017,75,0.07035819441080093,0.08294679376610839,0,0.17118624836897944,0.0
-82.36920612405943,31.373476975007645,0,-1,2019,79,0.15349425375461578,0.21425852217536404,0,16.52882663674529,0.0031351605553558547
-89.25617988332498,34.17577674329719,0,-1,2020,1,0.08560705184936523,0.11704274981425508,0,3.004135070567248,0.0
-86.24874271638804,31.38355913063084,0,-1,2019,11,0.18020577728748322,0.1917417114283983,0,40.616168970756036,0.004790694528978152
-92.91328078721095,33.318688230546954,0,-1,2020,152,0.11988020688295364,0.11222813696145345,0,20.742413020388465,0.005333673667445714
-84.42510066616092,36.520537601438235,0,-1,2019,70,0.17540353536605835,0.18845740309151676,0,16.249609954896595,0.001846391409581427
-88.59387394194646,35.37283111482444,0,-1,2018,40,0.34944355487823486,0.3520805383057899,0,57.86010382291483,0.009589328301491206
-87.73488756542969,32.60280870470458,0,-1,2020,267,0.383561372756958,0.28774418955579106,0,18.71979021221472,0.0032090868107332335
-80.82868431992871,35.111536077942105,0,-1,2017,141,0.6262956261634827,0.6479654249667246,1586,1187.9385247193334,0.6589617370199992
-76.38784421796993,36.5346562589992,0,-1,2019,67,0.16630372405052185,0.1574538507282342,0,6.999653317280875,0.001925452760449831
-85.03437515567923,29.929431849802956,0,-1,2018,202,0.049762528389692307,0.04768754921039729,0,0.05464980317876539,0.0
-83.81451625022196,35.595378382668024,0,-1,2017,114,0.011099598370492458,0.008881605402302362,0,1.463581836462605,0.0
-81.5075478399811,30.82735956271216,0,-1,2020,7,0.0,0.07574620615950305,0,0.0,0.0
-90.68561296258218,37.130966285858094,0,-1,2020,14,0.3722325265407562,0.3479579559453983,62,80.28338701645791,0.02486284610431422
-79.69089398479622,36.59848389732769,0,-1,2019,78,0.32730528712272644,0.33220797919318007,0,34.44719060045638,5.267222932678307E-4
-88.8182036384069,30.48762814655578,0,-1,2018,48,0.4399316906929016,0.40932935373438484,0,224.33067007060012,0.049355473892685756
-80.53601328025232,32.74228460909745,0,-1,2020,201,0.20198947191238403,0.17826162585620667,0,16.94598325726821,0.006559013772060254
-85.95945161758962,36.66819032834235,0,-1,2017,79,0.2574627995491028,0.25796074676037595,1483,37.568288616515346,0.010271287037369235
-83.03504195223137,34.89874694787966,0,-1,2017,77,0.3401675820350647,0.34806513895564506,0,65.57009042400632,0.008444234454156492
-78.60035533902827,35.035685931882476,0,-1,2018,141,0.6099933981895447,0.4928781045123356,43,58.75487962078738,0.010532066333632748
-91.01875901198439,33.84372595198692,0,-1,2020,68,0.6032333970069885,0.543664221594259,0,255.91122708821828,0.08176044393900855
-87.0076107668745,37.86289615953569,0,-1,2017,48,0.6585745811462402,0.6259277236819755,0,110.09101367237975,0.02661558598782133
-90.64896536597028,29.843052809854374,0,-1,2017,31,0.23709769546985626,0.2661443658615604,0,25.071269410537397,0.013198238031090659
-89.47989440015597,36.59774241982149,0,-1,2020,49,0.30790773034095764,0.39680065561107086,0,1.7760842638729988,0.0
-90.85387338912221,36.01182735555049,0,-1,2019,17,0.5631953477859497,0.564235401127032,0,10.357263076942475,1.2259440407626394E-4
-83.0367686701417,32.84829815644167,0,-1,2019,79,0.2410595566034317,0.2230412812535788,0,13.04927209175521,0.001497145071764747
-81.78157158153309,30.35348800691933,0,-1,2018,313,0.47674810886383057,0.5470697613186893,0,447.292280877593,0.11345137819195614
-88.56909280792354,34.941011595330004,0,-1,2018,85,0.5429986119270325,0.5220579800973246,0,283.8784322130052,0.08099811807346459
-83.01086421077464,34.77875175445485,0,-1,2020,228,0.42845818400382996,0.43812558566979953,319,206.82353997919884,0.030992448759439035
-83.4801391073029,33.06085524199095,0,-1,2018,85,0.3237352967262268,0.3267134270726187,0,51.94057617941551,0.00282887691988045
-86.77519905719579,36.312194215806436,0,-1,2017,128,0.4516841173171997,0.45622142755868345,0,100.27387908700665,0.017178277351763013
-80.87856270999751,34.239659330683025,0,-1,2017,31,0.3830268681049347,0.3751681045080381,28,104.72834887627519,0.012001910061703525
-93.8792261357793,30.37705675728372,0,-1,2019,56,0.11836765706539154,0.12531843899593773,0,7.837914841312356,2.939751427684837E-4
-93.05063847798094,35.711204818870044,0,-1,2017,113,0.1122719943523407,0.11290594465146904,0,0.011759032803005469,0.0
-82.68855795832168,32.08331964515873,0,-1,2019,195,0.1010332703590393,0.1189201813378855,0,7.226573038665675,0.0
-87.62114713656138,33.17026020889387,0,-1,2018,222,0.516106128692627,0.5111432794618856,0,295.95314174409657,0.0846881170463538
-93.54017383059247,35.06099838851624,0,-1,2020,21,0.11522357165813446,0.1312755372880491,0,0.39298894733358775,3.303251380010684E-4
-85.32277688722485,33.4828465117857,0,-1,2017,85,0.36426442861557007,0.3774062647875948,0,130.3683578533338,0.04135720686299836
-93.3913185856725,37.48735585338302,0,-1,2020,67,0.3464803397655487,0.3834409042356061,0,32.363472193332456,0.00469361678298895
-81.99633160394761,30.88161143133854,0,-1,2018,312,0.5209663510322571,0.5642149770430588,0,84.48756027608813,0.021728585602469402
-85.06555016077318,32.3579499052077,0,-1,2020,68,0.35658836364746094,0.35041231816452734,0,41.86274083389277,0.01496442506311683
-83.03522559938277,36.08006282733171,0,-1,2020,244,0.370965838432312,0.3651559379856563,486,61.684546434447185,0.009907191254341512
-87.43387388417852,32.10309651571962,0,-1,2017,226,0.09963022172451019,0.11447669722633769,0,3.0253459779570044,9.43413925539984E-4
-80.98707855471747,26.4628241954532,0,-1,2019,255,0.16028957068920135,0.20984602739719926,0,19.548108530601056,0.025443788663675377
-86.83255731927665,34.17092514100357,0,-1,2017,75,0.8112155795097351,0.741081135095994,2189,1528.1072280688484,0.550018041079197
-90.87048783987996,35.932056253646856,0,-1,2019,161,0.45470383763313293,0.5233266272749385,0,1.1653554971412723,6.128468010673749E-5
-82.27750155264398,27.52304995813024,0,-1,2019,93,0.2548980414867401,0.2649143220743866,0,0.9848587043539109,0.0
-81.95577972087477,28.789235108290242,0,-1,2020,69,0.3917258083820343,0.39661407485303746,0,3.051808637714594,0.0
-92.36153325396099,31.444412720114368,0,-1,2019,79,0.25414520502090454,0.2688992168825668,0,10.56744575974181,0.0010888607390237988
-94.09565885159239,32.726048915491,0,-1,2018,71,0.21684716641902924,0.22549863213068005,0,15.495099182461681,0.0
-78.34267656877837,35.66047441849664,0,-1,2020,104,0.5123507380485535,0.5394101818260657,3,374.0286750777705,0.038785645757768654
-89.60833342798298,32.15755554761569,0,-1,2019,135,0.15214252471923828,0.1413985772900876,0,33.203732420557614,0.015252453466861242
-84.69537064039409,34.12569368551002,0,-1,2019,139,0.5467601418495178,0.5152942956998742,1255,257.26971965267825,0.07298854623068127
-90.91395125627544,31.432807192004116,0,-1,2020,64,0.17041048407554626,0.18186527462038823,0,6.198345362286866,0.0
-90.3496698404981,31.486652733046068,0,-1,2019,185,0.37590491771698,0.3705552616413298,236,83.77502269346176,0.013236027502159676
-82.14821069507926,35.672680030143184,0,-1,2017,79,0.3097899854183197,0.3104767728570139,0,44.124237285998824,0.0034821552383838277
-89.76884607706292,37.20342519385502,0,-1,2019,84,0.46720418334007263,0.4865807611796581,0,33.09599425093534,0.0037389625773982986
-87.87733299366121,32.892009417993854,0,-1,2018,15,0.26860424876213074,0.29382612711963285,0,21.538636098600296,0.002561013958991796
-85.3665626991807,36.203747134864706,0,-1,2018,183,0.359367311000824,0.35789930750236787,0,70.11955497423455,0.0029249044224145416
-92.2635477021686,35.1525500237633,0,-1,2018,34,0.3776666224002838,0.3745418156307233,0,58.82110146681544,0.005932415258651221
-93.96401376855768,36.17701250851948,0,-1,2020,48,0.4718523621559143,0.43039685854645804,0,92.1824130312132,0.028057824136763682
-87.31535250520595,30.930299422466078,0,-1,2017,128,0.3168386220932007,0.3422651342988328,0,49.511449202732045,0.006786621749325288
-89.72589194364794,32.020269160146746,0,-1,2018,116,0.3060772716999054,0.2536592696989723,0,10.508133015219663,0.0021772413922547047
-93.00202637913581,29.84285287813154,0,-1,2017,319,0.23830685019493103,0.19961076045104367,134,25.641186296448026,0.005238072896974446
-83.42243044222938,32.94600874669107,0,-1,2018,68,0.3504493534564972,0.3414824880228319,0,45.056117271071166,0.005331761455018764
-89.23706460706703,31.74892488621907,0,-1,2018,340,0.4414990544319153,0.43439428417295145,234,133.6462412661795,0.02481870537255904
-82.17047177143569,33.88625693710279,0,-1,2019,350,0.12295141816139221,0.18536026413728562,0,5.001919343452171,8.382822548744807E-5
-78.3634401770116,37.21688487753325,0,-1,2017,215,0.3497302234172821,0.3195263552054167,0,42.67104334232623,0.008895624670532419
-88.12986454759428,34.68805627337907,0,-1,2020,279,0.26601502299308777,0.2636819395929559,0,27.777969691621074,7.270234620857267E-4
-87.35166564283183,37.48460794307461,0,-1,2018,101,0.49909910559654236,0.47853217606118,0,42.12299910178225,0.00380711616604555
-82.17772854077432,32.91870155134755,0,-1,2020,84,0.4980974793434143,0.4241995879583618,0,5.136377532849431,0.0015693052378213156
-84.60013809709889,33.80087141443248,0,-1,2019,84,0.6673637628555298,0.7092367656261007,573,1263.859983359492,0.6294427683472059
-90.46163355741159,33.0917943775039,0,-1,2020,103,0.18660345673561096,0.27921788201526104,0,5.118735305426515,0.006728479640296382
-91.00512980400428,37.28756887553034,0,-1,2019,79,0.10114164650440216,0.12101517008242503,0,4.654482421721112,0.0
-88.0761467626358,34.0292306717355,0,-1,2020,260,0.07268916815519333,0.11125869124304956,0,3.6771574627947574,1.885231307407912E-4
-76.3018160952513,36.164558160219805,0,-1,2019,266,0.5310283899307251,0.5338290555859255,0,68.87285964165835,0.012416993108071307
-82.5983492418793,33.6386407301397,0,-1,2018,0,0.11501576006412506,0.11818832221243433,0,1.2171980926026897,0.0
-80.52721277756804,35.27115114348883,0,-1,2018,219,0.47876793146133423,0.47027738895293114,0,160.39594791801275,0.009767791991144985
-91.08203274013458,32.49192158789169,0,-1,2018,48,0.11158806085586548,0.13076280087482847,0,7.334679185932533,0.0013948449299782516
-82.26777421756569,29.404690440640774,0,-1,2019,78,0.40931034088134766,0.433780140307419,0,101.035053989826,0.02268857777215363
-84.2263960362956,33.80828004072045,0,-1,2017,53,0.7735190987586975,0.7925732930660602,1107,1559.3576304841145,0.8827221360327631
-87.0686983259415,34.503814407893366,0,-1,2018,192,0.3813691735267639,0.40626428695729794,0,120.21343002751443,0.022954507356797913
-87.8250799812379,32.24927847901852,0,-1,2017,34,0.08852948993444443,0.09969071091624751,0,0.10421131590227177,0.0
-85.8883919886203,34.586952257640014,0,-1,2020,61,0.42272821068763733,0.4222337675156964,0,77.13638240271801,0.015674551872978337
-83.19722961567085,35.59296194626136,0,-1,2020,135,0.00913966167718172,0.014253346856422334,0,0.0,0.0
-82.38922969520056,29.046147472993834,0,-1,2020,204,0.2687031924724579,0.30019484855099565,0,9.280603497182334,0.0016376572648910618
-77.99061333527521,37.41577750265845,0,-1,2020,270,0.29830044507980347,0.3502219395766925,0,34.88779909735005,0.007682756873178761
-81.79668910953781,36.344207400247335,0,-1,2020,80,0.29416051506996155,0.29387364516156045,0,37.39795757556653,0.0018453654891235278
-91.11617179250568,31.585761709362114,0,-1,2020,26,0.11056089401245117,0.10077282187085847,0,6.154660976885794,9.480715363068304E-4
-87.27531408992937,30.32165429069539,0,-1,2018,111,0.4021739959716797,0.15025960360676283,649,65.6497352663095,0.005555784188649738
-93.75206866749335,33.8665455871565,0,-1,2020,198,0.22755873203277588,0.27440660928524246,0,12.715402823435973,0.0011291868541642048
-77.12683506912123,37.610530812947225,0,-1,2017,355,0.4112461805343628,0.4364122102460303,0,20.06779041327315,4.203530966011452E-4
-82.69112020771915,35.97877575026556,0,-1,2020,202,0.1978168785572052,0.18019044883785312,0,50.93764753713447,0.0031406226670579566
-82.4043537608687,31.858723720176,0,-1,2019,13,0.24170942604541779,0.29824415198606374,0,39.21519051176098,0.00732032184407959
-80.42502116963735,25.779424392799587,0,-1,2018,153,0.47977444529533386,0.6176014368594409,0,963.015232074027,0.2323998397675431
-83.2342526856572,30.823247015536165,0,-1,2018,250,0.5804929137229919,0.5368402031649213,2623,404.17664857504843,0.12328742390640358
-87.0071312507567,34.085765643238055,0,-1,2017,155,0.3677421510219574,0.3661660456931906,0,81.55711111461308,0.010074345008547675
-84.75416322393384,33.644773282373926,0,-1,2018,77,0.4371154010295868,0.44051713380865376,2093,122.21353601956679,0.029202108541991123
-80.8811862843976,35.806009046906645,0,-1,2020,26,0.7241142988204956,0.7170037807738492,486,1093.7531637390582,0.4977112687503652
-85.91334313336827,32.95986137137931,0,-1,2018,248,0.46515175700187683,0.4576891258207528,0,202.19975603375173,0.03502555745901751
-92.42400814737219,34.79976634190222,0,-1,2020,190,0.5938715934753418,0.5747780494551964,1310,1086.4208429592131,0.5231935091176828
-84.65809465508404,34.455364243757074,0,-1,2017,144,0.35688939690589905,0.380958660224121,0,118.83914490478976,0.027413754933881897
-80.65680766603182,37.2964898283698,0,-1,2019,207,0.3244812786579132,0.2958579693380228,0,40.74692787963025,0.003602894426110385
-82.69690198959975,33.76765087451235,0,-1,2018,78,0.23389282822608948,0.22966622877936738,0,11.91554542789875,0.0015204632292118016
-79.58344204048056,34.0711612033397,0,-1,2020,297,0.3362913429737091,0.3383331587237923,0,28.416524049507856,7.015394602857985E-4
-78.90173751692075,36.741549708875795,0,-1,2017,129,0.49646490812301636,0.5145787792979946,1009,367.721166240667,0.10897418050814882
-91.346360267891,32.36839863732866,0,-1,2017,70,0.05013308301568031,0.15145425118315642,0,0.0,0.0
-84.91618968491578,31.963917998996433,0,-1,2017,144,0.044630322605371475,0.05273116326988469,0,0.653407210597479,4.280890639297504E-5
-78.90678770745383,37.06884557045981,0,-1,2020,265,0.3715105354785919,0.3671457472628352,0,63.302616857186976,0.005053733978749961
-89.11232351636819,31.840346722974626,0,-1,2018,15,0.3171040713787079,0.30989623413249295,0,49.85756382901607,0.004741665167555841
-90.43992673708087,32.48018220868798,0,-1,2018,44,0.25009849667549133,0.2978366181025126,0,19.6662884697206,0.0012779790890671552
-84.16344998495332,37.45729199004477,0,-1,2019,47,0.25197872519493103,0.20277061852437464,0,10.723123812165314,0.002165170890256981
-80.7708282933143,36.967465884045396,0,-1,2019,56,0.2152857631444931,0.25511911135826126,0,45.04156120869803,0.006711204506021766
-82.29993968428843,37.755984217103176,0,-1,2019,113,0.33191007375717163,0.26822091253642544,497,24.949967537993146,0.003646507419926365
-89.853322466202,29.520937973806966,0,-1,2020,193,0.04738897085189819,0.0722715656654607,0,0.0,0.0
-92.44510350857996,30.745355167602167,0,-1,2020,290,0.3697607219219208,0.38351743348031475,0,76.50268208894072,0.016202255974983232
-94.05131019724146,31.908826671070774,0,-1,2017,133,0.28472763299942017,0.2708482629496796,0,52.5121958138054,0.01143772315038378
-82.75731382782953,33.4130278992477,0,-1,2019,243,0.14571131765842438,0.14511611763434484,0,13.782450555511783,0.0023226686114722396
-80.01246520206837,34.99332353116709,0,-1,2017,62,0.34934157133102417,0.3633183681368259,145,38.75064847470554,6.786228618199525E-4
-94.0212483642868,34.417309483426514,0,-1,2017,135,0.09396280348300934,0.08789576279748225,0,0.16029336216107187,0.0
-87.31851783130253,36.39778803671145,0,-1,2017,64,0.39962637424468994,0.39883905165687156,42,63.66849482599388,0.0035753068207429258
-92.10423084159545,35.88948036924094,0,-1,2017,38,0.5095000863075256,0.486508968775526,382,215.2969937252405,0.049132522232527585
-82.57484314820397,33.01169469607657,0,-1,2017,50,0.21509672701358795,0.24791413922762484,0,1.75,3.1767966770706755E-4
-90.14095291972136,36.095162835442686,0,-1,2020,133,0.6306394934654236,0.6327178265548773,0,10.159872424780104,0.0018842709458732935
-83.01259265950542,36.735428014424734,0,-1,2019,114,0.4275890588760376,0.455231794108882,0,134.30335389396515,0.0197405687828977
-81.09042566895131,28.479471791285043,0,-1,2020,135,0.4843525290489197,0.46415067847991814,347,256.07916566861223,0.0517352050151473
-85.63247793197127,34.02453407249113,0,-1,2019,121,0.17368444800376892,0.23273178924151425,0,27.552257857115826,0.0026454123877733657
-83.86416518803374,31.62842719797907,0,-1,2018,285,0.5574496388435364,0.44786545960789576,0,29.08916105404816,0.007131754346463819
-93.67567944672493,33.139553345680866,0,-1,2019,67,0.23409348726272583,0.22748461273293324,0,4.4875388868051225,0.0
-94.14610891283162,32.40402451781875,0,-1,2018,110,0.2973969578742981,0.303349561386595,0,7.366748721116782,0.0
-80.70606497260502,28.662960191324096,0,-1,2017,78,0.11519755423069,0.14858366626324174,0,2.97911919237764,0.0
-81.53095465100766,28.018541729282603,0,-1,2020,152,0.5355061888694763,0.5022363446934006,3003,311.7356889145226,0.10084548945794541
-90.96259750793637,34.03843508831443,0,-1,2017,64,0.5562950372695923,0.41101464624951334,0,1.3260644835954494,0.0
-83.15679105229628,29.64165286821084,0,-1,2017,350,0.2977990508079529,0.34164943601752407,0,138.98033622874146,0.023081886273739704
-83.98402602312112,32.53698059098913,0,-1,2019,98,0.19939444959163666,0.23497421656774617,0,14.275004570067015,0.002364999080130009
-84.55981163334593,32.43419156890886,0,-1,2017,80,0.16954320669174194,0.16227230989678626,0,21.242913920643478,0.007122767090346959
-94.35473824814042,33.68870687436464,0,-1,2019,216,0.32162657380104065,0.332532981473693,0,95.15120684329625,0.020566868449753854
-79.2486260627569,35.2034526139529,0,-1,2018,121,0.22824664413928986,0.23591014010607167,0,33.587402095973516,0.006493472734173135
-81.0751683718052,28.275817284873053,0,-1,2020,44,0.3185320496559143,0.29020209537670993,0,9.541813746501605,0.002050183598531212
-80.23979750060477,26.028120711845705,0,-1,2018,51,0.9260351657867432,0.904282211288154,2434,3460.7957785320973,0.9838003907381501
-81.91143433929443,35.915490965275986,0,-1,2019,325,0.054461393505334854,0.08344276909338563,0,0.5635594021646629,0.0
-82.08048745270362,28.72334575182441,0,-1,2019,84,0.46219298243522644,0.45495005247129894,331,69.70905664183148,0.011715096954469142
-87.75903498927514,33.19827756020787,0,-1,2020,194,0.3301032781600952,0.3193202027611618,0,71.14133658607307,0.009410807475839847
-81.83562577577173,36.258574330706665,0,-1,2018,193,0.3674752116203308,0.36326395939269895,0,58.76445819965078,0.003619105187127972
-83.95223941774282,36.635713058855565,0,-1,2020,331,0.3154788315296173,0.3106715596992357,34,51.9569198377402,0.003494332208428135
-92.16187536301052,35.85560326997432,0,-1,2019,350,0.3596903383731842,0.37687338731850345,0,145.33813044876038,0.033965435424050956
-80.0298543231532,37.739699823404436,0,-1,2017,298,0.2668318450450897,0.2153408755027276,0,29.649249544557694,0.0016029728769987144
-83.03999760256124,29.655033082294768,0,-1,2018,132,0.41387349367141724,0.3961123413335369,0,73.17198502203192,0.009177614832690644
-92.04324638003744,32.54750692795186,0,-1,2019,124,0.5847217440605164,0.5616440613035569,0,426.4016880403162,0.2071340727952126
-81.11507265440787,36.56797535142758,0,-1,2018,67,0.18619394302368164,0.20422049752736274,0,27.93777636302321,0.0034490658249758206
-80.02372309623074,36.381052739669606,0,-1,2020,124,0.38395825028419495,0.40937366953705995,0,140.90190108795682,0.021827341976544824
-85.73106235715092,37.75292161224812,0,-1,2017,273,0.40740305185317993,0.41522498704729377,701,108.05732124734456,0.012307566912206686
-90.8834580417489,32.91405317517796,0,-1,2017,189,0.6767356395721436,0.6718221467599123,0,386.21412947554205,0.13749336025426154
-80.59038293164056,37.06192767093743,0,-1,2020,69,0.3975726366043091,0.4007665900028685,169,121.45555863738365,0.01523007379360968
-90.90034485841737,29.466749782232668,0,-1,2019,6,0.04268656298518181,0.06123675743015204,0,0.0,0.0
-82.46117331344314,34.42698911677374,0,-1,2019,181,0.4178979694843292,0.39845402645188355,18,82.29840336346327,0.01060940686652647
-88.48392871503893,34.22696570761467,0,-1,2020,46,0.3458893299102783,0.34181594854994996,0,58.85786280473395,0.005198397182736388
-92.6427631194185,35.85228898908729,0,-1,2018,343,0.17423264682292938,0.1771134874249812,0,18.33623501750782,0.0015759694133806205
-82.61515647930763,29.958415904268577,0,-1,2020,288,0.3679174482822418,0.3920368771175293,0,44.42858943931212,0.004456369768384594
-89.20105325942872,36.30479957650369,0,-1,2019,33,0.5820972323417664,0.5552543870591382,0,41.35975125444413,0.008872303219010683
-80.99305691201032,36.60689252725594,0,-1,2019,65,0.4154050946235657,0.39986794298580347,0,85.63892031934034,0.015462996761391427
-83.79198168598826,34.060698777660036,0,-1,2020,10,0.5558268427848816,0.5218435255321737,2,294.8402122938833,0.08489447955514194
-80.08810654603901,32.64356671447413,0,-1,2018,102,0.29494208097457886,0.3015296583657309,0,38.722145882708894,0.007226265201512484
-89.31661205330798,37.16138246070704,0,-1,2020,256,0.5757834911346436,0.5107252815804186,0,21.308556137934524,0.0053805522451370515
-91.69300758533831,30.89870058820429,0,-1,2019,123,0.587843656539917,0.5498107180962529,0,20.991505737960672,0.004765982594040605
-89.4569810640314,34.913308779639124,0,-1,2018,33,0.3559134304523468,0.3616337854862988,154,52.3560251500969,0.011878861947079796
-92.51373566379708,30.855563373517683,0,-1,2017,50,0.09406928718090057,0.0998973396949002,0,1.783011969971069,9.642940338369692E-4
-86.48568317200625,32.07190186982629,0,-1,2017,152,0.1427195817232132,0.147389070536304,0,5.136990834709605,3.31497620702561E-4
-87.34911240750327,36.328288967139756,0,-1,2017,82,0.3941766023635864,0.3890039947842316,0,50.21473169962969,0.0026430929048435396
-79.3576866433501,36.39818248226101,0,-1,2017,44,0.43726226687431335,0.4310175869823208,0,163.26723964045735,0.051986082382287156
-86.35716178326135,34.725586662976035,0,-1,2017,316,0.3312237560749054,0.3863381034060191,0,5.47001796463803,1.4522369635799716E-4
-94.47767219995451,30.71102805488723,0,-1,2018,125,0.15725979208946228,0.14594865231625845,0,11.262567684268252,0.0028444153827291646
-79.41133395432188,33.27375450141996,0,-1,2020,32,0.2759948670864105,0.23434306768655697,0,22.23911563553847,0.0020837630433517907
-89.22271127928309,32.17099743589763,0,-1,2019,13,0.14138366281986237,0.1329533525854883,0,9.973140274459622,0.0023186901941067294
-92.52791198695667,33.96161634261399,0,-1,2018,123,0.03464341536164284,0.033783231070994055,0,0.0,0.0
-81.01898278669957,35.62464346143861,0,-1,2018,71,0.42236992716789246,0.43765648040361466,0,135.18096549811378,0.013454440888837283
-92.80615777187062,30.621330343718068,0,-1,2019,141,0.3189777731895447,0.30117301959898163,1,51.012818088412395,0.003409259758627712
-92.30421257697506,30.84876718585474,0,-1,2018,109,0.32757219672203064,0.3256337609685837,0,46.848351897728755,0.008820110513064887
-85.39499621523039,34.15600155565369,0,-1,2018,122,0.23523233830928802,0.21284207390204277,2,36.215958623689254,0.0040589280644381135
-93.84795979746185,35.522847179834734,0,-1,2020,285,0.4925280213356018,0.4456083486025672,0,68.8582914414486,0.015345275263594974
-80.99172984550499,25.393352911883888,0,-1,2019,253,0.0,0.0,0,0.0,0.0
-88.91938380548629,35.46450588051176,0,-1,2018,134,0.33882537484169006,0.30660136534338805,0,17.419655379999185,9.262499228125064E-4
-84.11185268354777,36.63369807465111,0,-1,2020,70,0.4309561252593994,0.40413614341991355,36,88.23294639733483,0.03198625763724322
-87.94167161660968,31.518902698595102,0,-1,2017,225,0.3996640145778656,0.36880092241141615,0,49.8411711867879,0.014403404889324673
-82.94410790995008,30.32580784689526,0,-1,2020,127,0.39460840821266174,0.4381436100929039,0,79.84726104893582,0.009405850944152071
-89.81516945066922,36.09658779365811,0,-1,2018,66,0.7077944278717041,0.6774659517942263,0,227.52566240036822,0.1000918027872715
-82.03154846029163,33.190603319164836,0,-1,2018,235,0.44836175441741943,0.3921196726538891,443,69.16063554500728,0.008493625766674161
-92.76566521123553,37.42767614617477,0,-1,2020,306,0.2790583670139313,0.31344144230221,0,20.52982369885722,0.003673071448545509
-90.71900203786703,30.36980658319149,0,-1,2018,138,0.2851996123790741,0.2911741779860909,0,2.9792742847957836,2.286828142142704E-4
-84.37631135729897,33.318396080077356,0,-1,2017,72,0.40369606018066406,0.4279531913849049,0,100.569686520969,0.02844097653118372
-93.833363147012,34.861139740491595,0,-1,2017,1,0.07034950703382492,0.08030158681262849,0,0.0,0.0
-92.3934891641314,35.45167511046435,0,-1,2019,35,0.3891499638557434,0.3760723035947837,688,104.69514420516184,0.010074604408228207
-85.66400573806457,30.978049496782624,0,-1,2020,66,0.4070529639720917,0.39289741447313614,38,67.87695362359942,0.01416848578609357
-86.24924497413133,35.48924493482081,0,-1,2019,205,0.3003791868686676,0.2986613669637558,0,29.969800688324963,0.004188998516665545
-91.66101347831966,36.401491463697774,0,-1,2020,83,0.16999970376491547,0.17413656408756217,0,9.805226364427188,3.7398870401465415E-4
-89.08070711688447,35.16051839405851,0,-1,2020,255,0.24560652673244476,0.22824672437080656,0,8.96273113785855,7.896835330338042E-4
-90.70028792835936,32.914656379173024,0,-1,2017,234,4.620194958988577E-4,0.02807855438074072,0,0.034559161881228685,0.0
-91.27547700439781,36.26174741542447,0,-1,2020,199,0.32834067940711975,0.3157970362321776,0,21.015496717544977,5.805603935588353E-4
-81.17801973257426,34.640660222745474,0,-1,2018,20,0.35086169838905334,0.33966073141062714,0,20.558766148832433,0.0012653393161971228
-84.4932583162673,34.74538587833974,0,-1,2018,60,0.34169748425483704,0.36884552597510417,361,78.25500880894823,0.022152066923902747
-92.64517101343782,34.27839907985891,0,-1,2019,297,0.11264466494321823,0.11642319549024313,0,3.6644151668925518,0.0
-81.92568723965455,30.190053722615488,0,-1,2017,31,0.30815625190734863,0.30656137622758733,0,39.605519101916805,0.0071632999894820195
-82.29488065804021,34.5519968146279,0,-1,2020,131,0.3496120870113373,0.3394166265524206,0,47.66181731081365,0.0047241172981602585
-82.08700322102622,32.817000018407676,0,-1,2017,21,0.13226079940795898,0.2486713409051229,0,17.475135526979326,0.0019191259615537741
-93.19757369758423,35.05332875668997,0,-1,2019,85,0.3170105814933777,0.29995324726881356,0,64.75778214102247,0.01958199617618826
-90.25821720798157,33.51244513183463,0,-1,2020,67,0.5813527703285217,0.5561958889617742,0,35.610900116931035,0.009113062498672725
-86.74510303155517,35.179095482675514,0,-1,2018,217,0.31992107629776,0.3304757497621542,0,22.035425787073365,8.470243106306716E-4
-91.46684403982698,31.942110456783436,0,-1,2019,82,0.06204325705766678,0.19776276721825756,0,12.268940193838148,0.0032124310615514674
-85.418098443282,36.80119551144912,0,-1,2017,172,0.29308652877807617,0.30248675187355234,283,63.13220410569015,0.0147861287484552
-86.94631081486799,36.11004282403305,0,-1,2018,138,0.4669891595840454,0.5240749838213048,0,211.23472552270127,0.05758042436687193
-78.60231734828807,34.044716720629296,0,-1,2018,75,0.21597915887832642,0.2704308460661761,0,21.996290401374157,0.0015075363709535767
-88.41977317446243,33.648248501158086,0,-1,2017,98,0.4536220133304596,0.41948179982485917,0,70.44036940145621,0.015048547618212563
-89.9011587691371,34.19356224874692,0,-1,2017,132,0.360946387052536,0.3562087995058402,0,58.801710118252174,0.007517521444551652
-82.94556765010738,29.197328887077926,0,-1,2020,78,0.10519789159297943,0.12162857980186217,0,0.08555192400427383,0.0
-92.26730380793042,32.33969683072647,0,-1,2019,47,0.22566846013069153,0.24941866682889197,0,1.095454960903398,0.0
-80.84558667611485,36.9950321263229,0,-1,2018,287,0.35873615741729736,0.3628641064478012,0,16.954474829576075,0.0021387075734517124
-86.3541125477557,31.212080829630487,0,-1,2019,75,0.13357625901699066,0.1660338606184318,0,31.796466898844876,0.002624018698162106
-84.8903812235385,33.07193003777303,0,-1,2019,198,0.3545190393924713,0.3328776088023865,0,40.482463439233484,0.003642353316241813
-88.09220342312608,36.98889574946238,0,-1,2017,75,0.07615682482719421,0.08167179226538468,0,0.09563836124164406,0.0
-79.53283277795492,35.91501304861993,0,-1,2020,79,0.3884085714817047,0.3986142679894163,0,133.58831037851812,0.021514802648950664
-78.38927330818734,36.72127151371587,0,-1,2020,44,0.2608933746814728,0.26693836908328133,0,5.674861166266398,0.0
-85.18118321643857,30.47900628474664,0,-1,2018,54,0.14737041294574738,0.2293930765294503,0,27.668096479257223,0.0013622530575769874
-92.07637469353953,30.786906066569696,0,-1,2019,63,0.29847225546836853,0.3014406744429329,0,9.631528022036905,0.0029035482667233224
-82.88983456266891,33.274617166196165,0,-1,2018,101,0.18413744866847992,0.1926857759976752,0,3.9633874993696727,0.0
-81.83726843940569,30.03282753320118,0,-1,2017,309,0.4299951493740082,0.47663779207394963,0,290.5568838307273,0.05236511390643328
-84.90031414621373,32.69391199059229,0,-1,2017,53,0.3269343078136444,0.3334802089043616,0,20.100347656705544,0.0034303124567216024
-85.2273196465603,32.67135991687263,0,-1,2017,255,0.31463494896888733,0.2905803709367901,25,25.853955957022325,0.0015283570029317882
-81.74303664237856,36.14815342211542,0,-1,2019,293,0.2949240505695343,0.33907214771336935,0,29.471386201962318,0.002253896295157964
-94.46200508022748,35.41626853952324,0,-1,2020,85,0.6316205859184265,0.5719703863846805,0,22.604341193749487,0.006085539524918586
-77.3661605425076,37.22027093504948,0,-1,2017,133,0.5412022471427917,0.6597923688220924,0,563.9941754733213,0.20908401568277085
-84.17406960987441,30.900937255215922,0,-1,2020,221,0.605712890625,0.5057815132928125,267,136.76349664632613,0.026934203031284566
-93.3602586094579,36.433135252180016,0,-1,2020,355,0.21676947176456451,0.21639865068979233,0,32.00488229231345,0.007920933933373068
-83.46316930857425,32.28122849235213,0,-1,2019,6,0.5026527047157288,0.508020339462899,0,604.2552014549257,0.2681072581207637
-92.47948057577649,34.55093458078253,0,-1,2020,75,0.34046119451522827,0.3424322406840806,0,39.09437542154396,0.009243288430810256
-80.0828408497574,37.65619711805448,0,-1,2018,125,0.1727903187274933,0.13355187730320892,0,37.71808245772165,5.991791245992989E-5
-79.18579214191593,34.26803434671124,0,-1,2017,151,0.5227792263031006,0.42933749556527495,0,49.45475919581709,0.0018908499645957358
-81.0067329629356,33.295710385942705,0,-1,2018,61,0.4741629660129547,0.4324846551416781,0,174.92401105637558,0.029381691907012588
-87.50164728581446,34.27584133939214,0,-1,2020,275,0.3009902536869049,0.2827426867323473,0,41.5799227215138,0.009459509296187215
-81.74201892873636,33.761408260350954,0,-1,2020,336,0.42705291509628296,0.37421074231928725,0,71.0803555107315,0.018091726204194514
-81.52411036481007,34.57582016537899,0,-1,2019,112,0.213966965675354,0.16680860623690857,0,7.885591911602493,4.777483512488965E-4
-80.40193474545084,32.76016119593906,0,-1,2020,329,0.37006083130836487,0.3132117898947189,0,35.26992171249197,0.0031065789368061383
-93.2234925303641,31.882446727056344,0,-1,2018,140,0.31962066888809204,0.33933500753370316,21,56.81240781129841,0.024559952778737355
-84.58997620996266,31.84977638468234,0,-1,2018,53,0.1260131597518921,0.1159861986927746,0,3.220223217522041,0.0
-84.76018548383053,31.170444822042295,0,-1,2020,25,0.534634530544281,0.46848126180759314,5108,102.24123585271377,0.014750073544169103
-89.27379500338448,36.12094751453952,0,-1,2020,37,0.6366661787033081,0.6605315539691897,0,494.0648691239738,0.1883486421725235
-82.10393650257059,30.130990829694568,0,-1,2017,187,0.10505084693431854,0.09666937386449394,0,0.0265210608424337,0.0
-79.69690614212716,37.459778638644046,0,-1,2017,101,0.1899852305650711,0.19825000115028157,0,11.327445035550397,7.808980327376482E-4
-90.5268290285741,33.085962784412224,0,-1,2019,46,0.51445472240448,0.49476612291733135,0,12.434189542689657,0.002679316787470019
-86.39237609533916,31.51345217641172,0,-1,2017,183,0.1718800961971283,0.19357131883071313,0,5.737215327109873,3.334068262358908E-4
-89.80174430324121,36.53429511101519,0,-1,2020,114,0.6307759284973145,0.6221991422115755,0,10.837926773916994,0.003642577225706772
-85.82888923499988,37.2944815249085,0,-1,2017,283,0.2628561854362488,0.3107728285001156,0,50.72263808998503,0.004650493452196108
-86.55807591548651,33.08722348562375,0,-1,2017,267,0.39921674132347107,0.3628819126908198,17,72.79606411880759,0.016796138594552416
-86.23628104067481,32.798843203278814,0,-1,2017,274,0.09220308065414429,0.09347329040184833,0,10.476156857306755,4.879005955569227E-4
-90.53706128283912,34.807460910575934,0,-1,2019,54,0.4449251592159271,0.3636211051939737,98,3.1478120823983264,5.490393106966842E-4
-87.2271331968271,31.84377343952454,0,-1,2018,328,0.08007112145423889,0.09016119411657225,0,0.0,0.0
-79.86501231785044,35.05457512477806,0,-1,2019,238,0.050825878977775574,0.06615794605422239,0,4.7443260433114895,0.0016940529959688763
-92.14379597223113,35.55107982854611,0,-1,2020,109,0.3264358341693878,0.35836322350149613,0,103.06871174538743,0.017437127010684124
-91.06892309012296,37.0131621900338,0,-1,2019,344,0.21514339745044708,0.19830631680501978,116,19.519321082989237,0.0024361582492007923
-90.0435052417446,30.47056955174662,0,-1,2017,35,0.5983635187149048,0.5909250265211761,1403,774.596461147637,0.3188715953307394
-87.41155401106062,34.49371313351263,0,-1,2017,91,0.4195961356163025,0.4389044857938282,20,178.16420615359402,0.0503810306866277
-80.2551235794454,33.27575708868866,0,-1,2020,111,0.32857784628868103,0.30736227421216217,0,31.30943915984292,0.007860374780087052
-89.8847571526997,35.652715390714604,0,-1,2018,213,0.09038077294826508,0.15839381645216824,0,0.051436405755078234,0.0
-86.8701132974666,31.32794870219789,0,-1,2017,83,0.24806267023086548,0.26891681633250447,0,0.0,0.0
-84.94795362481032,35.284295879513074,0,-1,2019,103,0.41584521532058716,0.4043197125186105,0,100.14026429163468,0.02965838675499521
-90.82362075480238,37.11014232748691,0,-1,2020,104,0.09495668858289719,0.09309007106693964,0,4.808512582927561,9.680712500440031E-4
-84.16610967154162,31.679004500789194,0,-1,2019,76,0.44450870156288147,0.48722511519990314,0,128.04330394712366,0.04647104355780723
-92.41507774426343,34.280480955037945,0,-1,2019,19,0.4040967524051666,0.4233228621156144,0,182.9917579386967,0.05345569398524224
-84.05382209540123,33.7182916962864,0,-1,2019,32,0.5991206765174866,0.5748822907537835,8,433.66493103709143,0.1964628136821271
-82.28275675949138,32.37883898542914,0,-1,2017,340,0.16762708127498627,0.2263434986709635,0,6.462269889345176,0.0
-93.50414749807153,30.711330312670135,0,-1,2017,282,0.10325082391500473,0.08986373630011875,0,0.0,0.0
-78.37632086215707,34.838214700175484,0,-1,2020,142,0.32550230622291565,0.3435840256644856,0,28.429644337288632,0.010181202406275963
-93.5780342379688,35.964360735762845,0,-1,2018,313,0.1374925822019577,0.13358058675942314,0,2.8261334123402,0.0
-80.54368483721322,25.84364565541502,0,-1,2017,276,0.193625345826149,0.19339485810233203,0,0.0,0.0
-79.24659686754873,34.295074866452254,0,-1,2018,70,0.5399340391159058,0.45340670175992404,0,51.124936178259624,0.0067968785097606
-88.8011321264818,35.65444435528602,0,-1,2019,90,0.6358264684677124,0.6136058078497553,1119,700.1725071548345,0.19962875159450258
-90.3719630435416,34.95186367661427,0,-1,2019,256,0.5995140075683594,0.5965574239301291,0,7.744723836659563,0.0014612307500984519
-79.82263122352857,34.56795168843983,0,-1,2020,170,0.06554002314805984,0.15328052298519113,0,0.0,0.0
-91.24162096391888,37.69019307435266,0,-1,2020,74,0.09759681671857834,0.10341241463701069,0,1.137584865696293,2.2196174277377354E-4
-84.61374925411158,33.33330075837136,0,-1,2020,127,0.39793655276298523,0.4303654421301254,0,77.0460568201159,0.013548246452130324
-92.6812408277893,31.12164792370656,0,-1,2017,121,0.3018527925014496,0.29741936427732324,343,55.06934958760257,0.01310395034292501
-94.16003089922526,32.72710841933633,0,-1,2020,5,0.29646867513656616,0.27621823166340725,0,39.65086909245631,0.0035590328842873124
-87.60692099423055,34.01407043601364,0,-1,2020,43,0.15419845283031464,0.15092179358372787,0,20.313919917294943,0.003964765800680648
-92.24039368111448,37.430409773934606,0,-1,2019,85,0.12818528711795807,0.14083633368137666,0,8.517324844779228,8.018241499411162E-5
-82.36104142276648,36.42833013049332,0,-1,2017,114,0.49315693974494934,0.4972557967199199,0,196.87888873130666,0.027403975394930315
-81.8199611827471,29.64770236466661,0,-1,2018,329,0.4052598476409912,0.4134292787138445,0,128.88372408185384,0.009718558590781053
-88.66620746820064,37.16840155921625,0,-1,2017,72,0.5432178974151611,0.5576915789356244,0,118.37752410247998,0.02496685466560037
-79.29111131512629,37.358776900594975,0,-1,2017,130,0.6332137584686279,0.5525687740168718,102,442.8397416703176,0.12851328718496896
-81.20471893007321,33.983129636850656,0,-1,2017,344,0.6695584058761597,0.669569485347333,3108,1006.7257684258303,0.4198717948717956
-86.0385551742004,35.22006861570043,0,-1,2019,76,0.5612831115722656,0.5650442880212165,0,207.0716703541915,0.03985852484697746
-84.87770222613207,32.08661619071523,0,-1,2018,90,0.05903831496834755,0.05253531738140884,0,5.12817530854859,6.533007753930515E-4
-85.32580566395433,31.380114313090278,0,-1,2018,340,0.5806335210800171,0.5660564590577319,0,65.67199851233624,0.015055901852928127
-88.36566379382117,33.644669327145124,0,-1,2020,110,0.4750445485115051,0.45820383897161815,0,203.69671735875815,0.027236225192208172
-80.03925802846935,34.59804653447242,0,-1,2017,83,0.24065853655338287,0.25664138968532696,0,21.68253818177235,0.004946422462085699
-84.02573025873114,32.26115247213301,0,-1,2019,80,0.32121527194976807,0.4153121432996864,0,17.623367004428193,6.254025694958563E-4
-91.82496999919597,32.8268329625454,0,-1,2018,62,0.3124952018260956,0.31565338516388797,0,32.26705917208251,0.010752082108760823
-86.99166760210257,34.40804022477593,0,-1,2019,121,0.3875097930431366,0.3807914407766413,0,69.542626350491,0.020552091938187647
-81.86835173639955,33.73180428798458,0,-1,2019,5,0.37178468704223633,0.38530729076353215,0,102.63238246519731,0.028978126970270107
-82.50821350776147,28.56824384976605,0,-1,2020,68,0.5737181305885315,0.5969731343395851,184,577.5266004387179,0.15055604490586308
-87.09326608711027,34.577550290934056,0,-1,2019,77,0.49511513113975525,0.5006246126182798,0,317.119377206253,0.09436151086921994
-93.3222483622439,34.96682401142435,0,-1,2017,49,0.10903186351060867,0.1386963334840744,0,0.5794581339788323,0.0
-88.7431361218869,37.54892479286725,0,-1,2019,104,0.3485337197780609,0.3295723891789833,0,60.94976754448172,0.00459706242659224
-87.19323196334453,34.37858566639837,0,-1,2017,340,0.21391189098358154,0.19994768969869775,0,16.138997793885913,8.125190434150797E-4
-88.49866139873875,30.547556833856405,0,-1,2020,38,0.40826183557510376,0.36773193060170933,685,145.66890546009262,0.01760804875385963
-86.82340379622855,31.17962660071707,0,-1,2018,340,0.11299093812704086,0.14926187199555724,0,12.534266091336326,3.020170423902492E-4
-91.39830374481149,30.724733911193564,0,-1,2017,56,0.4547306299209595,0.4417553741246618,0,16.04484037808755,0.0037093648497420625
-91.20936114811137,30.193899907600358,0,-1,2019,63,0.5617121458053589,0.5114197754299876,0,20.398683231849535,0.0035193232324901265
-91.40703846427535,36.68694326797465,0,-1,2018,106,0.483799010515213,0.38505939955338353,0,217.55422055101522,0.05569904816568607
-85.44353533182661,33.63817907422163,0,-1,2020,132,0.34268832206726074,0.34134711727386957,0,100.48360529144225,0.020555635757021618
-80.04591781185296,36.91819774205325,0,-1,2017,169,0.4059191942214966,0.4101185572533259,0,91.8254941757854,0.008500222746800888
-81.48440704219226,31.1336534441533,0,-1,2017,53,0.7087414860725403,0.5119100056992361,1678,733.5091336001766,0.2325782583277726
-80.19018598568223,35.162594564237914,0,-1,2018,0,0.3546622693538666,0.37556547651740085,0,52.9451332900485,0.011605663208716647
-86.30645475569048,34.074079136517724,0,-1,2018,283,0.3858243227005005,0.39637430969920223,0,110.9627123451732,0.023657510785440178
-87.88774176000592,34.68044507582487,0,-1,2017,22,0.13275578618049622,0.14850579621956042,0,3.3265088074834446,0.0
-91.09637210598757,36.07571301687563,0,-1,2020,159,0.4586026966571808,0.48943642243275043,0,7.2178764258495205,5.350291208707214E-5
-83.2090430795992,29.775236010982873,0,-1,2020,213,0.04731806740164757,0.04822318868748888,0,0.4614288775986188,0.0
-86.94273799252775,32.190791784185315,0,-1,2017,346,0.10321582108736038,0.13151977146901106,0,5.4468169598255205,0.0
-87.84150423917075,32.925424475891184,0,-1,2017,132,0.23591768741607666,0.2610030836547141,0,9.454002502450441,0.0015779103163511274
-93.3055360782658,31.336347240234577,0,-1,2019,116,0.06526423245668411,0.08411074542861864,0,0.8789817549189862,0.0
-85.73675748752744,34.23182803341595,0,-1,2017,84,0.35771608352661133,0.387567638872181,0,98.62199641965657,0.010824546945675875
-93.98143962200677,30.460025602553976,0,-1,2019,57,0.4311056435108185,0.4375593119880831,0,225.34260041350436,0.033414721451832025
-86.04102593215916,31.003609523780515,0,-1,2019,107,0.1594913899898529,0.20624487087248672,0,12.904961972812062,0.001659324919601113
-84.87736472066683,35.53850700726399,0,-1,2020,99,0.3474156856536865,0.3656179379017649,0,49.732637006593485,0.004086097699113215
-93.32482184536956,30.112684698128465,0,-1,2017,360,0.37836554646492004,0.3989276522223227,0,51.995244158414636,0.019363156216643335
-82.81107890108288,31.01851499994415,0,-1,2020,81,0.3383549749851227,0.22986393242366543,0,39.38169921456399,0.011319013856318274
-93.20003317505422,32.55504280196448,0,-1,2019,289,0.34782639145851135,0.3539322013592042,0,86.40794715344664,0.016482827776385038
-81.88082368514968,31.23959124653175,0,-1,2018,11,0.29603391885757446,0.2961246363721405,0,20.53909965676895,0.001755978592236299
-93.8731125775883,37.01473527826293,0,-1,2018,276,0.4387831389904022,0.4231524220873975,3,46.68344931482674,0.010703371741255841
-90.01312657662601,34.02010659053366,0,-1,2020,36,0.3136339485645294,0.3178918530698296,0,18.80201524196142,0.00143812393059215
-91.17837162573974,34.61183781850166,0,-1,2020,82,0.3844286799430847,0.4681179071482943,0,18.878292086385354,0.002646970703557519
-82.6747226602447,33.44863135576693,0,-1,2019,113,0.30827733874320984,0.32950642055596796,0,14.219802073812604,0.0035918760604239843
-84.22014947020037,37.60669892860741,0,-1,2017,356,0.44844189286231995,0.43859596784723814,203,162.35195562419244,0.016995754291576525
-91.43746188312285,35.06972357753287,0,-1,2018,312,0.4820253551006317,0.3497385129740293,0,0.00965026457861247,0.0
-93.23952831893854,31.41563669595785,0,-1,2017,23,0.08026229590177536,0.0816166163948461,0,0.06509817517097925,0.0
-86.96574247827454,37.73432032530316,0,-1,2020,142,0.5247364640235901,0.5735808551831609,1689,169.3368841712472,0.028125834147504462
-92.49499362414876,34.93608766970696,0,-1,2018,172,0.3300815522670746,0.35789725474643735,0,22.655881546476568,0.0049097285361735295
-79.92905356532931,36.82104755205348,0,-1,2017,64,0.4232151508331299,0.4160072095031535,455,128.27908186098693,0.017629449520896224
-79.19256814867029,37.18185596078457,0,-1,2019,223,0.4257235527038574,0.41066751634637083,289,115.24993381574303,0.013477503197455571
-81.12155053472445,25.8002339536997,0,-1,2019,17,0.010077978484332561,0.015035307930671664,0,0.0,0.0
-92.25073848428555,33.827581054051706,0,-1,2020,51,0.09499091655015945,0.10361363583327315,0,4.643280383257692,0.0012400331025785856
-86.23349082504015,31.24670668610179,0,-1,2018,64,0.43272629380226135,0.4300280353627331,0,140.7298566547739,0.03749573657931077
-90.9141431127178,32.26893444315209,0,-1,2018,121,0.5385986566543579,0.4813001032106952,0,242.77902556796684,0.07227231225747524
-86.51777676940918,37.7271141659743,0,-1,2018,124,0.5053618550300598,0.40858123711686434,0,54.63725270811603,0.01214359535534075
-81.74085321322174,35.74145987522457,0,-1,2019,127,0.6517202258110046,0.552604630265256,0,502.5538932346657,0.1349210017041675
-89.69436479993207,33.231561356633655,0,-1,2019,352,0.12337857484817505,0.12520291116969376,0,9.18394329442021,7.602073676764053E-4
-92.57483722282666,33.38973249681126,0,-1,2019,256,0.0945894792675972,0.08651990709266581,0,1.996908064561881,0.0
-93.49863887003315,30.891184527654378,0,-1,2017,292,0.2616428732872009,0.26112940792820527,0,11.795623244774905,0.0026488734816521365
-88.67468332604011,35.57500854342618,0,-1,2020,81,0.37390103936195374,0.352602586211709,0,40.551645345410655,0.001161896976754349
-84.02415738175286,33.05623399877172,0,-1,2017,280,0.2597420811653137,0.3056293890640774,0,23.11271112455837,0.0024005040260945154
-88.76441128308151,35.68803715028846,0,-1,2020,106,0.6036940813064575,0.5767056844753682,89,368.53908197775405,0.10896444489941573
-92.94795745297405,34.376231743504114,0,-1,2019,26,0.2609543204307556,0.2699138707236497,0,12.929229925523437,0.0013816202637638685
-80.94365278738704,25.67260246837593,0,-1,2018,59,1.0866824595723301E-4,2.2714332235163634E-4,0,0.0,0.0
-89.91960763241615,33.817951413179365,0,-1,2017,83,0.1957244575023651,0.19085820278814214,0,10.26707829825324,0.002395178128241829
-92.29958321839898,29.794224412526773,0,-1,2017,31,0.12233509868383408,0.14149446242016805,0,0.4074740610935314,0.0
-91.63742767297173,32.32612454742914,0,-1,2018,220,0.3982052505016327,0.2870787238788287,0,1.4603204619089039,0.0
-86.84279675526268,32.128617146648395,0,-1,2017,352,0.12034900486469269,0.11699382200303547,0,5.900835823153436,0.002326278650169451
-78.65843299640727,37.24179679797887,0,-1,2019,85,0.32661616802215576,0.30405260596155326,0,36.821992498975696,0.00428090197138821
-85.14484434455274,31.462064517349706,0,-1,2017,59,0.2513955235481262,0.20529669596962255,0,12.506629978787847,0.00334714695569015
-80.20078682169533,36.730613298322695,0,-1,2018,221,0.2320680022239685,0.2202138938287645,0,36.18350803986208,0.0030914762496512876
-83.66826586186538,33.52400529478542,0,-1,2018,6,0.3727033734321594,0.3608245605267703,0,33.772977112709356,0.007836774879973751
-88.49523321970702,37.50700590410669,0,-1,2019,62,0.11093650013208389,0.09527088867475099,0,4.623357590618135,0.001330953825176332
-81.03559288378183,35.25587763682281,0,-1,2017,280,0.7944291234016418,0.7126342747009158,2404,1033.2117001125184,0.5045217554892641
-93.6393774472261,32.188203948759465,0,-1,2018,65,0.3234557807445526,0.3007287018712039,0,38.39814050237954,0.005199353303576702
-88.94693923153527,37.69513788281863,0,-1,2018,81,0.4274947941303253,0.4694649799636083,0,145.53034749034754,0.035583001348809366
-88.14318475547036,34.01584930828185,0,-1,2020,104,0.1550014615058899,0.16671392384396236,0,19.86732934758286,4.5062275016112346E-4
-93.26693531607323,31.542135906762322,0,-1,2020,40,0.17195433378219604,0.13802414003555535,0,11.165163840134136,0.001561831004499688
-80.07251593689715,36.15217985332931,0,-1,2020,159,0.5896785855293274,0.5766061439132455,958,561.2188618829107,0.21338747941279612
-80.25369331244863,35.45201602205711,0,-1,2019,262,0.4631512463092804,0.4983852288048923,0,237.50376949357664,0.06716003344113686
-85.96337749683094,34.35063623772743,0,-1,2018,51,0.4191344380378723,0.42072274694932527,5,100.00147812438935,0.020918627424677358
-86.53549302303513,32.4637832650448,0,-1,2019,259,0.4585793912410736,0.4328113099315023,0,151.3535466547327,0.024257824432780663
-92.67070466053171,30.608321959841934,0,-1,2020,116,0.5964022278785706,0.5359061012145034,0,8.959521303084369,0.0027862664030199524
-88.57871685051002,31.626144729571852,0,-1,2020,72,0.35762736201286316,0.3604476654793315,0,60.42746965623534,0.004017730063844495
-88.47404820258528,32.177459585660024,0,-1,2018,162,0.057274315506219864,0.07093228714485937,0,0.11734262913047312,0.0
-86.16222032039835,37.02599824641355,0,-1,2019,70,0.4297698736190796,0.4662723979187286,0,127.77215149977476,0.02558029616009886
-89.33275045939445,30.465871389328782,0,-1,2019,123,0.38724756240844727,0.3820970921668276,229,149.2862176779837,0.01403541164852441
-85.97797456184477,33.983062233269905,0,-1,2017,112,0.6665143370628357,0.6700751637300226,899,938.2545894618083,0.3344214857052874
-89.16339683237136,37.34069648291188,0,-1,2017,73,0.4791720509529114,0.4676265761900734,0,71.82416664565427,0.00973202554465731
-93.0556360928994,35.00514949464279,0,-1,2018,109,0.32729992270469666,0.19435072306696768,0,59.64175585895643,0.01812367864693446
-90.75438539920209,35.66758678589628,0,-1,2018,76,0.5737035870552063,0.5723586978114384,0,7.6129976802239065,0.0019203861311151331
-87.42742529603555,30.86679854856716,0,-1,2018,0,0.11034829914569855,0.16953920445283832,0,13.68306780756078,0.001637255699222032
-80.46985430935665,37.41718156277071,0,-1,2020,74,0.07669553905725479,0.08213251506689097,0,0.07956368403967311,0.0
-86.5670651927787,33.915801555143624,0,-1,2017,100,0.3263019621372223,0.3439878632680859,0,32.37432787649951,0.006289025650240326
-82.55849998228179,28.190809385308132,0,-1,2020,60,0.5194026827812195,0.5963030424102305,0,541.5126967067666,0.18149991725121223
-82.36605983840084,32.27115072785761,0,-1,2019,293,0.3261668086051941,0.33633873767458045,0,44.27792678506705,0.003072642203707582
-82.93858497546556,32.3935065358893,0,-1,2017,268,0.379567414522171,0.3818783335785067,0,80.81834283535187,0.006328122890850677
-78.69327269553172,34.33137054467926,0,-1,2020,38,0.6009948253631592,0.5874856687362454,1636,935.2726883062454,0.3757287014893008
-84.88708361474744,35.395500905713206,0,-1,2017,263,0.381910502910614,0.3784068994442746,0,68.97107359874941,0.006497203784445707
-91.62025984338085,33.80538613749121,0,-1,2019,12,0.26316434144973755,0.3064407586583931,0,5.457339174835313,8.186161713426617E-4
-83.66708124435432,31.03582348854717,0,-1,2018,246,0.5149874687194824,0.503075770090487,0,36.79092393222732,0.005389308027017379
-91.4122384996505,31.966854356246486,0,-1,2020,172,0.4781648516654968,0.440881722213344,0,5.654542474595932,0.0020227363082510447
-81.25913999285375,32.42158229981918,0,-1,2020,16,0.30569401383399963,0.3203584924383064,0,68.52892637524386,0.009876201260525882
-85.64072055335524,36.91938701252432,0,-1,2020,203,0.3874688446521759,0.355493280861763,0,54.854424654641484,0.006555622963366837
-82.49762963835592,37.81421580705048,0,-1,2020,3,0.31857675313949585,0.3022315243027735,0,53.71203358473558,0.008318593015616316
-93.38924465592719,30.37552419411634,0,-1,2020,83,0.2352694422006607,0.27225216208271813,0,7.434873459611081,0.002453024579306283
-93.64250151075457,34.24921343548534,0,-1,2018,68,0.4184627830982208,0.36856433366988806,1493,161.9896720391813,0.03587643501644888
-88.2971006192608,37.539353737738,0,-1,2017,62,0.13356471061706543,0.13815437158481822,0,17.489283181796694,0.0010518855047672955
-93.04088169044442,35.67521622762315,0,-1,2020,184,0.08858485519886017,0.09363834666759205,0,0.0,0.0
-93.06646956056349,35.300461297564354,0,-1,2020,34,0.5288525819778442,0.49481801337002457,62,334.318714878677,0.07484021793408964
-93.18984175327144,33.14657486260521,0,-1,2019,55,0.305181086063385,0.2752301802814331,123,22.071582563746976,0.0010594314561090795
-77.97655489433583,35.76841613508541,0,-1,2020,86,0.6435657143592834,0.6177331647505451,0,294.69195810917716,0.08875861218787219
-81.3652756743079,33.13390517499115,0,-1,2017,85,0.17033129930496216,0.25864712421785874,0,24.454405053077476,0.00748676494488835
-81.1590645977062,37.6666129353447,0,-1,2017,114,0.24185705184936523,0.25210864555023327,0,5.285642245930314,0.0012686235434553512
-94.18915060062417,32.86204904166934,0,-1,2018,154,0.24898149073123932,0.19193006037695357,0,20.88069730866088,0.0032890170324096336
-94.15199978740146,35.831737697355074,0,-1,2018,82,0.3513076901435852,0.3297037617971357,0,28.73268172448357,0.006581693922885435
-80.68722543347927,35.92571758252396,0,-1,2019,250,0.3758569359779358,0.4339550233385389,0,45.223131352927275,0.01305629686767944
-80.11783124948198,35.72356105697234,0,-1,2017,67,0.40913820266723633,0.409903354430125,0,148.20085789296192,0.019808393215983676
-90.70104556579273,30.48616176558872,0,-1,2017,142,0.3488474190235138,0.3436353516397371,0,4.613669599858804,1.5222355115798622E-4
-92.8018325967202,30.999236999672647,0,-1,2018,85,0.17557108402252197,0.1935639087068457,0,5.855500293122035,0.0
-92.02250364196489,29.955883657647902,0,-1,2019,51,0.6979542970657349,0.6781180028256183,154,537.5265709161853,0.18044389326034874
-91.93651857333673,30.015859417542586,0,-1,2020,65,0.5808846354484558,0.5706935664479366,0,139.97897420865675,0.03057806560124938
-83.51308563031517,34.2203285813389,0,-1,2017,116,0.45951777696609497,0.4729166756426801,0,89.43643962292111,0.01272440692455653
-81.87664493114751,31.202703801378163,0,-1,2019,99,0.2870649993419647,0.29015351211130697,0,33.362306872837095,0.002515225516529205
-92.19413838114762,34.541975023320845,0,-1,2018,158,0.2811433970928192,0.3475675706238851,0,64.2525284360414,0.015714012921294675
-82.58662820709158,35.93089319363634,0,-1,2017,139,0.31111323833465576,0.26512829673394084,0,36.196255231707944,0.002741816152394802
-81.32571223404622,33.22852182968366,0,-1,2019,146,0.46310001611709595,0.44861482730817376,0,40.826420624665126,0.0035944808356436256
-93.9785757299717,37.3111067061853,0,-1,2020,123,0.48148077726364136,0.42831376708003155,0,15.187222441099982,0.005443673278466771
-82.62240908584133,34.391537923285284,0,-1,2017,322,0.4123680889606476,0.4239260344144572,0,135.35769485328873,0.008942396307244483
-77.38865894334256,37.31475001026926,0,-1,2018,82,0.592543363571167,0.6141899123270615,944,818.0207513213844,0.21281299946723453
-90.97251878971484,35.068643932359386,0,-1,2019,316,0.1876905858516693,0.261558194799638,0,0.6621880998080615,0.0
-82.85035701474858,35.8432954910762,0,-1,2019,6,0.19726437330245972,0.1558426229933117,4,20.259638628262394,0.0014546795607277493
-87.28350063357408,35.920005280753365,0,-1,2020,130,0.44856902956962585,0.44901005437221403,0,134.09892991663122,0.01852393971551493
-91.60245577125494,33.347620329613555,0,-1,2017,65,0.06262359023094177,0.05508032061664108,0,7.34434232837251,2.750187753202382E-4
-82.96500160577246,34.394512799383754,0,-1,2018,105,0.433538019657135,0.4507611070921195,26,180.14010426187755,0.032748103489251924
-92.08886955000979,32.05529324881357,0,-1,2017,265,0.33877134323120117,0.3917515745017625,0,139.01965709603206,0.025561887114688014
-86.66770483026765,37.45180121174811,0,-1,2018,196,0.38716042041778564,0.3539426635599144,0,58.17134293170615,0.008240919727337467
-85.9414613063738,34.94216945618094,0,-1,2017,70,0.15721818804740906,0.21064924952355088,0,10.191483460198887,2.223147097371257E-4
-77.77341014039777,37.07389953942262,0,-1,2017,233,0.16446080803871155,0.16003878883185424,0,12.534870307920194,0.0013716003096185998
-85.50891905876273,35.66829745071304,0,-1,2019,285,0.1379224807024002,0.1731321963125723,0,15.537063884774179,0.0035017908937953523
-93.91642844837548,30.14355198768427,0,-1,2019,251,0.4183296859264374,0.4173283825706821,0,73.24586490336733,0.017429083836419182
-80.420309106807,34.47774695907105,0,-1,2019,76,0.31918713450431824,0.2794113338068182,0,65.41940618400731,0.01040373448467643
-90.50694001631402,31.197464824346266,0,-1,2020,64,0.43191441893577576,0.4168622293065668,556,103.54016659785492,0.014789527204460867
-82.30960467357507,36.02545536804757,0,-1,2018,43,0.17707639932632446,0.1855285822511605,0,31.70096535987471,0.00394067199097517
-94.0313334688212,31.423419657420915,0,-1,2019,183,0.15934054553508759,0.1498014257730636,0,35.15264387089047,0.002967710661675597
-84.20766293984614,34.29325984769644,0,-1,2018,2,0.5670830011367798,0.5396197297519277,1004,376.9540897530044,0.12229850509699379
-92.68797038472616,37.12199270432689,0,-1,2019,50,0.3768267333507538,0.3630629832215707,0,42.17191828964249,0.006856814038518333
-83.13778069443525,32.16295161139912,0,-1,2020,53,0.3767366409301758,0.3909170689543487,0,87.6126561692364,0.01620191329126806
-85.91843558350132,36.04524325435033,0,-1,2019,250,0.2514210343360901,0.2830358785711678,0,26.30914145409731,0.0021886655283899366
-90.47295666279496,37.38959421580942,0,-1,2019,67,0.128226637840271,0.11880172560491639,0,23.480110054964452,0.0014458883804292979
-81.72337117974166,27.669078732662257,0,-1,2019,189,0.23739317059516907,0.25400912489679056,0,0.0,0.0
-81.71988367421031,36.389175832430546,0,-1,2019,158,0.3260021209716797,0.31104688924788765,264,34.10358064729631,0.003693653909478676
-91.45276527874857,33.31488348299302,0,-1,2020,257,0.5347384810447693,0.4699637584039991,0,7.325924781982472,6.12306839625754E-4
-83.66896224126245,29.91030873538722,0,-1,2019,61,0.0025101539213210344,0.04041588236574371,0,9.160386902792094,0.0
-93.33217807262515,30.52725643030763,0,-1,2018,112,0.1297275573015213,0.1453226516471426,0,0.5934576788280678,0.0
-92.96740928428238,35.28007586003396,0,-1,2020,172,0.34651246666908264,0.3715872387955695,0,40.65896906566653,0.007658629061068242
-87.2565718297839,32.06241216206871,0,-1,2018,64,0.08334241807460785,0.11579110804356196,0,9.943665434328352,0.0013848259574353878
-85.34325672749648,37.40525874824308,0,-1,2017,110,0.43876755237579346,0.4884016356565771,0,140.43405348335142,0.02370726098278599
-94.18710017387896,32.95164966125718,0,-1,2020,19,0.12691408395767212,0.1332470315147832,0,4.495245329643488,0.0
-82.16739490443348,28.32335335384155,0,-1,2018,142,0.5548906922340393,0.5453009914156766,0,297.27163306985346,0.08702827693563235
-90.76857880743736,35.623484710333216,0,-1,2018,266,0.3328479528427124,0.4207728777790582,0,4.964330515579593,0.008828768360998532
-81.65555838162221,31.12875094921551,0,-1,2018,296,0.26714736223220825,0.264983623171837,0,16.866666876780727,0.002400229469514109
-90.1445946456297,34.16129134310328,0,-1,2018,131,0.6763189435005188,0.5700512768078001,0,112.05177266294982,0.03875554009657633
-86.27620428205539,31.331765011362727,0,-1,2018,307,0.3791334629058838,0.3684731889814868,10,94.65629126758253,0.01593030560178093
-80.5660958701524,34.91405056799098,0,-1,2018,146,0.5162823796272278,0.538505339551936,117,201.5516997926083,0.04118749931871933
-80.50099204601436,27.090825416515973,0,-1,2017,85,0.3086531460285187,0.3271461846701777,0,39.47903068733712,0.003263681704700494
-85.09777738153669,36.655696272519265,0,-1,2017,215,0.3906117379665375,0.4129940240810904,2,117.67458176271101,0.018514385371196034
-81.80779760836032,27.469648180877996,0,-1,2020,69,0.322103351354599,0.337221787490285,0,10.947934558909273,0.0032510191018428045
-93.33374999669792,30.157963091094558,0,-1,2017,97,0.5487944483757019,0.5320337341828021,797,654.2137606929205,0.15878850230702096
-89.899365961222,34.07692503423681,0,-1,2020,15,0.4145314693450928,0.38605463473774165,0,58.113969093447686,0.012607882699682023
-83.5490440792683,32.96901139930644,0,-1,2017,263,0.3944198489189148,0.41471327867527574,653,155.34955403574008,0.05532069090469855
-87.3681919891205,37.539544869598515,0,-1,2020,203,0.5896921157836914,0.5468509664484904,0,23.85054228772612,0.0070305745301573975
-80.14088352987828,35.23745828347807,0,-1,2020,113,0.5472531318664551,0.5153483146941671,1926,297.3473405864705,0.07047148774390558
-89.74279649307462,33.57525211360282,0,-1,2020,200,0.22727647423744202,0.2090214512143412,0,7.628276525000396,9.679421759760957E-4
-77.53111468843358,36.60911395220119,0,-1,2019,36,0.41271644830703735,0.45107333730000565,0,54.28979418161188,0.011500037229412771
-88.58720842587779,37.50370727620232,0,-1,2019,299,0.36419951915740967,0.2736691502547161,4,73.74489503260439,0.009468560378742405
-81.95323452832936,29.601277947080437,0,-1,2017,16,0.3739021122455597,0.39117668387692756,0,53.188710287443264,0.007001641745177893
-91.86086987649257,36.86424228493939,0,-1,2020,142,0.27443668246269226,0.2780240575748731,0,32.592865405284435,0.0029099931753429464
-93.85131638023456,30.646622280801825,0,-1,2018,21,0.31181520223617554,0.3076522215303029,0,49.68414102192358,0.0029932181058259784
-83.25209803332032,34.264024909879886,0,-1,2020,126,0.3771460950374603,0.38492693376402476,0,79.931313901741,0.014715033590102773
-93.42283542984136,34.60241294298594,0,-1,2020,166,0.09870839864015579,0.09129844393212112,0,0.6927862734963002,0.0
-86.38831171382157,33.85606141582146,0,-1,2018,71,0.3513258993625641,0.3542840920589002,0,71.123269667171,0.003242569551532563
-80.97888431245023,33.155978298108955,0,-1,2018,256,0.22003622353076935,0.2529611538597025,0,25.052497541541634,0.007767949714878169
-87.1517994707939,30.9805568717707,0,-1,2020,122,0.286478728055954,0.36929127148690727,0,36.47329488149266,0.002544522337368283
-81.07034617652293,32.16049771140035,0,-1,2020,103,0.22429141402244568,0.2719705558331993,0,26.07892563806784,0.002937983353214759
-91.5350095391273,36.81686425989854,0,-1,2017,279,0.12701846659183502,0.14166161597467689,0,1.458487634379796,0.0
-89.87655726316834,30.605715935996766,0,-1,2017,66,0.37640148401260376,0.34380176403314483,20,95.9665354516831,0.01810149708053906
-82.45167612984532,36.55592205738069,0,-1,2018,70,0.559127926826477,0.5677495934179503,2597,531.0939830428349,0.15325562486275363
-84.61110818108837,34.324645339090225,0,-1,2017,22,0.37925443053245544,0.3840135589113139,40,149.45626625064997,0.04260486628235049
-79.42720322824101,33.92150246863856,0,-1,2020,70,0.341238409280777,0.31948561387005653,0,30.411333659013177,0.00220381049328625
-92.68912782491992,36.3271343188132,0,-1,2019,265,0.27840039134025574,0.2556885609217953,0,28.056826705494505,2.9521046470198996E-4
-85.93975064748955,34.447521870582044,0,-1,2020,97,0.4100307524204254,0.4464925446156035,0,153.91045190083264,0.03841896416206346
-83.24066280954925,34.199576955260106,0,-1,2017,47,0.39900413155555725,0.3896793138792914,0,81.44999117509872,0.02876353526877508
-89.066720550982,32.73700813046472,0,-1,2018,249,0.3743988573551178,0.38809876993867276,0,62.82240866871113,0.01105215548084842
-89.23574984718813,33.02572628410024,0,-1,2019,200,0.2843259572982788,0.2331880741751155,0,6.340195333797668,0.0
-89.07098507135836,33.303262275517426,0,-1,2017,5,0.14508786797523499,0.14364682576110893,0,3.420469874809315,5.271425709797473E-5
-83.05016155006037,29.191754769019337,0,-1,2020,314,0.10264325141906738,0.09962903304383447,0,1.6933321987639494,0.0
-88.47578340283222,33.85844035607681,0,-1,2020,85,0.3901458978652954,0.384607982749123,0,96.5567851233157,0.016649698193999328
-80.30668191498475,35.848515789413774,0,-1,2017,72,0.5205495953559875,0.5063603245582772,0,295.9595540959632,0.048781280996438865
-84.49049906641477,29.93679072248839,0,-1,2019,284,0.18155507743358612,0.15110135056818372,0,2.3748668427389084,4.375960660113665E-5
-88.98883218920963,35.80005609479512,0,-1,2020,330,0.40670791268348694,0.4216851190635633,0,41.466970071354744,0.011166755848325369
-88.89528966407973,33.32841847711331,0,-1,2020,50,0.14782679080963135,0.1342091947254322,0,2.791190885166332,0.0
-81.28844477486939,29.229535243925373,0,-1,2018,97,0.09848808497190475,0.12172122723787103,0,1.0807552664422666,0.0
-94.1908052310737,34.67048879689359,0,-1,2018,217,0.1595228612422943,0.20178546340449016,0,2.3887451345005273,0.0
-84.0506408448458,34.808929502098024,0,-1,2019,277,0.2437918782234192,0.1993029167528348,0,17.262875566915763,6.845283625511125E-4
-87.68603092761248,33.78622178275507,0,-1,2020,293,0.2582678496837616,0.21991765060307247,0,31.039029924833365,0.003595044483070584
-90.1408190374576,35.22706692803201,0,-1,2019,223,0.686781108379364,0.6401316320452227,0,15.924593532446496,0.002721081370199485
-88.35291193569489,31.09705904767422,0,-1,2020,109,0.23741592466831207,0.17039087953395057,0,9.275355741502384,9.159439085677226E-4
-91.34783266371696,35.817567080321304,0,-1,2020,76,0.3770625591278076,0.335229926543615,0,74.28761610004693,0.008044766361928867
-93.78399548117248,36.57566176832541,0,-1,2020,62,0.13346458971500397,0.16699997081150073,0,17.322135340336423,0.002231791476029189
-85.1016080267821,31.231699494244005,0,-1,2019,120,0.34319835901260376,0.3695194442895845,0,197.90929433641148,0.030123852042229303
-86.05596823167066,37.22365400372724,0,-1,2020,123,0.005123582668602467,0.017371499010382582,0,0.08840771558245086,0.0
-81.28698088084745,34.536890958553386,0,-1,2017,73,0.10536020994186401,0.099947274407924,0,21.765756338938193,0.008173049304638013
-93.03277138708607,30.71768176536609,0,-1,2017,44,0.3142627775669098,0.30611775833040356,0,44.855769170159824,0.006977166637308438
-81.37146560218335,29.642639116550686,0,-1,2017,152,0.09738266468048096,0.07582420952345068,0,8.297993582995568,6.578027742832006E-5
-83.39348261118718,37.04629048836685,0,-1,2018,82,0.11309722065925598,0.1355414432074584,0,23.25133322406991,0.003018095979482994
-81.13057285366475,27.7885963597856,0,-1,2018,14,0.24816325306892395,0.20116009255130157,0,0.004822345424917976,0.0
-83.37561360247656,34.656520545112535,0,-1,2017,49,0.21602337062358856,0.25168791219655046,0,3.1375614183824934,0.0
-78.89870889094634,36.70482523185718,0,-1,2019,128,0.6742830872535706,0.6304054181744347,3021,979.9453483021415,0.3906727429422055
-84.90796639261605,31.637666773479797,0,-1,2017,64,0.09829207509756088,0.10351185396828633,0,1.7144459992688126,4.834356157761158E-4
-81.28194313401276,34.85296134362163,0,-1,2019,314,0.3450734615325928,0.3406823273760737,725,29.4884961107399,0.001194071602853339
-92.77645732295949,33.75389520886586,0,-1,2018,65,0.060134947299957275,0.0695478724265416,0,0.0,0.0
-82.6148705390152,33.35118251427966,0,-1,2017,95,0.10908117145299911,0.16846137548709883,0,10.30939353634936,0.0015708268980385751
-82.59229838192579,27.46301277950097,0,-1,2020,128,0.9207399487495422,0.9183668489676983,1907,2863.9077373541904,0.9911150388657658
-91.06541072645616,36.37841436468744,0,-1,2017,124,0.19402948021888733,0.1922656848918811,0,48.36773498145235,0.003821545335797524
-80.97783886144349,27.38127851538759,0,-1,2019,114,0.30814605951309204,0.2492433007930597,0,18.63349102243683,0.0018895021401216492
-88.37625555061506,32.30588894583957,0,-1,2017,46,0.10418131947517395,0.09710544161132216,0,3.5005688963410972,0.0
-78.4926426247903,35.2104064955132,0,-1,2017,289,0.5773596167564392,0.49685043045353183,0,59.61147759542863,0.009049832743655851
-82.52537515915296,27.371965714999153,0,-1,2018,350,0.8811408281326294,0.8476534068525875,4341,2061.101350840258,0.7741334171117382
-84.12958028985456,37.3100772834185,0,-1,2019,224,0.2107708901166916,0.21902964455266116,0,36.408164744666585,0.002892802515831037
-92.0189053895492,31.96301214601907,0,-1,2020,340,0.05437483265995979,0.06868365998684915,0,2.095170109834696,0.0
-81.90478133677865,32.01453337973086,0,-1,2020,40,0.46256622672080994,0.4605278183509696,0,117.6358338507506,0.01974990885494603
-93.19336110402004,30.91986305457789,0,-1,2018,137,0.177622452378273,0.20509009361419409,0,16.26943975189734,0.004203292443051506
-79.07131497711374,36.148963672719155,0,-1,2018,73,0.42880886793136597,0.42703186401474585,0,89.45565602730701,0.009304013808483027
-87.1120323720653,35.18051547149443,0,-1,2017,49,0.36515671014785767,0.3859251404222062,0,24.881192144403794,0.004007089266891262
-92.82084329190869,30.24342534363961,0,-1,2017,85,0.67856365442276,0.559628742510218,3116,621.8953504497629,0.21174978084525822
-85.60871357674722,32.7250397976838,0,-1,2019,52,0.2452162206172943,0.24973288163189672,0,23.372570402004513,0.0023851578374214787
-86.47776357648694,34.555773376430544,0,-1,2018,139,0.37567925453186035,0.4229347345534353,0,45.215593756697814,0.008054864413719246
-93.07322478774525,33.08987241458658,0,-1,2020,323,0.06079474091529846,0.07281531775698027,0,0.1310033345730296,0.0
-79.74658025121569,36.343386761870164,0,-1,2019,189,0.4551072418689728,0.4409741779113976,0,114.27917780243045,0.01881561581573815
-79.89812708818985,35.32206945120358,0,-1,2020,84,0.3044745922088623,0.3120908209372359,0,28.907014563642278,0.004381067363768494
-84.50545522874545,32.437696958381174,0,-1,2019,52,0.25529512763023376,0.1799692703263881,0,44.881338304490725,0.013640559482205545
-90.97714746364869,29.903790858392444,0,-1,2017,338,0.5617470741271973,0.5344896687000108,0,84.88800395854872,0.01869994359842076
-85.41086569773563,36.531101726689,0,-1,2019,356,0.2890293300151825,0.19765327937891164,0,7.953780400166419,2.538425414715253E-4
-91.14021087237266,33.29308818182795,0,-1,2018,338,0.34778285026550293,0.3707129369343351,0,48.6372172334343,0.022277591700024493
-86.87259791218794,32.89679544522476,0,-1,2017,151,0.24593724310398102,0.26387615957243205,0,13.32131612537229,0.0
-80.31473060367902,26.556259316344665,0,-1,2019,81,0.1821824312210083,0.18505346825880137,0,0.0,0.0
-81.1073080206207,29.02170938949288,0,-1,2018,349,0.32220715284347534,0.35237402432016285,0,67.66921646495206,0.01048905831815217
-83.33371361425415,32.75528235994742,0,-1,2020,16,0.11488834768533707,0.10019840942014072,0,4.550862761783199,0.0
-88.46857236879622,33.48081098261906,0,-1,2019,76,0.4040135145187378,0.4043023255882361,0,73.07915381002965,0.013505179902999683
-93.25652537425184,32.780642985262155,0,-1,2018,93,0.2958708703517914,0.27935427731626383,74,39.67336943160974,0.005344957387695612
-82.89213927826212,32.47864973410149,0,-1,2019,40,0.3757725656032562,0.386155008187459,0,62.593584724874994,0.011188081977140468
-92.7476879051291,30.25029368537238,0,-1,2019,74,0.4020484983921051,0.45732372499149376,0,114.85117280331828,0.03370922965259943
-85.9730402022531,37.41420941123549,0,-1,2018,36,0.23181891441345215,0.23486956111726331,104,18.854811565153263,0.0012147527200170667
-86.83454386086353,30.80110502862414,0,-1,2020,81,0.0411534421145916,0.0454726615128276,0,0.014466671499396434,0.0
-88.70697615075818,31.61657115009553,0,-1,2018,120,0.29412388801574707,0.29092458361651524,4,41.95490977858322,0.006775547489642086
-81.70842454360235,36.2704106796018,0,-1,2020,350,0.3562002182006836,0.3562786424942169,0,53.50194931466697,0.005124040848421928
-94.05669452326909,32.56397881522985,0,-1,2020,91,0.2650652229785919,0.2625898460446904,0,7.1215590113402145,4.898228651443113E-4
-93.12316187802257,32.31085804866391,0,-1,2020,70,0.07869595289230347,0.08090676623536172,0,1.0352592994156544,0.0
-90.90278426679335,34.61803609269451,0,-1,2017,257,0.6411630511283875,0.5782291831413362,0,16.950483346834048,0.003681598028107838
-78.10088815728574,35.15082449990161,0,-1,2017,111,0.6725054979324341,0.6353983157499785,331,143.2401841970063,0.02806303092491492
-77.27185034638192,35.76718800011873,0,-1,2019,18,0.5514078736305237,0.4902541177407698,0,26.911879278393393,0.001755012578018403
-89.85656989078538,33.78770508021141,0,-1,2017,136,0.5517085194587708,0.4802593810812522,2637,186.55070746167985,0.0508942998829887
-83.60346185664503,32.83035101893947,0,-1,2018,67,0.6642172932624817,0.5700293227868892,0,447.13596853391545,0.1318382904202411
-81.19604128014937,29.280794128584517,0,-1,2020,127,0.3176864981651306,0.3052927034689362,0,21.011989258834348,0.006237434059226422
-89.67283707120474,31.3422683878936,0,-1,2019,65,0.3461547791957855,0.3450301096433586,0,45.09876484845049,0.0032088081105671328
-79.6286004667003,36.100577151670215,0,-1,2018,14,0.5201724767684937,0.5121637221448402,0,191.10184219235083,0.03136146045278977
-78.00852288815841,37.20040185756752,0,-1,2018,226,0.15232016146183014,0.19000076948168854,0,6.597503821485416,1.809418020798255E-4
-84.00549001967777,36.020099880754564,0,-1,2019,164,0.6305046081542969,0.6581574031694076,799,836.759693147507,0.29925352796112786
-89.57756523248264,36.51354149205656,0,-1,2017,8,0.6441556811332703,0.6132540395677255,0,381.4129414545742,0.08600369566097024
-93.12438044785347,30.495014227613694,0,-1,2019,92,0.2520700693130493,0.2285692991523281,0,9.936997103568693,0.0014133332607150538
-85.98696125983538,35.188721923602806,0,-1,2020,214,0.4888826310634613,0.4134664713996366,0,30.65224037722053,0.0039022466458581437
-91.2232272103007,32.10276044739702,0,-1,2017,53,0.5428785681724548,0.548818027826173,0,23.700886891404657,0.014858644206155918
-91.73725334378412,32.25809585069308,0,-1,2017,68,0.5691026449203491,0.5607470305597957,0,99.53028216288106,0.022680631525587244
-92.86317602431649,35.11641299468834,0,-1,2019,49,0.23233458399772644,0.2719825486490135,0,22.87447879404841,0.004138110749185667
-92.46290676007452,32.50753087595412,0,-1,2019,26,0.30029425024986267,0.3180115154082825,0,34.63262385864717,0.002789831783278613
-78.08520567417942,34.11982581453568,0,-1,2017,327,0.33596134185791016,0.3601405079160027,0,79.07723921875149,0.020975227209247344
-82.12801824128529,34.06202369828607,0,-1,2018,159,0.22848591208457947,0.2796729425331014,0,25.327768515337663,0.0010460387818878381
-84.6801680125227,37.461807095977804,0,-1,2018,9,0.4029124975204468,0.3754048490811477,1438,55.95494788465603,0.008850965399164646
-92.8498250045874,33.012216506084016,0,-1,2018,32,0.06841731816530228,0.06915166525024258,0,15.141539731916327,0.0048297921918359545
-82.13630746008884,34.261949068658964,0,-1,2017,41,0.3978976011276245,0.45808353883303776,0,97.68355978303694,0.022526275743262596
-84.12949511960359,31.421624450372875,0,-1,2018,16,0.3649970293045044,0.4053191596132501,0,41.45670316232691,0.005045116823513681
-87.88070618254667,32.96420384309931,0,-1,2019,46,0.12247246503829956,0.13150463994824543,0,11.548077620087684,0.001109727997457425
-82.73727629166942,32.82265781797553,0,-1,2019,280,0.38183704018592834,0.35790547243193505,0,83.03340834452194,0.016452097854311856
-90.48539170598582,32.75183328113645,0,-1,2019,53,0.4992561638355255,0.4144877371391468,0,7.587666880980296,0.002085888591200424
-82.57692492797446,35.668178562712264,0,-1,2019,115,0.5379661321640015,0.5515271167150491,36,532.2582479230489,0.18229851516952753
-93.75863310751531,35.15475908918638,0,-1,2019,322,0.23791255056858063,0.2271461273164754,0,26.406799800803096,0.002550047602618015
-84.851281783492,35.86881296841919,0,-1,2019,31,0.12841203808784485,0.19367540746935485,0,6.325095967777521,9.312440038375443E-4
-84.43177048610633,30.502233867328474,0,-1,2018,268,0.52373206615448,0.461015516468393,18,267.62097874767977,0.05454864476935324
-84.86764708648224,34.76375215203737,0,-1,2019,182,0.4705737829208374,0.48860424114498613,0,193.92939092502237,0.03758959252451821
-93.13527673073294,33.16314635533836,0,-1,2017,38,0.20147432386875153,0.1871265570406443,0,5.911332083142915,2.1129978421009535E-4
-88.0874132227543,31.330985598224117,0,-1,2020,187,0.04980500787496567,0.0666019408123274,0,5.425456608411997,9.4935513973321E-4
-88.22837139127387,33.49174279778808,0,-1,2017,25,0.2627834379673004,0.23523973340860788,0,29.391805732835362,0.002479356318922405
-90.56426670580828,31.44331462464459,0,-1,2018,308,0.5130271315574646,0.3607589842321289,0,26.926144206950013,0.0012061621965075145
-82.68558844453788,29.265715063807317,0,-1,2019,83,0.15671606361865997,0.15952648597999058,0,18.995956112951475,8.484895233582553E-4
-91.9938133791208,37.55648937415839,0,-1,2020,53,0.17236708104610443,0.16839744585414967,0,13.77786287209064,7.628607277289838E-4
-90.39405753850754,32.52283627336906,0,-1,2019,132,0.33723020553588867,0.3606077274378918,0,29.38472715124084,0.00467043334662645
-81.47730527432628,30.641302080966998,0,-1,2018,73,0.5252448320388794,0.5019940795799855,0,361.5451682956733,0.10905129611240391
-87.06815880552428,35.36566058581563,0,-1,2017,131,0.31815996766090393,0.32789277860451227,0,35.85740984701884,0.0034349672940378597
-84.61171633576139,32.222609811373076,0,-1,2020,36,0.09644760191440582,0.10095560711745144,0,0.2630129041612294,0.0
-80.46734620683029,32.81460901044922,0,-1,2018,45,0.06168957054615021,0.10977493623191745,0,1.9724944134694478,0.0
-83.36755423512386,33.220122287940136,0,-1,2020,35,0.3583783507347107,0.37279029954012116,0,46.098856523301315,0.003217844070956772
-81.77834666321888,36.91975649496,0,-1,2020,65,0.24188876152038574,0.27284158561080113,0,13.951041942437886,9.382661245573502E-4
-88.17386361056272,32.948759981622665,0,-1,2019,44,0.07617643475532532,0.07589131313946106,0,11.784320337861264,0.0018905193367825153
-90.26974039965097,34.83945270724159,0,-1,2017,91,0.6302322149276733,0.6457585386448612,0,99.00127015944746,0.03966531138835276
-82.78915621952008,30.243519580892617,0,-1,2019,61,0.38890594244003296,0.36925445143895513,0,40.81955655010479,0.003671337286659985
-91.38885667662245,36.61475307270816,0,-1,2018,32,0.21250858902931213,0.21242790886035517,0,26.85805367858404,0.0013212116601366854
-86.06064929710115,32.13433715389284,0,-1,2018,282,0.15468274056911469,0.1626345375530397,0,7.416197595920505,0.0019170270017001573
-80.93183787751039,28.09967550336427,0,-1,2019,103,0.20476827025413513,0.21446199742294253,0,2.645876868670632,0.0
-77.87599400866577,36.04397697187866,0,-1,2017,249,0.556625247001648,0.5477893861782247,1159,189.5114233396052,0.0892459189162483
-83.96892558666386,37.662961071695854,0,-1,2018,40,0.3286084234714508,0.3566020455610671,0,47.42457831173415,0.007313580458193548
-93.05271308192951,35.657637873476006,0,-1,2020,71,0.10062002390623093,0.09653473583870091,0,0.0,0.0
-90.86837597895277,36.12870621880928,0,-1,2018,285,0.5832983255386353,0.5922303179635328,0,27.93543547802517,0.0031211402155585494
-85.96784811889388,33.126861941043956,0,-1,2017,297,0.29707518219947815,0.2947284889528436,0,40.7662024123574,0.0033270972405289347
-86.30813746067473,33.093256015828466,0,-1,2018,99,0.2891114056110382,0.2815705221367647,0,18.557767467661822,1.482493342016509E-4
-90.04560036431644,37.02064559921771,0,-1,2019,155,0.522942841053009,0.4218546480368563,0,12.762975500439689,3.9442744810497834E-4
-80.14375582581356,34.73934476733216,0,-1,2018,313,0.37419992685317993,0.42945516745903606,2,107.8547956517491,0.016822731163931133
-85.40003011168787,35.0831842832926,0,-1,2019,108,0.2999783456325531,0.31260319495419703,0,5.954773109084777,0.0012943696213258379
-87.35218986111502,31.47474101668752,0,-1,2017,35,0.48096102476119995,0.5044154066632663,81,209.21618742336986,0.04778874667084888
-81.6893173262314,27.205755232984142,0,-1,2018,145,0.3388964533805847,0.3716420559761121,0,54.852778119218506,0.014033339502042783
-84.15387752572924,32.84404566583262,0,-1,2018,36,0.12468694895505905,0.12975041011678745,0,7.496648123926434,9.537889265105632E-5
-91.13670970763434,34.574296291323606,0,-1,2020,250,0.15980465710163116,0.2809227425414433,0,5.698063613327786,0.0015062395779407432
-92.17287523520714,33.86085477586196,0,-1,2017,169,0.0752122700214386,0.08057543812612633,0,3.7136324240848437,0.0
-84.48495709411694,35.76174752176917,0,-1,2017,6,0.3302975594997406,0.3340272794468913,0,37.304860598954875,4.411760933856932E-4
-89.22185301661249,37.20083839164304,0,-1,2019,73,0.6370848417282104,0.5865914185873758,0,60.103779531529725,0.017359029923002436
-81.42855153080251,31.97159446244358,0,-1,2019,173,0.13533079624176025,0.13005590820500088,0,0.9851671609895698,0.0
-81.38566483292662,36.81825964112437,0,-1,2018,181,0.1686374545097351,0.17491813549905352,0,0.45803877320104286,0.0
-87.1718244353001,36.3960011193114,0,-1,2018,81,0.4145747423171997,0.3943587732735378,0,46.06288767019666,0.007590875499857092
-91.54910296534052,31.80160412841765,0,-1,2018,349,0.15296149253845215,0.3218220952779037,0,9.357153663348862,0.0021742464809766876
-77.3504990532713,37.19053404510876,0,-1,2019,321,0.690263569355011,0.6583633194943529,14,593.8301599558743,0.2052630205993433
-87.632426952005,35.2007946479133,0,-1,2020,56,0.14362792670726776,0.13745694096777947,0,11.468586700957497,0.0016103683943877501
-83.20221372138634,35.0976017602004,0,-1,2019,78,0.301891028881073,0.3099823821217421,0,102.26499409030016,0.02190024722239151
-90.06208076769212,34.524522472460035,0,-1,2019,134,0.17408393323421478,0.20483054885234273,0,7.392692236170691,0.004194896514546058
-80.18467365377671,37.50671685446131,0,-1,2020,104,0.1594098061323166,0.1453594474856597,0,25.407300714817012,0.0014553557090091539
-79.29654275388087,34.88355006217461,0,-1,2017,50,0.34330105781555176,0.4336487430631849,0,21.018928995779913,0.005708925570306292
-81.54432120009868,34.82255710257821,0,-1,2020,46,0.2845340669155121,0.3068718761910343,0,20.624997636202046,0.0011540995170936403
-80.84663398969026,28.856990903541952,0,-1,2020,299,0.5751931071281433,0.43357692676939197,0,295.8219953040545,0.09760017307187102
-84.33614791317555,37.456089091122294,0,-1,2020,36,0.4192703664302826,0.41212901854500034,105,97.38541256268257,0.03275358177354612
-79.37246860853591,35.20302936786308,0,-1,2019,85,0.44783762097358704,0.4884209125164802,0,325.7596872104235,0.09283672084459699
-78.47751633640478,35.080864588889256,0,-1,2017,75,0.4980108439922333,0.5064798536451666,0,109.73298369914654,0.024993409472784438
-82.79748766012074,36.91915088176939,0,-1,2020,43,0.4590003490447998,0.40027306089354125,0,93.39229103562614,0.03686372135039176
-93.62333187899445,35.94740772924443,0,-1,2017,243,0.1624235361814499,0.15855398086790873,0,5.866629265540645,0.0012076831162318245
-84.42392952733084,30.03867359092777,0,-1,2017,136,0.15169575810432434,0.17262581104329858,0,2.55474908050288,0.0
-89.48326233466865,30.808632776270642,0,-1,2018,342,0.34257063269615173,0.3467262020119331,1134,55.4032335838888,0.004042799037376771
-90.4596238031484,34.04234186737189,0,-1,2020,309,0.618296205997467,0.6155771289036811,0,2.008424390074788,3.9179630771159634E-5
-89.10427066348676,36.746771713340394,0,-1,2020,77,0.4574825167655945,0.37391660199709237,0,44.681671336583875,0.009438519850957216
-77.93020076233276,35.72490203051818,0,-1,2019,54,0.8369879722595215,0.827564754909164,2612,2173.8451304421824,0.9155855360703505
-80.67317033972597,36.4395263450486,0,-1,2017,99,0.5044703483581543,0.48205387158064134,57,167.6080098081857,0.0326253389334892
-94.06504151032738,37.49101947653077,0,-1,2019,64,0.2562200725078583,0.26520292654849836,0,23.695562146029054,0.006002933423385734
-82.87262139442515,31.162009597010844,0,-1,2018,189,0.07116834819316864,0.06128958782610637,0,6.893521057508648,0.0
-90.05059370045947,30.804565194395803,0,-1,2019,309,0.3650384843349457,0.3406656823036304,62,53.65714988071187,0.007182001969258603
-89.7793284321057,32.84113079580753,0,-1,2017,103,0.13657331466674805,0.13076409639907582,0,3.131764401833047,0.0
-90.25116226889986,29.895049414928398,0,-1,2017,132,0.3655804693698883,0.39196331397371703,0,4.2821064773959305,8.394514854463175E-4
-88.35934621972584,35.268216073801035,0,-1,2018,323,0.3740556240081787,0.36697740624364883,0,58.84966465374873,0.009375408507411958
-86.7750698089645,34.56175145202088,0,-1,2020,284,0.3389037549495697,0.38168388850134194,0,42.809178759187546,0.013705261883901249
-86.43772774492088,37.012310088709434,0,-1,2020,139,0.6011179685592651,0.6775202792981092,0,948.4951181231405,0.32798944221193527
-82.5433799559376,34.46367559802545,0,-1,2020,145,0.45194122195243835,0.4576036851332046,0,190.77447090155545,0.022378859854278448
-86.59451742433663,33.054222702175466,0,-1,2018,137,0.10832176357507706,0.21398394278753796,0,8.770518207062187,6.268043865683259E-4
-92.20826622332095,30.881529626069884,0,-1,2020,123,0.6219236850738525,0.5405982808474402,0,21.557942213803255,0.00735085149640382
-78.5457528056566,37.180052393938105,0,-1,2018,33,0.28385522961616516,0.26976370454481385,0,22.75518238006537,0.0020906169083050393
-81.54436972513976,31.096049194213638,0,-1,2020,14,0.22217626869678497,0.2154920243964794,0,139.6263036962092,0.0035749513621327637
-77.9000153454707,34.764719370091825,0,-1,2020,36,0.4122443199157715,0.3574659826420824,0,29.37920133635905,0.006009835704970751
-91.02006479735626,29.363881502972436,0,-1,2018,245,0.012949815019965172,0.01331109599904467,0,0.08972920501248074,0.0
-81.19146508516205,27.73298192028142,0,-1,2017,50,0.12644153833389282,0.14987121328001826,0,0.0,0.0
-86.90524543005058,35.7031861005982,0,-1,2017,43,0.5869293212890625,0.5788018490072879,1695,426.34454372114266,0.14426303357224127
-87.13708912193344,36.1154411765499,0,-1,2020,64,0.46035343408584595,0.4382417892287207,0,107.19601811609049,0.012171455090072978
-85.8502028238799,33.953891633969796,0,-1,2019,95,0.36072802543640137,0.36348268422523333,0,84.41881669934003,0.006126918141616377
-86.0310832698849,32.79902424757968,0,-1,2018,102,0.2687666714191437,0.21214008415866364,0,35.185941922104774,0.007496014471360554
-86.36264083711254,31.140538374798375,0,-1,2017,85,0.15321289002895355,0.13943117797948573,0,24.091680691867914,0.0030816137638155394
-93.67972255321668,30.427065588951777,0,-1,2017,96,0.2862270176410675,0.24607564453849007,0,25.94606869771868,0.0013710741440988046
-79.5932003994208,34.18153398048542,0,-1,2020,344,0.5084958076477051,0.4399311216381474,22,70.5269409932994,0.008655010336313499
-80.75061116149814,32.30822961118216,0,-1,2018,116,0.0,0.06186239597682503,0,0.28128752470129936,0.0
-91.92664776843317,36.696741749167884,0,-1,2020,108,0.37869730591773987,0.3843408975213982,0,55.56542101729959,0.006112121390885939
-88.79839389585811,33.43912072040791,0,-1,2020,234,0.5608261227607727,0.5855478560078499,145,1014.0572717215559,0.39420735038011484
-82.11443300175056,28.27070030982962,0,-1,2017,196,0.39602795243263245,0.4069487175457921,0,34.493370146591126,0.002449965879470629
-87.81735813635926,36.69282408777088,0,-1,2020,311,0.18823789060115814,0.20184442874187924,0,15.317831973878281,0.002227927925644489
-90.64413807497226,36.44076897680488,0,-1,2020,167,0.6076374650001526,0.6161643679099394,0,10.643326294557033,8.666836604639309E-4
-93.76959551314592,31.72397726673607,0,-1,2017,102,0.1867792010307312,0.17307079983272192,0,37.00133314003328,0.001098569705324832
-93.34541492218212,37.173917745762004,0,-1,2019,43,0.743566632270813,0.7336100136274688,2700,1357.2250983333752,0.5255462352044025
-84.66977991555129,37.60462195906425,0,-1,2019,97,0.4420682191848755,0.42732140805136704,0,80.24382756903603,0.008537870572602444
-92.56257096804472,31.190003438532333,0,-1,2019,22,0.08527214825153351,0.11824210046841004,0,1.4836048006858118,6.474657112950391E-5
-78.66634269040756,36.3716337347817,0,-1,2020,98,0.3196473717689514,0.3525761021889276,0,47.089844648749846,0.004125735232091778
-85.63702118874753,36.94600285577196,0,-1,2018,195,0.40706056356430054,0.35466507203211883,0,74.88203849681504,0.007330343582689446
-90.27929640029063,34.562261423548584,0,-1,2019,25,0.3592650294303894,0.39288386873812453,0,1.879536450766016,4.153309019170119E-5
-83.49004028684726,32.99867829397984,0,-1,2020,115,0.3659188747406006,0.3707103422807731,110,47.47081145479419,0.008549654171291946
-90.48743338291727,36.424713313701844,0,-1,2017,46,0.1997275948524475,0.36756340217508676,0,11.51416496216479,0.002015173978393854
-84.28735746190954,33.98584007562474,0,-1,2019,60,0.6884897947311401,0.7017499326290741,235,1284.5892297703617,0.6618354915658536
-90.8365781266627,31.816022631104573,0,-1,2019,76,0.11925708502531052,0.12096572206484647,0,8.392506957554973,2.41027742293138E-5
-79.07966058611021,35.40601243171028,0,-1,2017,99,0.44515538215637207,0.45190982028492843,0,145.501875291537,0.041532079466764536
-80.14202890796838,35.554720560099845,0,-1,2019,279,0.34121188521385193,0.3426439236331704,0,64.69567478465328,0.010545302100261883
-87.15556433946762,30.655611903993925,0,-1,2019,33,0.5947705507278442,0.5305229037480068,1123,724.3657428126597,0.22229562290890204
-76.9451416660966,37.053707924004,0,-1,2020,43,0.4339078664779663,0.42348030176231866,0,76.46889852624145,0.013343375902477018
-82.55144354893537,35.11476933760145,0,-1,2020,84,0.26994597911834717,0.2751248270874787,0,27.053254120835835,0.003954997006538963
-83.81967261053188,32.763426770666634,0,-1,2020,74,0.35042327642440796,0.37344507403742994,1156,58.49842094314764,0.010124072944899146
-80.77859754765333,26.330871663572367,0,-1,2017,67,0.12436491996049881,0.07833648449189426,0,0.9523711970550317,0.0012675131844005337
-81.61179158328709,32.92069355695907,0,-1,2017,225,0.38380542397499084,0.32016345525961865,0,0.5506544341736608,0.0
-94.42625939563216,29.575072462338696,0,-1,2019,268,0.2636834979057312,0.2087160562859018,0,1.4294165479507324,0.0
-89.40683614259687,32.01100965733686,0,-1,2020,275,0.32742711901664734,0.3395502409866403,456,42.73514978646958,0.0071080778516610255
-84.66652289013962,31.006963542305503,0,-1,2020,300,0.37004634737968445,0.3904858780752821,0,23.95690790925194,0.005813493956201192
-89.508324202602,35.61475992764329,0,-1,2017,260,0.48233333230018616,0.4602385964988084,0,9.204887212120639,0.0015655335431010954
-86.18075424137986,34.98047543916185,0,-1,2018,110,0.12689419090747833,0.12865014549332654,0,4.472755637498227,2.485012269748081E-4
-86.29045193838506,31.125200643460104,0,-1,2020,313,0.14318247139453888,0.12898573992336929,0,4.0476828330454735,4.7525950248971185E-4
-87.27972617851172,33.51343757542782,0,-1,2017,305,0.24211138486862183,0.27945957592669035,0,26.963507652739597,0.005724487170304818
-88.22528101217067,36.039162935523755,0,-1,2017,78,0.3243218958377838,0.3772806910150015,0,180.30308178162161,0.06665009568406072
-80.67433689204134,27.93414303018789,0,-1,2018,68,0.6192711591720581,0.6403830181139333,206,902.8231500917155,0.2897971770180683
-87.12045002324719,31.26698546173742,0,-1,2018,46,0.3405706584453583,0.28548352317641945,523,50.81950730594182,0.009996089683925296
-87.9680649170416,36.34465299491731,0,-1,2019,284,0.09646163135766983,0.06809560031606439,0,2.1503861064708287,2.030987796302079E-5
-91.0305847237221,33.31529165570225,0,-1,2018,84,0.6395907402038574,0.6159354984398565,0,180.49021399981083,0.03760761849244421
-89.51273788753694,29.645766249247217,0,-1,2019,104,0.00350844650529325,9.924445548273317E-4,0,0.0,0.0
-87.48910115411505,33.789809722759685,0,-1,2019,226,0.07018226385116577,0.1035336231120789,0,9.309265679167979,6.919399479996645E-4
-89.33555519902814,31.970816793687554,0,-1,2019,264,0.28836679458618164,0.2703321400582675,0,25.50498135733716,0.0018272791276354474
-86.7556016030798,34.63207868525883,0,-1,2019,350,0.635803759098053,0.6094762086617873,0,355.9503553699473,0.0968073327788212
-91.11677795646565,29.648320861685963,0,-1,2018,255,0.6113985180854797,0.5431749448880292,1528,959.6075188159498,0.23016636487098216
-92.2449004580236,37.34124630435362,0,-1,2017,66,0.14078377187252045,0.14860403370510492,0,6.291431327063212,0.0
-80.683348747113,27.715155814652693,0,-1,2019,218,0.09363874047994614,0.12153685928048101,0,0.5898767688865074,0.0
-89.63159625658182,35.075213971383306,0,-1,2017,44,0.43521714210510254,0.462457145468362,0,142.70509195782714,0.06869999004385935
-88.98162971240478,37.81345122284679,0,-1,2018,162,0.442710280418396,0.49346708538867323,0,104.51419747250318,0.015892360437285716
-92.2656090304266,36.01977908056872,0,-1,2020,25,0.12829618155956268,0.11913255620111235,0,4.626642082702975,7.155379056205504E-4
-94.3138562048886,32.55912294997408,0,-1,2017,51,0.5413041114807129,0.5216874336239051,0,363.6118264081723,0.134357519938735
-82.8652090554413,34.26583384862551,0,-1,2019,61,0.35131824016571045,0.37375691767980374,0,31.67102430845548,0.006472517506116594
-82.57342683040659,37.272851905202884,0,-1,2018,342,0.40307509899139404,0.3517882570447739,0,88.36178078953589,0.024258206167437513
-85.66481079120112,37.567794149969174,0,-1,2020,86,0.4034479856491089,0.3965218678277335,42,95.52977978372346,0.008793456551696133
-94.42688744317924,37.12139778259777,0,-1,2020,191,0.5169017314910889,0.5313357021196405,0,101.778570257936,0.01135646042495966
-87.20364096341443,37.57253320279415,0,-1,2020,69,0.5724367499351501,0.5486496618877287,150,76.14967094895295,0.011552925094141102
-80.35913993355595,26.867039562147685,0,-1,2018,171,0.16202577948570251,0.16900993778719295,0,0.39704227616138904,0.0
-90.75781696480965,30.579025637339598,0,-1,2017,69,0.40199723839759827,0.3473350950626302,639,72.6008969881872,0.015399290979937119
-79.0350593099133,36.66084797328351,0,-1,2017,33,0.2434375137090683,0.2283659887725751,0,13.300428007715489,4.250323834196893E-4
-81.75530671600534,26.323316258087868,0,-1,2018,55,0.7216266989707947,0.7337300366253284,0,1478.207939764694,0.5611450103679704
-90.01527783974508,32.85378401318857,0,-1,2017,171,0.31783369183540344,0.31144068095200717,279,21.554956397318602,0.0016500164207091628
-82.35449793484035,28.24701504258929,0,-1,2020,113,0.7091068625450134,0.6965567868738569,867,896.9662095505842,0.38833221525344896
-89.50654838809436,29.988770264920042,0,-1,2019,325,0.044854260981082916,0.035794381612921124,0,0.7265346515930369,0.0
-84.10882463976935,36.86729499301933,0,-1,2017,61,0.341354101896286,0.3448875061396474,64,46.2230241676227,0.0034419990071156716
-82.06163902580987,34.06304841149103,0,-1,2020,43,0.247261643409729,0.2806765857944532,0,16.449080771691616,0.005859822913673711
-93.84526702815543,32.856065711392425,0,-1,2017,77,0.48557791113853455,0.511476816856674,0,20.624292832671994,0.010904422468481924
-92.869844268154,34.40995126597088,0,-1,2017,23,0.27863791584968567,0.32456621048945167,0,22.31250630358045,0.003779648089075977
-92.62335188392883,30.74194086278356,0,-1,2017,126,0.1246185302734375,0.1124224545408415,0,4.495201323772755,9.13110472779253E-4
-82.25635928545016,35.38744538712313,0,-1,2019,63,0.12325773388147354,0.1924514263732535,0,26.79541171057027,0.001897596720788083
-83.24240616225066,34.05532666465099,0,-1,2019,73,0.42147350311279297,0.43856912003740783,0,70.6414919502263,0.010444316061031226
-85.21549068282236,31.966021071663373,0,-1,2018,282,0.13892489671707153,0.13176155676901827,524,7.724652845625821,0.001188936464199356
-82.8113928093543,33.545863685185175,0,-1,2019,72,0.09219374507665634,0.12118473007478513,0,12.871477108691948,0.002693844565168589
-90.85634706786013,35.64522190301615,0,-1,2019,114,0.47698575258255005,0.4886650607389474,0,4.637240379463585,3.799031247032007E-4
-83.68370150706058,33.63401104686071,0,-1,2019,197,0.49433276057243347,0.5055651036460719,87,238.67035841706488,0.0526173950347042
-93.67670685306234,33.47105829715481,0,-1,2018,280,0.1605689376592636,0.18672256389550593,0,1.6887226860562965,0.0
-91.00507435992668,35.419002701147924,0,-1,2017,59,0.5910183191299438,0.5862056269472257,0,16.661345578664385,0.003219853346550952
-82.8107459198739,32.966974932531585,0,-1,2017,55,0.6643709540367126,0.6339959861634067,182,940.3114267883711,0.34683098591549366
-84.20659576830757,30.89535698937402,0,-1,2019,238,0.6395638585090637,0.5773123490249585,769,615.4672110996238,0.20967922422971283
-84.99408473519206,30.93143086776149,0,-1,2020,316,0.13821101188659668,0.20069519180885556,0,7.096442044949557,2.2735884804850315E-4
-88.22036965220263,37.615036434553,0,-1,2019,50,0.22580471634864807,0.180833204519906,0,19.6087967851233,0.0023698230800160845
-83.02035528170173,30.50755827517933,0,-1,2019,104,0.29934898018836975,0.32652311223626895,0,55.20598320768511,0.014737382548112472
-82.17336914189723,27.91239655817076,0,-1,2019,8,0.43765977025032043,0.49124636445175773,0,103.7449012717274,0.021268950609121578
-82.23353036944697,34.3368579067325,0,-1,2018,50,0.4031279683113098,0.38618480681839457,3356,58.56263788908357,0.011915533050789172
-84.37522311927175,36.695564200746006,0,-1,2020,155,0.4681303799152374,0.4251472828907635,0,127.21573120112956,0.03305197342711992
-76.64725483239991,35.31895315306612,0,-1,2020,25,0.06827708333730698,0.08825520707817604,0,17.54666796939021,0.0015657606578774266
-84.35500779865446,37.04431223368919,0,-1,2018,290,0.16610081493854523,0.18267834190501958,0,7.271420646527812,1.1576695608405692E-4
-91.33082608055426,35.54861144677641,0,-1,2018,77,0.4815366268157959,0.48843428647935644,0,8.16384483497643,0.0
-88.63731035235969,31.44982445331558,0,-1,2018,78,0.08976131677627563,0.0927430591441627,0,11.476346570260569,0.0017563424975621325
-94.41182681682216,32.47982006686004,0,-1,2020,40,0.31424012780189514,0.3711509993913118,107,24.346328287269504,0.003946915454882673
-94.20132725819958,29.950333594369408,0,-1,2017,262,0.4718215763568878,0.4731247905664135,0,106.85855481910816,0.02135589344918256
-93.64440124165414,35.268730258897236,0,-1,2020,145,0.20830927789211273,0.24922088819064614,57,66.62890237175957,0.022380330526410572
-94.36578592462348,33.67991106132094,0,-1,2019,256,0.37202757596969604,0.34692740943044004,8,88.62069008992538,0.01513160887399958
-89.7752939978239,32.48153241108661,0,-1,2018,39,0.3175361752510071,0.3348969213384991,6,38.33156514558397,0.008818309000636399
-92.46447116951462,30.781987260531913,0,-1,2018,280,0.33587852120399475,0.3225991137820338,0,14.063451640659233,4.451018441872139E-4
-92.44504074051581,30.02454909464195,0,-1,2017,235,0.5785037875175476,0.5440917102851904,0,20.49683096483018,0.004270282465978067
-89.15695353047936,31.81607518117454,0,-1,2019,50,0.34336552023887634,0.36861845233841695,0,87.4667572261076,0.014049225557953392
-83.6403655899052,37.557909473429774,0,-1,2017,53,0.15605704486370087,0.15032291861620609,0,18.255512133627477,5.410957188306323E-4
-87.39319843422882,30.39426115490552,0,-1,2019,108,0.5067704916000366,0.514915987636669,0,468.1037551805099,0.11913136842741986
-92.46379939313978,30.313610721901828,0,-1,2017,100,0.5200878381729126,0.5564928934875404,0,22.593659978694294,0.0015100905233612642
-83.42849235272335,31.888075971701326,0,-1,2017,20,0.40088245272636414,0.30064655221860825,0,31.02932462587777,0.005144230899535717
-90.64531860795633,31.816048432036087,0,-1,2019,67,0.14764487743377686,0.11908550883461078,0,11.820525750159938,0.0
-88.13250023117148,34.44597494259279,0,-1,2020,169,0.5614616870880127,0.5669089104705326,0,783.4126750486176,0.23755830153249757
-81.0858960358778,29.256415655754548,0,-1,2017,131,0.8119664788246155,0.7653675333951159,5196,1751.8580424539462,0.6051229393547444
-93.28865175604676,30.895242482694293,0,-1,2019,358,0.4694637656211853,0.4735922551434549,244,349.4957766011095,0.11211283119619712
-82.5939015228927,36.84246095411861,0,-1,2020,81,0.10588730126619339,0.12193433284535467,0,2.107546741638195,6.662948203149251E-4
-85.1546387790818,32.49294201394179,0,-1,2018,10,0.49423661828041077,0.4516086599816431,848,311.789364035779,0.10537490954464084
-83.0890130543101,32.926628026302886,0,-1,2019,56,0.06402058899402618,0.11751881489107144,0,0.0,0.0
-86.17822810014145,31.1785735731686,0,-1,2019,281,0.2840351164340973,0.260268165831632,0,16.757728855760593,0.003719391382148545
-78.78036421825126,36.769424188969005,0,-1,2020,24,0.34154370427131653,0.33893062418365566,519,78.2337539949193,0.011368590581995925
-87.85966283582644,30.75502351594936,0,-1,2017,72,0.2292824387550354,0.2852757911239449,0,6.194288686114134,0.0020628699712448425
-84.24792100237507,35.3333105760992,0,-1,2017,110,0.15994881093502045,0.17609063840654646,0,0.0,0.0
-82.98935210473664,32.544230637727516,0,-1,2020,146,0.47435685992240906,0.47045823093750966,6,126.25601772617092,0.029702257305082372
-81.70241847238734,32.24295212105313,0,-1,2017,191,0.3873451054096222,0.3734596110496032,261,43.277038867386935,0.008517482328454227
-79.87762411534459,36.05328592527446,0,-1,2019,41,0.7963387370109558,0.8189967151621134,1472,2357.261811786732,0.8397148147051954
-93.34078599152556,34.430602365105614,0,-1,2017,97,0.28545868396759033,0.26288072399325324,0,31.758817077552468,0.007422499599599862
-88.9868423348071,33.88165738806178,0,-1,2018,37,0.4723368287086487,0.49108981637598875,16,300.694329489115,0.09978761910742928
-83.77402440083239,31.799663511051538,0,-1,2017,102,0.22155140340328217,0.20141847547292596,0,8.861099291786042,0.0016219293440316218
-94.34809430177927,29.87151945399666,0,-1,2018,144,0.45454129576683044,0.4362276668190434,769,66.43624180112148,0.007948402365542782
-94.36570649046384,35.76340804782118,0,-1,2017,168,0.15656974911689758,0.15492927866429873,0,8.71319969742814,0.00185536839569575
-82.77996624436584,37.85430745977904,0,-1,2019,11,0.4054359495639801,0.3946707639035883,0,124.94775145616377,0.029285745836830218
-89.25479694267821,32.676435689855396,0,-1,2017,63,0.31073451042175293,0.29217714693683206,0,18.69576235127255,0.0034304997777760034
-90.8227601420359,34.99053267929724,0,-1,2017,315,0.6730204224586487,0.6749613803355415,0,127.3308897454403,0.03856707768619072
-94.48680332768552,30.783137139577057,0,-1,2018,313,0.25341176986694336,0.280940312199229,0,27.315098109663463,0.006976788760469974
-87.38575463282999,36.40265565048333,0,-1,2020,274,0.45365723967552185,0.4401589438073611,0,146.5811140456485,0.028471686150924047
-75.87279180516008,35.79960068063969,0,-1,2018,72,0.003733240533620119,0.00635174188658904,0,0.6431252540978697,0.0
-81.26571049512275,32.96685716607044,0,-1,2018,64,0.47351357340812683,0.4825822180992887,0,105.77723811444932,0.02685695204949518
-92.09975443334565,34.887826602776656,0,-1,2017,61,0.6225274801254272,0.5958327038909851,1155,1003.9603260150142,0.4439235650127723
-91.8935529102557,32.748581825681406,0,-1,2017,134,0.40421444177627563,0.4212662139222045,0,191.7175333373255,0.049177182329172134
-91.46291329401488,36.69800201656963,0,-1,2020,137,0.209957093000412,0.21116277986255413,0,31.259905007737437,0.00331725046383131
-82.38416876715988,31.348079818774114,0,-1,2020,16,0.20354986190795898,0.22875792285348237,0,8.431044589841537,9.673264605551752E-4
-85.13143672394777,33.99642584643764,0,-1,2020,65,0.41433677077293396,0.4383136545037953,0,173.11966391109908,0.040190396082898545
-92.72073783702332,31.446549794172444,0,-1,2020,330,0.2845593988895416,0.2697806464168694,0,15.496394442903613,0.0022548765751769385
-87.28471108955965,31.90235799195735,0,-1,2020,115,0.10381614416837692,0.10194019715951787,0,0.0,0.0
-87.38374866884047,32.07223429805337,0,-1,2018,128,0.1461210995912552,0.1482107358011732,0,4.655379126455329,0.0012837416790806274
-88.45105542612656,36.59108082647316,0,-1,2020,80,0.5570780038833618,0.5653817225414811,0,125.4910927601097,0.03116067700806112
-89.12657498211881,30.678772012798735,0,-1,2019,313,0.3772183656692505,0.34931241967800675,0,55.11959971633446,0.009079253630325803
-87.50804018951983,36.420373355926834,0,-1,2019,36,0.3658938407897949,0.36099069443794174,431,57.41914163333617,0.005937982219543042
-85.12194110519637,35.00369967057702,0,-1,2018,56,0.6289697885513306,0.6397295340525857,1075,1051.8548444029827,0.480552717701857
-84.48125936290812,36.22917852216489,0,-1,2017,59,0.061368197202682495,0.057731530931441545,0,0.8173489069867127,0.0
-80.5153361597642,37.585809003010795,0,-1,2019,202,0.37373971939086914,0.32992877566280027,0,86.62094789030266,0.02110730667355772
-91.86798505819294,30.554144989989602,0,-1,2017,51,0.35486823320388794,0.40424770152784395,0,87.04136987682959,0.016148531709410573
-81.44113283942109,30.016913784664904,0,-1,2018,49,0.24252237379550934,0.26540747921068397,0,0.0,0.0
-80.64352552551861,25.618561242796403,0,-1,2018,16,0.15340569615364075,0.1500105711619923,0,0.04822223833132146,0.0
-90.76866938602889,35.784508289794225,0,-1,2019,249,0.657020628452301,0.5994528492448112,0,308.1815932628603,0.10396472824360223
-81.46833215762577,33.989609163975,0,-1,2020,83,0.3597429394721985,0.3638804527100124,0,86.01713595935523,0.018497246347250078
-81.54791607357649,28.039187903796158,0,-1,2018,59,0.47108766436576843,0.47977530846516625,0,162.9306307555578,0.038569300610015546
-94.05392006761654,31.80111901983298,0,-1,2017,200,0.32096630334854126,0.2952721844691229,0,72.48877360631347,0.018929360429970423
-89.94908688137653,35.405381082170756,0,-1,2018,316,0.4368315041065216,0.43486447344105533,2,110.12880349477103,0.021683282157443886
-87.11651121245333,35.333423595364394,0,-1,2020,7,0.3862517178058624,0.359466464358748,0,59.86561947474413,0.009791806300268097
-82.46623837786126,31.30366548302895,0,-1,2017,9,0.3453037440776825,0.34182934409477916,0,50.84667315929312,0.007594420425809603
-84.0383418413911,32.606016040739654,0,-1,2019,105,0.09993854910135269,0.12044291772878349,0,0.037773372372646864,0.0
-90.85557845496325,34.83084683508672,0,-1,2017,73,0.6376306414604187,0.5997350414237821,0,19.7023723599734,0.00561060076586662
-82.68499809266937,37.48349317038238,0,-1,2018,132,0.3053160011768341,0.29508280520349606,0,19.20568806414201,0.0014977056958049172
-88.65120147470229,33.73509227933776,0,-1,2020,77,0.5536739826202393,0.5220740051648939,0,34.8916597587536,0.008180717561256039
-90.77868830327104,32.37954058421864,0,-1,2020,81,0.38988175988197327,0.4184419234670358,0,222.52194674533825,0.04779350494176927
-86.18348149335834,37.55704980162059,0,-1,2019,90,0.39701324701309204,0.43816625961824,0,92.59439177519195,0.012074109524876277
-88.6994493414996,35.4331825498952,0,-1,2018,19,0.49836963415145874,0.48385372682078265,0,61.49146377976333,0.010642672848480082
-85.50646290558252,35.68605303173352,0,-1,2018,50,0.19852817058563232,0.22517429988954157,0,22.193588547510686,0.005936736890029389
-92.08795080471661,35.12000990667141,0,-1,2020,50,0.3933608829975128,0.39410209332755664,0,111.46407962205991,0.01720904258401688
-92.0670999013529,31.847910760749834,0,-1,2019,334,0.04438862204551697,0.053324496523492,0,0.20069969742813906,0.0
-88.45451241848252,36.33159169657469,0,-1,2017,136,0.5183085799217224,0.5033701965159295,0,91.97935434252246,0.018605711798042508
-81.78394547162193,35.03287579485904,0,-1,2020,147,0.5020895004272461,0.49173475114007065,0,213.65367062116266,0.04604802069549635
-87.16586988571221,33.17191888906986,0,-1,2020,48,0.35261842608451843,0.3689152876647424,0,112.54338337025953,0.025036317104879413
-89.76780635880306,32.16648817909352,0,-1,2020,123,0.17070433497428894,0.2086720887459574,0,37.00798386207114,0.010110084608267742
-81.94307689901477,37.38131035624502,0,-1,2019,100,0.18028366565704346,0.16061797109501277,0,12.797774268884202,0.0010233309422169165
-83.50627163060781,32.349366403638015,0,-1,2017,8,0.2655952274799347,0.25413107464334317,0,14.904124786858157,0.004600715905792817
-83.19888278227458,35.250540895167084,0,-1,2020,74,0.1302860677242279,0.17448525220152952,0,21.93329425409072,0.0011665961202936106
-77.81434470545241,35.734277001589575,0,-1,2018,137,0.4697466790676117,0.48860624117551427,0,77.67495761029205,0.012407651472588165
-91.08732995975672,34.831848623347724,0,-1,2017,134,0.5686435699462891,0.5235633901436946,0,0.25276335820119317,0.0
-94.23638337763441,35.56501322421374,0,-1,2018,105,0.471222847700119,0.4128948346789559,0,69.4015733141712,0.01939571740452907
-82.55277844759195,37.8293528292044,0,-1,2020,8,0.3711768388748169,0.3396052541872751,547,64.01737929991111,0.008402130459048767
-84.74028748048623,32.072910031776246,0,-1,2017,263,0.1255415976047516,0.15017314141522436,0,9.6293589258699,7.695946000112235E-4
-89.29605823795275,34.348468190829784,0,-1,2019,313,0.11095727980136871,0.1196276925062921,0,2.0246113213969417,0.0
-88.47144678461459,35.033401375963244,0,-1,2020,4,0.35591834783554077,0.36079497518077264,0,43.57453527732076,0.0028960467530710333
-92.76448188615824,33.780427387226965,0,-1,2017,295,0.08613957464694977,0.07209868902490062,0,0.0,0.0
-90.83753305099619,30.80806519019995,0,-1,2019,36,0.2935653328895569,0.2931532611540339,0,8.580002395375661,1.0856790786927334E-4
-83.1400069663541,33.4115833781583,0,-1,2018,40,0.184256449341774,0.19779529563503315,0,38.56162186012797,0.006021484785378217
-92.81248954104588,35.80334623628787,0,-1,2019,170,0.1457294523715973,0.14499477688312246,0,4.023408272162531,0.0
-82.1242136985403,36.35582579786627,0,-1,2020,166,0.39546340703964233,0.39118998591295046,0,118.2447059639258,0.016745200561478196
-86.78917423670616,37.76589936117631,0,-1,2019,81,0.4006769061088562,0.3714857635642331,0,82.42392486250526,0.009040103949841683
-89.6800327364342,33.67948461417697,0,-1,2019,169,0.1825426071882248,0.2219604041121073,61,10.762950448675722,0.0013761046259700357
-85.10875489634617,34.70553588780775,0,-1,2018,8,0.3676418364048004,0.35811363365164556,0,66.26955006177354,0.013463963322306803
-81.49729491435325,32.95141420737532,0,-1,2018,293,0.08488476276397705,0.0845673490621129,0,0.838273811212284,0.001186641803695541
-82.64004458397744,30.898018787164943,0,-1,2019,139,0.005845549516379833,0.02843458873023102,0,4.909873990632821,0.003220764586217079
-94.01988671310339,33.18186870922215,0,-1,2018,225,0.1803848296403885,0.23387588803456869,397,16.806612856967263,0.0012095169889392856
-81.50051182552274,32.344085023868324,0,-1,2017,111,0.2671945095062256,0.23233148154014666,0,19.389038600339767,7.070305517239539E-4
-86.90579982484496,31.10513324380354,0,-1,2018,164,0.07389077544212341,0.13325806181145927,0,2.0400678250290745,5.517136930470553E-4
-76.93817258906923,37.125449354580944,0,-1,2017,65,0.07039634138345718,0.10689197655722524,0,0.6003498376879193,0.0
-77.37020307060556,35.69179975459722,0,-1,2018,60,0.4351646900177002,0.4640029880012193,224,116.54994847099094,0.021579587901522024
-83.81101067072706,36.31535542726856,0,-1,2017,307,0.28609704971313477,0.31500071005193436,15,46.29790681035215,0.009421407732996372
-92.48108771048132,36.44626689069309,0,-1,2018,104,0.3245296776294708,0.32517532458236764,0,36.90665548856399,0.006338313926313245
-83.98912598377454,32.07635290030121,0,-1,2019,79,0.17342659831047058,0.14114178616044767,0,6.570767131145732,0.0011333564994253033
-83.52086160520362,35.05991787231376,0,-1,2018,253,0.09296335279941559,0.08172816839694895,0,0.15109206089066787,0.0
-85.52303014874755,31.986158049932115,0,-1,2018,21,0.11063341796398163,0.12036527536330471,0,7.8300934155289115,7.494426020647145E-5
-90.76829380807777,34.002933709437166,0,-1,2020,265,0.5632304549217224,0.47006455628944493,0,14.520556450265842,0.0026045704824106076
-82.42481097077346,33.690540684165065,0,-1,2018,111,0.15488015115261078,0.19251382375504272,0,27.212965064235924,0.002104935929860057
-91.63718694173708,35.25622240482793,0,-1,2018,124,0.48200058937072754,0.4469267699487932,0,71.86806516374452,0.02471870687646145
-82.12098930374592,35.145710766564214,0,-1,2019,105,0.41423526406288147,0.4403746907875017,609,146.3723709052627,0.028321502249800967
-92.60179242537005,34.51876948646525,0,-1,2019,306,0.2384493052959442,0.3035533307407888,0,9.407114512382314,0.0018528011907890793
-80.50538465899007,33.89082479875728,0,-1,2020,116,0.5151636004447937,0.4135861221252978,461,131.46972652864412,0.04124375128551358
-79.63147546589316,36.19160675483041,0,-1,2018,134,0.4684479236602783,0.46903350746783146,0,132.20007501709946,0.020499623665603036
-85.08348938920507,29.952514114948176,0,-1,2017,201,0.009942163713276386,0.01764014307471354,0,0.05122208739776542,0.0
-82.54742657477557,36.720042133383764,0,-1,2019,292,0.3749884068965912,0.35331661453942986,0,66.48894667170956,0.006218829204480416
-89.44080225654905,34.195336203690495,0,-1,2017,10,0.17277146875858307,0.1823053756053299,0,29.802349952565997,0.0018067891151460405
-91.56928769845842,36.237252717512824,0,-1,2017,70,0.35053062438964844,0.37263423688786446,0,35.892234668213135,0.006933914500567973
-88.50879810295929,36.01256945921578,0,-1,2018,139,0.3345908224582672,0.36259491114338926,0,45.85323318792707,0.004330829077469152
-84.90388326850695,36.73673269656804,0,-1,2019,72,0.18229198455810547,0.1992287308667539,0,19.187473406518595,9.922970410816043E-4
-82.30082953913863,31.27423813726705,0,-1,2019,130,0.4466738998889923,0.4754245654951674,0,239.24909072571754,0.034929653369414344
-88.5503072455793,35.02050705921555,0,-1,2017,176,0.4695020914077759,0.37665192880766163,0,36.30743532852604,0.004668092884144059
-88.44020740185076,37.709464935261146,0,-1,2020,61,0.6077727675437927,0.4805482745845518,0,11.751491523607514,0.005873873964525323
-85.04125541621431,31.207653597153314,0,-1,2018,136,0.21472452580928802,0.2524328276244445,0,9.361461389845788,3.0223872541611794E-4
-92.49075101258273,33.575356853048355,0,-1,2018,106,0.22776533663272858,0.19727282728848416,0,23.365553170768614,0.0019140577495545318
-81.20327665377025,33.70210543590326,0,-1,2018,167,0.38589179515838623,0.39937633366167863,0,42.2052129788676,0.005062874640782674
-82.05493014497536,29.432071115575674,0,-1,2020,22,0.2962028384208679,0.2967446533048795,0,29.928570077846764,0.0022777474812574715
-91.31131877222067,31.87281713631717,0,-1,2017,93,0.08511596918106079,0.09394981761960236,0,0.0,0.0
-81.12726500793799,26.4094684269483,0,-1,2018,0,0.09897910058498383,0.10201253737701682,0,2.52988729624447,0.0
-94.32244211373387,30.114476090673975,0,-1,2018,4,0.329681396484375,0.3154026809308131,0,18.663193229634544,0.0014239330068217596
-88.14435671976594,32.91975190920828,0,-1,2020,73,0.09283194690942764,0.11086405007045938,0,2.5576246024666753,9.713517404929283E-4
-87.13357480158065,32.88144031669399,0,-1,2019,5,0.0868818610906601,0.1031634105347039,0,4.394593027286995,0.001071777240120548
-91.54337267960275,35.91447405940653,0,-1,2020,309,0.3605971932411194,0.36425507399862217,0,54.94101313935787,0.01235836952993368
-86.39891655680461,31.36952857388826,0,-1,2020,106,0.4121323525905609,0.3921397508606907,0,83.6197630551327,0.006587708572191097
-87.14368377269196,32.11666184886797,0,-1,2017,145,0.10332033038139343,0.09807436697787739,0,9.565623138526709,0.001261452840143661
-83.02900796473227,31.180466167385685,0,-1,2019,334,0.27625852823257446,0.2271519953332611,30,12.266023499451592,0.0032033648881938923
-91.706844291511,32.62502422597787,0,-1,2018,175,0.3453671336174011,0.3508041195724494,0,9.495820778860576,0.002145517675928462
-84.33301724410175,35.215753438551566,0,-1,2017,108,0.17282453179359436,0.16053117440610415,0,23.49931290973272,0.0010738948047757347
-86.22192989976406,31.25472434699976,0,-1,2019,66,0.48891186714172363,0.4527547473491446,786,164.5245947624045,0.041041077581002436
-86.60568858899934,31.32397510097473,0,-1,2019,55,0.16689354181289673,0.20361091965409078,0,26.48534371355627,4.094496673221454E-4
-90.26916102509901,37.51422678097653,0,-1,2020,229,0.3050456643104553,0.28030731196874825,0,14.986916712630991,0.0010905699544216973
-86.72416484405761,33.88358533970628,0,-1,2020,113,0.38965335488319397,0.3813747908981983,0,56.24968324707991,0.005846169353234355
-81.58498602060733,27.402499228457526,0,-1,2018,173,0.23572474718093872,0.24566104831599,0,22.46429629536244,0.005579652996845422
-84.93036739394668,34.32857755463347,0,-1,2018,93,0.4723464250564575,0.45321818967363353,0,156.49155507089714,0.038271842524880355
-77.17402369815548,35.02249644526435,0,-1,2019,93,0.2686683237552643,0.24733939161055832,80,17.359251788584587,0.00415116689873023
-80.380049465239,37.622639318631045,0,-1,2020,299,0.0925343930721283,0.108148512561681,0,0.7665159084104198,0.0
-84.27023179878373,34.38974580735344,0,-1,2018,116,0.4059253931045532,0.3701704681318864,0,65.68914033567098,0.009976416969183072
-87.42075126411927,32.92146681883519,0,-1,2017,116,0.0755235031247139,0.06411507691738486,0,0.0,0.0
-82.55943853471213,29.978844439538594,0,-1,2018,32,0.3751910924911499,0.4114982506982693,0,43.1227737313696,0.008901484135817718
-82.20965975328504,32.92259357321556,0,-1,2020,16,0.32191747426986694,0.3001760440530807,0,5.605863479636668,0.002352790708208653
-89.80801565709348,32.47434000231584,0,-1,2017,93,0.4230632781982422,0.3374435496592564,0,39.50997696048615,0.009350088261609019
-89.29386730847467,31.06777702152155,0,-1,2020,82,0.1982148140668869,0.16774209648750968,0,29.538789788843378,0.006206317231705232
-86.60383152983292,32.70375466870795,0,-1,2020,281,0.34744158387184143,0.3440049929657434,0,44.49830276631757,0.007135145031919682
-83.10353043601197,35.28517477611694,0,-1,2017,82,0.26740336418151855,0.2571989720913176,0,43.44760944246587,0.006699862780157177
-93.86674635386404,37.23778392239673,0,-1,2020,248,0.4092654287815094,0.3854056685734211,0,25.398127866114056,0.004168089330652402
-80.92984316361219,32.7864881271605,0,-1,2018,1,0.14960357546806335,0.169082288090512,0,5.641411196661739,0.0
-84.12472479101353,32.60609257132149,0,-1,2017,144,0.20487821102142334,0.2955016458072829,0,9.330601902336639,0.0012319268613270756
-94.44942182498642,37.13061408031499,0,-1,2018,177,0.5764180421829224,0.6337326576347877,0,616.0519325803033,0.15103492168908073
-91.72274863880074,31.33181627612181,0,-1,2019,72,0.5634881854057312,0.5501429433716505,0,2.6297193970013955,0.0017054623368072236
-86.68130474754804,36.88791864865923,0,-1,2020,280,0.6678611040115356,0.5402489098291099,0,52.171720323358365,0.006146333249136988
-87.4240313134272,35.57151866580718,0,-1,2018,227,0.23254260420799255,0.14856153067519684,0,13.982438335613118,0.002534299320323586
-89.06417100864076,33.62606552330726,0,-1,2018,7,0.31582120060920715,0.279034995056347,0,47.14331233276499,0.0101334247654151
-86.97020077319634,36.38092482869573,0,-1,2019,352,0.4565190076828003,0.46745654407484644,0,115.35686055746757,0.01741068739080667
-90.62046133570026,32.821149108549875,0,-1,2018,269,0.060048386454582214,0.230775779900717,0,0.0,0.0
-77.40234343834179,37.44423357045502,0,-1,2019,262,0.5476886630058289,0.5429579013116769,2582,159.98094814870848,0.030802186047004233
-93.14734138861922,36.999772633004596,0,-1,2018,151,0.4573080539703369,0.4432270216515766,198,145.34491789845245,0.030255245505839773
-83.84269067983045,32.0515184225073,0,-1,2018,96,0.507875382900238,0.47547703293615023,0,7.527519596070385,0.0016085330125218513
-88.33363088730275,36.18952984112705,0,-1,2019,85,0.14156503975391388,0.21872385751608708,0,4.298446118448007,7.126567844925886E-4
-93.31100359715536,33.39141715575408,0,-1,2019,80,0.19914495944976807,0.24020807823172158,0,13.267910327808405,0.0013747339757570946
-83.07147345098878,37.777618564806374,0,-1,2017,115,0.33814433217048645,0.34441477016432065,0,42.31605339048488,0.005778696938893032
-78.944500631165,37.355385485606725,0,-1,2018,215,0.39731958508491516,0.39503006362311305,0,81.10677130115508,0.004703637835108825
-80.72151601606706,37.819977556011466,0,-1,2018,182,0.22348889708518982,0.21841883722735397,0,37.88396579925183,0.001019788393908264
-80.73329095021825,32.67834190278725,0,-1,2020,79,0.055275075137615204,0.07791140144450884,0,11.13831772166261,0.004099849360583756
-94.43516991922884,36.18411667596109,0,-1,2018,36,0.4166983962059021,0.42132771198812874,0,52.46246604010265,0.01135750876246966
-91.72285444360016,32.52689819193599,0,-1,2020,66,0.47433507442474365,0.44263275217122355,0,24.204255359382792,0.013142943308435072
-93.25102517150991,36.957535178612744,0,-1,2019,19,0.4898746609687805,0.4788807627640792,660,87.868717654549,0.013610552938361426
-79.50976565480207,36.537249843366865,0,-1,2019,98,0.3284182548522949,0.3443328952333747,0,44.803311396043725,0.004682898321897356
-86.34168258059297,37.049497135725666,0,-1,2020,3,0.6069761514663696,0.5962015715719695,0,346.5678705720309,0.07231215408335669
-79.91563419246867,32.955499461339784,0,-1,2017,70,0.34146493673324585,0.3637317507518682,0,62.1661608186858,0.024511808058529223
-93.35711223486746,36.84383426140528,0,-1,2018,42,0.3856337368488312,0.37779030637476213,0,52.678279780008495,0.006239920762910946
-87.5552411232699,31.15649359448896,0,-1,2019,193,0.5663386583328247,0.4720185072819352,10,55.84823567232289,0.009041466891992308
-84.08644858942819,36.79310643822539,0,-1,2019,290,0.27239662408828735,0.2827198571364229,0,14.277594808649313,0.0016087866055867395
-91.65255195496708,34.594654340301076,0,-1,2017,304,0.3120836913585663,0.35862645160815354,0,9.691240013236898,0.0018823480471938977
-90.59422692813787,34.622063850496865,0,-1,2017,67,0.02863519825041294,0.04612101128907219,0,0.0,0.0
-93.52075734382649,35.319824001353446,0,-1,2020,269,0.2181960791349411,0.2399066852207524,0,96.63061881859038,0.009348688919253044
-81.306152581695,34.20440838385435,0,-1,2018,85,0.34915974736213684,0.3559074717168377,0,54.682892928732606,0.003649356359911847
-94.05590164998026,34.78457095286805,0,-1,2019,288,0.23053817451000214,0.20416143820435717,26,49.614379187967664,0.0077041238331560895
-88.51968470891072,32.945031841341695,0,-1,2019,110,0.22833336889743805,0.1956466717936828,387,28.75978630862329,0.005653154054450624
-78.99814394808915,34.51311399210482,0,-1,2019,12,0.4156339168548584,0.44026948228372537,0,63.20051374990148,0.00945583643845041
-86.02545704823983,32.84359219462029,0,-1,2017,112,0.1096944510936737,0.17259876220485942,0,14.605453519635125,0.0
-89.4163620959901,33.44931457670981,0,-1,2019,22,0.24829208850860596,0.21812966576757403,0,35.98258890720494,0.004785261713118372
-82.68899223426305,29.50308484708684,0,-1,2018,71,0.11830609291791916,0.135968326896259,0,1.7310807829293677,0.0
-86.7661816886673,31.31033505036811,0,-1,2020,220,0.35925382375717163,0.3574401201841851,0,25.09628210138806,0.0015658197741439965
-85.88973934870519,30.437914648530988,0,-1,2020,66,0.40041661262512207,0.3394542028115513,0,90.69345587030242,0.012767677894267216
-83.72061585145698,33.5386644104916,0,-1,2019,72,0.3996891677379608,0.40134083732975284,0,42.89310624135246,0.010522789101971346
-82.07196873182605,29.516354725644746,0,-1,2017,14,0.11266795545816422,0.22324931083603197,0,4.571806775526416,0.0012104139615748588
-92.39030348185817,29.851393754844395,0,-1,2017,146,0.12495625764131546,0.11218035461072032,0,5.3531604956948176,7.899024141392534E-4
-83.17258818834752,29.60711960874863,0,-1,2017,99,0.10025729238986969,0.13212443115364067,0,0.03054007715387912,0.0
-85.5387682293178,37.808336861648314,0,-1,2019,107,0.6016700863838196,0.47545141812652275,0,131.5795419087032,0.022384794487011844
-88.44244668576863,34.089651937358546,0,-1,2020,69,0.251753032207489,0.23402222097907197,0,8.810232229758695,8.366581780722351E-4
-78.34136062955817,35.569385146589305,0,-1,2018,64,0.59791100025177,0.5889046072704053,0,228.70689497587372,0.050455884072473645
-91.06716605663935,35.66313501556105,0,-1,2019,49,0.5472224354743958,0.5470252393249754,0,94.14712306058324,0.024394033970443766
-82.6714516987461,29.482697404291294,0,-1,2020,158,0.20959529280662537,0.2142325239937256,0,6.25454081294971,5.601271818189306E-4
-78.16973267401288,35.816108663974624,0,-1,2018,65,0.40599972009658813,0.4362050220593087,0,58.14273422652536,0.011399235379156939
-80.78529628122509,26.064457771150636,0,-1,2017,326,0.03119962103664875,0.03849820902951602,0,0.0,0.0
-81.48461008405506,36.72194549186348,0,-1,2017,60,0.1337418556213379,0.1399821513337404,0,0.4540727083628802,0.0
-83.0658727682874,31.348067583042873,0,-1,2019,72,0.41021040081977844,0.3803329248142791,0,124.65503134445495,0.040913752651765195
-81.15596280990978,25.83291907577828,0,-1,2018,75,0.022406544536352158,0.022632383255390298,0,0.0,0.0
-81.43386226089407,25.845232598634734,0,-1,2018,229,7.332751411013305E-4,0.007607492022283246,0,0.0,0.0
-84.17909333111973,35.70452547354764,0,-1,2020,226,0.38656505942344666,0.4140440607215967,0,98.75266790633172,0.01304216033155466
-85.49704619026359,31.04373281043398,0,-1,2019,360,0.43235427141189575,0.40724254909569996,0,55.021243869536114,0.011879932820338312
-81.65109424561165,32.943810785753605,0,-1,2018,62,0.15151609480381012,0.16089690231129894,0,16.205069698106193,0.00668262091216974
-88.5276088308028,34.57069645709554,0,-1,2018,72,0.1643771082162857,0.21182640952277207,0,8.963480667162544,6.236795534454399E-4
-79.256925244718,34.19663382570069,0,-1,2017,261,0.7928593158721924,0.6628825709726581,764,851.6214522773186,0.40434986790023714
-90.912802751025,32.96023754535711,0,-1,2018,90,0.250736802816391,0.33576429370760996,0,7.9870183079992305,0.0
-94.30916843045095,36.2984870921451,0,-1,2017,351,0.5262450575828552,0.510142601190291,0,80.67180280749083,0.03089300248892282
-91.04024813372078,30.92542341724879,0,-1,2019,316,0.12554197013378143,0.14029827877463052,0,6.693189912195001,0.003179827241153643
-88.34600204284106,30.8349428215203,0,-1,2017,32,0.4490833878517151,0.42038559631255457,4,125.34412231930114,0.020550730409079548
-85.46191821810224,32.206159612675975,0,-1,2020,14,0.07314770668745041,0.07544495048718058,0,5.857221647924966,0.0
-81.0987309773151,26.865537731169418,0,-1,2018,62,0.4826761484146118,0.3553914519937012,0,0.4275651228390878,0.0
-86.64339707833695,30.5409194084453,0,-1,2019,42,0.12817728519439697,0.12358179948449312,0,0.2843135400907717,0.0
-93.60360538178772,35.50921356251456,0,-1,2018,72,0.3041436970233917,0.3083393633524616,0,67.49471431453136,0.021828375838644297
-76.17796640657305,35.89731051145798,0,-1,2017,46,0.041231125593185425,0.1466785487241375,0,6.773026689023085,5.132002246846755E-4
-93.78333565288268,32.37955984709721,0,-1,2020,12,0.5236252546310425,0.580166871897209,0,913.6975908626757,0.4091054911778374
-84.5298631044845,32.864640177451875,0,-1,2020,79,0.08748777210712433,0.0945986543743879,0,3.7621321432060943,0.0
-90.2727465857374,30.78024779978542,0,-1,2018,35,0.34834024310112,0.36461866323294206,0,44.702557556847715,0.004495713104171159
-80.8414501923529,36.678104276864964,0,-1,2020,100,0.38571545481681824,0.3813624436775441,0,80.14937612868867,0.004522510579717533
-88.80857023380767,32.97262410992235,0,-1,2020,106,0.12564516067504883,0.1462572761312777,0,7.193894886139781,0.001371202619103298
-90.27841313529109,36.50433694974655,0,-1,2020,62,0.5484793186187744,0.5456426552296826,0,34.63397899752911,0.00766178297518455
-80.95768677239124,35.309217814401634,0,-1,2020,218,0.6736300587654114,0.6760905796117681,27,1090.0731446725226,0.502257822808983
-81.73044069273398,26.89916494372537,0,-1,2017,23,0.1636548638343811,0.15772356563342968,0,0.08921142208774586,0.0
-80.08637016814266,36.461905014630794,0,-1,2020,44,0.38281771540641785,0.39247056909698674,0,92.9541260980706,0.012458284681643183
-81.29199440579922,25.797243424082932,0,-1,2020,97,0.0033281026408076286,0.005440881001483264,0,0.0,0.0
-93.65477400838942,32.75367960781155,0,-1,2018,120,0.31620851159095764,0.2962315740379545,0,40.649985817391034,0.0030134458353111866
-82.62630034115901,34.94282554811952,0,-1,2020,116,0.33783650398254395,0.3485199898536828,0,40.2251765840559,0.002252549995463794
-91.77571818374302,29.910535372360258,0,-1,2018,275,0.6639915108680725,0.6491516178508311,0,337.7702179695677,0.1015403317776554
-84.68903972663358,32.73619080555501,0,-1,2018,102,0.19232584536075592,0.1905757774057533,0,17.818861430917174,0.005280833382353728
-89.62492461610194,31.681669010018496,0,-1,2018,68,0.3476318120956421,0.34833005145613205,0,37.36100745092603,0.0038367216713938467
-88.40782211282425,31.29921349004276,0,-1,2018,79,0.09404291957616806,0.1043087291105038,0,2.422952431679439,3.689788443151671E-4
-81.07149118076015,35.92973687684921,0,-1,2019,126,0.47420647740364075,0.45330976028731895,0,153.26867920246596,0.02868458259530424
-93.47363976792916,37.41768421408606,0,-1,2018,45,0.3439137041568756,0.35077880820354723,0,33.05511920220881,0.0040780253771857825
-89.81248182162783,35.443060599943294,0,-1,2018,197,0.5656995177268982,0.587227940183224,454,488.7468017712785,0.2677837602620715
-84.71114279835565,32.65714201238791,0,-1,2019,66,0.17933624982833862,0.23266788822128312,0,28.326747432980127,0.0017914659142332368
-81.34554186552819,27.43346799080102,0,-1,2017,275,0.5430008172988892,0.49721644386662234,0,288.4824596513677,0.08542536322341786
-91.12941112296106,33.642305697515845,0,-1,2017,159,0.5730322599411011,0.39950893766875545,0,0.49910331285713827,0.0
-83.56493661708375,37.253175117980845,0,-1,2018,124,0.26270952820777893,0.1941303983098543,0,27.497514946564266,5.62320979844307E-4
-80.71894584850362,33.64746398591477,0,-1,2020,133,0.30862346291542053,0.3421669419613471,0,32.87527144023274,0.005617237662906611
-94.16046088377139,29.922610689047897,0,-1,2017,352,0.5273923277854919,0.4598077562827537,0,178.70142611765067,0.042271342926705785
-93.74944260725458,30.16728322135117,0,-1,2018,212,0.6061187982559204,0.5445454809428221,234,576.0657161137011,0.24663446336425843
-86.18634377163079,33.722050901974335,0,-1,2020,15,0.34054136276245117,0.3502251656773266,0,53.41625170188088,0.0059563605421503706
-93.52328463322667,32.149813747000536,0,-1,2020,136,0.3285967707633972,0.34893709683529955,0,9.903544132247031,0.002937983353214759
-83.48818958524788,32.60065041369656,0,-1,2017,106,0.24873796105384827,0.24725073502516828,0,16.387093215664645,0.0
-84.40254313224786,30.707686685756826,0,-1,2018,99,0.6434984803199768,0.38914721789917633,561,19.959538938689057,0.0020746268251420866
-91.69927751521568,36.125811232698,0,-1,2020,207,0.1757884919643402,0.17169279734024112,93,29.355043480179397,0.0
-83.16817543110683,34.03805338419973,0,-1,2020,355,0.34776052832603455,0.35985203105025554,0,53.64048991581544,0.012206824158113493
-91.57628593914934,33.81266903760967,0,-1,2019,73,0.45958757400512695,0.3374324010069007,0,2.1355341372550267,0.0
-88.5896978686659,37.593359940493066,0,-1,2019,7,0.10675779730081558,0.1185190470251158,0,11.654335383994756,0.0025233371133323813
-91.70093857582417,34.51588670958197,0,-1,2019,289,0.1225525438785553,0.265689127621533,0,3.247788307894013,0.002147066198595788
-93.94448355590113,32.34671455618866,0,-1,2017,307,0.3715347647666931,0.36000706057989396,0,31.47443994806045,0.004218416676914191
-94.00196198604662,33.88903755104817,0,-1,2019,125,0.20728468894958496,0.1779902947490163,0,21.66584927664135,0.007165378410013603
-76.78150596586222,37.2369661094914,0,-1,2017,65,0.6631674766540527,0.563676721265766,164,513.7438109255482,0.18696115178899128
-81.57140780215842,32.60723928041993,0,-1,2020,106,0.4083247184753418,0.41802289772452467,0,28.186374008749475,0.006427240513963832
-83.50488819378664,31.262421246203093,0,-1,2017,72,0.46340054273605347,0.4470889670273714,0,38.141791421097416,0.005011128291949857
-91.09382183889335,32.47447332145963,0,-1,2017,71,0.045035041868686676,0.08731669587851794,0,0.029634695569135564,0.0
-86.17248282392816,32.96452970703112,0,-1,2019,0,0.04841262474656105,0.06301436937383235,0,0.023117579761165633,0.0
-90.27989599768516,36.78162389221446,0,-1,2020,191,0.6035215258598328,0.6098236322419203,5,23.82740676769459,0.005775216698509645
-82.73053634921901,35.36984278833288,0,-1,2018,158,0.0827971026301384,0.0719729442148281,0,0.20172778961435184,0.0
-80.59371540749132,26.238790549307407,0,-1,2020,198,0.15239179134368896,0.15462726868319668,0,0.0,0.0
-76.86156069032964,35.099023660022524,0,-1,2018,90,0.36729007959365845,0.3339200173579005,0,61.14705761842177,0.009364550252041684
-80.49091745436003,37.59171624492222,0,-1,2017,230,0.25188231468200684,0.2571757284227226,0,69.50715739976177,0.013189534141671977
-91.72319179382453,36.09985652494964,0,-1,2018,107,0.17800790071487427,0.17630619420592805,0,26.540401780086235,0.006822338786230813
-81.64384546821448,34.29219268355234,0,-1,2020,67,0.5632479786872864,0.5942301857848574,0,625.7401521693911,0.21427080775840912
-87.56871511634047,31.635614494526486,0,-1,2019,65,0.07290991395711899,0.10312102703444413,0,4.685702579618338,9.421756473095647E-4
-84.76924868556819,36.19377878369792,0,-1,2017,17,0.353847473859787,0.3279859147806441,0,73.51626303248823,0.01524342619109608
-88.99842583745732,33.63105849150808,0,-1,2018,96,0.22532618045806885,0.21743696103260546,0,31.40022943731131,0.009750818301373055
-78.8275340143822,37.11192246068543,0,-1,2020,101,0.2839427888393402,0.25015630200286076,0,38.3736317420095,0.006223351730367352
-86.04962270492538,32.73756075761045,0,-1,2017,250,0.37638646364212036,0.34749972176251437,693,126.74423009647238,0.02293325252747857
-81.07334378363674,33.74866328328128,0,-1,2018,186,0.4798971712589264,0.4871961401447715,306,151.3855735348811,0.01780283116761579
-93.86866367186624,34.78131252543172,0,-1,2018,193,0.14248798787593842,0.12227690205785427,638,19.879397887690168,0.0063020098938154434
-85.37029094725095,32.89232871982276,0,-1,2019,243,0.3614841103553772,0.3679226894985913,0,87.31363761003789,0.024101636197138013
-87.13981353703038,35.90039195405976,0,-1,2017,260,0.4411431550979614,0.39985004262578855,0,43.17606195373642,0.005796531905487052
-76.63709807614117,37.432340917565455,0,-1,2017,109,0.40773698687553406,0.4066721499248309,691,115.11216346547829,0.015318193637414483
-86.21384904942863,36.02506329783793,0,-1,2020,60,0.3410473167896271,0.34813180331657295,0,33.626779585160065,0.0025914638053761985
-82.96893284376571,31.617850696201483,0,-1,2019,112,0.46177518367767334,0.4157667039455446,0,72.84647631175004,0.01131181683296353
-82.983082581586,35.334995430212146,0,-1,2018,108,0.01729225181043148,0.03369738005408442,0,0.051673274878499216,0.0
-85.59506228784987,33.97615767965121,0,-1,2017,68,0.420187383890152,0.4215455859349248,94,55.40115544265176,0.008951969139965824
-87.10323912606202,36.211564448665484,0,-1,2018,71,0.29753559827804565,0.30110442562182205,0,3.6890593678689867,6.717232500209913E-4
-83.1433007408524,31.329866262300552,0,-1,2017,51,0.13002000749111176,0.1109413465385993,0,0.9716934151968635,0.0
-81.39670912180641,34.25212615796685,0,-1,2020,55,0.3996559679508209,0.3598053520427231,0,38.40519893096669,0.004661961854290739
-91.44222824991277,33.87017407852142,0,-1,2017,20,0.569242537021637,0.5790027941040176,0,40.14417091872915,0.006984813543471101
-79.90972183182348,34.84313486047844,0,-1,2020,281,0.07153375446796417,0.10430507165792656,0,3.8652986097760067,0.0
-87.44468788275314,31.102890908606266,0,-1,2019,340,0.25735241174697876,0.31492852473671157,0,9.08074205281106,0.0
-87.75520521062585,37.15442133084219,0,-1,2019,61,0.3468090295791626,0.33068158795627656,0,36.41720245073939,0.00402073477655657
-82.57213754188616,31.371016199443574,0,-1,2018,206,0.16620315611362457,0.14884502863222718,0,14.890901756111099,0.0018851793617359848
-89.42893443963175,32.65070462539747,0,-1,2020,189,0.34522634744644165,0.35685117031017927,0,62.16727653230713,0.019414994140152304
-82.94187218849272,33.289635335044345,0,-1,2019,83,0.46784937381744385,0.3705106344226472,233,72.32823816397406,0.0040058208334665946
-91.65373165655518,32.81145181175966,0,-1,2019,346,0.1340680569410324,0.3321972480803361,0,2.832199239174627,0.0013685804690836071
-82.0319636095977,26.60024826346727,0,-1,2018,247,0.8786538243293762,0.7190001086521527,4006,1364.213150662481,0.5190668985290533
-93.10676821620994,37.16844840134436,0,-1,2018,106,0.45737260580062866,0.44997045182300527,13,140.6297623550176,0.030179235214014864
-82.18859324729152,34.34053523532047,0,-1,2018,65,0.32472869753837585,0.33508165142729296,0,27.55416495950078,0.002465591532797859
-85.75942428006432,33.81084233858422,0,-1,2018,22,0.7556247711181641,0.6583559438163055,2371,1178.981840357772,0.5018012245479145
-93.01878767433499,34.530172662884816,0,-1,2020,86,0.4407816529273987,0.4781872028743074,0,220.06642796807844,0.05145639938095053
-89.84075827246016,33.15874617564003,0,-1,2017,170,0.15950357913970947,0.18454815072040529,0,10.69693722541239,0.0017453622287746772
-79.68466335294404,36.67916446577497,0,-1,2020,104,0.3977116048336029,0.3814897425298158,0,75.18511911703061,0.004661945214492835
-92.29343550487333,33.15689879153691,0,-1,2018,214,0.10416064411401749,0.10066052504174329,0,13.815284054737186,0.0017895253118413556
-93.84998094962155,33.474429856838626,0,-1,2017,310,0.25890296697616577,0.2179817262018702,0,14.214484275817725,6.423469884719777E-4
-86.54213759113408,33.940739288106386,0,-1,2020,157,0.3728382885456085,0.3693441562843927,172,59.073722726656726,0.001385893862094356
-80.67152512625547,27.667516225970807,0,-1,2017,63,0.03314582258462906,0.04833824383265533,0,0.0,0.0
-85.45172416243611,37.04662346101816,0,-1,2017,5,0.36391952633857727,0.3196331556139588,0,60.17384397663841,0.0032356299961933755
-85.73531595197896,32.6644412044149,0,-1,2018,35,0.12047867476940155,0.128088811926707,0,14.971693147541705,0.0010418133931490137
-85.24283948871744,32.239590392656574,0,-1,2020,137,0.10048364102840424,0.09172773177997987,0,1.4523745741398482,5.491458915356891E-4
-81.08092399316754,33.251056718158054,0,-1,2018,60,0.345020055770874,0.32457876371036354,11,41.401882826067116,0.006038923413054917
-80.48951283864587,35.510631440064394,0,-1,2018,341,0.4364999830722809,0.4460434619334659,623,191.54472446702536,0.02825089267380806
-83.85596414525163,33.65239344769439,0,-1,2019,38,0.5136137008666992,0.5131034077752304,0,221.14581665521524,0.05049834260984069
-85.26750753719355,33.567788826412134,0,-1,2017,95,0.4193505048751831,0.4332963823962091,0,90.69356643312564,0.020854800715083534
-89.13223015421971,36.93629553168963,0,-1,2017,135,0.5693327188491821,0.5248048938563328,0,1.3205495513384204,0.0
-94.08389811433052,31.43332054108153,0,-1,2020,61,0.15380850434303284,0.16640633814561953,0,30.975001024289845,0.007278405775174528
-78.83492904314166,34.74344742645646,0,-1,2018,248,0.41480082273483276,0.40424154527017825,0,137.8086041161083,0.028400201461668682
-89.40364658324148,34.632513740475,0,-1,2019,80,0.15255106985569,0.15766116854874726,0,9.166511173448482,0.0011427918404662593
-87.8901370812426,37.172515657456664,0,-1,2020,114,0.4237902760505676,0.443013391919738,283,31.663437264610305,0.0021706390118664976
-92.65542332627241,36.32619663695994,0,-1,2018,11,0.23745565116405487,0.25243737971683244,0,26.290785081899514,0.001343352825119423
-91.44007420782758,32.973565024010554,0,-1,2020,217,0.4469088912010193,0.4361665335617794,0,37.17873138444568,0.007497210620245674
-88.87196989645345,37.16281559120859,0,-1,2019,11,0.5923382639884949,0.5799849115689867,0,68.50917004692974,0.01277000929146797
-87.56070005754094,31.91445437036563,0,-1,2018,107,0.08579521626234055,0.09464195166243053,0,0.0,0.0
-86.21140109078837,30.729460679456768,0,-1,2019,47,0.35330599546432495,0.34841899962227185,0,43.26811788324503,0.003877567181582101
-79.20578125513192,35.65106172374611,0,-1,2019,191,0.3449323773384094,0.34645277702652044,0,26.673647249425546,0.001200520311158412
-82.59317595732408,28.423686017178646,0,-1,2017,309,0.703766405582428,0.6834120991615089,0,1031.5792535723517,0.4276897506925219
-79.26515413496793,37.47298776918596,0,-1,2018,265,0.45357000827789307,0.4352964833137214,0,132.04592502474165,0.03260250087830007
-85.01009204544906,36.32414047693038,0,-1,2020,294,0.11550816893577576,0.13091959333708417,0,2.613083493554387,0.0
-78.59044693517205,37.43159606737636,0,-1,2018,92,0.14236047863960266,0.1580441201419267,0,19.217392811778023,0.0013230264229424809
-80.90753772234038,36.35198312237936,0,-1,2018,97,0.44626539945602417,0.4491157651521113,0,181.94096140996712,0.03948492795473958
-92.59060310166875,35.52010236302479,0,-1,2017,95,0.3138248920440674,0.2815673408062691,55,45.152779178538125,0.004585789235054086
-88.98202181068058,33.935204782221625,0,-1,2017,298,0.3554030954837799,0.36655596031755755,0,28.420015065034953,0.0023883128031472007
-80.3245935922179,26.723643893952396,0,-1,2020,41,0.5559918880462646,0.6104880268001265,499,567.0437007948466,0.1649335230970582
-93.93500501198048,37.23896649552162,0,-1,2018,267,0.5371697545051575,0.42733954214046255,0,32.17565910774224,0.00828297535471193
-82.2130056113242,30.044703445159584,0,-1,2018,316,0.35386672616004944,0.38612829586677155,0,29.245069703378487,0.0012705227763113215
-93.93403308166455,33.574483460874895,0,-1,2018,31,0.20368491113185883,0.27121569555815656,0,8.001099943584551,0.0023404266534534472
-76.70741134574067,36.98813205413065,0,-1,2020,360,0.3824986219406128,0.4222288342892711,0,27.770213624301096,0.003183980456075485
-86.73568866188997,33.32680417835226,0,-1,2019,103,0.32664889097213745,0.3705121867843829,0,57.813883417117154,0.012208395215295608
-91.94178496162505,35.580087328915425,0,-1,2019,183,0.37210026383399963,0.33988431307580425,71,69.44138365771022,0.015444258502473484
-81.67994404025542,33.382384513383094,0,-1,2020,73,0.3342958390712738,0.33996326389833037,0,80.18631118787447,0.01643734316420214
-91.29721732587006,33.20099110254654,0,-1,2019,234,0.4391070008277893,0.43737348456906305,0,12.029894635985135,0.0036870363061829356
-86.46982542817172,37.83097413402164,0,-1,2019,267,0.2603187561035156,0.31777522432735483,0,44.0736544177207,0.00856344332074102
-82.22797093815001,35.42023086374413,0,-1,2017,32,0.32053443789482117,0.3376804338186383,0,58.30529649999214,0.013014449112794512
-93.53227580460585,32.894542911372255,0,-1,2019,76,0.10334640741348267,0.10826794158614536,0,0.21056380420497275,0.0
-81.38880569668194,33.94330265735384,0,-1,2018,252,0.47501349449157715,0.47385158422533047,491,135.61741270951921,0.020951540084445327
-93.3253695198974,35.512185862804195,0,-1,2018,105,0.26703783869743347,0.23728185262821794,409,79.73169309517728,0.021401999073277254
-91.26824751331506,36.556433737528494,0,-1,2017,345,0.20766285061836243,0.20084757019756613,0,21.899450338180717,0.0017624376652285313
-92.03262981978759,31.900608380065247,0,-1,2019,131,0.06697414070367813,0.07580006763109265,0,1.2622059032100474,0.0
-83.37191095428247,31.229203124197557,0,-1,2019,360,0.4838690757751465,0.4780407516118598,0,37.2325942035838,0.007494046593776742
-88.30060140269346,34.6366537427095,0,-1,2017,36,0.08138439059257507,0.10360546225197897,0,7.581432218615058,5.709228968627789E-4
-89.0196694957346,34.97768332665602,0,-1,2020,94,0.14994695782661438,0.17780642638535277,0,18.78109694215241,0.002853281662996308
-86.11022655793211,30.34938304175701,0,-1,2018,97,0.3838827311992645,0.40428707099200256,0,134.26033061758355,0.018400358212296738
-82.60387604818827,33.09657081003139,0,-1,2019,63,0.18338127434253693,0.18952653188889143,0,8.306033300870817,5.813216082526529E-4
-93.15874236690945,33.71021124328648,0,-1,2017,53,0.11008001118898392,0.12675795317159708,0,9.6745101499885,0.003458340680771993
-85.96756345531846,33.46908726101129,0,-1,2020,129,0.5227420330047607,0.2970795461498766,0,38.09004037303296,0.0062406783369219196
-85.24794775588559,36.08524595088214,0,-1,2017,199,0.3448795974254608,0.34920613756723434,0,56.21916033662177,0.004772668892884665
-88.52672186972755,36.058484343622524,0,-1,2018,238,0.41923630237579346,0.3774148962099892,0,18.285404059505794,0.00212058894421851
-83.88748108185767,34.22410039087569,0,-1,2020,126,0.6883327960968018,0.6997439434385871,758,902.209015153426,0.308879495473945
-89.26175600615333,32.84758882679246,0,-1,2019,222,0.18548767268657684,0.18920284006937796,0,24.15409127155478,0.012277597746914486
-94.11727734459743,36.33133933988172,0,-1,2017,113,0.7531695365905762,0.7599692465795789,5544,1624.1975391132235,0.6676962088063975
-94.44061310739417,31.007378499339286,0,-1,2018,97,0.12858399748802185,0.10941319021464498,0,0.813505258944303,0.0
-89.10402642128047,31.317499855162144,0,-1,2018,135,0.3028963804244995,0.29954913553432627,0,46.882123417412345,0.006037996658557951
-82.61405944801322,36.34884745621319,0,-1,2018,72,0.4232111871242523,0.4323031104987899,0,111.31816419730906,0.013647613619506404
-88.09973727297539,36.91774371898711,0,-1,2018,62,0.11496352404356003,0.0998092795095531,0,0.4878375482211742,0.0
-79.54348323105289,35.036768261378135,0,-1,2020,247,0.3888414204120636,0.3702976466752479,0,88.95544811893112,0.012546761826430705
-89.70996342270908,29.63928036694986,0,-1,2017,358,0.027647001668810844,0.018790606684919997,0,0.0,0.0
-86.61138781769101,34.81819477069629,0,-1,2017,62,0.4641430079936981,0.502461776321351,0,160.19308192949563,0.058706933930124744
-83.13258098409608,29.52953750504135,0,-1,2017,4,0.06906387954950333,0.07023030591146537,0,0.52964258698941,0.0
-89.94132433494434,33.819093863212494,0,-1,2019,120,0.13683554530143738,0.14420894848164006,0,11.1693587274773,9.541559520720127E-4
-83.96592892901829,31.376848637443665,0,-1,2019,173,0.5062223672866821,0.47677116799858144,0,13.271144294286731,6.047630489777078E-4
-79.45264547826707,34.215884156321245,0,-1,2017,47,0.2175026684999466,0.2448539073090013,0,0.14364912523992474,0.0
-93.93126546284591,32.03237115553282,0,-1,2018,115,0.28216779232025146,0.26670943023603993,3,35.87713608542448,0.009008525350570144
-84.47151213972809,36.956638537514266,0,-1,2018,352,0.15427646040916443,0.17267513890830488,0,9.252711199357066,5.695808540184434E-4
-83.93272598676063,34.07551387435588,0,-1,2019,110,0.6893912553787231,0.7069197992570128,0,1181.2018362503425,0.550333029275596
-84.018149187286,34.661405666010744,0,-1,2018,344,0.14575277268886566,0.15956574187643288,0,13.224244869144274,0.003582652256211712
-89.23030665299356,32.207434165566966,0,-1,2019,250,0.09659865498542786,0.10248928573520971,0,2.8002193728961013,0.0
-83.60203040390344,35.933528621555844,0,-1,2018,278,0.5257425308227539,0.5417365693807198,0,328.49148733658586,0.10518577389231049
-79.87115780253981,33.96668354368513,0,-1,2017,41,0.43367934226989746,0.4490122016749333,0,55.020057171132045,0.006156766230573404
-81.888464955132,31.985249601365897,0,-1,2020,135,0.38473477959632874,0.40870236286453704,0,70.4932803408998,0.014701263658683787
-82.68373168089822,30.50349550373697,0,-1,2020,107,0.0671471506357193,0.07998066229703814,0,1.8630081723602145,0.0
-82.31859608180753,29.474976729023645,0,-1,2017,274,0.32481080293655396,0.33216812168492715,222,33.03434734373819,0.0030927806532461723
-93.92399151663496,36.40851029167252,0,-1,2018,258,0.39547696709632874,0.3713593076217673,0,87.01860472445911,0.020793881629194082
-81.257138984754,32.548394265757786,0,-1,2020,112,0.18200038373470306,0.1627478081333405,0,12.657273429251305,3.4016950008371383E-4
-83.37872013079857,31.72847799870085,0,-1,2018,103,0.4895820617675781,0.4543913854475129,0,23.366039995587563,0.006023021567175073
-94.23224313841376,35.74362932759172,0,-1,2017,34,0.13098862767219543,0.13772425669135577,0,4.4235854795548155,5.836829884569007E-4
-83.14730780301414,36.21842685741344,0,-1,2017,57,0.41013720631599426,0.41462829736131807,0,89.05272795464072,0.00615098431164987
-77.80957966202102,35.096507729812686,0,-1,2019,82,0.4857613444328308,0.4817688199796023,0,135.26088916205688,0.04014253844358433
-87.26550050253938,33.8359833047157,0,-1,2018,307,0.6542279124259949,0.6446275938032574,3199,1256.9350779927693,0.4884343937581246
-90.58514685280518,32.235662238758,0,-1,2017,227,0.2987234890460968,0.33700039113105396,0,18.694349541735473,0.004116579389837395
-79.80088359758206,33.193665776530494,0,-1,2018,225,0.18699023127555847,0.1633800570146421,0,33.33826453912556,0.002831614391388498
-91.2519461720743,30.358059654559984,0,-1,2018,173,0.5437901616096497,0.6074723614309246,1858,585.5680867627543,0.2577875284245591
-82.89677197478856,37.848951253789934,0,-1,2017,113,0.29413267970085144,0.3078414956505401,0,54.810266253167406,0.006392838812909456
-87.33124976077322,34.22729734086273,0,-1,2020,66,0.12463226169347763,0.12684699738291477,0,2.2583725723794936,0.0
-86.74086872026506,33.65110392525492,0,-1,2019,51,0.46754881739616394,0.5346325292085257,0,522.4192273509445,0.12213526477033959
-89.8196087411407,30.250679998367517,0,-1,2020,25,0.3221278488636017,0.4460770198440277,0,119.32334865074412,0.023736628498115166
-83.84194496585762,37.803223752934514,0,-1,2020,183,0.335787832736969,0.3056107862316073,0,39.32830519318837,0.0019537105510363155
-91.02228236727072,31.905322428465773,0,-1,2018,101,0.2157503068447113,0.207869567161009,0,4.284544543408787,6.858728938209818E-4
-83.33810294912385,32.59296109774135,0,-1,2018,252,0.566030740737915,0.45173447386867205,0,25.16848156681302,0.003656981546678643
-80.70622074573164,36.389519395518626,0,-1,2020,112,0.6218532919883728,0.5734392209374302,0,396.0897942202653,0.13017064924254063
-84.64073536603694,30.36086149556583,0,-1,2020,72,0.10187894105911255,0.12095046793004319,0,4.8942539531453395,3.265439405690029E-5
-81.02380224020462,26.94672220922046,0,-1,2020,307,0.247501403093338,0.166478028961854,0,0.0,0.0
-83.45427240310403,30.494530203469253,0,-1,2019,360,0.4315660297870636,0.42958325638406536,0,62.11045135507373,0.022495581871060197
-85.45277937640522,37.52259773080638,0,-1,2018,312,0.20005331933498383,0.2592757673549264,0,4.05775455339105,0.0011014511619058106
-92.04234111092433,37.29014912485173,0,-1,2020,158,0.1962343007326126,0.19939657438969746,0,21.03984758134669,0.004095782991975817
-89.8014756854765,32.83335769238894,0,-1,2017,358,0.13342833518981934,0.1360294909893456,0,7.8388819026187475,8.540683626024147E-4
-83.57896894876039,35.868058104127726,0,-1,2020,222,0.6736325621604919,0.6464524228789863,1669,899.6294352729093,0.3462749381565837
-77.68861423077121,37.41551599415197,0,-1,2019,56,0.6368908286094666,0.6289744617741887,1483,859.7059761609102,0.4733240026615363
-89.03875216771443,33.91171896992108,0,-1,2019,11,0.5477637648582458,0.51867030639198,243,76.35217544788631,0.012395083612754406
-90.08279865750616,31.80576976356533,0,-1,2019,84,0.3196623623371124,0.2802502051248704,0,26.032904793572847,0.0034770645406593517
-94.48437875646522,33.726293466381094,0,-1,2018,116,0.1903975009918213,0.1671897883301967,0,15.382662002017144,0.0048159051604641625
-92.11048377535768,29.850800544864335,0,-1,2020,92,0.2670065462589264,0.29920115832633776,0,3.639057338813383,0.0
-87.98090211675547,34.10347490666012,0,-1,2018,25,0.5001206994056702,0.47325278783995806,0,182.95016562083384,0.0405453737522624
-85.47049631211803,30.190050550542768,0,-1,2018,47,0.12487339973449707,0.10850277203788669,0,1.746837357941115,7.385443862450875E-4
-77.49806106819807,36.00336092141771,0,-1,2020,205,0.4667859971523285,0.4253445342179689,208,67.54188782006831,0.012425387084713859
-82.10305169571771,27.65585601867573,0,-1,2018,39,0.9522218704223633,0.9436988688824562,0,24.429898765774503,0.01066477869741359
-89.45769909032427,32.56249456300327,0,-1,2018,110,0.30216559767723083,0.33089417239366614,0,19.758109705173254,0.009886797112614996
-93.21840882801652,37.224632162926085,0,-1,2017,109,0.6242295503616333,0.6847090684717949,182,1180.309970752125,0.4067853842871574
-87.16836425669938,30.82832120266649,0,-1,2019,95,0.359323650598526,0.24059976457829843,0,17.771267476015783,0.004363079878550091
-82.00266877733954,30.10890503042248,0,-1,2019,38,0.39059212803840637,0.3336064229698248,0,105.6611866677173,0.007482771388623313
-83.83411534582089,32.81016647820152,0,-1,2017,45,0.4461558163166046,0.4216768441231646,138,148.3745737284343,0.026762876530674478
-93.46017707357385,31.115193280529144,0,-1,2019,95,0.09641002863645554,0.14624956982799198,0,0.03134307190469436,0.0
-90.87510503540896,30.37719719373577,0,-1,2018,104,0.46081751585006714,0.4812011195985678,0,230.31528237841445,0.05849270837029402
-86.87514343585438,32.50073041334881,0,-1,2018,343,0.32065722346305847,0.30358737452410656,0,13.615376372214993,5.053554377574986E-5
-81.32076978234697,27.5768337926318,0,-1,2020,197,0.1221608892083168,0.1267668733662879,0,0.12296205715222201,0.0
-90.5868337136758,31.26440144649793,0,-1,2018,316,0.2832639813423157,0.3014916823392697,0,44.83071046070733,0.00550697613734279
-92.0013543876511,31.674835161669385,0,-1,2018,49,0.12612059712409973,0.1355128094495299,0,19.480099596570852,0.003127973873172419
-81.7454682175666,29.172464040143232,0,-1,2019,77,0.08727436512708664,0.12216417628634003,0,0.6099978568366912,0.0
-84.20556153484632,36.32810992172132,0,-1,2020,317,0.5363078713417053,0.5642805018815266,184,555.9924644970977,0.17480894709944275
-84.85176344139818,36.552132839022775,0,-1,2020,117,0.10627573728561401,0.1123955104518059,3,0.8341359487670821,0.0
-91.50223312860152,36.985410755920235,0,-1,2017,275,0.4315168857574463,0.35534666720566316,0,155.56269757971737,0.042957358973063846
-94.16036513068644,34.56269767756845,0,-1,2018,69,0.3500678539276123,0.35835756170529687,57,66.26721592037289,0.015088725110523771
-86.10681373505376,33.832224119314866,0,-1,2018,72,0.29407671093940735,0.305465372308618,0,30.1972454655762,0.0027790936365071845
-92.2463657755757,30.053983084203367,0,-1,2020,37,0.621188759803772,0.5879842348300011,0,90.13359324768977,0.016402821206724892
-82.69191421042933,36.997606004594,0,-1,2018,175,0.17479589581489563,0.15309102772611846,0,1.8668303460274138,0.0038272335475940727
-81.79526442033296,34.49181048476341,0,-1,2018,44,0.3058041036128998,0.316310164005048,0,18.233591135147403,6.234413965087279E-5
-81.0009466451322,26.15155283455007,0,-1,2019,263,0.021198533475399017,0.03637025111567372,0,0.0,0.0
-79.87922632487836,34.45791213750309,0,-1,2017,111,0.4342324733734131,0.4315803523286091,66,25.156354501873754,0.00585435146476291
-91.77471104197588,31.54963759053154,0,-1,2020,69,0.07069454342126846,0.17034613121581013,0,6.784913771368062,0.001086877567546482
-92.44302260873194,35.10445548144106,0,-1,2018,84,0.7229738831520081,0.7028570265385804,1616,1795.661130950317,0.7335041700253715
-80.96553376742597,33.68016469937108,0,-1,2019,282,0.3219670057296753,0.32432602518707987,0,50.09471507946762,0.007528254421206768
-79.75690489892841,34.66761927545593,0,-1,2017,194,0.4874055087566376,0.47545099095312077,0,36.15398991490702,0.004349246592349611
-78.64287853361056,36.17753178553354,0,-1,2017,296,0.34224969148635864,0.347483116396377,0,69.67676500252145,0.0033747279477659717
-92.9837892339273,30.058755223815133,0,-1,2018,145,0.11248764395713806,0.08964194922124524,0,2.289085694475086,0.0
-86.38261469039513,36.909241957335745,0,-1,2017,77,0.5287123918533325,0.5253153734701224,42,181.45922783305969,0.04439308328496025
-84.17522990153196,32.557172925932036,0,-1,2019,6,0.35513994097709656,0.33547671458889433,0,13.219314474824667,0.0019181125772240117
-84.92137417332819,36.23501872916844,0,-1,2020,192,0.3490707576274872,0.350520671322487,0,93.43595820792034,0.0179838461257329
-84.18446002156942,30.249004135743238,0,-1,2020,85,0.4131026268005371,0.3836286303684342,0,77.96945542338801,0.020983987068072227
-82.5290759475235,32.58072690760918,0,-1,2018,69,0.17584779858589172,0.19833883463419935,0,21.77921140627609,0.0036945779932355044
-83.65647931769368,36.083311972608655,0,-1,2017,261,0.4327201545238495,0.45478194957408474,0,118.66688203017402,0.020214043413028102
-82.72518887276355,34.56592574391285,0,-1,2018,104,0.5797753930091858,0.5825181482230483,74,388.1875864720656,0.11528628723596021
-84.63783695902275,33.092107346360486,0,-1,2018,232,0.18729262053966522,0.15656436222826378,0,14.712047577625654,0.0
-91.32783076037263,31.95439219240148,0,-1,2017,55,0.4414682686328888,0.34251154626656094,1,2.1964934066211157,0.0028673373229056763
-83.59917923192005,35.40170677994577,0,-1,2019,66,0.12114547193050385,0.11899444180026666,0,6.793946251233093,4.550713459313534E-4
-87.6625588695604,34.10791538581138,0,-1,2020,123,0.139480322599411,0.14383275369283943,0,35.83675939408838,0.005637992368405091
-88.64243995496959,35.331065628391606,0,-1,2017,51,0.370662122964859,0.3713021178198984,0,61.38955881518647,0.010925044670770533
-80.93714128322446,33.25930223895955,0,-1,2017,342,0.1834859848022461,0.14417015002241987,0,9.842719542099259,0.0017290351192110315
-77.18908226760139,35.189005350238126,0,-1,2017,264,0.4458889961242676,0.39806788219547107,0,72.5752836611195,0.014885250213717366
-92.85539385687566,33.68442497699341,0,-1,2017,264,0.10168617963790894,0.11635133329950445,0,1.9746633174381558,0.0
-79.33146427739236,35.1336458380365,0,-1,2017,15,0.16447094082832336,0.19175878875191743,0,0.6437242752960902,0.0
-81.76723552454894,31.279560834170525,0,-1,2017,79,0.32448193430900574,0.3270210225695294,4,63.194029474427346,0.0027903969047515533
-87.8730783522131,30.620548576668437,0,-1,2017,38,0.6607464551925659,0.6473893269651618,2495,763.7198324497751,0.29183552925832473
-93.07799980046926,30.916881726057447,0,-1,2020,31,0.13019157946109772,0.1333726763596138,0,16.018866794630565,2.933961418407348E-4
-79.4512750535124,36.955070661501,0,-1,2018,71,0.3378070592880249,0.3635306869211197,0,39.48353283033613,0.0012709177137630529
-81.36752338231815,37.37597264947526,0,-1,2018,56,0.34699195623397827,0.2692054317055289,0,35.981369474430686,0.010555456785106547
-84.04698381112317,36.11429759525905,0,-1,2018,106,0.46365857124328613,0.48175226822123285,74,107.19132794573743,0.01673627070187474
-87.79723882027349,37.49764476074899,0,-1,2020,259,0.6867644190788269,0.6624879966736894,0,32.594505324798526,0.005856519077326286
-85.38228345328878,34.64981494301374,0,-1,2020,53,0.10539127141237259,0.159607495002147,0,1.5219833210415845,0.0
-82.86062850729793,32.53835507524417,0,-1,2019,74,0.5476373434066772,0.5623522580583921,252,431.6770735827588,0.10948046093851599
-91.47896934802372,31.538067657750922,0,-1,2017,68,0.5019986629486084,0.36928134245394345,0,23.58215747887558,0.004361407756496172
-88.37039369698103,34.48873801535183,0,-1,2019,81,0.1968935877084732,0.20608785140875285,74,10.149468906609506,9.27877655302548E-4
-82.04260557342533,33.128571160096,0,-1,2019,82,0.4373815655708313,0.4153199707185611,561,76.18720866832865,0.011684740897131729
-77.90464432350213,37.057497908124155,0,-1,2017,192,0.24139724671840668,0.21010251941586927,0,2.2497675664602337,0.0
-81.99237580302615,36.331333225055246,0,-1,2019,132,0.157952681183815,0.21341644423569062,0,28.962009877305853,0.004886001822332794
-82.56784433950617,31.65178127153965,0,-1,2018,193,0.18746094405651093,0.2455379003711965,0,9.306595269912508,0.004021292365743548
-77.48087542977154,34.734769626326866,0,-1,2017,123,0.5611067414283752,0.5816650310832578,1834,582.1358663619886,0.1997386608536252
-88.19561794141806,33.92961684082496,0,-1,2018,9,0.1664896160364151,0.1574026308955516,0,21.14064676773726,0.0012151177407190151
-80.32517955075652,36.35789910578761,0,-1,2018,251,0.45294713973999023,0.4400125909211962,58,180.07422255420138,0.029594862054911606
-87.56551961276405,37.015882613377414,0,-1,2017,3,0.2662654519081116,0.27485753089097714,0,36.755024662369806,0.005654412889410084
-79.52754594931395,33.91780692325859,0,-1,2019,141,0.43760836124420166,0.3836515614782115,0,45.83758253880706,0.005421260080937121
-94.43380859978114,33.537595559054566,0,-1,2017,12,0.15596671402454376,0.20369765656566322,0,0.03455981542883797,0.0
-94.1875699053625,31.048501714195268,0,-1,2018,357,0.2345249503850937,0.20688254172513607,324,22.71538114853557,0.0
-83.10516276749713,37.12376903121815,0,-1,2018,105,0.26528143882751465,0.295216603711008,0,46.24452792844468,0.013428710695756253
-92.08777408639614,34.03712601278096,0,-1,2020,85,0.1898796558380127,0.20148921280817012,0,44.50964120472509,0.001247464449883902
-89.03063810687571,34.368722640995266,0,-1,2018,59,0.48903003334999084,0.4768397813148311,0,193.4611505598997,0.038412685349025324
-82.25784761387884,26.95188828713591,0,-1,2018,224,0.5989621877670288,0.6158634718969517,0,558.9534691690699,0.26723288750738694
-84.80428933368754,30.62244541794074,0,-1,2017,63,0.29040563106536865,0.270378918694011,0,17.045067590354233,0.0026041595728742463
-93.24625876215657,33.076245470101775,0,-1,2018,113,0.11507205665111542,0.1453875979045092,0,4.240356644216193,0.0
-85.40442408703014,36.73711844973454,0,-1,2018,0,0.1735994666814804,0.19687895732064273,0,18.150514521644592,0.0
-81.37306368371691,35.01822478506446,0,-1,2019,105,0.32204535603523254,0.3254211227170193,0,35.27215997730815,0.00424287553714649
-88.65355881653974,32.666069253415046,0,-1,2020,184,0.18583156168460846,0.1501227364495552,0,9.891006568413621,0.003390129118539736
-87.94728751156084,32.73506868421401,0,-1,2019,186,0.13236720860004425,0.12383384239715585,0,1.2023525110470943,0.0
-79.65545492179311,35.97740900650571,0,-1,2018,68,0.41308942437171936,0.43927602392725806,448,169.34760408360108,0.01862631889082372
-89.52597414750545,36.06331722039757,0,-1,2017,100,0.6004568934440613,0.5326253644306744,0,1.4974532892912065,5.095580348384827E-6
-82.73526215336261,35.92060734460856,0,-1,2018,245,0.17226353287696838,0.18132756581618495,0,44.69033083611999,0.0025404174786868698
-86.96327432580036,36.34452777658802,0,-1,2017,307,0.4402134120464325,0.4771341713350651,0,147.01517930873632,0.02932596880432654
-81.84344585551658,29.81490146132193,0,-1,2018,105,0.2713201344013214,0.2473353047228701,0,29.725087459421978,0.00555792363944354
-90.6054892284442,30.50856807763405,0,-1,2017,42,0.49508512020111084,0.5037503043968348,0,236.68500611455013,0.06013582221799329
-92.44784748700967,37.15089936131668,0,-1,2020,45,0.27666720747947693,0.27676224330502663,0,19.95435434867567,0.0027341649436125825
-92.27360053296684,31.28863748892001,0,-1,2020,163,0.3502776622772217,0.3260434467190509,45,56.43739204982412,0.004315267399745489
-82.96275215722343,36.955254300181515,0,-1,2019,19,0.3801667392253876,0.3210652711186438,0,88.51405931356635,0.03960186852798022
-80.45715948164309,36.7100193499119,0,-1,2018,71,0.28620263934135437,0.28216846982393967,0,55.35684838246048,0.008400896707736015
-78.83861657972066,37.21329966071826,0,-1,2017,122,0.2772600054740906,0.24787281911189862,125,17.471979274023514,0.0013745341786592885
-81.20341272233291,27.606215916947523,0,-1,2017,18,0.11970344185829163,0.11678147547470084,0,0.09644265286633234,0.0
-82.29691489012693,36.033009972693826,0,-1,2018,66,0.21170005202293396,0.20853618252892073,0,34.20771980030763,0.002180754012997397
-90.64217884586303,33.13629734427882,0,-1,2020,268,0.13203515112400055,0.27716835188336275,0,3.6601601775127413,1.47861812574591E-4
-91.51964919100276,37.263016480624295,0,-1,2019,25,0.06656020134687424,0.07485675391371031,0,0.0,0.0
-89.2387032584121,36.38749124459274,0,-1,2020,106,0.35724401473999023,0.384995117497398,0,35.19865045021761,0.0035362465269007325
-88.31431284972295,36.9316337069484,0,-1,2019,35,0.46951213479042053,0.4692679157935719,0,110.39592433611303,0.022137388634156003
-84.43986121599224,33.478219438997385,0,-1,2017,62,0.6968548893928528,0.662615999036678,3221,890.8761440998495,0.34305437084413265
-91.16027849903952,29.966208176355508,0,-1,2019,26,0.228340283036232,0.25337760872361526,0,0.0,0.0
-84.75411343672498,37.50464634431199,0,-1,2020,76,0.35522520542144775,0.39007205192505784,0,33.773392462595076,0.0020725388601036273
-89.81872396248755,37.56367428974095,0,-1,2017,59,0.3892074525356293,0.3907129972842668,0,64.09286544989239,0.01715728276521788
-84.9633970841986,37.87424127574773,0,-1,2018,296,0.376234233379364,0.3580109140180712,0,44.28670217795567,0.0047949801690637395
-81.2673927443544,32.37727530657427,0,-1,2017,259,0.3931252360343933,0.3679744988530598,0,94.6658891981253,0.013653217484568684
-84.81343531069211,34.983590325529065,0,-1,2020,158,0.32731524109840393,0.34292252363298853,0,90.37297569893154,0.016938215416383517
-93.95104619066514,30.423445487106346,0,-1,2020,61,0.42933669686317444,0.4272887934870791,25,278.06189329568105,0.07040731211597866
-82.82334981750581,35.41638703360487,0,-1,2018,267,0.17753644287586212,0.2451479584033776,0,64.62050163576879,0.011274605466869628
-88.60412923128582,32.734791917238304,0,-1,2018,7,0.10957930982112885,0.13540965562499221,0,7.821993753171477,0.0
-82.26799370849355,34.70241667662677,0,-1,2018,221,0.691973090171814,0.6673089449774076,1114,1238.6869265657454,0.5190210084714196
-81.32485714121582,28.612788329469957,0,-1,2018,103,0.8317510485649109,0.8348874630315403,831,2358.5958276338083,0.8482844177255766
-87.06984781863937,33.73108317593312,0,-1,2018,177,0.48231157660484314,0.4712242796988617,41,217.6736576678802,0.047458432169726186
-89.00410934583991,33.81091351926634,0,-1,2019,133,0.3155762553215027,0.3252204360418504,3,14.344197759665152,0.0010933069117496322
-86.17490016392328,37.4487042244409,0,-1,2017,190,0.437850683927536,0.4075988823813334,0,76.66623169905284,0.015920089404720398
-89.93961579380054,36.50556608709997,0,-1,2019,36,0.6002670526504517,0.613462944314306,0,6.744453934326515,0.0010554571702584346
-80.20397900124361,32.98705600093721,0,-1,2020,75,0.7168344259262085,0.703643134248608,333,1074.5097180856924,0.5376936137773313
-82.55025951452595,35.94480186554601,0,-1,2020,277,0.35036560893058777,0.35975301662729536,0,33.146027683929184,0.0018333469705028016
-88.35617077841007,35.96701776655848,0,-1,2020,111,0.35815709829330444,0.3315016128364185,0,9.865757491710902,0.0011877303622194468
-80.72833462097697,27.749252725513713,0,-1,2017,125,0.042175713926553726,0.039395021765458615,0,0.12595536533170285,0.0
-78.63018503754206,34.167220590819326,0,-1,2018,101,0.2525239586830139,0.3320129298780134,0,5.143027342211017,0.00152611911046071
-76.25440917239628,36.256986288092776,0,-1,2017,32,0.656624436378479,0.6510564680039036,0,152.8724387361122,0.038220698318224534
-80.35400615540897,35.184677383511655,0,-1,2019,96,0.4841662347316742,0.4783265594883536,0,61.38624200208025,0.011831962024486962
-81.57246510426438,33.667733320470916,0,-1,2018,76,0.3278352618217468,0.3224600786458678,0,34.26338929738689,0.007733278434974478
-77.28876901030067,34.83143313557352,0,-1,2017,83,0.22823745012283325,0.268390796124083,0,14.362255028649601,0.003710386474689584
-88.95750329485038,31.785714699730924,0,-1,2017,323,0.3606700301170349,0.34837789403433533,1,80.89954333582308,0.0035142943383208993
-92.56580973352452,37.30610929105854,0,-1,2019,79,0.349305123090744,0.33888482376208573,0,47.745443428546224,0.005079544965862321
-94.35110890522645,32.82865179516749,0,-1,2018,67,0.3092162609100342,0.3158499916700589,0,41.87678076147252,0.005521071109153284
-88.68637742809071,33.00978153281098,0,-1,2018,106,0.12565924227237701,0.11742552525739516,0,5.75128831455362,0.0
-91.07611426705472,30.332287756658157,0,-1,2019,256,0.46641701459884644,0.5006001376115534,0,40.57946261129935,0.010958428511202278
-91.63036020064345,34.20884690733746,0,-1,2020,10,0.032843876630067825,0.16315090038088656,0,0.0,0.0
-85.43857899344741,33.91691038830943,0,-1,2018,65,0.0601758174598217,0.07822493134877188,0,1.0986667927382752,0.0
-84.09640856247199,35.444115343571276,0,-1,2020,297,0.12216762453317642,0.11275062233695345,0,0.21619023606164708,0.0
-88.70127569806121,32.147414549736574,0,-1,2019,349,0.3063142001628876,0.27146758151625966,274,22.534693440158353,0.0050476210998103765
-90.11451479534469,37.4442518309584,0,-1,2018,71,0.16994954645633698,0.1846940294646398,0,11.927944226271892,7.022172509699374E-4
-79.9061672946677,36.92661986738633,0,-1,2018,316,0.4038209915161133,0.39362176940718846,0,102.53537400600736,0.01807425950392364
-90.86979393647684,31.961387434171087,0,-1,2017,84,0.295308917760849,0.27769382624431893,0,21.094345985709744,0.0026173096416752923
-94.30194832156911,36.11978374544393,0,-1,2019,113,0.4339301884174347,0.4234408438328655,0,119.71193935764491,0.03216154778609183
-81.67453451982063,34.603556067122845,0,-1,2019,10,0.08583188056945801,0.08378755017544669,0,1.0777942024691671,0.0
-90.79140536690609,30.544562706150852,0,-1,2020,310,0.3566494286060333,0.34882019095662675,0,41.85706721632327,0.0028499865721786505
-83.81208334416624,32.39194343989301,0,-1,2017,67,0.36392441391944885,0.3902864012889518,0,63.16627478914261,0.009364830759492643
-94.29154527470037,36.0839123203596,0,-1,2019,10,0.4780139923095703,0.47606674909807584,0,216.04108345599008,0.044782843511087723
-81.42795648861217,36.66085112839971,0,-1,2019,43,0.16248434782028198,0.18080434076232801,0,22.315724614385754,0.002584609134993779
-80.7112851340039,34.58000444581071,0,-1,2018,313,0.3266199827194214,0.32932188047058614,0,42.313740198179595,0.0028520824108561453
-91.97224412471215,35.214490849104074,0,-1,2017,92,0.3681999444961548,0.3654206115744258,0,74.76016629159655,0.01553775635324515
-84.89131922890371,31.834915379355017,0,-1,2019,72,0.10557721555233002,0.12606508155433396,0,18.936989012790065,0.0032461750182141997
-90.78537533062729,32.60437811148856,0,-1,2019,90,0.016711439937353134,0.017587156264953444,0,0.0,0.0
-79.46221036853713,37.47304718967466,0,-1,2018,194,0.28298822045326233,0.24044253415958425,0,56.196814881117504,0.006203320079673815
-79.92246954379966,37.38148160996649,0,-1,2017,82,0.44884297251701355,0.5324827366874735,0,259.431484592425,0.06875603082495071
-93.98798001070816,36.96314300820319,0,-1,2020,328,0.4781021773815155,0.48140833538569905,1809,173.810741728283,0.03829827227017116
-88.13729995373909,34.939720562604776,0,-1,2017,90,0.10042547434568405,0.08969153368171819,0,0.021699254944971828,0.0
-78.04954788751556,33.986717245789,0,-1,2020,297,0.2613288164138794,0.32388406429817945,0,24.665251486097187,0.005895176313599069
-77.53878693025963,34.63469179159994,0,-1,2020,274,0.014667751267552376,0.07169545549919776,0,0.08945664747171972,0.0
-93.51417912744625,37.57026384945475,0,-1,2017,169,0.25776854157447815,0.27747882252342215,0,19.10832122585464,0.006699972988051633
-79.9826709195999,36.46607359701364,0,-1,2017,63,0.3800336420536041,0.37021229577465464,0,79.99016610457969,0.0039133791044470905
-84.49511615217631,36.21253118298633,0,-1,2020,222,0.07348691672086716,0.06847516938913331,0,0.1837914330468438,0.0
-88.6181803648018,34.19969895019636,0,-1,2017,276,0.3849828243255615,0.3835451225538564,0,41.261623802319725,0.00459211734767723
-75.95306280933842,35.58501646820211,0,-1,2018,132,0.313194215297699,0.2571582580367878,0,2.85431887090979,7.898468774121745E-4
-76.88512471093547,35.631776307171954,0,-1,2020,37,0.1792919784784317,0.14762220041699148,0,2.028106247793858,3.2056624822085706E-4
-89.77790806810376,31.213089994770954,0,-1,2020,109,0.41167399287223816,0.38852397857421167,0,93.99668740583847,0.004575759395868712
-84.54139968914873,36.576714602380996,0,-1,2019,121,0.22056159377098083,0.18635170769522102,0,26.149719018787753,0.003953936889671423
-93.9831644189365,33.35144616362436,0,-1,2018,83,0.42227616906166077,0.4321651855687788,0,134.3485478355421,0.02733601129560104
-80.75766275661145,27.643340035721266,0,-1,2018,141,0.12001540511846542,0.08981355693734204,0,6.388986939639958,0.0
-86.89771071740071,30.70691494603873,0,-1,2020,190,0.09289576858282089,0.09368525923067021,0,9.307463439233482,6.511935835725566E-5
-85.49924075316291,30.37403549108279,0,-1,2018,45,0.012379912659525871,0.06765727070517986,0,0.06125471953809981,0.0
-82.63327951032913,37.4507446364028,0,-1,2020,110,0.3211575746536255,0.33634567541240157,0,81.69560188468145,0.010517936037433506
-94.11308364578308,34.248859314884506,0,-1,2017,90,0.15575221180915833,0.1529081317328975,0,0.7924446237440275,0.0
-83.42511961060657,32.38556721899335,0,-1,2020,203,0.34682804346084595,0.4012617848732325,0,17.173634859349143,0.003536769000755582
-83.83077493121662,34.164024958791494,0,-1,2019,195,0.5793550610542297,0.5451278098350277,0,285.0043242289194,0.08573962088614934
-81.9292778541147,36.06207867669413,0,-1,2018,73,0.43370601534843445,0.40806898159866073,0,175.63003876579788,0.03090896027207332
-88.3190476130864,32.45498728823054,0,-1,2020,280,0.08686546236276627,0.17005361758531556,0,6.791438558006573,0.0
-83.5152656549932,35.2305883050082,0,-1,2017,264,0.12113623321056366,0.12933608774704353,0,20.112462849092452,0.0
-87.9456609923085,31.266697432453455,0,-1,2018,322,0.03299654275178909,0.11703543966167894,0,0.2065996407072394,0.0
-94.11040998848793,30.750354003694795,0,-1,2019,189,0.103882797062397,0.09611926397943514,0,3.705738859665987,0.0
-92.534858012808,35.27709500389765,0,-1,2018,92,0.37170860171318054,0.37102522630229834,0,43.18314817441185,0.00497624854231759
-91.61120963867978,31.83101390958127,0,-1,2020,69,0.29582613706588745,0.3479206574003814,0,15.923517917362673,0.002527075812274368
-88.60235393062463,30.90652964346658,0,-1,2017,222,0.6142561435699463,0.5587551946590089,1970,461.7827227111127,0.1763938381246036
-81.7395658608597,35.86776279457542,0,-1,2018,343,0.22287344932556152,0.14960712647476015,0,9.602483042941078,0.0
-77.47758974486656,35.071354060914445,0,-1,2017,22,0.27579188346862793,0.3727820490737402,0,26.81918977352237,6.50487090928803E-4
-80.94818315249786,26.51241458343273,0,-1,2018,347,0.33907413482666016,0.33309722868176256,0,6.792798698924593,5.19631626362268E-4
-90.76176445165643,32.96237332473614,0,-1,2018,154,0.50594562292099,0.44712980954446135,0,21.237393474862593,0.0059968535850465285
-84.56130067038937,29.953336047812176,0,-1,2018,139,0.04651407524943352,0.059709836106547155,0,0.5897924000844647,0.0
-83.29669867071007,32.85061430401311,0,-1,2020,134,0.2923806309700012,0.28048016184708513,0,18.485553450813647,0.00213886935583541
-92.20404136573609,30.070557835910233,0,-1,2018,215,0.6243565082550049,0.6209826553289569,0,128.18886104675903,0.02231898911938662
-92.59752398361513,31.110120665828795,0,-1,2019,155,0.0680752620100975,0.08109979965855801,0,0.3624406664271261,0.0
-82.83102138155465,35.3721437482683,0,-1,2018,207,0.09223759919404984,0.10908495375632367,0,1.2178875010637191,0.0
-91.0984209785995,33.9636265378415,0,-1,2018,36,0.00678446888923645,0.024900333957812777,0,0.3389210347174948,0.0
-94.34652320417024,33.5632381423325,0,-1,2019,24,0.11585406213998795,0.13275328987054733,0,5.177803201497685,0.0015128553236721084
-91.79440039601835,30.1547827259874,0,-1,2018,82,0.6166386008262634,0.618750968852069,0,102.66853666992344,0.04536720237943625
-79.28993041402806,34.14692014035456,0,-1,2017,40,0.4511391222476959,0.4620583988373684,0,46.746587366875005,0.00853445464596197
-80.45254409367183,25.737428972762245,0,-1,2017,305,0.4444984793663025,0.6588551518212441,0,1385.4999164751905,0.4219450745574151
-80.63732670482308,27.405270508706536,0,-1,2018,181,0.10209488123655319,0.11509324744787637,0,0.2579889750725699,0.0
-84.94749397689536,34.82535343666234,0,-1,2020,324,0.5810234546661377,0.5995808681771867,943,614.8600896974051,0.2462865191626584
-86.97201660843726,32.68864125385498,0,-1,2018,122,0.07277698069810867,0.09872566421621777,0,1.038117871022034,0.0
-84.91030493609469,32.6226785332015,0,-1,2020,82,0.5613807439804077,0.4832774989424223,740,291.30095407396203,0.05027507952779717
-79.46033963001544,34.335057532212886,0,-1,2020,14,0.5338100790977478,0.48867320016920557,44,143.8739390386501,0.030333651352477144
-85.42679069049862,30.285519124762196,0,-1,2018,78,0.05146960914134979,0.07799941146307912,0,8.538478508890803,8.807305428081397E-4
-90.69069454666254,30.323349830628217,0,-1,2018,72,0.339301735162735,0.340758420544136,0,58.08764260951783,0.01726231783483691
-90.90987111530039,30.153338794307064,0,-1,2020,47,0.6530298590660095,0.6349321598803827,0,473.4659232737866,0.182775935803181
-76.64030441249633,36.758513232585564,0,-1,2017,217,0.5073949098587036,0.5430040323992792,0,163.51745820620792,0.03811490096865114
-93.41662933685313,31.491775545182474,0,-1,2020,121,0.31609421968460083,0.3041505136352082,0,76.8729951622308,0.01799821523401784
-90.18867493537239,33.13208555096798,0,-1,2018,168,0.31564560532569885,0.23792185668219978,0,10.04232712510283,0.003450339473154612
-87.42369336129461,31.00196078574091,0,-1,2020,259,0.5922342538833618,0.5415954687368609,0,58.10288032121936,0.00811137349662255
-88.35430920838827,33.20370394913093,0,-1,2018,295,0.40806886553764343,0.4053017915647663,0,15.213519800295012,0.0021884794836672127
-81.62668132255476,35.92633562467073,0,-1,2020,12,0.36820197105407715,0.3660080443857993,0,77.22631114473025,0.0045071899186958425
-82.66717835102406,37.454492704681485,0,-1,2020,330,0.34893643856048584,0.3379795110720044,0,105.88513492218574,0.019547827344744827
-83.90619972214742,30.853737794284815,0,-1,2017,108,0.4811670482158661,0.4516963615996107,650,174.39251744416924,0.05395774932809288
-91.01929613121014,36.39438319265117,0,-1,2018,346,0.22944651544094086,0.19933632218412717,0,39.069442868489716,0.004260528642918117
-89.13323284706446,30.724292760749446,0,-1,2019,53,0.44136565923690796,0.44350056833752793,0,172.4654487688641,0.032082986700703114
-93.00313942072114,36.067419476202446,0,-1,2019,283,0.19398048520088196,0.1990827880760479,4,33.91863594818619,0.004816780246584268
-86.79957524505336,35.003798685343824,0,-1,2018,344,0.49745261669158936,0.5256584222295737,0,98.52079649783005,0.019762300712673486
-83.38633813861814,35.46917108179694,0,-1,2018,146,0.36612871289253235,0.3653850258336369,862,116.52954006070333,0.011075008605492898
-93.42811639868967,30.133182257496035,0,-1,2020,269,0.4107850193977356,0.4045379363643817,0,112.30894455003042,0.018747190042216515
-81.83589658249437,31.978597916475145,0,-1,2017,22,0.028587117791175842,0.04169902092472488,0,0.0763528399474276,0.0
-77.61706730894468,37.42275863962247,0,-1,2020,80,0.715379536151886,0.689995923960767,548,946.2518611673192,0.33342379540065
-82.84480430521587,29.44020200609798,0,-1,2020,288,0.3126883804798126,0.3140450819793044,0,28.524570322718926,7.452220541729685E-4
-82.05644034658988,27.56720169059092,0,-1,2019,146,0.3001333177089691,0.3250207175106747,0,4.206716904777665,0.0010487896966900193
-86.10697625337428,32.79665459351497,0,-1,2019,60,0.1544310301542282,0.18451440345730816,0,29.507718539623323,0.0046863715393874565
-88.27154102472011,37.56458685301502,0,-1,2018,353,0.09359915554523468,0.10860341578715293,0,15.380631496668538,0.0022445366223109446
-92.13953396921609,33.65370887707535,0,-1,2017,310,0.09944460541009903,0.12189030558919893,0,7.8621571025162655,0.0025395033860045133
-91.5781413290904,36.46995480242731,0,-1,2018,97,0.2230028212070465,0.23343580729878824,0,20.095058903617428,0.0016832025022087277
-92.33142851183361,33.96450849368679,0,-1,2019,73,0.05720285326242447,0.053632120448274326,0,0.30539595894015953,0.0
-84.40558181797775,33.709264561363014,0,-1,2017,54,0.7995722889900208,0.8464889941096302,2352,1624.5235494342717,0.8043564107313207
-87.63693588257314,30.46732869571195,0,-1,2020,45,0.5141667723655701,0.5153303030264025,0,33.40052886539778,0.008795502505935108
-92.23115404094207,34.91001617004493,0,-1,2020,163,0.43721216917037964,0.4440597081368229,41,165.84260724304218,0.03211524890726578
-84.38202974320755,35.040545638578884,0,-1,2020,39,0.5375272035598755,0.4578152066004261,289,157.27423243851473,0.05103766037756587
-90.74424803087318,32.090416373899735,0,-1,2017,262,0.12489834427833557,0.12118139741266853,0,6.935450015600921,0.0016713718641688945
-87.67899274087546,31.391387427372347,0,-1,2018,70,0.09832131117582321,0.09751813440538587,0,2.9476728243500077,0.0
-76.40488070055169,35.597827304751824,0,-1,2019,295,0.17695821821689606,0.3742872975353741,0,15.369931357037961,0.006753784448182173
-93.37493209842036,36.335216462513145,0,-1,2017,65,0.3758738338947296,0.3879117340947258,0,94.72363556129929,0.03359421844920627
-93.72411208567729,30.70707878288105,0,-1,2019,223,0.09944934397935867,0.09724149552560653,0,8.39221105844385,0.0018265138048565693
-86.94964265010037,32.69586264676464,0,-1,2019,357,0.1981794536113739,0.19909938690244372,0,5.184643994074449,6.373943319709032E-5
-82.0290677656977,31.85772723362979,0,-1,2017,62,0.11815160512924194,0.11602893637792994,0,0.6220805991036142,0.0
-76.60495933894515,34.91036021560677,0,-1,2017,17,0.5472767353057861,0.42937715908789337,0,0.8246615925243067,0.0
-86.62492198034542,31.614489468926187,0,-1,2019,329,0.15445278584957123,0.15348875867034803,0,35.11021668899221,0.007450068258366737
-94.45053657952195,35.43398926777503,0,-1,2019,246,0.5935155153274536,0.5006927029978026,0,41.71240682667004,0.008599746474000672
-86.12543472860956,31.264254640598594,0,-1,2019,2,0.1577383428812027,0.22663259068343117,0,24.788475236540375,0.0039770288551915995
-88.28448915488578,36.670030727651195,0,-1,2019,81,0.591468334197998,0.5643193343081863,0,122.00253391953862,0.020285674649188675
-89.44526165148585,31.932283245920367,0,-1,2020,122,0.3057015836238861,0.2951939094790145,0,79.53584035096564,0.013723636952823307
-81.94397378253704,34.95286552379422,0,-1,2017,279,0.8320959210395813,0.796860445624049,2237,1660.15542548799,0.7789061646579033
-82.12420235997895,32.35937525555037,0,-1,2017,22,0.4001372456550598,0.3905531216915222,4,29.065263025183583,0.002168751285359059
-93.8683794682195,33.994061957637705,0,-1,2018,295,0.3960159420967102,0.3900107708084894,538,113.64406785002897,0.029523402171953955
-93.64330164348077,35.30446018963036,0,-1,2017,194,0.4720545709133148,0.42940247061696857,110,208.1567228864018,0.04214115556330841
-83.39233485503857,34.62225429806302,0,-1,2018,138,0.3531860113143921,0.34986954869706904,0,41.203424126475824,0.010099525469281478
-85.53425564468738,31.164845464289222,0,-1,2019,80,0.5013689398765564,0.5206782508325974,51,75.41680139932875,0.00859565028798585
-76.7576508381575,35.063588507323814,0,-1,2020,139,0.016005942597985268,0.11977943579603542,0,0.24189964733801658,8.259215477769803E-4
-80.4994902669269,37.27630509448285,0,-1,2017,84,0.21710467338562012,0.2658819090843734,0,38.061478044906124,0.00870816968490643
-87.66080507613933,36.67308262303482,0,-1,2017,97,0.5666857957839966,0.4878978665773482,0,90.63178995807988,0.019756410657816435
-90.93908540922739,30.524404861904532,0,-1,2018,305,0.5870715379714966,0.621550593060591,0,640.7542753764784,0.28484516287177253
-78.94326921830205,34.75945725695238,0,-1,2019,164,0.45997291803359985,0.49867739109164005,0,111.68939814172793,0.02146315337338727
-93.84014517072093,31.46481843488948,0,-1,2018,188,0.12358283251523972,0.1140119977649587,0,4.204421178035307,0.0016276682036094354
-88.15573122636478,32.587741095422025,0,-1,2020,70,0.27887195348739624,0.33729309480259456,0,53.95536085723288,0.009359866848432536
-80.19878039564075,32.904551772787784,0,-1,2018,353,0.25812026858329773,0.2527314133503691,0,1.5703831171287026,0.0
-82.18668111799734,35.52372445145516,0,-1,2018,63,0.1896558552980423,0.18315590015725391,0,31.603075497506925,0.0017480764732043018
-91.37560092039801,33.33869635773321,0,-1,2017,268,0.4767320454120636,0.5029454272684156,0,0.12296321976740522,0.0
-93.8520685402131,32.605133093717704,0,-1,2020,112,0.5475903153419495,0.5184843250414806,693,456.71594669725977,0.14680781224355782
-89.14189961974031,36.95474274083164,0,-1,2020,43,0.6134825348854065,0.5726668909676732,0,4.280310002269233,4.032166609124288E-5
-93.29570771838848,36.97640154790556,0,-1,2018,277,0.44247421622276306,0.44365345646099047,0,144.32223272818962,0.020197686120624423
-93.44732997104073,36.85470779956365,0,-1,2020,356,0.21834900975227356,0.2473097436742502,0,23.912891513864107,0.0015346962717246752
-86.7453091972639,30.56763324538148,0,-1,2019,43,0.13105124235153198,0.13897632436338622,1,9.691871056397073,0.0014598699487817597
-83.63250252144384,31.331121056664134,0,-1,2017,4,0.44224774837493896,0.4311090544590004,0,46.585413974597365,0.010030460853834418
-79.70391310733928,33.34339480425612,0,-1,2019,110,0.04014365375041962,0.05494596186612607,0,1.3708172199582072,0.0
-94.33301303187658,30.61894331469828,0,-1,2017,128,0.1732475459575653,0.18453237389807287,0,22.538675617750883,9.856550533149783E-4
-83.17959139045318,34.83354356660727,0,-1,2019,357,0.1322261244058609,0.17298709928037442,0,5.868064573063882,8.029527941462157E-4
-84.87463449717517,32.95310562320229,0,-1,2017,267,0.23483480513095856,0.26905220807177443,0,34.184863832482925,0.007316337305777647
-86.06561599286971,32.008449792335135,0,-1,2017,44,0.18124446272850037,0.18861365458233192,0,18.76754703898642,0.002979755349223575
-85.67964724935504,34.577614258256325,0,-1,2020,268,0.3960522711277008,0.3978076551095978,366,97.97545031912384,0.009637735908661325
-80.74143373913927,26.085611432904972,0,-1,2020,132,0.14636971056461334,0.1425221364074973,0,0.0,0.0
-89.83896596066724,34.70110401237872,0,-1,2019,192,0.4655490219593048,0.43400975112914475,0,54.73818311328516,0.005505414925733292
-85.74098511601254,31.120879183881925,0,-1,2020,32,0.5592639446258545,0.4911477498456506,0,44.54203357138803,0.006603783818966827
-91.81956651528905,32.52152990859639,0,-1,2020,11,0.5111470818519592,0.5054209274214666,570,20.362136999426376,0.005260430232839155
-93.07160265039073,32.55180033805856,0,-1,2020,142,0.29765671491622925,0.3207313839583307,0,73.58889400166407,0.02158289284263634
-87.9743418063129,34.803071301759445,0,-1,2017,105,0.6039668917655945,0.4631034313327516,0,28.949400521943033,0.004571861251452371
-80.93208835697938,37.304182110025636,0,-1,2017,255,0.11722653359174728,0.1306155638240459,0,2.6581238337788076,0.0
-85.32254122124179,34.76131376453988,0,-1,2017,329,0.3105861246585846,0.32265144061763745,0,11.948727484753451,2.486743842071044E-4
-92.3855455579576,33.267414302682106,0,-1,2020,126,0.12084199488162994,0.08928618552696656,0,2.805748253114766,0.0
-87.57105681222684,36.76538045053799,0,-1,2018,356,0.4676339030265808,0.5329342016361012,0,35.710501019562365,0.006815663001343214
-79.54587763843402,34.61058050160145,0,-1,2018,84,0.44801175594329834,0.47778718551851657,0,20.03004172812426,0.008523441427853195
-78.87382600051792,35.866325822191,0,-1,2018,196,0.6672528386116028,0.6468836847069478,922,824.9722077766534,0.26882243550253615
-80.733879194532,32.7873942529029,0,-1,2019,38,0.3009888231754303,0.3049427895164572,0,43.821598537615436,0.00459819866035049
-82.069106021086,35.18470315303854,0,-1,2018,92,0.3479440212249756,0.35982343052434856,0,67.79477708371412,0.007664936489412304
-91.11380327598516,35.11040005083702,0,-1,2017,344,0.5818091630935669,0.5346798742463874,0,4.261206518895785,0.002326591388509741
-87.04540149031612,33.46839959001224,0,-1,2019,1,0.4915863871574402,0.4871755435670186,404,301.09978284096945,0.10579495856087535
-82.3728878830538,27.5629726468079,0,-1,2017,129,0.49290040135383606,0.4900272341216391,0,215.7010977304746,0.050514525255734785
-90.57155362720772,36.50903348030629,0,-1,2020,39,0.5578300952911377,0.5450004111034977,0,6.907195990670111,0.002538686261752587
-88.6834964010138,34.55368279937037,0,-1,2020,98,0.3488078713417053,0.3636125335487031,0,40.381758641448066,0.005830682029801267
-84.14187694158899,32.85182369640316,0,-1,2018,63,0.12201212346553802,0.11883491985300083,0,8.677441518901164,0.001689103951600267
-94.31173594630496,34.171392169113346,0,-1,2019,21,0.4234045147895813,0.39741219787279836,0,129.23577392077206,0.03397259975605503
-84.29163460013413,36.06669923196493,0,-1,2017,82,0.389445036649704,0.38677583658302,0,36.29815083885159,0.0020177655551031795
-93.35851202932332,32.29865368765088,0,-1,2019,124,0.23418760299682617,0.22057224319052285,0,16.111500168614935,2.1326224591802735E-5
-93.84294815689051,36.880292653208194,0,-1,2018,68,0.38031789660453796,0.3686727047044986,177,59.76796565722789,0.019066984106556835
-86.77413443665513,33.92356061069756,0,-1,2018,340,0.3320613503456116,0.3517257188036655,0,14.75055549427172,5.257224760743964E-4
-76.49447357166511,36.26047725268721,0,-1,2017,223,0.6051376461982727,0.6032244260382945,0,55.361609183084894,0.007623424423745195
-81.63739122545606,36.64110163777236,0,-1,2019,83,0.20064479112625122,0.1986601512484052,0,24.560988678484073,0.002129720246033397
-88.97039516304824,32.73108666282636,0,-1,2019,81,0.3144136965274811,0.3165579339170678,0,44.94817924522355,0.006356618621625885
-87.43803819782876,32.56274861425399,0,-1,2018,291,0.19560737907886505,0.2618837612763037,0,14.387194478150555,0.0026999743622612487
-79.82182600569485,33.25118793694143,0,-1,2018,39,0.09291774034500122,0.10738718477767505,0,0.0,0.0
-89.87284584117602,30.794854802460417,0,-1,2020,63,0.633571445941925,0.6273504225177723,909,861.4538460326211,0.35826909716478617
-91.11209691806995,35.13717444373898,0,-1,2020,116,0.40817323327064514,0.4950238225989546,0,22.783553276453848,0.0028804558994948836
-86.56757460644461,37.06739487115628,0,-1,2019,36,0.29458367824554443,0.3115040535721953,0,17.583379557258844,0.0016220518452099107
-92.46341190060535,30.322609491667535,0,-1,2019,37,0.5204671621322632,0.5767203569339258,0,38.822882950459025,0.008641763638777049
-90.37272286870937,31.30779827287561,0,-1,2017,64,0.37104833126068115,0.3611586321051134,31,47.72213660101675,0.007182780937438708
-79.82295147509848,35.674270237517646,0,-1,2017,81,0.7189386487007141,0.6480527587242015,1813,1003.7838732247877,0.403842506029321
-89.12812579773431,31.904321461645793,0,-1,2018,105,0.09634023159742355,0.1620877834153871,0,6.44861604019188,0.00101843910806175
-84.56247512246985,32.714446552950534,0,-1,2018,12,0.20500890910625458,0.18001572270048966,0,1.4128937705848053,0.0
-93.45748290048834,35.22015292800512,0,-1,2019,253,0.10167575627565384,0.10106358913864112,0,0.0,0.0
-83.60730529904453,31.01099330777671,0,-1,2018,318,0.13906309008598328,0.2135902070029175,0,8.69622016521216,0.0022208904713223107
-90.49718684707494,29.474156448226616,0,-1,2019,288,0.35089612007141113,0.32784872791747455,21,85.03449775603846,0.022037913352216512
-83.72870249867178,33.06989071192015,0,-1,2019,76,0.2827928960323334,0.21308580628265808,0,11.903175883958573,0.0
-87.22378989646478,32.55534160221533,0,-1,2020,101,0.10489527881145477,0.1052198382326999,0,1.4070470390962848,0.0
-85.71925939237687,32.040430620216775,0,-1,2019,52,0.10841266065835953,0.12142082361617793,0,6.81326723249488,0.001144831939741183
-91.64203675051917,31.850189426426038,0,-1,2018,83,0.32102352380752563,0.3891851837748394,0,81.63636936692743,0.02382139875285537
-84.31399700224355,36.14088183976498,0,-1,2017,100,0.21249297261238098,0.16585104699870026,0,0.0,0.0
-87.84747437641622,36.10348030064211,0,-1,2019,35,0.3707815408706665,0.3527739061770785,0,6.673587736217746,4.076848596035266E-5
-93.73548846476503,33.68716137158304,0,-1,2019,52,0.21710245311260223,0.2188392727958683,0,33.979396942162026,0.009280804017967291
-87.25719559262338,37.11937286655368,0,-1,2019,4,0.3111765384674072,0.30413110658345344,0,33.29714678323685,0.0046207132797929425
-87.1250156280584,31.03260032397594,0,-1,2018,31,0.08077223598957062,0.12137533742325578,0,1.4627688409268549,0.0
-83.55416288322125,36.01857594874502,0,-1,2017,105,0.4796442687511444,0.4735638807401878,9,164.3266841484861,0.021055714915278384
-77.7800151460139,35.829025633147886,0,-1,2019,78,0.4715113937854767,0.4514249166506304,0,70.33720677363539,0.008317729530647933
-80.99908143691819,34.644799134407684,0,-1,2020,49,0.31563031673431396,0.31896432182715945,0,26.879960161120536,0.0029244639350836724
-90.5445208583198,34.234556278312695,0,-1,2017,181,0.6589687466621399,0.6181743832097917,0,78.27735859760595,0.025827187800741166
-91.21339145613375,31.553990574760437,0,-1,2017,160,0.4148488938808441,0.40470084584393534,0,91.43992562009518,0.01422010221465077
-86.11285781795097,34.73209136871927,0,-1,2019,63,0.3380472958087921,0.3602355111708429,0,40.92661718589956,0.003561247998750438
-80.42929377615881,27.650195301902034,0,-1,2017,329,0.6506715416908264,0.6999375886676866,591,1103.1491789845247,0.4353112094154513
-92.13338581049443,35.75635436523258,0,-1,2020,42,0.13283225893974304,0.13637041747896034,0,0.13356025150096915,0.0
-77.75716110348168,35.68899482395426,0,-1,2018,66,0.542081356048584,0.48423170444629443,654,65.16642345428814,0.012588945041224917
-81.8088138762127,33.51622063453929,0,-1,2018,136,0.494625449180603,0.512746386515746,0,432.4714143438852,0.10089793238097178
-91.311901532348,36.21848589340142,0,-1,2019,106,0.13778483867645264,0.14754653031934176,0,6.074081545172598,0.0
-82.11338919734717,34.204944089179754,0,-1,2020,81,0.5385007262229919,0.5722307082837627,0,507.46588208596734,0.16767302400775547
-91.05820186394868,32.18549333059403,0,-1,2018,191,0.02691231481730938,0.0374174667274072,0,5.664011925847954,0.001984818818228146
-85.28009038678282,36.09713821754794,0,-1,2020,23,0.23192010819911957,0.2234603895962893,0,4.2561418769639054,3.058961482576666E-4
-83.11854328851874,34.005421725891146,0,-1,2020,143,0.36192068457603455,0.3671029257836883,0,76.0199689246217,0.017232968948668936
-94.21000321875994,31.938399089353393,0,-1,2018,287,0.337362140417099,0.34589915102043733,0,101.16541912629107,0.027731371355866556
-83.70778400344982,35.214895115964374,0,-1,2018,15,0.06687071174383163,0.09527106115035719,0,3.785883584008876,0.0
-90.34978776968404,35.85476518099809,0,-1,2018,80,0.6807795763015747,0.6710662566354701,0,23.228639233026264,0.0038150952230274313
-81.66186372925243,26.825392204764704,0,-1,2020,37,0.09314825385808945,0.1298466664993349,0,0.21297215524984647,0.0
-81.0071777935797,26.115586368690774,0,-1,2018,32,0.020827269181609154,0.021152711410253974,0,0.004576399394856278,0.0
-89.2188035108372,34.10184287892772,0,-1,2018,80,0.14042958617210388,0.16578708709462142,0,20.312215554518993,0.002031923484316173
-89.40075197775583,32.343434373231574,0,-1,2019,66,0.24776780605316162,0.3076449487390028,0,34.09655274579452,0.010362722120653221
-89.67000363055587,31.918184969935265,0,-1,2020,19,0.3490363359451294,0.3454824579019314,626,70.84624912539472,0.016678126943338745
-83.28122723627968,29.510729457203993,0,-1,2018,162,0.08977746963500977,0.10590386161166436,0,27.949499502023418,0.0023141380318518067
-85.2454763909342,32.93469085012383,0,-1,2020,350,0.37348058819770813,0.3245664988259474,0,36.664001285938525,0.006042522646067801
-81.3003773068235,31.50038536463835,0,-1,2017,71,0.0,0.006016499499198631,0,0.0022503711221283336,0.0
-76.70809396383817,37.51667222599671,0,-1,2017,63,0.40931111574172974,0.37832166982448,320,30.049502797257905,4.960715144712582E-4
-93.10568757852536,35.73043294493306,0,-1,2019,38,0.1550959199666977,0.13623178603890934,0,8.400866062817919,0.001026356843747434
-94.10186113847314,32.01742225219317,0,-1,2020,16,0.21608707308769226,0.18856963235031304,0,16.775117641682186,0.004598741707132199
-91.08245753542307,31.79110725428414,0,-1,2018,15,0.11886591464281082,0.15678629090298046,0,7.9281788154610275,0.0
-78.06892603465273,35.80984752120437,0,-1,2017,311,0.5555405020713806,0.5795945882739648,0,117.86129654494218,0.015540740701902473
-80.5777186822419,33.5831260460769,0,-1,2019,82,0.39132267236709595,0.3944491253913735,0,55.0698645637326,0.004026834976543224
-86.1771962453527,34.31498771734056,0,-1,2020,228,0.4361230134963989,0.45836366306359605,398,178.32898921166023,0.03483789390713175
-84.95132704808202,29.84843141858352,0,-1,2017,97,0.05323741212487221,0.04918431950947811,0,0.2812875247012996,0.0
-84.60969478086608,37.02375426297849,0,-1,2017,67,0.5801982283592224,0.6256914454839284,0,798.7226345697457,0.26646260081525924
-82.18146038790772,29.858528971940242,0,-1,2020,76,0.3072567582130432,0.3239484192473884,0,36.467897079031324,0.002273743338535424
-81.9480489182857,27.790996670656774,0,-1,2020,107,0.41235679388046265,0.46451493065630517,0,18.205148004336746,0.008723128138576982
-80.16424205039297,34.424790169805526,0,-1,2019,249,0.4628356695175171,0.4462722816305211,0,194.04874166758597,0.021206849529075013
-84.10429191732348,35.823037013812275,0,-1,2019,96,0.47766467928886414,0.45412201331737234,0,148.91015099322726,0.03433111613783006
-90.21435707326319,31.011487183470337,0,-1,2018,68,0.3482835292816162,0.3529072864615597,0,28.949072790076123,0.004591103955517062
-90.98779049423624,37.206427085134045,0,-1,2017,19,0.17294886708259583,0.17498136599770167,0,12.042530862057557,0.0012216426820838304
-80.39991997923707,34.03071343076322,0,-1,2018,135,0.5686690807342529,0.5605743315072094,0,94.66827403408249,0.019627981587020907
-82.07321974831096,37.73013730553238,0,-1,2019,104,0.21735034883022308,0.232988997058412,0,1.8139462321535504,0.0
-81.06920472932603,28.540585223003003,0,-1,2017,265,0.3690032958984375,0.3887594620071791,0,18.520038955881528,0.004151330040483125
-78.7410927463626,36.69113764692765,0,-1,2018,67,0.11406656354665756,0.20042406409045854,0,20.035692111806917,0.002522055297457901
-82.84702634770566,33.269682361606236,0,-1,2017,80,0.2514194846153259,0.19407255717115987,0,12.717966011951289,0.002312869067821251
-90.4970387294072,31.187971382703097,0,-1,2020,289,0.4442644417285919,0.43651030499663324,1175,124.48358852488988,0.020652434904485612
-81.12254421048908,25.209292824191774,0,-1,2017,45,0.0,3.8437060906037224E-5,0,0.0,0.0
-89.81469027485561,36.23972802996623,0,-1,2017,170,0.644700288772583,0.6249699913072545,0,17.885562997399727,0.004905193523815366
-94.42530377982474,33.42105991440152,0,-1,2018,183,0.4120835065841675,0.4130580831632739,0,110.34722874477978,0.022339633052834856
-87.67883182348248,31.084609869496298,0,-1,2020,297,0.08368834853172302,0.09112396836642912,0,2.7268718857060006,0.0
-92.00358737180339,35.25133310727988,0,-1,2019,107,0.3436577022075653,0.3369150776770795,0,29.70141985911719,0.00242940510588588
-81.50993869510175,34.70973914828056,0,-1,2017,293,0.22889263927936554,0.2252701536347261,0,19.697192709301856,0.0016849506345867318
-78.87099142634243,35.52998579277389,0,-1,2020,267,0.5064923167228699,0.46738309029257974,0,172.990254541787,0.04225826517557126
-80.52259047473727,35.56931989115367,0,-1,2019,81,0.5401800274848938,0.528692963157213,265,427.32667044881515,0.08763183951095588
-80.89970130563296,35.82647414142449,0,-1,2018,293,0.6066445112228394,0.5921186559054148,716,289.21900283346844,0.09318325179775415
-93.0295121582405,30.23124877804597,0,-1,2019,287,0.6607006192207336,0.6040594448922496,717,348.66629160717724,0.14192834416931788
-88.31962070880763,35.22080521944261,0,-1,2020,219,0.49456700682640076,0.4498665879971572,3757,182.11266389309114,0.03188762572612058
-79.48038151424737,33.465675409702065,0,-1,2017,110,0.10630570352077484,0.14701246161951673,0,0.2898625180441127,0.0
-82.16724756325631,31.493738780869407,0,-1,2017,317,0.47839584946632385,0.3160987392847288,0,22.780237271254503,0.0027930999086975064
-88.96636356087261,33.503415621435835,0,-1,2020,269,0.361372709274292,0.3350561009574286,1265,34.226576781009285,0.0019635967164005307
-82.64043597381864,31.152343205651434,0,-1,2018,23,0.061709534376859665,0.07482238583948751,0,15.143008424496282,0.009999129327514332
-84.47291032347039,37.316381196366734,0,-1,2018,143,0.4886699914932251,0.4339472681731856,79,106.63044615617355,0.020639091042959985
-84.09261851808131,36.32586397308399,0,-1,2019,49,0.3749523162841797,0.3726592388917276,278,57.615382433403504,0.010171871330086384
-77.02989801209407,35.41838173953647,0,-1,2020,69,0.5060324668884277,0.3610274724607702,0,23.563446912988812,0.006517332644761476
-90.31565394843055,37.355505923583515,0,-1,2017,67,0.13912828266620636,0.13129676489620393,0,6.964883528162198,0.0
-84.4987087711126,31.07113883395782,0,-1,2020,46,0.30121850967407227,0.32144210625179515,0,17.69321247573183,0.0037114459902738294
-90.4596245068589,36.34294399287827,0,-1,2018,78,0.47869595885276794,0.5328466882685908,0,2.234793187347933,0.001369957020457856
-89.5011699325322,35.17555765917488,0,-1,2018,0,0.5533839464187622,0.47923526786323556,0,86.467625173732,0.022122106322015885
-83.71533671136788,32.39047338762836,0,-1,2019,243,0.33153727650642395,0.30346147848261334,0,21.30155658578556,0.003848908224325635
-84.19382697911676,32.57719144215537,0,-1,2019,71,0.3140130043029785,0.2920060047294938,0,13.645796628225456,0.0014575666896715282
-93.89971700723103,31.205289519364456,0,-1,2017,185,0.049784839153289795,0.056640790475986275,0,0.0,0.0
-81.50434783245981,36.5617836150971,0,-1,2017,72,0.34599947929382324,0.29803662688053534,3,74.52788265772439,0.010853331960037071
-89.75303859518921,30.851251837264627,0,-1,2020,48,0.2047814577817917,0.216694963059473,0,32.705134306343915,0.0034725898895776167
-92.04900408823524,37.59401654420052,0,-1,2018,292,0.12577089667320251,0.12105100652704483,0,2.476851705945755,0.0
-89.53030218629527,31.802242292588467,0,-1,2019,137,0.3584212064743042,0.3413399562730185,215,27.38515653810152,0.006906610030472731
-90.86166428975986,29.591404493577343,0,-1,2019,20,0.232935830950737,0.3084986481866598,0,60.39661573566305,0.02203741620620985
-85.82756931138816,32.36612552118214,0,-1,2019,290,0.27264270186424255,0.2745471473008733,0,30.747457397421286,0.002973020110817446
-78.861740572109,34.37475817957288,0,-1,2019,61,0.4586922824382782,0.43179109809862687,0,31.82446768276541,0.004062009316101522
-82.70379903450112,28.957915649398593,0,-1,2019,307,0.34993675351142883,0.4254630711586587,4059,276.78823321766373,0.05822894542932679
-82.23438466279026,35.384868162549296,0,-1,2017,305,0.29871857166290283,0.2629384321149712,0,30.123556905892784,0.003363662138825166
-94.14276220899019,35.29550805203859,0,-1,2017,277,0.3988575339317322,0.346862694382281,427,84.45736492747592,0.022469585697122076
-86.47556467650568,36.180953109765696,0,-1,2018,324,0.696518063545227,0.6356037532345539,0,647.7398612551333,0.18044390815927658
-92.98257851378636,33.204034024485715,0,-1,2019,23,0.19895628094673157,0.19147140712223595,0,8.261442646511897,0.0018803156603055045
-92.45013177422368,33.75327294259383,0,-1,2020,356,0.07817239314317703,0.08504920195195458,0,13.340822848642242,0.0028351111952702552
-93.18230541040838,33.961493623372775,0,-1,2018,82,0.2403566986322403,0.2658779437771217,0,15.581912962355974,9.845586637234648E-4
-94.02125293365138,34.846579990458665,0,-1,2020,35,0.13807150721549988,0.15100616446813003,0,0.8673703519266774,4.139179924977364E-5
-89.06500335687626,37.41562793113215,0,-1,2017,69,0.3393858075141907,0.3459836223600781,0,34.624427187403484,0.002413301088879438
-91.56318208323175,33.65983363144977,0,-1,2020,96,0.13024473190307617,0.12353633146805777,0,12.826026935284085,0.0024099745584563533
-83.52664959473273,35.024476189312566,0,-1,2018,113,0.09131935238838196,0.06796053195728986,0,0.0,0.0
-87.277739476517,33.53126938508116,0,-1,2019,106,0.23934884369373322,0.2731363388211657,0,35.9544136557323,0.008454964995113425
-92.98610771439091,30.563361889276646,0,-1,2017,189,0.1680556982755661,0.1399260577655549,0,9.455273252203956,0.0022594722460132955
-76.47065470288358,36.22005159726216,0,-1,2017,81,0.6380302906036377,0.5691355781546991,339,143.87459817207687,0.043250303100051075
-77.69937641087158,34.80600148120143,0,-1,2020,71,0.3793856203556061,0.37837497455034147,11,93.20259268714724,0.026554364553072828
-87.94289542284821,35.41976721118661,0,-1,2019,85,0.13358436524868011,0.15590367206787298,0,8.681489979293588,5.137386560083018E-5
-83.86375632118207,31.066672826963636,0,-1,2020,129,0.23195156455039978,0.3038714898686831,0,6.099092909057671,0.0019472007972961276
-86.73805202057653,35.42093806669821,0,-1,2020,156,0.47295740246772766,0.4528010120740619,111,176.2732653607955,0.03753486447893447
-80.26725921728408,37.553712178986146,0,-1,2018,82,0.1187906265258789,0.1193833667845242,0,19.27816070218566,0.0027884903611938862
-85.5524274749614,34.7821368891609,0,-1,2017,121,0.3735872507095337,0.38761281066905573,571,95.49002946877411,0.018133829410034417
-89.55027204525442,36.69996287366994,0,-1,2018,54,0.6234743595123291,0.6179866510806367,0,16.949532292021228,0.002559818240169534
-84.15586050227786,30.880853826716276,0,-1,2018,103,0.42167916893959045,0.4775261257770433,0,162.1785140220495,0.04199072583605848
-80.9277799367071,33.64799717041943,0,-1,2017,43,0.35979291796684265,0.35153237265672554,0,43.36125626398562,0.0050847503105856725
-75.96294134098478,37.339612073512505,0,-1,2017,200,0.5206496119499207,0.5142407598929637,0,69.7994118981884,0.01787372687857563
-87.88174523400906,34.213286370051726,0,-1,2017,51,0.12564079463481903,0.19187895709468178,0,21.047945335005895,0.001357642088993439
-93.85773798499035,35.174481617599746,0,-1,2020,255,0.38315069675445557,0.33605893349732935,0,40.809643422188884,0.0028933643958453464
-84.81602903664725,34.96583813166545,0,-1,2018,102,0.33780622482299805,0.3583527518993444,0,98.45874662354898,0.01900339960580446
-88.73290200823558,36.017520303761486,0,-1,2020,23,0.35375627875328064,0.45507120450397004,0,36.84310938248569,0.004190613643978246
-86.76055947271708,31.54457743571169,0,-1,2017,277,0.17786870896816254,0.19027818017872355,0,22.151911700280195,0.0029311953273934263
-88.59242982382725,32.85989664106801,0,-1,2018,60,0.06477729231119156,0.07120501870457521,0,0.8173823969742341,0.0
-81.59183522108815,35.280501788941685,0,-1,2020,320,0.5270553827285767,0.5456354821288354,567,208.78525029863118,0.052904724166776614
-80.4717029206932,25.5740032277062,0,-1,2018,1,0.6838904619216919,0.7011242023023083,1208,995.3685985420325,0.31374490410736894
-83.99598268850856,34.23542023710087,0,-1,2017,115,0.5014618039131165,0.45554277433906315,0,282.48052533377023,0.1057099933618268
-90.37318401575794,31.604819550485725,0,-1,2018,123,0.378802627325058,0.37796729690929537,716,77.05555625594893,0.010813977682140227
-93.57683333890265,35.651641017432404,0,-1,2019,61,0.14326170086860657,0.12068163010525516,6,2.2237297430176053,8.209991045978514E-4
-93.59154381077198,34.48078482061193,0,-1,2019,360,0.08184104412794113,0.09605681016720678,0,0.032546616740421336,0.0
-84.09091367900463,33.11742587037459,0,-1,2019,169,0.29787033796310425,0.2500108756733976,0,16.16647336905136,3.309592522968571E-4
-86.93738624052047,32.80294141013692,0,-1,2018,77,0.15880680084228516,0.20299122796879862,0,20.512971069991156,0.0026626974723012896
-93.06974471349545,34.92502193456706,0,-1,2017,164,0.10864584892988205,0.09412341888131838,0,0.6429073465309711,0.0
-90.56636421910534,36.89324405529895,0,-1,2020,173,0.07726714015007019,0.10757818772315435,0,6.610065271723885,0.0
-86.18746385046913,33.71314739038935,0,-1,2018,67,0.3478893041610718,0.35585453672566375,0,52.086444849963314,0.006181227891138475
-82.75122921003408,36.98614526999355,0,-1,2019,360,0.27271631360054016,0.26329765343972916,0,26.426657421561057,0.010759776679059191
-91.02408531580102,32.39060305019694,0,-1,2019,76,0.2393263429403305,0.30019163033641244,0,2.4577035085286383,0.0
-85.59770659418166,31.658925054418102,0,-1,2017,286,0.23066756129264832,0.2270936166749961,0,31.192049369175137,0.004567737688287651
-84.34873897506361,30.42087957716836,0,-1,2018,168,0.48327723145484924,0.5468299446692515,0,503.3616083810295,0.17187252062065778
-78.80560645883546,34.575488522543665,0,-1,2017,65,0.4278535842895508,0.4591238295291418,0,126.01729321886468,0.027868896536889617
-91.31977366294431,33.730861400869074,0,-1,2018,299,0.4592229723930359,0.478769193461294,0,1.3483865680768046,0.0
-82.05551329836072,30.907312133256,0,-1,2017,70,0.11871102452278137,0.171652231247667,0,13.163387383980202,0.0012110211048197012
-82.28047967131575,30.58102133606429,0,-1,2017,10,0.004507537931203842,0.021393307796861896,0,0.0,0.0
-86.54428404038276,33.8329912037449,0,-1,2017,76,0.2883078157901764,0.2950152945641234,0,4.525564860018092,0.0
-79.89062186833935,34.350620295056636,0,-1,2018,245,0.48701387643814087,0.5218076366874732,110,190.2764971730046,0.03384105229442491
-91.19291963061978,29.227088831320973,0,-1,2020,129,0.011043250560760498,0.02308180548078388,0,0.7707302467773961,0.0
-91.8381575009227,37.068927389396,0,-1,2019,115,0.14888764917850494,0.1546300701843047,0,9.194095752559907,0.0010678379304092033
-84.61564019252131,36.835540346636535,0,-1,2017,40,0.15383264422416687,0.1635721033865557,0,16.63058284403178,0.0012537378322973985
-90.84199181992412,31.897188262814037,0,-1,2020,36,0.2879854738712311,0.17749118695910132,0,6.7667830713178105,7.36544668086189E-4
-87.61276987162422,32.63883586236685,0,-1,2019,74,0.10065777599811554,0.140452430113537,0,6.100652717238856,0.0
-79.83739145440883,34.814945471913916,0,-1,2017,177,0.23606249690055847,0.25801669213204037,0,14.43317532258777,0.0016190102468016101
-91.71696486111925,31.241631884830504,0,-1,2020,77,0.042849212884902954,0.04204705691951979,0,0.0,0.0
-82.93159195073952,32.50133981732692,0,-1,2020,222,0.5608281493186951,0.540911898876694,0,358.86436169374514,0.10002965625174325
-84.1015225122141,37.12742853256519,0,-1,2018,144,0.621482253074646,0.6354484109688333,2027,843.2331341514915,0.32361195928350583
-89.76903425515819,33.79197800388105,0,-1,2020,266,0.4545837938785553,0.4099608008496879,0,115.06366000094552,0.02981035081625558
-90.28706468329423,34.15943596487621,0,-1,2018,52,0.5779857635498047,0.5141769163287793,0,15.364799616756812,0.0017706903320834852
-85.20900918727412,31.459264408282035,0,-1,2018,142,0.17773540318012238,0.1813825747558504,0,11.21257335930457,2.5872384463633113E-4
-88.60062429002274,35.41806260401513,0,-1,2018,77,0.40245509147644043,0.38668186139171895,0,44.95349115745742,0.0038862305366552177
-90.18642650151048,34.77265070879176,0,-1,2020,126,0.4085213541984558,0.44474180332418056,0,21.127396906241728,0.0018576591416315698
-90.79525865343733,35.06987374272441,0,-1,2018,111,0.43205106258392334,0.45479169466633673,0,109.45946985217638,0.012924198757633069
-87.99160633328859,33.5742991635321,0,-1,2019,94,0.3279489576816559,0.3327445967819324,0,167.64729445654325,0.025082449077167963
-94.08965830477813,36.08978004881758,0,-1,2017,73,0.46631088852882385,0.5223679874040505,0,427.919676259333,0.121091313655749
-77.6686112312923,35.49313581587485,0,-1,2018,358,0.5775496363639832,0.5647865540015756,580,108.30947428139186,0.02960213364119335
-89.76930931231144,32.83160061759312,0,-1,2018,39,0.1357087790966034,0.12877703392812004,0,3.099189964383647,0.0
-93.71585858857779,33.61513748465999,0,-1,2017,41,0.22938641905784607,0.2255589536313472,0,21.46559826029406,0.004377430622476971
-81.93515365116168,32.39027659194234,0,-1,2018,103,0.39907509088516235,0.43993925684316937,14,58.860856355854736,0.012504719270805247
-88.10157115810485,35.60979101117065,0,-1,2017,338,0.3327704668045044,0.38770494095324703,0,65.33504789099949,0.010236245045719811
-75.87130898527525,37.461125105011654,0,-1,2017,65,0.5908783078193665,0.5511909848564355,0,141.15646983182472,0.03409262528577601
-94.40229535816441,32.954865481790556,0,-1,2017,107,0.15903127193450928,0.20459647436308648,0,22.777093832833778,0.002881070066134258
-82.157218354151,34.76155444910811,0,-1,2018,92,0.4178078770637512,0.41928812962166,427,165.73177780999634,0.023126921481229298
-80.1357941201108,36.712930362709066,0,-1,2019,49,0.3243548572063446,0.2948256395520025,0,51.266230471273836,0.00689956086744627
-90.69685623444254,30.87348125810004,0,-1,2018,73,0.3143584728240967,0.33096788082502837,0,20.33787506303581,0.004295319573411533
-81.56157704105013,30.643334585691928,0,-1,2018,95,0.5151620507240295,0.5343460358256815,0,374.90741697975244,0.09442755343003378
-82.84664077861892,30.995524312724665,0,-1,2020,138,0.06792041659355164,0.13736285530227277,0,21.872021708436286,4.5455775318596273E-4
-94.2423914366926,36.75287276151803,0,-1,2017,40,0.34098827838897705,0.3203273656927912,417,77.77199794510405,0.00940283692648436
-80.76970711012363,25.582084314297038,0,-1,2017,64,0.0,0.0031805437601590022,0,0.0,0.0
-94.32472973298205,34.583058420970175,0,-1,2019,173,0.3716919422149658,0.3670066921969323,137,75.57694913972159,0.016897781616365178
-89.15759325082894,29.180670197496493,0,-1,2018,61,0.024046534672379494,0.0209984213027823,0,0.0,0.0
-93.70884181090138,31.62393806239911,0,-1,2020,92,0.38858911395072937,0.3687545296517978,0,118.13043985275203,0.010816125860373648
-84.93393947517164,30.05535905482235,0,-1,2018,237,0.04959293082356453,0.04710643502423622,0,0.0,0.0
-93.8749644655779,30.944019858439283,0,-1,2019,126,0.2644321024417877,0.2375728856561236,0,16.553947061530412,0.0010741341991341994
-88.35135125370114,33.679642042669514,0,-1,2018,98,0.5204452872276306,0.4911699133165994,0,131.23153071097423,0.03213472199165605
-93.45584746452411,29.90847623156372,0,-1,2018,67,0.012936241924762726,0.040553247896042206,0,0.0,0.0
-94.46048501688499,34.38816317381725,0,-1,2017,257,0.16178184747695923,0.15034454998439079,0,30.60593148224023,0.006730537289326578
-90.58432936647827,30.354232533389293,0,-1,2019,111,0.4107716977596283,0.38595393840623804,834,103.96781605572546,0.022753118947889915
-84.3653646997965,32.07080379492472,0,-1,2018,160,0.36323192715644836,0.3064901576243822,0,14.95196762542312,0.004602689109027878
-87.11997061930431,35.495204761383356,0,-1,2018,9,0.3736400306224823,0.3773484323728761,0,34.0062908543081,0.003892254156463461
-89.73808047444233,36.620445287911025,0,-1,2020,142,0.5914565324783325,0.5893374534907982,0,2.2724871643747977,9.191665210686639E-4
-94.18179199827642,31.77632222260732,0,-1,2020,175,0.5503121018409729,0.5230296054126654,0,411.9441800359315,0.11180672606148152
-85.38523725746377,35.18975499623797,0,-1,2017,56,0.382422536611557,0.37030061962904703,0,75.8146689064189,0.011461018146612071
-86.68841495124792,33.358961065046856,0,-1,2020,108,0.41913989186286926,0.4275549935763125,0,44.564798764537194,0.018879781857301867
-93.9752307007706,36.177203257578626,0,-1,2017,78,0.4721779525279999,0.4392584941348238,0,125.72270777454546,0.027544251332614046
-78.9525748377023,37.22049484929497,0,-1,2017,199,0.2783251106739044,0.2870758815964909,133,25.42783750476714,0.002223895670833219
-78.4498346806852,37.72883439450483,0,-1,2017,111,0.15882253646850586,0.17958269374902244,6,14.49497289460414,0.0
-85.78208702360618,33.137390109608155,0,-1,2018,292,0.15211468935012817,0.15193282493128818,0,27.73113643168959,0.0052514140967647146
-81.31206308630682,34.52197557982524,0,-1,2017,336,0.17588850855827332,0.13808386660550703,0,28.460267634841692,0.009441786116990245
-79.28885692938827,33.12840701206157,0,-1,2018,19,0.007780076935887337,0.003953201028559229,0,0.032952382153078094,0.0
-82.61992668638997,30.25018009298615,0,-1,2019,360,0.39042729139328003,0.3849570909772692,0,60.87350800719873,0.008432446732289102
-84.20242932588901,35.04958213963641,0,-1,2018,72,0.345466673374176,0.326607969334323,214,50.01313728271316,0.0077154292930610695
-81.58910211227054,35.11745059359829,0,-1,2018,42,0.4416286051273346,0.4671902162869285,0,91.00989084765635,0.018351215494117886
-80.06166712831428,33.79363322676998,0,-1,2018,43,0.401373028755188,0.2853550677552861,0,11.91078311791051,0.002759383351544911
-94.31444950549356,29.99720241622937,0,-1,2017,185,0.5224056839942932,0.41897039512856704,0,1.7300815365559246,0.0
-87.19790733586163,36.559305700818676,0,-1,2017,61,0.4736754298210144,0.5371735270781499,0,93.89886850731219,0.020056984818847275
-90.62945609534303,35.223522838796264,0,-1,2019,75,0.4325004518032074,0.4644375155570956,0,1.1774895595303763,4.953790423703887E-4
-83.3929960233777,29.596635046577116,0,-1,2018,45,0.05253687500953674,0.054294531745072185,0,23.36048673793556,0.004280132019030168
-88.38506657011565,36.2376140402903,0,-1,2020,40,0.35625743865966797,0.43467848918772234,0,73.79710866612247,0.013321010122513816
-80.01593007647891,33.10604592549236,0,-1,2019,341,0.34021642804145813,0.3995328748161022,0,162.76218916448687,0.05200439060940439
-90.24481488031738,32.36260974673324,0,-1,2020,124,0.585887610912323,0.5719882720054668,0,608.8278825969372,0.23470943643630676
-83.83690069621969,30.328886293106656,0,-1,2017,248,0.15017001330852509,0.14976111758748128,0,5.893916710529219,1.6330974414806757E-4
-79.73225772859438,35.3081599926792,0,-1,2020,57,0.6046643257141113,0.48957847574472363,235,281.3282125634318,0.058455434708256274
-82.56379592805072,34.85438020255761,0,-1,2018,244,0.46625640988349915,0.497455613173145,0,250.55390754024788,0.04856434987753211
-84.55820650620572,31.249352822671316,0,-1,2019,133,0.3833673596382141,0.38376248168041366,0,4.02407014602198,0.0
-79.59634397933826,37.18342644782856,0,-1,2019,131,0.4089392423629761,0.40317551956113357,0,115.68329136186134,0.024566778961520104
-88.9055930302662,32.493291885966705,0,-1,2017,85,0.27992895245552063,0.30220841688211625,0,23.14476761411271,0.004085591124756539
-86.23184604875658,34.840976497129475,0,-1,2018,51,0.27183565497398376,0.2403305706489964,0,33.805998279182184,0.006671915901008481
-76.40776512619824,37.33123049308887,0,-1,2020,34,0.21807605028152466,0.10354175293245478,0,4.857725024977386,0.0015140883151114554
-89.39217127667246,32.963038224387226,0,-1,2020,116,0.11280962079763412,0.12476371976236146,0,12.454395607858956,0.006902032739317582
-76.09678117693043,35.90181200898049,0,-1,2019,318,0.005982601549476385,0.04041047089608179,0,2.7470270645078947,0.0011862669151691337
-82.14449970542405,35.13946805962246,0,-1,2020,77,0.419633150100708,0.42416278979242056,315,124.52106630022308,0.018185944069945933
-84.19589073796291,36.821927485674074,0,-1,2017,120,0.42368951439857483,0.4091566695961378,0,141.4036591131142,0.023795628533628363
-84.57879101769403,33.050098323620084,0,-1,2020,24,0.14918729662895203,0.1761883878125513,0,6.589747064849106,0.0014991153630189962
-91.55501912019929,37.434050389980094,0,-1,2019,41,0.13158586621284485,0.12714201710878656,0,4.42228294441713,0.0010026017515452597
-82.97509096478687,32.69644511285346,0,-1,2020,199,0.09489486366510391,0.09384539367604751,0,7.801640754759797,3.6106737888977103E-4
-87.74391171100883,34.1676294987045,0,-1,2018,289,0.1796770840883255,0.1771050329511399,0,30.594773652045394,0.004021633978874624
-89.44094749750477,35.36030457164796,0,-1,2020,6,0.5429239869117737,0.5165497468350061,0,14.051339588211755,0.0025271970851960014
-81.1168578383023,33.98083644178153,0,-1,2019,342,0.6627989411354065,0.7280777832431391,4,1307.4442886093668,0.5349634457852552
-92.24540715224418,34.39148948406583,0,-1,2018,16,0.16137643158435822,0.15779795615521502,0,7.513059730894216,0.0
-91.0355238523316,32.89385722007294,0,-1,2017,82,0.40133175253868103,0.41766419361055157,0,46.66667086888142,0.014173597598115576
-83.70531299689797,33.843938083047554,0,-1,2017,101,0.48486584424972534,0.4917676996209325,445,148.72315527723248,0.029911884301442385
-86.90733668128817,34.563176316681805,0,-1,2017,229,0.5763727426528931,0.5130729749227739,0,94.3585177433945,0.028634156223138314
-86.15557316828229,35.86761238298711,0,-1,2019,100,0.3549865484237671,0.36091518537038275,0,64.32933801467438,0.01102098004273761
-80.2383962811984,36.2287177369114,0,-1,2018,290,0.43189993500709534,0.44154876804067966,0,146.98303765313236,0.01950138156570474
-91.0496093404767,34.73178922163072,0,-1,2019,161,0.3442695438861847,0.4872884444763534,479,11.946143396987583,0.0013898903763154323
-82.04433532691436,30.787688220375163,0,-1,2017,139,0.2946583926677704,0.28179741707791167,0,68.76504184199327,0.007986566298668996
-85.88779799395046,32.14598847629877,0,-1,2018,159,0.09815412014722824,0.12805821983667143,0,8.026631787954248,0.0017760611564190962
-90.30902675978842,36.84559612046723,0,-1,2018,81,0.30196917057037354,0.29844648122979617,0,58.802615322550125,0.007498104411806001
-85.77682856205156,34.92788969931815,0,-1,2020,81,0.40237101912498474,0.4296864373711878,0,72.07584100558206,0.01227195774718345
-88.305413282896,33.70352177656476,0,-1,2017,113,0.4052487909793854,0.44361276748768397,536,78.6750052004211,0.01190590494479116
-86.5290977737307,31.615424955431326,0,-1,2020,249,0.1244569718837738,0.12023828983204655,0,9.6206732451095,4.192274927239844E-4
-85.94503602523258,37.367018508540994,0,-1,2020,86,0.3207664489746094,0.3069614272103715,0,49.83828164397379,0.00587728452272963
-84.16863069515946,32.31244325205009,0,-1,2019,326,0.15045851469039917,0.15767071109812672,0,10.015518632444152,0.0027946033401527
-87.61919002560799,30.53826896329695,0,-1,2018,59,0.39981576800346375,0.41280432466109296,515,59.95711494216646,0.006713623542219945
-83.11532616432434,30.57327377104779,0,-1,2019,112,0.35304930806159973,0.3451627593558573,0,25.974530784625795,0.0010100351883226895
-84.66166473942756,35.031977501361055,0,-1,2018,59,0.10191260278224945,0.11438382902437613,0,0.5542031214543255,1.8322249662586736E-4
-86.74306010531987,36.02261844025085,0,-1,2019,35,0.7465729713439941,0.718748419270217,386,1185.3514852577334,0.5643032519575607
-84.27868916003074,30.250078821638656,0,-1,2019,75,0.2563924491405487,0.27024407774398357,0,6.65584636623235,1.1164847613445737E-4
-88.96105339980767,31.623853705067752,0,-1,2017,34,0.32623761892318726,0.2954784084679058,0,101.92016339240972,0.016940519224449547
-83.0669639459292,30.413122974969617,0,-1,2018,286,0.581530749797821,0.40476237810776927,0,22.767947529988707,0.0015096197235098664
-82.23710985158705,37.22585278396759,0,-1,2017,204,0.3042358160018921,0.2957731908506332,0,73.44392336324299,0.010099521574864765
-84.83748084405148,34.58981368576816,0,-1,2018,79,0.38322800397872925,0.40094772050935656,0,94.56234950011982,0.029430324039594266
-93.84286239227731,34.12783208274407,0,-1,2018,358,0.16068363189697266,0.16489832032310323,97,21.863644959373687,0.005013680822736374
-82.98865035257509,34.71309842476418,0,-1,2018,135,0.5785140991210938,0.5851913909200348,2467,520.689547139363,0.19180785899938063
-90.6754431374954,29.754052855003145,0,-1,2017,64,0.5296667218208313,0.4485687506335589,0,23.86694695969265,0.01618467839316218
-89.36290782359939,37.664857626970246,0,-1,2017,31,0.13948316872119904,0.17163048705105352,0,2.358371154815933,1.997124141236618E-5
-85.68951626513375,32.353583638930374,0,-1,2019,157,0.23271608352661133,0.19524399848365692,0,7.277533345099718,3.515593789117638E-4
-89.66344201224157,33.48117089841445,0,-1,2017,12,0.23414869606494904,0.23199165361684743,193,31.822724765581917,0.005894637653156025
-84.5116620996018,30.084265071203273,0,-1,2019,0,0.30523863434791565,0.2617430013952286,0,63.609042603483154,0.0028604698951983
-88.88968471319691,34.46780569310581,0,-1,2020,206,0.208083376288414,0.24534603293523663,0,20.93129042018077,4.577182744021054E-4
-94.10549842181636,32.313638113063725,0,-1,2020,51,0.20270481705665588,0.2557209476934003,0,13.80614792075088,0.0021031560685927804
-84.47846778819029,31.955902020573046,0,-1,2019,68,0.2656046748161316,0.25143714422097163,0,4.844000958132145,0.00102520999405753
-87.56207177403138,35.1329615909812,0,-1,2019,63,0.17884917557239532,0.20399128496633068,0,8.728444050819629,0.0
-89.35243848707238,34.45929180872322,0,-1,2020,188,0.06425157934427261,0.08590610350038125,0,5.494022950106682,0.0038538313615651527
-83.13494091083001,32.37991712738494,0,-1,2017,143,0.2974218726158142,0.34984063320569775,0,26.451699826975993,0.003935546744630007
-83.48253327778515,29.76167663538038,0,-1,2017,24,0.031092286109924316,0.02692026450176532,0,0.7252894791581306,0.0
-81.41116479329713,28.414179642749904,0,-1,2020,255,0.9412534236907959,0.8791496440160064,59,2047.0391928819304,0.6107501476668621
-81.94271094757296,33.44225148783553,0,-1,2020,202,0.7494743466377258,0.6161835267072926,0,948.940373305093,0.2025968937852313
-85.70730638207118,31.967110571219617,0,-1,2020,73,0.11127737909555435,0.09624925929284346,0,7.691715176289277,6.216405952744596E-4
-93.92023752227962,31.637047335041945,0,-1,2020,60,0.18976688385009766,0.19800297619589452,0,34.47134149416303,0.00787620709966442
-81.56324341423444,37.20097723828841,0,-1,2017,57,0.4272376298904419,0.3671164829530981,0,57.54505540917059,0.02134933605455565
-86.46442232458062,33.50251098774462,0,-1,2017,42,0.33800241351127625,0.3253996963201382,0,42.117826896832106,0.0069931930084030074
-89.95155466479058,32.41919512238175,0,-1,2018,322,0.4964943528175354,0.4805135483663087,0,251.93887186857827,0.060736568778627376
-82.60316035498894,29.711101297329968,0,-1,2020,182,0.43247324228286743,0.5027867497957923,0,56.10133129101194,0.010887404102387218
-81.86430116082195,29.023821699866943,0,-1,2017,225,0.2752188444137573,0.3192077182739454,0,21.136704456274057,0.0025468376765516144
-88.62852729726832,31.314055931299098,0,-1,2018,83,0.05834493041038513,0.06092651798629825,0,2.0462238639443773,0.0
-80.97219942122999,34.04354334747323,0,-1,2019,62,0.746954083442688,0.7618453818736446,1768,1743.3692612191248,0.8484069022554283
-94.27434854047269,32.89922501243796,0,-1,2019,107,0.298284649848938,0.2615854777069259,0,26.019314292198008,0.0021419037901573663
-94.24207031015575,31.929927052341952,0,-1,2017,9,0.4680669903755188,0.4130541251419237,442,207.14943235184754,0.060407121730557206
-83.22255284030734,33.908653067039275,0,-1,2020,198,0.4198191463947296,0.4217835772168043,0,116.4888441330446,0.019522642503197782
-84.9984153847624,35.24405706129983,0,-1,2017,62,0.37274399399757385,0.3860823261606302,0,134.9355074587821,0.018778608139430032
-94.13313276562809,36.59945464816099,0,-1,2017,307,0.23373670876026154,0.24339261415000277,0,12.583934565741572,0.0030035824639532017
-90.43671883795024,32.219454841867126,0,-1,2018,282,0.3519091308116913,0.3729144895244108,0,53.36757341099125,0.0097253106959481
-80.44282550241428,36.99762920466039,0,-1,2017,82,0.3648054301738739,0.3489030902755904,0,62.30170832414028,0.00834538466050965
-94.45470429559911,29.710778273759612,0,-1,2017,109,0.22644518315792084,0.3307488385061517,0,1.797275022298424,0.0
-85.65627722070971,36.06760506590908,0,-1,2017,34,0.3941546678543091,0.3836023599955804,0,87.7185318267064,0.005331142476532089
-82.60285252416021,36.28446312348735,0,-1,2020,107,0.4522591233253479,0.4491766590762795,0,145.22993841751278,0.019793246181109232
-84.08973478917056,32.981844039394616,0,-1,2017,273,0.28552448749542236,0.3027382649739987,0,27.48572788270926,0.0026610905410084968
-91.03582653086416,37.68198111164532,0,-1,2019,79,0.12276884913444519,0.1357259627409208,89,13.029730930821138,0.00235461092499348
-79.42382967394487,37.386220342441504,0,-1,2020,288,0.3890698552131653,0.38728498876803025,0,61.199574501615345,0.004489397300305097
-90.48397174044621,34.77810627980379,0,-1,2017,105,0.5694074034690857,0.399200332667838,0,0.0,0.0
-85.50860412649666,34.69724894371538,0,-1,2019,330,0.16993233561515808,0.17736709362609526,0,23.516650802755905,4.2642592669634317E-4
-81.38514829321143,29.388877488023066,0,-1,2018,293,0.07065562903881073,0.12964722428529332,0,2.371640723243185,0.0
-85.74407962103874,36.416484483726464,0,-1,2018,324,0.21423271298408508,0.2184140774059366,0,15.813788213047589,7.011251025649491E-4
-84.0699913464994,36.53955418819469,0,-1,2020,113,0.1722050905227661,0.22565248940365806,0,4.156233058914001,0.0017980130432132637
-84.20275793448012,36.273848210652034,0,-1,2020,300,0.48350679874420166,0.4315481372997488,0,76.02747985262555,0.009757663130268681
-85.66291411222738,37.82792403777396,0,-1,2020,0,0.35034167766571045,0.3626700711264724,99,84.05738058842996,0.010892106966531713
-84.56846378447403,35.58091502406576,0,-1,2019,322,0.422240674495697,0.4158913582737416,0,108.78822709966975,0.014005704769050973
-89.75020296486663,35.251743081922534,0,-1,2018,128,0.533112645149231,0.5230541026919593,0,378.4623988704374,0.17155822791990435
-79.99467057141588,33.103044431103676,0,-1,2017,57,0.27841806411743164,0.29676805999113554,0,5.273271077521409,0.0014273306004851333
-78.7696169284125,37.11266830578785,0,-1,2020,53,0.13432341814041138,0.1856027277923731,0,8.684475933536724,1.8104553798184517E-4
-86.15809803207348,37.40248349277136,0,-1,2019,94,0.24930056929588318,0.2748999739207503,807,49.32684173700366,0.003742126994642183
-93.64992507691741,36.894540267273655,0,-1,2017,10,0.41562196612358093,0.38462898191237427,0,66.83408343103514,0.005628248790105753
-85.61445401155991,36.207677420233054,0,-1,2020,53,0.44947776198387146,0.4528594798739467,38,209.94643633819322,0.028586913438437795
-82.30741821143532,31.610956880709555,0,-1,2019,341,0.3992810547351837,0.4166707768406109,0,46.10987594397309,0.0118231935956114
-82.5941012088882,37.03178713619081,0,-1,2017,124,0.3504320979118347,0.3434996629832909,0,61.35222125916006,0.00639056381797438
-83.82630469484717,31.87779092806643,0,-1,2020,69,0.38758397102355957,0.4566060174980264,0,15.070866662884585,0.0017169270225534455
-90.0442705525715,36.75229902232966,0,-1,2018,74,0.5657628178596497,0.5522059479505764,0,34.831550515619874,0.007836604360571073
-83.86061131566072,34.816323717422705,0,-1,2019,38,0.341731995344162,0.3470412339975354,0,103.76380449307887,0.014915908976342016
-76.22950161403516,36.30755894313671,0,-1,2018,75,0.738917350769043,0.7100441296954405,1319,1071.2947511748632,0.4593207124022096
-89.91777233248916,32.300539190511074,0,-1,2018,189,0.4312281310558319,0.4078959014811675,307,89.04500742244262,0.010316717531366558
-83.36511243500746,33.843143837278504,0,-1,2020,114,0.40839338302612305,0.4103118194435265,0,89.47927724057946,0.023619771904192195
-77.23007795358649,37.11707661032989,0,-1,2020,280,0.4515763223171234,0.4212018403336608,0,113.66829080732188,0.01775659899788212
-89.48985939038603,32.82493396362158,0,-1,2019,111,0.3394753932952881,0.3215284489432574,0,75.68028919642099,0.01762796104052267
-78.99641870893878,34.721846600177244,0,-1,2020,147,0.566619336605072,0.5564880768546094,19,135.28532213026395,0.02897993221068488
-94.21923306071052,32.00138632586048,0,-1,2017,342,0.3176756799221039,0.3183495496441925,0,24.837456821562746,0.006711246528433143
-87.49954430930298,36.195672208904575,0,-1,2020,124,0.2141478955745697,0.245986039500465,0,23.17740278241795,8.273621956762665E-4
-86.01004753766254,35.52310709411269,0,-1,2017,132,0.4512873589992523,0.47342565832744343,0,119.46076042727147,0.0212990390477886
-80.30305518063248,34.34400725339563,0,-1,2018,82,0.3127676248550415,0.29037381913957894,0,24.423708835107206,0.0062164631265029255
-91.58363676456622,36.56845932006489,0,-1,2017,157,0.32133087515830994,0.2658013903443663,0,56.952355136416365,0.009491629944627876
-79.40132997459087,34.144899680759615,0,-1,2018,283,0.5450456738471985,0.4879194868534189,0,199.99955245002107,0.05980767357390362
-79.33937933587784,35.661036998487404,0,-1,2018,2,0.3583438992500305,0.3665765962297594,0,79.8864648502135,0.011235808769919798
-93.13616712737056,36.10642353867308,0,-1,2019,73,0.34765860438346863,0.3382783044534115,0,55.833204109934435,0.008400426359797994
-80.99480304750887,35.17826215876047,0,-1,2017,267,0.5192659497261047,0.5382594766188814,7,366.8244256043366,0.0894030985596496
-90.28234161514581,36.155704162481655,0,-1,2020,71,0.5651800036430359,0.5802264112257728,0,11.578048964978194,0.0025331449712713678
-85.6184857346615,31.498213106101847,0,-1,2018,93,0.3582785725593567,0.38596310144771706,0,77.26293760952055,0.00799178765534292
-83.12724026118214,32.360931550345924,0,-1,2019,101,0.36448606848716736,0.3271540915363674,0,25.742928460445093,0.002814887029557653
-82.52952528207584,35.04905233606606,0,-1,2018,100,0.3856782019138336,0.3631550893955765,0,61.75751797348027,0.005942843446067588
-84.01475704288563,30.548163441703778,0,-1,2020,134,0.3149524927139282,0.29560086007620273,0,43.57645345722048,0.003188219705765843
-92.86980985226509,32.779631756251625,0,-1,2019,264,0.14972709119319916,0.18147252121913693,0,26.597841023701477,0.0028617158003585823
-80.53424551934455,34.57460554194731,0,-1,2017,282,0.34521177411079407,0.33163762915330763,3,31.521153573398486,0.004215276852802217
-86.18524069140697,30.509994637150253,0,-1,2017,81,0.4742159843444824,0.4118752209603331,0,152.69805784238326,0.016815197653303533
-82.63030942796838,36.576082175636074,0,-1,2019,94,0.44752004742622375,0.5065576674507845,0,394.871517447431,0.10982677048867821
-93.95221656146595,35.78379595139787,0,-1,2019,293,0.15561693906784058,0.1590371394663796,0,16.343963539171433,0.007582722373433537
-89.6169144696947,32.05011602330276,0,-1,2017,249,0.1738145649433136,0.1994119625939768,0,21.51285590917974,0.0053266193488908705
-76.20215120392874,35.8922695303212,0,-1,2019,65,0.1636505424976349,0.2914697796969181,0,60.040825910727015,0.0077051830371436675
-87.45800482691567,37.35775433038726,0,-1,2017,82,0.6119025349617004,0.596368724378807,0,183.7313416371454,0.045158114605091074
-85.3511392852671,30.142222202193565,0,-1,2018,54,0.1008993461728096,0.043355077552951836,0,4.065541270986916,9.501862146547108E-4
-90.82593022799578,30.825540680933237,0,-1,2018,53,0.30757978558540344,0.321583087690705,204,14.737622560992902,0.0
-84.02967136406087,33.66163693759222,0,-1,2019,83,0.7539778351783752,0.7366047712561764,0,1195.8864404215615,0.4617462427289234
-83.51416499828419,35.987344298937764,0,-1,2018,76,0.4610133767127991,0.46009946245104755,158,210.37155464502396,0.026678104566484076
-92.27240659517888,29.937634726700686,0,-1,2019,24,0.5635324716567993,0.540663905918289,0,63.48252713588747,0.013636211717783895
-87.77442345430353,35.121122017475486,0,-1,2019,60,0.3082423210144043,0.2728089028787388,0,32.66234777237084,0.003454767372101203
-82.23278178781798,35.39370897572292,0,-1,2017,85,0.29340317845344543,0.26585384118444233,15,27.498619489778537,0.003205972091006241
-77.12097065289815,35.688306216570595,0,-1,2018,110,0.0537215955555439,0.1498980784633639,0,6.232438156530403,0.0
-79.50318661399545,35.067355956851614,0,-1,2020,77,0.33940210938453674,0.34101049081454593,0,40.35145280396366,0.010361110966009699
-82.73287511466684,36.19085886749141,0,-1,2020,94,0.6449122428894043,0.5641266664424212,849,396.2076298297094,0.09001401719217036
-89.2606533782441,35.38596141873787,0,-1,2017,115,0.43081390857696533,0.39089339752446145,0,12.771038656097828,0.0021519769357495875
-90.45254581665459,31.22177554936597,0,-1,2019,62,0.5963631868362427,0.5780565748007701,46,659.7574255241368,0.25185218503216067
-93.71541096850929,30.643893904006717,0,-1,2019,166,0.25312232971191406,0.20861757752345114,0,29.29321772676127,0.0022718325569188362
-92.8509566622585,34.874634585037406,0,-1,2019,64,0.09569510817527771,0.09749717742446015,0,0.6804113638799064,0.0
-93.24966230524564,32.358874732728864,0,-1,2018,78,0.18181145191192627,0.21993046237140623,0,10.017598709091827,6.824810318260099E-4
-81.41091407106914,31.833037366261944,0,-1,2020,79,0.4022407829761505,0.40117036821744595,0,131.28862366411494,0.012682128929031112
-82.87424891315217,34.21267389296633,0,-1,2017,279,0.40458622574806213,0.38068788281676613,840,164.61499768349984,0.03512051449950679
-87.6298200631425,35.326191674979185,0,-1,2019,106,0.10309555381536484,0.17608271652342952,0,18.216279509565997,0.0022852096583030578
-89.00550763242407,35.25462855876169,0,-1,2019,121,0.5508979558944702,0.5568150898061944,0,569.1718871147698,0.22309727803699847
-91.88469557964336,35.399276207042476,0,-1,2019,69,0.15077854692935944,0.20229825809710672,0,15.621897713590496,4.112888507304235E-5
-76.905403829845,37.47537740535992,0,-1,2019,13,0.32091671228408813,0.3234970024548779,0,51.94227847782098,0.004494614799637196
-89.13371108394594,30.9678226779455,0,-1,2017,127,0.0906752273440361,0.10615988756213265,0,5.4428433198750605,8.009546513547222E-4
-90.58150037363689,32.28940140123073,0,-1,2020,19,0.3782278895378113,0.4096479749872033,298,81.18705185624096,0.009054046397940982
-83.114379756815,30.645824704244504,0,-1,2019,224,0.3441946804523468,0.3206188889475016,0,50.5259400735607,0.005160468614469074
-88.80949074342,31.181680221786525,0,-1,2018,79,0.049074940383434296,0.08109976661008643,0,3.1370782196504083,0.0
-77.31050223548007,37.3480708109845,0,-1,2019,167,0.4992996156215668,0.5343581877196539,0,544.6208057287299,0.0666481697478402
-79.6137143613478,37.72924922136542,0,-1,2017,282,0.176349475979805,0.20381228940211432,0,38.09013895410955,0.004738991691084976
-79.84206346659616,33.73557279597918,0,-1,2018,21,0.3562232255935669,0.48471485266230196,0,78.49136126974525,0.01580537902337798
-87.5562505758561,33.87561897182744,0,-1,2019,48,0.27930721640586853,0.27899404238606434,0,24.01158224497001,0.004936842105263157
-93.16456058651791,31.144020544447308,0,-1,2019,63,0.3605360686779022,0.3610112128814942,0,47.48741029301914,0.013332639638110155
-89.53662028620411,32.647903825921674,0,-1,2017,79,0.32729414105415344,0.3327572471477649,0,46.362092549751324,0.009834009214860634
-89.12948714609466,34.61668900519053,0,-1,2017,25,0.16300258040428162,0.19803846899362362,0,22.621149373120776,0.0025195210827693906
-87.29668693080258,33.262922767254494,0,-1,2020,31,0.4038912057876587,0.3862462201857005,0,89.39457544642573,0.01956466594344867
-92.83750255068615,30.622233046102213,0,-1,2020,141,0.062342576682567596,0.11407389242797907,0,0.9288852607824097,0.0
-91.62565393245904,37.20435789638282,0,-1,2017,52,0.2637413442134857,0.23211415605391045,0,36.91912420537743,0.005814278953073553
-86.49969309389928,37.33112330134919,0,-1,2018,42,0.17242483794689178,0.17393501042858536,395,24.752745953953063,0.0014064273730950438
-78.77447600896004,34.96166711196897,0,-1,2020,77,0.4501572251319885,0.41414710776415864,0,119.0243604937026,0.012389250007901299
-82.40487594800872,31.477709347534365,0,-1,2018,51,0.3218316435813904,0.28443429535384385,0,32.25465587937736,0.0063438428209390395
-89.37303979801499,34.60388999973666,0,-1,2018,79,0.15512529015541077,0.1663162980787792,0,8.619109605232055,7.160387491114376E-4
-85.9050148127864,31.84064619369012,0,-1,2020,124,0.40664663910865784,0.3846982504427827,0,85.64070916397446,0.016051615452801555
-83.96306364484563,33.88023564788153,0,-1,2020,193,0.686943531036377,0.6883718665007056,3403,1203.5663523241599,0.5320047744709624
-87.86861654891828,34.96622295807515,0,-1,2018,85,0.3549073040485382,0.361983723247474,428,78.4283368527215,0.00995251960861467
-90.06495177233478,31.32783407093744,0,-1,2019,59,0.18540474772453308,0.2288960909071427,4,16.608270006020177,0.0020691925023470633
-80.8625876183239,27.45650995262857,0,-1,2019,23,0.1470964252948761,0.16671889355208377,0,5.0438814070541795,0.0025540170398634116
-79.21879453952135,33.709312060665724,0,-1,2020,67,0.07342486083507538,0.1004259982562696,0,0.0,0.0
-80.61706344602716,33.16195367161728,0,-1,2018,65,0.42674681544303894,0.4594919936860048,0,56.8261986409309,0.010624813801695413
-93.94351697224866,34.04016959674232,0,-1,2020,80,0.31807464361190796,0.27839183824990354,0,44.9612854833169,0.007281630660837823
-82.8975023053564,29.17324976820043,0,-1,2017,290,0.0,0.035174973240102776,0,0.0,0.0
-91.7194575138479,30.395286646864484,0,-1,2019,56,0.18358097970485687,0.1711018807063226,0,0.8327449806158799,0.0
-81.23907789420639,27.98726207219067,0,-1,2017,55,0.134303480386734,0.13289180039750115,0,1.04881054436348,0.0
-78.49938775484861,36.54684622376995,0,-1,2020,40,0.15437030792236328,0.17464827804577818,0,42.29473664306176,0.005090094675760971
-81.84240961849294,29.94237252332185,0,-1,2020,67,0.16703514754772186,0.16776080966169477,0,0.21137281228430133,0.0
-89.57594831286694,32.56027232518746,0,-1,2018,66,0.32374683022499084,0.32872575642777513,0,103.52730676617792,0.032344268841733234
-82.16170133831143,33.44186713891937,0,-1,2018,357,0.506022572517395,0.560456554518189,0,369.9417619545896,0.0978827852660114
-80.90619158168046,36.41510184885072,0,-1,2019,44,0.20277975499629974,0.19777005062376643,0,9.136196017372775,7.815909944476583E-4
-81.00247205973072,35.8215107867934,0,-1,2018,105,0.5384229421615601,0.5053368931915526,0,188.03121060460896,0.030635977648890218
-88.0466088718212,30.7776832179675,0,-1,2017,64,0.3371356129646301,0.40442933431652606,0,366.92396545746783,0.040436818355424106
-88.70957565771327,34.04397069395963,0,-1,2018,11,0.5286304354667664,0.49103879828276403,0,13.448148930202363,0.0017758407086599746
-92.86886897217703,33.07549303455296,0,-1,2020,14,0.2763008177280426,0.2244181577199055,0,28.947962759855262,0.003464031452555518
-81.58615017932742,28.474688256373398,0,-1,2020,46,0.7496759295463562,0.7092151749506715,242,1132.1069704113675,0.3964456573561082
-81.0310176579987,35.73470642127208,0,-1,2018,68,0.4493218660354614,0.44912495962570453,180,157.0304824817128,0.01919576238000993
-82.47878122343813,33.253690161886844,0,-1,2018,132,0.35357776284217834,0.32687904773500853,0,11.678259279921582,4.965925299804531E-4
-83.52774475948506,33.44554700821424,0,-1,2017,254,0.29172155261039734,0.2925569118769735,0,6.4753627664805045,9.903884904214155E-4
-87.66674648281405,31.715089809233177,0,-1,2017,343,0.08450543880462646,0.08600156707353221,0,0.007233244559307877,0.0
-93.17934925681077,31.324236076382782,0,-1,2019,79,0.07916566729545593,0.09596639829965362,0,15.111360090767274,4.2069268668912165E-4
-87.11331670174505,37.36878466531108,0,-1,2020,267,0.5060522556304932,0.47413334014700115,0,35.44220392829229,0.007678611453194217
-79.6493465158239,36.683379384299805,0,-1,2018,113,0.33894914388656616,0.36062418759600157,0,54.216866748401316,0.005594973980431652
-80.72300869419334,34.40942436303096,0,-1,2018,59,0.2614164352416992,0.26515227622940357,0,10.858075822333173,0.0
-90.76701794988813,30.43522267201461,0,-1,2019,78,0.3704569935798645,0.3799343502763639,0,89.22918347536685,0.016419622000424697
-85.44403009833803,32.66471230132997,0,-1,2019,254,0.4665025770664215,0.46126801425521047,0,97.92082462659515,0.02032513634218871
-85.47446852009803,35.59333091100187,0,-1,2017,245,0.1074734628200531,0.10439493593023823,0,2.7343555478513015,0.0
-85.30780343159066,32.155491996682066,0,-1,2018,73,0.11467795819044113,0.10546145657730277,825,9.751153569762605,0.0
-91.42662063444611,30.03180879386884,0,-1,2020,280,0.02829858474433422,0.029375773505310603,0,0.1886612267281891,6.125557521446289E-4
-77.89150773557377,35.03648945457544,0,-1,2020,194,0.346333771944046,0.40524791332899934,0,66.28946273567955,0.016166963711335858
-83.20114599622103,35.50324003923944,0,-1,2019,330,0.2143651694059372,0.21595147048755348,0,2.6239800308236334,0.0
-82.40221115618246,35.512755962375344,0,-1,2020,156,0.4701845049858093,0.48652309849877196,144,341.98195662656644,0.08208413892377797
-90.75481991830911,30.29937488154642,0,-1,2020,81,0.3341958820819855,0.3331051962994494,0,18.143827477629397,0.0020345768681736378
-88.33586741203558,37.49704666328011,0,-1,2017,189,0.12732051312923431,0.1794206256797384,0,9.258771653344768,7.910045758112803E-4
-90.16646257850711,29.330297490790795,0,-1,2020,54,0.07675102353096008,0.04509649371466634,0,0.0,0.0
-91.95329478654986,36.83164840901083,0,-1,2020,270,0.32191455364227295,0.28155182619522234,0,26.155805392184682,0.0036900743340747295
-77.1810165710875,37.17306750483821,0,-1,2019,51,0.24401342868804932,0.26212193112426,0,10.085545620443712,0.001006382984076505
-94.26619628935549,37.19060596180578,0,-1,2020,312,0.45292943716049194,0.47293868339711426,269,108.08722949589944,0.018353563671851727
-80.20329796509576,34.883436248881154,0,-1,2020,255,0.1387156993150711,0.1603499715174777,0,106.35704560496707,0.008681764628878125
-89.42697472240778,36.943788817988285,0,-1,2017,109,0.6306063532829285,0.6632528823828624,0,69.10289746814296,0.01656882533910622
-93.74935669436377,31.310232336945,0,-1,2018,94,0.06142471730709076,0.08466073123759293,0,11.447207925036164,0.0016843832835756435
-83.77413220481125,31.518952440479715,0,-1,2017,49,0.5067504048347473,0.48666253520775327,0,131.10253145407324,0.03544241170319221
-85.45168595395995,34.22419589522571,0,-1,2017,102,0.18352548778057098,0.2747057392802773,0,11.033483352873692,0.0
-91.70990284248332,35.938478408412045,0,-1,2019,129,0.1947948932647705,0.19334658409011807,0,14.771774450261123,0.001183090241933011
-81.02796164376089,37.34325942869696,0,-1,2020,4,0.38277047872543335,0.3834979587083129,255,53.70764076672407,0.005530437693191297
-80.98754353632506,35.38543167821665,0,-1,2018,166,0.40574800968170166,0.4418211535552444,0,100.13458707991774,0.017224285178874716
-84.51689253161132,30.42049666500816,0,-1,2020,115,0.2751803994178772,0.2686652604864815,0,74.51501006974758,0.00590955736094795
-85.63959958983493,30.34210710451493,0,-1,2020,158,0.24509859085083008,0.26031266688427923,0,18.024192607954316,0.001961784760288456
-86.18976398118073,35.43041868399148,0,-1,2017,73,0.3585551679134369,0.3660730774418597,0,42.38397992921012,0.003719496770929593
-85.07381712270154,31.437022491949957,0,-1,2018,48,0.1572558581829071,0.18707649812186733,0,7.73484201402569,0.0011096746390864042
-94.49785954102535,31.88874549541384,0,-1,2019,244,0.2849624454975128,0.3049216168047286,8,55.11457108727648,0.014151084031039684
-93.47410691865683,36.06046393915159,0,-1,2018,7,0.20728160440921783,0.21949441891825,0,33.86888154867341,0.003246346582006035
-89.08841825564951,32.11785522923173,0,-1,2020,255,0.10045357793569565,0.10832436116654072,0,6.515446534378862,0.0
-91.59601371142533,36.93526324445065,0,-1,2020,116,0.14822004735469818,0.1633026305560254,0,15.81444910540101,0.0013738379830846204
-82.3263907833425,28.60899707168328,0,-1,2019,275,0.3874770998954773,0.41005283726036945,0,94.25604263647732,0.01108609936196143
-83.95634568987882,37.5987484256794,0,-1,2017,97,0.18859116733074188,0.17901124355785064,0,16.268361021025,2.599668542260863E-4
-85.76382992079847,33.02761369541868,0,-1,2019,106,0.31067195534706116,0.31740975194777926,47,90.17625570488424,0.019678360037291585
-83.36735585626928,30.511786306686567,0,-1,2017,35,0.4097249209880829,0.4224357966523523,0,54.07689543771176,0.006296910191247654
-82.23642965569186,36.116230103825224,0,-1,2020,83,0.13127759099006653,0.13065300125703694,0,8.237859457142495,0.0
-92.2320468175147,36.018721916602054,0,-1,2020,55,0.107111856341362,0.11304271427291342,0,0.596382181344815,0.0
-93.87085159673303,32.70412946302176,0,-1,2020,61,0.28143903613090515,0.3852411965162546,0,7.500589373625056,0.0
-88.2717182909165,37.23334156382528,0,-1,2017,101,0.37957170605659485,0.36489530858905067,0,13.745411224849981,2.0096160126203884E-4
-83.60558867844635,31.43686481570371,0,-1,2019,57,0.5654931664466858,0.520771685943171,0,93.29489349229912,0.04170271140413493
-83.1816817006206,33.09086122860466,0,-1,2019,93,0.416353315114975,0.40891590602840255,1945,75.50894019383817,0.011358632966237441
-88.90988257911948,32.56549749539587,0,-1,2017,245,0.31154435873031616,0.3282158796299374,167,41.454064957372715,0.006193396036548551
-81.49949249761441,29.687273758363975,0,-1,2017,5,0.45220276713371277,0.5366824106052899,0,107.79241281067014,0.026814143986027255
-85.99980450798495,37.64073775730511,0,-1,2019,47,0.6000500917434692,0.6072600748547973,0,45.413484024280315,0.01193590831271622
-81.5463463368252,37.75863861281388,0,-1,2019,103,0.11468150466680527,0.14704762608266397,0,5.111648986126607,0.0015056781294633503
-94.24624058768367,29.78878420131223,0,-1,2020,125,0.32129842042922974,0.3224821256753592,0,6.518617038040908,0.0
-92.2765557257807,34.884630132440535,0,-1,2018,81,0.26960068941116333,0.28057141211385966,0,2.382974766926583,0.0
-87.64652811615206,31.397976309048964,0,-1,2018,56,0.0702887699007988,0.08681929778490571,0,8.36120321226409,9.061928572584425E-4
-92.90694704575583,35.4036582192111,0,-1,2017,265,0.34765586256980896,0.3329495260484944,0,86.6750935296695,0.02711860834005236
-89.49111630135928,35.68544133375626,0,-1,2020,113,0.5443630218505859,0.5058673363306243,164,26.5731736526946,0.00752004567039468
-93.49946770196046,30.522174400173554,0,-1,2018,20,0.3342054486274719,0.30070351521105143,133,13.92870448291839,0.0023790274120770475
-84.7355654492867,35.965778551067984,0,-1,2017,59,0.11367342621088028,0.11266645823427925,0,5.03746241466474,0.0
-81.67900271433147,29.136215494162013,0,-1,2020,235,0.12590499222278595,0.1110580084555326,0,0.5754520440871028,0.0
-82.93231859612808,36.6726164452903,0,-1,2020,269,0.18817731738090515,0.20196719994006093,0,22.6370171927447,0.0022489780825942257
-93.71037372744438,30.076359426619636,0,-1,2020,82,0.38092243671417236,0.3663602118331576,0,121.38840737752444,0.0348902676276959
-82.22870788130074,33.12412049116095,0,-1,2017,67,0.3581122159957886,0.31956022431847364,0,1.5062261064694138,0.0
-87.38070086693975,35.55939392513173,0,-1,2020,328,0.15674856305122375,0.1797101587514961,0,18.759740914678357,0.003109843375106838
-84.34996121214232,32.90951086384273,0,-1,2020,192,0.3982855975627899,0.49916152509853484,0,288.9342690006872,0.11804775806572326
-93.08846441435766,34.13820162805178,0,-1,2018,346,0.46074795722961426,0.5125126056779783,0,394.15351472993785,0.11569613262846633
-94.16143772964894,35.90334406230987,0,-1,2019,37,0.32666245102882385,0.36528176606619056,0,35.085559845559835,0.007599647388697425
-80.50799954627475,34.20854252024978,0,-1,2018,72,0.3614903688430786,0.3608050150674157,0,82.43551365934218,0.008745529959528094
-88.17885551117101,31.697995813499762,0,-1,2019,352,0.04904160648584366,0.06272105559203521,0,2.9224196618802076,0.0
-91.07513765943588,32.94941762502485,0,-1,2018,44,0.14342395961284637,0.15392809446302078,0,4.2484021027949,0.0013800989203850446
-90.46855274571269,32.06822177957355,0,-1,2017,32,0.144340381026268,0.2104839910289201,0,23.1850842137112,0.004102489897853093
-80.35701344115975,34.24253181647355,0,-1,2018,50,0.2923794686794281,0.31316703775970817,0,38.120189367912076,0.003071412299788693
-89.47976711365752,29.932974564082134,0,-1,2017,26,0.036999791860580444,0.041151864442148516,0,0.0,0.0
-88.98636269153437,35.82677678078078,0,-1,2017,101,0.3710113763809204,0.45622371400688705,11,33.529333341738024,0.008138380904138195
-89.92794431319949,33.710763297266524,0,-1,2018,60,0.21346555650234222,0.1750894125670798,0,14.574456014724797,0.0010260932091524367
-90.52206530967047,33.310050786359184,0,-1,2019,135,0.3670782148838043,0.338921899334431,0,22.109125120556744,0.0018092988437945546
-78.07652456335371,34.10936082154674,0,-1,2019,176,0.33029690384864807,0.36280080258622255,0,81.92198885555082,0.012533278612944735
-94.23076365999644,34.36700887422735,0,-1,2017,212,0.10805652290582657,0.11799203521999224,0,0.3126566119805209,0.0
-83.80456771542276,31.458887817087447,0,-1,2018,94,0.3405248820781708,0.36534296128065963,0,42.12406789917239,0.007844075222670076
-81.43512713109146,32.934366807898186,0,-1,2019,40,0.1284882128238678,0.11054518704729081,0,3.0830281330568132,0.0
-90.08391009086908,34.095463871992166,0,-1,2018,78,0.3399184048175812,0.2975299312482116,0,13.533423054012065,0.0015309921038557926
-83.0978327321346,35.978742858846864,0,-1,2018,124,0.39722633361816406,0.4024727050281481,67,111.48308151005719,0.013263590998324396
-82.02761167839914,27.123146047447893,0,-1,2018,54,0.315854549407959,0.3028638091552641,0,4.518719998991432,0.0027543946521416196
-82.64647253594839,35.784331800699505,0,-1,2019,291,0.4173832833766937,0.4222654613318637,404,157.1368441623117,0.021265283016871497
-78.9767146167898,36.915562107124714,0,-1,2020,244,0.31120410561561584,0.3095126701354049,0,37.83447793322764,2.0171304806065506E-5
-79.69737023001852,33.269738268405376,0,-1,2020,4,0.19642631709575653,0.24664738096966074,0,44.20192813763588,0.009240106289319957
-75.74421951695743,35.76826941158934,0,-1,2017,31,0.01968330331146717,0.01186775454064214,0,0.0,0.0
-86.08392282573841,33.66825917590733,0,-1,2019,299,0.3305141031742096,0.34884511310769206,0,29.872220996564675,0.0058128628085110864
-93.23836481305614,32.376546101820566,0,-1,2017,38,0.10690142214298248,0.158771880835846,0,6.390566448046444,7.368390140239686E-4
-82.37410277785288,30.27433914152496,0,-1,2018,82,0.08056128025054932,0.10330170287920865,0,0.0,0.0
-84.01390010698407,33.479495788806325,0,-1,2020,97,0.4682312607765198,0.4698755588351356,0,173.34577006234124,0.04694634336018016
-89.12252158012538,33.95262660774645,0,-1,2020,317,0.3984176218509674,0.3632831418851105,0,23.918790205404097,0.0024671980766353715
-85.12446523069026,35.768364861045626,0,-1,2018,82,0.18924671411514282,0.2730178234581239,0,29.605358212248248,0.002228717667582917
-90.12843151484296,30.88983598702385,0,-1,2017,190,0.4155960977077484,0.4096339400355347,0,63.51286148299421,0.006347844383537688
-88.78950725040421,36.71933882694041,0,-1,2020,20,0.46233659982681274,0.4669462106990655,0,93.920361819815,0.01959833885737492
-83.47236806756223,37.189575204591364,0,-1,2020,94,0.14566080272197723,0.19282829886677566,0,24.411363342693512,0.003165466900062048
-91.91994020018949,32.44440278823062,0,-1,2017,85,0.570563793182373,0.48353251208533976,0,3.827134968861097,0.0014933054582981118
-81.33697286761604,29.19049244744651,0,-1,2019,265,0.30579233169555664,0.30262759566008784,0,39.88060689342175,0.007159591311316568
-83.00786157395243,34.796464309008684,0,-1,2019,312,0.4128108620643616,0.4189381383671645,0,145.8931486816144,0.022909926034200837
-93.24434048272992,34.98290426252285,0,-1,2020,162,0.25124627351760864,0.27193273733331824,0,41.867916024495464,0.008672845633796932
-85.51057166238219,36.8721766219955,0,-1,2020,46,0.22289659082889557,0.1922227050473695,1,17.354653874762032,0.0017405163363143053
-85.64460831190893,36.39891343039052,0,-1,2017,56,0.40058836340904236,0.40871611682771336,747,94.33541658787486,0.028319516484553327
-84.23996691049894,37.55467454201209,0,-1,2018,76,0.41817212104797363,0.4045279734417248,52,57.226990345731856,0.012267928926765717
-87.32243434586573,37.83195751587104,0,-1,2019,345,0.5997087359428406,0.6258076545513478,0,40.09686112222997,0.009980220970810184
-79.78177923242814,32.863618644290234,0,-1,2020,102,0.5711945295333862,0.6357869593303448,80,954.8506508241666,0.3621678959144777
-81.53776090307382,26.302190601383995,0,-1,2017,36,0.4560369849205017,0.48137577603301634,0,344.44048512049204,0.06466309747143902
-77.03950693634468,36.731835044601695,0,-1,2019,106,0.356585294008255,0.3699923913140345,0,29.703293863284653,0.006851330980454384
-91.10191971055661,33.56045888171939,0,-1,2020,34,0.39870885014533997,0.39493217307450074,0,3.4350199507063124,0.0
-80.91730504275473,36.416513294556076,0,-1,2018,145,0.1485227346420288,0.18641890548958753,0,8.309607778250522,0.0
-80.52894326067936,26.43192032428492,0,-1,2017,278,0.6159523725509644,0.4649822838197368,0,0.0,0.0
-93.6908415388432,32.252089257301755,0,-1,2017,21,0.4636269509792328,0.43282284884701355,253,120.5526003945817,0.017822690761942133
-80.51792033531667,26.605370696928553,0,-1,2019,356,0.6143268346786499,0.6242833665620551,0,3.7517492656236215,0.005777571999511434
-81.00776217660142,37.78346244457777,0,-1,2017,48,0.18413929641246796,0.22314470021111504,0,16.117496879609675,0.0
-82.52832580084923,28.058950059805838,0,-1,2017,77,0.8231350183486938,0.8377471875105472,0,2268.7604301603974,0.8863420427553441
-90.30734572253235,33.882557835046484,0,-1,2019,78,0.4865736663341522,0.5165165982783424,0,3.4785546573378086,9.201585503963757E-4
-92.55340035624369,35.35810629407344,0,-1,2018,253,0.376453161239624,0.3673071921852297,0,95.62805481489886,0.019922146349135625
-93.47572673740683,34.66617825585245,0,-1,2019,78,0.10237409174442291,0.1035724757011477,0,7.466040929276756,0.0017538617437283211
-85.28555768549538,35.89991741597726,0,-1,2020,53,0.14025361835956573,0.15188395524535744,0,11.673065710224495,0.0016777706910109916
-86.9091274238308,30.698818427187373,0,-1,2017,69,0.12918353080749512,0.103956015301584,0,20.213006300488217,0.0
-82.32274032520728,30.20420655124688,0,-1,2020,267,0.07523398101329803,0.1273413193455401,0,0.0,0.0
-81.62185135344893,32.56833699665571,0,-1,2018,162,0.3669288456439972,0.3815089002103735,0,38.12855116770148,0.0024838735579882773
-81.39319060897986,31.812545323121665,0,-1,2019,106,0.420440137386322,0.42245130146404164,0,153.95719445775228,0.02842420026255846
-93.72660098201747,34.367200687124026,0,-1,2020,37,0.12092962861061096,0.13121158754396428,0,8.028705781498196,3.6440302975090455E-4
-78.31326996042596,34.19163499567508,0,-1,2020,75,0.020529579371213913,0.026327350370559336,0,0.1687735786617249,0.0
-81.1559551399509,32.79828600626384,0,-1,2017,75,0.3337574899196625,0.3275309502701764,0,27.82992369684229,0.0017682806666205074
-80.66711488395798,27.409646124594506,0,-1,2019,51,0.08524222671985626,0.11868147245862681,0,0.0,0.0
-81.78908705090998,36.80369397864088,0,-1,2019,75,0.4632546007633209,0.4577852279799636,0,93.01845974439388,0.01487751567139557
-83.26775837766247,31.081209869814696,0,-1,2020,122,0.4633105993270874,0.44589807485195443,0,35.86351459529647,0.005559794454426366
-79.21724705886797,33.563586789761956,0,-1,2017,2,0.32738733291625977,0.2835341438364388,0,52.894793574150356,0.003755276719932624
-81.43121445774493,31.663062737589478,0,-1,2020,81,0.17633871734142303,0.14489419023813777,0,0.38806473471060043,0.0
-78.08198615015121,35.802749250825,0,-1,2020,205,0.5957845449447632,0.5899519420604185,0,107.53337388585621,0.02394547216720743
-92.63512686579308,33.49903765825446,0,-1,2019,340,0.049602873623371124,0.04990620735586437,0,2.157992775960211,1.368309427388818E-4
-78.26402101747223,36.47554919646356,0,-1,2018,42,0.3362458050251007,0.35883775087700154,0,27.346891693849567,0.007875631718016465
-90.19282406796799,37.02782046337979,0,-1,2018,204,0.15694193542003632,0.1357967006311729,0,10.064477798229909,0.0023056661809531262
-81.75113096772581,32.512213764954865,0,-1,2018,23,0.5554463863372803,0.5106355427951406,1,142.20502622157247,0.025124684205941262
-93.33536837971873,33.311351848911706,0,-1,2018,108,0.3131655752658844,0.28264038190371055,0,24.041989845283986,1.6876435485869946E-4
-82.07057685799155,28.411277286767866,0,-1,2019,181,0.2285575121641159,0.23802165496607325,0,0.5818688384054863,0.0
-80.54574731540494,37.11044079496658,0,-1,2020,75,0.4946638345718384,0.5255436457436053,0,255.6060047339441,0.07420565384030654
-87.34313786515436,36.085778644294734,0,-1,2017,92,0.5825735330581665,0.5743831233189468,0,354.1150011819399,0.08590706340692211
-80.6874968604251,26.7871889891611,0,-1,2017,48,0.5224374532699585,0.4493887937872946,0,41.85132750056732,0.009187892253424335
-85.73257248405366,30.269340069961846,0,-1,2018,96,0.2056843787431717,0.13921807960580893,0,0.0737621734060323,0.0
-82.2145942201109,37.22327498380704,0,-1,2020,161,0.3228866755962372,0.3095876071572653,321,76.71461754963237,0.009567177222758837
-77.66946417025984,35.25658306832391,0,-1,2018,70,0.5610299110412598,0.5817729170963987,3287,317.6046727852648,0.06191057811309323
-92.80399856625354,34.67657691458929,0,-1,2017,65,0.07737646251916885,0.10634497730144843,0,8.83903430669588,3.1141410550190875E-5
-79.68125469562008,36.64245970929572,0,-1,2018,294,0.448339581489563,0.40481805145086647,0,141.0789227350804,0.018807898902353574
-81.56094406226931,35.620140135560945,0,-1,2017,305,0.32605427503585815,0.33643008413785325,0,64.74822404457694,0.002114241219453082
-89.61607369998522,34.19615064253216,0,-1,2019,85,0.35709092020988464,0.3419479934547527,0,46.10491132633858,0.008042555886264329
-84.505453874281,30.800054081899532,0,-1,2018,84,0.4377443492412567,0.38133355217943266,71,23.41652352872582,0.006093752131040221
-90.76537355194712,30.624450868182574,0,-1,2018,155,0.29514336585998535,0.2906119637395023,0,10.407869067391973,0.0020236850132914967
-85.39163248481844,33.9396115406218,0,-1,2020,86,0.1949956864118576,0.181360524473258,0,40.508763801292915,0.003313396719289134
-91.55108852593571,31.765728760189926,0,-1,2017,218,0.32346972823143005,0.3591482258147912,0,25.70535843728528,0.00542562840114019
-85.48182945539381,36.187042552982504,0,-1,2020,77,0.7574520111083984,0.6677457288453733,4739,1238.1772490607907,0.46064760024075413
-92.06502368281124,32.323860414837064,0,-1,2017,33,0.2315698117017746,0.21442439685281411,0,11.957528215245848,3.3056088718276826E-4
-78.14746333163218,33.94738252866978,0,-1,2020,77,0.3455759882926941,0.38291493721480124,0,221.06888650761135,0.01805565918078042
-93.56225151376746,36.455275692733906,0,-1,2018,85,0.3731043338775635,0.3772317682741756,0,57.7888373764147,0.01033660354007399
-88.63374534344183,37.381239971987235,0,-1,2020,313,0.4088514745235443,0.2944225276113321,0,16.923075953316708,0.0018892273789548617
-89.14570913259796,34.06165788459751,0,-1,2017,68,0.19562377035617828,0.2982681103317289,0,14.152458396369129,0.0044536988836832644
-92.35194346770741,33.759167259510406,0,-1,2018,65,0.2524927258491516,0.221569640386847,0,41.2307575929498,0.0087972127642727
-87.54607565097355,34.67413173314204,0,-1,2017,98,0.576280951499939,0.5328332554394624,0,118.75068154670916,0.012612689779224388
-85.29435032898273,31.37708847158754,0,-1,2019,116,0.4169424772262573,0.51157313414446,0,48.009700965684175,0.00786105336482471
-82.00083097857728,34.15515919585407,0,-1,2020,82,0.3361547589302063,0.36154223500099547,0,84.12697467125592,0.02572181545753057
-93.04477406224542,32.1203364944553,0,-1,2020,1,0.087617889046669,0.10752162926611994,0,0.008840465062040842,0.0
-78.9676016853432,35.65301873491415,0,-1,2018,79,0.805440366268158,0.7203262809906592,0,60.37174331011442,0.007764092439841953
-90.98591375402711,37.5727154170454,0,-1,2020,152,0.09428656846284866,0.09085231923270083,0,0.04220771034517535,0.0
-92.58362127696581,32.439443697766364,0,-1,2019,94,0.12651336193084717,0.155603676489044,0,2.2968725869942737,0.0
-94.28395914467713,34.43936478115724,0,-1,2020,191,0.1055951938033104,0.11775323483715043,0,4.530440894206192,3.3305232043796373E-4
-81.74872770314198,34.80257971909744,0,-1,2020,31,0.29268014430999756,0.2984527023893805,0,20.80255477673281,0.0034513361601419975
-90.75378136203243,30.641925445782835,0,-1,2017,95,0.2995815575122833,0.2732843595204348,0,6.172181861161454,0.0012058369024114017
-87.79127004172372,32.05768720305402,0,-1,2018,32,0.3892177939414978,0.3681351615311178,0,97.3742447689316,0.021605399275302185
-92.3954760632746,31.867914865989793,0,-1,2019,168,0.03772250562906265,0.06686003334916331,0,5.542424805927906,0.001652448444951972
-86.68241320848279,37.42603464613173,0,-1,2017,32,0.18443720042705536,0.22486184009767565,0,33.86435923780468,0.0011028868062152681
-82.18553988542376,36.51635064567983,0,-1,2019,121,0.4925459623336792,0.5015092954400131,7,248.89284644938414,0.062378793314110954
-87.71307386684715,37.6352341357732,0,-1,2017,64,0.6417703032493591,0.6414514473867864,0,9.272979983421946,0.002319139664300776
-79.29233561373286,34.23812796897316,0,-1,2018,135,0.5162405371665955,0.5172471930842965,700,32.87710965643525,0.002054900439549496
-81.9836368134804,28.50042287250348,0,-1,2018,68,0.2311200648546219,0.22933183442468794,0,0.0,0.0
-93.18680358435219,36.5542209448474,0,-1,2020,40,0.30637580156326294,0.3096144100678775,0,14.162148192505278,0.00257194071080012
-76.21401728306294,36.79764509354169,0,-1,2020,111,0.7572522163391113,0.8304277615893587,1199,1646.0383734087254,0.6753407645604854
-83.93433774238106,33.994501660971416,0,-1,2020,81,0.6638920307159424,0.6869501596076744,1830,968.6017896034069,0.2963523313416066
-92.23001146165305,35.383983316086955,0,-1,2020,116,0.4744962155818939,0.4336384806289823,0,202.94588520818226,0.050271015360282834
-81.42669114887197,34.210661066045965,0,-1,2017,73,0.408516526222229,0.43047045480175405,0,91.57338628340901,0.01556559538535935
-91.41259805481266,37.70568311791316,0,-1,2017,84,0.10691232234239578,0.11574819733486268,0,0.5061456810044879,0.0
-88.99141271267253,31.031042616600963,0,-1,2019,243,0.12232299894094467,0.11048755648486944,0,14.342939808248707,0.0034034234595244433
