2026-05-14 06:42:51.435202: I tensorflow/core/util/port.cc:153] oneDNN custom operations are on. You may see slightly different numerical results due to floating-point round-off errors from different computation orders. To turn them off, set the environment variable `TF_ENABLE_ONEDNN_OPTS=0`.
C:\Users\nonna\miniconda3\Lib\site-packages\h5py\__init__.py:36: UserWarning: h5py is running against HDF5 1.14.6 when it was built against 1.14.5, this may cause problems
  _warn(("h5py is running against HDF5 {0} when it was built against {1}, "
2026-05-14 06:42:58.816137: I tensorflow/core/util/port.cc:153] oneDNN custom operations are on. You may see slightly different numerical results due to floating-point round-off errors from different computation orders. To turn them off, set the environment variable `TF_ENABLE_ONEDNN_OPTS=0`.
============================================================
ROBUST FIRE MODEL TRAINING (Universal Parser Edition)
============================================================

Loading Training Data...
Loading data from: 1 files.
2026-05-14 06:43:03.618632: I tensorflow/core/platform/cpu_feature_guard.cc:210] This TensorFlow binary is optimized to use available CPU instructions in performance-critical operations.
To enable the following instructions: SSE3 SSE4.1 SSE4.2 AVX AVX2 AVX512F AVX512_VNNI AVX512_BF16 FMA, in other operations, rebuild TensorFlow with the appropriate compiler flags.
  Counting training records...
2026-05-14 06:43:03.662139: I tensorflow/core/kernels/data/tf_record_dataset_op.cc:390] TFRecordDataset `buffer_size` is unspecified, default to 262144
2026-05-14 06:46:22.091097: I tensorflow/core/framework/local_rendezvous.cc:407] Local rendezvous is aborting with status: OUT_OF_RANGE: End of sequence
  Total samples: 9952

Loading Validation Data...
Loading data from: 1 files.
2026-05-14 06:46:48.423332: I tensorflow/core/framework/local_rendezvous.cc:407] Local rendezvous is aborting with status: OUT_OF_RANGE: End of sequence
  Validation samples: 990

Steps per epoch: 155

============================================================
Starting Training
============================================================
Epoch 1/30
2026-05-14 06:47:05.347202: I tensorflow/core/kernels/data/shuffle_dataset_op.cc:453] ShuffleDatasetV3:7: Filling up shuffle buffer (this may take a while): 352 of 1024
2026-05-14 06:47:15.349899: I tensorflow/core/kernels/data/shuffle_dataset_op.cc:453] ShuffleDatasetV3:7: Filling up shuffle buffer (this may take a while): 711 of 1024
2026-05-14 06:47:24.302442: I tensorflow/core/kernels/data/shuffle_dataset_op.cc:483] Shuffle buffer filled.

[1m  1/155[0m [37m====================[0m [1m1:43:03[0m 40s/step - accuracy: 0.5000 - auc: 0.5760 - loss: 1.0583 - precision: 0.7500 - recall: 0.0882
[1m  2/155[0m [37m====================[0m [1m7:27[0m 3s/step - accuracy: 0.5234 - auc: 0.5944 - loss: 1.0137 - precision: 0.8083 - recall: 0.1383    
[1m  3/155[0m [37m====================[0m [1m8:10[0m 3s/step - accuracy: 0.5347 - auc: 0.5928 - loss: 1.0168 - precision: 0.7813 - recall: 0.1938
[1m  4/155[0m [37m====================[0m [1m8:02[0m 3s/step - accuracy: 0.5436 - auc: 0.6005 - loss: 1.0046 - precision: 0.7655 - recall: 0.2426
[1m  5/155[0m [37m====================[0m [1m7:50[0m 3s/step - accuracy: 0.5549 - auc: 0.6098 - loss: 0.9859 - precision: 0.7581 - recall: 0.2886
[1m  6/155[0m [37m====================[0m [1m7:50[0m 3s/step - accuracy: 0.5648 - auc: 0.6167 - loss: 0.9674 - precision: 0.7508 - recall: 0.3288
[1m  7/155[0m [37m====================[0m [1m7:50[0m 3s/step - accuracy: 0.5722 - auc: 0.6198 - loss: 0.9537 - precision: 0.7423 - recall: 0.3632
[1m  8/155[0m [32m=[0m[37m===================[0m [1m7:43[0m 3s/step - accuracy: 0.5795 - auc: 0.6239 - loss: 0.9397 - precision: 0.7363 - recall: 0.3940
[1m  9/155[0m [32m=[0m[37m===================[0m [1m7:39[0m 3s/step - accuracy: 0.5857 - auc: 0.6276 - loss: 0.9273 - precision: 0.7305 - recall: 0.4211
[1m 10/155[0m [32m=[0m[37m===================[0m [1m7:33[0m 3s/step - accuracy: 0.5915 - auc: 0.6314 - loss: 0.9159 - precision: 0.7260 - recall: 0.4455
[1m 11/155[0m [32m=[0m[37m===================[0m [1m7:31[0m 3s/step - accuracy: 0.5962 - auc: 0.6351 - loss: 0.9055 - precision: 0.7209 - recall: 0.4674
[1m 12/155[0m [32m=[0m[37m===================[0m [1m7:27[0m 3s/step - accuracy: 0.6009 - auc: 0.6392 - loss: 0.8953 - precision: 0.7176 - recall: 0.4870
[1m 13/155[0m [32m=[0m[37m===================[0m [1m7:24[0m 3s/step - accuracy: 0.6053 - auc: 0.6430 - loss: 0.8863 - precision: 0.7149 - recall: 0.5046
[1m 14/155[0m [32m=[0m[37m===================[0m [1m7:19[0m 3s/step - accuracy: 0.6089 - auc: 0.6463 - loss: 0.8785 - precision: 0.7121 - recall: 0.5205
[1m 15/155[0m [32m=[0m[37m===================[0m [1m7:15[0m 3s/step - accuracy: 0.6120 - auc: 0.6493 - loss: 0.8714 - precision: 0.7098 - recall: 0.5343
[1m 16/155[0m [32m==[0m[37m==================[0m [1m7:13[0m 3s/step - accuracy: 0.6150 - auc: 0.6524 - loss: 0.8646 - precision: 0.7080 - recall: 0.5465
[1m 17/155[0m [32m==[0m[37m==================[0m [1m7:10[0m 3s/step - accuracy: 0.6179 - auc: 0.6557 - loss: 0.8581 - precision: 0.7066 - recall: 0.5579
[1m 18/155[0m [32m==[0m[37m==================[0m [1m7:04[0m 3s/step - accuracy: 0.6208 - auc: 0.6591 - loss: 0.8516 - precision: 0.7055 - recall: 0.5685
[1m 19/155[0m [32m==[0m[37m==================[0m [1m6:58[0m 3s/step - accuracy: 0.6236 - auc: 0.6625 - loss: 0.8452 - precision: 0.7048 - recall: 0.5783
[1m 20/155[0m [32m==[0m[37m==================[0m [1m6:53[0m 3s/step - accuracy: 0.6263 - auc: 0.6656 - loss: 0.8395 - precision: 0.7041 - recall: 0.5874
[1m 21/155[0m [32m==[0m[37m==================[0m [1m6:48[0m 3s/step - accuracy: 0.6286 - auc: 0.6686 - loss: 0.8343 - precision: 0.7032 - recall: 0.5956
[1m 22/155[0m [32m==[0m[37m==================[0m [1m6:45[0m 3s/step - accuracy: 0.6309 - auc: 0.6712 - loss: 0.8298 - precision: 0.7024 - recall: 0.6032
[1m 23/155[0m [32m==[0m[37m==================[0m [1m6:43[0m 3s/step - accuracy: 0.6330 - auc: 0.6738 - loss: 0.8253 - precision: 0.7021 - recall: 0.6099
[1m 24/155[0m [32m===[0m[37m=================[0m [1m6:41[0m 3s/step - accuracy: 0.6350 - auc: 0.6763 - loss: 0.8211 - precision: 0.7019 - recall: 0.6159
[1m 25/155[0m [32m===[0m[37m=================[0m [1m6:39[0m 3s/step - accuracy: 0.6368 - auc: 0.6785 - loss: 0.8173 - precision: 0.7018 - recall: 0.6213
[1m 26/155[0m [32m===[0m[37m=================[0m [1m6:39[0m 3s/step - accuracy: 0.6386 - auc: 0.6808 - loss: 0.8135 - precision: 0.7018 - recall: 0.6264
[1m 27/155[0m [32m===[0m[37m=================[0m [1m6:37[0m 3s/step - accuracy: 0.6402 - auc: 0.6827 - loss: 0.8103 - precision: 0.7016 - recall: 0.6312
[1m 28/155[0m [32m===[0m[37m=================[0m [1m6:34[0m 3s/step - accuracy: 0.6418 - auc: 0.6845 - loss: 0.8071 - precision: 0.7014 - recall: 0.6358
[1m 29/155[0m [32m===[0m[37m=================[0m [1m6:31[0m 3s/step - accuracy: 0.6431 - auc: 0.6862 - loss: 0.8042 - precision: 0.7012 - recall: 0.6399
[1m 30/155[0m [32m===[0m[37m=================[0m [1m6:26[0m 3s/step - accuracy: 0.6444 - auc: 0.6879 - loss: 0.8012 - precision: 0.7011 - recall: 0.6439
[1m 31/155[0m [32m====[0m[37m================[0m [1m6:23[0m 3s/step - accuracy: 0.6458 - auc: 0.6897 - loss: 0.7982 - precision: 0.7010 - recall: 0.6477
[1m 32/155[0m [32m====[0m[37m================[0m [1m6:21[0m 3s/step - accuracy: 0.6471 - auc: 0.6914 - loss: 0.7953 - precision: 0.7010 - recall: 0.6514
[1m 33/155[0m [32m====[0m[37m================[0m [1m6:19[0m 3s/step - accuracy: 0.6484 - auc: 0.6932 - loss: 0.7925 - precision: 0.7011 - recall: 0.6550
[1m 34/155[0m [32m====[0m[37m================[0m [1m6:17[0m 3s/step - accuracy: 0.6497 - auc: 0.6949 - loss: 0.7897 - precision: 0.7011 - recall: 0.6584
[1m 35/155[0m [32m====[0m[37m================[0m [1m6:14[0m 3s/step - accuracy: 0.6509 - auc: 0.6966 - loss: 0.7870 - precision: 0.7013 - recall: 0.6618
[1m 36/155[0m [32m====[0m[37m================[0m [1m6:11[0m 3s/step - accuracy: 0.6522 - auc: 0.6982 - loss: 0.7843 - precision: 0.7015 - recall: 0.6650
[1m 37/155[0m [32m====[0m[37m================[0m [1m6:06[0m 3s/step - accuracy: 0.6534 - auc: 0.6998 - loss: 0.7817 - precision: 0.7017 - recall: 0.6680
[1m 38/155[0m [32m====[0m[37m================[0m [1m6:01[0m 3s/step - accuracy: 0.6546 - auc: 0.7013 - loss: 0.7792 - precision: 0.7018 - recall: 0.6710
[1m 39/155[0m [32m=====[0m[37m===============[0m [1m5:58[0m 3s/step - accuracy: 0.6557 - auc: 0.7028 - loss: 0.7769 - precision: 0.7019 - recall: 0.6739
[1m 40/155[0m [32m=====[0m[37m===============[0m [1m5:55[0m 3s/step - accuracy: 0.6566 - auc: 0.7041 - loss: 0.7747 - precision: 0.7019 - recall: 0.6766
[1m 41/155[0m [32m=====[0m[37m===============[0m [1m5:52[0m 3s/step - accuracy: 0.6576 - auc: 0.7054 - loss: 0.7725 - precision: 0.7019 - recall: 0.6793
[1m 42/155[0m [32m=====[0m[37m===============[0m [1m5:48[0m 3s/step - accuracy: 0.6585 - auc: 0.7066 - loss: 0.7705 - precision: 0.7018 - recall: 0.6818
[1m 43/155[0m [32m=====[0m[37m===============[0m [1m5:45[0m 3s/step - accuracy: 0.6593 - auc: 0.7078 - loss: 0.7686 - precision: 0.7017 - recall: 0.6843
[1m 44/155[0m [32m=====[0m[37m===============[0m [1m5:41[0m 3s/step - accuracy: 0.6602 - auc: 0.7089 - loss: 0.7666 - precision: 0.7017 - recall: 0.6866
[1m 45/155[0m [32m=====[0m[37m===============[0m [1m5:39[0m 3s/step - accuracy: 0.6610 - auc: 0.7100 - loss: 0.7648 - precision: 0.7017 - recall: 0.6889
[1m 46/155[0m [32m=====[0m[37m===============[0m [1m5:36[0m 3s/step - accuracy: 0.6618 - auc: 0.7111 - loss: 0.7630 - precision: 0.7017 - recall: 0.6910
[1m 47/155[0m [32m======[0m[37m==============[0m [1m5:33[0m 3s/step - accuracy: 0.6625 - auc: 0.7122 - loss: 0.7611 - precision: 0.7017 - recall: 0.6931
[1m 48/155[0m [32m======[0m[37m==============[0m [1m5:30[0m 3s/step - accuracy: 0.6633 - auc: 0.7133 - loss: 0.7594 - precision: 0.7017 - recall: 0.6952
[1m 49/155[0m [32m======[0m[37m==============[0m [1m5:26[0m 3s/step - accuracy: 0.6640 - auc: 0.7144 - loss: 0.7577 - precision: 0.7017 - recall: 0.6972
[1m 50/155[0m [32m======[0m[37m==============[0m [1m5:23[0m 3s/step - accuracy: 0.6647 - auc: 0.7154 - loss: 0.7561 - precision: 0.7017 - recall: 0.6990
[1m 51/155[0m [32m======[0m[37m==============[0m [1m5:20[0m 3s/step - accuracy: 0.6654 - auc: 0.7164 - loss: 0.7546 - precision: 0.7017 - recall: 0.7008
[1m 52/155[0m [32m======[0m[37m==============[0m [1m5:17[0m 3s/step - accuracy: 0.6661 - auc: 0.7173 - loss: 0.7530 - precision: 0.7017 - recall: 0.7026
[1m 53/155[0m [32m======[0m[37m==============[0m [1m5:15[0m 3s/step - accuracy: 0.6668 - auc: 0.7183 - loss: 0.7515 - precision: 0.7017 - recall: 0.7043
[1m 54/155[0m [32m======[0m[37m==============[0m [1m5:11[0m 3s/step - accuracy: 0.6674 - auc: 0.7192 - loss: 0.7500 - precision: 0.7018 - recall: 0.7060
[1m 55/155[0m [32m=======[0m[37m=============[0m [1m5:08[0m 3s/step - accuracy: 0.6681 - auc: 0.7202 - loss: 0.7485 - precision: 0.7018 - recall: 0.7076
[1m 56/155[0m [32m=======[0m[37m=============[0m [1m5:04[0m 3s/step - accuracy: 0.6687 - auc: 0.7211 - loss: 0.7471 - precision: 0.7019 - recall: 0.7092
[1m 57/155[0m [32m=======[0m[37m=============[0m [1m5:01[0m 3s/step - accuracy: 0.6694 - auc: 0.7219 - loss: 0.7457 - precision: 0.7020 - recall: 0.7107
[1m 58/155[0m [32m=======[0m[37m=============[0m [1m4:58[0m 3s/step - accuracy: 0.6700 - auc: 0.7228 - loss: 0.7443 - precision: 0.7021 - recall: 0.7122
[1m 59/155[0m [32m=======[0m[37m=============[0m [1m4:55[0m 3s/step - accuracy: 0.6706 - auc: 0.7236 - loss: 0.7429 - precision: 0.7021 - recall: 0.7136
[1m 60/155[0m [32m=======[0m[37m=============[0m [1m4:52[0m 3s/step - accuracy: 0.6713 - auc: 0.7245 - loss: 0.7416 - precision: 0.7022 - recall: 0.7149
[1m 61/155[0m [32m=======[0m[37m=============[0m [1m4:49[0m 3s/step - accuracy: 0.6718 - auc: 0.7253 - loss: 0.7403 - precision: 0.7023 - recall: 0.7163
[1m 62/155[0m [32m========[0m[37m============[0m [1m4:46[0m 3s/step - accuracy: 0.6724 - auc: 0.7261 - loss: 0.7390 - precision: 0.7023 - recall: 0.7176
[1m 63/155[0m [32m========[0m[37m============[0m [1m4:43[0m 3s/step - accuracy: 0.6730 - auc: 0.7268 - loss: 0.7378 - precision: 0.7024 - recall: 0.7188
[1m 64/155[0m [32m========[0m[37m============[0m [1m4:40[0m 3s/step - accuracy: 0.6735 - auc: 0.7275 - loss: 0.7366 - precision: 0.7025 - recall: 0.7200
[1m 65/155[0m [32m========[0m[37m============[0m [1m4:36[0m 3s/step - accuracy: 0.6740 - auc: 0.7283 - loss: 0.7355 - precision: 0.7025 - recall: 0.7212
[1m 66/155[0m [32m========[0m[37m============[0m [1m4:32[0m 3s/step - accuracy: 0.6745 - auc: 0.7290 - loss: 0.7343 - precision: 0.7026 - recall: 0.7223
[1m 67/155[0m [32m========[0m[37m============[0m [1m4:29[0m 3s/step - accuracy: 0.6750 - auc: 0.7297 - loss: 0.7332 - precision: 0.7027 - recall: 0.7235
[1m 68/155[0m [32m========[0m[37m============[0m [1m4:26[0m 3s/step - accuracy: 0.6755 - auc: 0.7304 - loss: 0.7321 - precision: 0.7027 - recall: 0.7246
[1m 69/155[0m [32m========[0m[37m============[0m [1m4:23[0m 3s/step - accuracy: 0.6761 - auc: 0.7311 - loss: 0.7309 - precision: 0.7028 - recall: 0.7257
[1m 70/155[0m [32m=========[0m[37m===========[0m [1m4:20[0m 3s/step - accuracy: 0.6765 - auc: 0.7317 - loss: 0.7298 - precision: 0.7030 - recall: 0.7268
[1m 71/155[0m [32m=========[0m[37m===========[0m [1m4:17[0m 3s/step - accuracy: 0.6770 - auc: 0.7324 - loss: 0.7288 - precision: 0.7030 - recall: 0.7278
[1m 72/155[0m [32m=========[0m[37m===========[0m [1m4:14[0m 3s/step - accuracy: 0.6775 - auc: 0.7330 - loss: 0.7277 - precision: 0.7031 - recall: 0.7289
[1m 73/155[0m [32m=========[0m[37m===========[0m [1m4:10[0m 3s/step - accuracy: 0.6780 - auc: 0.7337 - loss: 0.7267 - precision: 0.7032 - recall: 0.7299
[1m 74/155[0m [32m=========[0m[37m===========[0m [1m4:07[0m 3s/step - accuracy: 0.6784 - auc: 0.7343 - loss: 0.7257 - precision: 0.7033 - recall: 0.7309
[1m 75/155[0m [32m=========[0m[37m===========[0m [1m4:04[0m 3s/step - accuracy: 0.6789 - auc: 0.7350 - loss: 0.7247 - precision: 0.7034 - recall: 0.7319
[1m 76/155[0m [32m=========[0m[37m===========[0m [1m4:01[0m 3s/step - accuracy: 0.6794 - auc: 0.7356 - loss: 0.7237 - precision: 0.7035 - recall: 0.7328
[1m 77/155[0m [32m=========[0m[37m===========[0m [1m3:57[0m 3s/step - accuracy: 0.6799 - auc: 0.7362 - loss: 0.7227 - precision: 0.7036 - recall: 0.7338
[1m 78/155[0m [32m==========[0m[37m==========[0m [1m3:54[0m 3s/step - accuracy: 0.6803 - auc: 0.7368 - loss: 0.7218 - precision: 0.7037 - recall: 0.7347
[1m 79/155[0m [32m==========[0m[37m==========[0m [1m3:50[0m 3s/step - accuracy: 0.6808 - auc: 0.7374 - loss: 0.7208 - precision: 0.7038 - recall: 0.7356
[1m 80/155[0m [32m==========[0m[37m==========[0m [1m3:47[0m 3s/step - accuracy: 0.6813 - auc: 0.7380 - loss: 0.7199 - precision: 0.7040 - recall: 0.7365
[1m 81/155[0m [32m==========[0m[37m==========[0m [1m3:44[0m 3s/step - accuracy: 0.6818 - auc: 0.7386 - loss: 0.7189 - precision: 0.7041 - recall: 0.7373
[1m 82/155[0m [32m==========[0m[37m==========[0m [1m3:40[0m 3s/step - accuracy: 0.6822 - auc: 0.7392 - loss: 0.7180 - precision: 0.7043 - recall: 0.7382
[1m 83/155[0m [32m==========[0m[37m==========[0m [1m3:37[0m 3s/step - accuracy: 0.6826 - auc: 0.7397 - loss: 0.7171 - precision: 0.7044 - recall: 0.7390
[1m 84/155[0m [32m==========[0m[37m==========[0m [1m3:34[0m 3s/step - accuracy: 0.6831 - auc: 0.7403 - loss: 0.7163 - precision: 0.7045 - recall: 0.7398
[1m 85/155[0m [32m==========[0m[37m==========[0m [1m3:30[0m 3s/step - accuracy: 0.6835 - auc: 0.7408 - loss: 0.7154 - precision: 0.7046 - recall: 0.7406
[1m 86/155[0m [32m===========[0m[37m=========[0m [1m3:27[0m 3s/step - accuracy: 0.6839 - auc: 0.7414 - loss: 0.7145 - precision: 0.7048 - recall: 0.7414
[1m 87/155[0m [32m===========[0m[37m=========[0m [1m3:24[0m 3s/step - accuracy: 0.6844 - auc: 0.7419 - loss: 0.7137 - precision: 0.7049 - recall: 0.7422
[1m 88/155[0m [32m===========[0m[37m=========[0m [1m3:20[0m 3s/step - accuracy: 0.6848 - auc: 0.7425 - loss: 0.7128 - precision: 0.7050 - recall: 0.7429
[1m 89/155[0m [32m===========[0m[37m=========[0m [1m3:17[0m 3s/step - accuracy: 0.6852 - auc: 0.7430 - loss: 0.7120 - precision: 0.7052 - recall: 0.7437
[1m 90/155[0m [32m===========[0m[37m=========[0m [1m3:14[0m 3s/step - accuracy: 0.6857 - auc: 0.7436 - loss: 0.7111 - precision: 0.7053 - recall: 0.7444
[1m 91/155[0m [32m===========[0m[37m=========[0m [1m3:10[0m 3s/step - accuracy: 0.6861 - auc: 0.7441 - loss: 0.7103 - precision: 0.7054 - recall: 0.7452
[1m 92/155[0m [32m===========[0m[37m=========[0m [1m3:07[0m 3s/step - accuracy: 0.6865 - auc: 0.7447 - loss: 0.7094 - precision: 0.7056 - recall: 0.7459
[1m 93/155[0m [32m============[0m[37m========[0m [1m3:04[0m 3s/step - accuracy: 0.6870 - auc: 0.7452 - loss: 0.7086 - precision: 0.7057 - recall: 0.7466
[1m 94/155[0m [32m============[0m[37m========[0m [1m3:01[0m 3s/step - accuracy: 0.6874 - auc: 0.7458 - loss: 0.7078 - precision: 0.7059 - recall: 0.7473
[1m 95/155[0m [32m============[0m[37m========[0m [1m2:58[0m 3s/step - accuracy: 0.6878 - auc: 0.7463 - loss: 0.7069 - precision: 0.7060 - recall: 0.7480
[1m 96/155[0m [32m============[0m[37m========[0m [1m2:55[0m 3s/step - accuracy: 0.6882 - auc: 0.7469 - loss: 0.7061 - precision: 0.7062 - recall: 0.7487
[1m 97/155[0m [32m============[0m[37m========[0m [1m2:51[0m 3s/step - accuracy: 0.6886 - auc: 0.7474 - loss: 0.7053 - precision: 0.7064 - recall: 0.7493
[1m 98/155[0m [32m============[0m[37m========[0m [1m2:48[0m 3s/step - accuracy: 0.6891 - auc: 0.7479 - loss: 0.7045 - precision: 0.7065 - recall: 0.7500
[1m 99/155[0m [32m============[0m[37m========[0m [1m2:45[0m 3s/step - accuracy: 0.6895 - auc: 0.7484 - loss: 0.7037 - precision: 0.7067 - recall: 0.7506
[1m100/155[0m [32m============[0m[37m========[0m [1m2:42[0m 3s/step - accuracy: 0.6899 - auc: 0.7490 - loss: 0.7029 - precision: 0.7069 - recall: 0.7512
[1m101/155[0m [32m=============[0m[37m=======[0m [1m2:39[0m 3s/step - accuracy: 0.6903 - auc: 0.7495 - loss: 0.7021 - precision: 0.7070 - recall: 0.7519
[1m102/155[0m [32m=============[0m[37m=======[0m [1m2:35[0m 3s/step - accuracy: 0.6907 - auc: 0.7500 - loss: 0.7014 - precision: 0.7072 - recall: 0.7525
[1m103/155[0m [32m=============[0m[37m=======[0m [1m2:32[0m 3s/step - accuracy: 0.6911 - auc: 0.7505 - loss: 0.7006 - precision: 0.7074 - recall: 0.7531
[1m104/155[0m [32m=============[0m[37m=======[0m [1m2:29[0m 3s/step - accuracy: 0.6915 - auc: 0.7510 - loss: 0.6998 - precision: 0.7075 - recall: 0.7537
[1m105/155[0m [32m=============[0m[37m=======[0m [1m2:26[0m 3s/step - accuracy: 0.6918 - auc: 0.7515 - loss: 0.6991 - precision: 0.7077 - recall: 0.7542
[1m106/155[0m [32m=============[0m[37m=======[0m [1m2:23[0m 3s/step - accuracy: 0.6922 - auc: 0.7520 - loss: 0.6983 - precision: 0.7079 - recall: 0.7548
[1m107/155[0m [32m=============[0m[37m=======[0m [1m2:20[0m 3s/step - accuracy: 0.6926 - auc: 0.7525 - loss: 0.6976 - precision: 0.7081 - recall: 0.7554
[1m108/155[0m [32m=============[0m[37m=======[0m [1m2:17[0m 3s/step - accuracy: 0.6930 - auc: 0.7530 - loss: 0.6969 - precision: 0.7082 - recall: 0.7559
[1m109/155[0m [32m==============[0m[37m======[0m [1m2:14[0m 3s/step - accuracy: 0.6934 - auc: 0.7534 - loss: 0.6962 - precision: 0.7084 - recall: 0.7565
[1m110/155[0m [32m==============[0m[37m======[0m [1m2:11[0m 3s/step - accuracy: 0.6938 - auc: 0.7539 - loss: 0.6954 - precision: 0.7086 - recall: 0.7570
[1m111/155[0m [32m==============[0m[37m======[0m [1m2:08[0m 3s/step - accuracy: 0.6942 - auc: 0.7544 - loss: 0.6947 - precision: 0.7088 - recall: 0.7576
[1m112/155[0m [32m==============[0m[37m======[0m [1m2:05[0m 3s/step - accuracy: 0.6945 - auc: 0.7549 - loss: 0.6940 - precision: 0.7090 - recall: 0.7581
[1m113/155[0m [32m==============[0m[37m======[0m [1m2:02[0m 3s/step - accuracy: 0.6949 - auc: 0.7554 - loss: 0.6933 - precision: 0.7092 - recall: 0.7587
[1m114/155[0m [32m==============[0m[37m======[0m [1m1:59[0m 3s/step - accuracy: 0.6953 - auc: 0.7559 - loss: 0.6925 - precision: 0.7094 - recall: 0.7592
[1m115/155[0m [32m==============[0m[37m======[0m [1m1:56[0m 3s/step - accuracy: 0.6957 - auc: 0.7563 - loss: 0.6918 - precision: 0.7096 - recall: 0.7597
[1m116/155[0m [32m==============[0m[37m======[0m [1m1:53[0m 3s/step - accuracy: 0.6961 - auc: 0.7568 - loss: 0.6911 - precision: 0.7098 - recall: 0.7603
[1m117/155[0m [32m===============[0m[37m=====[0m [1m1:50[0m 3s/step - accuracy: 0.6964 - auc: 0.7573 - loss: 0.6904 - precision: 0.7100 - recall: 0.7608
[1m118/155[0m [32m===============[0m[37m=====[0m [1m1:47[0m 3s/step - accuracy: 0.6968 - auc: 0.7578 - loss: 0.6897 - precision: 0.7102 - recall: 0.7613
[1m119/155[0m [32m===============[0m[37m=====[0m [1m1:44[0m 3s/step - accuracy: 0.6972 - auc: 0.7583 - loss: 0.6890 - precision: 0.7104 - recall: 0.7618
[1m120/155[0m [32m===============[0m[37m=====[0m [1m1:41[0m 3s/step - accuracy: 0.6976 - auc: 0.7587 - loss: 0.6883 - precision: 0.7106 - recall: 0.7623
[1m121/155[0m [32m===============[0m[37m=====[0m [1m1:38[0m 3s/step - accuracy: 0.6980 - auc: 0.7592 - loss: 0.6876 - precision: 0.7108 - recall: 0.7628
[1m122/155[0m [32m===============[0m[37m=====[0m [1m1:35[0m 3s/step - accuracy: 0.6983 - auc: 0.7597 - loss: 0.6869 - precision: 0.7110 - recall: 0.7633
[1m123/155[0m [32m===============[0m[37m=====[0m [1m1:32[0m 3s/step - accuracy: 0.6987 - auc: 0.7601 - loss: 0.6862 - precision: 0.7112 - recall: 0.7638
[1m124/155[0m [32m================[0m[37m====[0m [1m1:29[0m 3s/step - accuracy: 0.6991 - auc: 0.7606 - loss: 0.6856 - precision: 0.7115 - recall: 0.7643
[1m125/155[0m [32m================[0m[37m====[0m [1m1:26[0m 3s/step - accuracy: 0.6994 - auc: 0.7610 - loss: 0.6849 - precision: 0.7117 - recall: 0.7648
[1m126/155[0m [32m================[0m[37m====[0m [1m1:23[0m 3s/step - accuracy: 0.6998 - auc: 0.7615 - loss: 0.6843 - precision: 0.7119 - recall: 0.7653
[1m127/155[0m [32m================[0m[37m====[0m [1m1:20[0m 3s/step - accuracy: 0.7002 - auc: 0.7619 - loss: 0.6836 - precision: 0.7121 - recall: 0.7658
[1m128/155[0m [32m================[0m[37m====[0m [1m1:17[0m 3s/step - accuracy: 0.7005 - auc: 0.7624 - loss: 0.6830 - precision: 0.7123 - recall: 0.7662
[1m129/155[0m [32m================[0m[37m====[0m [1m1:14[0m 3s/step - accuracy: 0.7009 - auc: 0.7628 - loss: 0.6823 - precision: 0.7125 - recall: 0.7667
[1m130/155[0m [32m================[0m[37m====[0m [1m1:11[0m 3s/step - accuracy: 0.7012 - auc: 0.7632 - loss: 0.6817 - precision: 0.7127 - recall: 0.7672
[1m131/155[0m [32m================[0m[37m====[0m [1m1:08[0m 3s/step - accuracy: 0.7016 - auc: 0.7637 - loss: 0.6811 - precision: 0.7129 - recall: 0.7677
[1m132/155[0m [32m=================[0m[37m===[0m [1m1:06[0m 3s/step - accuracy: 0.7020 - auc: 0.7641 - loss: 0.6804 - precision: 0.7132 - recall: 0.7681
[1m133/155[0m [32m=================[0m[37m===[0m [1m1:03[0m 3s/step - accuracy: 0.7023 - auc: 0.7645 - loss: 0.6798 - precision: 0.7134 - recall: 0.7686
[1m134/155[0m [32m=================[0m[37m===[0m [1m1:00[0m 3s/step - accuracy: 0.7026 - auc: 0.7649 - loss: 0.6792 - precision: 0.7136 - recall: 0.7691
[1m135/155[0m [32m=================[0m[37m===[0m [1m57s[0m 3s/step - accuracy: 0.7030 - auc: 0.7653 - loss: 0.6786 - precision: 0.7138 - recall: 0.7695 
[1m136/155[0m [32m=================[0m[37m===[0m [1m54s[0m 3s/step - accuracy: 0.7033 - auc: 0.7658 - loss: 0.6780 - precision: 0.7140 - recall: 0.7700
[1m137/155[0m [32m=================[0m[37m===[0m [1m51s[0m 3s/step - accuracy: 0.7037 - auc: 0.7662 - loss: 0.6774 - precision: 0.7142 - recall: 0.7704
[1m138/155[0m [32m=================[0m[37m===[0m [1m48s[0m 3s/step - accuracy: 0.7040 - auc: 0.7666 - loss: 0.6768 - precision: 0.7144 - recall: 0.7709
[1m139/155[0m [32m=================[0m[37m===[0m [1m45s[0m 3s/step - accuracy: 0.7043 - auc: 0.7670 - loss: 0.6762 - precision: 0.7146 - recall: 0.7713
[1m140/155[0m [32m==================[0m[37m==[0m [1m42s[0m 3s/step - accuracy: 0.7047 - auc: 0.7674 - loss: 0.6756 - precision: 0.7148 - recall: 0.7717
[1m141/155[0m [32m==================[0m[37m==[0m [1m40s[0m 3s/step - accuracy: 0.7050 - auc: 0.7678 - loss: 0.6751 - precision: 0.7150 - recall: 0.7722
[1m142/155[0m [32m==================[0m[37m==[0m [1m37s[0m 3s/step - accuracy: 0.7053 - auc: 0.7682 - loss: 0.6745 - precision: 0.7152 - recall: 0.7726
[1m143/155[0m [32m==================[0m[37m==[0m [1m34s[0m 3s/step - accuracy: 0.7057 - auc: 0.7686 - loss: 0.6739 - precision: 0.7154 - recall: 0.7730
[1m144/155[0m [32m==================[0m[37m==[0m [1m31s[0m 3s/step - accuracy: 0.7060 - auc: 0.7690 - loss: 0.6733 - precision: 0.7156 - recall: 0.7734
[1m145/155[0m [32m==================[0m[37m==[0m [1m28s[0m 3s/step - accuracy: 0.7064 - auc: 0.7694 - loss: 0.6727 - precision: 0.7158 - recall: 0.7739
[1m146/155[0m [32m==================[0m[37m==[0m [1m25s[0m 3s/step - accuracy: 0.7067 - auc: 0.7698 - loss: 0.6722 - precision: 0.7160 - recall: 0.7743
[1m147/155[0m [32m==================[0m[37m==[0m [1m22s[0m 3s/step - accuracy: 0.7070 - auc: 0.7702 - loss: 0.6716 - precision: 0.7162 - recall: 0.7747
[1m148/155[0m [32m===================[0m[37m=[0m [1m19s[0m 3s/step - accuracy: 0.7074 - auc: 0.7705 - loss: 0.6710 - precision: 0.7164 - recall: 0.77512026-05-14 06:54:28.690209: I tensorflow/core/kernels/data/shuffle_dataset_op.cc:453] ShuffleDatasetV3:7: Filling up shuffle buffer (this may take a while): 260 of 1024

[1m149/155[0m [32m===================[0m[37m=[0m [1m17s[0m 3s/step - accuracy: 0.7077 - auc: 0.7709 - loss: 0.6704 - precision: 0.7166 - recall: 0.7755
[1m150/155[0m [32m===================[0m[37m=[0m [1m14s[0m 3s/step - accuracy: 0.7080 - auc: 0.7713 - loss: 0.6699 - precision: 0.7168 - recall: 0.7760
[1m151/155[0m [32m===================[0m[37m=[0m [1m11s[0m 3s/step - accuracy: 0.7084 - auc: 0.7717 - loss: 0.6693 - precision: 0.7170 - recall: 0.7764
[1m152/155[0m [32m===================[0m[37m=[0m [1m8s[0m 3s/step - accuracy: 0.7087 - auc: 0.7721 - loss: 0.6687 - precision: 0.7172 - recall: 0.7768 2026-05-14 06:54:38.692110: I tensorflow/core/kernels/data/shuffle_dataset_op.cc:453] ShuffleDatasetV3:7: Filling up shuffle buffer (this may take a while): 515 of 1024

[1m153/155[0m [32m===================[0m[37m=[0m [1m5s[0m 3s/step - accuracy: 0.7090 - auc: 0.7725 - loss: 0.6682 - precision: 0.7175 - recall: 0.7772
[1m154/155[0m [32m===================[0m[37m=[0m [1m2s[0m 3s/step - accuracy: 0.7093 - auc: 0.7729 - loss: 0.6676 - precision: 0.7176 - recall: 0.7776
[1m155/155[0m [32m====================[0m[37m[0m [1m0s[0m 3s/step - accuracy: 0.7097 - auc: 0.7733 - loss: 0.6671 - precision: 0.7179 - recall: 0.77802026-05-14 06:54:47.780496: I tensorflow/core/kernels/data/shuffle_dataset_op.cc:483] Shuffle buffer filled.

Epoch 1: val_auc improved from None to 0.70584, saving model to best_robust_fire_model_v2.keras

[1m155/155[0m [32m====================[0m[37m[0m [1m497s[0m 3s/step - accuracy: 0.7594 - auc: 0.8320 - loss: 0.5825 - precision: 0.7488 - recall: 0.8384 - val_accuracy: 0.6219 - val_auc: 0.7058 - val_loss: 0.6528 - val_precision: 0.6159 - val_recall: 1.0000 - learning_rate: 1.0000e-04
Epoch 2/30

[1m  1/155[0m [37m====================[0m [1m6:53[0m 3s/step - accuracy: 0.7969 - auc: 0.8623 - loss: 0.5454 - precision: 0.7436 - recall: 0.9062
[1m  2/155[0m [37m====================[0m [1m6:34[0m 3s/step - accuracy: 0.8008 - auc: 0.8610 - loss: 0.5425 - precision: 0.7744 - recall: 0.8837
[1m  3/155[0m [37m====================[0m [1m6:29[0m 3s/step - accuracy: 0.8012 - auc: 0.8616 - loss: 0.5414 - precision: 0.7853 - recall: 0.8731
[1m  4/155[0m [37m====================[0m [1m6:28[0m 3s/step - accuracy: 0.7982 - auc: 0.8635 - loss: 0.5384 - precision: 0.7853 - recall: 0.8652
[1m  5/155[0m [37m====================[0m [1m6:23[0m 3s/step - accuracy: 0.7967 - auc: 0.8666 - loss: 0.5337 - precision: 0.7822 - recall: 0.8636
[1m  6/155[0m [37m====================[0m [1m6:14[0m 3s/step - accuracy: 0.7976 - auc: 0.8698 - loss: 0.5282 - precision: 0.7850 - recall: 0.8617
[1m  7/155[0m [37m====================[0m [1m6:06[0m 2s/step - accuracy: 0.8003 - auc: 0.8738 - loss: 0.5212 - precision: 0.7888 - recall: 0.8622
[1m  8/155[0m [32m=[0m[37m===================[0m [1m6:01[0m 2s/step - accuracy: 0.8031 - auc: 0.8772 - loss: 0.5152 - precision: 0.7931 - recall: 0.8627
[1m  9/155[0m [32m=[0m[37m===================[0m [1m5:56[0m 2s/step - accuracy: 0.8057 - auc: 0.8804 - loss: 0.5095 - precision: 0.7969 - recall: 0.8639
[1m 10/155[0m [32m=[0m[37m===================[0m [1m5:52[0m 2s/step - accuracy: 0.8082 - auc: 0.8829 - loss: 0.5046 - precision: 0.8001 - recall: 0.8655
[1m 11/155[0m [32m=[0m[37m===================[0m [1m5:47[0m 2s/step - accuracy: 0.8094 - auc: 0.8842 - loss: 0.5022 - precision: 0.8020 - recall: 0.8659
[1m 12/155[0m [32m=[0m[37m===================[0m [1m5:43[0m 2s/step - accuracy: 0.8106 - auc: 0.8855 - loss: 0.5000 - precision: 0.8033 - recall: 0.8669
[1m 13/155[0m [32m=[0m[37m===================[0m [1m5:40[0m 2s/step - accuracy: 0.8112 - auc: 0.8863 - loss: 0.4983 - precision: 0.8036 - recall: 0.8679
[1m 14/155[0m [32m=[0m[37m===================[0m [1m5:36[0m 2s/step - accuracy: 0.8117 - auc: 0.8870 - loss: 0.4972 - precision: 0.8038 - recall: 0.8688
[1m 15/155[0m [32m=[0m[37m===================[0m [1m5:33[0m 2s/step - accuracy: 0.8120 - auc: 0.8873 - loss: 0.4968 - precision: 0.8039 - recall: 0.8695
[1m 16/155[0m [32m==[0m[37m==================[0m [1m5:32[0m 2s/step - accuracy: 0.8123 - auc: 0.8876 - loss: 0.4962 - precision: 0.8040 - recall: 0.8703
[1m 17/155[0m [32m==[0m[37m==================[0m [1m5:31[0m 2s/step - accuracy: 0.8127 - auc: 0.8879 - loss: 0.4957 - precision: 0.8042 - recall: 0.8710
[1m 18/155[0m [32m==[0m[37m==================[0m [1m5:30[0m 2s/step - accuracy: 0.8130 - auc: 0.8883 - loss: 0.4951 - precision: 0.8044 - recall: 0.8719
[1m 19/155[0m [32m==[0m[37m==================[0m [1m5:28[0m 2s/step - accuracy: 0.8134 - auc: 0.8885 - loss: 0.4946 - precision: 0.8045 - recall: 0.8727
[1m 20/155[0m [32m==[0m[37m==================[0m [1m5:26[0m 2s/step - accuracy: 0.8139 - auc: 0.8889 - loss: 0.4939 - precision: 0.8046 - recall: 0.8736
[1m 21/155[0m [32m==[0m[37m==================[0m [1m5:24[0m 2s/step - accuracy: 0.8143 - auc: 0.8892 - loss: 0.4934 - precision: 0.8046 - recall: 0.8745
[1m 22/155[0m [32m==[0m[37m==================[0m [1m5:21[0m 2s/step - accuracy: 0.8147 - auc: 0.8894 - loss: 0.4930 - precision: 0.8047 - recall: 0.8752
[1m 23/155[0m [32m==[0m[37m==================[0m [1m5:19[0m 2s/step - accuracy: 0.8152 - auc: 0.8895 - loss: 0.4927 - precision: 0.8049 - recall: 0.8758
[1m 24/155[0m [32m===[0m[37m=================[0m [1m5:17[0m 2s/step - accuracy: 0.8155 - auc: 0.8896 - loss: 0.4925 - precision: 0.8051 - recall: 0.8763
[1m 25/155[0m [32m===[0m[37m=================[0m [1m5:15[0m 2s/step - accuracy: 0.8157 - auc: 0.8897 - loss: 0.4924 - precision: 0.8053 - recall: 0.8767
[1m 26/155[0m [32m===[0m[37m=================[0m [1m5:13[0m 2s/step - accuracy: 0.8159 - auc: 0.8897 - loss: 0.4924 - precision: 0.8054 - recall: 0.8770
[1m 27/155[0m [32m===[0m[37m=================[0m [1m5:10[0m 2s/step - accuracy: 0.8160 - auc: 0.8897 - loss: 0.4924 - precision: 0.8055 - recall: 0.8771
[1m 28/155[0m [32m===[0m[37m=================[0m [1m5:08[0m 2s/step - accuracy: 0.8162 - auc: 0.8897 - loss: 0.4922 - precision: 0.8057 - recall: 0.8773
[1m 29/155[0m [32m===[0m[37m=================[0m [1m5:06[0m 2s/step - accuracy: 0.8163 - auc: 0.8898 - loss: 0.4921 - precision: 0.8059 - recall: 0.8774
[1m 30/155[0m [32m===[0m[37m=================[0m [1m5:04[0m 2s/step - accuracy: 0.8166 - auc: 0.8899 - loss: 0.4918 - precision: 0.8061 - recall: 0.8776
[1m 31/155[0m [32m====[0m[37m================[0m [1m5:02[0m 2s/step - accuracy: 0.8169 - auc: 0.8901 - loss: 0.4915 - precision: 0.8064 - recall: 0.8779
[1m 32/155[0m [32m====[0m[37m================[0m [1m5:00[0m 2s/step - accuracy: 0.8172 - auc: 0.8902 - loss: 0.4911 - precision: 0.8068 - recall: 0.8781
[1m 33/155[0m [32m====[0m[37m================[0m [1m4:57[0m 2s/step - accuracy: 0.8176 - auc: 0.8904 - loss: 0.4907 - precision: 0.8072 - recall: 0.8783
[1m 34/155[0m [32m====[0m[37m================[0m [1m4:55[0m 2s/step - accuracy: 0.8179 - auc: 0.8906 - loss: 0.4903 - precision: 0.8075 - recall: 0.8785
[1m 35/155[0m [32m====[0m[37m================[0m [1m4:52[0m 2s/step - accuracy: 0.8183 - auc: 0.8908 - loss: 0.4899 - precision: 0.8079 - recall: 0.8788
[1m 36/155[0m [32m====[0m[37m================[0m [1m4:50[0m 2s/step - accuracy: 0.8187 - auc: 0.8910 - loss: 0.4895 - precision: 0.8083 - recall: 0.8791
[1m 37/155[0m [32m====[0m[37m================[0m [1m4:47[0m 2s/step - accuracy: 0.8192 - auc: 0.8913 - loss: 0.4890 - precision: 0.8087 - recall: 0.8795
[1m 38/155[0m [32m====[0m[37m================[0m [1m4:45[0m 2s/step - accuracy: 0.8196 - auc: 0.8916 - loss: 0.4885 - precision: 0.8090 - recall: 0.8799
[1m 39/155[0m [32m=====[0m[37m===============[0m [1m4:43[0m 2s/step - accuracy: 0.8200 - auc: 0.8918 - loss: 0.4881 - precision: 0.8093 - recall: 0.8802
[1m 40/155[0m [32m=====[0m[37m===============[0m [1m4:40[0m 2s/step - accuracy: 0.8203 - auc: 0.8921 - loss: 0.4876 - precision: 0.8096 - recall: 0.8805
[1m 41/155[0m [32m=====[0m[37m===============[0m [1m4:38[0m 2s/step - accuracy: 0.8207 - auc: 0.8923 - loss: 0.4872 - precision: 0.8099 - recall: 0.8808
[1m 42/155[0m [32m=====[0m[37m===============[0m [1m4:36[0m 2s/step - accuracy: 0.8210 - auc: 0.8925 - loss: 0.4868 - precision: 0.8102 - recall: 0.8810
[1m 43/155[0m [32m=====[0m[37m===============[0m [1m4:33[0m 2s/step - accuracy: 0.8213 - auc: 0.8927 - loss: 0.4865 - precision: 0.8104 - recall: 0.8813
[1m 44/155[0m [32m=====[0m[37m===============[0m [1m4:31[0m 2s/step - accuracy: 0.8215 - auc: 0.8929 - loss: 0.4862 - precision: 0.8106 - recall: 0.8814
[1m 45/155[0m [32m=====[0m[37m===============[0m [1m4:28[0m 2s/step - accuracy: 0.8217 - auc: 0.8930 - loss: 0.4859 - precision: 0.8108 - recall: 0.8815
[1m 46/155[0m [32m=====[0m[37m===============[0m [1m4:26[0m 2s/step - accuracy: 0.8219 - auc: 0.8932 - loss: 0.4857 - precision: 0.8111 - recall: 0.8816
[1m 47/155[0m [32m======[0m[37m==============[0m [1m4:24[0m 2s/step - accuracy: 0.8222 - auc: 0.8934 - loss: 0.4854 - precision: 0.8114 - recall: 0.8817
[1m 48/155[0m [32m======[0m[37m==============[0m [1m4:21[0m 2s/step - accuracy: 0.8224 - auc: 0.8935 - loss: 0.4851 - precision: 0.8117 - recall: 0.8818
[1m 49/155[0m [32m======[0m[37m==============[0m [1m4:19[0m 2s/step - accuracy: 0.8227 - auc: 0.8937 - loss: 0.4848 - precision: 0.8120 - recall: 0.8820
[1m 50/155[0m [32m======[0m[37m==============[0m [1m4:17[0m 2s/step - accuracy: 0.8229 - auc: 0.8939 - loss: 0.4845 - precision: 0.8123 - recall: 0.8821
[1m 51/155[0m [32m======[0m[37m==============[0m [1m4:14[0m 2s/step - accuracy: 0.8232 - auc: 0.8940 - loss: 0.4842 - precision: 0.8126 - recall: 0.8822
[1m 52/155[0m [32m======[0m[37m==============[0m [1m4:12[0m 2s/step - accuracy: 0.8234 - auc: 0.8942 - loss: 0.4840 - precision: 0.8129 - recall: 0.8823
[1m 53/155[0m [32m======[0m[37m==============[0m [1m4:09[0m 2s/step - accuracy: 0.8236 - auc: 0.8943 - loss: 0.4837 - precision: 0.8131 - recall: 0.8824
[1m 54/155[0m [32m======[0m[37m==============[0m [1m4:07[0m 2s/step - accuracy: 0.8238 - auc: 0.8944 - loss: 0.4835 - precision: 0.8133 - recall: 0.8825
[1m 55/155[0m [32m=======[0m[37m=============[0m [1m4:04[0m 2s/step - accuracy: 0.8239 - auc: 0.8945 - loss: 0.4834 - precision: 0.8135 - recall: 0.8827
[1m 56/155[0m [32m=======[0m[37m=============[0m [1m4:02[0m 2s/step - accuracy: 0.8241 - auc: 0.8946 - loss: 0.4832 - precision: 0.8137 - recall: 0.8828
[1m 57/155[0m [32m=======[0m[37m=============[0m [1m4:00[0m 2s/step - accuracy: 0.8243 - auc: 0.8946 - loss: 0.4830 - precision: 0.8138 - recall: 0.8829
[1m 58/155[0m [32m=======[0m[37m=============[0m [1m3:57[0m 2s/step - accuracy: 0.8244 - auc: 0.8947 - loss: 0.4829 - precision: 0.8140 - recall: 0.8830
[1m 59/155[0m [32m=======[0m[37m=============[0m [1m3:55[0m 2s/step - accuracy: 0.8245 - auc: 0.8948 - loss: 0.4828 - precision: 0.8140 - recall: 0.8831
[1m 60/155[0m [32m=======[0m[37m=============[0m [1m3:53[0m 2s/step - accuracy: 0.8246 - auc: 0.8948 - loss: 0.4827 - precision: 0.8141 - recall: 0.8833
[1m 61/155[0m [32m=======[0m[37m=============[0m [1m3:51[0m 2s/step - accuracy: 0.8246 - auc: 0.8949 - loss: 0.4826 - precision: 0.8141 - recall: 0.8834
[1m 62/155[0m [32m========[0m[37m============[0m [1m3:48[0m 2s/step - accuracy: 0.8247 - auc: 0.8949 - loss: 0.4825 - precision: 0.8141 - recall: 0.8835
[1m 63/155[0m [32m========[0m[37m============[0m [1m3:46[0m 2s/step - accuracy: 0.8248 - auc: 0.8949 - loss: 0.4824 - precision: 0.8142 - recall: 0.8836
[1m 64/155[0m [32m========[0m[37m============[0m [1m3:44[0m 2s/step - accuracy: 0.8248 - auc: 0.8950 - loss: 0.4823 - precision: 0.8142 - recall: 0.8837
[1m 65/155[0m [32m========[0m[37m============[0m [1m3:42[0m 2s/step - accuracy: 0.8249 - auc: 0.8950 - loss: 0.4823 - precision: 0.8142 - recall: 0.8837
[1m 66/155[0m [32m========[0m[37m============[0m [1m3:40[0m 2s/step - accuracy: 0.8249 - auc: 0.8950 - loss: 0.4822 - precision: 0.8142 - recall: 0.8838
[1m 67/155[0m [32m========[0m[37m============[0m [1m3:37[0m 2s/step - accuracy: 0.8249 - auc: 0.8950 - loss: 0.4822 - precision: 0.8142 - recall: 0.8839
[1m 68/155[0m [32m========[0m[37m============[0m [1m3:35[0m 2s/step - accuracy: 0.8249 - auc: 0.8951 - loss: 0.4822 - precision: 0.8142 - recall: 0.8839
[1m 69/155[0m [32m========[0m[37m============[0m [1m3:33[0m 2s/step - accuracy: 0.8250 - auc: 0.8951 - loss: 0.4821 - precision: 0.8142 - recall: 0.8840
[1m 70/155[0m [32m=========[0m[37m===========[0m [1m3:31[0m 2s/step - accuracy: 0.8250 - auc: 0.8951 - loss: 0.4821 - precision: 0.8142 - recall: 0.8841
[1m 71/155[0m [32m=========[0m[37m===========[0m [1m3:28[0m 2s/step - accuracy: 0.8250 - auc: 0.8951 - loss: 0.4820 - precision: 0.8142 - recall: 0.8842
[1m 72/155[0m [32m=========[0m[37m===========[0m [1m3:26[0m 2s/step - accuracy: 0.8251 - auc: 0.8952 - loss: 0.4820 - precision: 0.8142 - recall: 0.8842
[1m 73/155[0m [32m=========[0m[37m===========[0m [1m3:23[0m 2s/step - accuracy: 0.8251 - auc: 0.8952 - loss: 0.4820 - precision: 0.8142 - recall: 0.8843
[1m 74/155[0m [32m=========[0m[37m===========[0m [1m3:21[0m 2s/step - accuracy: 0.8251 - auc: 0.8952 - loss: 0.4819 - precision: 0.8141 - recall: 0.8843
[1m 75/155[0m [32m=========[0m[37m===========[0m [1m3:19[0m 2s/step - accuracy: 0.8251 - auc: 0.8952 - loss: 0.4819 - precision: 0.8141 - recall: 0.8844
[1m 76/155[0m [32m=========[0m[37m===========[0m [1m3:16[0m 2s/step - accuracy: 0.8251 - auc: 0.8952 - loss: 0.4819 - precision: 0.8141 - recall: 0.8844
[1m 77/155[0m [32m=========[0m[37m===========[0m [1m3:14[0m 2s/step - accuracy: 0.8251 - auc: 0.8953 - loss: 0.4819 - precision: 0.8140 - recall: 0.8845
[1m 78/155[0m [32m==========[0m[37m==========[0m [1m3:12[0m 2s/step - accuracy: 0.8251 - auc: 0.8953 - loss: 0.4818 - precision: 0.8140 - recall: 0.8845
[1m 79/155[0m [32m==========[0m[37m==========[0m [1m3:09[0m 2s/step - accuracy: 0.8251 - auc: 0.8953 - loss: 0.4818 - precision: 0.8140 - recall: 0.8846
[1m 80/155[0m [32m==========[0m[37m==========[0m [1m3:07[0m 2s/step - accuracy: 0.8252 - auc: 0.8953 - loss: 0.4818 - precision: 0.8139 - recall: 0.8846
[1m 81/155[0m [32m==========[0m[37m==========[0m [1m3:04[0m 2s/step - accuracy: 0.8252 - auc: 0.8953 - loss: 0.4818 - precision: 0.8139 - recall: 0.8846
[1m 82/155[0m [32m==========[0m[37m==========[0m [1m3:02[0m 3s/step - accuracy: 0.8252 - auc: 0.8954 - loss: 0.4817 - precision: 0.8139 - recall: 0.8847
[1m 83/155[0m [32m==========[0m[37m==========[0m [1m3:00[0m 3s/step - accuracy: 0.8252 - auc: 0.8954 - loss: 0.4817 - precision: 0.8139 - recall: 0.8848
[1m 84/155[0m [32m==========[0m[37m==========[0m [1m2:57[0m 3s/step - accuracy: 0.8253 - auc: 0.8954 - loss: 0.4816 - precision: 0.8139 - recall: 0.8848
[1m 85/155[0m [32m==========[0m[37m==========[0m [1m2:55[0m 3s/step - accuracy: 0.8253 - auc: 0.8954 - loss: 0.4816 - precision: 0.8139 - recall: 0.8849
[1m 86/155[0m [32m===========[0m[37m=========[0m [1m2:53[0m 3s/step - accuracy: 0.8253 - auc: 0.8955 - loss: 0.4815 - precision: 0.8139 - recall: 0.8849
[1m 87/155[0m [32m===========[0m[37m=========[0m [1m2:50[0m 3s/step - accuracy: 0.8254 - auc: 0.8955 - loss: 0.4815 - precision: 0.8139 - recall: 0.8850
[1m 88/155[0m [32m===========[0m[37m=========[0m [1m2:47[0m 3s/step - accuracy: 0.8254 - auc: 0.8955 - loss: 0.4814 - precision: 0.8139 - recall: 0.8850
[1m 89/155[0m [32m===========[0m[37m=========[0m [1m2:45[0m 3s/step - accuracy: 0.8254 - auc: 0.8955 - loss: 0.4814 - precision: 0.8138 - recall: 0.8851
[1m 90/155[0m [32m===========[0m[37m=========[0m [1m2:43[0m 3s/step - accuracy: 0.8254 - auc: 0.8956 - loss: 0.4813 - precision: 0.8138 - recall: 0.8852
[1m 91/155[0m [32m===========[0m[37m=========[0m [1m2:40[0m 3s/step - accuracy: 0.8254 - auc: 0.8956 - loss: 0.4812 - precision: 0.8138 - recall: 0.8852
[1m 92/155[0m [32m===========[0m[37m=========[0m [1m2:38[0m 3s/step - accuracy: 0.8255 - auc: 0.8957 - loss: 0.4812 - precision: 0.8138 - recall: 0.8853
[1m 93/155[0m [32m============[0m[37m========[0m [1m2:35[0m 3s/step - accuracy: 0.8255 - auc: 0.8957 - loss: 0.4811 - precision: 0.8138 - recall: 0.8853
[1m 94/155[0m [32m============[0m[37m========[0m [1m2:33[0m 3s/step - accuracy: 0.8255 - auc: 0.8958 - loss: 0.4810 - precision: 0.8138 - recall: 0.8854
[1m 95/155[0m [32m============[0m[37m========[0m [1m2:30[0m 3s/step - accuracy: 0.8256 - auc: 0.8958 - loss: 0.4809 - precision: 0.8138 - recall: 0.8854
[1m 96/155[0m [32m============[0m[37m========[0m [1m2:28[0m 3s/step - accuracy: 0.8256 - auc: 0.8959 - loss: 0.4808 - precision: 0.8138 - recall: 0.8855
[1m 97/155[0m [32m============[0m[37m========[0m [1m2:25[0m 3s/step - accuracy: 0.8257 - auc: 0.8959 - loss: 0.4807 - precision: 0.8138 - recall: 0.8855
[1m 98/155[0m [32m============[0m[37m========[0m [1m2:23[0m 3s/step - accuracy: 0.8257 - auc: 0.8960 - loss: 0.4806 - precision: 0.8139 - recall: 0.8855
[1m 99/155[0m [32m============[0m[37m========[0m [1m2:20[0m 3s/step - accuracy: 0.8257 - auc: 0.8960 - loss: 0.4805 - precision: 0.8139 - recall: 0.8855
[1m100/155[0m [32m============[0m[37m========[0m [1m2:18[0m 3s/step - accuracy: 0.8258 - auc: 0.8961 - loss: 0.4804 - precision: 0.8139 - recall: 0.8855
[1m101/155[0m [32m=============[0m[37m=======[0m [1m2:15[0m 3s/step - accuracy: 0.8258 - auc: 0.8962 - loss: 0.4803 - precision: 0.8139 - recall: 0.8856
[1m102/155[0m [32m=============[0m[37m=======[0m [1m2:13[0m 3s/step - accuracy: 0.8258 - auc: 0.8962 - loss: 0.4802 - precision: 0.8139 - recall: 0.8856
[1m103/155[0m [32m=============[0m[37m=======[0m [1m2:10[0m 3s/step - accuracy: 0.8259 - auc: 0.8963 - loss: 0.4801 - precision: 0.8140 - recall: 0.8856
[1m104/155[0m [32m=============[0m[37m=======[0m [1m2:08[0m 3s/step - accuracy: 0.8259 - auc: 0.8963 - loss: 0.4800 - precision: 0.8140 - recall: 0.8856
[1m105/155[0m [32m=============[0m[37m=======[0m [1m2:05[0m 3s/step - accuracy: 0.8260 - auc: 0.8964 - loss: 0.4799 - precision: 0.8140 - recall: 0.8857
[1m106/155[0m [32m=============[0m[37m=======[0m [1m2:03[0m 3s/step - accuracy: 0.8260 - auc: 0.8965 - loss: 0.4798 - precision: 0.8140 - recall: 0.8857
[1m107/155[0m [32m=============[0m[37m=======[0m [1m2:00[0m 3s/step - accuracy: 0.8260 - auc: 0.8966 - loss: 0.4796 - precision: 0.8140 - recall: 0.8857
[1m108/155[0m [32m=============[0m[37m=======[0m [1m1:58[0m 3s/step - accuracy: 0.8261 - auc: 0.8966 - loss: 0.4795 - precision: 0.8141 - recall: 0.8858
[1m109/155[0m [32m==============[0m[37m======[0m [1m1:55[0m 3s/step - accuracy: 0.8261 - auc: 0.8967 - loss: 0.4794 - precision: 0.8141 - recall: 0.8858
[1m110/155[0m [32m==============[0m[37m======[0m [1m1:53[0m 3s/step - accuracy: 0.8261 - auc: 0.8968 - loss: 0.4793 - precision: 0.8141 - recall: 0.8858
[1m111/155[0m [32m==============[0m[37m======[0m [1m1:51[0m 3s/step - accuracy: 0.8262 - auc: 0.8969 - loss: 0.4791 - precision: 0.8141 - recall: 0.8859
[1m112/155[0m [32m==============[0m[37m======[0m [1m1:48[0m 3s/step - accuracy: 0.8262 - auc: 0.8969 - loss: 0.4790 - precision: 0.8141 - recall: 0.8859
[1m113/155[0m [32m==============[0m[37m======[0m [1m1:46[0m 3s/step - accuracy: 0.8262 - auc: 0.8970 - loss: 0.4789 - precision: 0.8141 - recall: 0.8860
[1m114/155[0m [32m==============[0m[37m======[0m [1m1:43[0m 3s/step - accuracy: 0.8263 - auc: 0.8971 - loss: 0.4788 - precision: 0.8141 - recall: 0.8860
[1m115/155[0m [32m==============[0m[37m======[0m [1m1:41[0m 3s/step - accuracy: 0.8263 - auc: 0.8971 - loss: 0.4787 - precision: 0.8141 - recall: 0.8860
[1m116/155[0m [32m==============[0m[37m======[0m [1m1:38[0m 3s/step - accuracy: 0.8263 - auc: 0.8972 - loss: 0.4786 - precision: 0.8141 - recall: 0.8861
[1m117/155[0m [32m===============[0m[37m=====[0m [1m1:36[0m 3s/step - accuracy: 0.8264 - auc: 0.8973 - loss: 0.4784 - precision: 0.8140 - recall: 0.8861
[1m118/155[0m [32m===============[0m[37m=====[0m [1m1:33[0m 3s/step - accuracy: 0.8264 - auc: 0.8973 - loss: 0.4783 - precision: 0.8140 - recall: 0.8861
[1m119/155[0m [32m===============[0m[37m=====[0m [1m1:31[0m 3s/step - accuracy: 0.8264 - auc: 0.8974 - loss: 0.4782 - precision: 0.8140 - recall: 0.8862
[1m120/155[0m [32m===============[0m[37m=====[0m [1m1:28[0m 3s/step - accuracy: 0.8264 - auc: 0.8975 - loss: 0.4781 - precision: 0.8140 - recall: 0.8862
[1m121/155[0m [32m===============[0m[37m=====[0m [1m1:26[0m 3s/step - accuracy: 0.8265 - auc: 0.8975 - loss: 0.4780 - precision: 0.8140 - recall: 0.8862
[1m122/155[0m [32m===============[0m[37m=====[0m [1m1:23[0m 3s/step - accuracy: 0.8265 - auc: 0.8976 - loss: 0.4779 - precision: 0.8140 - recall: 0.8862
[1m123/155[0m [32m===============[0m[37m=====[0m [1m1:21[0m 3s/step - accuracy: 0.8265 - auc: 0.8977 - loss: 0.4778 - precision: 0.8140 - recall: 0.8863
[1m124/155[0m [32m================[0m[37m====[0m [1m1:18[0m 3s/step - accuracy: 0.8265 - auc: 0.8977 - loss: 0.4777 - precision: 0.8140 - recall: 0.8863
[1m125/155[0m [32m================[0m[37m====[0m [1m1:15[0m 3s/step - accuracy: 0.8265 - auc: 0.8978 - loss: 0.4776 - precision: 0.8140 - recall: 0.8863
[1m126/155[0m [32m================[0m[37m====[0m [1m1:13[0m 3s/step - accuracy: 0.8266 - auc: 0.8978 - loss: 0.4775 - precision: 0.8140 - recall: 0.8863
[1m127/155[0m [32m================[0m[37m====[0m [1m1:10[0m 3s/step - accuracy: 0.8266 - auc: 0.8979 - loss: 0.4774 - precision: 0.8140 - recall: 0.8863
[1m128/155[0m [32m================[0m[37m====[0m [1m1:08[0m 3s/step - accuracy: 0.8266 - auc: 0.8980 - loss: 0.4773 - precision: 0.8140 - recall: 0.8863
[1m129/155[0m [32m================[0m[37m====[0m [1m1:05[0m 3s/step - accuracy: 0.8267 - auc: 0.8980 - loss: 0.4772 - precision: 0.8141 - recall: 0.8863
[1m130/155[0m [32m================[0m[37m====[0m [1m1:03[0m 3s/step - accuracy: 0.8267 - auc: 0.8981 - loss: 0.4771 - precision: 0.8141 - recall: 0.8863
[1m131/155[0m [32m================[0m[37m====[0m [1m1:00[0m 3s/step - accuracy: 0.8267 - auc: 0.8982 - loss: 0.4769 - precision: 0.8141 - recall: 0.8863
[1m132/155[0m [32m=================[0m[37m===[0m [1m58s[0m 3s/step - accuracy: 0.8268 - auc: 0.8982 - loss: 0.4768 - precision: 0.8141 - recall: 0.8863 
[1m133/155[0m [32m=================[0m[37m===[0m [1m55s[0m 3s/step - accuracy: 0.8268 - auc: 0.8983 - loss: 0.4767 - precision: 0.8141 - recall: 0.8864
[1m134/155[0m [32m=================[0m[37m===[0m [1m53s[0m 3s/step - accuracy: 0.8268 - auc: 0.8984 - loss: 0.4766 - precision: 0.8141 - recall: 0.8864
[1m135/155[0m [32m=================[0m[37m===[0m [1m50s[0m 3s/step - accuracy: 0.8269 - auc: 0.8984 - loss: 0.4765 - precision: 0.8142 - recall: 0.8864
[1m136/155[0m [32m=================[0m[37m===[0m [1m48s[0m 3s/step - accuracy: 0.8269 - auc: 0.8985 - loss: 0.4764 - precision: 0.8142 - recall: 0.8864
[1m137/155[0m [32m=================[0m[37m===[0m [1m45s[0m 3s/step - accuracy: 0.8269 - auc: 0.8986 - loss: 0.4762 - precision: 0.8142 - recall: 0.8864
[1m138/155[0m [32m=================[0m[37m===[0m [1m43s[0m 3s/step - accuracy: 0.8270 - auc: 0.8986 - loss: 0.4761 - precision: 0.8142 - recall: 0.8864
[1m139/155[0m [32m=================[0m[37m===[0m [1m40s[0m 3s/step - accuracy: 0.8270 - auc: 0.8987 - loss: 0.4760 - precision: 0.8143 - recall: 0.8865
[1m140/155[0m [32m==================[0m[37m==[0m [1m38s[0m 3s/step - accuracy: 0.8270 - auc: 0.8988 - loss: 0.4759 - precision: 0.8143 - recall: 0.8865
[1m141/155[0m [32m==================[0m[37m==[0m [1m35s[0m 3s/step - accuracy: 0.8271 - auc: 0.8988 - loss: 0.4758 - precision: 0.8143 - recall: 0.8865
[1m142/155[0m [32m==================[0m[37m==[0m [1m33s[0m 3s/step - accuracy: 0.8271 - auc: 0.8989 - loss: 0.4757 - precision: 0.8143 - recall: 0.8866
[1m143/155[0m [32m==================[0m[37m==[0m [1m30s[0m 3s/step - accuracy: 0.8271 - auc: 0.8990 - loss: 0.4755 - precision: 0.8143 - recall: 0.8866
[1m144/155[0m [32m==================[0m[37m==[0m [1m28s[0m 3s/step - accuracy: 0.8272 - auc: 0.8990 - loss: 0.4754 - precision: 0.8143 - recall: 0.8866
[1m145/155[0m [32m==================[0m[37m==[0m [1m25s[0m 3s/step - accuracy: 0.8272 - auc: 0.8991 - loss: 0.4753 - precision: 0.8143 - recall: 0.8867
[1m146/155[0m [32m==================[0m[37m==[0m [1m22s[0m 3s/step - accuracy: 0.8273 - auc: 0.8992 - loss: 0.4752 - precision: 0.8143 - recall: 0.88672026-05-14 07:01:18.350109: I tensorflow/core/kernels/data/shuffle_dataset_op.cc:453] ShuffleDatasetV3:7: Filling up shuffle buffer (this may take a while): 286 of 1024

[1m147/155[0m [32m==================[0m[37m==[0m [1m20s[0m 3s/step - accuracy: 0.8273 - auc: 0.8992 - loss: 0.4751 - precision: 0.8144 - recall: 0.8867
[1m148/155[0m [32m===================[0m[37m=[0m [1m17s[0m 3s/step - accuracy: 0.8273 - auc: 0.8993 - loss: 0.4750 - precision: 0.8144 - recall: 0.8867
[1m149/155[0m [32m===================[0m[37m=[0m [1m15s[0m 3s/step - accuracy: 0.8274 - auc: 0.8993 - loss: 0.4749 - precision: 0.8144 - recall: 0.8868
[1m150/155[0m [32m===================[0m[37m=[0m [1m12s[0m 3s/step - accuracy: 0.8274 - auc: 0.8994 - loss: 0.4747 - precision: 0.8144 - recall: 0.8868
[1m151/155[0m [32m===================[0m[37m=[0m [1m10s[0m 3s/step - accuracy: 0.8274 - auc: 0.8995 - loss: 0.4746 - precision: 0.8144 - recall: 0.8868
[1m152/155[0m [32m===================[0m[37m=[0m [1m7s[0m 3s/step - accuracy: 0.8275 - auc: 0.8995 - loss: 0.4745 - precision: 0.8144 - recall: 0.8869 
[1m153/155[0m [32m===================[0m[37m=[0m [1m5s[0m 3s/step - accuracy: 0.8275 - auc: 0.8996 - loss: 0.4744 - precision: 0.8145 - recall: 0.8869
[1m154/155[0m [32m===================[0m[37m=[0m [1m2s[0m 3s/step - accuracy: 0.8276 - auc: 0.8997 - loss: 0.4743 - precision: 0.8145 - recall: 0.88692026-05-14 07:01:38.468909: I tensorflow/core/kernels/data/shuffle_dataset_op.cc:453] ShuffleDatasetV3:7: Filling up shuffle buffer (this may take a while): 844 of 1024

[1m155/155[0m [32m====================[0m[37m[0m [1m0s[0m 3s/step - accuracy: 0.8276 - auc: 0.8997 - loss: 0.4741 - precision: 0.8145 - recall: 0.88702026-05-14 07:01:41.235122: I tensorflow/core/kernels/data/shuffle_dataset_op.cc:483] Shuffle buffer filled.

Epoch 2: val_auc improved from 0.70584 to 0.87930, saving model to best_robust_fire_model_v2.keras

[1m155/155[0m [32m====================[0m[37m[0m [1m414s[0m 3s/step - accuracy: 0.8341 - auc: 0.9098 - loss: 0.4555 - precision: 0.8192 - recall: 0.8912 - val_accuracy: 0.7958 - val_auc: 0.8793 - val_loss: 0.4573 - val_precision: 0.7907 - val_recall: 0.9021 - learning_rate: 1.0000e-04
Epoch 3/30

[1m  1/155[0m [37m====================[0m [1m6:35[0m 3s/step - accuracy: 0.8594 - auc: 0.9441 - loss: 0.3940 - precision: 0.8205 - recall: 0.9412
[1m  2/155[0m [37m====================[0m [1m6:35[0m 3s/step - accuracy: 0.8750 - auc: 0.9521 - loss: 0.3722 - precision: 0.8415 - recall: 0.9498
[1m  3/155[0m [37m====================[0m [1m6:30[0m 3s/step - accuracy: 0.8802 - auc: 0.9537 - loss: 0.3657 - precision: 0.8510 - recall: 0.9516
[1m  4/155[0m [37m====================[0m [1m6:22[0m 3s/step - accuracy: 0.8848 - auc: 0.9550 - loss: 0.3611 - precision: 0.8574 - recall: 0.9536
[1m  5/155[0m [37m====================[0m [1m6:21[0m 3s/step - accuracy: 0.8872 - auc: 0.9554 - loss: 0.3596 - precision: 0.8602 - recall: 0.9552
[1m  6/155[0m [37m====================[0m [1m6:17[0m 3s/step - accuracy: 0.8873 - auc: 0.9544 - loss: 0.3606 - precision: 0.8605 - recall: 0.9550
[1m  7/155[0m [37m====================[0m [1m6:15[0m 3s/step - accuracy: 0.8875 - auc: 0.9538 - loss: 0.3615 - precision: 0.8610 - recall: 0.9547
[1m  8/155[0m [32m=[0m[37m===================[0m [1m6:10[0m 3s/step - accuracy: 0.8859 - auc: 0.9520 - loss: 0.3652 - precision: 0.8592 - recall: 0.9537
[1m  9/155[0m [32m=[0m[37m===================[0m [1m6:06[0m 3s/step - accuracy: 0.8847 - auc: 0.9506 - loss: 0.3676 - precision: 0.8579 - recall: 0.9531
[1m 10/155[0m [32m=[0m[37m===================[0m [1m6:02[0m 2s/step - accuracy: 0.8828 - auc: 0.9495 - loss: 0.3700 - precision: 0.8555 - recall: 0.9520
[1m 11/155[0m [32m=[0m[37m===================[0m [1m5:58[0m 2s/step - accuracy: 0.8808 - auc: 0.9485 - loss: 0.3727 - precision: 0.8523 - recall: 0.9516
[1m 12/155[0m [32m=[0m[37m===================[0m [1m5:56[0m 2s/step - accuracy: 0.8791 - auc: 0.9478 - loss: 0.3748 - precision: 0.8497 - recall: 0.9509
[1m 13/155[0m [32m=[0m[37m===================[0m [1m5:53[0m 2s/step - accuracy: 0.8777 - auc: 0.9470 - loss: 0.3766 - precision: 0.8479 - recall: 0.9498
[1m 14/155[0m [32m=[0m[37m===================[0m [1m5:51[0m 2s/step - accuracy: 0.8766 - auc: 0.9463 - loss: 0.3782 - precision: 0.8468 - recall: 0.9487
[1m 15/155[0m [32m=[0m[37m===================[0m [1m5:48[0m 2s/step - accuracy: 0.8755 - auc: 0.9457 - loss: 0.3798 - precision: 0.8457 - recall: 0.9474
[1m 16/155[0m [32m==[0m[37m==================[0m [1m5:45[0m 2s/step - accuracy: 0.8746 - auc: 0.9453 - loss: 0.3810 - precision: 0.8448 - recall: 0.9461
[1m 17/155[0m [32m==[0m[37m==================[0m [1m5:42[0m 2s/step - accuracy: 0.8739 - auc: 0.9449 - loss: 0.3821 - precision: 0.8442 - recall: 0.9450
[1m 18/155[0m [32m==[0m[37m==================[0m [1m5:39[0m 2s/step - accuracy: 0.8730 - auc: 0.9445 - loss: 0.3832 - precision: 0.8436 - recall: 0.9438
[1m 19/155[0m [32m==[0m[37m==================[0m [1m5:36[0m 2s/step - accuracy: 0.8720 - auc: 0.9439 - loss: 0.3846 - precision: 0.8427 - recall: 0.9425
[1m 20/155[0m [32m==[0m[37m==================[0m [1m5:33[0m 2s/step - accuracy: 0.8712 - auc: 0.9435 - loss: 0.3856 - precision: 0.8423 - recall: 0.9413
[1m 21/155[0m [32m==[0m[37m==================[0m [1m5:30[0m 2s/step - accuracy: 0.8705 - auc: 0.9430 - loss: 0.3868 - precision: 0.8416 - recall: 0.9404
[1m 22/155[0m [32m==[0m[37m==================[0m [1m5:28[0m 2s/step - accuracy: 0.8696 - auc: 0.9425 - loss: 0.3880 - precision: 0.8408 - recall: 0.9393
[1m 23/155[0m [32m==[0m[37m==================[0m [1m5:25[0m 2s/step - accuracy: 0.8688 - auc: 0.9420 - loss: 0.3890 - precision: 0.8403 - recall: 0.9383
[1m 24/155[0m [32m===[0m[37m=================[0m [1m5:22[0m 2s/step - accuracy: 0.8681 - auc: 0.9416 - loss: 0.3900 - precision: 0.8399 - recall: 0.9373
[1m 25/155[0m [32m===[0m[37m=================[0m [1m5:19[0m 2s/step - accuracy: 0.8675 - auc: 0.9412 - loss: 0.3909 - precision: 0.8395 - recall: 0.9363
[1m 26/155[0m [32m===[0m[37m=================[0m [1m5:17[0m 2s/step - accuracy: 0.8669 - auc: 0.9407 - loss: 0.3918 - precision: 0.8392 - recall: 0.9355
[1m 27/155[0m [32m===[0m[37m=================[0m [1m5:14[0m 2s/step - accuracy: 0.8664 - auc: 0.9403 - loss: 0.3926 - precision: 0.8390 - recall: 0.9347
[1m 28/155[0m [32m===[0m[37m=================[0m [1m5:11[0m 2s/step - accuracy: 0.8659 - auc: 0.9399 - loss: 0.3934 - precision: 0.8387 - recall: 0.9339
[1m 29/155[0m [32m===[0m[37m=================[0m [1m5:08[0m 2s/step - accuracy: 0.8654 - auc: 0.9395 - loss: 0.3942 - precision: 0.8384 - recall: 0.9333
[1m 30/155[0m [32m===[0m[37m=================[0m [1m5:06[0m 2s/step - accuracy: 0.8650 - auc: 0.9392 - loss: 0.3949 - precision: 0.8382 - recall: 0.9326
[1m 31/155[0m [32m====[0m[37m================[0m [1m5:03[0m 2s/step - accuracy: 0.8646 - auc: 0.9388 - loss: 0.3957 - precision: 0.8382 - recall: 0.9318
[1m 32/155[0m [32m====[0m[37m================[0m [1m5:01[0m 2s/step - accuracy: 0.8642 - auc: 0.9384 - loss: 0.3965 - precision: 0.8381 - recall: 0.9311
[1m 33/155[0m [32m====[0m[37m================[0m [1m4:59[0m 2s/step - accuracy: 0.8638 - auc: 0.9380 - loss: 0.3972 - precision: 0.8381 - recall: 0.9305
[1m 34/155[0m [32m====[0m[37m================[0m [1m4:56[0m 2s/step - accuracy: 0.8635 - auc: 0.9377 - loss: 0.3979 - precision: 0.8381 - recall: 0.9300
[1m 35/155[0m [32m====[0m[37m================[0m [1m4:54[0m 2s/step - accuracy: 0.8632 - auc: 0.9375 - loss: 0.3985 - precision: 0.8380 - recall: 0.9295
[1m 36/155[0m [32m====[0m[37m================[0m [1m4:52[0m 2s/step - accuracy: 0.8629 - auc: 0.9372 - loss: 0.3991 - precision: 0.8379 - recall: 0.9290
[1m 37/155[0m [32m====[0m[37m================[0m [1m4:50[0m 2s/step - accuracy: 0.8626 - auc: 0.9369 - loss: 0.3996 - precision: 0.8379 - recall: 0.9286
[1m 38/155[0m [32m====[0m[37m================[0m [1m4:47[0m 2s/step - accuracy: 0.8623 - auc: 0.9367 - loss: 0.4001 - precision: 0.8378 - recall: 0.9282
[1m 39/155[0m [32m=====[0m[37m===============[0m [1m4:45[0m 2s/step - accuracy: 0.8621 - auc: 0.9365 - loss: 0.4006 - precision: 0.8378 - recall: 0.9278
[1m 40/155[0m [32m=====[0m[37m===============[0m [1m4:42[0m 2s/step - accuracy: 0.8619 - auc: 0.9363 - loss: 0.4010 - precision: 0.8378 - recall: 0.9275
[1m 41/155[0m [32m=====[0m[37m===============[0m [1m4:40[0m 2s/step - accuracy: 0.8616 - auc: 0.9361 - loss: 0.4015 - precision: 0.8377 - recall: 0.9272
[1m 42/155[0m [32m=====[0m[37m===============[0m [1m4:38[0m 2s/step - accuracy: 0.8614 - auc: 0.9359 - loss: 0.4019 - precision: 0.8376 - recall: 0.9269
[1m 43/155[0m [32m=====[0m[37m===============[0m [1m4:35[0m 2s/step - accuracy: 0.8611 - auc: 0.9357 - loss: 0.4023 - precision: 0.8374 - recall: 0.9267
[1m 44/155[0m [32m=====[0m[37m===============[0m [1m4:33[0m 2s/step - accuracy: 0.8609 - auc: 0.9356 - loss: 0.4027 - precision: 0.8371 - recall: 0.9265
[1m 45/155[0m [32m=====[0m[37m===============[0m [1m4:30[0m 2s/step - accuracy: 0.8606 - auc: 0.9354 - loss: 0.4031 - precision: 0.8369 - recall: 0.9264
[1m 46/155[0m [32m=====[0m[37m===============[0m [1m4:28[0m 2s/step - accuracy: 0.8604 - auc: 0.9353 - loss: 0.4034 - precision: 0.8367 - recall: 0.9262
[1m 47/155[0m [32m======[0m[37m==============[0m [1m4:25[0m 2s/step - accuracy: 0.8602 - auc: 0.9352 - loss: 0.4038 - precision: 0.8366 - recall: 0.9260
[1m 48/155[0m [32m======[0m[37m==============[0m [1m4:23[0m 2s/step - accuracy: 0.8600 - auc: 0.9350 - loss: 0.4042 - precision: 0.8365 - recall: 0.9258
[1m 49/155[0m [32m======[0m[37m==============[0m [1m4:20[0m 2s/step - accuracy: 0.8597 - auc: 0.9348 - loss: 0.4046 - precision: 0.8363 - recall: 0.9256
[1m 50/155[0m [32m======[0m[37m==============[0m [1m4:17[0m 2s/step - accuracy: 0.8595 - auc: 0.9346 - loss: 0.4051 - precision: 0.8361 - recall: 0.9254
[1m 51/155[0m [32m======[0m[37m==============[0m [1m4:15[0m 2s/step - accuracy: 0.8593 - auc: 0.9344 - loss: 0.4055 - precision: 0.8360 - recall: 0.9252
[1m 52/155[0m [32m======[0m[37m==============[0m [1m4:12[0m 2s/step - accuracy: 0.8591 - auc: 0.9342 - loss: 0.4059 - precision: 0.8358 - recall: 0.9249
[1m 53/155[0m [32m======[0m[37m==============[0m [1m4:10[0m 2s/step - accuracy: 0.8589 - auc: 0.9340 - loss: 0.4063 - precision: 0.8357 - recall: 0.9247
[1m 54/155[0m [32m======[0m[37m==============[0m [1m4:07[0m 2s/step - accuracy: 0.8586 - auc: 0.9338 - loss: 0.4067 - precision: 0.8356 - recall: 0.9245
[1m 55/155[0m [32m=======[0m[37m=============[0m [1m4:05[0m 2s/step - accuracy: 0.8585 - auc: 0.9337 - loss: 0.4071 - precision: 0.8355 - recall: 0.9243
[1m 56/155[0m [32m=======[0m[37m=============[0m [1m4:02[0m 2s/step - accuracy: 0.8583 - auc: 0.9335 - loss: 0.4074 - precision: 0.8354 - recall: 0.9241
[1m 57/155[0m [32m=======[0m[37m=============[0m [1m4:00[0m 2s/step - accuracy: 0.8582 - auc: 0.9334 - loss: 0.4077 - precision: 0.8354 - recall: 0.9239
[1m 58/155[0m [32m=======[0m[37m=============[0m [1m3:57[0m 2s/step - accuracy: 0.8581 - auc: 0.9333 - loss: 0.4080 - precision: 0.8353 - recall: 0.9237
[1m 59/155[0m [32m=======[0m[37m=============[0m [1m3:55[0m 2s/step - accuracy: 0.8579 - auc: 0.9331 - loss: 0.4083 - precision: 0.8353 - recall: 0.9236
[1m 60/155[0m [32m=======[0m[37m=============[0m [1m3:52[0m 2s/step - accuracy: 0.8578 - auc: 0.9330 - loss: 0.4085 - precision: 0.8352 - recall: 0.9234
[1m 61/155[0m [32m=======[0m[37m=============[0m [1m3:50[0m 2s/step - accuracy: 0.8577 - auc: 0.9329 - loss: 0.4088 - precision: 0.8352 - recall: 0.9232
[1m 62/155[0m [32m========[0m[37m============[0m [1m3:47[0m 2s/step - accuracy: 0.8576 - auc: 0.9327 - loss: 0.4091 - precision: 0.8351 - recall: 0.9230
[1m 63/155[0m [32m========[0m[37m============[0m [1m3:44[0m 2s/step - accuracy: 0.8575 - auc: 0.9326 - loss: 0.4094 - precision: 0.8351 - recall: 0.9228
[1m 64/155[0m [32m========[0m[37m============[0m [1m3:42[0m 2s/step - accuracy: 0.8573 - auc: 0.9325 - loss: 0.4098 - precision: 0.8350 - recall: 0.9226
[1m 65/155[0m [32m========[0m[37m============[0m [1m3:40[0m 2s/step - accuracy: 0.8572 - auc: 0.9324 - loss: 0.4100 - precision: 0.8350 - recall: 0.9224
[1m 66/155[0m [32m========[0m[37m============[0m [1m3:37[0m 2s/step - accuracy: 0.8571 - auc: 0.9322 - loss: 0.4103 - precision: 0.8350 - recall: 0.9222
[1m 67/155[0m [32m========[0m[37m============[0m [1m3:35[0m 2s/step - accuracy: 0.8570 - auc: 0.9321 - loss: 0.4105 - precision: 0.8349 - recall: 0.9220
[1m 68/155[0m [32m========[0m[37m============[0m [1m3:32[0m 2s/step - accuracy: 0.8568 - auc: 0.9320 - loss: 0.4108 - precision: 0.8349 - recall: 0.9218
[1m 69/155[0m [32m========[0m[37m============[0m [1m3:30[0m 2s/step - accuracy: 0.8567 - auc: 0.9319 - loss: 0.4111 - precision: 0.8348 - recall: 0.9216
[1m 70/155[0m [32m=========[0m[37m===========[0m [1m3:27[0m 2s/step - accuracy: 0.8566 - auc: 0.9318 - loss: 0.4113 - precision: 0.8347 - recall: 0.9215
[1m 71/155[0m [32m=========[0m[37m===========[0m [1m3:25[0m 2s/step - accuracy: 0.8565 - auc: 0.9317 - loss: 0.4116 - precision: 0.8346 - recall: 0.9214
[1m 72/155[0m [32m=========[0m[37m===========[0m [1m3:23[0m 2s/step - accuracy: 0.8564 - auc: 0.9316 - loss: 0.4118 - precision: 0.8346 - recall: 0.9212
[1m 73/155[0m [32m=========[0m[37m===========[0m [1m3:20[0m 2s/step - accuracy: 0.8564 - auc: 0.9315 - loss: 0.4120 - precision: 0.8345 - recall: 0.9211
[1m 74/155[0m [32m=========[0m[37m===========[0m [1m3:18[0m 2s/step - accuracy: 0.8563 - auc: 0.9314 - loss: 0.4122 - precision: 0.8345 - recall: 0.9210
[1m 75/155[0m [32m=========[0m[37m===========[0m [1m3:15[0m 2s/step - accuracy: 0.8562 - auc: 0.9313 - loss: 0.4124 - precision: 0.8344 - recall: 0.9208
[1m 76/155[0m [32m=========[0m[37m===========[0m [1m3:13[0m 2s/step - accuracy: 0.8561 - auc: 0.9312 - loss: 0.4126 - precision: 0.8343 - recall: 0.9207
[1m 77/155[0m [32m=========[0m[37m===========[0m [1m3:10[0m 2s/step - accuracy: 0.8560 - auc: 0.9311 - loss: 0.4128 - precision: 0.8343 - recall: 0.9205
[1m 78/155[0m [32m==========[0m[37m==========[0m [1m3:08[0m 2s/step - accuracy: 0.8559 - auc: 0.9311 - loss: 0.4130 - precision: 0.8343 - recall: 0.9204
[1m 79/155[0m [32m==========[0m[37m==========[0m [1m3:06[0m 2s/step - accuracy: 0.8559 - auc: 0.9310 - loss: 0.4132 - precision: 0.8343 - recall: 0.9203
[1m 80/155[0m [32m==========[0m[37m==========[0m [1m3:03[0m 2s/step - accuracy: 0.8558 - auc: 0.9309 - loss: 0.4134 - precision: 0.8342 - recall: 0.9201
[1m 81/155[0m [32m==========[0m[37m==========[0m [1m3:01[0m 2s/step - accuracy: 0.8557 - auc: 0.9308 - loss: 0.4136 - precision: 0.8342 - recall: 0.9200
[1m 82/155[0m [32m==========[0m[37m==========[0m [1m2:58[0m 2s/step - accuracy: 0.8556 - auc: 0.9308 - loss: 0.4137 - precision: 0.8342 - recall: 0.9198
[1m 83/155[0m [32m==========[0m[37m==========[0m [1m2:56[0m 2s/step - accuracy: 0.8556 - auc: 0.9307 - loss: 0.4139 - precision: 0.8341 - recall: 0.9197
[1m 84/155[0m [32m==========[0m[37m==========[0m [1m2:53[0m 2s/step - accuracy: 0.8555 - auc: 0.9306 - loss: 0.4141 - precision: 0.8341 - recall: 0.9195
[1m 85/155[0m [32m==========[0m[37m==========[0m [1m2:51[0m 2s/step - accuracy: 0.8554 - auc: 0.9305 - loss: 0.4142 - precision: 0.8341 - recall: 0.9194
[1m 86/155[0m [32m===========[0m[37m=========[0m [1m2:48[0m 2s/step - accuracy: 0.8553 - auc: 0.9304 - loss: 0.4144 - precision: 0.8340 - recall: 0.9192
[1m 87/155[0m [32m===========[0m[37m=========[0m [1m2:46[0m 2s/step - accuracy: 0.8552 - auc: 0.9304 - loss: 0.4146 - precision: 0.8340 - recall: 0.9191
[1m 88/155[0m [32m===========[0m[37m=========[0m [1m2:43[0m 2s/step - accuracy: 0.8551 - auc: 0.9303 - loss: 0.4148 - precision: 0.8339 - recall: 0.9189
[1m 89/155[0m [32m===========[0m[37m=========[0m [1m2:41[0m 2s/step - accuracy: 0.8550 - auc: 0.9302 - loss: 0.4149 - precision: 0.8339 - recall: 0.9188
[1m 90/155[0m [32m===========[0m[37m=========[0m [1m2:38[0m 2s/step - accuracy: 0.8550 - auc: 0.9301 - loss: 0.4151 - precision: 0.8338 - recall: 0.9187
[1m 91/155[0m [32m===========[0m[37m=========[0m [1m2:36[0m 2s/step - accuracy: 0.8549 - auc: 0.9301 - loss: 0.4153 - precision: 0.8338 - recall: 0.9185
[1m 92/155[0m [32m===========[0m[37m=========[0m [1m2:34[0m 2s/step - accuracy: 0.8548 - auc: 0.9300 - loss: 0.4154 - precision: 0.8337 - recall: 0.9184
[1m 93/155[0m [32m============[0m[37m========[0m [1m2:31[0m 2s/step - accuracy: 0.8547 - auc: 0.9299 - loss: 0.4156 - precision: 0.8337 - recall: 0.9183
[1m 94/155[0m [32m============[0m[37m========[0m [1m2:29[0m 2s/step - accuracy: 0.8547 - auc: 0.9299 - loss: 0.4157 - precision: 0.8337 - recall: 0.9182
[1m 95/155[0m [32m============[0m[37m========[0m [1m2:27[0m 2s/step - accuracy: 0.8546 - auc: 0.9298 - loss: 0.4158 - precision: 0.8337 - recall: 0.9180
[1m 96/155[0m [32m============[0m[37m========[0m [1m2:24[0m 2s/step - accuracy: 0.8546 - auc: 0.9298 - loss: 0.4160 - precision: 0.8336 - recall: 0.9179
[1m 97/155[0m [32m============[0m[37m========[0m [1m2:22[0m 2s/step - accuracy: 0.8545 - auc: 0.9297 - loss: 0.4161 - precision: 0.8336 - recall: 0.9178
[1m 98/155[0m [32m============[0m[37m========[0m [1m2:19[0m 2s/step - accuracy: 0.8545 - auc: 0.9296 - loss: 0.4162 - precision: 0.8336 - recall: 0.9177
[1m 99/155[0m [32m============[0m[37m========[0m [1m2:17[0m 2s/step - accuracy: 0.8544 - auc: 0.9296 - loss: 0.4163 - precision: 0.8336 - recall: 0.9176
[1m100/155[0m [32m============[0m[37m========[0m [1m2:15[0m 2s/step - accuracy: 0.8544 - auc: 0.9295 - loss: 0.4164 - precision: 0.8335 - recall: 0.9175
[1m101/155[0m [32m=============[0m[37m=======[0m [1m2:12[0m 2s/step - accuracy: 0.8543 - auc: 0.9295 - loss: 0.4165 - precision: 0.8335 - recall: 0.9174
[1m102/155[0m [32m=============[0m[37m=======[0m [1m2:10[0m 2s/step - accuracy: 0.8543 - auc: 0.9295 - loss: 0.4166 - precision: 0.8335 - recall: 0.9173
[1m103/155[0m [32m=============[0m[37m=======[0m [1m2:07[0m 2s/step - accuracy: 0.8542 - auc: 0.9294 - loss: 0.4167 - precision: 0.8335 - recall: 0.9172
[1m104/155[0m [32m=============[0m[37m=======[0m [1m2:05[0m 2s/step - accuracy: 0.8542 - auc: 0.9294 - loss: 0.4168 - precision: 0.8335 - recall: 0.9171
[1m105/155[0m [32m=============[0m[37m=======[0m [1m2:03[0m 2s/step - accuracy: 0.8541 - auc: 0.9293 - loss: 0.4169 - precision: 0.8335 - recall: 0.9170
[1m106/155[0m [32m=============[0m[37m=======[0m [1m2:00[0m 2s/step - accuracy: 0.8541 - auc: 0.9293 - loss: 0.4170 - precision: 0.8335 - recall: 0.9169
[1m107/155[0m [32m=============[0m[37m=======[0m [1m1:58[0m 2s/step - accuracy: 0.8541 - auc: 0.9292 - loss: 0.4171 - precision: 0.8335 - recall: 0.9168
[1m108/155[0m [32m=============[0m[37m=======[0m [1m1:56[0m 2s/step - accuracy: 0.8540 - auc: 0.9292 - loss: 0.4172 - precision: 0.8335 - recall: 0.9167
[1m109/155[0m [32m==============[0m[37m======[0m [1m1:53[0m 2s/step - accuracy: 0.8540 - auc: 0.9292 - loss: 0.4172 - precision: 0.8335 - recall: 0.9166
[1m110/155[0m [32m==============[0m[37m======[0m [1m1:51[0m 2s/step - accuracy: 0.8540 - auc: 0.9291 - loss: 0.4173 - precision: 0.8335 - recall: 0.9165
[1m111/155[0m [32m==============[0m[37m======[0m [1m1:48[0m 2s/step - accuracy: 0.8540 - auc: 0.9291 - loss: 0.4174 - precision: 0.8335 - recall: 0.9164
[1m112/155[0m [32m==============[0m[37m======[0m [1m1:46[0m 2s/step - accuracy: 0.8539 - auc: 0.9291 - loss: 0.4174 - precision: 0.8335 - recall: 0.9164
[1m113/155[0m [32m==============[0m[37m======[0m [1m1:44[0m 2s/step - accuracy: 0.8539 - auc: 0.9291 - loss: 0.4175 - precision: 0.8335 - recall: 0.9163
[1m114/155[0m [32m==============[0m[37m======[0m [1m1:41[0m 2s/step - accuracy: 0.8539 - auc: 0.9291 - loss: 0.4175 - precision: 0.8335 - recall: 0.9162
[1m115/155[0m [32m==============[0m[37m======[0m [1m1:39[0m 2s/step - accuracy: 0.8539 - auc: 0.9290 - loss: 0.4175 - precision: 0.8336 - recall: 0.9161
[1m116/155[0m [32m==============[0m[37m======[0m [1m1:36[0m 2s/step - accuracy: 0.8539 - auc: 0.9290 - loss: 0.4176 - precision: 0.8336 - recall: 0.9161
[1m117/155[0m [32m===============[0m[37m=====[0m [1m1:34[0m 2s/step - accuracy: 0.8539 - auc: 0.9290 - loss: 0.4176 - precision: 0.8336 - recall: 0.9160
[1m118/155[0m [32m===============[0m[37m=====[0m [1m1:31[0m 2s/step - accuracy: 0.8538 - auc: 0.9290 - loss: 0.4176 - precision: 0.8336 - recall: 0.9159
[1m119/155[0m [32m===============[0m[37m=====[0m [1m1:29[0m 2s/step - accuracy: 0.8538 - auc: 0.9290 - loss: 0.4176 - precision: 0.8336 - recall: 0.9159
[1m120/155[0m [32m===============[0m[37m=====[0m [1m1:27[0m 2s/step - accuracy: 0.8538 - auc: 0.9290 - loss: 0.4177 - precision: 0.8337 - recall: 0.9158
[1m121/155[0m [32m===============[0m[37m=====[0m [1m1:24[0m 2s/step - accuracy: 0.8538 - auc: 0.9290 - loss: 0.4177 - precision: 0.8337 - recall: 0.9157
[1m122/155[0m [32m===============[0m[37m=====[0m [1m1:22[0m 2s/step - accuracy: 0.8538 - auc: 0.9290 - loss: 0.4177 - precision: 0.8337 - recall: 0.9157
[1m123/155[0m [32m===============[0m[37m=====[0m [1m1:19[0m 2s/step - accuracy: 0.8538 - auc: 0.9290 - loss: 0.4177 - precision: 0.8337 - recall: 0.9156
[1m124/155[0m [32m================[0m[37m====[0m [1m1:17[0m 2s/step - accuracy: 0.8538 - auc: 0.9290 - loss: 0.4177 - precision: 0.8337 - recall: 0.9156
[1m125/155[0m [32m================[0m[37m====[0m [1m1:14[0m 2s/step - accuracy: 0.8538 - auc: 0.9290 - loss: 0.4177 - precision: 0.8338 - recall: 0.9155
[1m126/155[0m [32m================[0m[37m====[0m [1m1:12[0m 2s/step - accuracy: 0.8538 - auc: 0.9290 - loss: 0.4177 - precision: 0.8338 - recall: 0.9155
[1m127/155[0m [32m================[0m[37m====[0m [1m1:09[0m 2s/step - accuracy: 0.8538 - auc: 0.9290 - loss: 0.4178 - precision: 0.8338 - recall: 0.9154
[1m128/155[0m [32m================[0m[37m====[0m [1m1:07[0m 2s/step - accuracy: 0.8538 - auc: 0.9290 - loss: 0.4178 - precision: 0.8338 - recall: 0.9154
[1m129/155[0m [32m================[0m[37m====[0m [1m1:04[0m 2s/step - accuracy: 0.8538 - auc: 0.9290 - loss: 0.4178 - precision: 0.8339 - recall: 0.9153
[1m130/155[0m [32m================[0m[37m====[0m [1m1:02[0m 2s/step - accuracy: 0.8538 - auc: 0.9290 - loss: 0.4178 - precision: 0.8339 - recall: 0.9153
[1m131/155[0m [32m================[0m[37m====[0m [1m59s[0m 2s/step - accuracy: 0.8538 - auc: 0.9289 - loss: 0.4178 - precision: 0.8339 - recall: 0.9152 
[1m132/155[0m [32m=================[0m[37m===[0m [1m57s[0m 3s/step - accuracy: 0.8538 - auc: 0.9289 - loss: 0.4178 - precision: 0.8339 - recall: 0.9152
[1m133/155[0m [32m=================[0m[37m===[0m [1m55s[0m 3s/step - accuracy: 0.8538 - auc: 0.9289 - loss: 0.4178 - precision: 0.8339 - recall: 0.9151
[1m134/155[0m [32m=================[0m[37m===[0m [1m52s[0m 3s/step - accuracy: 0.8538 - auc: 0.9289 - loss: 0.4178 - precision: 0.8340 - recall: 0.9151
[1m135/155[0m [32m=================[0m[37m===[0m [1m49s[0m 2s/step - accuracy: 0.8538 - auc: 0.9289 - loss: 0.4179 - precision: 0.8340 - recall: 0.9150
[1m136/155[0m [32m=================[0m[37m===[0m [1m47s[0m 2s/step - accuracy: 0.8538 - auc: 0.9289 - loss: 0.4179 - precision: 0.8340 - recall: 0.9150
[1m137/155[0m [32m=================[0m[37m===[0m [1m44s[0m 2s/step - accuracy: 0.8538 - auc: 0.9289 - loss: 0.4179 - precision: 0.8340 - recall: 0.9149
[1m138/155[0m [32m=================[0m[37m===[0m [1m42s[0m 2s/step - accuracy: 0.8538 - auc: 0.9289 - loss: 0.4179 - precision: 0.8340 - recall: 0.9149
[1m139/155[0m [32m=================[0m[37m===[0m [1m39s[0m 2s/step - accuracy: 0.8538 - auc: 0.9289 - loss: 0.4179 - precision: 0.8340 - recall: 0.9149
[1m140/155[0m [32m==================[0m[37m==[0m [1m37s[0m 3s/step - accuracy: 0.8538 - auc: 0.9289 - loss: 0.4179 - precision: 0.8340 - recall: 0.9149
[1m141/155[0m [32m==================[0m[37m==[0m [1m35s[0m 3s/step - accuracy: 0.8537 - auc: 0.9289 - loss: 0.4180 - precision: 0.8340 - recall: 0.9148
[1m142/155[0m [32m==================[0m[37m==[0m [1m32s[0m 3s/step - accuracy: 0.8537 - auc: 0.9289 - loss: 0.4180 - precision: 0.8340 - recall: 0.9148
[1m143/155[0m [32m==================[0m[37m==[0m [1m30s[0m 3s/step - accuracy: 0.8537 - auc: 0.9289 - loss: 0.4180 - precision: 0.8340 - recall: 0.9148
[1m144/155[0m [32m==================[0m[37m==[0m [1m27s[0m 3s/step - accuracy: 0.8537 - auc: 0.9289 - loss: 0.4180 - precision: 0.8340 - recall: 0.91472026-05-14 07:08:03.126274: I tensorflow/core/kernels/data/shuffle_dataset_op.cc:453] ShuffleDatasetV3:7: Filling up shuffle buffer (this may take a while): 281 of 1024

[1m145/155[0m [32m==================[0m[37m==[0m [1m25s[0m 3s/step - accuracy: 0.8537 - auc: 0.9289 - loss: 0.4180 - precision: 0.8340 - recall: 0.9147
[1m146/155[0m [32m==================[0m[37m==[0m [1m22s[0m 3s/step - accuracy: 0.8537 - auc: 0.9288 - loss: 0.4181 - precision: 0.8340 - recall: 0.9147
[1m147/155[0m [32m==================[0m[37m==[0m [1m20s[0m 3s/step - accuracy: 0.8537 - auc: 0.9288 - loss: 0.4181 - precision: 0.8340 - recall: 0.9146
[1m148/155[0m [32m===================[0m[37m=[0m [1m17s[0m 3s/step - accuracy: 0.8537 - auc: 0.9288 - loss: 0.4181 - precision: 0.8340 - recall: 0.91462026-05-14 07:08:13.154372: I tensorflow/core/kernels/data/shuffle_dataset_op.cc:453] ShuffleDatasetV3:7: Filling up shuffle buffer (this may take a while): 570 of 1024

[1m149/155[0m [32m===================[0m[37m=[0m [1m15s[0m 3s/step - accuracy: 0.8537 - auc: 0.9288 - loss: 0.4181 - precision: 0.8340 - recall: 0.9145
[1m150/155[0m [32m===================[0m[37m=[0m [1m12s[0m 3s/step - accuracy: 0.8537 - auc: 0.9288 - loss: 0.4182 - precision: 0.8340 - recall: 0.9145
[1m151/155[0m [32m===================[0m[37m=[0m [1m10s[0m 3s/step - accuracy: 0.8537 - auc: 0.9288 - loss: 0.4182 - precision: 0.8340 - recall: 0.9145
[1m152/155[0m [32m===================[0m[37m=[0m [1m7s[0m 3s/step - accuracy: 0.8537 - auc: 0.9288 - loss: 0.4182 - precision: 0.8340 - recall: 0.9144 
[1m153/155[0m [32m===================[0m[37m=[0m [1m5s[0m 3s/step - accuracy: 0.8536 - auc: 0.9288 - loss: 0.4182 - precision: 0.8340 - recall: 0.9144
[1m154/155[0m [32m===================[0m[37m=[0m [1m2s[0m 3s/step - accuracy: 0.8536 - auc: 0.9288 - loss: 0.4183 - precision: 0.8340 - recall: 0.91442026-05-14 07:08:27.110239: I tensorflow/core/kernels/data/shuffle_dataset_op.cc:483] Shuffle buffer filled.

[1m155/155[0m [32m====================[0m[37m[0m [1m0s[0m 3s/step - accuracy: 0.8536 - auc: 0.9288 - loss: 0.4183 - precision: 0.8340 - recall: 0.9143
Epoch 3: val_auc improved from 0.87930 to 0.90883, saving model to best_robust_fire_model_v2.keras

[1m155/155[0m [32m====================[0m[37m[0m [1m409s[0m 3s/step - accuracy: 0.8530 - auc: 0.9277 - loss: 0.4209 - precision: 0.8351 - recall: 0.9089 - val_accuracy: 0.8250 - val_auc: 0.9088 - val_loss: 0.4497 - val_precision: 0.9107 - val_recall: 0.7887 - learning_rate: 1.0000e-04
Epoch 4/30

[1m  1/155[0m [37m====================[0m [1m6:33[0m 3s/step - accuracy: 0.8906 - auc: 0.9529 - loss: 0.3819 - precision: 0.8485 - recall: 0.9333
[1m  2/155[0m [37m====================[0m [1m6:24[0m 3s/step - accuracy: 0.8789 - auc: 0.9458 - loss: 0.3947 - precision: 0.8617 - recall: 0.9103
[1m  3/155[0m [37m====================[0m [1m6:33[0m 3s/step - accuracy: 0.8811 - auc: 0.9464 - loss: 0.3936 - precision: 0.8711 - recall: 0.9091
[1m  4/155[0m [37m====================[0m [1m6:27[0m 3s/step - accuracy: 0.8835 - auc: 0.9453 - loss: 0.3946 - precision: 0.8761 - recall: 0.9108
[1m  5/155[0m [37m====================[0m [1m6:20[0m 3s/step - accuracy: 0.8843 - auc: 0.9458 - loss: 0.3923 - precision: 0.8783 - recall: 0.9120
[1m  6/155[0m [37m====================[0m [1m6:15[0m 3s/step - accuracy: 0.8853 - auc: 0.9465 - loss: 0.3896 - precision: 0.8802 - recall: 0.9137
[1m  7/155[0m [37m====================[0m [1m6:12[0m 3s/step - accuracy: 0.8861 - auc: 0.9464 - loss: 0.3883 - precision: 0.8808 - recall: 0.9160
[1m  8/155[0m [32m=[0m[37m===================[0m [1m6:10[0m 3s/step - accuracy: 0.8867 - auc: 0.9460 - loss: 0.3878 - precision: 0.8808 - recall: 0.9183
[1m  9/155[0m [32m=[0m[37m===================[0m [1m6:07[0m 3s/step - accuracy: 0.8869 - auc: 0.9458 - loss: 0.3873 - precision: 0.8808 - recall: 0.9196
[1m 10/155[0m [32m=[0m[37m===================[0m [1m6:04[0m 3s/step - accuracy: 0.8865 - auc: 0.9453 - loss: 0.3874 - precision: 0.8795 - recall: 0.9209
[1m 11/155[0m [32m=[0m[37m===================[0m [1m6:01[0m 3s/step - accuracy: 0.8862 - auc: 0.9451 - loss: 0.3870 - precision: 0.8783 - recall: 0.9220
[1m 12/155[0m [32m=[0m[37m===================[0m [1m5:58[0m 3s/step - accuracy: 0.8858 - auc: 0.9450 - loss: 0.3868 - precision: 0.8772 - recall: 0.9229
[1m 13/155[0m [32m=[0m[37m===================[0m [1m5:56[0m 3s/step - accuracy: 0.8852 - auc: 0.9447 - loss: 0.3870 - precision: 0.8757 - recall: 0.9236
[1m 14/155[0m [32m=[0m[37m===================[0m [1m5:53[0m 3s/step - accuracy: 0.8848 - auc: 0.9445 - loss: 0.3869 - precision: 0.8747 - recall: 0.9243
[1m 15/155[0m [32m=[0m[37m===================[0m [1m5:50[0m 3s/step - accuracy: 0.8844 - auc: 0.9444 - loss: 0.3867 - precision: 0.8736 - recall: 0.9251
[1m 16/155[0m [32m==[0m[37m==================[0m [1m5:47[0m 2s/step - accuracy: 0.8840 - auc: 0.9443 - loss: 0.3866 - precision: 0.8727 - recall: 0.9256
[1m 17/155[0m [32m==[0m[37m==================[0m [1m5:44[0m 2s/step - accuracy: 0.8831 - auc: 0.9439 - loss: 0.3873 - precision: 0.8710 - recall: 0.9262
[1m 18/155[0m [32m==[0m[37m==================[0m [1m5:42[0m 3s/step - accuracy: 0.8824 - auc: 0.9435 - loss: 0.3878 - precision: 0.8697 - recall: 0.9266
[1m 19/155[0m [32m==[0m[37m==================[0m [1m5:39[0m 2s/step - accuracy: 0.8817 - auc: 0.9430 - loss: 0.3885 - precision: 0.8683 - recall: 0.9267
[1m 20/155[0m [32m==[0m[37m==================[0m [1m5:36[0m 2s/step - accuracy: 0.8811 - auc: 0.9427 - loss: 0.3891 - precision: 0.8674 - recall: 0.9268
[1m 21/155[0m [32m==[0m[37m==================[0m [1m5:34[0m 2s/step - accuracy: 0.8805 - auc: 0.9422 - loss: 0.3898 - precision: 0.8665 - recall: 0.9270
[1m 22/155[0m [32m==[0m[37m==================[0m [1m5:32[0m 2s/step - accuracy: 0.8799 - auc: 0.9418 - loss: 0.3903 - precision: 0.8657 - recall: 0.9271
[1m 23/155[0m [32m==[0m[37m==================[0m [1m5:29[0m 2s/step - accuracy: 0.8795 - auc: 0.9415 - loss: 0.3909 - precision: 0.8651 - recall: 0.9271
[1m 24/155[0m [32m===[0m[37m=================[0m [1m5:26[0m 2s/step - accuracy: 0.8790 - auc: 0.9412 - loss: 0.3914 - precision: 0.8645 - recall: 0.9270
[1m 25/155[0m [32m===[0m[37m=================[0m [1m5:24[0m 2s/step - accuracy: 0.8786 - auc: 0.9409 - loss: 0.3917 - precision: 0.8640 - recall: 0.9269
[1m 26/155[0m [32m===[0m[37m=================[0m [1m5:21[0m 2s/step - accuracy: 0.8783 - auc: 0.9408 - loss: 0.3919 - precision: 0.8635 - recall: 0.9269
[1m 27/155[0m [32m===[0m[37m=================[0m [1m5:18[0m 2s/step - accuracy: 0.8780 - auc: 0.9406 - loss: 0.3920 - precision: 0.8632 - recall: 0.9268
[1m 28/155[0m [32m===[0m[37m=================[0m [1m5:16[0m 2s/step - accuracy: 0.8778 - auc: 0.9405 - loss: 0.3921 - precision: 0.8629 - recall: 0.9268
[1m 29/155[0m [32m===[0m[37m=================[0m [1m5:14[0m 2s/step - accuracy: 0.8776 - auc: 0.9404 - loss: 0.3922 - precision: 0.8627 - recall: 0.9269
[1m 30/155[0m [32m===[0m[37m=================[0m [1m5:11[0m 2s/step - accuracy: 0.8775 - auc: 0.9402 - loss: 0.3924 - precision: 0.8625 - recall: 0.9269
[1m 31/155[0m [32m====[0m[37m================[0m [1m5:09[0m 2s/step - accuracy: 0.8773 - auc: 0.9402 - loss: 0.3924 - precision: 0.8623 - recall: 0.9270
[1m 32/155[0m [32m====[0m[37m================[0m [1m5:06[0m 2s/step - accuracy: 0.8772 - auc: 0.9401 - loss: 0.3924 - precision: 0.8622 - recall: 0.9270
[1m 33/155[0m [32m====[0m[37m================[0m [1m5:04[0m 2s/step - accuracy: 0.8771 - auc: 0.9400 - loss: 0.3925 - precision: 0.8620 - recall: 0.9271
[1m 34/155[0m [32m====[0m[37m================[0m [1m5:01[0m 2s/step - accuracy: 0.8770 - auc: 0.9399 - loss: 0.3926 - precision: 0.8618 - recall: 0.9272
[1m 35/155[0m [32m====[0m[37m================[0m [1m4:58[0m 2s/step - accuracy: 0.8768 - auc: 0.9398 - loss: 0.3926 - precision: 0.8615 - recall: 0.9273
[1m 36/155[0m [32m====[0m[37m================[0m [1m4:56[0m 2s/step - accuracy: 0.8766 - auc: 0.9397 - loss: 0.3928 - precision: 0.8612 - recall: 0.9273
[1m 37/155[0m [32m====[0m[37m================[0m [1m4:53[0m 2s/step - accuracy: 0.8765 - auc: 0.9396 - loss: 0.3929 - precision: 0.8609 - recall: 0.9273
[1m 38/155[0m [32m====[0m[37m================[0m [1m4:50[0m 2s/step - accuracy: 0.8763 - auc: 0.9395 - loss: 0.3931 - precision: 0.8607 - recall: 0.9273
[1m 39/155[0m [32m=====[0m[37m===============[0m [1m4:48[0m 2s/step - accuracy: 0.8761 - auc: 0.9394 - loss: 0.3932 - precision: 0.8604 - recall: 0.9273
[1m 40/155[0m [32m=====[0m[37m===============[0m [1m4:45[0m 2s/step - accuracy: 0.8758 - auc: 0.9392 - loss: 0.3935 - precision: 0.8601 - recall: 0.9272
[1m 41/155[0m [32m=====[0m[37m===============[0m [1m4:43[0m 2s/step - accuracy: 0.8756 - auc: 0.9391 - loss: 0.3937 - precision: 0.8598 - recall: 0.9271
[1m 42/155[0m [32m=====[0m[37m===============[0m [1m4:40[0m 2s/step - accuracy: 0.8753 - auc: 0.9389 - loss: 0.3940 - precision: 0.8596 - recall: 0.9269
[1m 43/155[0m [32m=====[0m[37m===============[0m [1m4:38[0m 2s/step - accuracy: 0.8751 - auc: 0.9388 - loss: 0.3943 - precision: 0.8593 - recall: 0.9267
[1m 44/155[0m [32m=====[0m[37m===============[0m [1m4:35[0m 2s/step - accuracy: 0.8749 - auc: 0.9387 - loss: 0.3945 - precision: 0.8592 - recall: 0.9265
[1m 45/155[0m [32m=====[0m[37m===============[0m [1m4:33[0m 2s/step - accuracy: 0.8747 - auc: 0.9386 - loss: 0.3947 - precision: 0.8590 - recall: 0.9263
[1m 46/155[0m [32m=====[0m[37m===============[0m [1m4:30[0m 2s/step - accuracy: 0.8745 - auc: 0.9385 - loss: 0.3948 - precision: 0.8589 - recall: 0.9261
[1m 47/155[0m [32m======[0m[37m==============[0m [1m4:28[0m 2s/step - accuracy: 0.8743 - auc: 0.9384 - loss: 0.3950 - precision: 0.8588 - recall: 0.9259
[1m 48/155[0m [32m======[0m[37m==============[0m [1m4:25[0m 2s/step - accuracy: 0.8741 - auc: 0.9383 - loss: 0.3951 - precision: 0.8588 - recall: 0.9257
[1m 49/155[0m [32m======[0m[37m==============[0m [1m4:23[0m 2s/step - accuracy: 0.8740 - auc: 0.9382 - loss: 0.3953 - precision: 0.8587 - recall: 0.9255
[1m 50/155[0m [32m======[0m[37m==============[0m [1m4:20[0m 2s/step - accuracy: 0.8738 - auc: 0.9381 - loss: 0.3955 - precision: 0.8586 - recall: 0.9253
[1m 51/155[0m [32m======[0m[37m==============[0m [1m4:18[0m 2s/step - accuracy: 0.8737 - auc: 0.9380 - loss: 0.3956 - precision: 0.8585 - recall: 0.9252
[1m 52/155[0m [32m======[0m[37m==============[0m [1m4:15[0m 2s/step - accuracy: 0.8735 - auc: 0.9380 - loss: 0.3958 - precision: 0.8584 - recall: 0.9250
[1m 53/155[0m [32m======[0m[37m==============[0m [1m4:13[0m 2s/step - accuracy: 0.8734 - auc: 0.9379 - loss: 0.3959 - precision: 0.8583 - recall: 0.9249
[1m 54/155[0m [32m======[0m[37m==============[0m [1m4:10[0m 2s/step - accuracy: 0.8733 - auc: 0.9378 - loss: 0.3960 - precision: 0.8582 - recall: 0.9248
[1m 55/155[0m [32m=======[0m[37m=============[0m [1m4:08[0m 2s/step - accuracy: 0.8732 - auc: 0.9378 - loss: 0.3961 - precision: 0.8581 - recall: 0.9247
[1m 56/155[0m [32m=======[0m[37m=============[0m [1m4:05[0m 2s/step - accuracy: 0.8731 - auc: 0.9378 - loss: 0.3961 - precision: 0.8581 - recall: 0.9247
[1m 57/155[0m [32m=======[0m[37m=============[0m [1m4:03[0m 2s/step - accuracy: 0.8730 - auc: 0.9377 - loss: 0.3962 - precision: 0.8580 - recall: 0.9246
[1m 58/155[0m [32m=======[0m[37m=============[0m [1m4:00[0m 2s/step - accuracy: 0.8729 - auc: 0.9377 - loss: 0.3963 - precision: 0.8579 - recall: 0.9245
[1m 59/155[0m [32m=======[0m[37m=============[0m [1m3:58[0m 2s/step - accuracy: 0.8728 - auc: 0.9376 - loss: 0.3964 - precision: 0.8578 - recall: 0.9244
[1m 60/155[0m [32m=======[0m[37m=============[0m [1m3:55[0m 2s/step - accuracy: 0.8726 - auc: 0.9376 - loss: 0.3965 - precision: 0.8577 - recall: 0.9243
[1m 61/155[0m [32m=======[0m[37m=============[0m [1m3:53[0m 2s/step - accuracy: 0.8725 - auc: 0.9375 - loss: 0.3965 - precision: 0.8576 - recall: 0.9243
[1m 62/155[0m [32m========[0m[37m============[0m [1m3:50[0m 2s/step - accuracy: 0.8724 - auc: 0.9375 - loss: 0.3966 - precision: 0.8574 - recall: 0.9242
[1m 63/155[0m [32m========[0m[37m============[0m [1m3:48[0m 2s/step - accuracy: 0.8723 - auc: 0.9375 - loss: 0.3967 - precision: 0.8573 - recall: 0.9242
[1m 64/155[0m [32m========[0m[37m============[0m [1m3:45[0m 2s/step - accuracy: 0.8721 - auc: 0.9374 - loss: 0.3968 - precision: 0.8571 - recall: 0.9241
[1m 65/155[0m [32m========[0m[37m============[0m [1m3:43[0m 2s/step - accuracy: 0.8720 - auc: 0.9373 - loss: 0.3969 - precision: 0.8569 - recall: 0.9241
[1m 66/155[0m [32m========[0m[37m============[0m [1m3:40[0m 2s/step - accuracy: 0.8719 - auc: 0.9373 - loss: 0.3971 - precision: 0.8568 - recall: 0.9240
[1m 67/155[0m [32m========[0m[37m============[0m [1m3:37[0m 2s/step - accuracy: 0.8718 - auc: 0.9372 - loss: 0.3972 - precision: 0.8566 - recall: 0.9240
[1m 68/155[0m [32m========[0m[37m============[0m [1m3:35[0m 2s/step - accuracy: 0.8717 - auc: 0.9372 - loss: 0.3973 - precision: 0.8564 - recall: 0.9239
[1m 69/155[0m [32m========[0m[37m============[0m [1m3:32[0m 2s/step - accuracy: 0.8715 - auc: 0.9371 - loss: 0.3974 - precision: 0.8563 - recall: 0.9238
[1m 70/155[0m [32m=========[0m[37m===========[0m [1m3:30[0m 2s/step - accuracy: 0.8714 - auc: 0.9371 - loss: 0.3976 - precision: 0.8561 - recall: 0.9237
[1m 71/155[0m [32m=========[0m[37m===========[0m [1m3:27[0m 2s/step - accuracy: 0.8713 - auc: 0.9370 - loss: 0.3977 - precision: 0.8560 - recall: 0.9237
[1m 72/155[0m [32m=========[0m[37m===========[0m [1m3:25[0m 2s/step - accuracy: 0.8712 - auc: 0.9370 - loss: 0.3978 - precision: 0.8559 - recall: 0.9236
[1m 73/155[0m [32m=========[0m[37m===========[0m [1m3:22[0m 2s/step - accuracy: 0.8711 - auc: 0.9369 - loss: 0.3979 - precision: 0.8558 - recall: 0.9234
[1m 74/155[0m [32m=========[0m[37m===========[0m [1m3:20[0m 2s/step - accuracy: 0.8710 - auc: 0.9369 - loss: 0.3980 - precision: 0.8557 - recall: 0.9233
[1m 75/155[0m [32m=========[0m[37m===========[0m [1m3:17[0m 2s/step - accuracy: 0.8709 - auc: 0.9368 - loss: 0.3982 - precision: 0.8556 - recall: 0.9232
[1m 76/155[0m [32m=========[0m[37m===========[0m [1m3:15[0m 2s/step - accuracy: 0.8708 - auc: 0.9368 - loss: 0.3983 - precision: 0.8555 - recall: 0.9231
[1m 77/155[0m [32m=========[0m[37m===========[0m [1m3:13[0m 2s/step - accuracy: 0.8707 - auc: 0.9367 - loss: 0.3984 - precision: 0.8554 - recall: 0.9229
[1m 78/155[0m [32m==========[0m[37m==========[0m [1m3:10[0m 2s/step - accuracy: 0.8706 - auc: 0.9366 - loss: 0.3986 - precision: 0.8553 - recall: 0.9228
[1m 79/155[0m [32m==========[0m[37m==========[0m [1m3:08[0m 2s/step - accuracy: 0.8705 - auc: 0.9366 - loss: 0.3987 - precision: 0.8552 - recall: 0.9227
[1m 80/155[0m [32m==========[0m[37m==========[0m [1m3:05[0m 2s/step - accuracy: 0.8704 - auc: 0.9366 - loss: 0.3988 - precision: 0.8551 - recall: 0.9226
[1m 81/155[0m [32m==========[0m[37m==========[0m [1m3:03[0m 2s/step - accuracy: 0.8703 - auc: 0.9365 - loss: 0.3989 - precision: 0.8551 - recall: 0.9225
[1m 82/155[0m [32m==========[0m[37m==========[0m [1m3:00[0m 2s/step - accuracy: 0.8702 - auc: 0.9365 - loss: 0.3990 - precision: 0.8550 - recall: 0.9224
[1m 83/155[0m [32m==========[0m[37m==========[0m [1m2:58[0m 2s/step - accuracy: 0.8702 - auc: 0.9364 - loss: 0.3991 - precision: 0.8549 - recall: 0.9223
[1m 84/155[0m [32m==========[0m[37m==========[0m [1m2:55[0m 2s/step - accuracy: 0.8701 - auc: 0.9364 - loss: 0.3992 - precision: 0.8548 - recall: 0.9222
[1m 85/155[0m [32m==========[0m[37m==========[0m [1m2:53[0m 2s/step - accuracy: 0.8700 - auc: 0.9363 - loss: 0.3993 - precision: 0.8546 - recall: 0.9222
[1m 86/155[0m [32m===========[0m[37m=========[0m [1m2:50[0m 2s/step - accuracy: 0.8698 - auc: 0.9363 - loss: 0.3994 - precision: 0.8545 - recall: 0.9221
[1m 87/155[0m [32m===========[0m[37m=========[0m [1m2:48[0m 2s/step - accuracy: 0.8697 - auc: 0.9362 - loss: 0.3995 - precision: 0.8543 - recall: 0.9220
[1m 88/155[0m [32m===========[0m[37m=========[0m [1m2:45[0m 2s/step - accuracy: 0.8696 - auc: 0.9362 - loss: 0.3996 - precision: 0.8542 - recall: 0.9220
[1m 89/155[0m [32m===========[0m[37m=========[0m [1m2:43[0m 2s/step - accuracy: 0.8696 - auc: 0.9362 - loss: 0.3998 - precision: 0.8541 - recall: 0.9219
[1m 90/155[0m [32m===========[0m[37m=========[0m [1m2:40[0m 2s/step - accuracy: 0.8695 - auc: 0.9361 - loss: 0.3999 - precision: 0.8539 - recall: 0.9219
[1m 91/155[0m [32m===========[0m[37m=========[0m [1m2:37[0m 2s/step - accuracy: 0.8694 - auc: 0.9361 - loss: 0.4000 - precision: 0.8538 - recall: 0.9218
[1m 92/155[0m [32m===========[0m[37m=========[0m [1m2:35[0m 2s/step - accuracy: 0.8693 - auc: 0.9360 - loss: 0.4001 - precision: 0.8537 - recall: 0.9218
[1m 93/155[0m [32m============[0m[37m========[0m [1m2:32[0m 2s/step - accuracy: 0.8692 - auc: 0.9360 - loss: 0.4001 - precision: 0.8536 - recall: 0.9218
[1m 94/155[0m [32m============[0m[37m========[0m [1m2:30[0m 2s/step - accuracy: 0.8692 - auc: 0.9360 - loss: 0.4002 - precision: 0.8535 - recall: 0.9217
[1m 95/155[0m [32m============[0m[37m========[0m [1m2:27[0m 2s/step - accuracy: 0.8691 - auc: 0.9359 - loss: 0.4003 - precision: 0.8534 - recall: 0.9216
[1m 96/155[0m [32m============[0m[37m========[0m [1m2:25[0m 2s/step - accuracy: 0.8690 - auc: 0.9359 - loss: 0.4004 - precision: 0.8533 - recall: 0.9216
[1m 97/155[0m [32m============[0m[37m========[0m [1m2:22[0m 2s/step - accuracy: 0.8689 - auc: 0.9359 - loss: 0.4005 - precision: 0.8532 - recall: 0.9215
[1m 98/155[0m [32m============[0m[37m========[0m [1m2:20[0m 2s/step - accuracy: 0.8689 - auc: 0.9358 - loss: 0.4006 - precision: 0.8531 - recall: 0.9214
[1m 99/155[0m [32m============[0m[37m========[0m [1m2:17[0m 2s/step - accuracy: 0.8688 - auc: 0.9358 - loss: 0.4006 - precision: 0.8530 - recall: 0.9213
[1m100/155[0m [32m============[0m[37m========[0m [1m2:15[0m 2s/step - accuracy: 0.8687 - auc: 0.9358 - loss: 0.4007 - precision: 0.8529 - recall: 0.9212
[1m101/155[0m [32m=============[0m[37m=======[0m [1m2:12[0m 2s/step - accuracy: 0.8686 - auc: 0.9357 - loss: 0.4008 - precision: 0.8529 - recall: 0.9211
[1m102/155[0m [32m=============[0m[37m=======[0m [1m2:10[0m 2s/step - accuracy: 0.8686 - auc: 0.9357 - loss: 0.4009 - precision: 0.8528 - recall: 0.9210
[1m103/155[0m [32m=============[0m[37m=======[0m [1m2:08[0m 2s/step - accuracy: 0.8685 - auc: 0.9357 - loss: 0.4009 - precision: 0.8527 - recall: 0.9209
[1m104/155[0m [32m=============[0m[37m=======[0m [1m2:05[0m 2s/step - accuracy: 0.8684 - auc: 0.9357 - loss: 0.4010 - precision: 0.8527 - recall: 0.9208
[1m105/155[0m [32m=============[0m[37m=======[0m [1m2:03[0m 2s/step - accuracy: 0.8684 - auc: 0.9357 - loss: 0.4010 - precision: 0.8526 - recall: 0.9207
[1m106/155[0m [32m=============[0m[37m=======[0m [1m2:00[0m 2s/step - accuracy: 0.8683 - auc: 0.9356 - loss: 0.4011 - precision: 0.8525 - recall: 0.9206
[1m107/155[0m [32m=============[0m[37m=======[0m [1m1:58[0m 2s/step - accuracy: 0.8682 - auc: 0.9356 - loss: 0.4011 - precision: 0.8525 - recall: 0.9205
[1m108/155[0m [32m=============[0m[37m=======[0m [1m1:55[0m 2s/step - accuracy: 0.8682 - auc: 0.9356 - loss: 0.4012 - precision: 0.8524 - recall: 0.9205
[1m109/155[0m [32m==============[0m[37m======[0m [1m1:53[0m 2s/step - accuracy: 0.8681 - auc: 0.9356 - loss: 0.4012 - precision: 0.8524 - recall: 0.9204
[1m110/155[0m [32m==============[0m[37m======[0m [1m1:50[0m 2s/step - accuracy: 0.8681 - auc: 0.9356 - loss: 0.4012 - precision: 0.8523 - recall: 0.9203
[1m111/155[0m [32m==============[0m[37m======[0m [1m1:48[0m 2s/step - accuracy: 0.8680 - auc: 0.9356 - loss: 0.4013 - precision: 0.8522 - recall: 0.9203
[1m112/155[0m [32m==============[0m[37m======[0m [1m1:45[0m 2s/step - accuracy: 0.8679 - auc: 0.9356 - loss: 0.4013 - precision: 0.8521 - recall: 0.9202
[1m113/155[0m [32m==============[0m[37m======[0m [1m1:43[0m 2s/step - accuracy: 0.8679 - auc: 0.9355 - loss: 0.4014 - precision: 0.8521 - recall: 0.9201
[1m114/155[0m [32m==============[0m[37m======[0m [1m1:41[0m 2s/step - accuracy: 0.8678 - auc: 0.9355 - loss: 0.4014 - precision: 0.8520 - recall: 0.9201
[1m115/155[0m [32m==============[0m[37m======[0m [1m1:38[0m 2s/step - accuracy: 0.8678 - auc: 0.9355 - loss: 0.4014 - precision: 0.8520 - recall: 0.9200
[1m116/155[0m [32m==============[0m[37m======[0m [1m1:36[0m 2s/step - accuracy: 0.8677 - auc: 0.9355 - loss: 0.4015 - precision: 0.8519 - recall: 0.9199
[1m117/155[0m [32m===============[0m[37m=====[0m [1m1:33[0m 2s/step - accuracy: 0.8677 - auc: 0.9355 - loss: 0.4015 - precision: 0.8518 - recall: 0.9199
[1m118/155[0m [32m===============[0m[37m=====[0m [1m1:31[0m 2s/step - accuracy: 0.8676 - auc: 0.9355 - loss: 0.4015 - precision: 0.8518 - recall: 0.9198
[1m119/155[0m [32m===============[0m[37m=====[0m [1m1:28[0m 2s/step - accuracy: 0.8676 - auc: 0.9355 - loss: 0.4016 - precision: 0.8518 - recall: 0.9198
[1m120/155[0m [32m===============[0m[37m=====[0m [1m1:26[0m 2s/step - accuracy: 0.8675 - auc: 0.9355 - loss: 0.4016 - precision: 0.8517 - recall: 0.9197
[1m121/155[0m [32m===============[0m[37m=====[0m [1m1:23[0m 2s/step - accuracy: 0.8675 - auc: 0.9354 - loss: 0.4016 - precision: 0.8516 - recall: 0.9197
[1m122/155[0m [32m===============[0m[37m=====[0m [1m1:21[0m 2s/step - accuracy: 0.8675 - auc: 0.9354 - loss: 0.4016 - precision: 0.8516 - recall: 0.9197
[1m123/155[0m [32m===============[0m[37m=====[0m [1m1:18[0m 2s/step - accuracy: 0.8674 - auc: 0.9354 - loss: 0.4017 - precision: 0.8515 - recall: 0.9196
[1m124/155[0m [32m================[0m[37m====[0m [1m1:16[0m 2s/step - accuracy: 0.8674 - auc: 0.9354 - loss: 0.4017 - precision: 0.8515 - recall: 0.9196
[1m125/155[0m [32m================[0m[37m====[0m [1m1:13[0m 2s/step - accuracy: 0.8673 - auc: 0.9354 - loss: 0.4017 - precision: 0.8514 - recall: 0.9195
[1m126/155[0m [32m================[0m[37m====[0m [1m1:11[0m 2s/step - accuracy: 0.8673 - auc: 0.9354 - loss: 0.4017 - precision: 0.8514 - recall: 0.9195
[1m127/155[0m [32m================[0m[37m====[0m [1m1:09[0m 2s/step - accuracy: 0.8672 - auc: 0.9354 - loss: 0.4017 - precision: 0.8513 - recall: 0.9195
[1m128/155[0m [32m================[0m[37m====[0m [1m1:06[0m 2s/step - accuracy: 0.8672 - auc: 0.9354 - loss: 0.4018 - precision: 0.8512 - recall: 0.9195
[1m129/155[0m [32m================[0m[37m====[0m [1m1:04[0m 2s/step - accuracy: 0.8672 - auc: 0.9354 - loss: 0.4018 - precision: 0.8512 - recall: 0.9194
[1m130/155[0m [32m================[0m[37m====[0m [1m1:01[0m 2s/step - accuracy: 0.8671 - auc: 0.9354 - loss: 0.4018 - precision: 0.8511 - recall: 0.9194
[1m131/155[0m [32m================[0m[37m====[0m [1m59s[0m 2s/step - accuracy: 0.8671 - auc: 0.9354 - loss: 0.4018 - precision: 0.8511 - recall: 0.9194 
[1m132/155[0m [32m=================[0m[37m===[0m [1m56s[0m 2s/step - accuracy: 0.8671 - auc: 0.9354 - loss: 0.4018 - precision: 0.8511 - recall: 0.9193
[1m133/155[0m [32m=================[0m[37m===[0m [1m54s[0m 2s/step - accuracy: 0.8671 - auc: 0.9354 - loss: 0.4018 - precision: 0.8510 - recall: 0.9193
[1m134/155[0m [32m=================[0m[37m===[0m [1m51s[0m 2s/step - accuracy: 0.8670 - auc: 0.9354 - loss: 0.4018 - precision: 0.8510 - recall: 0.9193
[1m135/155[0m [32m=================[0m[37m===[0m [1m49s[0m 2s/step - accuracy: 0.8670 - auc: 0.9354 - loss: 0.4018 - precision: 0.8510 - recall: 0.9192
[1m136/155[0m [32m=================[0m[37m===[0m [1m47s[0m 2s/step - accuracy: 0.8670 - auc: 0.9354 - loss: 0.4018 - precision: 0.8509 - recall: 0.9192
[1m137/155[0m [32m=================[0m[37m===[0m [1m44s[0m 2s/step - accuracy: 0.8669 - auc: 0.9354 - loss: 0.4018 - precision: 0.8509 - recall: 0.9192
[1m138/155[0m [32m=================[0m[37m===[0m [1m42s[0m 2s/step - accuracy: 0.8669 - auc: 0.9354 - loss: 0.4018 - precision: 0.8508 - recall: 0.9191
[1m139/155[0m [32m=================[0m[37m===[0m [1m39s[0m 2s/step - accuracy: 0.8669 - auc: 0.9354 - loss: 0.4019 - precision: 0.8508 - recall: 0.91912026-05-14 07:14:33.748529: I tensorflow/core/kernels/data/shuffle_dataset_op.cc:453] ShuffleDatasetV3:7: Filling up shuffle buffer (this may take a while): 172 of 1024

[1m140/155[0m [32m==================[0m[37m==[0m [1m37s[0m 2s/step - accuracy: 0.8668 - auc: 0.9354 - loss: 0.4019 - precision: 0.8508 - recall: 0.9190
[1m141/155[0m [32m==================[0m[37m==[0m [1m34s[0m 2s/step - accuracy: 0.8668 - auc: 0.9354 - loss: 0.4019 - precision: 0.8507 - recall: 0.9190
[1m142/155[0m [32m==================[0m[37m==[0m [1m32s[0m 2s/step - accuracy: 0.8668 - auc: 0.9354 - loss: 0.4019 - precision: 0.8507 - recall: 0.9190
[1m143/155[0m [32m==================[0m[37m==[0m [1m29s[0m 2s/step - accuracy: 0.8667 - auc: 0.9354 - loss: 0.4019 - precision: 0.8507 - recall: 0.9189
[1m144/155[0m [32m==================[0m[37m==[0m [1m27s[0m 2s/step - accuracy: 0.8667 - auc: 0.9354 - loss: 0.4020 - precision: 0.8506 - recall: 0.9189
[1m145/155[0m [32m==================[0m[37m==[0m [1m24s[0m 2s/step - accuracy: 0.8667 - auc: 0.9354 - loss: 0.4020 - precision: 0.8506 - recall: 0.9188
[1m146/155[0m [32m==================[0m[37m==[0m [1m22s[0m 2s/step - accuracy: 0.8666 - auc: 0.9354 - loss: 0.4020 - precision: 0.8505 - recall: 0.9188
[1m147/155[0m [32m==================[0m[37m==[0m [1m19s[0m 2s/step - accuracy: 0.8666 - auc: 0.9354 - loss: 0.4020 - precision: 0.8505 - recall: 0.91882026-05-14 07:14:53.667966: I tensorflow/core/kernels/data/shuffle_dataset_op.cc:453] ShuffleDatasetV3:7: Filling up shuffle buffer (this may take a while): 773 of 1024

[1m148/155[0m [32m===================[0m[37m=[0m [1m17s[0m 2s/step - accuracy: 0.8666 - auc: 0.9353 - loss: 0.4020 - precision: 0.8505 - recall: 0.9187
[1m149/155[0m [32m===================[0m[37m=[0m [1m14s[0m 2s/step - accuracy: 0.8665 - auc: 0.9353 - loss: 0.4020 - precision: 0.8504 - recall: 0.91872026-05-14 07:14:59.627280: I tensorflow/core/kernels/data/shuffle_dataset_op.cc:483] Shuffle buffer filled.

[1m150/155[0m [32m===================[0m[37m=[0m [1m12s[0m 2s/step - accuracy: 0.8665 - auc: 0.9353 - loss: 0.4021 - precision: 0.8504 - recall: 0.9187
[1m151/155[0m [32m===================[0m[37m=[0m [1m9s[0m 2s/step - accuracy: 0.8665 - auc: 0.9353 - loss: 0.4021 - precision: 0.8504 - recall: 0.9187 
[1m152/155[0m [32m===================[0m[37m=[0m [1m7s[0m 2s/step - accuracy: 0.8665 - auc: 0.9353 - loss: 0.4021 - precision: 0.8503 - recall: 0.9186
[1m153/155[0m [32m===================[0m[37m=[0m [1m4s[0m 2s/step - accuracy: 0.8665 - auc: 0.9353 - loss: 0.4021 - precision: 0.8503 - recall: 0.9186
[1m154/155[0m [32m===================[0m[37m=[0m [1m2s[0m 2s/step - accuracy: 0.8664 - auc: 0.9353 - loss: 0.4021 - precision: 0.8503 - recall: 0.9186
[1m155/155[0m [32m====================[0m[37m[0m [1m0s[0m 2s/step - accuracy: 0.8664 - auc: 0.9353 - loss: 0.4021 - precision: 0.8503 - recall: 0.9186
Epoch 4: val_auc did not improve from 0.90883

[1m155/155[0m [32m====================[0m[37m[0m [1m403s[0m 3s/step - accuracy: 0.8639 - auc: 0.9345 - loss: 0.4045 - precision: 0.8460 - recall: 0.9163 - val_accuracy: 0.7542 - val_auc: 0.9031 - val_loss: 0.6414 - val_precision: 0.9220 - val_recall: 0.6495 - learning_rate: 1.0000e-04
Epoch 5/30

[1m  1/155[0m [37m====================[0m [1m5:53[0m 2s/step - accuracy: 0.8750 - auc: 0.9062 - loss: 0.4330 - precision: 0.8974 - recall: 0.8974
[1m  2/155[0m [37m====================[0m [1m6:16[0m 2s/step - accuracy: 0.8672 - auc: 0.9225 - loss: 0.4122 - precision: 0.8609 - recall: 0.9108
[1m  3/155[0m [37m====================[0m [1m6:15[0m 2s/step - accuracy: 0.8681 - auc: 0.9319 - loss: 0.3982 - precision: 0.8461 - recall: 0.9228
[1m  4/155[0m [37m====================[0m [1m6:09[0m 2s/step - accuracy: 0.8698 - auc: 0.9363 - loss: 0.3918 - precision: 0.8391 - recall: 0.9299
[1m  5/155[0m [37m====================[0m [1m6:10[0m 2s/step - accuracy: 0.8721 - auc: 0.9390 - loss: 0.3865 - precision: 0.8380 - recall: 0.9338
[1m  6/155[0m [37m====================[0m [1m6:05[0m 2s/step - accuracy: 0.8730 - auc: 0.9404 - loss: 0.3836 - precision: 0.8374 - recall: 0.9353
[1m  7/155[0m [37m====================[0m [1m6:01[0m 2s/step - accuracy: 0.8749 - auc: 0.9419 - loss: 0.3801 - precision: 0.8394 - recall: 0.9365
[1m  8/155[0m [32m=[0m[37m===================[0m [1m5:58[0m 2s/step - accuracy: 0.8759 - auc: 0.9428 - loss: 0.3783 - precision: 0.8403 - recall: 0.9373
[1m  9/155[0m [32m=[0m[37m===================[0m [1m5:55[0m 2s/step - accuracy: 0.8767 - auc: 0.9434 - loss: 0.3772 - precision: 0.8414 - recall: 0.9380
[1m 10/155[0m [32m=[0m[37m===================[0m [1m5:53[0m 2s/step - accuracy: 0.8780 - auc: 0.9440 - loss: 0.3758 - precision: 0.8432 - recall: 0.9386
[1m 11/155[0m [32m=[0m[37m===================[0m [1m5:50[0m 2s/step - accuracy: 0.8794 - auc: 0.9448 - loss: 0.3739 - precision: 0.8452 - recall: 0.9390
[1m 12/155[0m [32m=[0m[37m===================[0m [1m5:48[0m 2s/step - accuracy: 0.8803 - auc: 0.9456 - loss: 0.3724 - precision: 0.8470 - recall: 0.9387
[1m 13/155[0m [32m=[0m[37m===================[0m [1m5:46[0m 2s/step - accuracy: 0.8809 - auc: 0.9460 - loss: 0.3715 - precision: 0.8487 - recall: 0.9380
[1m 14/155[0m [32m=[0m[37m===================[0m [1m5:43[0m 2s/step - accuracy: 0.8812 - auc: 0.9463 - loss: 0.3712 - precision: 0.8504 - recall: 0.9368
[1m 15/155[0m [32m=[0m[37m===================[0m [1m5:40[0m 2s/step - accuracy: 0.8816 - auc: 0.9467 - loss: 0.3706 - precision: 0.8518 - recall: 0.9360
[1m 16/155[0m [32m==[0m[37m==================[0m [1m5:38[0m 2s/step - accuracy: 0.8819 - auc: 0.9470 - loss: 0.3701 - precision: 0.8530 - recall: 0.9353
[1m 17/155[0m [32m==[0m[37m==================[0m [1m5:35[0m 2s/step - accuracy: 0.8822 - auc: 0.9473 - loss: 0.3697 - precision: 0.8542 - recall: 0.9346
[1m 18/155[0m [32m==[0m[37m==================[0m [1m5:33[0m 2s/step - accuracy: 0.8825 - auc: 0.9475 - loss: 0.3695 - precision: 0.8554 - recall: 0.9340
[1m 19/155[0m [32m==[0m[37m==================[0m [1m5:30[0m 2s/step - accuracy: 0.8827 - auc: 0.9475 - loss: 0.3697 - precision: 0.8564 - recall: 0.9335
[1m 20/155[0m [32m==[0m[37m==================[0m [1m5:28[0m 2s/step - accuracy: 0.8826 - auc: 0.9474 - loss: 0.3699 - precision: 0.8570 - recall: 0.9328
[1m 21/155[0m [32m==[0m[37m==================[0m [1m5:26[0m 2s/step - accuracy: 0.8825 - auc: 0.9474 - loss: 0.3701 - precision: 0.8577 - recall: 0.9322
[1m 22/155[0m [32m==[0m[37m==================[0m [1m5:23[0m 2s/step - accuracy: 0.8824 - auc: 0.9474 - loss: 0.3702 - precision: 0.8582 - recall: 0.9316
[1m 23/155[0m [32m==[0m[37m==================[0m [1m5:21[0m 2s/step - accuracy: 0.8823 - auc: 0.9474 - loss: 0.3703 - precision: 0.8587 - recall: 0.9312
[1m 24/155[0m [32m===[0m[37m=================[0m [1m5:18[0m 2s/step - accuracy: 0.8823 - auc: 0.9474 - loss: 0.3705 - precision: 0.8592 - recall: 0.9309
[1m 25/155[0m [32m===[0m[37m=================[0m [1m5:16[0m 2s/step - accuracy: 0.8822 - auc: 0.9473 - loss: 0.3707 - precision: 0.8595 - recall: 0.9306
[1m 26/155[0m [32m===[0m[37m=================[0m [1m5:13[0m 2s/step - accuracy: 0.8821 - auc: 0.9473 - loss: 0.3708 - precision: 0.8597 - recall: 0.9305
[1m 27/155[0m [32m===[0m[37m=================[0m [1m5:11[0m 2s/step - accuracy: 0.8820 - auc: 0.9472 - loss: 0.3710 - precision: 0.8598 - recall: 0.9304
[1m 28/155[0m [32m===[0m[37m=================[0m [1m5:09[0m 2s/step - accuracy: 0.8820 - auc: 0.9472 - loss: 0.3711 - precision: 0.8600 - recall: 0.9304
[1m 29/155[0m [32m===[0m[37m=================[0m [1m5:06[0m 2s/step - accuracy: 0.8820 - auc: 0.9472 - loss: 0.3711 - precision: 0.8602 - recall: 0.9303
[1m 30/155[0m [32m===[0m[37m=================[0m [1m5:04[0m 2s/step - accuracy: 0.8820 - auc: 0.9472 - loss: 0.3712 - precision: 0.8603 - recall: 0.9303
[1m 31/155[0m [32m====[0m[37m================[0m [1m5:01[0m 2s/step - accuracy: 0.8820 - auc: 0.9472 - loss: 0.3712 - precision: 0.8604 - recall: 0.9303
[1m 32/155[0m [32m====[0m[37m================[0m [1m4:59[0m 2s/step - accuracy: 0.8819 - auc: 0.9472 - loss: 0.3713 - precision: 0.8605 - recall: 0.9304
[1m 33/155[0m [32m====[0m[37m================[0m [1m4:57[0m 2s/step - accuracy: 0.8819 - auc: 0.9473 - loss: 0.3713 - precision: 0.8606 - recall: 0.9304
[1m 34/155[0m [32m====[0m[37m================[0m [1m4:54[0m 2s/step - accuracy: 0.8818 - auc: 0.9473 - loss: 0.3713 - precision: 0.8606 - recall: 0.9304
[1m 35/155[0m [32m====[0m[37m================[0m [1m4:52[0m 2s/step - accuracy: 0.8817 - auc: 0.9473 - loss: 0.3715 - precision: 0.8606 - recall: 0.9304
[1m 36/155[0m [32m====[0m[37m================[0m [1m4:49[0m 2s/step - accuracy: 0.8815 - auc: 0.9472 - loss: 0.3717 - precision: 0.8605 - recall: 0.9303
[1m 37/155[0m [32m====[0m[37m================[0m [1m4:47[0m 2s/step - accuracy: 0.8813 - auc: 0.9471 - loss: 0.3718 - precision: 0.8605 - recall: 0.9302
[1m 38/155[0m [32m====[0m[37m================[0m [1m4:44[0m 2s/step - accuracy: 0.8811 - auc: 0.9471 - loss: 0.3721 - precision: 0.8604 - recall: 0.9301
[1m 39/155[0m [32m=====[0m[37m===============[0m [1m4:42[0m 2s/step - accuracy: 0.8810 - auc: 0.9470 - loss: 0.3723 - precision: 0.8603 - recall: 0.9301
[1m 40/155[0m [32m=====[0m[37m===============[0m [1m4:40[0m 2s/step - accuracy: 0.8808 - auc: 0.9469 - loss: 0.3725 - precision: 0.8603 - recall: 0.9299
[1m 41/155[0m [32m=====[0m[37m===============[0m [1m4:37[0m 2s/step - accuracy: 0.8807 - auc: 0.9469 - loss: 0.3728 - precision: 0.8603 - recall: 0.9298
[1m 42/155[0m [32m=====[0m[37m===============[0m [1m4:35[0m 2s/step - accuracy: 0.8804 - auc: 0.9467 - loss: 0.3731 - precision: 0.8602 - recall: 0.9296
[1m 43/155[0m [32m=====[0m[37m===============[0m [1m4:32[0m 2s/step - accuracy: 0.8802 - auc: 0.9466 - loss: 0.3735 - precision: 0.8601 - recall: 0.9295
[1m 44/155[0m [32m=====[0m[37m===============[0m [1m4:30[0m 2s/step - accuracy: 0.8800 - auc: 0.9465 - loss: 0.3738 - precision: 0.8600 - recall: 0.9294
[1m 45/155[0m [32m=====[0m[37m===============[0m [1m4:27[0m 2s/step - accuracy: 0.8798 - auc: 0.9464 - loss: 0.3741 - precision: 0.8598 - recall: 0.9293
[1m 46/155[0m [32m=====[0m[37m===============[0m [1m4:25[0m 2s/step - accuracy: 0.8796 - auc: 0.9463 - loss: 0.3744 - precision: 0.8597 - recall: 0.9291
[1m 47/155[0m [32m======[0m[37m==============[0m [1m4:22[0m 2s/step - accuracy: 0.8794 - auc: 0.9462 - loss: 0.3746 - precision: 0.8597 - recall: 0.9290
[1m 48/155[0m [32m======[0m[37m==============[0m [1m4:20[0m 2s/step - accuracy: 0.8793 - auc: 0.9461 - loss: 0.3748 - precision: 0.8596 - recall: 0.9289
[1m 49/155[0m [32m======[0m[37m==============[0m [1m4:18[0m 2s/step - accuracy: 0.8792 - auc: 0.9460 - loss: 0.3751 - precision: 0.8596 - recall: 0.9288
[1m 50/155[0m [32m======[0m[37m==============[0m [1m4:16[0m 2s/step - accuracy: 0.8790 - auc: 0.9460 - loss: 0.3753 - precision: 0.8596 - recall: 0.9287
[1m 51/155[0m [32m======[0m[37m==============[0m [1m4:13[0m 2s/step - accuracy: 0.8789 - auc: 0.9459 - loss: 0.3755 - precision: 0.8595 - recall: 0.9286
[1m 52/155[0m [32m======[0m[37m==============[0m [1m4:11[0m 2s/step - accuracy: 0.8788 - auc: 0.9458 - loss: 0.3757 - precision: 0.8595 - recall: 0.9284
[1m 53/155[0m [32m======[0m[37m==============[0m [1m4:09[0m 2s/step - accuracy: 0.8786 - auc: 0.9457 - loss: 0.3759 - precision: 0.8594 - recall: 0.9283
[1m 54/155[0m [32m======[0m[37m==============[0m [1m4:06[0m 2s/step - accuracy: 0.8784 - auc: 0.9456 - loss: 0.3762 - precision: 0.8593 - recall: 0.9282
[1m 55/155[0m [32m=======[0m[37m=============[0m [1m4:04[0m 2s/step - accuracy: 0.8783 - auc: 0.9455 - loss: 0.3764 - precision: 0.8592 - recall: 0.9280
[1m 56/155[0m [32m=======[0m[37m=============[0m [1m4:01[0m 2s/step - accuracy: 0.8781 - auc: 0.9455 - loss: 0.3766 - precision: 0.8591 - recall: 0.9279
[1m 57/155[0m [32m=======[0m[37m=============[0m [1m3:59[0m 2s/step - accuracy: 0.8779 - auc: 0.9454 - loss: 0.3769 - precision: 0.8590 - recall: 0.9278
[1m 58/155[0m [32m=======[0m[37m=============[0m [1m3:56[0m 2s/step - accuracy: 0.8778 - auc: 0.9453 - loss: 0.3771 - precision: 0.8588 - recall: 0.9277
[1m 59/155[0m [32m=======[0m[37m=============[0m [1m3:54[0m 2s/step - accuracy: 0.8776 - auc: 0.9452 - loss: 0.3773 - precision: 0.8587 - recall: 0.9276
[1m 60/155[0m [32m=======[0m[37m=============[0m [1m3:51[0m 2s/step - accuracy: 0.8775 - auc: 0.9452 - loss: 0.3774 - precision: 0.8586 - recall: 0.9276
[1m 61/155[0m [32m=======[0m[37m=============[0m [1m3:49[0m 2s/step - accuracy: 0.8773 - auc: 0.9451 - loss: 0.3776 - precision: 0.8585 - recall: 0.9275
[1m 62/155[0m [32m========[0m[37m============[0m [1m3:46[0m 2s/step - accuracy: 0.8772 - auc: 0.9450 - loss: 0.3778 - precision: 0.8584 - recall: 0.9274
[1m 63/155[0m [32m========[0m[37m============[0m [1m3:44[0m 2s/step - accuracy: 0.8771 - auc: 0.9450 - loss: 0.3780 - precision: 0.8583 - recall: 0.9273
[1m 64/155[0m [32m========[0m[37m============[0m [1m3:42[0m 2s/step - accuracy: 0.8770 - auc: 0.9449 - loss: 0.3781 - precision: 0.8583 - recall: 0.9272
[1m 65/155[0m [32m========[0m[37m============[0m [1m3:39[0m 2s/step - accuracy: 0.8769 - auc: 0.9449 - loss: 0.3783 - precision: 0.8582 - recall: 0.9272
[1m 66/155[0m [32m========[0m[37m============[0m [1m3:37[0m 2s/step - accuracy: 0.8768 - auc: 0.9448 - loss: 0.3784 - precision: 0.8582 - recall: 0.9271
[1m 67/155[0m [32m========[0m[37m============[0m [1m3:34[0m 2s/step - accuracy: 0.8768 - auc: 0.9448 - loss: 0.3785 - precision: 0.8581 - recall: 0.9271
[1m 68/155[0m [32m========[0m[37m============[0m [1m3:32[0m 2s/step - accuracy: 0.8767 - auc: 0.9447 - loss: 0.3787 - precision: 0.8581 - recall: 0.9270
[1m 69/155[0m [32m========[0m[37m============[0m [1m3:29[0m 2s/step - accuracy: 0.8766 - auc: 0.9447 - loss: 0.3788 - precision: 0.8580 - recall: 0.9269
[1m 70/155[0m [32m=========[0m[37m===========[0m [1m3:27[0m 2s/step - accuracy: 0.8765 - auc: 0.9446 - loss: 0.3790 - precision: 0.8580 - recall: 0.9269
[1m 71/155[0m [32m=========[0m[37m===========[0m [1m3:24[0m 2s/step - accuracy: 0.8764 - auc: 0.9446 - loss: 0.3791 - precision: 0.8579 - recall: 0.9268
[1m 72/155[0m [32m=========[0m[37m===========[0m [1m3:22[0m 2s/step - accuracy: 0.8763 - auc: 0.9445 - loss: 0.3793 - precision: 0.8578 - recall: 0.9268
[1m 73/155[0m [32m=========[0m[37m===========[0m [1m3:19[0m 2s/step - accuracy: 0.8762 - auc: 0.9444 - loss: 0.3794 - precision: 0.8577 - recall: 0.9268
[1m 74/155[0m [32m=========[0m[37m===========[0m [1m3:17[0m 2s/step - accuracy: 0.8761 - auc: 0.9444 - loss: 0.3796 - precision: 0.8576 - recall: 0.9267
[1m 75/155[0m [32m=========[0m[37m===========[0m [1m3:14[0m 2s/step - accuracy: 0.8760 - auc: 0.9443 - loss: 0.3798 - precision: 0.8575 - recall: 0.9267
[1m 76/155[0m [32m=========[0m[37m===========[0m [1m3:12[0m 2s/step - accuracy: 0.8759 - auc: 0.9443 - loss: 0.3799 - precision: 0.8574 - recall: 0.9266
[1m 77/155[0m [32m=========[0m[37m===========[0m [1m3:10[0m 2s/step - accuracy: 0.8758 - auc: 0.9442 - loss: 0.3800 - precision: 0.8572 - recall: 0.9266
[1m 78/155[0m [32m==========[0m[37m==========[0m [1m3:07[0m 2s/step - accuracy: 0.8757 - auc: 0.9442 - loss: 0.3802 - precision: 0.8572 - recall: 0.9266
[1m 79/155[0m [32m==========[0m[37m==========[0m [1m3:05[0m 2s/step - accuracy: 0.8756 - auc: 0.9441 - loss: 0.3803 - precision: 0.8571 - recall: 0.9266
[1m 80/155[0m [32m==========[0m[37m==========[0m [1m3:02[0m 2s/step - accuracy: 0.8755 - auc: 0.9441 - loss: 0.3804 - precision: 0.8570 - recall: 0.9265
[1m 81/155[0m [32m==========[0m[37m==========[0m [1m3:00[0m 2s/step - accuracy: 0.8754 - auc: 0.9440 - loss: 0.3805 - precision: 0.8569 - recall: 0.9265
[1m 82/155[0m [32m==========[0m[37m==========[0m [1m2:57[0m 2s/step - accuracy: 0.8754 - auc: 0.9440 - loss: 0.3805 - precision: 0.8569 - recall: 0.9265
[1m 83/155[0m [32m==========[0m[37m==========[0m [1m2:55[0m 2s/step - accuracy: 0.8753 - auc: 0.9440 - loss: 0.3806 - precision: 0.8568 - recall: 0.9265
[1m 84/155[0m [32m==========[0m[37m==========[0m [1m2:52[0m 2s/step - accuracy: 0.8752 - auc: 0.9440 - loss: 0.3807 - precision: 0.8567 - recall: 0.9264
[1m 85/155[0m [32m==========[0m[37m==========[0m [1m2:50[0m 2s/step - accuracy: 0.8752 - auc: 0.9439 - loss: 0.3808 - precision: 0.8567 - recall: 0.9264
[1m 86/155[0m [32m===========[0m[37m=========[0m [1m2:47[0m 2s/step - accuracy: 0.8751 - auc: 0.9439 - loss: 0.3809 - precision: 0.8566 - recall: 0.9263
[1m 87/155[0m [32m===========[0m[37m=========[0m [1m2:45[0m 2s/step - accuracy: 0.8750 - auc: 0.9439 - loss: 0.3810 - precision: 0.8566 - recall: 0.9263
[1m 88/155[0m [32m===========[0m[37m=========[0m [1m2:43[0m 2s/step - accuracy: 0.8750 - auc: 0.9438 - loss: 0.3811 - precision: 0.8565 - recall: 0.9263
[1m 89/155[0m [32m===========[0m[37m=========[0m [1m2:40[0m 2s/step - accuracy: 0.8749 - auc: 0.9438 - loss: 0.3812 - precision: 0.8564 - recall: 0.9262
[1m 90/155[0m [32m===========[0m[37m=========[0m [1m2:38[0m 2s/step - accuracy: 0.8748 - auc: 0.9438 - loss: 0.3813 - precision: 0.8564 - recall: 0.9262
[1m 91/155[0m [32m===========[0m[37m=========[0m [1m2:35[0m 2s/step - accuracy: 0.8748 - auc: 0.9438 - loss: 0.3814 - precision: 0.8563 - recall: 0.9261
[1m 92/155[0m [32m===========[0m[37m=========[0m [1m2:33[0m 2s/step - accuracy: 0.8747 - auc: 0.9438 - loss: 0.3814 - precision: 0.8562 - recall: 0.9261
[1m 93/155[0m [32m============[0m[37m========[0m [1m2:30[0m 2s/step - accuracy: 0.8747 - auc: 0.9437 - loss: 0.3815 - precision: 0.8562 - recall: 0.9261
[1m 94/155[0m [32m============[0m[37m========[0m [1m2:28[0m 2s/step - accuracy: 0.8746 - auc: 0.9437 - loss: 0.3816 - precision: 0.8562 - recall: 0.9260
[1m 95/155[0m [32m============[0m[37m========[0m [1m2:26[0m 2s/step - accuracy: 0.8745 - auc: 0.9437 - loss: 0.3816 - precision: 0.8561 - recall: 0.9260
[1m 96/155[0m [32m============[0m[37m========[0m [1m2:23[0m 2s/step - accuracy: 0.8745 - auc: 0.9437 - loss: 0.3817 - precision: 0.8561 - recall: 0.9259
[1m 97/155[0m [32m============[0m[37m========[0m [1m2:21[0m 2s/step - accuracy: 0.8744 - auc: 0.9436 - loss: 0.3818 - precision: 0.8560 - recall: 0.9258
[1m 98/155[0m [32m============[0m[37m========[0m [1m2:18[0m 2s/step - accuracy: 0.8744 - auc: 0.9436 - loss: 0.3819 - precision: 0.8560 - recall: 0.9258
[1m 99/155[0m [32m============[0m[37m========[0m [1m2:16[0m 2s/step - accuracy: 0.8743 - auc: 0.9436 - loss: 0.3820 - precision: 0.8559 - recall: 0.9257
[1m100/155[0m [32m============[0m[37m========[0m [1m2:14[0m 2s/step - accuracy: 0.8743 - auc: 0.9436 - loss: 0.3821 - precision: 0.8559 - recall: 0.9257
[1m101/155[0m [32m=============[0m[37m=======[0m [1m2:11[0m 2s/step - accuracy: 0.8742 - auc: 0.9435 - loss: 0.3821 - precision: 0.8559 - recall: 0.9256
[1m102/155[0m [32m=============[0m[37m=======[0m [1m2:09[0m 2s/step - accuracy: 0.8742 - auc: 0.9435 - loss: 0.3822 - precision: 0.8558 - recall: 0.9256
[1m103/155[0m [32m=============[0m[37m=======[0m [1m2:06[0m 2s/step - accuracy: 0.8741 - auc: 0.9435 - loss: 0.3823 - precision: 0.8558 - recall: 0.9255
[1m104/155[0m [32m=============[0m[37m=======[0m [1m2:04[0m 2s/step - accuracy: 0.8741 - auc: 0.9435 - loss: 0.3824 - precision: 0.8558 - recall: 0.9255
[1m105/155[0m [32m=============[0m[37m=======[0m [1m2:02[0m 2s/step - accuracy: 0.8740 - auc: 0.9434 - loss: 0.3824 - precision: 0.8557 - recall: 0.9255
[1m106/155[0m [32m=============[0m[37m=======[0m [1m1:59[0m 2s/step - accuracy: 0.8740 - auc: 0.9434 - loss: 0.3825 - precision: 0.8557 - recall: 0.9254
[1m107/155[0m [32m=============[0m[37m=======[0m [1m1:57[0m 2s/step - accuracy: 0.8740 - auc: 0.9434 - loss: 0.3825 - precision: 0.8556 - recall: 0.9254
[1m108/155[0m [32m=============[0m[37m=======[0m [1m1:55[0m 2s/step - accuracy: 0.8739 - auc: 0.9434 - loss: 0.3826 - precision: 0.8556 - recall: 0.9254
[1m109/155[0m [32m==============[0m[37m======[0m [1m1:52[0m 2s/step - accuracy: 0.8739 - auc: 0.9434 - loss: 0.3826 - precision: 0.8555 - recall: 0.9253
[1m110/155[0m [32m==============[0m[37m======[0m [1m1:50[0m 2s/step - accuracy: 0.8738 - auc: 0.9434 - loss: 0.3827 - precision: 0.8555 - recall: 0.9253
[1m111/155[0m [32m==============[0m[37m======[0m [1m1:47[0m 2s/step - accuracy: 0.8738 - auc: 0.9434 - loss: 0.3827 - precision: 0.8555 - recall: 0.9253
[1m112/155[0m [32m==============[0m[37m======[0m [1m1:45[0m 2s/step - accuracy: 0.8738 - auc: 0.9433 - loss: 0.3828 - precision: 0.8554 - recall: 0.9252
[1m113/155[0m [32m==============[0m[37m======[0m [1m1:42[0m 2s/step - accuracy: 0.8737 - auc: 0.9433 - loss: 0.3828 - precision: 0.8554 - recall: 0.9252
[1m114/155[0m [32m==============[0m[37m======[0m [1m1:40[0m 2s/step - accuracy: 0.8737 - auc: 0.9433 - loss: 0.3829 - precision: 0.8554 - recall: 0.9252
[1m115/155[0m [32m==============[0m[37m======[0m [1m1:38[0m 2s/step - accuracy: 0.8737 - auc: 0.9433 - loss: 0.3829 - precision: 0.8553 - recall: 0.9251
[1m116/155[0m [32m==============[0m[37m======[0m [1m1:35[0m 2s/step - accuracy: 0.8737 - auc: 0.9433 - loss: 0.3829 - precision: 0.8553 - recall: 0.9251
[1m117/155[0m [32m===============[0m[37m=====[0m [1m1:33[0m 2s/step - accuracy: 0.8736 - auc: 0.9433 - loss: 0.3830 - precision: 0.8553 - recall: 0.9251
[1m118/155[0m [32m===============[0m[37m=====[0m [1m1:30[0m 2s/step - accuracy: 0.8736 - auc: 0.9433 - loss: 0.3830 - precision: 0.8553 - recall: 0.9250
[1m119/155[0m [32m===============[0m[37m=====[0m [1m1:28[0m 2s/step - accuracy: 0.8736 - auc: 0.9433 - loss: 0.3830 - precision: 0.8552 - recall: 0.9250
[1m120/155[0m [32m===============[0m[37m=====[0m [1m1:25[0m 2s/step - accuracy: 0.8735 - auc: 0.9433 - loss: 0.3831 - precision: 0.8552 - recall: 0.9249
[1m121/155[0m [32m===============[0m[37m=====[0m [1m1:23[0m 2s/step - accuracy: 0.8735 - auc: 0.9433 - loss: 0.3831 - precision: 0.8552 - recall: 0.9249
[1m122/155[0m [32m===============[0m[37m=====[0m [1m1:21[0m 2s/step - accuracy: 0.8735 - auc: 0.9433 - loss: 0.3831 - precision: 0.8552 - recall: 0.9249
[1m123/155[0m [32m===============[0m[37m=====[0m [1m1:18[0m 2s/step - accuracy: 0.8735 - auc: 0.9433 - loss: 0.3832 - precision: 0.8552 - recall: 0.9248
[1m124/155[0m [32m================[0m[37m====[0m [1m1:16[0m 2s/step - accuracy: 0.8735 - auc: 0.9433 - loss: 0.3832 - precision: 0.8552 - recall: 0.9248
[1m125/155[0m [32m================[0m[37m====[0m [1m1:13[0m 2s/step - accuracy: 0.8735 - auc: 0.9433 - loss: 0.3832 - precision: 0.8552 - recall: 0.9248
[1m126/155[0m [32m================[0m[37m====[0m [1m1:11[0m 2s/step - accuracy: 0.8734 - auc: 0.9432 - loss: 0.3832 - precision: 0.8552 - recall: 0.9247
[1m127/155[0m [32m================[0m[37m====[0m [1m1:09[0m 2s/step - accuracy: 0.8734 - auc: 0.9432 - loss: 0.3833 - precision: 0.8552 - recall: 0.9247
[1m128/155[0m [32m================[0m[37m====[0m [1m1:06[0m 2s/step - accuracy: 0.8734 - auc: 0.9432 - loss: 0.3833 - precision: 0.8552 - recall: 0.9247
[1m129/155[0m [32m================[0m[37m====[0m [1m1:04[0m 2s/step - accuracy: 0.8734 - auc: 0.9432 - loss: 0.3833 - precision: 0.8552 - recall: 0.9246
[1m130/155[0m [32m================[0m[37m====[0m [1m1:01[0m 2s/step - accuracy: 0.8734 - auc: 0.9432 - loss: 0.3834 - precision: 0.8552 - recall: 0.9246
[1m131/155[0m [32m================[0m[37m====[0m [1m59s[0m 2s/step - accuracy: 0.8734 - auc: 0.9432 - loss: 0.3834 - precision: 0.8552 - recall: 0.9246 
[1m132/155[0m [32m=================[0m[37m===[0m [1m56s[0m 2s/step - accuracy: 0.8734 - auc: 0.9432 - loss: 0.3834 - precision: 0.8552 - recall: 0.9246
[1m133/155[0m [32m=================[0m[37m===[0m [1m54s[0m 2s/step - accuracy: 0.8733 - auc: 0.9432 - loss: 0.3835 - precision: 0.8552 - recall: 0.9246
[1m134/155[0m [32m=================[0m[37m===[0m [1m51s[0m 2s/step - accuracy: 0.8733 - auc: 0.9432 - loss: 0.3835 - precision: 0.8551 - recall: 0.9245
[1m135/155[0m [32m=================[0m[37m===[0m [1m49s[0m 2s/step - accuracy: 0.8733 - auc: 0.9432 - loss: 0.3835 - precision: 0.8551 - recall: 0.9245
[1m136/155[0m [32m=================[0m[37m===[0m [1m46s[0m 2s/step - accuracy: 0.8733 - auc: 0.9431 - loss: 0.3836 - precision: 0.8551 - recall: 0.9245
[1m137/155[0m [32m=================[0m[37m===[0m [1m44s[0m 2s/step - accuracy: 0.8733 - auc: 0.9431 - loss: 0.3836 - precision: 0.8551 - recall: 0.9245
[1m138/155[0m [32m=================[0m[37m===[0m [1m42s[0m 2s/step - accuracy: 0.8733 - auc: 0.9431 - loss: 0.3836 - precision: 0.8551 - recall: 0.9245
[1m139/155[0m [32m=================[0m[37m===[0m [1m39s[0m 2s/step - accuracy: 0.8733 - auc: 0.9431 - loss: 0.3837 - precision: 0.8550 - recall: 0.9245
[1m140/155[0m [32m==================[0m[37m==[0m [1m37s[0m 2s/step - accuracy: 0.8732 - auc: 0.9431 - loss: 0.3837 - precision: 0.8550 - recall: 0.9245
[1m141/155[0m [32m==================[0m[37m==[0m [1m34s[0m 2s/step - accuracy: 0.8732 - auc: 0.9431 - loss: 0.3837 - precision: 0.8550 - recall: 0.9245
[1m142/155[0m [32m==================[0m[37m==[0m [1m32s[0m 2s/step - accuracy: 0.8732 - auc: 0.9431 - loss: 0.3837 - precision: 0.8550 - recall: 0.9245
[1m143/155[0m [32m==================[0m[37m==[0m [1m29s[0m 2s/step - accuracy: 0.8732 - auc: 0.9431 - loss: 0.3837 - precision: 0.8550 - recall: 0.9245
[1m144/155[0m [32m==================[0m[37m==[0m [1m27s[0m 2s/step - accuracy: 0.8732 - auc: 0.9431 - loss: 0.3837 - precision: 0.8550 - recall: 0.9245
[1m145/155[0m [32m==================[0m[37m==[0m [1m24s[0m 2s/step - accuracy: 0.8732 - auc: 0.9431 - loss: 0.3838 - precision: 0.8549 - recall: 0.92452026-05-14 07:21:34.005701: I tensorflow/core/kernels/data/shuffle_dataset_op.cc:453] ShuffleDatasetV3:7: Filling up shuffle buffer (this may take a while): 269 of 1024

[1m146/155[0m [32m==================[0m[37m==[0m [1m22s[0m 2s/step - accuracy: 0.8732 - auc: 0.9431 - loss: 0.3838 - precision: 0.8549 - recall: 0.9246
[1m147/155[0m [32m==================[0m[37m==[0m [1m19s[0m 2s/step - accuracy: 0.8732 - auc: 0.9431 - loss: 0.3838 - precision: 0.8549 - recall: 0.9246
[1m148/155[0m [32m===================[0m[37m=[0m [1m17s[0m 2s/step - accuracy: 0.8732 - auc: 0.9431 - loss: 0.3838 - precision: 0.8549 - recall: 0.9246
[1m149/155[0m [32m===================[0m[37m=[0m [1m14s[0m 2s/step - accuracy: 0.8732 - auc: 0.9431 - loss: 0.3838 - precision: 0.8549 - recall: 0.9246
[1m150/155[0m [32m===================[0m[37m=[0m [1m12s[0m 2s/step - accuracy: 0.8732 - auc: 0.9431 - loss: 0.3838 - precision: 0.8549 - recall: 0.9246
[1m151/155[0m [32m===================[0m[37m=[0m [1m9s[0m 2s/step - accuracy: 0.8732 - auc: 0.9431 - loss: 0.3839 - precision: 0.8549 - recall: 0.9246 
[1m152/155[0m [32m===================[0m[37m=[0m [1m7s[0m 2s/step - accuracy: 0.8732 - auc: 0.9431 - loss: 0.3839 - precision: 0.8549 - recall: 0.9246
[1m153/155[0m [32m===================[0m[37m=[0m [1m4s[0m 2s/step - accuracy: 0.8732 - auc: 0.9431 - loss: 0.3839 - precision: 0.8549 - recall: 0.92462026-05-14 07:21:54.012560: I tensorflow/core/kernels/data/shuffle_dataset_op.cc:453] ShuffleDatasetV3:7: Filling up shuffle buffer (this may take a while): 857 of 1024

[1m154/155[0m [32m===================[0m[37m=[0m [1m2s[0m 2s/step - accuracy: 0.8732 - auc: 0.9431 - loss: 0.3839 - precision: 0.8548 - recall: 0.9246
[1m155/155[0m [32m====================[0m[37m[0m [1m0s[0m 2s/step - accuracy: 0.8732 - auc: 0.9431 - loss: 0.3839 - precision: 0.8548 - recall: 0.92462026-05-14 07:21:57.327507: I tensorflow/core/kernels/data/shuffle_dataset_op.cc:483] Shuffle buffer filled.

Epoch 5: val_auc improved from 0.90883 to 0.91171, saving model to best_robust_fire_model_v2.keras

[1m155/155[0m [32m====================[0m[37m[0m [1m405s[0m 3s/step - accuracy: 0.8735 - auc: 0.9428 - loss: 0.3853 - precision: 0.8539 - recall: 0.9249 - val_accuracy: 0.7760 - val_auc: 0.9117 - val_loss: 0.5507 - val_precision: 0.9465 - val_recall: 0.6684 - learning_rate: 1.0000e-04
Epoch 6/30

[1m  1/155[0m [37m====================[0m [1m6:20[0m 2s/step - accuracy: 0.7812 - auc: 0.8485 - loss: 0.5540 - precision: 0.7436 - recall: 0.8788
[1m  2/155[0m [37m====================[0m [1m6:45[0m 3s/step - accuracy: 0.8164 - auc: 0.8700 - loss: 0.5060 - precision: 0.7968 - recall: 0.8927
[1m  3/155[0m [37m====================[0m [1m6:34[0m 3s/step - accuracy: 0.8359 - auc: 0.8860 - loss: 0.4732 - precision: 0.8218 - recall: 0.9015
[1m  4/155[0m [37m====================[0m [1m6:31[0m 3s/step - accuracy: 0.8486 - auc: 0.8984 - loss: 0.4502 - precision: 0.8359 - recall: 0.9066
[1m  5/155[0m [37m====================[0m [1m6:25[0m 3s/step - accuracy: 0.8570 - auc: 0.9071 - loss: 0.4346 - precision: 0.8438 - recall: 0.9114
[1m  6/155[0m [37m====================[0m [1m6:19[0m 3s/step - accuracy: 0.8622 - auc: 0.9131 - loss: 0.4244 - precision: 0.8488 - recall: 0.9142
[1m  7/155[0m [37m====================[0m [1m6:14[0m 3s/step - accuracy: 0.8647 - auc: 0.9170 - loss: 0.4183 - precision: 0.8507 - recall: 0.9159
[1m  8/155[0m [32m=[0m[37m===================[0m [1m6:09[0m 3s/step - accuracy: 0.8674 - auc: 0.9208 - loss: 0.4120 - precision: 0.8527 - recall: 0.9177
[1m  9/155[0m [32m=[0m[37m===================[0m [1m6:05[0m 3s/step - accuracy: 0.8694 - auc: 0.9239 - loss: 0.4069 - precision: 0.8536 - recall: 0.9195
[1m 10/155[0m [32m=[0m[37m===================[0m [1m6:02[0m 3s/step - accuracy: 0.8717 - auc: 0.9267 - loss: 0.4019 - precision: 0.8552 - recall: 0.9215
[1m 11/155[0m [32m=[0m[37m===================[0m [1m6:00[0m 3s/step - accuracy: 0.8734 - auc: 0.9290 - loss: 0.3978 - precision: 0.8571 - recall: 0.9224
[1m 12/155[0m [32m=[0m[37m===================[0m [1m5:57[0m 2s/step - accuracy: 0.8746 - auc: 0.9310 - loss: 0.3944 - precision: 0.8582 - recall: 0.9233
[1m 13/155[0m [32m=[0m[37m===================[0m [1m5:54[0m 2s/step - accuracy: 0.8757 - auc: 0.9327 - loss: 0.3914 - precision: 0.8592 - recall: 0.9239
[1m 14/155[0m [32m=[0m[37m===================[0m [1m5:50[0m 2s/step - accuracy: 0.8768 - auc: 0.9344 - loss: 0.3885 - precision: 0.8605 - recall: 0.9245
[1m 15/155[0m [32m=[0m[37m===================[0m [1m5:48[0m 2s/step - accuracy: 0.8780 - auc: 0.9359 - loss: 0.3856 - precision: 0.8616 - recall: 0.9252
[1m 16/155[0m [32m==[0m[37m==================[0m [1m5:45[0m 2s/step - accuracy: 0.8788 - auc: 0.9369 - loss: 0.3837 - precision: 0.8622 - recall: 0.9259
[1m 17/155[0m [32m==[0m[37m==================[0m [1m5:43[0m 2s/step - accuracy: 0.8794 - auc: 0.9378 - loss: 0.3822 - precision: 0.8628 - recall: 0.9263
[1m 18/155[0m [32m==[0m[37m==================[0m [1m5:41[0m 2s/step - accuracy: 0.8799 - auc: 0.9385 - loss: 0.3813 - precision: 0.8634 - recall: 0.9264
[1m 19/155[0m [32m==[0m[37m==================[0m [1m5:38[0m 2s/step - accuracy: 0.8804 - auc: 0.9391 - loss: 0.3803 - precision: 0.8641 - recall: 0.9265
[1m 20/155[0m [32m==[0m[37m==================[0m [1m5:36[0m 2s/step - accuracy: 0.8809 - auc: 0.9397 - loss: 0.3794 - precision: 0.8648 - recall: 0.9267
[1m 21/155[0m [32m==[0m[37m==================[0m [1m5:33[0m 2s/step - accuracy: 0.8814 - auc: 0.9403 - loss: 0.3785 - precision: 0.8657 - recall: 0.9269
[1m 22/155[0m [32m==[0m[37m==================[0m [1m5:31[0m 2s/step - accuracy: 0.8818 - auc: 0.9407 - loss: 0.3779 - precision: 0.8662 - recall: 0.9270
[1m 23/155[0m [32m==[0m[37m==================[0m [1m5:28[0m 2s/step - accuracy: 0.8822 - auc: 0.9410 - loss: 0.3773 - precision: 0.8666 - recall: 0.9273
[1m 24/155[0m [32m===[0m[37m=================[0m [1m5:25[0m 2s/step - accuracy: 0.8823 - auc: 0.9413 - loss: 0.3771 - precision: 0.8668 - recall: 0.9274
[1m 25/155[0m [32m===[0m[37m=================[0m [1m5:22[0m 2s/step - accuracy: 0.8825 - auc: 0.9415 - loss: 0.3768 - precision: 0.8670 - recall: 0.9276
[1m 26/155[0m [32m===[0m[37m=================[0m [1m5:20[0m 2s/step - accuracy: 0.8826 - auc: 0.9416 - loss: 0.3767 - precision: 0.8672 - recall: 0.9275
[1m 27/155[0m [32m===[0m[37m=================[0m [1m5:18[0m 2s/step - accuracy: 0.8827 - auc: 0.9417 - loss: 0.3766 - precision: 0.8673 - recall: 0.9275
[1m 28/155[0m [32m===[0m[37m=================[0m [1m5:15[0m 2s/step - accuracy: 0.8828 - auc: 0.9419 - loss: 0.3764 - precision: 0.8675 - recall: 0.9276
[1m 29/155[0m [32m===[0m[37m=================[0m [1m5:13[0m 2s/step - accuracy: 0.8829 - auc: 0.9420 - loss: 0.3763 - precision: 0.8677 - recall: 0.9277
[1m 30/155[0m [32m===[0m[37m=================[0m [1m5:10[0m 2s/step - accuracy: 0.8830 - auc: 0.9422 - loss: 0.3762 - precision: 0.8677 - recall: 0.9278
[1m 31/155[0m [32m====[0m[37m================[0m [1m5:07[0m 2s/step - accuracy: 0.8831 - auc: 0.9423 - loss: 0.3760 - precision: 0.8678 - recall: 0.9280
[1m 32/155[0m [32m====[0m[37m================[0m [1m5:05[0m 2s/step - accuracy: 0.8832 - auc: 0.9424 - loss: 0.3759 - precision: 0.8678 - recall: 0.9282
[1m 33/155[0m [32m====[0m[37m================[0m [1m5:02[0m 2s/step - accuracy: 0.8833 - auc: 0.9426 - loss: 0.3757 - precision: 0.8679 - recall: 0.9284
[1m 34/155[0m [32m====[0m[37m================[0m [1m4:59[0m 2s/step - accuracy: 0.8834 - auc: 0.9427 - loss: 0.3755 - precision: 0.8680 - recall: 0.9285
[1m 35/155[0m [32m====[0m[37m================[0m [1m4:57[0m 2s/step - accuracy: 0.8835 - auc: 0.9428 - loss: 0.3754 - precision: 0.8681 - recall: 0.9286
[1m 36/155[0m [32m====[0m[37m================[0m [1m4:54[0m 2s/step - accuracy: 0.8836 - auc: 0.9429 - loss: 0.3752 - precision: 0.8683 - recall: 0.9287
[1m 37/155[0m [32m====[0m[37m================[0m [1m4:52[0m 2s/step - accuracy: 0.8838 - auc: 0.9430 - loss: 0.3750 - precision: 0.8685 - recall: 0.9288
[1m 38/155[0m [32m====[0m[37m================[0m [1m4:49[0m 2s/step - accuracy: 0.8839 - auc: 0.9432 - loss: 0.3748 - precision: 0.8687 - recall: 0.9289
[1m 39/155[0m [32m=====[0m[37m===============[0m [1m4:47[0m 2s/step - accuracy: 0.8840 - auc: 0.9433 - loss: 0.3746 - precision: 0.8689 - recall: 0.9290
[1m 40/155[0m [32m=====[0m[37m===============[0m [1m4:44[0m 2s/step - accuracy: 0.8840 - auc: 0.9434 - loss: 0.3745 - precision: 0.8690 - recall: 0.9290
[1m 41/155[0m [32m=====[0m[37m===============[0m [1m4:42[0m 2s/step - accuracy: 0.8841 - auc: 0.9435 - loss: 0.3743 - precision: 0.8691 - recall: 0.9290
[1m 42/155[0m [32m=====[0m[37m===============[0m [1m4:39[0m 2s/step - accuracy: 0.8841 - auc: 0.9435 - loss: 0.3742 - precision: 0.8693 - recall: 0.9291
[1m 43/155[0m [32m=====[0m[37m===============[0m [1m4:37[0m 2s/step - accuracy: 0.8842 - auc: 0.9436 - loss: 0.3741 - precision: 0.8694 - recall: 0.9291
[1m 44/155[0m [32m=====[0m[37m===============[0m [1m4:34[0m 2s/step - accuracy: 0.8842 - auc: 0.9437 - loss: 0.3739 - precision: 0.8694 - recall: 0.9291
[1m 45/155[0m [32m=====[0m[37m===============[0m [1m4:32[0m 2s/step - accuracy: 0.8842 - auc: 0.9438 - loss: 0.3739 - precision: 0.8694 - recall: 0.9292
[1m 46/155[0m [32m=====[0m[37m===============[0m [1m4:29[0m 2s/step - accuracy: 0.8841 - auc: 0.9438 - loss: 0.3738 - precision: 0.8694 - recall: 0.9292
[1m 47/155[0m [32m======[0m[37m==============[0m [1m4:27[0m 2s/step - accuracy: 0.8841 - auc: 0.9439 - loss: 0.3738 - precision: 0.8694 - recall: 0.9292
[1m 48/155[0m [32m======[0m[37m==============[0m [1m4:24[0m 2s/step - accuracy: 0.8841 - auc: 0.9439 - loss: 0.3737 - precision: 0.8693 - recall: 0.9293
[1m 49/155[0m [32m======[0m[37m==============[0m [1m4:22[0m 2s/step - accuracy: 0.8841 - auc: 0.9440 - loss: 0.3736 - precision: 0.8693 - recall: 0.9294
[1m 50/155[0m [32m======[0m[37m==============[0m [1m4:19[0m 2s/step - accuracy: 0.8841 - auc: 0.9441 - loss: 0.3736 - precision: 0.8693 - recall: 0.9294
[1m 51/155[0m [32m======[0m[37m==============[0m [1m4:17[0m 2s/step - accuracy: 0.8841 - auc: 0.9441 - loss: 0.3735 - precision: 0.8693 - recall: 0.9295
[1m 52/155[0m [32m======[0m[37m==============[0m [1m4:14[0m 2s/step - accuracy: 0.8841 - auc: 0.9442 - loss: 0.3734 - precision: 0.8693 - recall: 0.9296
[1m 53/155[0m [32m======[0m[37m==============[0m [1m4:12[0m 2s/step - accuracy: 0.8841 - auc: 0.9443 - loss: 0.3733 - precision: 0.8694 - recall: 0.9296
[1m 54/155[0m [32m======[0m[37m==============[0m [1m4:09[0m 2s/step - accuracy: 0.8841 - auc: 0.9443 - loss: 0.3733 - precision: 0.8694 - recall: 0.9297
[1m 55/155[0m [32m=======[0m[37m=============[0m [1m4:07[0m 2s/step - accuracy: 0.8841 - auc: 0.9444 - loss: 0.3732 - precision: 0.8694 - recall: 0.9298
[1m 56/155[0m [32m=======[0m[37m=============[0m [1m4:04[0m 2s/step - accuracy: 0.8842 - auc: 0.9444 - loss: 0.3732 - precision: 0.8694 - recall: 0.9298
[1m 57/155[0m [32m=======[0m[37m=============[0m [1m4:02[0m 2s/step - accuracy: 0.8842 - auc: 0.9445 - loss: 0.3731 - precision: 0.8694 - recall: 0.9299
[1m 58/155[0m [32m=======[0m[37m=============[0m [1m3:59[0m 2s/step - accuracy: 0.8842 - auc: 0.9446 - loss: 0.3731 - precision: 0.8694 - recall: 0.9300
[1m 59/155[0m [32m=======[0m[37m=============[0m [1m3:57[0m 2s/step - accuracy: 0.8842 - auc: 0.9446 - loss: 0.3731 - precision: 0.8693 - recall: 0.9301
[1m 60/155[0m [32m=======[0m[37m=============[0m [1m3:55[0m 2s/step - accuracy: 0.8842 - auc: 0.9447 - loss: 0.3730 - precision: 0.8693 - recall: 0.9302
[1m 61/155[0m [32m=======[0m[37m=============[0m [1m3:52[0m 2s/step - accuracy: 0.8842 - auc: 0.9447 - loss: 0.3729 - precision: 0.8692 - recall: 0.9303
[1m 62/155[0m [32m========[0m[37m============[0m [1m3:49[0m 2s/step - accuracy: 0.8842 - auc: 0.9448 - loss: 0.3729 - precision: 0.8692 - recall: 0.9304
[1m 63/155[0m [32m========[0m[37m============[0m [1m3:47[0m 2s/step - accuracy: 0.8842 - auc: 0.9448 - loss: 0.3729 - precision: 0.8691 - recall: 0.9305
[1m 64/155[0m [32m========[0m[37m============[0m [1m3:44[0m 2s/step - accuracy: 0.8843 - auc: 0.9449 - loss: 0.3728 - precision: 0.8691 - recall: 0.9305
[1m 65/155[0m [32m========[0m[37m============[0m [1m3:42[0m 2s/step - accuracy: 0.8843 - auc: 0.9449 - loss: 0.3728 - precision: 0.8690 - recall: 0.9306
[1m 66/155[0m [32m========[0m[37m============[0m [1m3:40[0m 2s/step - accuracy: 0.8843 - auc: 0.9449 - loss: 0.3728 - precision: 0.8690 - recall: 0.9306
[1m 67/155[0m [32m========[0m[37m============[0m [1m3:37[0m 2s/step - accuracy: 0.8843 - auc: 0.9450 - loss: 0.3728 - precision: 0.8690 - recall: 0.9306
[1m 68/155[0m [32m========[0m[37m============[0m [1m3:35[0m 2s/step - accuracy: 0.8843 - auc: 0.9450 - loss: 0.3728 - precision: 0.8690 - recall: 0.9306
[1m 69/155[0m [32m========[0m[37m============[0m [1m3:32[0m 2s/step - accuracy: 0.8843 - auc: 0.9450 - loss: 0.3728 - precision: 0.8690 - recall: 0.9306
[1m 70/155[0m [32m=========[0m[37m===========[0m [1m3:30[0m 2s/step - accuracy: 0.8843 - auc: 0.9450 - loss: 0.3728 - precision: 0.8690 - recall: 0.9306
[1m 71/155[0m [32m=========[0m[37m===========[0m [1m3:27[0m 2s/step - accuracy: 0.8843 - auc: 0.9450 - loss: 0.3728 - precision: 0.8690 - recall: 0.9306
[1m 72/155[0m [32m=========[0m[37m===========[0m [1m3:25[0m 2s/step - accuracy: 0.8843 - auc: 0.9451 - loss: 0.3728 - precision: 0.8690 - recall: 0.9306
[1m 73/155[0m [32m=========[0m[37m===========[0m [1m3:22[0m 2s/step - accuracy: 0.8843 - auc: 0.9451 - loss: 0.3728 - precision: 0.8690 - recall: 0.9306
[1m 74/155[0m [32m=========[0m[37m===========[0m [1m3:20[0m 2s/step - accuracy: 0.8842 - auc: 0.9451 - loss: 0.3729 - precision: 0.8690 - recall: 0.9305
[1m 75/155[0m [32m=========[0m[37m===========[0m [1m3:17[0m 2s/step - accuracy: 0.8842 - auc: 0.9451 - loss: 0.3729 - precision: 0.8690 - recall: 0.9305
[1m 76/155[0m [32m=========[0m[37m===========[0m [1m3:15[0m 2s/step - accuracy: 0.8842 - auc: 0.9451 - loss: 0.3730 - precision: 0.8690 - recall: 0.9305
[1m 77/155[0m [32m=========[0m[37m===========[0m [1m3:12[0m 2s/step - accuracy: 0.8842 - auc: 0.9451 - loss: 0.3730 - precision: 0.8690 - recall: 0.9304
[1m 78/155[0m [32m==========[0m[37m==========[0m [1m3:10[0m 2s/step - accuracy: 0.8842 - auc: 0.9451 - loss: 0.3731 - precision: 0.8690 - recall: 0.9304
[1m 79/155[0m [32m==========[0m[37m==========[0m [1m3:07[0m 2s/step - accuracy: 0.8842 - auc: 0.9451 - loss: 0.3731 - precision: 0.8689 - recall: 0.9303
[1m 80/155[0m [32m==========[0m[37m==========[0m [1m3:05[0m 2s/step - accuracy: 0.8841 - auc: 0.9451 - loss: 0.3732 - precision: 0.8689 - recall: 0.9303
[1m 81/155[0m [32m==========[0m[37m==========[0m [1m3:02[0m 2s/step - accuracy: 0.8841 - auc: 0.9451 - loss: 0.3732 - precision: 0.8689 - recall: 0.9303
[1m 82/155[0m [32m==========[0m[37m==========[0m [1m3:00[0m 2s/step - accuracy: 0.8841 - auc: 0.9451 - loss: 0.3733 - precision: 0.8689 - recall: 0.9302
[1m 83/155[0m [32m==========[0m[37m==========[0m [1m2:58[0m 2s/step - accuracy: 0.8841 - auc: 0.9451 - loss: 0.3733 - precision: 0.8689 - recall: 0.9302
[1m 84/155[0m [32m==========[0m[37m==========[0m [1m2:55[0m 2s/step - accuracy: 0.8841 - auc: 0.9451 - loss: 0.3733 - precision: 0.8689 - recall: 0.9302
[1m 85/155[0m [32m==========[0m[37m==========[0m [1m2:53[0m 2s/step - accuracy: 0.8841 - auc: 0.9451 - loss: 0.3734 - precision: 0.8689 - recall: 0.9302
[1m 86/155[0m [32m===========[0m[37m=========[0m [1m2:50[0m 2s/step - accuracy: 0.8841 - auc: 0.9451 - loss: 0.3734 - precision: 0.8689 - recall: 0.9301
[1m 87/155[0m [32m===========[0m[37m=========[0m [1m2:48[0m 2s/step - accuracy: 0.8841 - auc: 0.9451 - loss: 0.3734 - precision: 0.8689 - recall: 0.9301
[1m 88/155[0m [32m===========[0m[37m=========[0m [1m2:45[0m 2s/step - accuracy: 0.8840 - auc: 0.9451 - loss: 0.3734 - precision: 0.8689 - recall: 0.9301
[1m 89/155[0m [32m===========[0m[37m=========[0m [1m2:43[0m 2s/step - accuracy: 0.8840 - auc: 0.9451 - loss: 0.3734 - precision: 0.8689 - recall: 0.9301
[1m 90/155[0m [32m===========[0m[37m=========[0m [1m2:40[0m 2s/step - accuracy: 0.8840 - auc: 0.9451 - loss: 0.3735 - precision: 0.8688 - recall: 0.9300
[1m 91/155[0m [32m===========[0m[37m=========[0m [1m2:38[0m 2s/step - accuracy: 0.8840 - auc: 0.9451 - loss: 0.3735 - precision: 0.8688 - recall: 0.9300
[1m 92/155[0m [32m===========[0m[37m=========[0m [1m2:35[0m 2s/step - accuracy: 0.8840 - auc: 0.9451 - loss: 0.3735 - precision: 0.8688 - recall: 0.9300
[1m 93/155[0m [32m============[0m[37m========[0m [1m2:33[0m 2s/step - accuracy: 0.8839 - auc: 0.9451 - loss: 0.3736 - precision: 0.8688 - recall: 0.9299
[1m 94/155[0m [32m============[0m[37m========[0m [1m2:30[0m 2s/step - accuracy: 0.8839 - auc: 0.9451 - loss: 0.3736 - precision: 0.8687 - recall: 0.9299
[1m 95/155[0m [32m============[0m[37m========[0m [1m2:28[0m 2s/step - accuracy: 0.8839 - auc: 0.9451 - loss: 0.3736 - precision: 0.8687 - recall: 0.9298
[1m 96/155[0m [32m============[0m[37m========[0m [1m2:25[0m 2s/step - accuracy: 0.8839 - auc: 0.9451 - loss: 0.3737 - precision: 0.8687 - recall: 0.9298
[1m 97/155[0m [32m============[0m[37m========[0m [1m2:23[0m 2s/step - accuracy: 0.8838 - auc: 0.9451 - loss: 0.3737 - precision: 0.8687 - recall: 0.9297
[1m 98/155[0m [32m============[0m[37m========[0m [1m2:21[0m 2s/step - accuracy: 0.8838 - auc: 0.9451 - loss: 0.3738 - precision: 0.8687 - recall: 0.9296
[1m 99/155[0m [32m============[0m[37m========[0m [1m2:18[0m 2s/step - accuracy: 0.8838 - auc: 0.9451 - loss: 0.3738 - precision: 0.8687 - recall: 0.9295
[1m100/155[0m [32m============[0m[37m========[0m [1m2:16[0m 2s/step - accuracy: 0.8837 - auc: 0.9451 - loss: 0.3739 - precision: 0.8687 - recall: 0.9295
[1m101/155[0m [32m=============[0m[37m=======[0m [1m2:13[0m 2s/step - accuracy: 0.8837 - auc: 0.9451 - loss: 0.3740 - precision: 0.8686 - recall: 0.9294
[1m102/155[0m [32m=============[0m[37m=======[0m [1m2:11[0m 2s/step - accuracy: 0.8836 - auc: 0.9451 - loss: 0.3740 - precision: 0.8686 - recall: 0.9293
[1m103/155[0m [32m=============[0m[37m=======[0m [1m2:08[0m 2s/step - accuracy: 0.8836 - auc: 0.9451 - loss: 0.3741 - precision: 0.8686 - recall: 0.9292
[1m104/155[0m [32m=============[0m[37m=======[0m [1m2:06[0m 2s/step - accuracy: 0.8836 - auc: 0.9451 - loss: 0.3741 - precision: 0.8686 - recall: 0.9292
[1m105/155[0m [32m=============[0m[37m=======[0m [1m2:03[0m 2s/step - accuracy: 0.8835 - auc: 0.9451 - loss: 0.3741 - precision: 0.8686 - recall: 0.9291
[1m106/155[0m [32m=============[0m[37m=======[0m [1m2:01[0m 2s/step - accuracy: 0.8835 - auc: 0.9451 - loss: 0.3742 - precision: 0.8686 - recall: 0.9290
[1m107/155[0m [32m=============[0m[37m=======[0m [1m1:58[0m 2s/step - accuracy: 0.8835 - auc: 0.9452 - loss: 0.3742 - precision: 0.8686 - recall: 0.9290
[1m108/155[0m [32m=============[0m[37m=======[0m [1m1:56[0m 2s/step - accuracy: 0.8835 - auc: 0.9452 - loss: 0.3742 - precision: 0.8686 - recall: 0.9289
[1m109/155[0m [32m==============[0m[37m======[0m [1m1:53[0m 2s/step - accuracy: 0.8835 - auc: 0.9452 - loss: 0.3742 - precision: 0.8686 - recall: 0.9289
[1m110/155[0m [32m==============[0m[37m======[0m [1m1:51[0m 2s/step - accuracy: 0.8835 - auc: 0.9452 - loss: 0.3742 - precision: 0.8686 - recall: 0.9288
[1m111/155[0m [32m==============[0m[37m======[0m [1m1:48[0m 2s/step - accuracy: 0.8834 - auc: 0.9452 - loss: 0.3742 - precision: 0.8686 - recall: 0.9288
[1m112/155[0m [32m==============[0m[37m======[0m [1m1:46[0m 2s/step - accuracy: 0.8834 - auc: 0.9452 - loss: 0.3743 - precision: 0.8686 - recall: 0.9287
[1m113/155[0m [32m==============[0m[37m======[0m [1m1:43[0m 2s/step - accuracy: 0.8834 - auc: 0.9452 - loss: 0.3743 - precision: 0.8686 - recall: 0.9287
[1m114/155[0m [32m==============[0m[37m======[0m [1m1:41[0m 2s/step - accuracy: 0.8834 - auc: 0.9452 - loss: 0.3743 - precision: 0.8686 - recall: 0.9287
[1m115/155[0m [32m==============[0m[37m======[0m [1m1:38[0m 2s/step - accuracy: 0.8834 - auc: 0.9453 - loss: 0.3743 - precision: 0.8686 - recall: 0.9287
[1m116/155[0m [32m==============[0m[37m======[0m [1m1:36[0m 2s/step - accuracy: 0.8834 - auc: 0.9453 - loss: 0.3743 - precision: 0.8686 - recall: 0.9286
[1m117/155[0m [32m===============[0m[37m=====[0m [1m1:33[0m 2s/step - accuracy: 0.8834 - auc: 0.9453 - loss: 0.3743 - precision: 0.8686 - recall: 0.9286
[1m118/155[0m [32m===============[0m[37m=====[0m [1m1:31[0m 2s/step - accuracy: 0.8834 - auc: 0.9453 - loss: 0.3743 - precision: 0.8686 - recall: 0.9286
[1m119/155[0m [32m===============[0m[37m=====[0m [1m1:28[0m 2s/step - accuracy: 0.8834 - auc: 0.9453 - loss: 0.3743 - precision: 0.8686 - recall: 0.9286
[1m120/155[0m [32m===============[0m[37m=====[0m [1m1:26[0m 2s/step - accuracy: 0.8834 - auc: 0.9453 - loss: 0.3743 - precision: 0.8686 - recall: 0.9285
[1m121/155[0m [32m===============[0m[37m=====[0m [1m1:23[0m 2s/step - accuracy: 0.8834 - auc: 0.9453 - loss: 0.3742 - precision: 0.8686 - recall: 0.9285
[1m122/155[0m [32m===============[0m[37m=====[0m [1m1:21[0m 2s/step - accuracy: 0.8834 - auc: 0.9454 - loss: 0.3742 - precision: 0.8686 - recall: 0.9285
[1m123/155[0m [32m===============[0m[37m=====[0m [1m1:18[0m 2s/step - accuracy: 0.8834 - auc: 0.9454 - loss: 0.3742 - precision: 0.8686 - recall: 0.9285
[1m124/155[0m [32m================[0m[37m====[0m [1m1:16[0m 2s/step - accuracy: 0.8834 - auc: 0.9454 - loss: 0.3742 - precision: 0.8686 - recall: 0.9285
[1m125/155[0m [32m================[0m[37m====[0m [1m1:13[0m 2s/step - accuracy: 0.8834 - auc: 0.9454 - loss: 0.3742 - precision: 0.8686 - recall: 0.9285
[1m126/155[0m [32m================[0m[37m====[0m [1m1:11[0m 2s/step - accuracy: 0.8834 - auc: 0.9454 - loss: 0.3742 - precision: 0.8686 - recall: 0.9285
[1m127/155[0m [32m================[0m[37m====[0m [1m1:09[0m 2s/step - accuracy: 0.8834 - auc: 0.9455 - loss: 0.3741 - precision: 0.8686 - recall: 0.9285
[1m128/155[0m [32m================[0m[37m====[0m [1m1:06[0m 2s/step - accuracy: 0.8834 - auc: 0.9455 - loss: 0.3741 - precision: 0.8686 - recall: 0.9285
[1m129/155[0m [32m================[0m[37m====[0m [1m1:04[0m 2s/step - accuracy: 0.8834 - auc: 0.9455 - loss: 0.3741 - precision: 0.8686 - recall: 0.9285
[1m130/155[0m [32m================[0m[37m====[0m [1m1:01[0m 2s/step - accuracy: 0.8834 - auc: 0.9455 - loss: 0.3741 - precision: 0.8687 - recall: 0.9285
[1m131/155[0m [32m================[0m[37m====[0m [1m59s[0m 2s/step - accuracy: 0.8834 - auc: 0.9455 - loss: 0.3741 - precision: 0.8687 - recall: 0.9284 
[1m132/155[0m [32m=================[0m[37m===[0m [1m56s[0m 2s/step - accuracy: 0.8834 - auc: 0.9456 - loss: 0.3740 - precision: 0.8687 - recall: 0.9284
[1m133/155[0m [32m=================[0m[37m===[0m [1m54s[0m 2s/step - accuracy: 0.8835 - auc: 0.9456 - loss: 0.3740 - precision: 0.8687 - recall: 0.9284
[1m134/155[0m [32m=================[0m[37m===[0m [1m51s[0m 2s/step - accuracy: 0.8835 - auc: 0.9456 - loss: 0.3740 - precision: 0.8687 - recall: 0.9284
[1m135/155[0m [32m=================[0m[37m===[0m [1m49s[0m 2s/step - accuracy: 0.8835 - auc: 0.9456 - loss: 0.3739 - precision: 0.8687 - recall: 0.9284
[1m136/155[0m [32m=================[0m[37m===[0m [1m46s[0m 2s/step - accuracy: 0.8835 - auc: 0.9457 - loss: 0.3739 - precision: 0.8687 - recall: 0.9284
[1m137/155[0m [32m=================[0m[37m===[0m [1m44s[0m 2s/step - accuracy: 0.8835 - auc: 0.9457 - loss: 0.3739 - precision: 0.8688 - recall: 0.9284
[1m138/155[0m [32m=================[0m[37m===[0m [1m42s[0m 2s/step - accuracy: 0.8835 - auc: 0.9457 - loss: 0.3738 - precision: 0.8688 - recall: 0.9284
[1m139/155[0m [32m=================[0m[37m===[0m [1m39s[0m 2s/step - accuracy: 0.8836 - auc: 0.9457 - loss: 0.3738 - precision: 0.8688 - recall: 0.9284
[1m140/155[0m [32m==================[0m[37m==[0m [1m37s[0m 2s/step - accuracy: 0.8836 - auc: 0.9458 - loss: 0.3737 - precision: 0.8688 - recall: 0.9284
[1m141/155[0m [32m==================[0m[37m==[0m [1m34s[0m 2s/step - accuracy: 0.8836 - auc: 0.9458 - loss: 0.3737 - precision: 0.8688 - recall: 0.92842026-05-14 07:28:07.999801: I tensorflow/core/kernels/data/shuffle_dataset_op.cc:453] ShuffleDatasetV3:7: Filling up shuffle buffer (this may take a while): 218 of 1024

[1m142/155[0m [32m==================[0m[37m==[0m [1m32s[0m 2s/step - accuracy: 0.8836 - auc: 0.9458 - loss: 0.3737 - precision: 0.8689 - recall: 0.9284
[1m143/155[0m [32m==================[0m[37m==[0m [1m29s[0m 2s/step - accuracy: 0.8836 - auc: 0.9458 - loss: 0.3736 - precision: 0.8689 - recall: 0.9284
[1m144/155[0m [32m==================[0m[37m==[0m [1m27s[0m 2s/step - accuracy: 0.8837 - auc: 0.9459 - loss: 0.3736 - precision: 0.8689 - recall: 0.9284
[1m145/155[0m [32m==================[0m[37m==[0m [1m24s[0m 2s/step - accuracy: 0.8837 - auc: 0.9459 - loss: 0.3735 - precision: 0.8689 - recall: 0.92842026-05-14 07:28:18.004804: I tensorflow/core/kernels/data/shuffle_dataset_op.cc:453] ShuffleDatasetV3:7: Filling up shuffle buffer (this may take a while): 447 of 1024

[1m146/155[0m [32m==================[0m[37m==[0m [1m22s[0m 2s/step - accuracy: 0.8837 - auc: 0.9459 - loss: 0.3735 - precision: 0.8690 - recall: 0.9284
[1m147/155[0m [32m==================[0m[37m==[0m [1m19s[0m 2s/step - accuracy: 0.8837 - auc: 0.9459 - loss: 0.3735 - precision: 0.8690 - recall: 0.9284
[1m148/155[0m [32m===================[0m[37m=[0m [1m17s[0m 2s/step - accuracy: 0.8837 - auc: 0.9460 - loss: 0.3734 - precision: 0.8690 - recall: 0.9284
[1m149/155[0m [32m===================[0m[37m=[0m [1m14s[0m 2s/step - accuracy: 0.8838 - auc: 0.9460 - loss: 0.3734 - precision: 0.8690 - recall: 0.92842026-05-14 07:28:28.139099: I tensorflow/core/kernels/data/shuffle_dataset_op.cc:453] ShuffleDatasetV3:7: Filling up shuffle buffer (this may take a while): 669 of 1024

[1m150/155[0m [32m===================[0m[37m=[0m [1m12s[0m 2s/step - accuracy: 0.8838 - auc: 0.9460 - loss: 0.3734 - precision: 0.8691 - recall: 0.9284
[1m151/155[0m [32m===================[0m[37m=[0m [1m9s[0m 2s/step - accuracy: 0.8838 - auc: 0.9460 - loss: 0.3733 - precision: 0.8691 - recall: 0.9284 
[1m152/155[0m [32m===================[0m[37m=[0m [1m7s[0m 2s/step - accuracy: 0.8838 - auc: 0.9461 - loss: 0.3733 - precision: 0.8691 - recall: 0.9284
[1m153/155[0m [32m===================[0m[37m=[0m [1m4s[0m 2s/step - accuracy: 0.8838 - auc: 0.9461 - loss: 0.3733 - precision: 0.8691 - recall: 0.9284
[1m154/155[0m [32m===================[0m[37m=[0m [1m2s[0m 2s/step - accuracy: 0.8839 - auc: 0.9461 - loss: 0.3732 - precision: 0.8691 - recall: 0.9284
[1m155/155[0m [32m====================[0m[37m[0m [1m0s[0m 2s/step - accuracy: 0.8839 - auc: 0.9461 - loss: 0.3732 - precision: 0.8691 - recall: 0.92842026-05-14 07:28:40.373552: I tensorflow/core/kernels/data/shuffle_dataset_op.cc:483] Shuffle buffer filled.

Epoch 6: val_auc improved from 0.91171 to 0.93559, saving model to best_robust_fire_model_v2.keras

[1m155/155[0m [32m====================[0m[37m[0m [1m403s[0m 3s/step - accuracy: 0.8870 - auc: 0.9493 - loss: 0.3676 - precision: 0.8712 - recall: 0.9298 - val_accuracy: 0.8656 - val_auc: 0.9356 - val_loss: 0.3701 - val_precision: 0.9081 - val_recall: 0.8660 - learning_rate: 1.0000e-04
Epoch 7/30

[1m  1/155[0m [37m====================[0m [1m6:13[0m 2s/step - accuracy: 0.9219 - auc: 0.9379 - loss: 0.3637 - precision: 0.9000 - recall: 0.9730
[1m  2/155[0m [37m====================[0m [1m6:19[0m 2s/step - accuracy: 0.9180 - auc: 0.9414 - loss: 0.3583 - precision: 0.8923 - recall: 0.9724
[1m  3/155[0m [37m====================[0m [1m6:13[0m 2s/step - accuracy: 0.9089 - auc: 0.9421 - loss: 0.3595 - precision: 0.8789 - recall: 0.9685
[1m  4/155[0m [37m====================[0m [1m6:08[0m 2s/step - accuracy: 0.9014 - auc: 0.9439 - loss: 0.3590 - precision: 0.8709 - recall: 0.9616
[1m  5/155[0m [37m====================[0m [1m6:06[0m 2s/step - accuracy: 0.8980 - auc: 0.9453 - loss: 0.3578 - precision: 0.8681 - recall: 0.9576
[1m  6/155[0m [37m====================[0m [1m6:03[0m 2s/step - accuracy: 0.8972 - auc: 0.9470 - loss: 0.3557 - precision: 0.8680 - recall: 0.9558
[1m  7/155[0m [37m====================[0m [1m6:01[0m 2s/step - accuracy: 0.8972 - auc: 0.9480 - loss: 0.3546 - precision: 0.8699 - recall: 0.9534
[1m  8/155[0m [32m=[0m[37m===================[0m [1m5:59[0m 2s/step - accuracy: 0.8974 - auc: 0.9488 - loss: 0.3534 - precision: 0.8708 - recall: 0.9525
[1m  9/155[0m [32m=[0m[37m===================[0m [1m5:56[0m 2s/step - accuracy: 0.8972 - auc: 0.9497 - loss: 0.3519 - precision: 0.8713 - recall: 0.9514
[1m 10/155[0m [32m=[0m[37m===================[0m [1m5:54[0m 2s/step - accuracy: 0.8972 - auc: 0.9505 - loss: 0.3509 - precision: 0.8719 - recall: 0.9505
[1m 11/155[0m [32m=[0m[37m===================[0m [1m5:52[0m 2s/step - accuracy: 0.8967 - auc: 0.9508 - loss: 0.3509 - precision: 0.8726 - recall: 0.9487
[1m 12/155[0m [32m=[0m[37m===================[0m [1m5:49[0m 2s/step - accuracy: 0.8962 - auc: 0.9511 - loss: 0.3513 - precision: 0.8731 - recall: 0.9470
[1m 13/155[0m [32m=[0m[37m===================[0m [1m5:46[0m 2s/step - accuracy: 0.8956 - auc: 0.9514 - loss: 0.3515 - precision: 0.8731 - recall: 0.9456
[1m 14/155[0m [32m=[0m[37m===================[0m [1m5:44[0m 2s/step - accuracy: 0.8947 - auc: 0.9515 - loss: 0.3521 - precision: 0.8727 - recall: 0.9442
[1m 15/155[0m [32m=[0m[37m===================[0m [1m5:42[0m 2s/step - accuracy: 0.8943 - auc: 0.9516 - loss: 0.3525 - precision: 0.8726 - recall: 0.9433
[1m 16/155[0m [32m==[0m[37m==================[0m [1m5:39[0m 2s/step - accuracy: 0.8940 - auc: 0.9518 - loss: 0.3525 - precision: 0.8727 - recall: 0.9425
[1m 17/155[0m [32m==[0m[37m==================[0m [1m5:37[0m 2s/step - accuracy: 0.8937 - auc: 0.9518 - loss: 0.3530 - precision: 0.8724 - recall: 0.9420
[1m 18/155[0m [32m==[0m[37m==================[0m [1m5:34[0m 2s/step - accuracy: 0.8935 - auc: 0.9518 - loss: 0.3534 - precision: 0.8722 - recall: 0.9415
[1m 19/155[0m [32m==[0m[37m==================[0m [1m5:31[0m 2s/step - accuracy: 0.8933 - auc: 0.9519 - loss: 0.3536 - precision: 0.8721 - recall: 0.9411
[1m 20/155[0m [32m==[0m[37m==================[0m [1m5:29[0m 2s/step - accuracy: 0.8932 - auc: 0.9520 - loss: 0.3538 - precision: 0.8723 - recall: 0.9407
[1m 21/155[0m [32m==[0m[37m==================[0m [1m5:26[0m 2s/step - accuracy: 0.8932 - auc: 0.9521 - loss: 0.3539 - precision: 0.8726 - recall: 0.9402
[1m 22/155[0m [32m==[0m[37m==================[0m [1m5:24[0m 2s/step - accuracy: 0.8930 - auc: 0.9521 - loss: 0.3543 - precision: 0.8727 - recall: 0.9398
[1m 23/155[0m [32m==[0m[37m==================[0m [1m5:22[0m 2s/step - accuracy: 0.8928 - auc: 0.9520 - loss: 0.3547 - precision: 0.8727 - recall: 0.9393
[1m 24/155[0m [32m===[0m[37m=================[0m [1m5:19[0m 2s/step - accuracy: 0.8925 - auc: 0.9519 - loss: 0.3552 - precision: 0.8727 - recall: 0.9388
[1m 25/155[0m [32m===[0m[37m=================[0m [1m5:17[0m 2s/step - accuracy: 0.8923 - auc: 0.9518 - loss: 0.3557 - precision: 0.8727 - recall: 0.9384
[1m 26/155[0m [32m===[0m[37m=================[0m [1m5:14[0m 2s/step - accuracy: 0.8920 - auc: 0.9517 - loss: 0.3561 - precision: 0.8727 - recall: 0.9381
[1m 27/155[0m [32m===[0m[37m=================[0m [1m5:12[0m 2s/step - accuracy: 0.8918 - auc: 0.9516 - loss: 0.3566 - precision: 0.8726 - recall: 0.9378
[1m 28/155[0m [32m===[0m[37m=================[0m [1m5:09[0m 2s/step - accuracy: 0.8915 - auc: 0.9514 - loss: 0.3570 - precision: 0.8725 - recall: 0.9374
[1m 29/155[0m [32m===[0m[37m=================[0m [1m5:06[0m 2s/step - accuracy: 0.8913 - auc: 0.9514 - loss: 0.3573 - precision: 0.8724 - recall: 0.9371
[1m 30/155[0m [32m===[0m[37m=================[0m [1m5:04[0m 2s/step - accuracy: 0.8911 - auc: 0.9513 - loss: 0.3576 - precision: 0.8723 - recall: 0.9369
[1m 31/155[0m [32m====[0m[37m================[0m [1m5:01[0m 2s/step - accuracy: 0.8909 - auc: 0.9513 - loss: 0.3579 - precision: 0.8722 - recall: 0.9367
[1m 32/155[0m [32m====[0m[37m================[0m [1m4:58[0m 2s/step - accuracy: 0.8909 - auc: 0.9513 - loss: 0.3580 - precision: 0.8722 - recall: 0.9365
[1m 33/155[0m [32m====[0m[37m================[0m [1m4:56[0m 2s/step - accuracy: 0.8908 - auc: 0.9513 - loss: 0.3582 - precision: 0.8722 - recall: 0.9364
[1m 34/155[0m [32m====[0m[37m================[0m [1m4:53[0m 2s/step - accuracy: 0.8907 - auc: 0.9513 - loss: 0.3583 - precision: 0.8722 - recall: 0.9362
[1m 35/155[0m [32m====[0m[37m================[0m [1m4:51[0m 2s/step - accuracy: 0.8907 - auc: 0.9513 - loss: 0.3583 - precision: 0.8722 - recall: 0.9361
[1m 36/155[0m [32m====[0m[37m================[0m [1m4:48[0m 2s/step - accuracy: 0.8906 - auc: 0.9513 - loss: 0.3583 - precision: 0.8723 - recall: 0.9360
[1m 37/155[0m [32m====[0m[37m================[0m [1m4:46[0m 2s/step - accuracy: 0.8905 - auc: 0.9514 - loss: 0.3583 - precision: 0.8723 - recall: 0.9359
[1m 38/155[0m [32m====[0m[37m================[0m [1m4:44[0m 2s/step - accuracy: 0.8904 - auc: 0.9514 - loss: 0.3584 - precision: 0.8723 - recall: 0.9357
[1m 39/155[0m [32m=====[0m[37m===============[0m [1m4:41[0m 2s/step - accuracy: 0.8903 - auc: 0.9514 - loss: 0.3585 - precision: 0.8723 - recall: 0.9355
[1m 40/155[0m [32m=====[0m[37m===============[0m [1m4:38[0m 2s/step - accuracy: 0.8901 - auc: 0.9514 - loss: 0.3585 - precision: 0.8723 - recall: 0.9352
[1m 41/155[0m [32m=====[0m[37m===============[0m [1m4:36[0m 2s/step - accuracy: 0.8900 - auc: 0.9514 - loss: 0.3587 - precision: 0.8723 - recall: 0.9350
[1m 42/155[0m [32m=====[0m[37m===============[0m [1m4:34[0m 2s/step - accuracy: 0.8899 - auc: 0.9513 - loss: 0.3588 - precision: 0.8723 - recall: 0.9348
[1m 43/155[0m [32m=====[0m[37m===============[0m [1m4:31[0m 2s/step - accuracy: 0.8897 - auc: 0.9513 - loss: 0.3589 - precision: 0.8722 - recall: 0.9346
[1m 44/155[0m [32m=====[0m[37m===============[0m [1m4:29[0m 2s/step - accuracy: 0.8895 - auc: 0.9513 - loss: 0.3591 - precision: 0.8721 - recall: 0.9344
[1m 45/155[0m [32m=====[0m[37m===============[0m [1m4:26[0m 2s/step - accuracy: 0.8894 - auc: 0.9512 - loss: 0.3592 - precision: 0.8720 - recall: 0.9342
[1m 46/155[0m [32m=====[0m[37m===============[0m [1m4:24[0m 2s/step - accuracy: 0.8893 - auc: 0.9512 - loss: 0.3593 - precision: 0.8719 - recall: 0.9341
[1m 47/155[0m [32m======[0m[37m==============[0m [1m4:21[0m 2s/step - accuracy: 0.8892 - auc: 0.9512 - loss: 0.3594 - precision: 0.8719 - recall: 0.9340
[1m 48/155[0m [32m======[0m[37m==============[0m [1m4:19[0m 2s/step - accuracy: 0.8891 - auc: 0.9512 - loss: 0.3595 - precision: 0.8719 - recall: 0.9339
[1m 49/155[0m [32m======[0m[37m==============[0m [1m4:17[0m 2s/step - accuracy: 0.8890 - auc: 0.9512 - loss: 0.3596 - precision: 0.8719 - recall: 0.9337
[1m 50/155[0m [32m======[0m[37m==============[0m [1m4:14[0m 2s/step - accuracy: 0.8889 - auc: 0.9512 - loss: 0.3596 - precision: 0.8719 - recall: 0.9336
[1m 51/155[0m [32m======[0m[37m==============[0m [1m4:12[0m 2s/step - accuracy: 0.8889 - auc: 0.9511 - loss: 0.3597 - precision: 0.8719 - recall: 0.9335
[1m 52/155[0m [32m======[0m[37m==============[0m [1m4:09[0m 2s/step - accuracy: 0.8888 - auc: 0.9511 - loss: 0.3598 - precision: 0.8719 - recall: 0.9334
[1m 53/155[0m [32m======[0m[37m==============[0m [1m4:07[0m 2s/step - accuracy: 0.8888 - auc: 0.9511 - loss: 0.3598 - precision: 0.8720 - recall: 0.9333
[1m 54/155[0m [32m======[0m[37m==============[0m [1m4:05[0m 2s/step - accuracy: 0.8888 - auc: 0.9511 - loss: 0.3599 - precision: 0.8721 - recall: 0.9332
[1m 55/155[0m [32m=======[0m[37m=============[0m [1m4:03[0m 2s/step - accuracy: 0.8887 - auc: 0.9511 - loss: 0.3600 - precision: 0.8721 - recall: 0.9331
[1m 56/155[0m [32m=======[0m[37m=============[0m [1m4:00[0m 2s/step - accuracy: 0.8887 - auc: 0.9510 - loss: 0.3601 - precision: 0.8721 - recall: 0.9330
[1m 57/155[0m [32m=======[0m[37m=============[0m [1m3:58[0m 2s/step - accuracy: 0.8886 - auc: 0.9510 - loss: 0.3602 - precision: 0.8721 - recall: 0.9330
[1m 58/155[0m [32m=======[0m[37m=============[0m [1m3:56[0m 2s/step - accuracy: 0.8886 - auc: 0.9510 - loss: 0.3602 - precision: 0.8721 - recall: 0.9329
[1m 59/155[0m [32m=======[0m[37m=============[0m [1m3:53[0m 2s/step - accuracy: 0.8885 - auc: 0.9509 - loss: 0.3603 - precision: 0.8721 - recall: 0.9328
[1m 60/155[0m [32m=======[0m[37m=============[0m [1m3:51[0m 2s/step - accuracy: 0.8884 - auc: 0.9509 - loss: 0.3604 - precision: 0.8721 - recall: 0.9327
[1m 61/155[0m [32m=======[0m[37m=============[0m [1m3:48[0m 2s/step - accuracy: 0.8883 - auc: 0.9508 - loss: 0.3605 - precision: 0.8720 - recall: 0.9326
[1m 62/155[0m [32m========[0m[37m============[0m [1m3:46[0m 2s/step - accuracy: 0.8883 - auc: 0.9508 - loss: 0.3606 - precision: 0.8720 - recall: 0.9325
[1m 63/155[0m [32m========[0m[37m============[0m [1m3:44[0m 2s/step - accuracy: 0.8882 - auc: 0.9508 - loss: 0.3607 - precision: 0.8720 - recall: 0.9324
[1m 64/155[0m [32m========[0m[37m============[0m [1m3:41[0m 2s/step - accuracy: 0.8882 - auc: 0.9507 - loss: 0.3608 - precision: 0.8720 - recall: 0.9324
[1m 65/155[0m [32m========[0m[37m============[0m [1m3:39[0m 2s/step - accuracy: 0.8881 - auc: 0.9507 - loss: 0.3608 - precision: 0.8720 - recall: 0.9323
[1m 66/155[0m [32m========[0m[37m============[0m [1m3:36[0m 2s/step - accuracy: 0.8881 - auc: 0.9507 - loss: 0.3609 - precision: 0.8719 - recall: 0.9323
[1m 67/155[0m [32m========[0m[37m============[0m [1m3:34[0m 2s/step - accuracy: 0.8880 - auc: 0.9507 - loss: 0.3609 - precision: 0.8719 - recall: 0.9322
[1m 68/155[0m [32m========[0m[37m============[0m [1m3:31[0m 2s/step - accuracy: 0.8880 - auc: 0.9507 - loss: 0.3610 - precision: 0.8719 - recall: 0.9322
[1m 69/155[0m [32m========[0m[37m============[0m [1m3:29[0m 2s/step - accuracy: 0.8880 - auc: 0.9506 - loss: 0.3610 - precision: 0.8719 - recall: 0.9322
[1m 70/155[0m [32m=========[0m[37m===========[0m [1m3:26[0m 2s/step - accuracy: 0.8879 - auc: 0.9506 - loss: 0.3611 - precision: 0.8719 - recall: 0.9321
[1m 71/155[0m [32m=========[0m[37m===========[0m [1m3:24[0m 2s/step - accuracy: 0.8879 - auc: 0.9506 - loss: 0.3612 - precision: 0.8719 - recall: 0.9321
[1m 72/155[0m [32m=========[0m[37m===========[0m [1m3:21[0m 2s/step - accuracy: 0.8878 - auc: 0.9506 - loss: 0.3612 - precision: 0.8719 - recall: 0.9321
[1m 73/155[0m [32m=========[0m[37m===========[0m [1m3:19[0m 2s/step - accuracy: 0.8878 - auc: 0.9506 - loss: 0.3612 - precision: 0.8718 - recall: 0.9320
[1m 74/155[0m [32m=========[0m[37m===========[0m [1m3:17[0m 2s/step - accuracy: 0.8877 - auc: 0.9505 - loss: 0.3613 - precision: 0.8718 - recall: 0.9320
[1m 75/155[0m [32m=========[0m[37m===========[0m [1m3:14[0m 2s/step - accuracy: 0.8877 - auc: 0.9505 - loss: 0.3613 - precision: 0.8718 - recall: 0.9320
[1m 76/155[0m [32m=========[0m[37m===========[0m [1m3:12[0m 2s/step - accuracy: 0.8877 - auc: 0.9505 - loss: 0.3614 - precision: 0.8717 - recall: 0.9320
[1m 77/155[0m [32m=========[0m[37m===========[0m [1m3:09[0m 2s/step - accuracy: 0.8876 - auc: 0.9505 - loss: 0.3614 - precision: 0.8717 - recall: 0.9320
[1m 78/155[0m [32m==========[0m[37m==========[0m [1m3:07[0m 2s/step - accuracy: 0.8875 - auc: 0.9505 - loss: 0.3615 - precision: 0.8716 - recall: 0.9319
[1m 79/155[0m [32m==========[0m[37m==========[0m [1m3:04[0m 2s/step - accuracy: 0.8875 - auc: 0.9505 - loss: 0.3615 - precision: 0.8715 - recall: 0.9319
[1m 80/155[0m [32m==========[0m[37m==========[0m [1m3:02[0m 2s/step - accuracy: 0.8874 - auc: 0.9504 - loss: 0.3616 - precision: 0.8715 - recall: 0.9319
[1m 81/155[0m [32m==========[0m[37m==========[0m [1m3:00[0m 2s/step - accuracy: 0.8874 - auc: 0.9504 - loss: 0.3616 - precision: 0.8714 - recall: 0.9319
[1m 82/155[0m [32m==========[0m[37m==========[0m [1m2:57[0m 2s/step - accuracy: 0.8874 - auc: 0.9504 - loss: 0.3616 - precision: 0.8714 - recall: 0.9319
[1m 83/155[0m [32m==========[0m[37m==========[0m [1m2:55[0m 2s/step - accuracy: 0.8873 - auc: 0.9504 - loss: 0.3617 - precision: 0.8713 - recall: 0.9319
[1m 84/155[0m [32m==========[0m[37m==========[0m [1m2:53[0m 2s/step - accuracy: 0.8873 - auc: 0.9504 - loss: 0.3617 - precision: 0.8713 - recall: 0.9319
[1m 85/155[0m [32m==========[0m[37m==========[0m [1m2:50[0m 2s/step - accuracy: 0.8873 - auc: 0.9504 - loss: 0.3617 - precision: 0.8712 - recall: 0.9319
[1m 86/155[0m [32m===========[0m[37m=========[0m [1m2:48[0m 2s/step - accuracy: 0.8873 - auc: 0.9504 - loss: 0.3617 - precision: 0.8712 - recall: 0.9319
[1m 87/155[0m [32m===========[0m[37m=========[0m [1m2:46[0m 2s/step - accuracy: 0.8873 - auc: 0.9504 - loss: 0.3617 - precision: 0.8712 - recall: 0.9319
[1m 88/155[0m [32m===========[0m[37m=========[0m [1m2:43[0m 2s/step - accuracy: 0.8872 - auc: 0.9505 - loss: 0.3617 - precision: 0.8711 - recall: 0.9319
[1m 89/155[0m [32m===========[0m[37m=========[0m [1m2:41[0m 2s/step - accuracy: 0.8872 - auc: 0.9505 - loss: 0.3617 - precision: 0.8711 - recall: 0.9319
[1m 90/155[0m [32m===========[0m[37m=========[0m [1m2:39[0m 2s/step - accuracy: 0.8872 - auc: 0.9505 - loss: 0.3617 - precision: 0.8711 - recall: 0.9319
[1m 91/155[0m [32m===========[0m[37m=========[0m [1m2:36[0m 2s/step - accuracy: 0.8872 - auc: 0.9505 - loss: 0.3617 - precision: 0.8710 - recall: 0.9318
[1m 92/155[0m [32m===========[0m[37m=========[0m [1m2:34[0m 2s/step - accuracy: 0.8871 - auc: 0.9505 - loss: 0.3617 - precision: 0.8710 - recall: 0.9318
[1m 93/155[0m [32m============[0m[37m========[0m [1m2:32[0m 2s/step - accuracy: 0.8871 - auc: 0.9505 - loss: 0.3617 - precision: 0.8709 - recall: 0.9318
[1m 94/155[0m [32m============[0m[37m========[0m [1m2:29[0m 2s/step - accuracy: 0.8871 - auc: 0.9505 - loss: 0.3617 - precision: 0.8709 - recall: 0.9317
[1m 95/155[0m [32m============[0m[37m========[0m [1m2:27[0m 2s/step - accuracy: 0.8871 - auc: 0.9505 - loss: 0.3617 - precision: 0.8709 - recall: 0.9317
[1m 96/155[0m [32m============[0m[37m========[0m [1m2:24[0m 2s/step - accuracy: 0.8871 - auc: 0.9505 - loss: 0.3617 - precision: 0.8709 - recall: 0.9317
[1m 97/155[0m [32m============[0m[37m========[0m [1m2:22[0m 2s/step - accuracy: 0.8871 - auc: 0.9505 - loss: 0.3617 - precision: 0.8709 - recall: 0.9316
[1m 98/155[0m [32m============[0m[37m========[0m [1m2:19[0m 2s/step - accuracy: 0.8871 - auc: 0.9505 - loss: 0.3617 - precision: 0.8709 - recall: 0.9316
[1m 99/155[0m [32m============[0m[37m========[0m [1m2:17[0m 2s/step - accuracy: 0.8870 - auc: 0.9505 - loss: 0.3617 - precision: 0.8709 - recall: 0.9316
[1m100/155[0m [32m============[0m[37m========[0m [1m2:15[0m 2s/step - accuracy: 0.8870 - auc: 0.9505 - loss: 0.3617 - precision: 0.8709 - recall: 0.9315
[1m101/155[0m [32m=============[0m[37m=======[0m [1m2:12[0m 2s/step - accuracy: 0.8871 - auc: 0.9505 - loss: 0.3617 - precision: 0.8710 - recall: 0.9315
[1m102/155[0m [32m=============[0m[37m=======[0m [1m2:10[0m 2s/step - accuracy: 0.8871 - auc: 0.9506 - loss: 0.3617 - precision: 0.8710 - recall: 0.9315
[1m103/155[0m [32m=============[0m[37m=======[0m [1m2:07[0m 2s/step - accuracy: 0.8871 - auc: 0.9506 - loss: 0.3616 - precision: 0.8710 - recall: 0.9314
[1m104/155[0m [32m=============[0m[37m=======[0m [1m2:05[0m 2s/step - accuracy: 0.8871 - auc: 0.9506 - loss: 0.3616 - precision: 0.8710 - recall: 0.9314
[1m105/155[0m [32m=============[0m[37m=======[0m [1m2:03[0m 2s/step - accuracy: 0.8871 - auc: 0.9506 - loss: 0.3616 - precision: 0.8710 - recall: 0.9314
[1m106/155[0m [32m=============[0m[37m=======[0m [1m2:00[0m 2s/step - accuracy: 0.8871 - auc: 0.9506 - loss: 0.3616 - precision: 0.8710 - recall: 0.9314
[1m107/155[0m [32m=============[0m[37m=======[0m [1m1:58[0m 2s/step - accuracy: 0.8871 - auc: 0.9506 - loss: 0.3616 - precision: 0.8710 - recall: 0.9314
[1m108/155[0m [32m=============[0m[37m=======[0m [1m1:56[0m 2s/step - accuracy: 0.8871 - auc: 0.9506 - loss: 0.3616 - precision: 0.8710 - recall: 0.9314
[1m109/155[0m [32m==============[0m[37m======[0m [1m1:53[0m 2s/step - accuracy: 0.8871 - auc: 0.9506 - loss: 0.3616 - precision: 0.8710 - recall: 0.9314
[1m110/155[0m [32m==============[0m[37m======[0m [1m1:51[0m 2s/step - accuracy: 0.8871 - auc: 0.9507 - loss: 0.3615 - precision: 0.8710 - recall: 0.9314
[1m111/155[0m [32m==============[0m[37m======[0m [1m1:48[0m 2s/step - accuracy: 0.8871 - auc: 0.9507 - loss: 0.3615 - precision: 0.8710 - recall: 0.9314
[1m112/155[0m [32m==============[0m[37m======[0m [1m1:46[0m 2s/step - accuracy: 0.8871 - auc: 0.9507 - loss: 0.3615 - precision: 0.8710 - recall: 0.9314
[1m113/155[0m [32m==============[0m[37m======[0m [1m1:43[0m 2s/step - accuracy: 0.8871 - auc: 0.9507 - loss: 0.3615 - precision: 0.8710 - recall: 0.9314
[1m114/155[0m [32m==============[0m[37m======[0m [1m1:41[0m 2s/step - accuracy: 0.8871 - auc: 0.9507 - loss: 0.3615 - precision: 0.8710 - recall: 0.9314
[1m115/155[0m [32m==============[0m[37m======[0m [1m1:39[0m 2s/step - accuracy: 0.8871 - auc: 0.9507 - loss: 0.3615 - precision: 0.8710 - recall: 0.9314
[1m116/155[0m [32m==============[0m[37m======[0m [1m1:36[0m 2s/step - accuracy: 0.8871 - auc: 0.9507 - loss: 0.3615 - precision: 0.8710 - recall: 0.9314
[1m117/155[0m [32m===============[0m[37m=====[0m [1m1:34[0m 2s/step - accuracy: 0.8871 - auc: 0.9507 - loss: 0.3615 - precision: 0.8710 - recall: 0.9314
[1m118/155[0m [32m===============[0m[37m=====[0m [1m1:31[0m 2s/step - accuracy: 0.8871 - auc: 0.9507 - loss: 0.3614 - precision: 0.8710 - recall: 0.9314
[1m119/155[0m [32m===============[0m[37m=====[0m [1m1:29[0m 2s/step - accuracy: 0.8871 - auc: 0.9507 - loss: 0.3614 - precision: 0.8710 - recall: 0.9314
[1m120/155[0m [32m===============[0m[37m=====[0m [1m1:26[0m 2s/step - accuracy: 0.8871 - auc: 0.9507 - loss: 0.3614 - precision: 0.8710 - recall: 0.9314
[1m121/155[0m [32m===============[0m[37m=====[0m [1m1:24[0m 2s/step - accuracy: 0.8871 - auc: 0.9508 - loss: 0.3614 - precision: 0.8710 - recall: 0.9315
[1m122/155[0m [32m===============[0m[37m=====[0m [1m1:22[0m 2s/step - accuracy: 0.8871 - auc: 0.9508 - loss: 0.3614 - precision: 0.8710 - recall: 0.9315
[1m123/155[0m [32m===============[0m[37m=====[0m [1m1:19[0m 2s/step - accuracy: 0.8872 - auc: 0.9508 - loss: 0.3613 - precision: 0.8710 - recall: 0.9315
[1m124/155[0m [32m================[0m[37m====[0m [1m1:17[0m 2s/step - accuracy: 0.8872 - auc: 0.9508 - loss: 0.3613 - precision: 0.8710 - recall: 0.9315
[1m125/155[0m [32m================[0m[37m====[0m [1m1:14[0m 2s/step - accuracy: 0.8872 - auc: 0.9508 - loss: 0.3613 - precision: 0.8710 - recall: 0.9315
[1m126/155[0m [32m================[0m[37m====[0m [1m1:12[0m 2s/step - accuracy: 0.8872 - auc: 0.9508 - loss: 0.3613 - precision: 0.8711 - recall: 0.9316
[1m127/155[0m [32m================[0m[37m====[0m [1m1:09[0m 2s/step - accuracy: 0.8872 - auc: 0.9508 - loss: 0.3612 - precision: 0.8711 - recall: 0.9316
[1m128/155[0m [32m================[0m[37m====[0m [1m1:07[0m 2s/step - accuracy: 0.8872 - auc: 0.9508 - loss: 0.3612 - precision: 0.8711 - recall: 0.9316
[1m129/155[0m [32m================[0m[37m====[0m [1m1:04[0m 2s/step - accuracy: 0.8873 - auc: 0.9508 - loss: 0.3612 - precision: 0.8711 - recall: 0.9316
[1m130/155[0m [32m================[0m[37m====[0m [1m1:02[0m 2s/step - accuracy: 0.8873 - auc: 0.9509 - loss: 0.3612 - precision: 0.8711 - recall: 0.9316
[1m131/155[0m [32m================[0m[37m====[0m [1m59s[0m 2s/step - accuracy: 0.8873 - auc: 0.9509 - loss: 0.3611 - precision: 0.8711 - recall: 0.9317 
[1m132/155[0m [32m=================[0m[37m===[0m [1m57s[0m 2s/step - accuracy: 0.8873 - auc: 0.9509 - loss: 0.3611 - precision: 0.8711 - recall: 0.9317
[1m133/155[0m [32m=================[0m[37m===[0m [1m54s[0m 2s/step - accuracy: 0.8873 - auc: 0.9509 - loss: 0.3611 - precision: 0.8711 - recall: 0.9317
[1m134/155[0m [32m=================[0m[37m===[0m [1m52s[0m 2s/step - accuracy: 0.8873 - auc: 0.9509 - loss: 0.3611 - precision: 0.8711 - recall: 0.9317
[1m135/155[0m [32m=================[0m[37m===[0m [1m50s[0m 3s/step - accuracy: 0.8873 - auc: 0.9509 - loss: 0.3610 - precision: 0.8711 - recall: 0.9317
[1m136/155[0m [32m=================[0m[37m===[0m [1m47s[0m 3s/step - accuracy: 0.8874 - auc: 0.9509 - loss: 0.3610 - precision: 0.8711 - recall: 0.9317
[1m137/155[0m [32m=================[0m[37m===[0m [1m45s[0m 3s/step - accuracy: 0.8874 - auc: 0.9509 - loss: 0.3610 - precision: 0.8712 - recall: 0.9318
[1m138/155[0m [32m=================[0m[37m===[0m [1m42s[0m 3s/step - accuracy: 0.8874 - auc: 0.9509 - loss: 0.3610 - precision: 0.8712 - recall: 0.9318
[1m139/155[0m [32m=================[0m[37m===[0m [1m40s[0m 3s/step - accuracy: 0.8874 - auc: 0.9509 - loss: 0.3609 - precision: 0.8712 - recall: 0.9318
[1m140/155[0m [32m==================[0m[37m==[0m [1m37s[0m 3s/step - accuracy: 0.8874 - auc: 0.9509 - loss: 0.3609 - precision: 0.8712 - recall: 0.9318
[1m141/155[0m [32m==================[0m[37m==[0m [1m35s[0m 3s/step - accuracy: 0.8874 - auc: 0.9509 - loss: 0.3609 - precision: 0.8712 - recall: 0.9318
[1m142/155[0m [32m==================[0m[37m==[0m [1m32s[0m 3s/step - accuracy: 0.8874 - auc: 0.9510 - loss: 0.3609 - precision: 0.8712 - recall: 0.9318
[1m143/155[0m [32m==================[0m[37m==[0m [1m30s[0m 3s/step - accuracy: 0.8874 - auc: 0.9510 - loss: 0.3609 - precision: 0.8712 - recall: 0.9318
[1m144/155[0m [32m==================[0m[37m==[0m [1m27s[0m 3s/step - accuracy: 0.8875 - auc: 0.9510 - loss: 0.3609 - precision: 0.8712 - recall: 0.9319
[1m145/155[0m [32m==================[0m[37m==[0m [1m25s[0m 3s/step - accuracy: 0.8875 - auc: 0.9510 - loss: 0.3608 - precision: 0.8712 - recall: 0.9319
[1m146/155[0m [32m==================[0m[37m==[0m [1m22s[0m 3s/step - accuracy: 0.8875 - auc: 0.9510 - loss: 0.3608 - precision: 0.8712 - recall: 0.93192026-05-14 07:35:09.854720: I tensorflow/core/kernels/data/shuffle_dataset_op.cc:453] ShuffleDatasetV3:7: Filling up shuffle buffer (this may take a while): 181 of 1024

[1m147/155[0m [32m==================[0m[37m==[0m [1m20s[0m 3s/step - accuracy: 0.8875 - auc: 0.9510 - loss: 0.3608 - precision: 0.8712 - recall: 0.9319
[1m148/155[0m [32m===================[0m[37m=[0m [1m17s[0m 3s/step - accuracy: 0.8875 - auc: 0.9510 - loss: 0.3608 - precision: 0.8712 - recall: 0.9319
[1m149/155[0m [32m===================[0m[37m=[0m [1m15s[0m 3s/step - accuracy: 0.8875 - auc: 0.9510 - loss: 0.3607 - precision: 0.8712 - recall: 0.9319
[1m150/155[0m [32m===================[0m[37m=[0m [1m12s[0m 3s/step - accuracy: 0.8875 - auc: 0.9510 - loss: 0.3607 - precision: 0.8712 - recall: 0.9320
[1m151/155[0m [32m===================[0m[37m=[0m [1m10s[0m 3s/step - accuracy: 0.8875 - auc: 0.9510 - loss: 0.3607 - precision: 0.8712 - recall: 0.9320
[1m152/155[0m [32m===================[0m[37m=[0m [1m7s[0m 3s/step - accuracy: 0.8876 - auc: 0.9511 - loss: 0.3606 - precision: 0.8712 - recall: 0.9320 
[1m153/155[0m [32m===================[0m[37m=[0m [1m5s[0m 3s/step - accuracy: 0.8876 - auc: 0.9511 - loss: 0.3606 - precision: 0.8712 - recall: 0.9320
[1m154/155[0m [32m===================[0m[37m=[0m [1m2s[0m 3s/step - accuracy: 0.8876 - auc: 0.9511 - loss: 0.3606 - precision: 0.8712 - recall: 0.9320
[1m155/155[0m [32m====================[0m[37m[0m [1m0s[0m 3s/step - accuracy: 0.8876 - auc: 0.9511 - loss: 0.3606 - precision: 0.8712 - recall: 0.93202026-05-14 07:35:29.831487: I tensorflow/core/kernels/data/shuffle_dataset_op.cc:453] ShuffleDatasetV3:7: Filling up shuffle buffer (this may take a while): 813 of 1024
2026-05-14 07:35:32.723845: I tensorflow/core/kernels/data/shuffle_dataset_op.cc:483] Shuffle buffer filled.

Epoch 7: val_auc improved from 0.93559 to 0.94825, saving model to best_robust_fire_model_v2.keras

[1m155/155[0m [32m====================[0m[37m[0m [1m409s[0m 3s/step - accuracy: 0.8899 - auc: 0.9522 - loss: 0.3575 - precision: 0.8727 - recall: 0.9336 - val_accuracy: 0.8292 - val_auc: 0.9482 - val_loss: 0.3977 - val_precision: 0.9447 - val_recall: 0.7629 - learning_rate: 1.0000e-04
Epoch 8/30

[1m  1/155[0m [37m====================[0m [1m6:12[0m 2s/step - accuracy: 0.9219 - auc: 0.9580 - loss: 0.3349 - precision: 0.8649 - recall: 1.0000
[1m  2/155[0m [37m====================[0m [1m6:22[0m 2s/step - accuracy: 0.8984 - auc: 0.9499 - loss: 0.3596 - precision: 0.8337 - recall: 0.9919
[1m  3/155[0m [37m====================[0m [1m6:18[0m 2s/step - accuracy: 0.9028 - auc: 0.9498 - loss: 0.3527 - precision: 0.8436 - recall: 0.9914
[1m  4/155[0m [37m====================[0m [1m6:13[0m 2s/step - accuracy: 0.9027 - auc: 0.9509 - loss: 0.3499 - precision: 0.8498 - recall: 0.9844
[1m  5/155[0m [37m====================[0m [1m6:10[0m 2s/step - accuracy: 0.9009 - auc: 0.9516 - loss: 0.3498 - precision: 0.8516 - recall: 0.9793
[1m  6/155[0m [37m====================[0m [1m6:07[0m 2s/step - accuracy: 0.8987 - auc: 0.9514 - loss: 0.3516 - precision: 0.8525 - recall: 0.9748
[1m  7/155[0m [37m====================[0m [1m6:05[0m 2s/step - accuracy: 0.8985 - auc: 0.9524 - loss: 0.3502 - precision: 0.8544 - recall: 0.9725
[1m  8/155[0m [32m=[0m[37m===================[0m [1m6:03[0m 2s/step - accuracy: 0.8980 - auc: 0.9534 - loss: 0.3490 - precision: 0.8548 - recall: 0.9714
[1m  9/155[0m [32m=[0m[37m===================[0m [1m6:00[0m 2s/step - accuracy: 0.8978 - auc: 0.9536 - loss: 0.3493 - precision: 0.8560 - recall: 0.9700
[1m 10/155[0m [32m=[0m[37m===================[0m [1m5:56[0m 2s/step - accuracy: 0.8979 - auc: 0.9537 - loss: 0.3496 - precision: 0.8568 - recall: 0.9692
[1m 11/155[0m [32m=[0m[37m===================[0m [1m5:53[0m 2s/step - accuracy: 0.8982 - auc: 0.9540 - loss: 0.3493 - precision: 0.8575 - recall: 0.9688
[1m 12/155[0m [32m=[0m[37m===================[0m [1m5:52[0m 2s/step - accuracy: 0.8981 - auc: 0.9541 - loss: 0.3496 - precision: 0.8580 - recall: 0.9679
[1m 13/155[0m [32m=[0m[37m===================[0m [1m5:49[0m 2s/step - accuracy: 0.8981 - auc: 0.9541 - loss: 0.3499 - precision: 0.8583 - recall: 0.9672
[1m 14/155[0m [32m=[0m[37m===================[0m [1m5:46[0m 2s/step - accuracy: 0.8978 - auc: 0.9542 - loss: 0.3503 - precision: 0.8580 - recall: 0.9666
[1m 15/155[0m [32m=[0m[37m===================[0m [1m5:44[0m 2s/step - accuracy: 0.8976 - auc: 0.9542 - loss: 0.3507 - precision: 0.8578 - recall: 0.9661
[1m 16/155[0m [32m==[0m[37m==================[0m [1m5:42[0m 2s/step - accuracy: 0.8972 - auc: 0.9541 - loss: 0.3511 - precision: 0.8576 - recall: 0.9652
[1m 17/155[0m [32m==[0m[37m==================[0m [1m5:39[0m 2s/step - accuracy: 0.8968 - auc: 0.9541 - loss: 0.3516 - precision: 0.8575 - recall: 0.9644
[1m 18/155[0m [32m==[0m[37m==================[0m [1m5:36[0m 2s/step - accuracy: 0.8963 - auc: 0.9540 - loss: 0.3522 - precision: 0.8575 - recall: 0.9633
[1m 19/155[0m [32m==[0m[37m==================[0m [1m5:33[0m 2s/step - accuracy: 0.8960 - auc: 0.9539 - loss: 0.3525 - precision: 0.8577 - recall: 0.9624
[1m 20/155[0m [32m==[0m[37m==================[0m [1m5:31[0m 2s/step - accuracy: 0.8957 - auc: 0.9539 - loss: 0.3527 - precision: 0.8579 - recall: 0.9616
[1m 21/155[0m [32m==[0m[37m==================[0m [1m5:28[0m 2s/step - accuracy: 0.8955 - auc: 0.9540 - loss: 0.3527 - precision: 0.8582 - recall: 0.9608
[1m 22/155[0m [32m==[0m[37m==================[0m [1m5:27[0m 2s/step - accuracy: 0.8954 - auc: 0.9541 - loss: 0.3526 - precision: 0.8587 - recall: 0.9602
[1m 23/155[0m [32m==[0m[37m==================[0m [1m5:24[0m 2s/step - accuracy: 0.8953 - auc: 0.9542 - loss: 0.3525 - precision: 0.8590 - recall: 0.9595
[1m 24/155[0m [32m===[0m[37m=================[0m [1m5:22[0m 2s/step - accuracy: 0.8952 - auc: 0.9542 - loss: 0.3525 - precision: 0.8592 - recall: 0.9590
[1m 25/155[0m [32m===[0m[37m=================[0m [1m5:19[0m 2s/step - accuracy: 0.8951 - auc: 0.9543 - loss: 0.3525 - precision: 0.8596 - recall: 0.9584
[1m 26/155[0m [32m===[0m[37m=================[0m [1m5:17[0m 2s/step - accuracy: 0.8952 - auc: 0.9543 - loss: 0.3524 - precision: 0.8601 - recall: 0.9579
[1m 27/155[0m [32m===[0m[37m=================[0m [1m5:14[0m 2s/step - accuracy: 0.8950 - auc: 0.9543 - loss: 0.3525 - precision: 0.8602 - recall: 0.9574
[1m 28/155[0m [32m===[0m[37m=================[0m [1m5:11[0m 2s/step - accuracy: 0.8948 - auc: 0.9543 - loss: 0.3526 - precision: 0.8605 - recall: 0.9568
[1m 29/155[0m [32m===[0m[37m=================[0m [1m5:09[0m 2s/step - accuracy: 0.8947 - auc: 0.9542 - loss: 0.3527 - precision: 0.8609 - recall: 0.9561
[1m 30/155[0m [32m===[0m[37m=================[0m [1m5:06[0m 2s/step - accuracy: 0.8946 - auc: 0.9542 - loss: 0.3527 - precision: 0.8614 - recall: 0.9556
[1m 31/155[0m [32m====[0m[37m================[0m [1m5:03[0m 2s/step - accuracy: 0.8946 - auc: 0.9543 - loss: 0.3526 - precision: 0.8618 - recall: 0.9551
[1m 32/155[0m [32m====[0m[37m================[0m [1m5:01[0m 2s/step - accuracy: 0.8946 - auc: 0.9544 - loss: 0.3524 - precision: 0.8622 - recall: 0.9548
[1m 33/155[0m [32m====[0m[37m================[0m [1m4:58[0m 2s/step - accuracy: 0.8946 - auc: 0.9545 - loss: 0.3522 - precision: 0.8626 - recall: 0.9544
[1m 34/155[0m [32m====[0m[37m================[0m [1m4:56[0m 2s/step - accuracy: 0.8946 - auc: 0.9546 - loss: 0.3520 - precision: 0.8629 - recall: 0.9541
[1m 35/155[0m [32m====[0m[37m================[0m [1m4:53[0m 2s/step - accuracy: 0.8947 - auc: 0.9546 - loss: 0.3518 - precision: 0.8632 - recall: 0.9538
[1m 36/155[0m [32m====[0m[37m================[0m [1m4:50[0m 2s/step - accuracy: 0.8946 - auc: 0.9547 - loss: 0.3517 - precision: 0.8635 - recall: 0.9534
[1m 37/155[0m [32m====[0m[37m================[0m [1m4:48[0m 2s/step - accuracy: 0.8945 - auc: 0.9548 - loss: 0.3517 - precision: 0.8638 - recall: 0.9531
[1m 38/155[0m [32m====[0m[37m================[0m [1m4:46[0m 2s/step - accuracy: 0.8945 - auc: 0.9548 - loss: 0.3516 - precision: 0.8641 - recall: 0.9527
[1m 39/155[0m [32m=====[0m[37m===============[0m [1m4:43[0m 2s/step - accuracy: 0.8944 - auc: 0.9549 - loss: 0.3515 - precision: 0.8643 - recall: 0.9524
[1m 40/155[0m [32m=====[0m[37m===============[0m [1m4:41[0m 2s/step - accuracy: 0.8944 - auc: 0.9549 - loss: 0.3514 - precision: 0.8645 - recall: 0.9521
[1m 41/155[0m [32m=====[0m[37m===============[0m [1m4:38[0m 2s/step - accuracy: 0.8944 - auc: 0.9550 - loss: 0.3512 - precision: 0.8647 - recall: 0.9519
[1m 42/155[0m [32m=====[0m[37m===============[0m [1m4:36[0m 2s/step - accuracy: 0.8943 - auc: 0.9551 - loss: 0.3511 - precision: 0.8650 - recall: 0.9516
[1m 43/155[0m [32m=====[0m[37m===============[0m [1m4:33[0m 2s/step - accuracy: 0.8943 - auc: 0.9552 - loss: 0.3510 - precision: 0.8651 - recall: 0.9513
[1m 44/155[0m [32m=====[0m[37m===============[0m [1m4:31[0m 2s/step - accuracy: 0.8942 - auc: 0.9552 - loss: 0.3509 - precision: 0.8654 - recall: 0.9511
[1m 45/155[0m [32m=====[0m[37m===============[0m [1m4:28[0m 2s/step - accuracy: 0.8942 - auc: 0.9553 - loss: 0.3507 - precision: 0.8656 - recall: 0.9509
[1m 46/155[0m [32m=====[0m[37m===============[0m [1m4:26[0m 2s/step - accuracy: 0.8942 - auc: 0.9554 - loss: 0.3506 - precision: 0.8658 - recall: 0.9507
[1m 47/155[0m [32m======[0m[37m==============[0m [1m4:23[0m 2s/step - accuracy: 0.8942 - auc: 0.9555 - loss: 0.3504 - precision: 0.8660 - recall: 0.9505
[1m 48/155[0m [32m======[0m[37m==============[0m [1m4:21[0m 2s/step - accuracy: 0.8942 - auc: 0.9555 - loss: 0.3504 - precision: 0.8661 - recall: 0.9504
[1m 49/155[0m [32m======[0m[37m==============[0m [1m4:18[0m 2s/step - accuracy: 0.8942 - auc: 0.9556 - loss: 0.3502 - precision: 0.8662 - recall: 0.9503
[1m 50/155[0m [32m======[0m[37m==============[0m [1m4:16[0m 2s/step - accuracy: 0.8942 - auc: 0.9557 - loss: 0.3501 - precision: 0.8664 - recall: 0.9502
[1m 51/155[0m [32m======[0m[37m==============[0m [1m4:14[0m 2s/step - accuracy: 0.8942 - auc: 0.9557 - loss: 0.3499 - precision: 0.8666 - recall: 0.9501
[1m 52/155[0m [32m======[0m[37m==============[0m [1m4:11[0m 2s/step - accuracy: 0.8942 - auc: 0.9558 - loss: 0.3498 - precision: 0.8667 - recall: 0.9500
[1m 53/155[0m [32m======[0m[37m==============[0m [1m4:09[0m 2s/step - accuracy: 0.8943 - auc: 0.9559 - loss: 0.3497 - precision: 0.8669 - recall: 0.9498
[1m 54/155[0m [32m======[0m[37m==============[0m [1m4:06[0m 2s/step - accuracy: 0.8943 - auc: 0.9559 - loss: 0.3495 - precision: 0.8672 - recall: 0.9497
[1m 55/155[0m [32m=======[0m[37m=============[0m [1m4:04[0m 2s/step - accuracy: 0.8943 - auc: 0.9560 - loss: 0.3494 - precision: 0.8674 - recall: 0.9496
[1m 56/155[0m [32m=======[0m[37m=============[0m [1m4:01[0m 2s/step - accuracy: 0.8944 - auc: 0.9560 - loss: 0.3493 - precision: 0.8676 - recall: 0.9494
[1m 57/155[0m [32m=======[0m[37m=============[0m [1m3:59[0m 2s/step - accuracy: 0.8944 - auc: 0.9561 - loss: 0.3493 - precision: 0.8677 - recall: 0.9493
[1m 58/155[0m [32m=======[0m[37m=============[0m [1m3:56[0m 2s/step - accuracy: 0.8944 - auc: 0.9561 - loss: 0.3492 - precision: 0.8679 - recall: 0.9492
[1m 59/155[0m [32m=======[0m[37m=============[0m [1m3:54[0m 2s/step - accuracy: 0.8944 - auc: 0.9561 - loss: 0.3492 - precision: 0.8680 - recall: 0.9491
[1m 60/155[0m [32m=======[0m[37m=============[0m [1m3:51[0m 2s/step - accuracy: 0.8943 - auc: 0.9561 - loss: 0.3492 - precision: 0.8681 - recall: 0.9489
[1m 61/155[0m [32m=======[0m[37m=============[0m [1m3:49[0m 2s/step - accuracy: 0.8943 - auc: 0.9561 - loss: 0.3492 - precision: 0.8682 - recall: 0.9488
[1m 62/155[0m [32m========[0m[37m============[0m [1m3:47[0m 2s/step - accuracy: 0.8943 - auc: 0.9561 - loss: 0.3492 - precision: 0.8683 - recall: 0.9486
[1m 63/155[0m [32m========[0m[37m============[0m [1m3:44[0m 2s/step - accuracy: 0.8943 - auc: 0.9561 - loss: 0.3491 - precision: 0.8684 - recall: 0.9485
[1m 64/155[0m [32m========[0m[37m============[0m [1m3:42[0m 2s/step - accuracy: 0.8942 - auc: 0.9561 - loss: 0.3492 - precision: 0.8685 - recall: 0.9484
[1m 65/155[0m [32m========[0m[37m============[0m [1m3:39[0m 2s/step - accuracy: 0.8942 - auc: 0.9561 - loss: 0.3492 - precision: 0.8685 - recall: 0.9483
[1m 66/155[0m [32m========[0m[37m============[0m [1m3:37[0m 2s/step - accuracy: 0.8942 - auc: 0.9561 - loss: 0.3492 - precision: 0.8686 - recall: 0.9482
[1m 67/155[0m [32m========[0m[37m============[0m [1m3:34[0m 2s/step - accuracy: 0.8941 - auc: 0.9561 - loss: 0.3492 - precision: 0.8686 - recall: 0.9481
[1m 68/155[0m [32m========[0m[37m============[0m [1m3:32[0m 2s/step - accuracy: 0.8941 - auc: 0.9561 - loss: 0.3492 - precision: 0.8687 - recall: 0.9480
[1m 69/155[0m [32m========[0m[37m============[0m [1m3:29[0m 2s/step - accuracy: 0.8941 - auc: 0.9561 - loss: 0.3492 - precision: 0.8688 - recall: 0.9479
[1m 70/155[0m [32m=========[0m[37m===========[0m [1m3:27[0m 2s/step - accuracy: 0.8941 - auc: 0.9561 - loss: 0.3492 - precision: 0.8688 - recall: 0.9478
[1m 71/155[0m [32m=========[0m[37m===========[0m [1m3:25[0m 2s/step - accuracy: 0.8941 - auc: 0.9561 - loss: 0.3492 - precision: 0.8689 - recall: 0.9477
[1m 72/155[0m [32m=========[0m[37m===========[0m [1m3:22[0m 2s/step - accuracy: 0.8940 - auc: 0.9561 - loss: 0.3492 - precision: 0.8689 - recall: 0.9477
[1m 73/155[0m [32m=========[0m[37m===========[0m [1m3:20[0m 2s/step - accuracy: 0.8940 - auc: 0.9561 - loss: 0.3492 - precision: 0.8690 - recall: 0.9476
[1m 74/155[0m [32m=========[0m[37m===========[0m [1m3:17[0m 2s/step - accuracy: 0.8940 - auc: 0.9561 - loss: 0.3492 - precision: 0.8690 - recall: 0.9475
[1m 75/155[0m [32m=========[0m[37m===========[0m [1m3:15[0m 2s/step - accuracy: 0.8940 - auc: 0.9561 - loss: 0.3492 - precision: 0.8691 - recall: 0.9474
[1m 76/155[0m [32m=========[0m[37m===========[0m [1m3:13[0m 2s/step - accuracy: 0.8940 - auc: 0.9561 - loss: 0.3492 - precision: 0.8692 - recall: 0.9474
[1m 77/155[0m [32m=========[0m[37m===========[0m [1m3:11[0m 2s/step - accuracy: 0.8940 - auc: 0.9561 - loss: 0.3492 - precision: 0.8693 - recall: 0.9473
[1m 78/155[0m [32m==========[0m[37m==========[0m [1m3:08[0m 2s/step - accuracy: 0.8940 - auc: 0.9561 - loss: 0.3491 - precision: 0.8693 - recall: 0.9473
[1m 79/155[0m [32m==========[0m[37m==========[0m [1m3:06[0m 2s/step - accuracy: 0.8940 - auc: 0.9561 - loss: 0.3491 - precision: 0.8694 - recall: 0.9472
[1m 80/155[0m [32m==========[0m[37m==========[0m [1m3:04[0m 2s/step - accuracy: 0.8940 - auc: 0.9561 - loss: 0.3491 - precision: 0.8695 - recall: 0.9471
[1m 81/155[0m [32m==========[0m[37m==========[0m [1m3:01[0m 2s/step - accuracy: 0.8940 - auc: 0.9561 - loss: 0.3491 - precision: 0.8696 - recall: 0.9471
[1m 82/155[0m [32m==========[0m[37m==========[0m [1m2:59[0m 2s/step - accuracy: 0.8940 - auc: 0.9561 - loss: 0.3490 - precision: 0.8696 - recall: 0.9470
[1m 83/155[0m [32m==========[0m[37m==========[0m [1m2:57[0m 2s/step - accuracy: 0.8940 - auc: 0.9561 - loss: 0.3490 - precision: 0.8697 - recall: 0.9469
[1m 84/155[0m [32m==========[0m[37m==========[0m [1m2:54[0m 2s/step - accuracy: 0.8941 - auc: 0.9561 - loss: 0.3489 - precision: 0.8698 - recall: 0.9469
[1m 85/155[0m [32m==========[0m[37m==========[0m [1m2:52[0m 2s/step - accuracy: 0.8941 - auc: 0.9562 - loss: 0.3489 - precision: 0.8699 - recall: 0.9468
[1m 86/155[0m [32m===========[0m[37m=========[0m [1m2:50[0m 2s/step - accuracy: 0.8941 - auc: 0.9562 - loss: 0.3488 - precision: 0.8700 - recall: 0.9467
[1m 87/155[0m [32m===========[0m[37m=========[0m [1m2:47[0m 2s/step - accuracy: 0.8941 - auc: 0.9562 - loss: 0.3488 - precision: 0.8701 - recall: 0.9467
[1m 88/155[0m [32m===========[0m[37m=========[0m [1m2:45[0m 2s/step - accuracy: 0.8942 - auc: 0.9562 - loss: 0.3487 - precision: 0.8702 - recall: 0.9466
[1m 89/155[0m [32m===========[0m[37m=========[0m [1m2:43[0m 2s/step - accuracy: 0.8942 - auc: 0.9562 - loss: 0.3486 - precision: 0.8703 - recall: 0.9465
[1m 90/155[0m [32m===========[0m[37m=========[0m [1m2:40[0m 2s/step - accuracy: 0.8942 - auc: 0.9562 - loss: 0.3486 - precision: 0.8704 - recall: 0.9465
[1m 91/155[0m [32m===========[0m[37m=========[0m [1m2:38[0m 2s/step - accuracy: 0.8942 - auc: 0.9563 - loss: 0.3485 - precision: 0.8705 - recall: 0.9464
[1m 92/155[0m [32m===========[0m[37m=========[0m [1m2:36[0m 2s/step - accuracy: 0.8942 - auc: 0.9563 - loss: 0.3485 - precision: 0.8705 - recall: 0.9464
[1m 93/155[0m [32m============[0m[37m========[0m [1m2:33[0m 2s/step - accuracy: 0.8942 - auc: 0.9563 - loss: 0.3485 - precision: 0.8706 - recall: 0.9463
[1m 94/155[0m [32m============[0m[37m========[0m [1m2:31[0m 2s/step - accuracy: 0.8943 - auc: 0.9563 - loss: 0.3484 - precision: 0.8707 - recall: 0.9463
[1m 95/155[0m [32m============[0m[37m========[0m [1m2:28[0m 2s/step - accuracy: 0.8943 - auc: 0.9563 - loss: 0.3484 - precision: 0.8707 - recall: 0.9462
[1m 96/155[0m [32m============[0m[37m========[0m [1m2:26[0m 2s/step - accuracy: 0.8943 - auc: 0.9563 - loss: 0.3484 - precision: 0.8708 - recall: 0.9462
[1m 97/155[0m [32m============[0m[37m========[0m [1m2:24[0m 2s/step - accuracy: 0.8943 - auc: 0.9563 - loss: 0.3483 - precision: 0.8709 - recall: 0.9462
[1m 98/155[0m [32m============[0m[37m========[0m [1m2:21[0m 2s/step - accuracy: 0.8943 - auc: 0.9563 - loss: 0.3483 - precision: 0.8709 - recall: 0.9461
[1m 99/155[0m [32m============[0m[37m========[0m [1m2:19[0m 2s/step - accuracy: 0.8943 - auc: 0.9563 - loss: 0.3483 - precision: 0.8710 - recall: 0.9461
[1m100/155[0m [32m============[0m[37m========[0m [1m2:16[0m 2s/step - accuracy: 0.8944 - auc: 0.9563 - loss: 0.3483 - precision: 0.8710 - recall: 0.9461
[1m101/155[0m [32m=============[0m[37m=======[0m [1m2:14[0m 2s/step - accuracy: 0.8944 - auc: 0.9563 - loss: 0.3482 - precision: 0.8711 - recall: 0.9460
[1m102/155[0m [32m=============[0m[37m=======[0m [1m2:12[0m 2s/step - accuracy: 0.8944 - auc: 0.9564 - loss: 0.3482 - precision: 0.8711 - recall: 0.9460
[1m103/155[0m [32m=============[0m[37m=======[0m [1m2:09[0m 2s/step - accuracy: 0.8944 - auc: 0.9564 - loss: 0.3482 - precision: 0.8712 - recall: 0.9460
[1m104/155[0m [32m=============[0m[37m=======[0m [1m2:07[0m 2s/step - accuracy: 0.8945 - auc: 0.9564 - loss: 0.3481 - precision: 0.8713 - recall: 0.9459
[1m105/155[0m [32m=============[0m[37m=======[0m [1m2:04[0m 2s/step - accuracy: 0.8945 - auc: 0.9564 - loss: 0.3481 - precision: 0.8713 - recall: 0.9459
[1m106/155[0m [32m=============[0m[37m=======[0m [1m2:02[0m 3s/step - accuracy: 0.8945 - auc: 0.9564 - loss: 0.3481 - precision: 0.8714 - recall: 0.9459
[1m107/155[0m [32m=============[0m[37m=======[0m [1m2:00[0m 3s/step - accuracy: 0.8946 - auc: 0.9564 - loss: 0.3480 - precision: 0.8715 - recall: 0.9458
[1m108/155[0m [32m=============[0m[37m=======[0m [1m1:57[0m 3s/step - accuracy: 0.8946 - auc: 0.9564 - loss: 0.3480 - precision: 0.8715 - recall: 0.9458
[1m109/155[0m [32m==============[0m[37m======[0m [1m1:55[0m 3s/step - accuracy: 0.8946 - auc: 0.9564 - loss: 0.3479 - precision: 0.8716 - recall: 0.9458
[1m110/155[0m [32m==============[0m[37m======[0m [1m1:52[0m 3s/step - accuracy: 0.8947 - auc: 0.9564 - loss: 0.3479 - precision: 0.8717 - recall: 0.9457
[1m111/155[0m [32m==============[0m[37m======[0m [1m1:50[0m 3s/step - accuracy: 0.8947 - auc: 0.9565 - loss: 0.3478 - precision: 0.8717 - recall: 0.9457
[1m112/155[0m [32m==============[0m[37m======[0m [1m1:47[0m 3s/step - accuracy: 0.8947 - auc: 0.9565 - loss: 0.3478 - precision: 0.8718 - recall: 0.9457
[1m113/155[0m [32m==============[0m[37m======[0m [1m1:45[0m 3s/step - accuracy: 0.8948 - auc: 0.9565 - loss: 0.3477 - precision: 0.8719 - recall: 0.9456
[1m114/155[0m [32m==============[0m[37m======[0m [1m1:42[0m 3s/step - accuracy: 0.8948 - auc: 0.9565 - loss: 0.3477 - precision: 0.8720 - recall: 0.9456
[1m115/155[0m [32m==============[0m[37m======[0m [1m1:40[0m 3s/step - accuracy: 0.8949 - auc: 0.9565 - loss: 0.3476 - precision: 0.8721 - recall: 0.9456
[1m116/155[0m [32m==============[0m[37m======[0m [1m1:37[0m 3s/step - accuracy: 0.8949 - auc: 0.9566 - loss: 0.3475 - precision: 0.8722 - recall: 0.9456
[1m117/155[0m [32m===============[0m[37m=====[0m [1m1:35[0m 3s/step - accuracy: 0.8949 - auc: 0.9566 - loss: 0.3475 - precision: 0.8723 - recall: 0.9455
[1m118/155[0m [32m===============[0m[37m=====[0m [1m1:32[0m 3s/step - accuracy: 0.8950 - auc: 0.9566 - loss: 0.3474 - precision: 0.8724 - recall: 0.9455
[1m119/155[0m [32m===============[0m[37m=====[0m [1m1:30[0m 3s/step - accuracy: 0.8950 - auc: 0.9566 - loss: 0.3473 - precision: 0.8724 - recall: 0.9455
[1m120/155[0m [32m===============[0m[37m=====[0m [1m1:27[0m 3s/step - accuracy: 0.8951 - auc: 0.9567 - loss: 0.3473 - precision: 0.8725 - recall: 0.9455
[1m121/155[0m [32m===============[0m[37m=====[0m [1m1:25[0m 3s/step - accuracy: 0.8951 - auc: 0.9567 - loss: 0.3472 - precision: 0.8726 - recall: 0.9455
[1m122/155[0m [32m===============[0m[37m=====[0m [1m1:23[0m 3s/step - accuracy: 0.8952 - auc: 0.9567 - loss: 0.3471 - precision: 0.8727 - recall: 0.9454
[1m123/155[0m [32m===============[0m[37m=====[0m [1m1:20[0m 3s/step - accuracy: 0.8952 - auc: 0.9567 - loss: 0.3471 - precision: 0.8727 - recall: 0.9454
[1m124/155[0m [32m================[0m[37m====[0m [1m1:18[0m 3s/step - accuracy: 0.8953 - auc: 0.9568 - loss: 0.3470 - precision: 0.8728 - recall: 0.9454
[1m125/155[0m [32m================[0m[37m====[0m [1m1:15[0m 3s/step - accuracy: 0.8953 - auc: 0.9568 - loss: 0.3469 - precision: 0.8729 - recall: 0.9454
[1m126/155[0m [32m================[0m[37m====[0m [1m1:13[0m 3s/step - accuracy: 0.8953 - auc: 0.9568 - loss: 0.3469 - precision: 0.8730 - recall: 0.9454
[1m127/155[0m [32m================[0m[37m====[0m [1m1:10[0m 3s/step - accuracy: 0.8954 - auc: 0.9568 - loss: 0.3468 - precision: 0.8730 - recall: 0.9454
[1m128/155[0m [32m================[0m[37m====[0m [1m1:08[0m 3s/step - accuracy: 0.8954 - auc: 0.9568 - loss: 0.3468 - precision: 0.8731 - recall: 0.9454
[1m129/155[0m [32m================[0m[37m====[0m [1m1:05[0m 3s/step - accuracy: 0.8955 - auc: 0.9568 - loss: 0.3467 - precision: 0.8732 - recall: 0.9454
[1m130/155[0m [32m================[0m[37m====[0m [1m1:03[0m 3s/step - accuracy: 0.8955 - auc: 0.9569 - loss: 0.3467 - precision: 0.8732 - recall: 0.9454
[1m131/155[0m [32m================[0m[37m====[0m [1m1:00[0m 3s/step - accuracy: 0.8955 - auc: 0.9569 - loss: 0.3466 - precision: 0.8733 - recall: 0.9454
[1m132/155[0m [32m=================[0m[37m===[0m [1m58s[0m 3s/step - accuracy: 0.8956 - auc: 0.9569 - loss: 0.3466 - precision: 0.8733 - recall: 0.9453 
[1m133/155[0m [32m=================[0m[37m===[0m [1m55s[0m 3s/step - accuracy: 0.8956 - auc: 0.9569 - loss: 0.3465 - precision: 0.8734 - recall: 0.9453
[1m134/155[0m [32m=================[0m[37m===[0m [1m53s[0m 3s/step - accuracy: 0.8956 - auc: 0.9569 - loss: 0.3465 - precision: 0.8734 - recall: 0.9453
[1m135/155[0m [32m=================[0m[37m===[0m [1m50s[0m 3s/step - accuracy: 0.8956 - auc: 0.9569 - loss: 0.3464 - precision: 0.8735 - recall: 0.9453
[1m136/155[0m [32m=================[0m[37m===[0m [1m48s[0m 3s/step - accuracy: 0.8957 - auc: 0.9570 - loss: 0.3464 - precision: 0.8735 - recall: 0.9453
[1m137/155[0m [32m=================[0m[37m===[0m [1m45s[0m 3s/step - accuracy: 0.8957 - auc: 0.9570 - loss: 0.3463 - precision: 0.8736 - recall: 0.9453
[1m138/155[0m [32m=================[0m[37m===[0m [1m43s[0m 3s/step - accuracy: 0.8957 - auc: 0.9570 - loss: 0.3463 - precision: 0.8736 - recall: 0.9453
[1m139/155[0m [32m=================[0m[37m===[0m [1m40s[0m 3s/step - accuracy: 0.8957 - auc: 0.9570 - loss: 0.3462 - precision: 0.8737 - recall: 0.9453
[1m140/155[0m [32m==================[0m[37m==[0m [1m37s[0m 3s/step - accuracy: 0.8958 - auc: 0.9570 - loss: 0.3462 - precision: 0.8737 - recall: 0.9453
[1m141/155[0m [32m==================[0m[37m==[0m [1m35s[0m 3s/step - accuracy: 0.8958 - auc: 0.9570 - loss: 0.3461 - precision: 0.8738 - recall: 0.9453
[1m142/155[0m [32m==================[0m[37m==[0m [1m32s[0m 3s/step - accuracy: 0.8958 - auc: 0.9570 - loss: 0.3461 - precision: 0.8738 - recall: 0.9452
[1m143/155[0m [32m==================[0m[37m==[0m [1m30s[0m 3s/step - accuracy: 0.8959 - auc: 0.9571 - loss: 0.3460 - precision: 0.8739 - recall: 0.9452
[1m144/155[0m [32m==================[0m[37m==[0m [1m27s[0m 3s/step - accuracy: 0.8959 - auc: 0.9571 - loss: 0.3460 - precision: 0.8739 - recall: 0.9452
[1m145/155[0m [32m==================[0m[37m==[0m [1m25s[0m 3s/step - accuracy: 0.8959 - auc: 0.9571 - loss: 0.3459 - precision: 0.8740 - recall: 0.9452
[1m146/155[0m [32m==================[0m[37m==[0m [1m22s[0m 3s/step - accuracy: 0.8959 - auc: 0.9571 - loss: 0.3459 - precision: 0.8741 - recall: 0.9452
[1m147/155[0m [32m==================[0m[37m==[0m [1m20s[0m 3s/step - accuracy: 0.8960 - auc: 0.9571 - loss: 0.3458 - precision: 0.8741 - recall: 0.94522026-05-14 07:42:04.282025: I tensorflow/core/kernels/data/shuffle_dataset_op.cc:453] ShuffleDatasetV3:7: Filling up shuffle buffer (this may take a while): 261 of 1024

[1m148/155[0m [32m===================[0m[37m=[0m [1m17s[0m 3s/step - accuracy: 0.8960 - auc: 0.9572 - loss: 0.3458 - precision: 0.8742 - recall: 0.9452
[1m149/155[0m [32m===================[0m[37m=[0m [1m15s[0m 3s/step - accuracy: 0.8960 - auc: 0.9572 - loss: 0.3457 - precision: 0.8742 - recall: 0.9452
[1m150/155[0m [32m===================[0m[37m=[0m [1m12s[0m 3s/step - accuracy: 0.8961 - auc: 0.9572 - loss: 0.3456 - precision: 0.8743 - recall: 0.9452
[1m151/155[0m [32m===================[0m[37m=[0m [1m10s[0m 3s/step - accuracy: 0.8961 - auc: 0.9572 - loss: 0.3456 - precision: 0.8743 - recall: 0.9452
[1m152/155[0m [32m===================[0m[37m=[0m [1m7s[0m 3s/step - accuracy: 0.8961 - auc: 0.9572 - loss: 0.3456 - precision: 0.8744 - recall: 0.9452 
[1m153/155[0m [32m===================[0m[37m=[0m [1m5s[0m 3s/step - accuracy: 0.8962 - auc: 0.9572 - loss: 0.3455 - precision: 0.8744 - recall: 0.9452
[1m154/155[0m [32m===================[0m[37m=[0m [1m2s[0m 3s/step - accuracy: 0.8962 - auc: 0.9572 - loss: 0.3455 - precision: 0.8744 - recall: 0.9452
[1m155/155[0m [32m====================[0m[37m[0m [1m0s[0m 3s/step - accuracy: 0.8962 - auc: 0.9573 - loss: 0.3454 - precision: 0.8745 - recall: 0.94522026-05-14 07:42:24.150274: I tensorflow/core/kernels/data/shuffle_dataset_op.cc:453] ShuffleDatasetV3:7: Filling up shuffle buffer (this may take a while): 793 of 1024
2026-05-14 07:42:27.741754: I tensorflow/core/kernels/data/shuffle_dataset_op.cc:483] Shuffle buffer filled.

Epoch 8: val_auc did not improve from 0.94825

[1m155/155[0m [32m====================[0m[37m[0m [1m413s[0m 3s/step - accuracy: 0.8998 - auc: 0.9590 - loss: 0.3393 - precision: 0.8800 - recall: 0.9446 - val_accuracy: 0.8865 - val_auc: 0.9399 - val_loss: 0.3605 - val_precision: 0.9142 - val_recall: 0.8969 - learning_rate: 1.0000e-04
Epoch 9/30

[1m  1/155[0m [37m====================[0m [1m6:30[0m 3s/step - accuracy: 0.9375 - auc: 0.9919 - loss: 0.2439 - precision: 0.9250 - recall: 0.9737
[1m  2/155[0m [37m====================[0m [1m6:12[0m 2s/step - accuracy: 0.9258 - auc: 0.9856 - loss: 0.2652 - precision: 0.8949 - recall: 0.9791
[1m  3/155[0m [37m====================[0m [1m6:13[0m 2s/step - accuracy: 0.9141 - auc: 0.9736 - loss: 0.2941 - precision: 0.8734 - recall: 0.9791
[1m  4/155[0m [37m====================[0m [1m6:15[0m 2s/step - accuracy: 0.9121 - auc: 0.9701 - loss: 0.3032 - precision: 0.8706 - recall: 0.9766
[1m  5/155[0m [37m====================[0m [1m6:13[0m 2s/step - accuracy: 0.9116 - auc: 0.9673 - loss: 0.3090 - precision: 0.8713 - recall: 0.9740
[1m  6/155[0m [37m====================[0m [1m6:12[0m 2s/step - accuracy: 0.9102 - auc: 0.9658 - loss: 0.3126 - precision: 0.8717 - recall: 0.9709
[1m  7/155[0m [37m====================[0m [1m6:09[0m 2s/step - accuracy: 0.9094 - auc: 0.9641 - loss: 0.3162 - precision: 0.8710 - recall: 0.9695
[1m  8/155[0m [32m=[0m[37m===================[0m [1m6:06[0m 2s/step - accuracy: 0.9095 - auc: 0.9634 - loss: 0.3177 - precision: 0.8716 - recall: 0.9686
[1m  9/155[0m [32m=[0m[37m===================[0m [1m6:03[0m 2s/step - accuracy: 0.9091 - auc: 0.9629 - loss: 0.3190 - precision: 0.8721 - recall: 0.9673
[1m 10/155[0m [32m=[0m[37m===================[0m [1m6:01[0m 2s/step - accuracy: 0.9091 - auc: 0.9626 - loss: 0.3198 - precision: 0.8726 - recall: 0.9663
[1m 11/155[0m [32m=[0m[37m===================[0m [1m5:58[0m 2s/step - accuracy: 0.9090 - auc: 0.9624 - loss: 0.3205 - precision: 0.8737 - recall: 0.9647
[1m 12/155[0m [32m=[0m[37m===================[0m [1m5:56[0m 2s/step - accuracy: 0.9091 - auc: 0.9623 - loss: 0.3208 - precision: 0.8750 - recall: 0.9634
[1m 13/155[0m [32m=[0m[37m===================[0m [1m5:54[0m 2s/step - accuracy: 0.9091 - auc: 0.9624 - loss: 0.3210 - precision: 0.8759 - recall: 0.9624
[1m 14/155[0m [32m=[0m[37m===================[0m [1m5:51[0m 2s/step - accuracy: 0.9091 - auc: 0.9623 - loss: 0.3213 - precision: 0.8769 - recall: 0.9615
[1m 15/155[0m [32m=[0m[37m===================[0m [1m5:49[0m 2s/step - accuracy: 0.9091 - auc: 0.9624 - loss: 0.3214 - precision: 0.8775 - recall: 0.9610
[1m 16/155[0m [32m==[0m[37m==================[0m [1m5:46[0m 2s/step - accuracy: 0.9092 - auc: 0.9625 - loss: 0.3214 - precision: 0.8781 - recall: 0.9606
[1m 17/155[0m [32m==[0m[37m==================[0m [1m5:43[0m 2s/step - accuracy: 0.9091 - auc: 0.9623 - loss: 0.3218 - precision: 0.8784 - recall: 0.9602
[1m 18/155[0m [32m==[0m[37m==================[0m [1m5:41[0m 2s/step - accuracy: 0.9088 - auc: 0.9621 - loss: 0.3223 - precision: 0.8785 - recall: 0.9597
[1m 19/155[0m [32m==[0m[37m==================[0m [1m5:39[0m 2s/step - accuracy: 0.9085 - auc: 0.9618 - loss: 0.3229 - precision: 0.8784 - recall: 0.9593
[1m 20/155[0m [32m==[0m[37m==================[0m [1m5:37[0m 3s/step - accuracy: 0.9080 - auc: 0.9615 - loss: 0.3236 - precision: 0.8781 - recall: 0.9589
[1m 21/155[0m [32m==[0m[37m==================[0m [1m5:34[0m 2s/step - accuracy: 0.9077 - auc: 0.9612 - loss: 0.3243 - precision: 0.8779 - recall: 0.9586
[1m 22/155[0m [32m==[0m[37m==================[0m [1m5:32[0m 2s/step - accuracy: 0.9073 - auc: 0.9610 - loss: 0.3250 - precision: 0.8776 - recall: 0.9582
[1m 23/155[0m [32m==[0m[37m==================[0m [1m5:29[0m 2s/step - accuracy: 0.9070 - auc: 0.9608 - loss: 0.3255 - precision: 0.8776 - recall: 0.9578
[1m 24/155[0m [32m===[0m[37m=================[0m [1m5:26[0m 2s/step - accuracy: 0.9068 - auc: 0.9606 - loss: 0.3260 - precision: 0.8776 - recall: 0.9574
[1m 25/155[0m [32m===[0m[37m=================[0m [1m5:23[0m 2s/step - accuracy: 0.9065 - auc: 0.9604 - loss: 0.3265 - precision: 0.8776 - recall: 0.9571
[1m 26/155[0m [32m===[0m[37m=================[0m [1m5:21[0m 2s/step - accuracy: 0.9063 - auc: 0.9603 - loss: 0.3270 - precision: 0.8776 - recall: 0.9568
[1m 27/155[0m [32m===[0m[37m=================[0m [1m5:18[0m 2s/step - accuracy: 0.9060 - auc: 0.9601 - loss: 0.3274 - precision: 0.8775 - recall: 0.9566
[1m 28/155[0m [32m===[0m[37m=================[0m [1m5:16[0m 2s/step - accuracy: 0.9058 - auc: 0.9600 - loss: 0.3277 - precision: 0.8774 - recall: 0.9564
[1m 29/155[0m [32m===[0m[37m=================[0m [1m5:13[0m 2s/step - accuracy: 0.9056 - auc: 0.9599 - loss: 0.3279 - precision: 0.8774 - recall: 0.9562
[1m 30/155[0m [32m===[0m[37m=================[0m [1m5:10[0m 2s/step - accuracy: 0.9055 - auc: 0.9599 - loss: 0.3282 - precision: 0.8774 - recall: 0.9560
[1m 31/155[0m [32m====[0m[37m================[0m [1m5:08[0m 2s/step - accuracy: 0.9054 - auc: 0.9598 - loss: 0.3284 - precision: 0.8774 - recall: 0.9559
[1m 32/155[0m [32m====[0m[37m================[0m [1m5:05[0m 2s/step - accuracy: 0.9053 - auc: 0.9598 - loss: 0.3285 - precision: 0.8775 - recall: 0.9558
[1m 33/155[0m [32m====[0m[37m================[0m [1m5:02[0m 2s/step - accuracy: 0.9053 - auc: 0.9598 - loss: 0.3285 - precision: 0.8776 - recall: 0.9557
[1m 34/155[0m [32m====[0m[37m================[0m [1m4:59[0m 2s/step - accuracy: 0.9052 - auc: 0.9598 - loss: 0.3287 - precision: 0.8776 - recall: 0.9556
[1m 35/155[0m [32m====[0m[37m================[0m [1m4:57[0m 2s/step - accuracy: 0.9051 - auc: 0.9597 - loss: 0.3289 - precision: 0.8776 - recall: 0.9555
[1m 36/155[0m [32m====[0m[37m================[0m [1m4:54[0m 2s/step - accuracy: 0.9051 - auc: 0.9597 - loss: 0.3290 - precision: 0.8776 - recall: 0.9554
[1m 37/155[0m [32m====[0m[37m================[0m [1m4:51[0m 2s/step - accuracy: 0.9050 - auc: 0.9597 - loss: 0.3292 - precision: 0.8777 - recall: 0.9553
[1m 38/155[0m [32m====[0m[37m================[0m [1m4:48[0m 2s/step - accuracy: 0.9050 - auc: 0.9596 - loss: 0.3293 - precision: 0.8778 - recall: 0.9552
[1m 39/155[0m [32m=====[0m[37m===============[0m [1m4:46[0m 2s/step - accuracy: 0.9049 - auc: 0.9596 - loss: 0.3294 - precision: 0.8778 - recall: 0.9551
[1m 40/155[0m [32m=====[0m[37m===============[0m [1m4:43[0m 2s/step - accuracy: 0.9049 - auc: 0.9596 - loss: 0.3295 - precision: 0.8779 - recall: 0.9550
[1m 41/155[0m [32m=====[0m[37m===============[0m [1m4:40[0m 2s/step - accuracy: 0.9048 - auc: 0.9596 - loss: 0.3296 - precision: 0.8779 - recall: 0.9549
[1m 42/155[0m [32m=====[0m[37m===============[0m [1m4:38[0m 2s/step - accuracy: 0.9048 - auc: 0.9595 - loss: 0.3297 - precision: 0.8780 - recall: 0.9548
[1m 43/155[0m [32m=====[0m[37m===============[0m [1m4:35[0m 2s/step - accuracy: 0.9048 - auc: 0.9595 - loss: 0.3298 - precision: 0.8780 - recall: 0.9548
[1m 44/155[0m [32m=====[0m[37m===============[0m [1m4:33[0m 2s/step - accuracy: 0.9048 - auc: 0.9595 - loss: 0.3298 - precision: 0.8781 - recall: 0.9547
[1m 45/155[0m [32m=====[0m[37m===============[0m [1m4:30[0m 2s/step - accuracy: 0.9048 - auc: 0.9595 - loss: 0.3298 - precision: 0.8782 - recall: 0.9547
[1m 46/155[0m [32m=====[0m[37m===============[0m [1m4:27[0m 2s/step - accuracy: 0.9048 - auc: 0.9595 - loss: 0.3299 - precision: 0.8783 - recall: 0.9547
[1m 47/155[0m [32m======[0m[37m==============[0m [1m4:25[0m 2s/step - accuracy: 0.9048 - auc: 0.9595 - loss: 0.3299 - precision: 0.8785 - recall: 0.9546
[1m 48/155[0m [32m======[0m[37m==============[0m [1m4:22[0m 2s/step - accuracy: 0.9049 - auc: 0.9595 - loss: 0.3300 - precision: 0.8787 - recall: 0.9545
[1m 49/155[0m [32m======[0m[37m==============[0m [1m4:20[0m 2s/step - accuracy: 0.9049 - auc: 0.9596 - loss: 0.3300 - precision: 0.8789 - recall: 0.9544
[1m 50/155[0m [32m======[0m[37m==============[0m [1m4:17[0m 2s/step - accuracy: 0.9050 - auc: 0.9596 - loss: 0.3300 - precision: 0.8791 - recall: 0.9543
[1m 51/155[0m [32m======[0m[37m==============[0m [1m4:15[0m 2s/step - accuracy: 0.9050 - auc: 0.9596 - loss: 0.3300 - precision: 0.8793 - recall: 0.9542
[1m 52/155[0m [32m======[0m[37m==============[0m [1m4:12[0m 2s/step - accuracy: 0.9051 - auc: 0.9596 - loss: 0.3301 - precision: 0.8795 - recall: 0.9541
[1m 53/155[0m [32m======[0m[37m==============[0m [1m4:10[0m 2s/step - accuracy: 0.9051 - auc: 0.9596 - loss: 0.3301 - precision: 0.8797 - recall: 0.9540
[1m 54/155[0m [32m======[0m[37m==============[0m [1m4:07[0m 2s/step - accuracy: 0.9051 - auc: 0.9596 - loss: 0.3301 - precision: 0.8799 - recall: 0.9539
[1m 55/155[0m [32m=======[0m[37m=============[0m [1m4:04[0m 2s/step - accuracy: 0.9051 - auc: 0.9597 - loss: 0.3302 - precision: 0.8800 - recall: 0.9539
[1m 56/155[0m [32m=======[0m[37m=============[0m [1m4:02[0m 2s/step - accuracy: 0.9052 - auc: 0.9597 - loss: 0.3302 - precision: 0.8801 - recall: 0.9538
[1m 57/155[0m [32m=======[0m[37m=============[0m [1m3:59[0m 2s/step - accuracy: 0.9052 - auc: 0.9597 - loss: 0.3302 - precision: 0.8802 - recall: 0.9537
[1m 58/155[0m [32m=======[0m[37m=============[0m [1m3:57[0m 2s/step - accuracy: 0.9052 - auc: 0.9597 - loss: 0.3303 - precision: 0.8803 - recall: 0.9537
[1m 59/155[0m [32m=======[0m[37m=============[0m [1m3:55[0m 2s/step - accuracy: 0.9052 - auc: 0.9597 - loss: 0.3304 - precision: 0.8803 - recall: 0.9537
[1m 60/155[0m [32m=======[0m[37m=============[0m [1m3:52[0m 2s/step - accuracy: 0.9052 - auc: 0.9597 - loss: 0.3304 - precision: 0.8804 - recall: 0.9536
[1m 61/155[0m [32m=======[0m[37m=============[0m [1m3:50[0m 2s/step - accuracy: 0.9052 - auc: 0.9597 - loss: 0.3305 - precision: 0.8804 - recall: 0.9536
[1m 62/155[0m [32m========[0m[37m============[0m [1m3:47[0m 2s/step - accuracy: 0.9052 - auc: 0.9597 - loss: 0.3305 - precision: 0.8805 - recall: 0.9536
[1m 63/155[0m [32m========[0m[37m============[0m [1m3:45[0m 2s/step - accuracy: 0.9052 - auc: 0.9597 - loss: 0.3305 - precision: 0.8806 - recall: 0.9535
[1m 64/155[0m [32m========[0m[37m============[0m [1m3:42[0m 2s/step - accuracy: 0.9052 - auc: 0.9597 - loss: 0.3305 - precision: 0.8807 - recall: 0.9535
[1m 65/155[0m [32m========[0m[37m============[0m [1m3:40[0m 2s/step - accuracy: 0.9053 - auc: 0.9597 - loss: 0.3305 - precision: 0.8808 - recall: 0.9535
[1m 66/155[0m [32m========[0m[37m============[0m [1m3:37[0m 2s/step - accuracy: 0.9053 - auc: 0.9597 - loss: 0.3306 - precision: 0.8809 - recall: 0.9534
[1m 67/155[0m [32m========[0m[37m============[0m [1m3:35[0m 2s/step - accuracy: 0.9053 - auc: 0.9597 - loss: 0.3306 - precision: 0.8810 - recall: 0.9533
[1m 68/155[0m [32m========[0m[37m============[0m [1m3:33[0m 2s/step - accuracy: 0.9053 - auc: 0.9597 - loss: 0.3306 - precision: 0.8811 - recall: 0.9532
[1m 69/155[0m [32m========[0m[37m============[0m [1m3:30[0m 2s/step - accuracy: 0.9053 - auc: 0.9597 - loss: 0.3307 - precision: 0.8812 - recall: 0.9531
[1m 70/155[0m [32m=========[0m[37m===========[0m [1m3:28[0m 2s/step - accuracy: 0.9053 - auc: 0.9597 - loss: 0.3307 - precision: 0.8813 - recall: 0.9531
[1m 71/155[0m [32m=========[0m[37m===========[0m [1m3:26[0m 2s/step - accuracy: 0.9053 - auc: 0.9597 - loss: 0.3308 - precision: 0.8814 - recall: 0.9530
[1m 72/155[0m [32m=========[0m[37m===========[0m [1m3:24[0m 2s/step - accuracy: 0.9053 - auc: 0.9597 - loss: 0.3309 - precision: 0.8815 - recall: 0.9529
[1m 73/155[0m [32m=========[0m[37m===========[0m [1m3:21[0m 2s/step - accuracy: 0.9053 - auc: 0.9597 - loss: 0.3309 - precision: 0.8816 - recall: 0.9528
[1m 74/155[0m [32m=========[0m[37m===========[0m [1m3:19[0m 2s/step - accuracy: 0.9053 - auc: 0.9596 - loss: 0.3310 - precision: 0.8816 - recall: 0.9528
[1m 75/155[0m [32m=========[0m[37m===========[0m [1m3:17[0m 2s/step - accuracy: 0.9053 - auc: 0.9596 - loss: 0.3311 - precision: 0.8817 - recall: 0.9527
[1m 76/155[0m [32m=========[0m[37m===========[0m [1m3:14[0m 2s/step - accuracy: 0.9053 - auc: 0.9596 - loss: 0.3311 - precision: 0.8818 - recall: 0.9526
[1m 77/155[0m [32m=========[0m[37m===========[0m [1m3:12[0m 2s/step - accuracy: 0.9053 - auc: 0.9596 - loss: 0.3312 - precision: 0.8819 - recall: 0.9526
[1m 78/155[0m [32m==========[0m[37m==========[0m [1m3:10[0m 2s/step - accuracy: 0.9053 - auc: 0.9596 - loss: 0.3312 - precision: 0.8819 - recall: 0.9525
[1m 79/155[0m [32m==========[0m[37m==========[0m [1m3:08[0m 2s/step - accuracy: 0.9053 - auc: 0.9596 - loss: 0.3313 - precision: 0.8820 - recall: 0.9524
[1m 80/155[0m [32m==========[0m[37m==========[0m [1m3:05[0m 2s/step - accuracy: 0.9052 - auc: 0.9595 - loss: 0.3314 - precision: 0.8820 - recall: 0.9524
[1m 81/155[0m [32m==========[0m[37m==========[0m [1m3:03[0m 2s/step - accuracy: 0.9052 - auc: 0.9595 - loss: 0.3315 - precision: 0.8820 - recall: 0.9523
[1m 82/155[0m [32m==========[0m[37m==========[0m [1m3:00[0m 2s/step - accuracy: 0.9052 - auc: 0.9595 - loss: 0.3316 - precision: 0.8820 - recall: 0.9522
[1m 83/155[0m [32m==========[0m[37m==========[0m [1m2:58[0m 2s/step - accuracy: 0.9051 - auc: 0.9594 - loss: 0.3317 - precision: 0.8819 - recall: 0.9522
[1m 84/155[0m [32m==========[0m[37m==========[0m [1m2:56[0m 2s/step - accuracy: 0.9051 - auc: 0.9594 - loss: 0.3318 - precision: 0.8819 - recall: 0.9521
[1m 85/155[0m [32m==========[0m[37m==========[0m [1m2:53[0m 2s/step - accuracy: 0.9050 - auc: 0.9594 - loss: 0.3319 - precision: 0.8819 - recall: 0.9520
[1m 86/155[0m [32m===========[0m[37m=========[0m [1m2:51[0m 2s/step - accuracy: 0.9050 - auc: 0.9593 - loss: 0.3320 - precision: 0.8819 - recall: 0.9520
[1m 87/155[0m [32m===========[0m[37m=========[0m [1m2:48[0m 2s/step - accuracy: 0.9049 - auc: 0.9593 - loss: 0.3321 - precision: 0.8819 - recall: 0.9519
[1m 88/155[0m [32m===========[0m[37m=========[0m [1m2:46[0m 2s/step - accuracy: 0.9049 - auc: 0.9593 - loss: 0.3322 - precision: 0.8819 - recall: 0.9519
[1m 89/155[0m [32m===========[0m[37m=========[0m [1m2:43[0m 2s/step - accuracy: 0.9049 - auc: 0.9593 - loss: 0.3323 - precision: 0.8819 - recall: 0.9519
[1m 90/155[0m [32m===========[0m[37m=========[0m [1m2:41[0m 2s/step - accuracy: 0.9049 - auc: 0.9592 - loss: 0.3324 - precision: 0.8819 - recall: 0.9518
[1m 91/155[0m [32m===========[0m[37m=========[0m [1m2:39[0m 2s/step - accuracy: 0.9049 - auc: 0.9592 - loss: 0.3324 - precision: 0.8819 - recall: 0.9518
[1m 92/155[0m [32m===========[0m[37m=========[0m [1m2:36[0m 2s/step - accuracy: 0.9049 - auc: 0.9592 - loss: 0.3325 - precision: 0.8820 - recall: 0.9518
[1m 93/155[0m [32m============[0m[37m========[0m [1m2:34[0m 2s/step - accuracy: 0.9048 - auc: 0.9592 - loss: 0.3325 - precision: 0.8820 - recall: 0.9517
[1m 94/155[0m [32m============[0m[37m========[0m [1m2:32[0m 2s/step - accuracy: 0.9048 - auc: 0.9592 - loss: 0.3326 - precision: 0.8820 - recall: 0.9517
[1m 95/155[0m [32m============[0m[37m========[0m [1m2:29[0m 2s/step - accuracy: 0.9048 - auc: 0.9591 - loss: 0.3326 - precision: 0.8820 - recall: 0.9517
[1m 96/155[0m [32m============[0m[37m========[0m [1m2:27[0m 2s/step - accuracy: 0.9048 - auc: 0.9591 - loss: 0.3327 - precision: 0.8820 - recall: 0.9516
[1m 97/155[0m [32m============[0m[37m========[0m [1m2:24[0m 2s/step - accuracy: 0.9048 - auc: 0.9591 - loss: 0.3327 - precision: 0.8820 - recall: 0.9516
[1m 98/155[0m [32m============[0m[37m========[0m [1m2:22[0m 2s/step - accuracy: 0.9048 - auc: 0.9591 - loss: 0.3328 - precision: 0.8820 - recall: 0.9515
[1m 99/155[0m [32m============[0m[37m========[0m [1m2:19[0m 2s/step - accuracy: 0.9048 - auc: 0.9591 - loss: 0.3328 - precision: 0.8820 - recall: 0.9515
[1m100/155[0m [32m============[0m[37m========[0m [1m2:17[0m 2s/step - accuracy: 0.9048 - auc: 0.9591 - loss: 0.3329 - precision: 0.8821 - recall: 0.9515
[1m101/155[0m [32m=============[0m[37m=======[0m [1m2:15[0m 3s/step - accuracy: 0.9048 - auc: 0.9591 - loss: 0.3329 - precision: 0.8821 - recall: 0.9514
[1m102/155[0m [32m=============[0m[37m=======[0m [1m2:12[0m 3s/step - accuracy: 0.9048 - auc: 0.9591 - loss: 0.3329 - precision: 0.8821 - recall: 0.9514
[1m103/155[0m [32m=============[0m[37m=======[0m [1m2:10[0m 3s/step - accuracy: 0.9048 - auc: 0.9591 - loss: 0.3329 - precision: 0.8822 - recall: 0.9514
[1m104/155[0m [32m=============[0m[37m=======[0m [1m2:07[0m 3s/step - accuracy: 0.9048 - auc: 0.9591 - loss: 0.3329 - precision: 0.8822 - recall: 0.9514
[1m105/155[0m [32m=============[0m[37m=======[0m [1m2:05[0m 3s/step - accuracy: 0.9048 - auc: 0.9591 - loss: 0.3329 - precision: 0.8822 - recall: 0.9513
[1m106/155[0m [32m=============[0m[37m=======[0m [1m2:02[0m 3s/step - accuracy: 0.9048 - auc: 0.9591 - loss: 0.3329 - precision: 0.8823 - recall: 0.9513
[1m107/155[0m [32m=============[0m[37m=======[0m [1m2:00[0m 3s/step - accuracy: 0.9048 - auc: 0.9591 - loss: 0.3330 - precision: 0.8823 - recall: 0.9513
[1m108/155[0m [32m=============[0m[37m=======[0m [1m1:57[0m 3s/step - accuracy: 0.9048 - auc: 0.9591 - loss: 0.3330 - precision: 0.8823 - recall: 0.9512
[1m109/155[0m [32m==============[0m[37m======[0m [1m1:55[0m 3s/step - accuracy: 0.9048 - auc: 0.9591 - loss: 0.3330 - precision: 0.8824 - recall: 0.9512
[1m110/155[0m [32m==============[0m[37m======[0m [1m1:53[0m 3s/step - accuracy: 0.9048 - auc: 0.9591 - loss: 0.3330 - precision: 0.8824 - recall: 0.9512
[1m111/155[0m [32m==============[0m[37m======[0m [1m1:50[0m 3s/step - accuracy: 0.9048 - auc: 0.9591 - loss: 0.3330 - precision: 0.8824 - recall: 0.9511
[1m112/155[0m [32m==============[0m[37m======[0m [1m1:47[0m 3s/step - accuracy: 0.9048 - auc: 0.9591 - loss: 0.3330 - precision: 0.8824 - recall: 0.9511
[1m113/155[0m [32m==============[0m[37m======[0m [1m1:45[0m 3s/step - accuracy: 0.9048 - auc: 0.9591 - loss: 0.3330 - precision: 0.8825 - recall: 0.9511
[1m114/155[0m [32m==============[0m[37m======[0m [1m1:43[0m 3s/step - accuracy: 0.9048 - auc: 0.9591 - loss: 0.3330 - precision: 0.8825 - recall: 0.9511
[1m115/155[0m [32m==============[0m[37m======[0m [1m1:40[0m 3s/step - accuracy: 0.9048 - auc: 0.9591 - loss: 0.3330 - precision: 0.8825 - recall: 0.9511
[1m116/155[0m [32m==============[0m[37m======[0m [1m1:37[0m 3s/step - accuracy: 0.9048 - auc: 0.9591 - loss: 0.3330 - precision: 0.8825 - recall: 0.9510
[1m117/155[0m [32m===============[0m[37m=====[0m [1m1:35[0m 3s/step - accuracy: 0.9048 - auc: 0.9592 - loss: 0.3330 - precision: 0.8826 - recall: 0.9510
[1m118/155[0m [32m===============[0m[37m=====[0m [1m1:32[0m 3s/step - accuracy: 0.9048 - auc: 0.9592 - loss: 0.3329 - precision: 0.8826 - recall: 0.9510
[1m119/155[0m [32m===============[0m[37m=====[0m [1m1:30[0m 3s/step - accuracy: 0.9048 - auc: 0.9592 - loss: 0.3329 - precision: 0.8826 - recall: 0.9510
[1m120/155[0m [32m===============[0m[37m=====[0m [1m1:28[0m 3s/step - accuracy: 0.9049 - auc: 0.9592 - loss: 0.3329 - precision: 0.8827 - recall: 0.9510
[1m121/155[0m [32m===============[0m[37m=====[0m [1m1:25[0m 3s/step - accuracy: 0.9049 - auc: 0.9592 - loss: 0.3329 - precision: 0.8827 - recall: 0.9510
[1m122/155[0m [32m===============[0m[37m=====[0m [1m1:23[0m 3s/step - accuracy: 0.9049 - auc: 0.9592 - loss: 0.3328 - precision: 0.8827 - recall: 0.9510
[1m123/155[0m [32m===============[0m[37m=====[0m [1m1:20[0m 3s/step - accuracy: 0.9049 - auc: 0.9593 - loss: 0.3328 - precision: 0.8828 - recall: 0.9510
[1m124/155[0m [32m================[0m[37m====[0m [1m1:17[0m 3s/step - accuracy: 0.9049 - auc: 0.9593 - loss: 0.3328 - precision: 0.8828 - recall: 0.9509
[1m125/155[0m [32m================[0m[37m====[0m [1m1:15[0m 3s/step - accuracy: 0.9050 - auc: 0.9593 - loss: 0.3327 - precision: 0.8829 - recall: 0.9509
[1m126/155[0m [32m================[0m[37m====[0m [1m1:12[0m 3s/step - accuracy: 0.9050 - auc: 0.9593 - loss: 0.3327 - precision: 0.8829 - recall: 0.9509
[1m127/155[0m [32m================[0m[37m====[0m [1m1:10[0m 3s/step - accuracy: 0.9050 - auc: 0.9593 - loss: 0.3327 - precision: 0.8829 - recall: 0.9509
[1m128/155[0m [32m================[0m[37m====[0m [1m1:07[0m 3s/step - accuracy: 0.9050 - auc: 0.9593 - loss: 0.3326 - precision: 0.8830 - recall: 0.9509
[1m129/155[0m [32m================[0m[37m====[0m [1m1:05[0m 3s/step - accuracy: 0.9050 - auc: 0.9594 - loss: 0.3326 - precision: 0.8830 - recall: 0.9509
[1m130/155[0m [32m================[0m[37m====[0m [1m1:02[0m 3s/step - accuracy: 0.9051 - auc: 0.9594 - loss: 0.3326 - precision: 0.8831 - recall: 0.9509
[1m131/155[0m [32m================[0m[37m====[0m [1m1:00[0m 3s/step - accuracy: 0.9051 - auc: 0.9594 - loss: 0.3325 - precision: 0.8831 - recall: 0.9509
[1m132/155[0m [32m=================[0m[37m===[0m [1m57s[0m 3s/step - accuracy: 0.9051 - auc: 0.9594 - loss: 0.3325 - precision: 0.8832 - recall: 0.9509 
[1m133/155[0m [32m=================[0m[37m===[0m [1m55s[0m 3s/step - accuracy: 0.9052 - auc: 0.9594 - loss: 0.3324 - precision: 0.8832 - recall: 0.9509
[1m134/155[0m [32m=================[0m[37m===[0m [1m52s[0m 3s/step - accuracy: 0.9052 - auc: 0.9595 - loss: 0.3324 - precision: 0.8833 - recall: 0.9509
[1m135/155[0m [32m=================[0m[37m===[0m [1m50s[0m 3s/step - accuracy: 0.9053 - auc: 0.9595 - loss: 0.3323 - precision: 0.8833 - recall: 0.9509
[1m136/155[0m [32m=================[0m[37m===[0m [1m47s[0m 3s/step - accuracy: 0.9053 - auc: 0.9595 - loss: 0.3323 - precision: 0.8834 - recall: 0.9509
[1m137/155[0m [32m=================[0m[37m===[0m [1m45s[0m 3s/step - accuracy: 0.9053 - auc: 0.9595 - loss: 0.3322 - precision: 0.8835 - recall: 0.9509
[1m138/155[0m [32m=================[0m[37m===[0m [1m42s[0m 3s/step - accuracy: 0.9054 - auc: 0.9596 - loss: 0.3322 - precision: 0.8835 - recall: 0.9509
[1m139/155[0m [32m=================[0m[37m===[0m [1m40s[0m 3s/step - accuracy: 0.9054 - auc: 0.9596 - loss: 0.3321 - precision: 0.8836 - recall: 0.9509
[1m140/155[0m [32m==================[0m[37m==[0m [1m37s[0m 3s/step - accuracy: 0.9055 - auc: 0.9596 - loss: 0.3321 - precision: 0.8836 - recall: 0.9510
[1m141/155[0m [32m==================[0m[37m==[0m [1m35s[0m 3s/step - accuracy: 0.9055 - auc: 0.9596 - loss: 0.3320 - precision: 0.8837 - recall: 0.9510
[1m142/155[0m [32m==================[0m[37m==[0m [1m32s[0m 3s/step - accuracy: 0.9055 - auc: 0.9597 - loss: 0.3320 - precision: 0.8838 - recall: 0.9510
[1m143/155[0m [32m==================[0m[37m==[0m [1m30s[0m 3s/step - accuracy: 0.9056 - auc: 0.9597 - loss: 0.3319 - precision: 0.8838 - recall: 0.9510
[1m144/155[0m [32m==================[0m[37m==[0m [1m27s[0m 3s/step - accuracy: 0.9056 - auc: 0.9597 - loss: 0.3319 - precision: 0.8839 - recall: 0.9510
[1m145/155[0m [32m==================[0m[37m==[0m [1m25s[0m 3s/step - accuracy: 0.9056 - auc: 0.9597 - loss: 0.3318 - precision: 0.8839 - recall: 0.9510
[1m146/155[0m [32m==================[0m[37m==[0m [1m22s[0m 3s/step - accuracy: 0.9057 - auc: 0.9597 - loss: 0.3318 - precision: 0.8840 - recall: 0.9510
[1m147/155[0m [32m==================[0m[37m==[0m [1m20s[0m 3s/step - accuracy: 0.9057 - auc: 0.9597 - loss: 0.3318 - precision: 0.8840 - recall: 0.95102026-05-14 07:48:58.508705: I tensorflow/core/kernels/data/shuffle_dataset_op.cc:453] ShuffleDatasetV3:7: Filling up shuffle buffer (this may take a while): 267 of 1024

[1m148/155[0m [32m===================[0m[37m=[0m [1m17s[0m 3s/step - accuracy: 0.9057 - auc: 0.9598 - loss: 0.3317 - precision: 0.8840 - recall: 0.9510
[1m149/155[0m [32m===================[0m[37m=[0m [1m15s[0m 3s/step - accuracy: 0.9058 - auc: 0.9598 - loss: 0.3317 - precision: 0.8841 - recall: 0.9510
[1m150/155[0m [32m===================[0m[37m=[0m [1m12s[0m 3s/step - accuracy: 0.9058 - auc: 0.9598 - loss: 0.3316 - precision: 0.8841 - recall: 0.9511
[1m151/155[0m [32m===================[0m[37m=[0m [1m10s[0m 3s/step - accuracy: 0.9058 - auc: 0.9598 - loss: 0.3316 - precision: 0.8842 - recall: 0.95112026-05-14 07:49:08.587184: I tensorflow/core/kernels/data/shuffle_dataset_op.cc:453] ShuffleDatasetV3:7: Filling up shuffle buffer (this may take a while): 496 of 1024

[1m152/155[0m [32m===================[0m[37m=[0m [1m7s[0m 3s/step - accuracy: 0.9058 - auc: 0.9598 - loss: 0.3316 - precision: 0.8842 - recall: 0.9511 
[1m153/155[0m [32m===================[0m[37m=[0m [1m5s[0m 3s/step - accuracy: 0.9059 - auc: 0.9598 - loss: 0.3315 - precision: 0.8842 - recall: 0.9511
[1m154/155[0m [32m===================[0m[37m=[0m [1m2s[0m 3s/step - accuracy: 0.9059 - auc: 0.9599 - loss: 0.3315 - precision: 0.8842 - recall: 0.9511
[1m155/155[0m [32m====================[0m[37m[0m [1m0s[0m 3s/step - accuracy: 0.9059 - auc: 0.9599 - loss: 0.3315 - precision: 0.8843 - recall: 0.95112026-05-14 07:49:20.770429: I tensorflow/core/kernels/data/shuffle_dataset_op.cc:483] Shuffle buffer filled.

Epoch 9: val_auc did not improve from 0.94825

[1m155/155[0m [32m====================[0m[37m[0m [1m412s[0m 3s/step - accuracy: 0.9096 - auc: 0.9618 - loss: 0.3269 - precision: 0.8888 - recall: 0.9527 - val_accuracy: 0.8229 - val_auc: 0.9305 - val_loss: 0.4388 - val_precision: 0.9221 - val_recall: 0.7732 - learning_rate: 1.0000e-04
Epoch 10/30

[1m  1/155[0m [37m====================[0m [1m6:22[0m 2s/step - accuracy: 0.9375 - auc: 0.9680 - loss: 0.3030 - precision: 0.9429 - recall: 0.9429
[1m  2/155[0m [37m====================[0m [1m6:28[0m 3s/step - accuracy: 0.9375 - auc: 0.9658 - loss: 0.3065 - precision: 0.9416 - recall: 0.9416
[1m  3/155[0m [37m====================[0m [1m6:20[0m 3s/step - accuracy: 0.9306 - auc: 0.9637 - loss: 0.3144 - precision: 0.9280 - recall: 0.9404
[1m  4/155[0m [37m====================[0m [1m6:18[0m 3s/step - accuracy: 0.9255 - auc: 0.9631 - loss: 0.3183 - precision: 0.9205 - recall: 0.9383
[1m  5/155[0m [37m====================[0m [1m6:12[0m 2s/step - accuracy: 0.9216 - auc: 0.9629 - loss: 0.3211 - precision: 0.9159 - recall: 0.9365
[1m  6/155[0m [37m====================[0m [1m6:09[0m 2s/step - accuracy: 0.9195 - auc: 0.9635 - loss: 0.3213 - precision: 0.9140 - recall: 0.9348
[1m  7/155[0m [37m====================[0m [1m6:05[0m 2s/step - accuracy: 0.9189 - auc: 0.9645 - loss: 0.3201 - precision: 0.9138 - recall: 0.9339
[1m  8/155[0m [32m=[0m[37m===================[0m [1m6:03[0m 2s/step - accuracy: 0.9188 - auc: 0.9652 - loss: 0.3196 - precision: 0.9144 - recall: 0.9336
[1m  9/155[0m [32m=[0m[37m===================[0m [1m5:59[0m 2s/step - accuracy: 0.9185 - auc: 0.9657 - loss: 0.3192 - precision: 0.9145 - recall: 0.9335
[1m 10/155[0m [32m=[0m[37m===================[0m [1m5:58[0m 2s/step - accuracy: 0.9184 - auc: 0.9662 - loss: 0.3189 - precision: 0.9152 - recall: 0.9331
[1m 11/155[0m [32m=[0m[37m===================[0m [1m5:55[0m 2s/step - accuracy: 0.9183 - auc: 0.9667 - loss: 0.3183 - precision: 0.9152 - recall: 0.9332
[1m 12/155[0m [32m=[0m[37m===================[0m [1m5:52[0m 2s/step - accuracy: 0.9183 - auc: 0.9670 - loss: 0.3179 - precision: 0.9153 - recall: 0.9334
[1m 13/155[0m [32m=[0m[37m===================[0m [1m5:50[0m 2s/step - accuracy: 0.9187 - auc: 0.9675 - loss: 0.3170 - precision: 0.9159 - recall: 0.9339
[1m 14/155[0m [32m=[0m[37m===================[0m [1m5:48[0m 2s/step - accuracy: 0.9191 - auc: 0.9678 - loss: 0.3161 - precision: 0.9163 - recall: 0.9345
[1m 15/155[0m [32m=[0m[37m===================[0m [1m5:45[0m 2s/step - accuracy: 0.9195 - auc: 0.9679 - loss: 0.3155 - precision: 0.9165 - recall: 0.9352
[1m 16/155[0m [32m==[0m[37m==================[0m [1m5:43[0m 2s/step - accuracy: 0.9198 - auc: 0.9679 - loss: 0.3150 - precision: 0.9166 - recall: 0.9360
[1m 17/155[0m [32m==[0m[37m==================[0m [1m5:40[0m 2s/step - accuracy: 0.9203 - auc: 0.9680 - loss: 0.3144 - precision: 0.9168 - recall: 0.9370
[1m 18/155[0m [32m==[0m[37m==================[0m [1m5:37[0m 2s/step - accuracy: 0.9205 - auc: 0.9680 - loss: 0.3139 - precision: 0.9168 - recall: 0.9377
[1m 19/155[0m [32m==[0m[37m==================[0m [1m5:34[0m 2s/step - accuracy: 0.9205 - auc: 0.9680 - loss: 0.3136 - precision: 0.9166 - recall: 0.9382
[1m 20/155[0m [32m==[0m[37m==================[0m [1m5:32[0m 2s/step - accuracy: 0.9206 - auc: 0.9680 - loss: 0.3133 - precision: 0.9163 - recall: 0.9388
[1m 21/155[0m [32m==[0m[37m==================[0m [1m5:30[0m 2s/step - accuracy: 0.9206 - auc: 0.9681 - loss: 0.3128 - precision: 0.9160 - recall: 0.9395
[1m 22/155[0m [32m==[0m[37m==================[0m [1m5:27[0m 2s/step - accuracy: 0.9206 - auc: 0.9681 - loss: 0.3127 - precision: 0.9154 - recall: 0.9401
[1m 23/155[0m [32m==[0m[37m==================[0m [1m5:25[0m 2s/step - accuracy: 0.9204 - auc: 0.9679 - loss: 0.3127 - precision: 0.9148 - recall: 0.9405
[1m 24/155[0m [32m===[0m[37m=================[0m [1m5:23[0m 2s/step - accuracy: 0.9201 - auc: 0.9679 - loss: 0.3127 - precision: 0.9142 - recall: 0.9409
[1m 25/155[0m [32m===[0m[37m=================[0m [1m5:20[0m 2s/step - accuracy: 0.9199 - auc: 0.9678 - loss: 0.3127 - precision: 0.9137 - recall: 0.9411
[1m 26/155[0m [32m===[0m[37m=================[0m [1m5:18[0m 2s/step - accuracy: 0.9196 - auc: 0.9678 - loss: 0.3126 - precision: 0.9132 - recall: 0.9413
[1m 27/155[0m [32m===[0m[37m=================[0m [1m5:16[0m 2s/step - accuracy: 0.9194 - auc: 0.9678 - loss: 0.3124 - precision: 0.9128 - recall: 0.9416
[1m 28/155[0m [32m===[0m[37m=================[0m [1m5:13[0m 2s/step - accuracy: 0.9193 - auc: 0.9679 - loss: 0.3122 - precision: 0.9125 - recall: 0.9417
[1m 29/155[0m [32m===[0m[37m=================[0m [1m5:11[0m 2s/step - accuracy: 0.9192 - auc: 0.9678 - loss: 0.3122 - precision: 0.9122 - recall: 0.9419
[1m 30/155[0m [32m===[0m[37m=================[0m [1m5:09[0m 2s/step - accuracy: 0.9190 - auc: 0.9679 - loss: 0.3120 - precision: 0.9120 - recall: 0.9420
[1m 31/155[0m [32m====[0m[37m================[0m [1m5:06[0m 2s/step - accuracy: 0.9189 - auc: 0.9678 - loss: 0.3119 - precision: 0.9117 - recall: 0.9422
[1m 32/155[0m [32m====[0m[37m================[0m [1m5:04[0m 2s/step - accuracy: 0.9188 - auc: 0.9678 - loss: 0.3118 - precision: 0.9115 - recall: 0.9423
[1m 33/155[0m [32m====[0m[37m================[0m [1m5:01[0m 2s/step - accuracy: 0.9186 - auc: 0.9678 - loss: 0.3118 - precision: 0.9111 - recall: 0.9425
[1m 34/155[0m [32m====[0m[37m================[0m [1m4:59[0m 2s/step - accuracy: 0.9185 - auc: 0.9677 - loss: 0.3118 - precision: 0.9107 - recall: 0.9427
[1m 35/155[0m [32m====[0m[37m================[0m [1m4:56[0m 2s/step - accuracy: 0.9183 - auc: 0.9677 - loss: 0.3118 - precision: 0.9103 - recall: 0.9429
[1m 36/155[0m [32m====[0m[37m================[0m [1m4:54[0m 2s/step - accuracy: 0.9181 - auc: 0.9676 - loss: 0.3118 - precision: 0.9100 - recall: 0.9431
[1m 37/155[0m [32m====[0m[37m================[0m [1m4:51[0m 2s/step - accuracy: 0.9180 - auc: 0.9676 - loss: 0.3118 - precision: 0.9097 - recall: 0.9433
[1m 38/155[0m [32m====[0m[37m================[0m [1m4:49[0m 2s/step - accuracy: 0.9179 - auc: 0.9676 - loss: 0.3118 - precision: 0.9094 - recall: 0.9435
[1m 39/155[0m [32m=====[0m[37m===============[0m [1m4:46[0m 2s/step - accuracy: 0.9177 - auc: 0.9676 - loss: 0.3118 - precision: 0.9091 - recall: 0.9436
[1m 40/155[0m [32m=====[0m[37m===============[0m [1m4:43[0m 2s/step - accuracy: 0.9176 - auc: 0.9676 - loss: 0.3118 - precision: 0.9089 - recall: 0.9438
[1m 41/155[0m [32m=====[0m[37m===============[0m [1m4:41[0m 2s/step - accuracy: 0.9175 - auc: 0.9676 - loss: 0.3118 - precision: 0.9086 - recall: 0.9439
[1m 42/155[0m [32m=====[0m[37m===============[0m [1m4:39[0m 2s/step - accuracy: 0.9174 - auc: 0.9676 - loss: 0.3117 - precision: 0.9084 - recall: 0.9441
[1m 43/155[0m [32m=====[0m[37m===============[0m [1m4:36[0m 2s/step - accuracy: 0.9174 - auc: 0.9676 - loss: 0.3117 - precision: 0.9082 - recall: 0.9443
[1m 44/155[0m [32m=====[0m[37m===============[0m [1m4:34[0m 2s/step - accuracy: 0.9173 - auc: 0.9676 - loss: 0.3116 - precision: 0.9080 - recall: 0.9444
[1m 45/155[0m [32m=====[0m[37m===============[0m [1m4:31[0m 2s/step - accuracy: 0.9172 - auc: 0.9676 - loss: 0.3116 - precision: 0.9078 - recall: 0.9445
[1m 46/155[0m [32m=====[0m[37m===============[0m [1m4:29[0m 2s/step - accuracy: 0.9171 - auc: 0.9676 - loss: 0.3115 - precision: 0.9076 - recall: 0.9447
[1m 47/155[0m [32m======[0m[37m==============[0m [1m4:26[0m 2s/step - accuracy: 0.9170 - auc: 0.9676 - loss: 0.3115 - precision: 0.9074 - recall: 0.9448
[1m 48/155[0m [32m======[0m[37m==============[0m [1m4:24[0m 2s/step - accuracy: 0.9169 - auc: 0.9676 - loss: 0.3116 - precision: 0.9071 - recall: 0.9449
[1m 49/155[0m [32m======[0m[37m==============[0m [1m4:21[0m 2s/step - accuracy: 0.9168 - auc: 0.9676 - loss: 0.3116 - precision: 0.9069 - recall: 0.9450
[1m 50/155[0m [32m======[0m[37m==============[0m [1m4:19[0m 2s/step - accuracy: 0.9166 - auc: 0.9676 - loss: 0.3117 - precision: 0.9066 - recall: 0.9451
[1m 51/155[0m [32m======[0m[37m==============[0m [1m4:16[0m 2s/step - accuracy: 0.9165 - auc: 0.9675 - loss: 0.3117 - precision: 0.9064 - recall: 0.9452
[1m 52/155[0m [32m======[0m[37m==============[0m [1m4:14[0m 2s/step - accuracy: 0.9164 - auc: 0.9675 - loss: 0.3118 - precision: 0.9061 - recall: 0.9452
[1m 53/155[0m [32m======[0m[37m==============[0m [1m4:12[0m 2s/step - accuracy: 0.9163 - auc: 0.9675 - loss: 0.3118 - precision: 0.9059 - recall: 0.9453
[1m 54/155[0m [32m======[0m[37m==============[0m [1m4:09[0m 2s/step - accuracy: 0.9162 - auc: 0.9675 - loss: 0.3118 - precision: 0.9057 - recall: 0.9454
[1m 55/155[0m [32m=======[0m[37m=============[0m [1m4:06[0m 2s/step - accuracy: 0.9161 - auc: 0.9675 - loss: 0.3118 - precision: 0.9054 - recall: 0.9455
[1m 56/155[0m [32m=======[0m[37m=============[0m [1m4:04[0m 2s/step - accuracy: 0.9160 - auc: 0.9675 - loss: 0.3118 - precision: 0.9052 - recall: 0.9456
[1m 57/155[0m [32m=======[0m[37m=============[0m [1m4:01[0m 2s/step - accuracy: 0.9159 - auc: 0.9675 - loss: 0.3118 - precision: 0.9050 - recall: 0.9457
[1m 58/155[0m [32m=======[0m[37m=============[0m [1m3:59[0m 2s/step - accuracy: 0.9158 - auc: 0.9675 - loss: 0.3118 - precision: 0.9047 - recall: 0.9458
[1m 59/155[0m [32m=======[0m[37m=============[0m [1m3:56[0m 2s/step - accuracy: 0.9157 - auc: 0.9675 - loss: 0.3119 - precision: 0.9045 - recall: 0.9459
[1m 60/155[0m [32m=======[0m[37m=============[0m [1m3:54[0m 2s/step - accuracy: 0.9156 - auc: 0.9675 - loss: 0.3119 - precision: 0.9043 - recall: 0.9460
[1m 61/155[0m [32m=======[0m[37m=============[0m [1m3:51[0m 2s/step - accuracy: 0.9155 - auc: 0.9675 - loss: 0.3119 - precision: 0.9041 - recall: 0.9460
[1m 62/155[0m [32m========[0m[37m============[0m [1m3:49[0m 2s/step - accuracy: 0.9154 - auc: 0.9675 - loss: 0.3120 - precision: 0.9039 - recall: 0.9460
[1m 63/155[0m [32m========[0m[37m============[0m [1m3:47[0m 2s/step - accuracy: 0.9154 - auc: 0.9675 - loss: 0.3120 - precision: 0.9038 - recall: 0.9461
[1m 64/155[0m [32m========[0m[37m============[0m [1m3:44[0m 2s/step - accuracy: 0.9153 - auc: 0.9675 - loss: 0.3121 - precision: 0.9036 - recall: 0.9461
[1m 65/155[0m [32m========[0m[37m============[0m [1m3:41[0m 2s/step - accuracy: 0.9152 - auc: 0.9675 - loss: 0.3121 - precision: 0.9034 - recall: 0.9461
[1m 66/155[0m [32m========[0m[37m============[0m [1m3:39[0m 2s/step - accuracy: 0.9151 - auc: 0.9675 - loss: 0.3121 - precision: 0.9033 - recall: 0.9462
[1m 67/155[0m [32m========[0m[37m============[0m [1m3:36[0m 2s/step - accuracy: 0.9151 - auc: 0.9675 - loss: 0.3122 - precision: 0.9031 - recall: 0.9462
[1m 68/155[0m [32m========[0m[37m============[0m [1m3:34[0m 2s/step - accuracy: 0.9150 - auc: 0.9675 - loss: 0.3122 - precision: 0.9030 - recall: 0.9462
[1m 69/155[0m [32m========[0m[37m============[0m [1m3:31[0m 2s/step - accuracy: 0.9149 - auc: 0.9675 - loss: 0.3123 - precision: 0.9029 - recall: 0.9462
[1m 70/155[0m [32m=========[0m[37m===========[0m [1m3:29[0m 2s/step - accuracy: 0.9148 - auc: 0.9674 - loss: 0.3124 - precision: 0.9028 - recall: 0.9463
[1m 71/155[0m [32m=========[0m[37m===========[0m [1m3:26[0m 2s/step - accuracy: 0.9148 - auc: 0.9674 - loss: 0.3124 - precision: 0.9027 - recall: 0.9463
[1m 72/155[0m [32m=========[0m[37m===========[0m [1m3:24[0m 2s/step - accuracy: 0.9147 - auc: 0.9674 - loss: 0.3124 - precision: 0.9026 - recall: 0.9463
[1m 73/155[0m [32m=========[0m[37m===========[0m [1m3:21[0m 2s/step - accuracy: 0.9147 - auc: 0.9674 - loss: 0.3125 - precision: 0.9025 - recall: 0.9463
[1m 74/155[0m [32m=========[0m[37m===========[0m [1m3:19[0m 2s/step - accuracy: 0.9146 - auc: 0.9674 - loss: 0.3125 - precision: 0.9024 - recall: 0.9463
[1m 75/155[0m [32m=========[0m[37m===========[0m [1m3:16[0m 2s/step - accuracy: 0.9146 - auc: 0.9674 - loss: 0.3125 - precision: 0.9023 - recall: 0.9463
[1m 76/155[0m [32m=========[0m[37m===========[0m [1m3:14[0m 2s/step - accuracy: 0.9145 - auc: 0.9674 - loss: 0.3126 - precision: 0.9022 - recall: 0.9463
[1m 77/155[0m [32m=========[0m[37m===========[0m [1m3:11[0m 2s/step - accuracy: 0.9145 - auc: 0.9674 - loss: 0.3126 - precision: 0.9022 - recall: 0.9463
[1m 78/155[0m [32m==========[0m[37m==========[0m [1m3:09[0m 2s/step - accuracy: 0.9144 - auc: 0.9674 - loss: 0.3126 - precision: 0.9021 - recall: 0.9463
[1m 79/155[0m [32m==========[0m[37m==========[0m [1m3:06[0m 2s/step - accuracy: 0.9144 - auc: 0.9674 - loss: 0.3127 - precision: 0.9020 - recall: 0.9463
[1m 80/155[0m [32m==========[0m[37m==========[0m [1m3:04[0m 2s/step - accuracy: 0.9143 - auc: 0.9674 - loss: 0.3127 - precision: 0.9019 - recall: 0.9464
[1m 81/155[0m [32m==========[0m[37m==========[0m [1m3:01[0m 2s/step - accuracy: 0.9143 - auc: 0.9673 - loss: 0.3127 - precision: 0.9018 - recall: 0.9464
[1m 82/155[0m [32m==========[0m[37m==========[0m [1m2:59[0m 2s/step - accuracy: 0.9142 - auc: 0.9673 - loss: 0.3128 - precision: 0.9017 - recall: 0.9464
[1m 83/155[0m [32m==========[0m[37m==========[0m [1m2:56[0m 2s/step - accuracy: 0.9142 - auc: 0.9673 - loss: 0.3128 - precision: 0.9016 - recall: 0.9465
[1m 84/155[0m [32m==========[0m[37m==========[0m [1m2:54[0m 2s/step - accuracy: 0.9142 - auc: 0.9673 - loss: 0.3129 - precision: 0.9016 - recall: 0.9465
[1m 85/155[0m [32m==========[0m[37m==========[0m [1m2:52[0m 2s/step - accuracy: 0.9141 - auc: 0.9673 - loss: 0.3129 - precision: 0.9015 - recall: 0.9465
[1m 86/155[0m [32m===========[0m[37m=========[0m [1m2:49[0m 2s/step - accuracy: 0.9141 - auc: 0.9673 - loss: 0.3130 - precision: 0.9014 - recall: 0.9466
[1m 87/155[0m [32m===========[0m[37m=========[0m [1m2:47[0m 2s/step - accuracy: 0.9140 - auc: 0.9673 - loss: 0.3130 - precision: 0.9013 - recall: 0.9466
[1m 88/155[0m [32m===========[0m[37m=========[0m [1m2:44[0m 2s/step - accuracy: 0.9140 - auc: 0.9673 - loss: 0.3130 - precision: 0.9011 - recall: 0.9467
[1m 89/155[0m [32m===========[0m[37m=========[0m [1m2:42[0m 2s/step - accuracy: 0.9139 - auc: 0.9673 - loss: 0.3131 - precision: 0.9010 - recall: 0.9467
[1m 90/155[0m [32m===========[0m[37m=========[0m [1m2:39[0m 2s/step - accuracy: 0.9139 - auc: 0.9672 - loss: 0.3131 - precision: 0.9009 - recall: 0.9467
[1m 91/155[0m [32m===========[0m[37m=========[0m [1m2:37[0m 2s/step - accuracy: 0.9138 - auc: 0.9672 - loss: 0.3132 - precision: 0.9008 - recall: 0.9467
[1m 92/155[0m [32m===========[0m[37m=========[0m [1m2:34[0m 2s/step - accuracy: 0.9138 - auc: 0.9672 - loss: 0.3132 - precision: 0.9008 - recall: 0.9468
[1m 93/155[0m [32m============[0m[37m========[0m [1m2:32[0m 2s/step - accuracy: 0.9137 - auc: 0.9672 - loss: 0.3133 - precision: 0.9007 - recall: 0.9468
[1m 94/155[0m [32m============[0m[37m========[0m [1m2:29[0m 2s/step - accuracy: 0.9137 - auc: 0.9672 - loss: 0.3133 - precision: 0.9006 - recall: 0.9468
[1m 95/155[0m [32m============[0m[37m========[0m [1m2:27[0m 2s/step - accuracy: 0.9137 - auc: 0.9672 - loss: 0.3134 - precision: 0.9005 - recall: 0.9468
[1m 96/155[0m [32m============[0m[37m========[0m [1m2:25[0m 2s/step - accuracy: 0.9136 - auc: 0.9672 - loss: 0.3134 - precision: 0.9005 - recall: 0.9468
[1m 97/155[0m [32m============[0m[37m========[0m [1m2:22[0m 2s/step - accuracy: 0.9136 - auc: 0.9672 - loss: 0.3134 - precision: 0.9004 - recall: 0.9468
[1m 98/155[0m [32m============[0m[37m========[0m [1m2:20[0m 2s/step - accuracy: 0.9136 - auc: 0.9672 - loss: 0.3135 - precision: 0.9003 - recall: 0.9468
[1m 99/155[0m [32m============[0m[37m========[0m [1m2:18[0m 2s/step - accuracy: 0.9136 - auc: 0.9672 - loss: 0.3135 - precision: 0.9003 - recall: 0.9469
[1m100/155[0m [32m============[0m[37m========[0m [1m2:15[0m 2s/step - accuracy: 0.9135 - auc: 0.9671 - loss: 0.3136 - precision: 0.9002 - recall: 0.9469
[1m101/155[0m [32m=============[0m[37m=======[0m [1m2:13[0m 2s/step - accuracy: 0.9135 - auc: 0.9671 - loss: 0.3136 - precision: 0.9002 - recall: 0.9469
[1m102/155[0m [32m=============[0m[37m=======[0m [1m2:10[0m 2s/step - accuracy: 0.9135 - auc: 0.9671 - loss: 0.3136 - precision: 0.9002 - recall: 0.9469
[1m103/155[0m [32m=============[0m[37m=======[0m [1m2:08[0m 2s/step - accuracy: 0.9135 - auc: 0.9671 - loss: 0.3137 - precision: 0.9001 - recall: 0.9469
[1m104/155[0m [32m=============[0m[37m=======[0m [1m2:06[0m 2s/step - accuracy: 0.9134 - auc: 0.9671 - loss: 0.3137 - precision: 0.9001 - recall: 0.9469
[1m105/155[0m [32m=============[0m[37m=======[0m [1m2:03[0m 2s/step - accuracy: 0.9134 - auc: 0.9671 - loss: 0.3138 - precision: 0.9000 - recall: 0.9469
[1m106/155[0m [32m=============[0m[37m=======[0m [1m2:01[0m 2s/step - accuracy: 0.9134 - auc: 0.9671 - loss: 0.3138 - precision: 0.9000 - recall: 0.9469
[1m107/155[0m [32m=============[0m[37m=======[0m [1m1:58[0m 2s/step - accuracy: 0.9134 - auc: 0.9671 - loss: 0.3138 - precision: 0.9000 - recall: 0.9469
[1m108/155[0m [32m=============[0m[37m=======[0m [1m1:56[0m 2s/step - accuracy: 0.9134 - auc: 0.9671 - loss: 0.3138 - precision: 0.8999 - recall: 0.9469
[1m109/155[0m [32m==============[0m[37m======[0m [1m1:53[0m 2s/step - accuracy: 0.9134 - auc: 0.9671 - loss: 0.3139 - precision: 0.8999 - recall: 0.9469
[1m110/155[0m [32m==============[0m[37m======[0m [1m1:51[0m 2s/step - accuracy: 0.9134 - auc: 0.9671 - loss: 0.3139 - precision: 0.8999 - recall: 0.9470
[1m111/155[0m [32m==============[0m[37m======[0m [1m1:49[0m 2s/step - accuracy: 0.9134 - auc: 0.9671 - loss: 0.3139 - precision: 0.8999 - recall: 0.9470
[1m112/155[0m [32m==============[0m[37m======[0m [1m1:46[0m 2s/step - accuracy: 0.9133 - auc: 0.9671 - loss: 0.3139 - precision: 0.8998 - recall: 0.9470
[1m113/155[0m [32m==============[0m[37m======[0m [1m1:44[0m 2s/step - accuracy: 0.9133 - auc: 0.9671 - loss: 0.3139 - precision: 0.8998 - recall: 0.9470
[1m114/155[0m [32m==============[0m[37m======[0m [1m1:41[0m 2s/step - accuracy: 0.9133 - auc: 0.9671 - loss: 0.3140 - precision: 0.8997 - recall: 0.9471
[1m115/155[0m [32m==============[0m[37m======[0m [1m1:39[0m 2s/step - accuracy: 0.9133 - auc: 0.9670 - loss: 0.3140 - precision: 0.8997 - recall: 0.9471
[1m116/155[0m [32m==============[0m[37m======[0m [1m1:36[0m 2s/step - accuracy: 0.9133 - auc: 0.9670 - loss: 0.3140 - precision: 0.8997 - recall: 0.9471
[1m117/155[0m [32m===============[0m[37m=====[0m [1m1:34[0m 2s/step - accuracy: 0.9133 - auc: 0.9670 - loss: 0.3140 - precision: 0.8996 - recall: 0.9472
[1m118/155[0m [32m===============[0m[37m=====[0m [1m1:31[0m 2s/step - accuracy: 0.9133 - auc: 0.9670 - loss: 0.3140 - precision: 0.8996 - recall: 0.9472
[1m119/155[0m [32m===============[0m[37m=====[0m [1m1:29[0m 2s/step - accuracy: 0.9133 - auc: 0.9670 - loss: 0.3140 - precision: 0.8996 - recall: 0.9472
[1m120/155[0m [32m===============[0m[37m=====[0m [1m1:26[0m 2s/step - accuracy: 0.9133 - auc: 0.9671 - loss: 0.3140 - precision: 0.8995 - recall: 0.9472
[1m121/155[0m [32m===============[0m[37m=====[0m [1m1:24[0m 2s/step - accuracy: 0.9133 - auc: 0.9671 - loss: 0.3140 - precision: 0.8995 - recall: 0.9473
[1m122/155[0m [32m===============[0m[37m=====[0m [1m1:22[0m 2s/step - accuracy: 0.9133 - auc: 0.9671 - loss: 0.3140 - precision: 0.8995 - recall: 0.9473
[1m123/155[0m [32m===============[0m[37m=====[0m [1m1:19[0m 2s/step - accuracy: 0.9133 - auc: 0.9671 - loss: 0.3140 - precision: 0.8994 - recall: 0.9473
[1m124/155[0m [32m================[0m[37m====[0m [1m1:17[0m 2s/step - accuracy: 0.9133 - auc: 0.9671 - loss: 0.3140 - precision: 0.8994 - recall: 0.9474
[1m125/155[0m [32m================[0m[37m====[0m [1m1:14[0m 2s/step - accuracy: 0.9132 - auc: 0.9671 - loss: 0.3140 - precision: 0.8993 - recall: 0.9474
[1m126/155[0m [32m================[0m[37m====[0m [1m1:12[0m 2s/step - accuracy: 0.9132 - auc: 0.9671 - loss: 0.3140 - precision: 0.8993 - recall: 0.9474
[1m127/155[0m [32m================[0m[37m====[0m [1m1:09[0m 2s/step - accuracy: 0.9132 - auc: 0.9671 - loss: 0.3140 - precision: 0.8993 - recall: 0.9475
[1m128/155[0m [32m================[0m[37m====[0m [1m1:07[0m 2s/step - accuracy: 0.9132 - auc: 0.9671 - loss: 0.3140 - precision: 0.8992 - recall: 0.9475
[1m129/155[0m [32m================[0m[37m====[0m [1m1:04[0m 2s/step - accuracy: 0.9132 - auc: 0.9671 - loss: 0.3140 - precision: 0.8992 - recall: 0.9475
[1m130/155[0m [32m================[0m[37m====[0m [1m1:02[0m 2s/step - accuracy: 0.9132 - auc: 0.9671 - loss: 0.3140 - precision: 0.8992 - recall: 0.9475
[1m131/155[0m [32m================[0m[37m====[0m [1m59s[0m 2s/step - accuracy: 0.9132 - auc: 0.9671 - loss: 0.3140 - precision: 0.8991 - recall: 0.9476 
[1m132/155[0m [32m=================[0m[37m===[0m [1m57s[0m 2s/step - accuracy: 0.9132 - auc: 0.9671 - loss: 0.3140 - precision: 0.8991 - recall: 0.9476
[1m133/155[0m [32m=================[0m[37m===[0m [1m54s[0m 2s/step - accuracy: 0.9132 - auc: 0.9671 - loss: 0.3140 - precision: 0.8991 - recall: 0.9476
[1m134/155[0m [32m=================[0m[37m===[0m [1m52s[0m 2s/step - accuracy: 0.9132 - auc: 0.9671 - loss: 0.3140 - precision: 0.8991 - recall: 0.9476
[1m135/155[0m [32m=================[0m[37m===[0m [1m49s[0m 2s/step - accuracy: 0.9132 - auc: 0.9671 - loss: 0.3140 - precision: 0.8991 - recall: 0.9476
[1m136/155[0m [32m=================[0m[37m===[0m [1m47s[0m 2s/step - accuracy: 0.9132 - auc: 0.9671 - loss: 0.3140 - precision: 0.8990 - recall: 0.9476
[1m137/155[0m [32m=================[0m[37m===[0m [1m44s[0m 2s/step - accuracy: 0.9132 - auc: 0.9671 - loss: 0.3140 - precision: 0.8990 - recall: 0.9477
[1m138/155[0m [32m=================[0m[37m===[0m [1m42s[0m 2s/step - accuracy: 0.9132 - auc: 0.9671 - loss: 0.3140 - precision: 0.8990 - recall: 0.9477
[1m139/155[0m [32m=================[0m[37m===[0m [1m39s[0m 2s/step - accuracy: 0.9132 - auc: 0.9671 - loss: 0.3139 - precision: 0.8990 - recall: 0.9477
[1m140/155[0m [32m==================[0m[37m==[0m [1m37s[0m 2s/step - accuracy: 0.9132 - auc: 0.9671 - loss: 0.3139 - precision: 0.8989 - recall: 0.9477
[1m141/155[0m [32m==================[0m[37m==[0m [1m34s[0m 2s/step - accuracy: 0.9132 - auc: 0.9671 - loss: 0.3139 - precision: 0.8989 - recall: 0.9478
[1m142/155[0m [32m==================[0m[37m==[0m [1m32s[0m 2s/step - accuracy: 0.9132 - auc: 0.9671 - loss: 0.3139 - precision: 0.8989 - recall: 0.9478
[1m143/155[0m [32m==================[0m[37m==[0m [1m30s[0m 3s/step - accuracy: 0.9132 - auc: 0.9671 - loss: 0.3139 - precision: 0.8989 - recall: 0.9478
[1m144/155[0m [32m==================[0m[37m==[0m [1m27s[0m 3s/step - accuracy: 0.9132 - auc: 0.9671 - loss: 0.3139 - precision: 0.8989 - recall: 0.9478
[1m145/155[0m [32m==================[0m[37m==[0m [1m25s[0m 3s/step - accuracy: 0.9132 - auc: 0.9671 - loss: 0.3138 - precision: 0.8988 - recall: 0.9478
[1m146/155[0m [32m==================[0m[37m==[0m [1m22s[0m 3s/step - accuracy: 0.9132 - auc: 0.9671 - loss: 0.3138 - precision: 0.8988 - recall: 0.9479
[1m147/155[0m [32m==================[0m[37m==[0m [1m20s[0m 3s/step - accuracy: 0.9132 - auc: 0.9671 - loss: 0.3138 - precision: 0.8988 - recall: 0.9479
[1m148/155[0m [32m===================[0m[37m=[0m [1m17s[0m 3s/step - accuracy: 0.9132 - auc: 0.9671 - loss: 0.3138 - precision: 0.8988 - recall: 0.94792026-05-14 07:55:47.998386: I tensorflow/core/kernels/data/shuffle_dataset_op.cc:453] ShuffleDatasetV3:7: Filling up shuffle buffer (this may take a while): 285 of 1024

[1m149/155[0m [32m===================[0m[37m=[0m [1m15s[0m 3s/step - accuracy: 0.9132 - auc: 0.9672 - loss: 0.3137 - precision: 0.8988 - recall: 0.9479
[1m150/155[0m [32m===================[0m[37m=[0m [1m12s[0m 3s/step - accuracy: 0.9132 - auc: 0.9672 - loss: 0.3137 - precision: 0.8988 - recall: 0.9480
[1m151/155[0m [32m===================[0m[37m=[0m [1m10s[0m 3s/step - accuracy: 0.9132 - auc: 0.9672 - loss: 0.3137 - precision: 0.8988 - recall: 0.9480
[1m152/155[0m [32m===================[0m[37m=[0m [1m7s[0m 3s/step - accuracy: 0.9132 - auc: 0.9672 - loss: 0.3137 - precision: 0.8987 - recall: 0.9480 2026-05-14 07:55:58.030732: I tensorflow/core/kernels/data/shuffle_dataset_op.cc:453] ShuffleDatasetV3:7: Filling up shuffle buffer (this may take a while): 524 of 1024

[1m153/155[0m [32m===================[0m[37m=[0m [1m5s[0m 3s/step - accuracy: 0.9132 - auc: 0.9672 - loss: 0.3136 - precision: 0.8987 - recall: 0.9480
[1m154/155[0m [32m===================[0m[37m=[0m [1m2s[0m 3s/step - accuracy: 0.9133 - auc: 0.9672 - loss: 0.3136 - precision: 0.8987 - recall: 0.9481
[1m155/155[0m [32m====================[0m[37m[0m [1m0s[0m 3s/step - accuracy: 0.9133 - auc: 0.9672 - loss: 0.3136 - precision: 0.8987 - recall: 0.94812026-05-14 07:56:08.464938: I tensorflow/core/kernels/data/shuffle_dataset_op.cc:483] Shuffle buffer filled.

Epoch 10: val_auc did not improve from 0.94825

Epoch 10: ReduceLROnPlateau reducing learning rate to 4.999999873689376e-05.

[1m155/155[0m [32m====================[0m[37m[0m [1m409s[0m 3s/step - accuracy: 0.9139 - auc: 0.9682 - loss: 0.3102 - precision: 0.8957 - recall: 0.9518 - val_accuracy: 0.8896 - val_auc: 0.9411 - val_loss: 0.3584 - val_precision: 0.9281 - val_recall: 0.8866 - learning_rate: 1.0000e-04
Epoch 11/30

[1m  1/155[0m [37m====================[0m [1m6:16[0m 2s/step - accuracy: 0.9062 - auc: 0.9722 - loss: 0.3109 - precision: 0.8611 - recall: 0.9688
[1m  2/155[0m [37m====================[0m [1m6:13[0m 2s/step - accuracy: 0.8984 - auc: 0.9660 - loss: 0.3282 - precision: 0.8833 - recall: 0.9371
[1m  3/155[0m [37m====================[0m [1m6:10[0m 2s/step - accuracy: 0.8906 - auc: 0.9606 - loss: 0.3414 - precision: 0.8888 - recall: 0.9194
[1m  4/155[0m [37m====================[0m [1m6:11[0m 2s/step - accuracy: 0.8867 - auc: 0.9575 - loss: 0.3506 - precision: 0.8900 - recall: 0.9129
[1m  5/155[0m [37m====================[0m [1m6:06[0m 2s/step - accuracy: 0.8856 - auc: 0.9567 - loss: 0.3539 - precision: 0.8913 - recall: 0.9096
[1m  6/155[0m [37m====================[0m [1m6:07[0m 2s/step - accuracy: 0.8860 - auc: 0.9570 - loss: 0.3531 - precision: 0.8922 - recall: 0.9095
[1m  7/155[0m [37m====================[0m [1m6:04[0m 2s/step - accuracy: 0.8873 - auc: 0.9577 - loss: 0.3512 - precision: 0.8931 - recall: 0.9105
[1m  8/155[0m [32m=[0m[37m===================[0m [1m6:01[0m 2s/step - accuracy: 0.8897 - auc: 0.9590 - loss: 0.3475 - precision: 0.8949 - recall: 0.9125
[1m  9/155[0m [32m=[0m[37m===================[0m [1m5:59[0m 2s/step - accuracy: 0.8921 - auc: 0.9602 - loss: 0.3435 - precision: 0.8964 - recall: 0.9149
[1m 10/155[0m [32m=[0m[37m===================[0m [1m5:59[0m 2s/step - accuracy: 0.8945 - auc: 0.9612 - loss: 0.3400 - precision: 0.8978 - recall: 0.9175
[1m 11/155[0m [32m=[0m[37m===================[0m [1m5:57[0m 2s/step - accuracy: 0.8963 - auc: 0.9621 - loss: 0.3367 - precision: 0.8985 - recall: 0.9199
[1m 12/155[0m [32m=[0m[37m===================[0m [1m5:54[0m 2s/step - accuracy: 0.8981 - auc: 0.9631 - loss: 0.3336 - precision: 0.8993 - recall: 0.9222
[1m 13/155[0m [32m=[0m[37m===================[0m [1m5:51[0m 2s/step - accuracy: 0.8998 - auc: 0.9639 - loss: 0.3306 - precision: 0.9000 - recall: 0.9245
[1m 14/155[0m [32m=[0m[37m===================[0m [1m5:49[0m 2s/step - accuracy: 0.9013 - auc: 0.9647 - loss: 0.3280 - precision: 0.9010 - recall: 0.9262
[1m 15/155[0m [32m=[0m[37m===================[0m [1m5:46[0m 2s/step - accuracy: 0.9024 - auc: 0.9654 - loss: 0.3259 - precision: 0.9015 - recall: 0.9276
[1m 16/155[0m [32m==[0m[37m==================[0m [1m5:43[0m 2s/step - accuracy: 0.9034 - auc: 0.9660 - loss: 0.3240 - precision: 0.9019 - recall: 0.9289
[1m 17/155[0m [32m==[0m[37m==================[0m [1m5:41[0m 2s/step - accuracy: 0.9043 - auc: 0.9666 - loss: 0.3221 - precision: 0.9024 - recall: 0.9300
[1m 18/155[0m [32m==[0m[37m==================[0m [1m5:39[0m 2s/step - accuracy: 0.9052 - auc: 0.9671 - loss: 0.3203 - precision: 0.9029 - recall: 0.9311
[1m 19/155[0m [32m==[0m[37m==================[0m [1m5:35[0m 2s/step - accuracy: 0.9061 - auc: 0.9677 - loss: 0.3185 - precision: 0.9035 - recall: 0.9321
[1m 20/155[0m [32m==[0m[37m==================[0m [1m5:33[0m 2s/step - accuracy: 0.9070 - auc: 0.9682 - loss: 0.3169 - precision: 0.9040 - recall: 0.9331
[1m 21/155[0m [32m==[0m[37m==================[0m [1m5:30[0m 2s/step - accuracy: 0.9079 - auc: 0.9687 - loss: 0.3153 - precision: 0.9046 - recall: 0.9342
[1m 22/155[0m [32m==[0m[37m==================[0m [1m5:27[0m 2s/step - accuracy: 0.9086 - auc: 0.9690 - loss: 0.3140 - precision: 0.9049 - recall: 0.9351
[1m 23/155[0m [32m==[0m[37m==================[0m [1m5:25[0m 2s/step - accuracy: 0.9094 - auc: 0.9694 - loss: 0.3127 - precision: 0.9054 - recall: 0.9360
[1m 24/155[0m [32m===[0m[37m=================[0m [1m5:22[0m 2s/step - accuracy: 0.9102 - auc: 0.9698 - loss: 0.3115 - precision: 0.9058 - recall: 0.9369
[1m 25/155[0m [32m===[0m[37m=================[0m [1m5:19[0m 2s/step - accuracy: 0.9108 - auc: 0.9700 - loss: 0.3104 - precision: 0.9061 - recall: 0.9376
[1m 26/155[0m [32m===[0m[37m=================[0m [1m5:16[0m 2s/step - accuracy: 0.9113 - auc: 0.9703 - loss: 0.3096 - precision: 0.9064 - recall: 0.9382
[1m 27/155[0m [32m===[0m[37m=================[0m [1m5:13[0m 2s/step - accuracy: 0.9118 - auc: 0.9705 - loss: 0.3088 - precision: 0.9065 - recall: 0.9389
[1m 28/155[0m [32m===[0m[37m=================[0m [1m5:11[0m 2s/step - accuracy: 0.9122 - auc: 0.9706 - loss: 0.3082 - precision: 0.9066 - recall: 0.9395
[1m 29/155[0m [32m===[0m[37m=================[0m [1m5:08[0m 2s/step - accuracy: 0.9126 - auc: 0.9707 - loss: 0.3076 - precision: 0.9067 - recall: 0.9401
[1m 30/155[0m [32m===[0m[37m=================[0m [1m5:05[0m 2s/step - accuracy: 0.9130 - auc: 0.9709 - loss: 0.3071 - precision: 0.9068 - recall: 0.9407
[1m 31/155[0m [32m====[0m[37m================[0m [1m5:03[0m 2s/step - accuracy: 0.9134 - auc: 0.9710 - loss: 0.3066 - precision: 0.9069 - recall: 0.9412
[1m 32/155[0m [32m====[0m[37m================[0m [1m5:00[0m 2s/step - accuracy: 0.9137 - auc: 0.9711 - loss: 0.3062 - precision: 0.9070 - recall: 0.9417
[1m 33/155[0m [32m====[0m[37m================[0m [1m4:57[0m 2s/step - accuracy: 0.9140 - auc: 0.9711 - loss: 0.3058 - precision: 0.9071 - recall: 0.9421
[1m 34/155[0m [32m====[0m[37m================[0m [1m4:55[0m 2s/step - accuracy: 0.9143 - auc: 0.9712 - loss: 0.3053 - precision: 0.9072 - recall: 0.9425
[1m 35/155[0m [32m====[0m[37m================[0m [1m4:52[0m 2s/step - accuracy: 0.9146 - auc: 0.9713 - loss: 0.3049 - precision: 0.9074 - recall: 0.9429
[1m 36/155[0m [32m====[0m[37m================[0m [1m4:50[0m 2s/step - accuracy: 0.9149 - auc: 0.9714 - loss: 0.3045 - precision: 0.9075 - recall: 0.9433
[1m 37/155[0m [32m====[0m[37m================[0m [1m4:47[0m 2s/step - accuracy: 0.9152 - auc: 0.9715 - loss: 0.3041 - precision: 0.9076 - recall: 0.9436
[1m 38/155[0m [32m====[0m[37m================[0m [1m4:45[0m 2s/step - accuracy: 0.9155 - auc: 0.9716 - loss: 0.3037 - precision: 0.9078 - recall: 0.9439
[1m 39/155[0m [32m=====[0m[37m===============[0m [1m4:42[0m 2s/step - accuracy: 0.9157 - auc: 0.9716 - loss: 0.3033 - precision: 0.9080 - recall: 0.9442
[1m 40/155[0m [32m=====[0m[37m===============[0m [1m4:40[0m 2s/step - accuracy: 0.9160 - auc: 0.9717 - loss: 0.3029 - precision: 0.9082 - recall: 0.9445
[1m 41/155[0m [32m=====[0m[37m===============[0m [1m4:38[0m 2s/step - accuracy: 0.9163 - auc: 0.9718 - loss: 0.3025 - precision: 0.9084 - recall: 0.9448
[1m 42/155[0m [32m=====[0m[37m===============[0m [1m4:35[0m 2s/step - accuracy: 0.9166 - auc: 0.9719 - loss: 0.3021 - precision: 0.9087 - recall: 0.9451
[1m 43/155[0m [32m=====[0m[37m===============[0m [1m4:33[0m 2s/step - accuracy: 0.9169 - auc: 0.9720 - loss: 0.3017 - precision: 0.9089 - recall: 0.9454
[1m 44/155[0m [32m=====[0m[37m===============[0m [1m4:30[0m 2s/step - accuracy: 0.9172 - auc: 0.9721 - loss: 0.3013 - precision: 0.9091 - recall: 0.9457
[1m 45/155[0m [32m=====[0m[37m===============[0m [1m4:28[0m 2s/step - accuracy: 0.9175 - auc: 0.9721 - loss: 0.3009 - precision: 0.9093 - recall: 0.9460
[1m 46/155[0m [32m=====[0m[37m===============[0m [1m4:25[0m 2s/step - accuracy: 0.9177 - auc: 0.9722 - loss: 0.3006 - precision: 0.9095 - recall: 0.9463
[1m 47/155[0m [32m======[0m[37m==============[0m [1m4:23[0m 2s/step - accuracy: 0.9180 - auc: 0.9723 - loss: 0.3003 - precision: 0.9096 - recall: 0.9466
[1m 48/155[0m [32m======[0m[37m==============[0m [1m4:20[0m 2s/step - accuracy: 0.9182 - auc: 0.9723 - loss: 0.3000 - precision: 0.9098 - recall: 0.9469
[1m 49/155[0m [32m======[0m[37m==============[0m [1m4:18[0m 2s/step - accuracy: 0.9184 - auc: 0.9724 - loss: 0.2997 - precision: 0.9099 - recall: 0.9472
[1m 50/155[0m [32m======[0m[37m==============[0m [1m4:15[0m 2s/step - accuracy: 0.9186 - auc: 0.9724 - loss: 0.2994 - precision: 0.9100 - recall: 0.9475
[1m 51/155[0m [32m======[0m[37m==============[0m [1m4:13[0m 2s/step - accuracy: 0.9189 - auc: 0.9725 - loss: 0.2991 - precision: 0.9101 - recall: 0.9478
[1m 52/155[0m [32m======[0m[37m==============[0m [1m4:10[0m 2s/step - accuracy: 0.9191 - auc: 0.9726 - loss: 0.2989 - precision: 0.9102 - recall: 0.9481
[1m 53/155[0m [32m======[0m[37m==============[0m [1m4:08[0m 2s/step - accuracy: 0.9193 - auc: 0.9726 - loss: 0.2986 - precision: 0.9103 - recall: 0.9484
[1m 54/155[0m [32m======[0m[37m==============[0m [1m4:05[0m 2s/step - accuracy: 0.9195 - auc: 0.9727 - loss: 0.2983 - precision: 0.9104 - recall: 0.9486
[1m 55/155[0m [32m=======[0m[37m=============[0m [1m4:03[0m 2s/step - accuracy: 0.9197 - auc: 0.9727 - loss: 0.2980 - precision: 0.9106 - recall: 0.9489
[1m 56/155[0m [32m=======[0m[37m=============[0m [1m4:00[0m 2s/step - accuracy: 0.9199 - auc: 0.9728 - loss: 0.2978 - precision: 0.9106 - recall: 0.9492
[1m 57/155[0m [32m=======[0m[37m=============[0m [1m3:58[0m 2s/step - accuracy: 0.9200 - auc: 0.9728 - loss: 0.2976 - precision: 0.9107 - recall: 0.9494
[1m 58/155[0m [32m=======[0m[37m=============[0m [1m3:55[0m 2s/step - accuracy: 0.9202 - auc: 0.9728 - loss: 0.2974 - precision: 0.9108 - recall: 0.9497
[1m 59/155[0m [32m=======[0m[37m=============[0m [1m3:53[0m 2s/step - accuracy: 0.9203 - auc: 0.9729 - loss: 0.2972 - precision: 0.9108 - recall: 0.9499
[1m 60/155[0m [32m=======[0m[37m=============[0m [1m3:50[0m 2s/step - accuracy: 0.9205 - auc: 0.9729 - loss: 0.2970 - precision: 0.9108 - recall: 0.9501
[1m 61/155[0m [32m=======[0m[37m=============[0m [1m3:48[0m 2s/step - accuracy: 0.9206 - auc: 0.9729 - loss: 0.2969 - precision: 0.9108 - recall: 0.9504
[1m 62/155[0m [32m========[0m[37m============[0m [1m3:46[0m 2s/step - accuracy: 0.9207 - auc: 0.9729 - loss: 0.2967 - precision: 0.9108 - recall: 0.9506
[1m 63/155[0m [32m========[0m[37m============[0m [1m3:43[0m 2s/step - accuracy: 0.9208 - auc: 0.9730 - loss: 0.2966 - precision: 0.9109 - recall: 0.9508
[1m 64/155[0m [32m========[0m[37m============[0m [1m3:41[0m 2s/step - accuracy: 0.9209 - auc: 0.9730 - loss: 0.2964 - precision: 0.9109 - recall: 0.9509
[1m 65/155[0m [32m========[0m[37m============[0m [1m3:38[0m 2s/step - accuracy: 0.9210 - auc: 0.9730 - loss: 0.2963 - precision: 0.9109 - recall: 0.9511
[1m 66/155[0m [32m========[0m[37m============[0m [1m3:36[0m 2s/step - accuracy: 0.9211 - auc: 0.9731 - loss: 0.2961 - precision: 0.9109 - recall: 0.9513
[1m 67/155[0m [32m========[0m[37m============[0m [1m3:33[0m 2s/step - accuracy: 0.9212 - auc: 0.9731 - loss: 0.2960 - precision: 0.9110 - recall: 0.9514
[1m 68/155[0m [32m========[0m[37m============[0m [1m3:31[0m 2s/step - accuracy: 0.9214 - auc: 0.9731 - loss: 0.2958 - precision: 0.9110 - recall: 0.9516
[1m 69/155[0m [32m========[0m[37m============[0m [1m3:28[0m 2s/step - accuracy: 0.9215 - auc: 0.9732 - loss: 0.2957 - precision: 0.9110 - recall: 0.9518
[1m 70/155[0m [32m=========[0m[37m===========[0m [1m3:26[0m 2s/step - accuracy: 0.9216 - auc: 0.9732 - loss: 0.2955 - precision: 0.9111 - recall: 0.9519
[1m 71/155[0m [32m=========[0m[37m===========[0m [1m3:24[0m 2s/step - accuracy: 0.9217 - auc: 0.9732 - loss: 0.2954 - precision: 0.9111 - recall: 0.9521
[1m 72/155[0m [32m=========[0m[37m===========[0m [1m3:22[0m 2s/step - accuracy: 0.9218 - auc: 0.9732 - loss: 0.2952 - precision: 0.9112 - recall: 0.9522
[1m 73/155[0m [32m=========[0m[37m===========[0m [1m3:20[0m 2s/step - accuracy: 0.9219 - auc: 0.9733 - loss: 0.2950 - precision: 0.9113 - recall: 0.9524
[1m 74/155[0m [32m=========[0m[37m===========[0m [1m3:17[0m 2s/step - accuracy: 0.9220 - auc: 0.9733 - loss: 0.2949 - precision: 0.9113 - recall: 0.9526
[1m 75/155[0m [32m=========[0m[37m===========[0m [1m3:15[0m 2s/step - accuracy: 0.9222 - auc: 0.9733 - loss: 0.2947 - precision: 0.9113 - recall: 0.9527
[1m 76/155[0m [32m=========[0m[37m===========[0m [1m3:13[0m 2s/step - accuracy: 0.9223 - auc: 0.9733 - loss: 0.2946 - precision: 0.9114 - recall: 0.9529
[1m 77/155[0m [32m=========[0m[37m===========[0m [1m3:10[0m 2s/step - accuracy: 0.9224 - auc: 0.9734 - loss: 0.2944 - precision: 0.9114 - recall: 0.9530
[1m 78/155[0m [32m==========[0m[37m==========[0m [1m3:08[0m 2s/step - accuracy: 0.9225 - auc: 0.9734 - loss: 0.2942 - precision: 0.9115 - recall: 0.9532
[1m 79/155[0m [32m==========[0m[37m==========[0m [1m3:06[0m 2s/step - accuracy: 0.9226 - auc: 0.9734 - loss: 0.2941 - precision: 0.9115 - recall: 0.9534
[1m 80/155[0m [32m==========[0m[37m==========[0m [1m3:03[0m 2s/step - accuracy: 0.9227 - auc: 0.9735 - loss: 0.2939 - precision: 0.9116 - recall: 0.9535
[1m 81/155[0m [32m==========[0m[37m==========[0m [1m3:01[0m 2s/step - accuracy: 0.9228 - auc: 0.9735 - loss: 0.2938 - precision: 0.9116 - recall: 0.9537
[1m 82/155[0m [32m==========[0m[37m==========[0m [1m2:59[0m 2s/step - accuracy: 0.9229 - auc: 0.9735 - loss: 0.2936 - precision: 0.9117 - recall: 0.9538
[1m 83/155[0m [32m==========[0m[37m==========[0m [1m2:56[0m 2s/step - accuracy: 0.9230 - auc: 0.9736 - loss: 0.2935 - precision: 0.9117 - recall: 0.9539
[1m 84/155[0m [32m==========[0m[37m==========[0m [1m2:54[0m 2s/step - accuracy: 0.9231 - auc: 0.9736 - loss: 0.2934 - precision: 0.9117 - recall: 0.9541
[1m 85/155[0m [32m==========[0m[37m==========[0m [1m2:51[0m 2s/step - accuracy: 0.9232 - auc: 0.9736 - loss: 0.2932 - precision: 0.9118 - recall: 0.9542
[1m 86/155[0m [32m===========[0m[37m=========[0m [1m2:49[0m 2s/step - accuracy: 0.9233 - auc: 0.9736 - loss: 0.2931 - precision: 0.9118 - recall: 0.9543
[1m 87/155[0m [32m===========[0m[37m=========[0m [1m2:47[0m 2s/step - accuracy: 0.9234 - auc: 0.9737 - loss: 0.2930 - precision: 0.9118 - recall: 0.9544
[1m 88/155[0m [32m===========[0m[37m=========[0m [1m2:44[0m 2s/step - accuracy: 0.9235 - auc: 0.9737 - loss: 0.2928 - precision: 0.9119 - recall: 0.9545
[1m 89/155[0m [32m===========[0m[37m=========[0m [1m2:42[0m 2s/step - accuracy: 0.9236 - auc: 0.9737 - loss: 0.2927 - precision: 0.9119 - recall: 0.9546
[1m 90/155[0m [32m===========[0m[37m=========[0m [1m2:40[0m 2s/step - accuracy: 0.9237 - auc: 0.9737 - loss: 0.2926 - precision: 0.9120 - recall: 0.9547
[1m 91/155[0m [32m===========[0m[37m=========[0m [1m2:37[0m 2s/step - accuracy: 0.9237 - auc: 0.9738 - loss: 0.2926 - precision: 0.9120 - recall: 0.9548
[1m 92/155[0m [32m===========[0m[37m=========[0m [1m2:35[0m 2s/step - accuracy: 0.9238 - auc: 0.9738 - loss: 0.2925 - precision: 0.9120 - recall: 0.9549
[1m 93/155[0m [32m============[0m[37m========[0m [1m2:32[0m 2s/step - accuracy: 0.9239 - auc: 0.9738 - loss: 0.2924 - precision: 0.9120 - recall: 0.9550
[1m 94/155[0m [32m============[0m[37m========[0m [1m2:30[0m 2s/step - accuracy: 0.9239 - auc: 0.9738 - loss: 0.2923 - precision: 0.9120 - recall: 0.9551
[1m 95/155[0m [32m============[0m[37m========[0m [1m2:27[0m 2s/step - accuracy: 0.9240 - auc: 0.9738 - loss: 0.2922 - precision: 0.9121 - recall: 0.9552
[1m 96/155[0m [32m============[0m[37m========[0m [1m2:25[0m 2s/step - accuracy: 0.9241 - auc: 0.9738 - loss: 0.2922 - precision: 0.9121 - recall: 0.9553
[1m 97/155[0m [32m============[0m[37m========[0m [1m2:23[0m 2s/step - accuracy: 0.9241 - auc: 0.9738 - loss: 0.2921 - precision: 0.9121 - recall: 0.9554
[1m 98/155[0m [32m============[0m[37m========[0m [1m2:20[0m 2s/step - accuracy: 0.9242 - auc: 0.9739 - loss: 0.2920 - precision: 0.9121 - recall: 0.9555
[1m 99/155[0m [32m============[0m[37m========[0m [1m2:18[0m 2s/step - accuracy: 0.9242 - auc: 0.9739 - loss: 0.2920 - precision: 0.9121 - recall: 0.9556
[1m100/155[0m [32m============[0m[37m========[0m [1m2:16[0m 2s/step - accuracy: 0.9243 - auc: 0.9739 - loss: 0.2919 - precision: 0.9121 - recall: 0.9556
[1m101/155[0m [32m=============[0m[37m=======[0m [1m2:13[0m 2s/step - accuracy: 0.9243 - auc: 0.9739 - loss: 0.2919 - precision: 0.9121 - recall: 0.9557
[1m102/155[0m [32m=============[0m[37m=======[0m [1m2:11[0m 2s/step - accuracy: 0.9244 - auc: 0.9739 - loss: 0.2918 - precision: 0.9121 - recall: 0.9558
[1m103/155[0m [32m=============[0m[37m=======[0m [1m2:08[0m 2s/step - accuracy: 0.9244 - auc: 0.9739 - loss: 0.2918 - precision: 0.9121 - recall: 0.9559
[1m104/155[0m [32m=============[0m[37m=======[0m [1m2:06[0m 2s/step - accuracy: 0.9245 - auc: 0.9739 - loss: 0.2917 - precision: 0.9121 - recall: 0.9560
[1m105/155[0m [32m=============[0m[37m=======[0m [1m2:04[0m 2s/step - accuracy: 0.9245 - auc: 0.9739 - loss: 0.2917 - precision: 0.9121 - recall: 0.9560
[1m106/155[0m [32m=============[0m[37m=======[0m [1m2:01[0m 2s/step - accuracy: 0.9246 - auc: 0.9739 - loss: 0.2916 - precision: 0.9121 - recall: 0.9561
[1m107/155[0m [32m=============[0m[37m=======[0m [1m1:59[0m 2s/step - accuracy: 0.9247 - auc: 0.9739 - loss: 0.2915 - precision: 0.9121 - recall: 0.9562
[1m108/155[0m [32m=============[0m[37m=======[0m [1m1:56[0m 2s/step - accuracy: 0.9247 - auc: 0.9739 - loss: 0.2915 - precision: 0.9121 - recall: 0.9562
[1m109/155[0m [32m==============[0m[37m======[0m [1m1:54[0m 2s/step - accuracy: 0.9248 - auc: 0.9739 - loss: 0.2914 - precision: 0.9121 - recall: 0.9563
[1m110/155[0m [32m==============[0m[37m======[0m [1m1:51[0m 2s/step - accuracy: 0.9248 - auc: 0.9740 - loss: 0.2914 - precision: 0.9122 - recall: 0.9564
[1m111/155[0m [32m==============[0m[37m======[0m [1m1:49[0m 2s/step - accuracy: 0.9249 - auc: 0.9740 - loss: 0.2913 - precision: 0.9122 - recall: 0.9564
[1m112/155[0m [32m==============[0m[37m======[0m [1m1:46[0m 2s/step - accuracy: 0.9249 - auc: 0.9740 - loss: 0.2913 - precision: 0.9122 - recall: 0.9565
[1m113/155[0m [32m==============[0m[37m======[0m [1m1:44[0m 2s/step - accuracy: 0.9250 - auc: 0.9740 - loss: 0.2912 - precision: 0.9122 - recall: 0.9566
[1m114/155[0m [32m==============[0m[37m======[0m [1m1:42[0m 2s/step - accuracy: 0.9250 - auc: 0.9740 - loss: 0.2911 - precision: 0.9122 - recall: 0.9566
[1m115/155[0m [32m==============[0m[37m======[0m [1m1:39[0m 2s/step - accuracy: 0.9251 - auc: 0.9740 - loss: 0.2911 - precision: 0.9123 - recall: 0.9567
[1m116/155[0m [32m==============[0m[37m======[0m [1m1:37[0m 2s/step - accuracy: 0.9251 - auc: 0.9740 - loss: 0.2910 - precision: 0.9123 - recall: 0.9567
[1m117/155[0m [32m===============[0m[37m=====[0m [1m1:34[0m 2s/step - accuracy: 0.9252 - auc: 0.9740 - loss: 0.2909 - precision: 0.9123 - recall: 0.9568
[1m118/155[0m [32m===============[0m[37m=====[0m [1m1:32[0m 2s/step - accuracy: 0.9252 - auc: 0.9741 - loss: 0.2909 - precision: 0.9123 - recall: 0.9569
[1m119/155[0m [32m===============[0m[37m=====[0m [1m1:29[0m 2s/step - accuracy: 0.9253 - auc: 0.9741 - loss: 0.2908 - precision: 0.9124 - recall: 0.9569
[1m120/155[0m [32m===============[0m[37m=====[0m [1m1:27[0m 2s/step - accuracy: 0.9253 - auc: 0.9741 - loss: 0.2908 - precision: 0.9124 - recall: 0.9570
[1m121/155[0m [32m===============[0m[37m=====[0m [1m1:24[0m 2s/step - accuracy: 0.9254 - auc: 0.9741 - loss: 0.2907 - precision: 0.9124 - recall: 0.9570
[1m122/155[0m [32m===============[0m[37m=====[0m [1m1:22[0m 2s/step - accuracy: 0.9254 - auc: 0.9741 - loss: 0.2906 - precision: 0.9125 - recall: 0.9571
[1m123/155[0m [32m===============[0m[37m=====[0m [1m1:19[0m 2s/step - accuracy: 0.9255 - auc: 0.9741 - loss: 0.2905 - precision: 0.9125 - recall: 0.9571
[1m124/155[0m [32m================[0m[37m====[0m [1m1:17[0m 3s/step - accuracy: 0.9256 - auc: 0.9741 - loss: 0.2905 - precision: 0.9125 - recall: 0.9572
[1m125/155[0m [32m================[0m[37m====[0m [1m1:15[0m 3s/step - accuracy: 0.9256 - auc: 0.9742 - loss: 0.2904 - precision: 0.9126 - recall: 0.9573
[1m126/155[0m [32m================[0m[37m====[0m [1m1:12[0m 3s/step - accuracy: 0.9257 - auc: 0.9742 - loss: 0.2903 - precision: 0.9126 - recall: 0.9573
[1m127/155[0m [32m================[0m[37m====[0m [1m1:10[0m 3s/step - accuracy: 0.9257 - auc: 0.9742 - loss: 0.2902 - precision: 0.9126 - recall: 0.9574
[1m128/155[0m [32m================[0m[37m====[0m [1m1:07[0m 3s/step - accuracy: 0.9258 - auc: 0.9742 - loss: 0.2902 - precision: 0.9127 - recall: 0.9574
[1m129/155[0m [32m================[0m[37m====[0m [1m1:05[0m 3s/step - accuracy: 0.9258 - auc: 0.9742 - loss: 0.2901 - precision: 0.9127 - recall: 0.9575
[1m130/155[0m [32m================[0m[37m====[0m [1m1:02[0m 3s/step - accuracy: 0.9259 - auc: 0.9743 - loss: 0.2900 - precision: 0.9127 - recall: 0.9575
[1m131/155[0m [32m================[0m[37m====[0m [1m1:00[0m 3s/step - accuracy: 0.9259 - auc: 0.9743 - loss: 0.2899 - precision: 0.9127 - recall: 0.9576
[1m132/155[0m [32m=================[0m[37m===[0m [1m57s[0m 3s/step - accuracy: 0.9260 - auc: 0.9743 - loss: 0.2899 - precision: 0.9127 - recall: 0.9577 
[1m133/155[0m [32m=================[0m[37m===[0m [1m55s[0m 3s/step - accuracy: 0.9260 - auc: 0.9743 - loss: 0.2898 - precision: 0.9128 - recall: 0.9577
[1m134/155[0m [32m=================[0m[37m===[0m [1m52s[0m 3s/step - accuracy: 0.9261 - auc: 0.9743 - loss: 0.2897 - precision: 0.9128 - recall: 0.9578
[1m135/155[0m [32m=================[0m[37m===[0m [1m50s[0m 3s/step - accuracy: 0.9261 - auc: 0.9744 - loss: 0.2896 - precision: 0.9128 - recall: 0.9578
[1m136/155[0m [32m=================[0m[37m===[0m [1m47s[0m 3s/step - accuracy: 0.9262 - auc: 0.9744 - loss: 0.2896 - precision: 0.9129 - recall: 0.9579
[1m137/155[0m [32m=================[0m[37m===[0m [1m45s[0m 3s/step - accuracy: 0.9262 - auc: 0.9744 - loss: 0.2895 - precision: 0.9129 - recall: 0.9579
[1m138/155[0m [32m=================[0m[37m===[0m [1m42s[0m 3s/step - accuracy: 0.9263 - auc: 0.9744 - loss: 0.2894 - precision: 0.9129 - recall: 0.9580
[1m139/155[0m [32m=================[0m[37m===[0m [1m40s[0m 3s/step - accuracy: 0.9263 - auc: 0.9744 - loss: 0.2893 - precision: 0.9130 - recall: 0.9580
[1m140/155[0m [32m==================[0m[37m==[0m [1m37s[0m 3s/step - accuracy: 0.9264 - auc: 0.9745 - loss: 0.2892 - precision: 0.9130 - recall: 0.9581
[1m141/155[0m [32m==================[0m[37m==[0m [1m35s[0m 3s/step - accuracy: 0.9264 - auc: 0.9745 - loss: 0.2892 - precision: 0.9130 - recall: 0.9581
[1m142/155[0m [32m==================[0m[37m==[0m [1m32s[0m 3s/step - accuracy: 0.9265 - auc: 0.9745 - loss: 0.2891 - precision: 0.9131 - recall: 0.9582
[1m143/155[0m [32m==================[0m[37m==[0m [1m30s[0m 3s/step - accuracy: 0.9265 - auc: 0.9745 - loss: 0.2890 - precision: 0.9131 - recall: 0.9582
[1m144/155[0m [32m==================[0m[37m==[0m [1m27s[0m 3s/step - accuracy: 0.9266 - auc: 0.9745 - loss: 0.2889 - precision: 0.9131 - recall: 0.9583
[1m145/155[0m [32m==================[0m[37m==[0m [1m25s[0m 3s/step - accuracy: 0.9266 - auc: 0.9746 - loss: 0.2888 - precision: 0.9132 - recall: 0.9583
[1m146/155[0m [32m==================[0m[37m==[0m [1m22s[0m 3s/step - accuracy: 0.9267 - auc: 0.9746 - loss: 0.2887 - precision: 0.9132 - recall: 0.9584
[1m147/155[0m [32m==================[0m[37m==[0m [1m20s[0m 3s/step - accuracy: 0.9267 - auc: 0.9746 - loss: 0.2887 - precision: 0.9132 - recall: 0.9584
[1m148/155[0m [32m===================[0m[37m=[0m [1m17s[0m 3s/step - accuracy: 0.9268 - auc: 0.9746 - loss: 0.2886 - precision: 0.9133 - recall: 0.95852026-05-14 08:02:39.659695: I tensorflow/core/kernels/data/shuffle_dataset_op.cc:453] ShuffleDatasetV3:7: Filling up shuffle buffer (this may take a while): 216 of 1024

[1m149/155[0m [32m===================[0m[37m=[0m [1m15s[0m 3s/step - accuracy: 0.9268 - auc: 0.9746 - loss: 0.2885 - precision: 0.9133 - recall: 0.9585
[1m150/155[0m [32m===================[0m[37m=[0m [1m12s[0m 3s/step - accuracy: 0.9269 - auc: 0.9747 - loss: 0.2884 - precision: 0.9133 - recall: 0.9586
[1m151/155[0m [32m===================[0m[37m=[0m [1m10s[0m 3s/step - accuracy: 0.9269 - auc: 0.9747 - loss: 0.2884 - precision: 0.9134 - recall: 0.9586
[1m152/155[0m [32m===================[0m[37m=[0m [1m7s[0m 3s/step - accuracy: 0.9270 - auc: 0.9747 - loss: 0.2883 - precision: 0.9134 - recall: 0.9587 2026-05-14 08:02:49.703499: I tensorflow/core/kernels/data/shuffle_dataset_op.cc:453] ShuffleDatasetV3:7: Filling up shuffle buffer (this may take a while): 557 of 1024

[1m153/155[0m [32m===================[0m[37m=[0m [1m5s[0m 3s/step - accuracy: 0.9270 - auc: 0.9747 - loss: 0.2882 - precision: 0.9134 - recall: 0.9587
[1m154/155[0m [32m===================[0m[37m=[0m [1m2s[0m 3s/step - accuracy: 0.9271 - auc: 0.9747 - loss: 0.2881 - precision: 0.9134 - recall: 0.9588
[1m155/155[0m [32m====================[0m[37m[0m [1m0s[0m 3s/step - accuracy: 0.9271 - auc: 0.9747 - loss: 0.2881 - precision: 0.9135 - recall: 0.95882026-05-14 08:02:59.214390: I tensorflow/core/kernels/data/shuffle_dataset_op.cc:483] Shuffle buffer filled.

Epoch 11: val_auc did not improve from 0.94825

[1m155/155[0m [32m====================[0m[37m[0m [1m410s[0m 3s/step - accuracy: 0.9346 - auc: 0.9775 - loss: 0.2764 - precision: 0.9179 - recall: 0.9666 - val_accuracy: 0.8542 - val_auc: 0.9374 - val_loss: 0.4242 - val_precision: 0.9456 - val_recall: 0.8058 - learning_rate: 5.0000e-05
Epoch 12/30

[1m  1/155[0m [37m====================[0m [1m6:36[0m 3s/step - accuracy: 0.9375 - auc: 0.9711 - loss: 0.2923 - precision: 0.9167 - recall: 0.9706
[1m  2/155[0m [37m====================[0m [1m6:21[0m 2s/step - accuracy: 0.9336 - auc: 0.9772 - loss: 0.2807 - precision: 0.9061 - recall: 0.9692
[1m  3/155[0m [37m====================[0m [1m6:28[0m 3s/step - accuracy: 0.9314 - auc: 0.9772 - loss: 0.2808 - precision: 0.9028 - recall: 0.9692
[1m  4/155[0m [37m====================[0m [1m6:24[0m 3s/step - accuracy: 0.9290 - auc: 0.9767 - loss: 0.2831 - precision: 0.8967 - recall: 0.9710
[1m  5/155[0m [37m====================[0m [1m6:21[0m 3s/step - accuracy: 0.9270 - auc: 0.9751 - loss: 0.2873 - precision: 0.8923 - recall: 0.9717
[1m  6/155[0m [37m====================[0m [1m6:16[0m 3s/step - accuracy: 0.9266 - auc: 0.9749 - loss: 0.2880 - precision: 0.8905 - recall: 0.9729
[1m  7/155[0m [37m====================[0m [1m6:12[0m 3s/step - accuracy: 0.9262 - auc: 0.9745 - loss: 0.2885 - precision: 0.8899 - recall: 0.9729
[1m  8/155[0m [32m=[0m[37m===================[0m [1m6:08[0m 3s/step - accuracy: 0.9266 - auc: 0.9745 - loss: 0.2878 - precision: 0.8902 - recall: 0.9734
[1m  9/155[0m [32m=[0m[37m===================[0m [1m6:07[0m 3s/step - accuracy: 0.9275 - auc: 0.9748 - loss: 0.2861 - precision: 0.8913 - recall: 0.9741
[1m 10/155[0m [32m=[0m[37m===================[0m [1m6:05[0m 3s/step - accuracy: 0.9282 - auc: 0.9750 - loss: 0.2849 - precision: 0.8931 - recall: 0.9737
[1m 11/155[0m [32m=[0m[37m===================[0m [1m6:03[0m 3s/step - accuracy: 0.9285 - auc: 0.9752 - loss: 0.2841 - precision: 0.8947 - recall: 0.9728
[1m 12/155[0m [32m=[0m[37m===================[0m [1m5:58[0m 3s/step - accuracy: 0.9289 - auc: 0.9754 - loss: 0.2831 - precision: 0.8961 - recall: 0.9722
[1m 13/155[0m [32m=[0m[37m===================[0m [1m5:56[0m 3s/step - accuracy: 0.9296 - auc: 0.9758 - loss: 0.2818 - precision: 0.8978 - recall: 0.9718
[1m 14/155[0m [32m=[0m[37m===================[0m [1m5:52[0m 3s/step - accuracy: 0.9303 - auc: 0.9762 - loss: 0.2804 - precision: 0.8994 - recall: 0.9716
[1m 15/155[0m [32m=[0m[37m===================[0m [1m5:49[0m 2s/step - accuracy: 0.9309 - auc: 0.9765 - loss: 0.2791 - precision: 0.9007 - recall: 0.9713
[1m 16/155[0m [32m==[0m[37m==================[0m [1m5:46[0m 2s/step - accuracy: 0.9315 - auc: 0.9768 - loss: 0.2778 - precision: 0.9020 - recall: 0.9713
[1m 17/155[0m [32m==[0m[37m==================[0m [1m5:43[0m 2s/step - accuracy: 0.9319 - auc: 0.9770 - loss: 0.2774 - precision: 0.9034 - recall: 0.9706
[1m 18/155[0m [32m==[0m[37m==================[0m [1m5:40[0m 2s/step - accuracy: 0.9322 - auc: 0.9770 - loss: 0.2771 - precision: 0.9046 - recall: 0.9701
[1m 19/155[0m [32m==[0m[37m==================[0m [1m5:38[0m 2s/step - accuracy: 0.9324 - auc: 0.9771 - loss: 0.2768 - precision: 0.9054 - recall: 0.9697
[1m 20/155[0m [32m==[0m[37m==================[0m [1m5:36[0m 2s/step - accuracy: 0.9327 - auc: 0.9772 - loss: 0.2764 - precision: 0.9063 - recall: 0.9695
[1m 21/155[0m [32m==[0m[37m==================[0m [1m5:33[0m 2s/step - accuracy: 0.9330 - auc: 0.9773 - loss: 0.2759 - precision: 0.9073 - recall: 0.9692
[1m 22/155[0m [32m==[0m[37m==================[0m [1m5:30[0m 2s/step - accuracy: 0.9334 - auc: 0.9774 - loss: 0.2754 - precision: 0.9084 - recall: 0.9689
[1m 23/155[0m [32m==[0m[37m==================[0m [1m5:27[0m 2s/step - accuracy: 0.9336 - auc: 0.9775 - loss: 0.2750 - precision: 0.9092 - recall: 0.9685
[1m 24/155[0m [32m===[0m[37m=================[0m [1m5:25[0m 2s/step - accuracy: 0.9338 - auc: 0.9776 - loss: 0.2747 - precision: 0.9101 - recall: 0.9682
[1m 25/155[0m [32m===[0m[37m=================[0m [1m5:22[0m 2s/step - accuracy: 0.9340 - auc: 0.9776 - loss: 0.2743 - precision: 0.9109 - recall: 0.9679
[1m 26/155[0m [32m===[0m[37m=================[0m [1m5:19[0m 2s/step - accuracy: 0.9342 - auc: 0.9777 - loss: 0.2739 - precision: 0.9116 - recall: 0.9676
[1m 27/155[0m [32m===[0m[37m=================[0m [1m5:17[0m 2s/step - accuracy: 0.9343 - auc: 0.9778 - loss: 0.2736 - precision: 0.9123 - recall: 0.9674
[1m 28/155[0m [32m===[0m[37m=================[0m [1m5:14[0m 2s/step - accuracy: 0.9345 - auc: 0.9779 - loss: 0.2732 - precision: 0.9129 - recall: 0.9672
[1m 29/155[0m [32m===[0m[37m=================[0m [1m5:11[0m 2s/step - accuracy: 0.9347 - auc: 0.9779 - loss: 0.2729 - precision: 0.9134 - recall: 0.9671
[1m 30/155[0m [32m===[0m[37m=================[0m [1m5:08[0m 2s/step - accuracy: 0.9348 - auc: 0.9780 - loss: 0.2725 - precision: 0.9139 - recall: 0.9670
[1m 31/155[0m [32m====[0m[37m================[0m [1m5:05[0m 2s/step - accuracy: 0.9350 - auc: 0.9781 - loss: 0.2722 - precision: 0.9143 - recall: 0.9669
[1m 32/155[0m [32m====[0m[37m================[0m [1m5:02[0m 2s/step - accuracy: 0.9350 - auc: 0.9781 - loss: 0.2720 - precision: 0.9147 - recall: 0.9668
[1m 33/155[0m [32m====[0m[37m================[0m [1m5:00[0m 2s/step - accuracy: 0.9352 - auc: 0.9782 - loss: 0.2717 - precision: 0.9151 - recall: 0.9668
[1m 34/155[0m [32m====[0m[37m================[0m [1m4:57[0m 2s/step - accuracy: 0.9352 - auc: 0.9783 - loss: 0.2714 - precision: 0.9153 - recall: 0.9668
[1m 35/155[0m [32m====[0m[37m================[0m [1m4:55[0m 2s/step - accuracy: 0.9354 - auc: 0.9783 - loss: 0.2711 - precision: 0.9157 - recall: 0.9668
[1m 36/155[0m [32m====[0m[37m================[0m [1m4:52[0m 2s/step - accuracy: 0.9355 - auc: 0.9784 - loss: 0.2707 - precision: 0.9160 - recall: 0.9669
[1m 37/155[0m [32m====[0m[37m================[0m [1m4:49[0m 2s/step - accuracy: 0.9357 - auc: 0.9785 - loss: 0.2704 - precision: 0.9164 - recall: 0.9669
[1m 38/155[0m [32m====[0m[37m================[0m [1m4:47[0m 2s/step - accuracy: 0.9358 - auc: 0.9786 - loss: 0.2701 - precision: 0.9168 - recall: 0.9669
[1m 39/155[0m [32m=====[0m[37m===============[0m [1m4:44[0m 2s/step - accuracy: 0.9360 - auc: 0.9787 - loss: 0.2697 - precision: 0.9172 - recall: 0.9669
[1m 40/155[0m [32m=====[0m[37m===============[0m [1m4:42[0m 2s/step - accuracy: 0.9361 - auc: 0.9788 - loss: 0.2694 - precision: 0.9175 - recall: 0.9670
[1m 41/155[0m [32m=====[0m[37m===============[0m [1m4:39[0m 2s/step - accuracy: 0.9363 - auc: 0.9789 - loss: 0.2691 - precision: 0.9178 - recall: 0.9670
[1m 42/155[0m [32m=====[0m[37m===============[0m [1m4:36[0m 2s/step - accuracy: 0.9364 - auc: 0.9790 - loss: 0.2688 - precision: 0.9181 - recall: 0.9670
[1m 43/155[0m [32m=====[0m[37m===============[0m [1m4:34[0m 2s/step - accuracy: 0.9366 - auc: 0.9791 - loss: 0.2685 - precision: 0.9184 - recall: 0.9671
[1m 44/155[0m [32m=====[0m[37m===============[0m [1m4:31[0m 2s/step - accuracy: 0.9367 - auc: 0.9792 - loss: 0.2682 - precision: 0.9187 - recall: 0.9671
[1m 45/155[0m [32m=====[0m[37m===============[0m [1m4:29[0m 2s/step - accuracy: 0.9368 - auc: 0.9792 - loss: 0.2679 - precision: 0.9189 - recall: 0.9672
[1m 46/155[0m [32m=====[0m[37m===============[0m [1m4:26[0m 2s/step - accuracy: 0.9369 - auc: 0.9793 - loss: 0.2677 - precision: 0.9190 - recall: 0.9672
[1m 47/155[0m [32m======[0m[37m==============[0m [1m4:24[0m 2s/step - accuracy: 0.9369 - auc: 0.9793 - loss: 0.2676 - precision: 0.9191 - recall: 0.9672
[1m 48/155[0m [32m======[0m[37m==============[0m [1m4:22[0m 2s/step - accuracy: 0.9370 - auc: 0.9794 - loss: 0.2674 - precision: 0.9192 - recall: 0.9673
[1m 49/155[0m [32m======[0m[37m==============[0m [1m4:20[0m 2s/step - accuracy: 0.9370 - auc: 0.9794 - loss: 0.2673 - precision: 0.9193 - recall: 0.9674
[1m 50/155[0m [32m======[0m[37m==============[0m [1m4:17[0m 2s/step - accuracy: 0.9370 - auc: 0.9795 - loss: 0.2672 - precision: 0.9193 - recall: 0.9674
[1m 51/155[0m [32m======[0m[37m==============[0m [1m4:15[0m 2s/step - accuracy: 0.9370 - auc: 0.9795 - loss: 0.2671 - precision: 0.9193 - recall: 0.9674
[1m 52/155[0m [32m======[0m[37m==============[0m [1m4:13[0m 2s/step - accuracy: 0.9370 - auc: 0.9795 - loss: 0.2670 - precision: 0.9194 - recall: 0.9675
[1m 53/155[0m [32m======[0m[37m==============[0m [1m4:10[0m 2s/step - accuracy: 0.9370 - auc: 0.9796 - loss: 0.2669 - precision: 0.9194 - recall: 0.9675
[1m 54/155[0m [32m======[0m[37m==============[0m [1m4:08[0m 2s/step - accuracy: 0.9371 - auc: 0.9796 - loss: 0.2668 - precision: 0.9195 - recall: 0.9675
[1m 55/155[0m [32m=======[0m[37m=============[0m [1m4:05[0m 2s/step - accuracy: 0.9371 - auc: 0.9796 - loss: 0.2667 - precision: 0.9196 - recall: 0.9676
[1m 56/155[0m [32m=======[0m[37m=============[0m [1m4:02[0m 2s/step - accuracy: 0.9371 - auc: 0.9797 - loss: 0.2667 - precision: 0.9196 - recall: 0.9676
[1m 57/155[0m [32m=======[0m[37m=============[0m [1m4:00[0m 2s/step - accuracy: 0.9371 - auc: 0.9797 - loss: 0.2666 - precision: 0.9197 - recall: 0.9676
[1m 58/155[0m [32m=======[0m[37m=============[0m [1m3:57[0m 2s/step - accuracy: 0.9372 - auc: 0.9797 - loss: 0.2665 - precision: 0.9197 - recall: 0.9676
[1m 59/155[0m [32m=======[0m[37m=============[0m [1m3:55[0m 2s/step - accuracy: 0.9372 - auc: 0.9798 - loss: 0.2664 - precision: 0.9198 - recall: 0.9676
[1m 60/155[0m [32m=======[0m[37m=============[0m [1m3:52[0m 2s/step - accuracy: 0.9372 - auc: 0.9798 - loss: 0.2663 - precision: 0.9198 - recall: 0.9676
[1m 61/155[0m [32m=======[0m[37m=============[0m [1m3:50[0m 2s/step - accuracy: 0.9372 - auc: 0.9798 - loss: 0.2663 - precision: 0.9199 - recall: 0.9676
[1m 62/155[0m [32m========[0m[37m============[0m [1m3:47[0m 2s/step - accuracy: 0.9372 - auc: 0.9798 - loss: 0.2662 - precision: 0.9199 - recall: 0.9676
[1m 63/155[0m [32m========[0m[37m============[0m [1m3:45[0m 2s/step - accuracy: 0.9372 - auc: 0.9799 - loss: 0.2661 - precision: 0.9200 - recall: 0.9676
[1m 64/155[0m [32m========[0m[37m============[0m [1m3:42[0m 2s/step - accuracy: 0.9372 - auc: 0.9799 - loss: 0.2661 - precision: 0.9201 - recall: 0.9675
[1m 65/155[0m [32m========[0m[37m============[0m [1m3:40[0m 2s/step - accuracy: 0.9372 - auc: 0.9799 - loss: 0.2660 - precision: 0.9201 - recall: 0.9675
[1m 66/155[0m [32m========[0m[37m============[0m [1m3:37[0m 2s/step - accuracy: 0.9372 - auc: 0.9799 - loss: 0.2660 - precision: 0.9202 - recall: 0.9675
[1m 67/155[0m [32m========[0m[37m============[0m [1m3:35[0m 2s/step - accuracy: 0.9372 - auc: 0.9800 - loss: 0.2659 - precision: 0.9202 - recall: 0.9675
[1m 68/155[0m [32m========[0m[37m============[0m [1m3:32[0m 2s/step - accuracy: 0.9372 - auc: 0.9800 - loss: 0.2659 - precision: 0.9202 - recall: 0.9675
[1m 69/155[0m [32m========[0m[37m============[0m [1m3:30[0m 2s/step - accuracy: 0.9372 - auc: 0.9800 - loss: 0.2658 - precision: 0.9202 - recall: 0.9675
[1m 70/155[0m [32m=========[0m[37m===========[0m [1m3:27[0m 2s/step - accuracy: 0.9372 - auc: 0.9800 - loss: 0.2658 - precision: 0.9202 - recall: 0.9675
[1m 71/155[0m [32m=========[0m[37m===========[0m [1m3:25[0m 2s/step - accuracy: 0.9372 - auc: 0.9800 - loss: 0.2658 - precision: 0.9202 - recall: 0.9675
[1m 72/155[0m [32m=========[0m[37m===========[0m [1m3:22[0m 2s/step - accuracy: 0.9372 - auc: 0.9800 - loss: 0.2658 - precision: 0.9202 - recall: 0.9675
[1m 73/155[0m [32m=========[0m[37m===========[0m [1m3:20[0m 2s/step - accuracy: 0.9371 - auc: 0.9800 - loss: 0.2658 - precision: 0.9202 - recall: 0.9675
[1m 74/155[0m [32m=========[0m[37m===========[0m [1m3:17[0m 2s/step - accuracy: 0.9371 - auc: 0.9800 - loss: 0.2659 - precision: 0.9202 - recall: 0.9675
[1m 75/155[0m [32m=========[0m[37m===========[0m [1m3:15[0m 2s/step - accuracy: 0.9371 - auc: 0.9800 - loss: 0.2659 - precision: 0.9202 - recall: 0.9675
[1m 76/155[0m [32m=========[0m[37m===========[0m [1m3:12[0m 2s/step - accuracy: 0.9371 - auc: 0.9800 - loss: 0.2659 - precision: 0.9202 - recall: 0.9674
[1m 77/155[0m [32m=========[0m[37m===========[0m [1m3:10[0m 2s/step - accuracy: 0.9371 - auc: 0.9800 - loss: 0.2659 - precision: 0.9202 - recall: 0.9674
[1m 78/155[0m [32m==========[0m[37m==========[0m [1m3:07[0m 2s/step - accuracy: 0.9371 - auc: 0.9800 - loss: 0.2659 - precision: 0.9202 - recall: 0.9674
[1m 79/155[0m [32m==========[0m[37m==========[0m [1m3:05[0m 2s/step - accuracy: 0.9371 - auc: 0.9800 - loss: 0.2659 - precision: 0.9202 - recall: 0.9674
[1m 80/155[0m [32m==========[0m[37m==========[0m [1m3:03[0m 2s/step - accuracy: 0.9371 - auc: 0.9800 - loss: 0.2659 - precision: 0.9202 - recall: 0.9674
[1m 81/155[0m [32m==========[0m[37m==========[0m [1m3:00[0m 2s/step - accuracy: 0.9370 - auc: 0.9800 - loss: 0.2659 - precision: 0.9202 - recall: 0.9674
[1m 82/155[0m [32m==========[0m[37m==========[0m [1m2:58[0m 2s/step - accuracy: 0.9370 - auc: 0.9800 - loss: 0.2659 - precision: 0.9202 - recall: 0.9674
[1m 83/155[0m [32m==========[0m[37m==========[0m [1m2:56[0m 2s/step - accuracy: 0.9370 - auc: 0.9800 - loss: 0.2659 - precision: 0.9202 - recall: 0.9674
[1m 84/155[0m [32m==========[0m[37m==========[0m [1m2:53[0m 2s/step - accuracy: 0.9370 - auc: 0.9800 - loss: 0.2659 - precision: 0.9202 - recall: 0.9674
[1m 85/155[0m [32m==========[0m[37m==========[0m [1m2:51[0m 2s/step - accuracy: 0.9370 - auc: 0.9800 - loss: 0.2659 - precision: 0.9202 - recall: 0.9674
[1m 86/155[0m [32m===========[0m[37m=========[0m [1m2:49[0m 2s/step - accuracy: 0.9370 - auc: 0.9800 - loss: 0.2659 - precision: 0.9202 - recall: 0.9674
[1m 87/155[0m [32m===========[0m[37m=========[0m [1m2:46[0m 2s/step - accuracy: 0.9370 - auc: 0.9800 - loss: 0.2659 - precision: 0.9202 - recall: 0.9675
[1m 88/155[0m [32m===========[0m[37m=========[0m [1m2:44[0m 2s/step - accuracy: 0.9370 - auc: 0.9800 - loss: 0.2659 - precision: 0.9202 - recall: 0.9675
[1m 89/155[0m [32m===========[0m[37m=========[0m [1m2:41[0m 2s/step - accuracy: 0.9370 - auc: 0.9800 - loss: 0.2659 - precision: 0.9202 - recall: 0.9675
[1m 90/155[0m [32m===========[0m[37m=========[0m [1m2:39[0m 2s/step - accuracy: 0.9370 - auc: 0.9800 - loss: 0.2659 - precision: 0.9202 - recall: 0.9675
[1m 91/155[0m [32m===========[0m[37m=========[0m [1m2:37[0m 2s/step - accuracy: 0.9370 - auc: 0.9800 - loss: 0.2659 - precision: 0.9201 - recall: 0.9675
[1m 92/155[0m [32m===========[0m[37m=========[0m [1m2:34[0m 2s/step - accuracy: 0.9369 - auc: 0.9800 - loss: 0.2659 - precision: 0.9201 - recall: 0.9675
[1m 93/155[0m [32m============[0m[37m========[0m [1m2:32[0m 2s/step - accuracy: 0.9369 - auc: 0.9800 - loss: 0.2659 - precision: 0.9201 - recall: 0.9675
[1m 94/155[0m [32m============[0m[37m========[0m [1m2:30[0m 2s/step - accuracy: 0.9369 - auc: 0.9800 - loss: 0.2659 - precision: 0.9201 - recall: 0.9674
[1m 95/155[0m [32m============[0m[37m========[0m [1m2:27[0m 2s/step - accuracy: 0.9369 - auc: 0.9800 - loss: 0.2659 - precision: 0.9201 - recall: 0.9674
[1m 96/155[0m [32m============[0m[37m========[0m [1m2:25[0m 2s/step - accuracy: 0.9369 - auc: 0.9800 - loss: 0.2659 - precision: 0.9201 - recall: 0.9674
[1m 97/155[0m [32m============[0m[37m========[0m [1m2:23[0m 2s/step - accuracy: 0.9369 - auc: 0.9800 - loss: 0.2659 - precision: 0.9201 - recall: 0.9674
[1m 98/155[0m [32m============[0m[37m========[0m [1m2:20[0m 2s/step - accuracy: 0.9369 - auc: 0.9800 - loss: 0.2659 - precision: 0.9201 - recall: 0.9674
[1m 99/155[0m [32m============[0m[37m========[0m [1m2:18[0m 2s/step - accuracy: 0.9369 - auc: 0.9800 - loss: 0.2659 - precision: 0.9201 - recall: 0.9674
[1m100/155[0m [32m============[0m[37m========[0m [1m2:15[0m 2s/step - accuracy: 0.9369 - auc: 0.9800 - loss: 0.2659 - precision: 0.9201 - recall: 0.9674
[1m101/155[0m [32m=============[0m[37m=======[0m [1m2:13[0m 2s/step - accuracy: 0.9369 - auc: 0.9800 - loss: 0.2659 - precision: 0.9201 - recall: 0.9674
[1m102/155[0m [32m=============[0m[37m=======[0m [1m2:11[0m 2s/step - accuracy: 0.9368 - auc: 0.9800 - loss: 0.2659 - precision: 0.9201 - recall: 0.9674
[1m103/155[0m [32m=============[0m[37m=======[0m [1m2:08[0m 2s/step - accuracy: 0.9368 - auc: 0.9800 - loss: 0.2659 - precision: 0.9201 - recall: 0.9674
[1m104/155[0m [32m=============[0m[37m=======[0m [1m2:06[0m 2s/step - accuracy: 0.9368 - auc: 0.9800 - loss: 0.2659 - precision: 0.9201 - recall: 0.9674
[1m105/155[0m [32m=============[0m[37m=======[0m [1m2:03[0m 2s/step - accuracy: 0.9368 - auc: 0.9800 - loss: 0.2659 - precision: 0.9201 - recall: 0.9674
[1m106/155[0m [32m=============[0m[37m=======[0m [1m2:01[0m 2s/step - accuracy: 0.9368 - auc: 0.9800 - loss: 0.2659 - precision: 0.9201 - recall: 0.9674
[1m107/155[0m [32m=============[0m[37m=======[0m [1m1:58[0m 2s/step - accuracy: 0.9368 - auc: 0.9800 - loss: 0.2659 - precision: 0.9201 - recall: 0.9674
[1m108/155[0m [32m=============[0m[37m=======[0m [1m1:56[0m 2s/step - accuracy: 0.9368 - auc: 0.9801 - loss: 0.2658 - precision: 0.9201 - recall: 0.9674
[1m109/155[0m [32m==============[0m[37m======[0m [1m1:53[0m 2s/step - accuracy: 0.9368 - auc: 0.9801 - loss: 0.2658 - precision: 0.9201 - recall: 0.9674
[1m110/155[0m [32m==============[0m[37m======[0m [1m1:51[0m 2s/step - accuracy: 0.9368 - auc: 0.9801 - loss: 0.2658 - precision: 0.9201 - recall: 0.9674
[1m111/155[0m [32m==============[0m[37m======[0m [1m1:49[0m 2s/step - accuracy: 0.9368 - auc: 0.9801 - loss: 0.2658 - precision: 0.9201 - recall: 0.9674
[1m112/155[0m [32m==============[0m[37m======[0m [1m1:46[0m 2s/step - accuracy: 0.9368 - auc: 0.9801 - loss: 0.2658 - precision: 0.9201 - recall: 0.9674
[1m113/155[0m [32m==============[0m[37m======[0m [1m1:44[0m 2s/step - accuracy: 0.9368 - auc: 0.9801 - loss: 0.2658 - precision: 0.9201 - recall: 0.9674
[1m114/155[0m [32m==============[0m[37m======[0m [1m1:41[0m 2s/step - accuracy: 0.9368 - auc: 0.9801 - loss: 0.2658 - precision: 0.9201 - recall: 0.9674
[1m115/155[0m [32m==============[0m[37m======[0m [1m1:39[0m 2s/step - accuracy: 0.9368 - auc: 0.9801 - loss: 0.2658 - precision: 0.9201 - recall: 0.9674
[1m116/155[0m [32m==============[0m[37m======[0m [1m1:36[0m 2s/step - accuracy: 0.9368 - auc: 0.9801 - loss: 0.2658 - precision: 0.9201 - recall: 0.9674
[1m117/155[0m [32m===============[0m[37m=====[0m [1m1:34[0m 2s/step - accuracy: 0.9369 - auc: 0.9801 - loss: 0.2658 - precision: 0.9201 - recall: 0.9674
[1m118/155[0m [32m===============[0m[37m=====[0m [1m1:31[0m 2s/step - accuracy: 0.9369 - auc: 0.9801 - loss: 0.2658 - precision: 0.9201 - recall: 0.9674
[1m119/155[0m [32m===============[0m[37m=====[0m [1m1:29[0m 2s/step - accuracy: 0.9368 - auc: 0.9801 - loss: 0.2658 - precision: 0.9201 - recall: 0.9674
[1m120/155[0m [32m===============[0m[37m=====[0m [1m1:27[0m 2s/step - accuracy: 0.9368 - auc: 0.9801 - loss: 0.2658 - precision: 0.9201 - recall: 0.9674
[1m121/155[0m [32m===============[0m[37m=====[0m [1m1:24[0m 2s/step - accuracy: 0.9368 - auc: 0.9801 - loss: 0.2658 - precision: 0.9201 - recall: 0.9674
[1m122/155[0m [32m===============[0m[37m=====[0m [1m1:22[0m 2s/step - accuracy: 0.9368 - auc: 0.9801 - loss: 0.2657 - precision: 0.9201 - recall: 0.9674
[1m123/155[0m [32m===============[0m[37m=====[0m [1m1:19[0m 2s/step - accuracy: 0.9369 - auc: 0.9801 - loss: 0.2657 - precision: 0.9201 - recall: 0.9674
[1m124/155[0m [32m================[0m[37m====[0m [1m1:17[0m 2s/step - accuracy: 0.9369 - auc: 0.9801 - loss: 0.2657 - precision: 0.9201 - recall: 0.9674
[1m125/155[0m [32m================[0m[37m====[0m [1m1:14[0m 2s/step - accuracy: 0.9369 - auc: 0.9801 - loss: 0.2657 - precision: 0.9201 - recall: 0.9674
[1m126/155[0m [32m================[0m[37m====[0m [1m1:12[0m 2s/step - accuracy: 0.9369 - auc: 0.9801 - loss: 0.2657 - precision: 0.9201 - recall: 0.9674
[1m127/155[0m [32m================[0m[37m====[0m [1m1:09[0m 2s/step - accuracy: 0.9369 - auc: 0.9801 - loss: 0.2657 - precision: 0.9202 - recall: 0.9674
[1m128/155[0m [32m================[0m[37m====[0m [1m1:07[0m 2s/step - accuracy: 0.9369 - auc: 0.9801 - loss: 0.2657 - precision: 0.9202 - recall: 0.9674
[1m129/155[0m [32m================[0m[37m====[0m [1m1:04[0m 2s/step - accuracy: 0.9369 - auc: 0.9801 - loss: 0.2657 - precision: 0.9202 - recall: 0.9674
[1m130/155[0m [32m================[0m[37m====[0m [1m1:02[0m 3s/step - accuracy: 0.9369 - auc: 0.9802 - loss: 0.2656 - precision: 0.9202 - recall: 0.9674
[1m131/155[0m [32m================[0m[37m====[0m [1m1:00[0m 3s/step - accuracy: 0.9369 - auc: 0.9802 - loss: 0.2656 - precision: 0.9202 - recall: 0.9674
[1m132/155[0m [32m=================[0m[37m===[0m [1m57s[0m 3s/step - accuracy: 0.9369 - auc: 0.9802 - loss: 0.2656 - precision: 0.9202 - recall: 0.9674 
[1m133/155[0m [32m=================[0m[37m===[0m [1m55s[0m 3s/step - accuracy: 0.9369 - auc: 0.9802 - loss: 0.2656 - precision: 0.9202 - recall: 0.9674
[1m134/155[0m [32m=================[0m[37m===[0m [1m52s[0m 3s/step - accuracy: 0.9369 - auc: 0.9802 - loss: 0.2656 - precision: 0.9202 - recall: 0.9674
[1m135/155[0m [32m=================[0m[37m===[0m [1m50s[0m 3s/step - accuracy: 0.9369 - auc: 0.9802 - loss: 0.2656 - precision: 0.9202 - recall: 0.9674
[1m136/155[0m [32m=================[0m[37m===[0m [1m47s[0m 3s/step - accuracy: 0.9369 - auc: 0.9802 - loss: 0.2656 - precision: 0.9202 - recall: 0.9674
[1m137/155[0m [32m=================[0m[37m===[0m [1m45s[0m 3s/step - accuracy: 0.9369 - auc: 0.9802 - loss: 0.2656 - precision: 0.9203 - recall: 0.9674
[1m138/155[0m [32m=================[0m[37m===[0m [1m42s[0m 3s/step - accuracy: 0.9369 - auc: 0.9802 - loss: 0.2656 - precision: 0.9203 - recall: 0.9674
[1m139/155[0m [32m=================[0m[37m===[0m [1m40s[0m 3s/step - accuracy: 0.9369 - auc: 0.9802 - loss: 0.2656 - precision: 0.9203 - recall: 0.9674
[1m140/155[0m [32m==================[0m[37m==[0m [1m37s[0m 3s/step - accuracy: 0.9369 - auc: 0.9802 - loss: 0.2656 - precision: 0.9203 - recall: 0.9674
[1m141/155[0m [32m==================[0m[37m==[0m [1m35s[0m 3s/step - accuracy: 0.9369 - auc: 0.9802 - loss: 0.2656 - precision: 0.9203 - recall: 0.9674
[1m142/155[0m [32m==================[0m[37m==[0m [1m32s[0m 3s/step - accuracy: 0.9369 - auc: 0.9802 - loss: 0.2656 - precision: 0.9203 - recall: 0.9674
[1m143/155[0m [32m==================[0m[37m==[0m [1m30s[0m 3s/step - accuracy: 0.9369 - auc: 0.9802 - loss: 0.2655 - precision: 0.9203 - recall: 0.9674
[1m144/155[0m [32m==================[0m[37m==[0m [1m27s[0m 3s/step - accuracy: 0.9369 - auc: 0.9802 - loss: 0.2655 - precision: 0.9203 - recall: 0.9673
[1m145/155[0m [32m==================[0m[37m==[0m [1m25s[0m 3s/step - accuracy: 0.9369 - auc: 0.9802 - loss: 0.2655 - precision: 0.9203 - recall: 0.9673
[1m146/155[0m [32m==================[0m[37m==[0m [1m22s[0m 3s/step - accuracy: 0.9369 - auc: 0.9802 - loss: 0.2655 - precision: 0.9203 - recall: 0.9673
[1m147/155[0m [32m==================[0m[37m==[0m [1m20s[0m 3s/step - accuracy: 0.9369 - auc: 0.9802 - loss: 0.2655 - precision: 0.9203 - recall: 0.9673
[1m148/155[0m [32m===================[0m[37m=[0m [1m17s[0m 3s/step - accuracy: 0.9369 - auc: 0.9802 - loss: 0.2655 - precision: 0.9203 - recall: 0.96732026-05-14 08:09:29.429762: I tensorflow/core/kernels/data/shuffle_dataset_op.cc:453] ShuffleDatasetV3:7: Filling up shuffle buffer (this may take a while): 353 of 1024

[1m149/155[0m [32m===================[0m[37m=[0m [1m15s[0m 3s/step - accuracy: 0.9369 - auc: 0.9802 - loss: 0.2655 - precision: 0.9203 - recall: 0.9673
[1m150/155[0m [32m===================[0m[37m=[0m [1m12s[0m 3s/step - accuracy: 0.9369 - auc: 0.9802 - loss: 0.2655 - precision: 0.9204 - recall: 0.9673
[1m151/155[0m [32m===================[0m[37m=[0m [1m10s[0m 3s/step - accuracy: 0.9369 - auc: 0.9802 - loss: 0.2655 - precision: 0.9204 - recall: 0.9673
[1m152/155[0m [32m===================[0m[37m=[0m [1m7s[0m 3s/step - accuracy: 0.9369 - auc: 0.9802 - loss: 0.2655 - precision: 0.9204 - recall: 0.9673 
[1m153/155[0m [32m===================[0m[37m=[0m [1m5s[0m 3s/step - accuracy: 0.9369 - auc: 0.9802 - loss: 0.2655 - precision: 0.9204 - recall: 0.9673
[1m154/155[0m [32m===================[0m[37m=[0m [1m2s[0m 3s/step - accuracy: 0.9369 - auc: 0.9802 - loss: 0.2655 - precision: 0.9204 - recall: 0.9673
[1m155/155[0m [32m====================[0m[37m[0m [1m0s[0m 3s/step - accuracy: 0.9370 - auc: 0.9802 - loss: 0.2655 - precision: 0.9204 - recall: 0.96732026-05-14 08:09:48.439020: I tensorflow/core/kernels/data/shuffle_dataset_op.cc:483] Shuffle buffer filled.

Epoch 12: val_auc did not improve from 0.94825

[1m155/155[0m [32m====================[0m[37m[0m [1m409s[0m 3s/step - accuracy: 0.9377 - auc: 0.9805 - loss: 0.2648 - precision: 0.9224 - recall: 0.9666 - val_accuracy: 0.8354 - val_auc: 0.9270 - val_loss: 0.4881 - val_precision: 0.9435 - val_recall: 0.7749 - learning_rate: 5.0000e-05
Epoch 13/30

[1m  1/155[0m [37m====================[0m [1m6:27[0m 3s/step - accuracy: 0.9531 - auc: 0.9790 - loss: 0.2491 - precision: 0.9118 - recall: 1.0000
[1m  2/155[0m [37m====================[0m [1m6:30[0m 3s/step - accuracy: 0.9531 - auc: 0.9825 - loss: 0.2427 - precision: 0.9124 - recall: 1.0000
[1m  3/155[0m [37m====================[0m [1m6:21[0m 3s/step - accuracy: 0.9462 - auc: 0.9829 - loss: 0.2505 - precision: 0.9003 - recall: 1.0000
[1m  4/155[0m [37m====================[0m [1m6:22[0m 3s/step - accuracy: 0.9421 - auc: 0.9820 - loss: 0.2566 - precision: 0.8938 - recall: 1.0000
[1m  5/155[0m [37m====================[0m [1m6:22[0m 3s/step - accuracy: 0.9405 - auc: 0.9820 - loss: 0.2584 - precision: 0.8917 - recall: 1.0000
[1m  6/155[0m [37m====================[0m [1m6:18[0m 3s/step - accuracy: 0.9405 - auc: 0.9816 - loss: 0.2593 - precision: 0.8921 - recall: 1.0000
[1m  7/155[0m [37m====================[0m [1m6:17[0m 3s/step - accuracy: 0.9407 - auc: 0.9815 - loss: 0.2590 - precision: 0.8934 - recall: 0.9994
[1m  8/155[0m [32m=[0m[37m===================[0m [1m6:14[0m 3s/step - accuracy: 0.9412 - auc: 0.9815 - loss: 0.2584 - precision: 0.8951 - recall: 0.9990
[1m  9/155[0m [32m=[0m[37m===================[0m [1m6:12[0m 3s/step - accuracy: 0.9420 - auc: 0.9815 - loss: 0.2579 - precision: 0.8971 - recall: 0.9987
[1m 10/155[0m [32m=[0m[37m===================[0m [1m6:08[0m 3s/step - accuracy: 0.9428 - auc: 0.9817 - loss: 0.2572 - precision: 0.8990 - recall: 0.9986
[1m 11/155[0m [32m=[0m[37m===================[0m [1m6:07[0m 3s/step - accuracy: 0.9432 - auc: 0.9818 - loss: 0.2567 - precision: 0.9003 - recall: 0.9982
[1m 12/155[0m [32m=[0m[37m===================[0m [1m6:03[0m 3s/step - accuracy: 0.9434 - auc: 0.9818 - loss: 0.2566 - precision: 0.9016 - recall: 0.9973
[1m 13/155[0m [32m=[0m[37m===================[0m [1m6:00[0m 3s/step - accuracy: 0.9434 - auc: 0.9818 - loss: 0.2566 - precision: 0.9025 - recall: 0.9965
[1m 14/155[0m [32m=[0m[37m===================[0m [1m5:58[0m 3s/step - accuracy: 0.9435 - auc: 0.9818 - loss: 0.2565 - precision: 0.9036 - recall: 0.9957
[1m 15/155[0m [32m=[0m[37m===================[0m [1m5:54[0m 3s/step - accuracy: 0.9438 - auc: 0.9819 - loss: 0.2562 - precision: 0.9050 - recall: 0.9948
[1m 16/155[0m [32m==[0m[37m==================[0m [1m5:52[0m 3s/step - accuracy: 0.9440 - auc: 0.9820 - loss: 0.2559 - precision: 0.9062 - recall: 0.9941
[1m 17/155[0m [32m==[0m[37m==================[0m [1m5:49[0m 3s/step - accuracy: 0.9443 - auc: 0.9821 - loss: 0.2555 - precision: 0.9075 - recall: 0.9934
[1m 18/155[0m [32m==[0m[37m==================[0m [1m5:45[0m 3s/step - accuracy: 0.9446 - auc: 0.9822 - loss: 0.2550 - precision: 0.9085 - recall: 0.9927
[1m 19/155[0m [32m==[0m[37m==================[0m [1m5:43[0m 3s/step - accuracy: 0.9449 - auc: 0.9823 - loss: 0.2545 - precision: 0.9096 - recall: 0.9922
[1m 20/155[0m [32m==[0m[37m==================[0m [1m5:39[0m 3s/step - accuracy: 0.9451 - auc: 0.9824 - loss: 0.2541 - precision: 0.9106 - recall: 0.9916
[1m 21/155[0m [32m==[0m[37m==================[0m [1m5:37[0m 3s/step - accuracy: 0.9453 - auc: 0.9825 - loss: 0.2537 - precision: 0.9116 - recall: 0.9910
[1m 22/155[0m [32m==[0m[37m==================[0m [1m5:34[0m 3s/step - accuracy: 0.9455 - auc: 0.9826 - loss: 0.2534 - precision: 0.9124 - recall: 0.9905
[1m 23/155[0m [32m==[0m[37m==================[0m [1m5:31[0m 3s/step - accuracy: 0.9457 - auc: 0.9827 - loss: 0.2530 - precision: 0.9133 - recall: 0.9900
[1m 24/155[0m [32m===[0m[37m=================[0m [1m5:28[0m 3s/step - accuracy: 0.9459 - auc: 0.9828 - loss: 0.2526 - precision: 0.9141 - recall: 0.9896
[1m 25/155[0m [32m===[0m[37m=================[0m [1m5:25[0m 3s/step - accuracy: 0.9461 - auc: 0.9828 - loss: 0.2522 - precision: 0.9149 - recall: 0.9891
[1m 26/155[0m [32m===[0m[37m=================[0m [1m5:23[0m 3s/step - accuracy: 0.9463 - auc: 0.9829 - loss: 0.2519 - precision: 0.9157 - recall: 0.9886
[1m 27/155[0m [32m===[0m[37m=================[0m [1m5:20[0m 3s/step - accuracy: 0.9465 - auc: 0.9829 - loss: 0.2517 - precision: 0.9164 - recall: 0.9882
[1m 28/155[0m [32m===[0m[37m=================[0m [1m5:17[0m 3s/step - accuracy: 0.9466 - auc: 0.9830 - loss: 0.2515 - precision: 0.9170 - recall: 0.9878
[1m 29/155[0m [32m===[0m[37m=================[0m [1m5:14[0m 2s/step - accuracy: 0.9466 - auc: 0.9830 - loss: 0.2514 - precision: 0.9175 - recall: 0.9874
[1m 30/155[0m [32m===[0m[37m=================[0m [1m5:12[0m 2s/step - accuracy: 0.9466 - auc: 0.9830 - loss: 0.2514 - precision: 0.9180 - recall: 0.9870
[1m 31/155[0m [32m====[0m[37m================[0m [1m5:09[0m 2s/step - accuracy: 0.9467 - auc: 0.9830 - loss: 0.2513 - precision: 0.9185 - recall: 0.9867
[1m 32/155[0m [32m====[0m[37m================[0m [1m5:06[0m 2s/step - accuracy: 0.9468 - auc: 0.9830 - loss: 0.2512 - precision: 0.9190 - recall: 0.9863
[1m 33/155[0m [32m====[0m[37m================[0m [1m5:04[0m 2s/step - accuracy: 0.9468 - auc: 0.9830 - loss: 0.2512 - precision: 0.9194 - recall: 0.9860
[1m 34/155[0m [32m====[0m[37m================[0m [1m5:01[0m 2s/step - accuracy: 0.9468 - auc: 0.9830 - loss: 0.2512 - precision: 0.9197 - recall: 0.9857
[1m 35/155[0m [32m====[0m[37m================[0m [1m4:59[0m 2s/step - accuracy: 0.9468 - auc: 0.9829 - loss: 0.2512 - precision: 0.9199 - recall: 0.9854
[1m 36/155[0m [32m====[0m[37m================[0m [1m4:56[0m 2s/step - accuracy: 0.9468 - auc: 0.9829 - loss: 0.2513 - precision: 0.9202 - recall: 0.9852
[1m 37/155[0m [32m====[0m[37m================[0m [1m4:54[0m 2s/step - accuracy: 0.9468 - auc: 0.9829 - loss: 0.2512 - precision: 0.9205 - recall: 0.9850
[1m 38/155[0m [32m====[0m[37m================[0m [1m4:51[0m 2s/step - accuracy: 0.9468 - auc: 0.9829 - loss: 0.2513 - precision: 0.9208 - recall: 0.9847
[1m 39/155[0m [32m=====[0m[37m===============[0m [1m4:48[0m 2s/step - accuracy: 0.9469 - auc: 0.9829 - loss: 0.2512 - precision: 0.9211 - recall: 0.9845
[1m 40/155[0m [32m=====[0m[37m===============[0m [1m4:46[0m 2s/step - accuracy: 0.9469 - auc: 0.9829 - loss: 0.2513 - precision: 0.9214 - recall: 0.9843
[1m 41/155[0m [32m=====[0m[37m===============[0m [1m4:43[0m 2s/step - accuracy: 0.9469 - auc: 0.9829 - loss: 0.2512 - precision: 0.9216 - recall: 0.9841
[1m 42/155[0m [32m=====[0m[37m===============[0m [1m4:41[0m 2s/step - accuracy: 0.9470 - auc: 0.9829 - loss: 0.2512 - precision: 0.9219 - recall: 0.9839
[1m 43/155[0m [32m=====[0m[37m===============[0m [1m4:38[0m 2s/step - accuracy: 0.9470 - auc: 0.9829 - loss: 0.2512 - precision: 0.9222 - recall: 0.9837
[1m 44/155[0m [32m=====[0m[37m===============[0m [1m4:36[0m 2s/step - accuracy: 0.9471 - auc: 0.9829 - loss: 0.2512 - precision: 0.9224 - recall: 0.9835
[1m 45/155[0m [32m=====[0m[37m===============[0m [1m4:33[0m 2s/step - accuracy: 0.9471 - auc: 0.9829 - loss: 0.2511 - precision: 0.9227 - recall: 0.9833
[1m 46/155[0m [32m=====[0m[37m===============[0m [1m4:30[0m 2s/step - accuracy: 0.9471 - auc: 0.9829 - loss: 0.2510 - precision: 0.9230 - recall: 0.9831
[1m 47/155[0m [32m======[0m[37m==============[0m [1m4:28[0m 2s/step - accuracy: 0.9472 - auc: 0.9830 - loss: 0.2509 - precision: 0.9232 - recall: 0.9830
[1m 48/155[0m [32m======[0m[37m==============[0m [1m4:25[0m 2s/step - accuracy: 0.9472 - auc: 0.9830 - loss: 0.2508 - precision: 0.9234 - recall: 0.9828
[1m 49/155[0m [32m======[0m[37m==============[0m [1m4:23[0m 2s/step - accuracy: 0.9473 - auc: 0.9830 - loss: 0.2507 - precision: 0.9236 - recall: 0.9827
[1m 50/155[0m [32m======[0m[37m==============[0m [1m4:20[0m 2s/step - accuracy: 0.9473 - auc: 0.9830 - loss: 0.2507 - precision: 0.9238 - recall: 0.9826
[1m 51/155[0m [32m======[0m[37m==============[0m [1m4:18[0m 2s/step - accuracy: 0.9473 - auc: 0.9831 - loss: 0.2506 - precision: 0.9240 - recall: 0.9825
[1m 52/155[0m [32m======[0m[37m==============[0m [1m4:15[0m 2s/step - accuracy: 0.9474 - auc: 0.9831 - loss: 0.2506 - precision: 0.9241 - recall: 0.9824
[1m 53/155[0m [32m======[0m[37m==============[0m [1m4:13[0m 2s/step - accuracy: 0.9474 - auc: 0.9831 - loss: 0.2505 - precision: 0.9243 - recall: 0.9823
[1m 54/155[0m [32m======[0m[37m==============[0m [1m4:10[0m 2s/step - accuracy: 0.9474 - auc: 0.9831 - loss: 0.2505 - precision: 0.9245 - recall: 0.9822
[1m 55/155[0m [32m=======[0m[37m=============[0m [1m4:08[0m 2s/step - accuracy: 0.9475 - auc: 0.9831 - loss: 0.2504 - precision: 0.9247 - recall: 0.9821
[1m 56/155[0m [32m=======[0m[37m=============[0m [1m4:05[0m 2s/step - accuracy: 0.9475 - auc: 0.9831 - loss: 0.2504 - precision: 0.9248 - recall: 0.9820
[1m 57/155[0m [32m=======[0m[37m=============[0m [1m4:03[0m 2s/step - accuracy: 0.9475 - auc: 0.9832 - loss: 0.2503 - precision: 0.9250 - recall: 0.9819
[1m 58/155[0m [32m=======[0m[37m=============[0m [1m4:00[0m 2s/step - accuracy: 0.9475 - auc: 0.9832 - loss: 0.2503 - precision: 0.9251 - recall: 0.9818
[1m 59/155[0m [32m=======[0m[37m=============[0m [1m3:58[0m 2s/step - accuracy: 0.9476 - auc: 0.9832 - loss: 0.2503 - precision: 0.9252 - recall: 0.9817
[1m 60/155[0m [32m=======[0m[37m=============[0m [1m3:55[0m 2s/step - accuracy: 0.9476 - auc: 0.9832 - loss: 0.2502 - precision: 0.9254 - recall: 0.9816
[1m 61/155[0m [32m=======[0m[37m=============[0m [1m3:53[0m 2s/step - accuracy: 0.9476 - auc: 0.9832 - loss: 0.2502 - precision: 0.9255 - recall: 0.9815
[1m 62/155[0m [32m========[0m[37m============[0m [1m3:51[0m 2s/step - accuracy: 0.9476 - auc: 0.9832 - loss: 0.2501 - precision: 0.9256 - recall: 0.9815
[1m 63/155[0m [32m========[0m[37m============[0m [1m3:48[0m 2s/step - accuracy: 0.9477 - auc: 0.9833 - loss: 0.2501 - precision: 0.9258 - recall: 0.9814
[1m 64/155[0m [32m========[0m[37m============[0m [1m3:46[0m 2s/step - accuracy: 0.9477 - auc: 0.9833 - loss: 0.2500 - precision: 0.9259 - recall: 0.9814
[1m 65/155[0m [32m========[0m[37m============[0m [1m3:43[0m 2s/step - accuracy: 0.9477 - auc: 0.9833 - loss: 0.2500 - precision: 0.9260 - recall: 0.9813
[1m 66/155[0m [32m========[0m[37m============[0m [1m3:41[0m 2s/step - accuracy: 0.9478 - auc: 0.9833 - loss: 0.2499 - precision: 0.9262 - recall: 0.9813
[1m 67/155[0m [32m========[0m[37m============[0m [1m3:38[0m 2s/step - accuracy: 0.9478 - auc: 0.9833 - loss: 0.2499 - precision: 0.9263 - recall: 0.9812
[1m 68/155[0m [32m========[0m[37m============[0m [1m3:35[0m 2s/step - accuracy: 0.9479 - auc: 0.9833 - loss: 0.2498 - precision: 0.9264 - recall: 0.9812
[1m 69/155[0m [32m========[0m[37m============[0m [1m3:33[0m 2s/step - accuracy: 0.9479 - auc: 0.9833 - loss: 0.2498 - precision: 0.9265 - recall: 0.9811
[1m 70/155[0m [32m=========[0m[37m===========[0m [1m3:30[0m 2s/step - accuracy: 0.9480 - auc: 0.9834 - loss: 0.2497 - precision: 0.9266 - recall: 0.9811
[1m 71/155[0m [32m=========[0m[37m===========[0m [1m3:28[0m 2s/step - accuracy: 0.9480 - auc: 0.9834 - loss: 0.2497 - precision: 0.9267 - recall: 0.9811
[1m 72/155[0m [32m=========[0m[37m===========[0m [1m3:25[0m 2s/step - accuracy: 0.9480 - auc: 0.9834 - loss: 0.2496 - precision: 0.9268 - recall: 0.9810
[1m 73/155[0m [32m=========[0m[37m===========[0m [1m3:23[0m 2s/step - accuracy: 0.9481 - auc: 0.9834 - loss: 0.2496 - precision: 0.9269 - recall: 0.9810
[1m 74/155[0m [32m=========[0m[37m===========[0m [1m3:20[0m 2s/step - accuracy: 0.9481 - auc: 0.9834 - loss: 0.2496 - precision: 0.9271 - recall: 0.9810
[1m 75/155[0m [32m=========[0m[37m===========[0m [1m3:18[0m 2s/step - accuracy: 0.9481 - auc: 0.9834 - loss: 0.2496 - precision: 0.9272 - recall: 0.9809
[1m 76/155[0m [32m=========[0m[37m===========[0m [1m3:15[0m 2s/step - accuracy: 0.9482 - auc: 0.9834 - loss: 0.2496 - precision: 0.9272 - recall: 0.9809
[1m 77/155[0m [32m=========[0m[37m===========[0m [1m3:13[0m 2s/step - accuracy: 0.9482 - auc: 0.9834 - loss: 0.2495 - precision: 0.9273 - recall: 0.9808
[1m 78/155[0m [32m==========[0m[37m==========[0m [1m3:11[0m 2s/step - accuracy: 0.9482 - auc: 0.9834 - loss: 0.2495 - precision: 0.9274 - recall: 0.9808
[1m 79/155[0m [32m==========[0m[37m==========[0m [1m3:08[0m 2s/step - accuracy: 0.9482 - auc: 0.9834 - loss: 0.2495 - precision: 0.9275 - recall: 0.9808
[1m 80/155[0m [32m==========[0m[37m==========[0m [1m3:05[0m 2s/step - accuracy: 0.9482 - auc: 0.9834 - loss: 0.2495 - precision: 0.9276 - recall: 0.9807
[1m 81/155[0m [32m==========[0m[37m==========[0m [1m3:03[0m 2s/step - accuracy: 0.9483 - auc: 0.9834 - loss: 0.2494 - precision: 0.9276 - recall: 0.9807
[1m 82/155[0m [32m==========[0m[37m==========[0m [1m3:00[0m 2s/step - accuracy: 0.9483 - auc: 0.9834 - loss: 0.2494 - precision: 0.9277 - recall: 0.9807
[1m 83/155[0m [32m==========[0m[37m==========[0m [1m2:58[0m 2s/step - accuracy: 0.9483 - auc: 0.9834 - loss: 0.2494 - precision: 0.9278 - recall: 0.9806
[1m 84/155[0m [32m==========[0m[37m==========[0m [1m2:55[0m 2s/step - accuracy: 0.9483 - auc: 0.9834 - loss: 0.2494 - precision: 0.9279 - recall: 0.9806
[1m 85/155[0m [32m==========[0m[37m==========[0m [1m2:53[0m 2s/step - accuracy: 0.9484 - auc: 0.9834 - loss: 0.2494 - precision: 0.9279 - recall: 0.9806
[1m 86/155[0m [32m===========[0m[37m=========[0m [1m2:50[0m 2s/step - accuracy: 0.9484 - auc: 0.9834 - loss: 0.2493 - precision: 0.9280 - recall: 0.9806
[1m 87/155[0m [32m===========[0m[37m=========[0m [1m2:48[0m 2s/step - accuracy: 0.9484 - auc: 0.9834 - loss: 0.2493 - precision: 0.9281 - recall: 0.9805
[1m 88/155[0m [32m===========[0m[37m=========[0m [1m2:46[0m 2s/step - accuracy: 0.9484 - auc: 0.9834 - loss: 0.2493 - precision: 0.9281 - recall: 0.9805
[1m 89/155[0m [32m===========[0m[37m=========[0m [1m2:43[0m 2s/step - accuracy: 0.9485 - auc: 0.9834 - loss: 0.2493 - precision: 0.9282 - recall: 0.9805
[1m 90/155[0m [32m===========[0m[37m=========[0m [1m2:40[0m 2s/step - accuracy: 0.9485 - auc: 0.9834 - loss: 0.2493 - precision: 0.9282 - recall: 0.9805
[1m 91/155[0m [32m===========[0m[37m=========[0m [1m2:38[0m 2s/step - accuracy: 0.9485 - auc: 0.9834 - loss: 0.2493 - precision: 0.9283 - recall: 0.9804
[1m 92/155[0m [32m===========[0m[37m=========[0m [1m2:35[0m 2s/step - accuracy: 0.9485 - auc: 0.9834 - loss: 0.2493 - precision: 0.9283 - recall: 0.9804
[1m 93/155[0m [32m============[0m[37m========[0m [1m2:33[0m 2s/step - accuracy: 0.9485 - auc: 0.9834 - loss: 0.2493 - precision: 0.9284 - recall: 0.9804
[1m 94/155[0m [32m============[0m[37m========[0m [1m2:30[0m 2s/step - accuracy: 0.9486 - auc: 0.9834 - loss: 0.2492 - precision: 0.9284 - recall: 0.9804
[1m 95/155[0m [32m============[0m[37m========[0m [1m2:28[0m 2s/step - accuracy: 0.9486 - auc: 0.9834 - loss: 0.2492 - precision: 0.9284 - recall: 0.9804
[1m 96/155[0m [32m============[0m[37m========[0m [1m2:25[0m 2s/step - accuracy: 0.9486 - auc: 0.9834 - loss: 0.2492 - precision: 0.9285 - recall: 0.9803
[1m 97/155[0m [32m============[0m[37m========[0m [1m2:23[0m 2s/step - accuracy: 0.9486 - auc: 0.9834 - loss: 0.2492 - precision: 0.9285 - recall: 0.9803
[1m 98/155[0m [32m============[0m[37m========[0m [1m2:20[0m 2s/step - accuracy: 0.9486 - auc: 0.9834 - loss: 0.2492 - precision: 0.9286 - recall: 0.9803
[1m 99/155[0m [32m============[0m[37m========[0m [1m2:18[0m 2s/step - accuracy: 0.9486 - auc: 0.9834 - loss: 0.2492 - precision: 0.9286 - recall: 0.9802
[1m100/155[0m [32m============[0m[37m========[0m [1m2:16[0m 2s/step - accuracy: 0.9486 - auc: 0.9834 - loss: 0.2492 - precision: 0.9287 - recall: 0.9802
[1m101/155[0m [32m=============[0m[37m=======[0m [1m2:13[0m 2s/step - accuracy: 0.9486 - auc: 0.9834 - loss: 0.2492 - precision: 0.9287 - recall: 0.9802
[1m102/155[0m [32m=============[0m[37m=======[0m [1m2:11[0m 2s/step - accuracy: 0.9487 - auc: 0.9834 - loss: 0.2492 - precision: 0.9288 - recall: 0.9801
[1m103/155[0m [32m=============[0m[37m=======[0m [1m2:08[0m 2s/step - accuracy: 0.9487 - auc: 0.9834 - loss: 0.2492 - precision: 0.9288 - recall: 0.9801
[1m104/155[0m [32m=============[0m[37m=======[0m [1m2:06[0m 2s/step - accuracy: 0.9487 - auc: 0.9834 - loss: 0.2492 - precision: 0.9289 - recall: 0.9801
[1m105/155[0m [32m=============[0m[37m=======[0m [1m2:03[0m 2s/step - accuracy: 0.9487 - auc: 0.9834 - loss: 0.2491 - precision: 0.9289 - recall: 0.9801
[1m106/155[0m [32m=============[0m[37m=======[0m [1m2:01[0m 2s/step - accuracy: 0.9487 - auc: 0.9834 - loss: 0.2491 - precision: 0.9290 - recall: 0.9800
[1m107/155[0m [32m=============[0m[37m=======[0m [1m1:58[0m 2s/step - accuracy: 0.9488 - auc: 0.9834 - loss: 0.2491 - precision: 0.9290 - recall: 0.9800
[1m108/155[0m [32m=============[0m[37m=======[0m [1m1:56[0m 2s/step - accuracy: 0.9488 - auc: 0.9834 - loss: 0.2491 - precision: 0.9291 - recall: 0.9800
[1m109/155[0m [32m==============[0m[37m======[0m [1m1:53[0m 2s/step - accuracy: 0.9488 - auc: 0.9834 - loss: 0.2491 - precision: 0.9291 - recall: 0.9799
[1m110/155[0m [32m==============[0m[37m======[0m [1m1:51[0m 2s/step - accuracy: 0.9488 - auc: 0.9834 - loss: 0.2491 - precision: 0.9292 - recall: 0.9799
[1m111/155[0m [32m==============[0m[37m======[0m [1m1:48[0m 2s/step - accuracy: 0.9488 - auc: 0.9834 - loss: 0.2491 - precision: 0.9292 - recall: 0.9799
[1m112/155[0m [32m==============[0m[37m======[0m [1m1:46[0m 2s/step - accuracy: 0.9488 - auc: 0.9834 - loss: 0.2492 - precision: 0.9293 - recall: 0.9798
[1m113/155[0m [32m==============[0m[37m======[0m [1m1:43[0m 2s/step - accuracy: 0.9488 - auc: 0.9834 - loss: 0.2492 - precision: 0.9293 - recall: 0.9798
[1m114/155[0m [32m==============[0m[37m======[0m [1m1:41[0m 2s/step - accuracy: 0.9488 - auc: 0.9834 - loss: 0.2492 - precision: 0.9293 - recall: 0.9798
[1m115/155[0m [32m==============[0m[37m======[0m [1m1:38[0m 2s/step - accuracy: 0.9488 - auc: 0.9834 - loss: 0.2492 - precision: 0.9294 - recall: 0.9797
[1m116/155[0m [32m==============[0m[37m======[0m [1m1:36[0m 2s/step - accuracy: 0.9488 - auc: 0.9834 - loss: 0.2492 - precision: 0.9294 - recall: 0.9797
[1m117/155[0m [32m===============[0m[37m=====[0m [1m1:33[0m 2s/step - accuracy: 0.9488 - auc: 0.9834 - loss: 0.2492 - precision: 0.9295 - recall: 0.9796
[1m118/155[0m [32m===============[0m[37m=====[0m [1m1:31[0m 2s/step - accuracy: 0.9488 - auc: 0.9834 - loss: 0.2493 - precision: 0.9295 - recall: 0.9796
[1m119/155[0m [32m===============[0m[37m=====[0m [1m1:28[0m 2s/step - accuracy: 0.9488 - auc: 0.9834 - loss: 0.2493 - precision: 0.9296 - recall: 0.9796
[1m120/155[0m [32m===============[0m[37m=====[0m [1m1:26[0m 2s/step - accuracy: 0.9488 - auc: 0.9834 - loss: 0.2493 - precision: 0.9296 - recall: 0.9795
[1m121/155[0m [32m===============[0m[37m=====[0m [1m1:23[0m 2s/step - accuracy: 0.9488 - auc: 0.9834 - loss: 0.2493 - precision: 0.9296 - recall: 0.9795
[1m122/155[0m [32m===============[0m[37m=====[0m [1m1:21[0m 2s/step - accuracy: 0.9488 - auc: 0.9834 - loss: 0.2493 - precision: 0.9297 - recall: 0.9794
[1m123/155[0m [32m===============[0m[37m=====[0m [1m1:18[0m 2s/step - accuracy: 0.9489 - auc: 0.9834 - loss: 0.2493 - precision: 0.9297 - recall: 0.9794
[1m124/155[0m [32m================[0m[37m====[0m [1m1:16[0m 2s/step - accuracy: 0.9489 - auc: 0.9834 - loss: 0.2494 - precision: 0.9298 - recall: 0.9794
[1m125/155[0m [32m================[0m[37m====[0m [1m1:13[0m 2s/step - accuracy: 0.9489 - auc: 0.9834 - loss: 0.2494 - precision: 0.9298 - recall: 0.9794
[1m126/155[0m [32m================[0m[37m====[0m [1m1:11[0m 2s/step - accuracy: 0.9489 - auc: 0.9834 - loss: 0.2494 - precision: 0.9299 - recall: 0.9793
[1m127/155[0m [32m================[0m[37m====[0m [1m1:08[0m 2s/step - accuracy: 0.9489 - auc: 0.9834 - loss: 0.2494 - precision: 0.9299 - recall: 0.9793
[1m128/155[0m [32m================[0m[37m====[0m [1m1:06[0m 2s/step - accuracy: 0.9489 - auc: 0.9834 - loss: 0.2494 - precision: 0.9300 - recall: 0.9793
[1m129/155[0m [32m================[0m[37m====[0m [1m1:04[0m 2s/step - accuracy: 0.9489 - auc: 0.9834 - loss: 0.2494 - precision: 0.9300 - recall: 0.9792
[1m130/155[0m [32m================[0m[37m====[0m [1m1:01[0m 2s/step - accuracy: 0.9489 - auc: 0.9834 - loss: 0.2494 - precision: 0.9300 - recall: 0.9792
[1m131/155[0m [32m================[0m[37m====[0m [1m59s[0m 2s/step - accuracy: 0.9489 - auc: 0.9834 - loss: 0.2494 - precision: 0.9301 - recall: 0.9792 
[1m132/155[0m [32m=================[0m[37m===[0m [1m56s[0m 2s/step - accuracy: 0.9489 - auc: 0.9833 - loss: 0.2495 - precision: 0.9301 - recall: 0.9792
[1m133/155[0m [32m=================[0m[37m===[0m [1m54s[0m 2s/step - accuracy: 0.9489 - auc: 0.9833 - loss: 0.2495 - precision: 0.9301 - recall: 0.9791
[1m134/155[0m [32m=================[0m[37m===[0m [1m51s[0m 2s/step - accuracy: 0.9489 - auc: 0.9833 - loss: 0.2495 - precision: 0.9301 - recall: 0.9791
[1m135/155[0m [32m=================[0m[37m===[0m [1m49s[0m 2s/step - accuracy: 0.9490 - auc: 0.9833 - loss: 0.2495 - precision: 0.9302 - recall: 0.9791
[1m136/155[0m [32m=================[0m[37m===[0m [1m46s[0m 2s/step - accuracy: 0.9490 - auc: 0.9833 - loss: 0.2495 - precision: 0.9302 - recall: 0.9791
[1m137/155[0m [32m=================[0m[37m===[0m [1m44s[0m 2s/step - accuracy: 0.9490 - auc: 0.9833 - loss: 0.2495 - precision: 0.9302 - recall: 0.9791
[1m138/155[0m [32m=================[0m[37m===[0m [1m41s[0m 2s/step - accuracy: 0.9490 - auc: 0.9833 - loss: 0.2495 - precision: 0.9302 - recall: 0.9791
[1m139/155[0m [32m=================[0m[37m===[0m [1m39s[0m 2s/step - accuracy: 0.9490 - auc: 0.9833 - loss: 0.2496 - precision: 0.9302 - recall: 0.9790
[1m140/155[0m [32m==================[0m[37m==[0m [1m36s[0m 2s/step - accuracy: 0.9490 - auc: 0.9833 - loss: 0.2496 - precision: 0.9303 - recall: 0.9790
[1m141/155[0m [32m==================[0m[37m==[0m [1m34s[0m 2s/step - accuracy: 0.9490 - auc: 0.9833 - loss: 0.2496 - precision: 0.9303 - recall: 0.9790
[1m142/155[0m [32m==================[0m[37m==[0m [1m32s[0m 2s/step - accuracy: 0.9490 - auc: 0.9833 - loss: 0.2496 - precision: 0.9303 - recall: 0.9790
[1m143/155[0m [32m==================[0m[37m==[0m [1m29s[0m 2s/step - accuracy: 0.9490 - auc: 0.9833 - loss: 0.2496 - precision: 0.9304 - recall: 0.9790
[1m144/155[0m [32m==================[0m[37m==[0m [1m27s[0m 2s/step - accuracy: 0.9490 - auc: 0.9833 - loss: 0.2496 - precision: 0.9304 - recall: 0.9789
[1m145/155[0m [32m==================[0m[37m==[0m [1m24s[0m 2s/step - accuracy: 0.9490 - auc: 0.9833 - loss: 0.2496 - precision: 0.9304 - recall: 0.9789
[1m146/155[0m [32m==================[0m[37m==[0m [1m22s[0m 2s/step - accuracy: 0.9490 - auc: 0.9833 - loss: 0.2496 - precision: 0.9304 - recall: 0.9789
[1m147/155[0m [32m==================[0m[37m==[0m [1m19s[0m 2s/step - accuracy: 0.9490 - auc: 0.9833 - loss: 0.2497 - precision: 0.9304 - recall: 0.9789
[1m148/155[0m [32m===================[0m[37m=[0m [1m17s[0m 2s/step - accuracy: 0.9490 - auc: 0.9832 - loss: 0.2497 - precision: 0.9304 - recall: 0.97892026-05-14 08:16:12.872033: I tensorflow/core/kernels/data/shuffle_dataset_op.cc:453] ShuffleDatasetV3:7: Filling up shuffle buffer (this may take a while): 194 of 1024

[1m149/155[0m [32m===================[0m[37m=[0m [1m14s[0m 2s/step - accuracy: 0.9490 - auc: 0.9832 - loss: 0.2497 - precision: 0.9304 - recall: 0.9789
[1m150/155[0m [32m===================[0m[37m=[0m [1m12s[0m 2s/step - accuracy: 0.9490 - auc: 0.9832 - loss: 0.2497 - precision: 0.9304 - recall: 0.9788
[1m151/155[0m [32m===================[0m[37m=[0m [1m9s[0m 2s/step - accuracy: 0.9490 - auc: 0.9832 - loss: 0.2497 - precision: 0.9304 - recall: 0.9788 
[1m152/155[0m [32m===================[0m[37m=[0m [1m7s[0m 2s/step - accuracy: 0.9490 - auc: 0.9832 - loss: 0.2498 - precision: 0.9305 - recall: 0.9788
[1m153/155[0m [32m===================[0m[37m=[0m [1m4s[0m 2s/step - accuracy: 0.9490 - auc: 0.9832 - loss: 0.2498 - precision: 0.9305 - recall: 0.97882026-05-14 08:16:22.927062: I tensorflow/core/kernels/data/shuffle_dataset_op.cc:453] ShuffleDatasetV3:7: Filling up shuffle buffer (this may take a while): 467 of 1024

[1m154/155[0m [32m===================[0m[37m=[0m [1m2s[0m 2s/step - accuracy: 0.9490 - auc: 0.9832 - loss: 0.2498 - precision: 0.9305 - recall: 0.9788
[1m155/155[0m [32m====================[0m[37m[0m [1m0s[0m 2s/step - accuracy: 0.9490 - auc: 0.9832 - loss: 0.2498 - precision: 0.9305 - recall: 0.97882026-05-14 08:16:33.620784: I tensorflow/core/kernels/data/shuffle_dataset_op.cc:483] Shuffle buffer filled.

Epoch 13: val_auc did not improve from 0.94825

Epoch 13: ReduceLROnPlateau reducing learning rate to 2.499999936844688e-05.

[1m155/155[0m [32m====================[0m[37m[0m [1m403s[0m 3s/step - accuracy: 0.9485 - auc: 0.9820 - loss: 0.2529 - precision: 0.9320 - recall: 0.9764 - val_accuracy: 0.7865 - val_auc: 0.9115 - val_loss: 0.5976 - val_precision: 0.9499 - val_recall: 0.6838 - learning_rate: 5.0000e-05
Epoch 14/30

[1m  1/155[0m [37m====================[0m [1m6:35[0m 3s/step - accuracy: 0.9844 - auc: 0.9990 - loss: 0.1883 - precision: 0.9655 - recall: 1.0000
[1m  2/155[0m [37m====================[0m [1m6:13[0m 2s/step - accuracy: 0.9766 - auc: 0.9974 - loss: 0.2051 - precision: 0.9520 - recall: 1.0000
[1m  3/155[0m [37m====================[0m [1m6:26[0m 3s/step - accuracy: 0.9740 - auc: 0.9972 - loss: 0.2078 - precision: 0.9465 - recall: 1.0000
[1m  4/155[0m [37m====================[0m [1m6:27[0m 3s/step - accuracy: 0.9727 - auc: 0.9971 - loss: 0.2092 - precision: 0.9440 - recall: 1.0000
[1m  5/155[0m [37m====================[0m [1m6:24[0m 3s/step - accuracy: 0.9725 - auc: 0.9971 - loss: 0.2088 - precision: 0.9442 - recall: 1.0000
[1m  6/155[0m [37m====================[0m [1m6:18[0m 3s/step - accuracy: 0.9732 - auc: 0.9971 - loss: 0.2079 - precision: 0.9460 - recall: 1.0000
[1m  7/155[0m [37m====================[0m [1m6:13[0m 3s/step - accuracy: 0.9729 - auc: 0.9968 - loss: 0.2089 - precision: 0.9466 - recall: 0.9994
[1m  8/155[0m [32m=[0m[37m===================[0m [1m6:09[0m 3s/step - accuracy: 0.9721 - auc: 0.9960 - loss: 0.2112 - precision: 0.9461 - recall: 0.9990
[1m  9/155[0m [32m=[0m[37m===================[0m [1m6:05[0m 3s/step - accuracy: 0.9715 - auc: 0.9954 - loss: 0.2128 - precision: 0.9456 - recall: 0.9987
[1m 10/155[0m [32m=[0m[37m===================[0m [1m6:01[0m 2s/step - accuracy: 0.9708 - auc: 0.9948 - loss: 0.2145 - precision: 0.9447 - recall: 0.9985
[1m 11/155[0m [32m=[0m[37m===================[0m [1m5:58[0m 2s/step - accuracy: 0.9705 - auc: 0.9944 - loss: 0.2155 - precision: 0.9446 - recall: 0.9984
[1m 12/155[0m [32m=[0m[37m===================[0m [1m5:55[0m 2s/step - accuracy: 0.9701 - auc: 0.9940 - loss: 0.2165 - precision: 0.9447 - recall: 0.9979
[1m 13/155[0m [32m=[0m[37m===================[0m [1m5:52[0m 2s/step - accuracy: 0.9695 - auc: 0.9936 - loss: 0.2179 - precision: 0.9451 - recall: 0.9967
[1m 14/155[0m [32m=[0m[37m===================[0m [1m5:49[0m 2s/step - accuracy: 0.9692 - auc: 0.9934 - loss: 0.2186 - precision: 0.9455 - recall: 0.9957
[1m 15/155[0m [32m=[0m[37m===================[0m [1m5:47[0m 2s/step - accuracy: 0.9688 - auc: 0.9932 - loss: 0.2192 - precision: 0.9459 - recall: 0.9949
[1m 16/155[0m [32m==[0m[37m==================[0m [1m5:44[0m 2s/step - accuracy: 0.9684 - auc: 0.9930 - loss: 0.2199 - precision: 0.9460 - recall: 0.9940
[1m 17/155[0m [32m==[0m[37m==================[0m [1m5:41[0m 2s/step - accuracy: 0.9680 - auc: 0.9929 - loss: 0.2204 - precision: 0.9463 - recall: 0.9933
[1m 18/155[0m [32m==[0m[37m==================[0m [1m5:38[0m 2s/step - accuracy: 0.9677 - auc: 0.9927 - loss: 0.2208 - precision: 0.9464 - recall: 0.9927
[1m 19/155[0m [32m==[0m[37m==================[0m [1m5:37[0m 2s/step - accuracy: 0.9673 - auc: 0.9926 - loss: 0.2212 - precision: 0.9465 - recall: 0.9920
[1m 20/155[0m [32m==[0m[37m==================[0m [1m5:34[0m 2s/step - accuracy: 0.9669 - auc: 0.9925 - loss: 0.2216 - precision: 0.9465 - recall: 0.9914
[1m 21/155[0m [32m==[0m[37m==================[0m [1m5:31[0m 2s/step - accuracy: 0.9665 - auc: 0.9923 - loss: 0.2220 - precision: 0.9464 - recall: 0.9909
[1m 22/155[0m [32m==[0m[37m==================[0m [1m5:29[0m 2s/step - accuracy: 0.9662 - auc: 0.9922 - loss: 0.2222 - precision: 0.9464 - recall: 0.9904
[1m 23/155[0m [32m==[0m[37m==================[0m [1m5:26[0m 2s/step - accuracy: 0.9659 - auc: 0.9921 - loss: 0.2225 - precision: 0.9464 - recall: 0.9900
[1m 24/155[0m [32m===[0m[37m=================[0m [1m5:24[0m 2s/step - accuracy: 0.9656 - auc: 0.9920 - loss: 0.2226 - precision: 0.9463 - recall: 0.9896
[1m 25/155[0m [32m===[0m[37m=================[0m [1m5:22[0m 2s/step - accuracy: 0.9654 - auc: 0.9920 - loss: 0.2227 - precision: 0.9463 - recall: 0.9893
[1m 26/155[0m [32m===[0m[37m=================[0m [1m5:19[0m 2s/step - accuracy: 0.9652 - auc: 0.9919 - loss: 0.2228 - precision: 0.9463 - recall: 0.9890
[1m 27/155[0m [32m===[0m[37m=================[0m [1m5:16[0m 2s/step - accuracy: 0.9650 - auc: 0.9918 - loss: 0.2230 - precision: 0.9464 - recall: 0.9887
[1m 28/155[0m [32m===[0m[37m=================[0m [1m5:13[0m 2s/step - accuracy: 0.9648 - auc: 0.9917 - loss: 0.2231 - precision: 0.9464 - recall: 0.9883
[1m 29/155[0m [32m===[0m[37m=================[0m [1m5:11[0m 2s/step - accuracy: 0.9646 - auc: 0.9916 - loss: 0.2234 - precision: 0.9465 - recall: 0.9880
[1m 30/155[0m [32m===[0m[37m=================[0m [1m5:08[0m 2s/step - accuracy: 0.9645 - auc: 0.9915 - loss: 0.2236 - precision: 0.9466 - recall: 0.9876
[1m 31/155[0m [32m====[0m[37m================[0m [1m5:05[0m 2s/step - accuracy: 0.9643 - auc: 0.9915 - loss: 0.2238 - precision: 0.9467 - recall: 0.9873
[1m 32/155[0m [32m====[0m[37m================[0m [1m5:03[0m 2s/step - accuracy: 0.9642 - auc: 0.9914 - loss: 0.2239 - precision: 0.9468 - recall: 0.9870
[1m 33/155[0m [32m====[0m[37m================[0m [1m5:00[0m 2s/step - accuracy: 0.9640 - auc: 0.9914 - loss: 0.2241 - precision: 0.9469 - recall: 0.9868
[1m 34/155[0m [32m====[0m[37m================[0m [1m4:57[0m 2s/step - accuracy: 0.9640 - auc: 0.9913 - loss: 0.2242 - precision: 0.9471 - recall: 0.9865
[1m 35/155[0m [32m====[0m[37m================[0m [1m4:55[0m 2s/step - accuracy: 0.9638 - auc: 0.9912 - loss: 0.2243 - precision: 0.9472 - recall: 0.9864
[1m 36/155[0m [32m====[0m[37m================[0m [1m4:53[0m 2s/step - accuracy: 0.9637 - auc: 0.9912 - loss: 0.2245 - precision: 0.9472 - recall: 0.9862
[1m 37/155[0m [32m====[0m[37m================[0m [1m4:50[0m 2s/step - accuracy: 0.9636 - auc: 0.9911 - loss: 0.2246 - precision: 0.9472 - recall: 0.9860
[1m 38/155[0m [32m====[0m[37m================[0m [1m4:47[0m 2s/step - accuracy: 0.9635 - auc: 0.9910 - loss: 0.2248 - precision: 0.9473 - recall: 0.9859
[1m 39/155[0m [32m=====[0m[37m===============[0m [1m4:45[0m 2s/step - accuracy: 0.9634 - auc: 0.9910 - loss: 0.2250 - precision: 0.9473 - recall: 0.9858
[1m 40/155[0m [32m=====[0m[37m===============[0m [1m4:43[0m 2s/step - accuracy: 0.9633 - auc: 0.9909 - loss: 0.2251 - precision: 0.9472 - recall: 0.9857
[1m 41/155[0m [32m=====[0m[37m===============[0m [1m4:40[0m 2s/step - accuracy: 0.9631 - auc: 0.9908 - loss: 0.2253 - precision: 0.9472 - recall: 0.9856
[1m 42/155[0m [32m=====[0m[37m===============[0m [1m4:38[0m 2s/step - accuracy: 0.9630 - auc: 0.9907 - loss: 0.2255 - precision: 0.9472 - recall: 0.9854
[1m 43/155[0m [32m=====[0m[37m===============[0m [1m4:35[0m 2s/step - accuracy: 0.9629 - auc: 0.9907 - loss: 0.2256 - precision: 0.9471 - recall: 0.9853
[1m 44/155[0m [32m=====[0m[37m===============[0m [1m4:32[0m 2s/step - accuracy: 0.9628 - auc: 0.9906 - loss: 0.2258 - precision: 0.9471 - recall: 0.9853
[1m 45/155[0m [32m=====[0m[37m===============[0m [1m4:30[0m 2s/step - accuracy: 0.9627 - auc: 0.9905 - loss: 0.2260 - precision: 0.9470 - recall: 0.9852
[1m 46/155[0m [32m=====[0m[37m===============[0m [1m4:27[0m 2s/step - accuracy: 0.9626 - auc: 0.9905 - loss: 0.2261 - precision: 0.9469 - recall: 0.9851
[1m 47/155[0m [32m======[0m[37m==============[0m [1m4:25[0m 2s/step - accuracy: 0.9625 - auc: 0.9904 - loss: 0.2262 - precision: 0.9469 - recall: 0.9850
[1m 48/155[0m [32m======[0m[37m==============[0m [1m4:22[0m 2s/step - accuracy: 0.9624 - auc: 0.9903 - loss: 0.2264 - precision: 0.9468 - recall: 0.9849
[1m 49/155[0m [32m======[0m[37m==============[0m [1m4:20[0m 2s/step - accuracy: 0.9623 - auc: 0.9903 - loss: 0.2265 - precision: 0.9467 - recall: 0.9849
[1m 50/155[0m [32m======[0m[37m==============[0m [1m4:17[0m 2s/step - accuracy: 0.9622 - auc: 0.9902 - loss: 0.2266 - precision: 0.9467 - recall: 0.9848
[1m 51/155[0m [32m======[0m[37m==============[0m [1m4:15[0m 2s/step - accuracy: 0.9621 - auc: 0.9902 - loss: 0.2267 - precision: 0.9466 - recall: 0.9848
[1m 52/155[0m [32m======[0m[37m==============[0m [1m4:12[0m 2s/step - accuracy: 0.9620 - auc: 0.9902 - loss: 0.2268 - precision: 0.9466 - recall: 0.9847
[1m 53/155[0m [32m======[0m[37m==============[0m [1m4:10[0m 2s/step - accuracy: 0.9620 - auc: 0.9901 - loss: 0.2269 - precision: 0.9465 - recall: 0.9847
[1m 54/155[0m [32m======[0m[37m==============[0m [1m4:07[0m 2s/step - accuracy: 0.9619 - auc: 0.9901 - loss: 0.2269 - precision: 0.9465 - recall: 0.9846
[1m 55/155[0m [32m=======[0m[37m=============[0m [1m4:05[0m 2s/step - accuracy: 0.9619 - auc: 0.9900 - loss: 0.2269 - precision: 0.9465 - recall: 0.9846
[1m 56/155[0m [32m=======[0m[37m=============[0m [1m4:02[0m 2s/step - accuracy: 0.9618 - auc: 0.9900 - loss: 0.2270 - precision: 0.9465 - recall: 0.9846
[1m 57/155[0m [32m=======[0m[37m=============[0m [1m4:00[0m 2s/step - accuracy: 0.9618 - auc: 0.9900 - loss: 0.2270 - precision: 0.9465 - recall: 0.9845
[1m 58/155[0m [32m=======[0m[37m=============[0m [1m3:57[0m 2s/step - accuracy: 0.9618 - auc: 0.9900 - loss: 0.2271 - precision: 0.9465 - recall: 0.9845
[1m 59/155[0m [32m=======[0m[37m=============[0m [1m3:55[0m 2s/step - accuracy: 0.9617 - auc: 0.9899 - loss: 0.2271 - precision: 0.9465 - recall: 0.9845
[1m 60/155[0m [32m=======[0m[37m=============[0m [1m3:52[0m 2s/step - accuracy: 0.9617 - auc: 0.9899 - loss: 0.2271 - precision: 0.9464 - recall: 0.9844
[1m 61/155[0m [32m=======[0m[37m=============[0m [1m3:50[0m 2s/step - accuracy: 0.9616 - auc: 0.9899 - loss: 0.2272 - precision: 0.9464 - recall: 0.9844
[1m 62/155[0m [32m========[0m[37m============[0m [1m3:47[0m 2s/step - accuracy: 0.9615 - auc: 0.9898 - loss: 0.2272 - precision: 0.9463 - recall: 0.9844
[1m 63/155[0m [32m========[0m[37m============[0m [1m3:45[0m 2s/step - accuracy: 0.9615 - auc: 0.9898 - loss: 0.2273 - precision: 0.9462 - recall: 0.9843
[1m 64/155[0m [32m========[0m[37m============[0m [1m3:42[0m 2s/step - accuracy: 0.9614 - auc: 0.9898 - loss: 0.2274 - precision: 0.9461 - recall: 0.9843
[1m 65/155[0m [32m========[0m[37m============[0m [1m3:40[0m 2s/step - accuracy: 0.9613 - auc: 0.9898 - loss: 0.2274 - precision: 0.9461 - recall: 0.9843
[1m 66/155[0m [32m========[0m[37m============[0m [1m3:37[0m 2s/step - accuracy: 0.9613 - auc: 0.9897 - loss: 0.2275 - precision: 0.9460 - recall: 0.9843
[1m 67/155[0m [32m========[0m[37m============[0m [1m3:35[0m 2s/step - accuracy: 0.9612 - auc: 0.9897 - loss: 0.2276 - precision: 0.9459 - recall: 0.9843
[1m 68/155[0m [32m========[0m[37m============[0m [1m3:33[0m 2s/step - accuracy: 0.9612 - auc: 0.9897 - loss: 0.2276 - precision: 0.9459 - recall: 0.9843
[1m 69/155[0m [32m========[0m[37m============[0m [1m3:30[0m 2s/step - accuracy: 0.9611 - auc: 0.9897 - loss: 0.2276 - precision: 0.9458 - recall: 0.9843
[1m 70/155[0m [32m=========[0m[37m===========[0m [1m3:28[0m 2s/step - accuracy: 0.9611 - auc: 0.9896 - loss: 0.2277 - precision: 0.9457 - recall: 0.9843
[1m 71/155[0m [32m=========[0m[37m===========[0m [1m3:25[0m 2s/step - accuracy: 0.9610 - auc: 0.9896 - loss: 0.2277 - precision: 0.9457 - recall: 0.9842
[1m 72/155[0m [32m=========[0m[37m===========[0m [1m3:23[0m 2s/step - accuracy: 0.9610 - auc: 0.9896 - loss: 0.2278 - precision: 0.9456 - recall: 0.9842
[1m 73/155[0m [32m=========[0m[37m===========[0m [1m3:20[0m 2s/step - accuracy: 0.9609 - auc: 0.9896 - loss: 0.2278 - precision: 0.9456 - recall: 0.9842
[1m 74/155[0m [32m=========[0m[37m===========[0m [1m3:18[0m 2s/step - accuracy: 0.9609 - auc: 0.9896 - loss: 0.2278 - precision: 0.9455 - recall: 0.9842
[1m 75/155[0m [32m=========[0m[37m===========[0m [1m3:15[0m 2s/step - accuracy: 0.9608 - auc: 0.9895 - loss: 0.2279 - precision: 0.9454 - recall: 0.9842
[1m 76/155[0m [32m=========[0m[37m===========[0m [1m3:13[0m 2s/step - accuracy: 0.9608 - auc: 0.9895 - loss: 0.2279 - precision: 0.9454 - recall: 0.9842
[1m 77/155[0m [32m=========[0m[37m===========[0m [1m3:10[0m 2s/step - accuracy: 0.9608 - auc: 0.9895 - loss: 0.2279 - precision: 0.9453 - recall: 0.9842
[1m 78/155[0m [32m==========[0m[37m==========[0m [1m3:08[0m 2s/step - accuracy: 0.9607 - auc: 0.9895 - loss: 0.2280 - precision: 0.9453 - recall: 0.9842
[1m 79/155[0m [32m==========[0m[37m==========[0m [1m3:05[0m 2s/step - accuracy: 0.9607 - auc: 0.9895 - loss: 0.2280 - precision: 0.9452 - recall: 0.9842
[1m 80/155[0m [32m==========[0m[37m==========[0m [1m3:03[0m 2s/step - accuracy: 0.9606 - auc: 0.9895 - loss: 0.2280 - precision: 0.9451 - recall: 0.9842
[1m 81/155[0m [32m==========[0m[37m==========[0m [1m3:00[0m 2s/step - accuracy: 0.9606 - auc: 0.9894 - loss: 0.2280 - precision: 0.9451 - recall: 0.9842
[1m 82/155[0m [32m==========[0m[37m==========[0m [1m2:58[0m 2s/step - accuracy: 0.9606 - auc: 0.9894 - loss: 0.2281 - precision: 0.9451 - recall: 0.9842
[1m 83/155[0m [32m==========[0m[37m==========[0m [1m2:56[0m 2s/step - accuracy: 0.9605 - auc: 0.9894 - loss: 0.2281 - precision: 0.9450 - recall: 0.9842
[1m 84/155[0m [32m==========[0m[37m==========[0m [1m2:53[0m 2s/step - accuracy: 0.9605 - auc: 0.9894 - loss: 0.2281 - precision: 0.9450 - recall: 0.9842
[1m 85/155[0m [32m==========[0m[37m==========[0m [1m2:51[0m 2s/step - accuracy: 0.9605 - auc: 0.9894 - loss: 0.2281 - precision: 0.9449 - recall: 0.9842
[1m 86/155[0m [32m===========[0m[37m=========[0m [1m2:48[0m 2s/step - accuracy: 0.9604 - auc: 0.9894 - loss: 0.2282 - precision: 0.9449 - recall: 0.9841
[1m 87/155[0m [32m===========[0m[37m=========[0m [1m2:46[0m 2s/step - accuracy: 0.9604 - auc: 0.9894 - loss: 0.2282 - precision: 0.9449 - recall: 0.9841
[1m 88/155[0m [32m===========[0m[37m=========[0m [1m2:43[0m 2s/step - accuracy: 0.9604 - auc: 0.9893 - loss: 0.2282 - precision: 0.9449 - recall: 0.9841
[1m 89/155[0m [32m===========[0m[37m=========[0m [1m2:41[0m 2s/step - accuracy: 0.9603 - auc: 0.9893 - loss: 0.2282 - precision: 0.9448 - recall: 0.9841
[1m 90/155[0m [32m===========[0m[37m=========[0m [1m2:39[0m 2s/step - accuracy: 0.9603 - auc: 0.9893 - loss: 0.2282 - precision: 0.9448 - recall: 0.9841
[1m 91/155[0m [32m===========[0m[37m=========[0m [1m2:36[0m 2s/step - accuracy: 0.9603 - auc: 0.9893 - loss: 0.2283 - precision: 0.9447 - recall: 0.9841
[1m 92/155[0m [32m===========[0m[37m=========[0m [1m2:34[0m 2s/step - accuracy: 0.9602 - auc: 0.9893 - loss: 0.2283 - precision: 0.9447 - recall: 0.9841
[1m 93/155[0m [32m============[0m[37m========[0m [1m2:31[0m 2s/step - accuracy: 0.9602 - auc: 0.9893 - loss: 0.2283 - precision: 0.9446 - recall: 0.9841
[1m 94/155[0m [32m============[0m[37m========[0m [1m2:29[0m 2s/step - accuracy: 0.9602 - auc: 0.9893 - loss: 0.2283 - precision: 0.9445 - recall: 0.9841
[1m 95/155[0m [32m============[0m[37m========[0m [1m2:27[0m 2s/step - accuracy: 0.9601 - auc: 0.9893 - loss: 0.2284 - precision: 0.9445 - recall: 0.9841
[1m 96/155[0m [32m============[0m[37m========[0m [1m2:24[0m 2s/step - accuracy: 0.9601 - auc: 0.9892 - loss: 0.2284 - precision: 0.9444 - recall: 0.9841
[1m 97/155[0m [32m============[0m[37m========[0m [1m2:22[0m 2s/step - accuracy: 0.9601 - auc: 0.9892 - loss: 0.2284 - precision: 0.9444 - recall: 0.9841
[1m 98/155[0m [32m============[0m[37m========[0m [1m2:19[0m 2s/step - accuracy: 0.9601 - auc: 0.9892 - loss: 0.2284 - precision: 0.9444 - recall: 0.9841
[1m 99/155[0m [32m============[0m[37m========[0m [1m2:17[0m 2s/step - accuracy: 0.9600 - auc: 0.9892 - loss: 0.2284 - precision: 0.9443 - recall: 0.9841
[1m100/155[0m [32m============[0m[37m========[0m [1m2:14[0m 2s/step - accuracy: 0.9600 - auc: 0.9892 - loss: 0.2284 - precision: 0.9443 - recall: 0.9841
[1m101/155[0m [32m=============[0m[37m=======[0m [1m2:12[0m 2s/step - accuracy: 0.9600 - auc: 0.9892 - loss: 0.2285 - precision: 0.9442 - recall: 0.9840
[1m102/155[0m [32m=============[0m[37m=======[0m [1m2:09[0m 2s/step - accuracy: 0.9599 - auc: 0.9892 - loss: 0.2285 - precision: 0.9442 - recall: 0.9840
[1m103/155[0m [32m=============[0m[37m=======[0m [1m2:07[0m 2s/step - accuracy: 0.9599 - auc: 0.9892 - loss: 0.2285 - precision: 0.9442 - recall: 0.9840
[1m104/155[0m [32m=============[0m[37m=======[0m [1m2:05[0m 2s/step - accuracy: 0.9599 - auc: 0.9891 - loss: 0.2285 - precision: 0.9442 - recall: 0.9840
[1m105/155[0m [32m=============[0m[37m=======[0m [1m2:02[0m 2s/step - accuracy: 0.9599 - auc: 0.9891 - loss: 0.2286 - precision: 0.9442 - recall: 0.9839
[1m106/155[0m [32m=============[0m[37m=======[0m [1m2:00[0m 2s/step - accuracy: 0.9598 - auc: 0.9891 - loss: 0.2286 - precision: 0.9441 - recall: 0.9839
[1m107/155[0m [32m=============[0m[37m=======[0m [1m1:57[0m 2s/step - accuracy: 0.9598 - auc: 0.9891 - loss: 0.2286 - precision: 0.9441 - recall: 0.9839
[1m108/155[0m [32m=============[0m[37m=======[0m [1m1:55[0m 2s/step - accuracy: 0.9598 - auc: 0.9891 - loss: 0.2286 - precision: 0.9441 - recall: 0.9839
[1m109/155[0m [32m==============[0m[37m======[0m [1m1:52[0m 2s/step - accuracy: 0.9598 - auc: 0.9891 - loss: 0.2286 - precision: 0.9441 - recall: 0.9839
[1m110/155[0m [32m==============[0m[37m======[0m [1m1:50[0m 2s/step - accuracy: 0.9598 - auc: 0.9891 - loss: 0.2286 - precision: 0.9441 - recall: 0.9839
[1m111/155[0m [32m==============[0m[37m======[0m [1m1:48[0m 2s/step - accuracy: 0.9597 - auc: 0.9891 - loss: 0.2286 - precision: 0.9441 - recall: 0.9838
[1m112/155[0m [32m==============[0m[37m======[0m [1m1:45[0m 2s/step - accuracy: 0.9597 - auc: 0.9891 - loss: 0.2286 - precision: 0.9441 - recall: 0.9838
[1m113/155[0m [32m==============[0m[37m======[0m [1m1:43[0m 2s/step - accuracy: 0.9597 - auc: 0.9891 - loss: 0.2286 - precision: 0.9441 - recall: 0.9838
[1m114/155[0m [32m==============[0m[37m======[0m [1m1:40[0m 2s/step - accuracy: 0.9597 - auc: 0.9891 - loss: 0.2287 - precision: 0.9441 - recall: 0.9838
[1m115/155[0m [32m==============[0m[37m======[0m [1m1:38[0m 2s/step - accuracy: 0.9597 - auc: 0.9891 - loss: 0.2287 - precision: 0.9440 - recall: 0.9837
[1m116/155[0m [32m==============[0m[37m======[0m [1m1:35[0m 2s/step - accuracy: 0.9597 - auc: 0.9891 - loss: 0.2286 - precision: 0.9440 - recall: 0.9837
[1m117/155[0m [32m===============[0m[37m=====[0m [1m1:33[0m 2s/step - accuracy: 0.9597 - auc: 0.9891 - loss: 0.2286 - precision: 0.9440 - recall: 0.9837
[1m118/155[0m [32m===============[0m[37m=====[0m [1m1:31[0m 2s/step - accuracy: 0.9597 - auc: 0.9891 - loss: 0.2286 - precision: 0.9440 - recall: 0.9837
[1m119/155[0m [32m===============[0m[37m=====[0m [1m1:28[0m 2s/step - accuracy: 0.9597 - auc: 0.9891 - loss: 0.2286 - precision: 0.9440 - recall: 0.9837
[1m120/155[0m [32m===============[0m[37m=====[0m [1m1:26[0m 2s/step - accuracy: 0.9596 - auc: 0.9891 - loss: 0.2286 - precision: 0.9440 - recall: 0.9837
[1m121/155[0m [32m===============[0m[37m=====[0m [1m1:23[0m 2s/step - accuracy: 0.9596 - auc: 0.9890 - loss: 0.2286 - precision: 0.9440 - recall: 0.9837
[1m122/155[0m [32m===============[0m[37m=====[0m [1m1:21[0m 2s/step - accuracy: 0.9596 - auc: 0.9890 - loss: 0.2286 - precision: 0.9441 - recall: 0.9836
[1m123/155[0m [32m===============[0m[37m=====[0m [1m1:18[0m 2s/step - accuracy: 0.9596 - auc: 0.9890 - loss: 0.2286 - precision: 0.9441 - recall: 0.9836
[1m124/155[0m [32m================[0m[37m====[0m [1m1:16[0m 2s/step - accuracy: 0.9596 - auc: 0.9890 - loss: 0.2286 - precision: 0.9441 - recall: 0.9836
[1m125/155[0m [32m================[0m[37m====[0m [1m1:14[0m 2s/step - accuracy: 0.9596 - auc: 0.9890 - loss: 0.2286 - precision: 0.9441 - recall: 0.9836
[1m126/155[0m [32m================[0m[37m====[0m [1m1:11[0m 2s/step - accuracy: 0.9596 - auc: 0.9890 - loss: 0.2286 - precision: 0.9441 - recall: 0.9836
[1m127/155[0m [32m================[0m[37m====[0m [1m1:09[0m 2s/step - accuracy: 0.9596 - auc: 0.9890 - loss: 0.2286 - precision: 0.9441 - recall: 0.9836
[1m128/155[0m [32m================[0m[37m====[0m [1m1:06[0m 2s/step - accuracy: 0.9596 - auc: 0.9890 - loss: 0.2285 - precision: 0.9441 - recall: 0.9836
[1m129/155[0m [32m================[0m[37m====[0m [1m1:04[0m 2s/step - accuracy: 0.9596 - auc: 0.9890 - loss: 0.2285 - precision: 0.9441 - recall: 0.9836
[1m130/155[0m [32m================[0m[37m====[0m [1m1:01[0m 2s/step - accuracy: 0.9596 - auc: 0.9890 - loss: 0.2285 - precision: 0.9441 - recall: 0.9836
[1m131/155[0m [32m================[0m[37m====[0m [1m59s[0m 2s/step - accuracy: 0.9596 - auc: 0.9890 - loss: 0.2285 - precision: 0.9441 - recall: 0.9836 
[1m132/155[0m [32m=================[0m[37m===[0m [1m57s[0m 2s/step - accuracy: 0.9596 - auc: 0.9890 - loss: 0.2285 - precision: 0.9441 - recall: 0.9836
[1m133/155[0m [32m=================[0m[37m===[0m [1m54s[0m 2s/step - accuracy: 0.9596 - auc: 0.9890 - loss: 0.2285 - precision: 0.9441 - recall: 0.9836
[1m134/155[0m [32m=================[0m[37m===[0m [1m52s[0m 2s/step - accuracy: 0.9596 - auc: 0.9890 - loss: 0.2285 - precision: 0.9441 - recall: 0.9836
[1m135/155[0m [32m=================[0m[37m===[0m [1m49s[0m 2s/step - accuracy: 0.9596 - auc: 0.9890 - loss: 0.2285 - precision: 0.9441 - recall: 0.9835
[1m136/155[0m [32m=================[0m[37m===[0m [1m47s[0m 2s/step - accuracy: 0.9596 - auc: 0.9890 - loss: 0.2285 - precision: 0.9441 - recall: 0.9835
[1m137/155[0m [32m=================[0m[37m===[0m [1m44s[0m 2s/step - accuracy: 0.9596 - auc: 0.9890 - loss: 0.2284 - precision: 0.9441 - recall: 0.9835
[1m138/155[0m [32m=================[0m[37m===[0m [1m42s[0m 2s/step - accuracy: 0.9596 - auc: 0.9890 - loss: 0.2284 - precision: 0.9441 - recall: 0.9835
[1m139/155[0m [32m=================[0m[37m===[0m [1m39s[0m 2s/step - accuracy: 0.9596 - auc: 0.9890 - loss: 0.2284 - precision: 0.9441 - recall: 0.9835
[1m140/155[0m [32m==================[0m[37m==[0m [1m37s[0m 2s/step - accuracy: 0.9596 - auc: 0.9890 - loss: 0.2284 - precision: 0.9441 - recall: 0.9835
[1m141/155[0m [32m==================[0m[37m==[0m [1m34s[0m 2s/step - accuracy: 0.9596 - auc: 0.9890 - loss: 0.2284 - precision: 0.9441 - recall: 0.9835
[1m142/155[0m [32m==================[0m[37m==[0m [1m32s[0m 2s/step - accuracy: 0.9596 - auc: 0.9890 - loss: 0.2284 - precision: 0.9441 - recall: 0.9835
[1m143/155[0m [32m==================[0m[37m==[0m [1m29s[0m 2s/step - accuracy: 0.9596 - auc: 0.9890 - loss: 0.2284 - precision: 0.9441 - recall: 0.9835
[1m144/155[0m [32m==================[0m[37m==[0m [1m27s[0m 2s/step - accuracy: 0.9596 - auc: 0.9890 - loss: 0.2284 - precision: 0.9441 - recall: 0.9835
[1m145/155[0m [32m==================[0m[37m==[0m [1m24s[0m 2s/step - accuracy: 0.9596 - auc: 0.9890 - loss: 0.2284 - precision: 0.9441 - recall: 0.9835
[1m146/155[0m [32m==================[0m[37m==[0m [1m22s[0m 3s/step - accuracy: 0.9596 - auc: 0.9890 - loss: 0.2283 - precision: 0.9441 - recall: 0.9835
[1m147/155[0m [32m==================[0m[37m==[0m [1m20s[0m 3s/step - accuracy: 0.9596 - auc: 0.9890 - loss: 0.2283 - precision: 0.9441 - recall: 0.9835
[1m148/155[0m [32m===================[0m[37m=[0m [1m17s[0m 3s/step - accuracy: 0.9596 - auc: 0.9890 - loss: 0.2283 - precision: 0.9441 - recall: 0.9835
[1m149/155[0m [32m===================[0m[37m=[0m [1m15s[0m 3s/step - accuracy: 0.9596 - auc: 0.9890 - loss: 0.2283 - precision: 0.9441 - recall: 0.9835
[1m150/155[0m [32m===================[0m[37m=[0m [1m12s[0m 2s/step - accuracy: 0.9596 - auc: 0.9890 - loss: 0.2283 - precision: 0.9441 - recall: 0.98352026-05-14 08:23:02.366486: I tensorflow/core/kernels/data/shuffle_dataset_op.cc:453] ShuffleDatasetV3:7: Filling up shuffle buffer (this may take a while): 251 of 1024

[1m151/155[0m [32m===================[0m[37m=[0m [1m9s[0m 2s/step - accuracy: 0.9596 - auc: 0.9890 - loss: 0.2283 - precision: 0.9441 - recall: 0.9835 
[1m152/155[0m [32m===================[0m[37m=[0m [1m7s[0m 2s/step - accuracy: 0.9596 - auc: 0.9890 - loss: 0.2283 - precision: 0.9441 - recall: 0.9835
[1m153/155[0m [32m===================[0m[37m=[0m [1m4s[0m 2s/step - accuracy: 0.9596 - auc: 0.9889 - loss: 0.2283 - precision: 0.9441 - recall: 0.9835
[1m154/155[0m [32m===================[0m[37m=[0m [1m2s[0m 2s/step - accuracy: 0.9596 - auc: 0.9889 - loss: 0.2283 - precision: 0.9441 - recall: 0.98352026-05-14 08:23:12.407355: I tensorflow/core/kernels/data/shuffle_dataset_op.cc:453] ShuffleDatasetV3:7: Filling up shuffle buffer (this may take a while): 472 of 1024

[1m155/155[0m [32m====================[0m[37m[0m [1m0s[0m 2s/step - accuracy: 0.9596 - auc: 0.9889 - loss: 0.2283 - precision: 0.9441 - recall: 0.98352026-05-14 08:23:20.682700: I tensorflow/core/kernels/data/shuffle_dataset_op.cc:483] Shuffle buffer filled.

Epoch 14: val_auc did not improve from 0.94825

[1m155/155[0m [32m====================[0m[37m[0m [1m407s[0m 3s/step - accuracy: 0.9595 - auc: 0.9885 - loss: 0.2266 - precision: 0.9444 - recall: 0.9828 - val_accuracy: 0.8365 - val_auc: 0.9308 - val_loss: 0.4484 - val_precision: 0.9346 - val_recall: 0.7852 - learning_rate: 2.5000e-05
Epoch 15/30

[1m  1/155[0m [37m====================[0m [1m6:25[0m 3s/step - accuracy: 0.9688 - auc: 1.0000 - loss: 0.2091 - precision: 1.0000 - recall: 0.9512
[1m  2/155[0m [37m====================[0m [1m6:18[0m 2s/step - accuracy: 0.9766 - auc: 1.0000 - loss: 0.1995 - precision: 1.0000 - recall: 0.9630
[1m  3/155[0m [37m====================[0m [1m6:13[0m 2s/step - accuracy: 0.9774 - auc: 0.9992 - loss: 0.1975 - precision: 0.9971 - recall: 0.9668
[1m  4/155[0m [37m====================[0m [1m6:08[0m 2s/step - accuracy: 0.9772 - auc: 0.9970 - loss: 0.1988 - precision: 0.9931 - recall: 0.9703
[1m  5/155[0m [37m====================[0m [1m6:07[0m 2s/step - accuracy: 0.9774 - auc: 0.9959 - loss: 0.1996 - precision: 0.9904 - recall: 0.9732
[1m  6/155[0m [37m====================[0m [1m6:04[0m 2s/step - accuracy: 0.9773 - auc: 0.9952 - loss: 0.2002 - precision: 0.9876 - recall: 0.9755
[1m  7/155[0m [37m====================[0m [1m6:01[0m 2s/step - accuracy: 0.9764 - auc: 0.9946 - loss: 0.2017 - precision: 0.9840 - recall: 0.9773
[1m  8/155[0m [32m=[0m[37m===================[0m [1m6:00[0m 2s/step - accuracy: 0.9761 - auc: 0.9943 - loss: 0.2018 - precision: 0.9818 - recall: 0.9789
[1m  9/155[0m [32m=[0m[37m===================[0m [1m6:01[0m 2s/step - accuracy: 0.9757 - auc: 0.9941 - loss: 0.2022 - precision: 0.9795 - recall: 0.9802
[1m 10/155[0m [32m=[0m[37m===================[0m [1m5:59[0m 2s/step - accuracy: 0.9755 - auc: 0.9941 - loss: 0.2021 - precision: 0.9778 - recall: 0.9813
[1m 11/155[0m [32m=[0m[37m===================[0m [1m5:57[0m 2s/step - accuracy: 0.9753 - auc: 0.9940 - loss: 0.2019 - precision: 0.9767 - recall: 0.9819
[1m 12/155[0m [32m=[0m[37m===================[0m [1m5:55[0m 2s/step - accuracy: 0.9747 - auc: 0.9938 - loss: 0.2025 - precision: 0.9753 - recall: 0.9823
[1m 13/155[0m [32m=[0m[37m===================[0m [1m5:52[0m 2s/step - accuracy: 0.9743 - auc: 0.9937 - loss: 0.2028 - precision: 0.9741 - recall: 0.9826
[1m 14/155[0m [32m=[0m[37m===================[0m [1m5:49[0m 2s/step - accuracy: 0.9740 - auc: 0.9936 - loss: 0.2030 - precision: 0.9731 - recall: 0.9830
[1m 15/155[0m [32m=[0m[37m===================[0m [1m5:46[0m 2s/step - accuracy: 0.9738 - auc: 0.9936 - loss: 0.2030 - precision: 0.9722 - recall: 0.9834
[1m 16/155[0m [32m==[0m[37m==================[0m [1m5:43[0m 2s/step - accuracy: 0.9737 - auc: 0.9936 - loss: 0.2028 - precision: 0.9716 - recall: 0.9838
[1m 17/155[0m [32m==[0m[37m==================[0m [1m5:41[0m 2s/step - accuracy: 0.9735 - auc: 0.9935 - loss: 0.2031 - precision: 0.9710 - recall: 0.9840
[1m 18/155[0m [32m==[0m[37m==================[0m [1m5:38[0m 2s/step - accuracy: 0.9733 - auc: 0.9935 - loss: 0.2032 - precision: 0.9704 - recall: 0.9842
[1m 19/155[0m [32m==[0m[37m==================[0m [1m5:35[0m 2s/step - accuracy: 0.9731 - auc: 0.9934 - loss: 0.2035 - precision: 0.9696 - recall: 0.9844
[1m 20/155[0m [32m==[0m[37m==================[0m [1m5:32[0m 2s/step - accuracy: 0.9730 - auc: 0.9933 - loss: 0.2036 - precision: 0.9691 - recall: 0.9846
[1m 21/155[0m [32m==[0m[37m==================[0m [1m5:30[0m 2s/step - accuracy: 0.9729 - auc: 0.9933 - loss: 0.2037 - precision: 0.9687 - recall: 0.9848
[1m 22/155[0m [32m==[0m[37m==================[0m [1m5:27[0m 2s/step - accuracy: 0.9729 - auc: 0.9933 - loss: 0.2037 - precision: 0.9684 - recall: 0.9850
[1m 23/155[0m [32m==[0m[37m==================[0m [1m5:24[0m 2s/step - accuracy: 0.9729 - auc: 0.9933 - loss: 0.2038 - precision: 0.9681 - recall: 0.9852
[1m 24/155[0m [32m===[0m[37m=================[0m [1m5:22[0m 2s/step - accuracy: 0.9729 - auc: 0.9932 - loss: 0.2038 - precision: 0.9678 - recall: 0.9855
[1m 25/155[0m [32m===[0m[37m=================[0m [1m5:19[0m 2s/step - accuracy: 0.9728 - auc: 0.9932 - loss: 0.2040 - precision: 0.9675 - recall: 0.9856
[1m 26/155[0m [32m===[0m[37m=================[0m [1m5:16[0m 2s/step - accuracy: 0.9728 - auc: 0.9931 - loss: 0.2041 - precision: 0.9672 - recall: 0.9858
[1m 27/155[0m [32m===[0m[37m=================[0m [1m5:14[0m 2s/step - accuracy: 0.9727 - auc: 0.9930 - loss: 0.2044 - precision: 0.9669 - recall: 0.9860
[1m 28/155[0m [32m===[0m[37m=================[0m [1m5:11[0m 2s/step - accuracy: 0.9726 - auc: 0.9929 - loss: 0.2047 - precision: 0.9666 - recall: 0.9861
[1m 29/155[0m [32m===[0m[37m=================[0m [1m5:09[0m 2s/step - accuracy: 0.9725 - auc: 0.9928 - loss: 0.2050 - precision: 0.9663 - recall: 0.9863
[1m 30/155[0m [32m===[0m[37m=================[0m [1m5:06[0m 2s/step - accuracy: 0.9724 - auc: 0.9927 - loss: 0.2053 - precision: 0.9659 - recall: 0.9864
[1m 31/155[0m [32m====[0m[37m================[0m [1m5:04[0m 2s/step - accuracy: 0.9722 - auc: 0.9925 - loss: 0.2058 - precision: 0.9655 - recall: 0.9865
[1m 32/155[0m [32m====[0m[37m================[0m [1m5:01[0m 2s/step - accuracy: 0.9720 - auc: 0.9924 - loss: 0.2062 - precision: 0.9650 - recall: 0.9865
[1m 33/155[0m [32m====[0m[37m================[0m [1m4:58[0m 2s/step - accuracy: 0.9718 - auc: 0.9922 - loss: 0.2066 - precision: 0.9646 - recall: 0.9866
[1m 34/155[0m [32m====[0m[37m================[0m [1m4:56[0m 2s/step - accuracy: 0.9717 - auc: 0.9921 - loss: 0.2069 - precision: 0.9643 - recall: 0.9867
[1m 35/155[0m [32m====[0m[37m================[0m [1m4:53[0m 2s/step - accuracy: 0.9715 - auc: 0.9920 - loss: 0.2072 - precision: 0.9639 - recall: 0.9867
[1m 36/155[0m [32m====[0m[37m================[0m [1m4:51[0m 2s/step - accuracy: 0.9714 - auc: 0.9919 - loss: 0.2075 - precision: 0.9636 - recall: 0.9868
[1m 37/155[0m [32m====[0m[37m================[0m [1m4:49[0m 2s/step - accuracy: 0.9713 - auc: 0.9918 - loss: 0.2077 - precision: 0.9633 - recall: 0.9869
[1m 38/155[0m [32m====[0m[37m================[0m [1m4:46[0m 2s/step - accuracy: 0.9712 - auc: 0.9918 - loss: 0.2079 - precision: 0.9630 - recall: 0.9870
[1m 39/155[0m [32m=====[0m[37m===============[0m [1m4:44[0m 2s/step - accuracy: 0.9710 - auc: 0.9917 - loss: 0.2082 - precision: 0.9627 - recall: 0.9870
[1m 40/155[0m [32m=====[0m[37m===============[0m [1m4:41[0m 2s/step - accuracy: 0.9709 - auc: 0.9916 - loss: 0.2084 - precision: 0.9624 - recall: 0.9871
[1m 41/155[0m [32m=====[0m[37m===============[0m [1m4:39[0m 2s/step - accuracy: 0.9708 - auc: 0.9915 - loss: 0.2086 - precision: 0.9622 - recall: 0.9872
[1m 42/155[0m [32m=====[0m[37m===============[0m [1m4:36[0m 2s/step - accuracy: 0.9707 - auc: 0.9915 - loss: 0.2088 - precision: 0.9620 - recall: 0.9872
[1m 43/155[0m [32m=====[0m[37m===============[0m [1m4:34[0m 2s/step - accuracy: 0.9707 - auc: 0.9914 - loss: 0.2089 - precision: 0.9618 - recall: 0.9873
[1m 44/155[0m [32m=====[0m[37m===============[0m [1m4:32[0m 2s/step - accuracy: 0.9706 - auc: 0.9914 - loss: 0.2091 - precision: 0.9616 - recall: 0.9873
[1m 45/155[0m [32m=====[0m[37m===============[0m [1m4:29[0m 2s/step - accuracy: 0.9704 - auc: 0.9913 - loss: 0.2093 - precision: 0.9613 - recall: 0.9873
[1m 46/155[0m [32m=====[0m[37m===============[0m [1m4:26[0m 2s/step - accuracy: 0.9703 - auc: 0.9913 - loss: 0.2096 - precision: 0.9611 - recall: 0.9874
[1m 47/155[0m [32m======[0m[37m==============[0m [1m4:24[0m 2s/step - accuracy: 0.9702 - auc: 0.9912 - loss: 0.2098 - precision: 0.9608 - recall: 0.9874
[1m 48/155[0m [32m======[0m[37m==============[0m [1m4:22[0m 2s/step - accuracy: 0.9701 - auc: 0.9911 - loss: 0.2100 - precision: 0.9606 - recall: 0.9874
[1m 49/155[0m [32m======[0m[37m==============[0m [1m4:19[0m 2s/step - accuracy: 0.9700 - auc: 0.9911 - loss: 0.2103 - precision: 0.9604 - recall: 0.9874
[1m 50/155[0m [32m======[0m[37m==============[0m [1m4:17[0m 2s/step - accuracy: 0.9699 - auc: 0.9910 - loss: 0.2105 - precision: 0.9602 - recall: 0.9874
[1m 51/155[0m [32m======[0m[37m==============[0m [1m4:14[0m 2s/step - accuracy: 0.9697 - auc: 0.9910 - loss: 0.2107 - precision: 0.9600 - recall: 0.9874
[1m 52/155[0m [32m======[0m[37m==============[0m [1m4:12[0m 2s/step - accuracy: 0.9696 - auc: 0.9909 - loss: 0.2109 - precision: 0.9598 - recall: 0.9874
[1m 53/155[0m [32m======[0m[37m==============[0m [1m4:09[0m 2s/step - accuracy: 0.9695 - auc: 0.9908 - loss: 0.2112 - precision: 0.9596 - recall: 0.9874
[1m 54/155[0m [32m======[0m[37m==============[0m [1m4:07[0m 2s/step - accuracy: 0.9694 - auc: 0.9908 - loss: 0.2114 - precision: 0.9594 - recall: 0.9874
[1m 55/155[0m [32m=======[0m[37m=============[0m [1m4:04[0m 2s/step - accuracy: 0.9693 - auc: 0.9907 - loss: 0.2116 - precision: 0.9592 - recall: 0.9873
[1m 56/155[0m [32m=======[0m[37m=============[0m [1m4:02[0m 2s/step - accuracy: 0.9692 - auc: 0.9907 - loss: 0.2119 - precision: 0.9590 - recall: 0.9873
[1m 57/155[0m [32m=======[0m[37m=============[0m [1m4:00[0m 2s/step - accuracy: 0.9690 - auc: 0.9906 - loss: 0.2121 - precision: 0.9588 - recall: 0.9872
[1m 58/155[0m [32m=======[0m[37m=============[0m [1m3:57[0m 2s/step - accuracy: 0.9689 - auc: 0.9906 - loss: 0.2123 - precision: 0.9587 - recall: 0.9872
[1m 59/155[0m [32m=======[0m[37m=============[0m [1m3:55[0m 2s/step - accuracy: 0.9688 - auc: 0.9905 - loss: 0.2125 - precision: 0.9585 - recall: 0.9871
[1m 60/155[0m [32m=======[0m[37m=============[0m [1m3:52[0m 2s/step - accuracy: 0.9687 - auc: 0.9905 - loss: 0.2126 - precision: 0.9584 - recall: 0.9871
[1m 61/155[0m [32m=======[0m[37m=============[0m [1m3:50[0m 2s/step - accuracy: 0.9686 - auc: 0.9904 - loss: 0.2128 - precision: 0.9583 - recall: 0.9870
[1m 62/155[0m [32m========[0m[37m============[0m [1m3:47[0m 2s/step - accuracy: 0.9686 - auc: 0.9904 - loss: 0.2129 - precision: 0.9582 - recall: 0.9870
[1m 63/155[0m [32m========[0m[37m============[0m [1m3:45[0m 2s/step - accuracy: 0.9685 - auc: 0.9904 - loss: 0.2131 - precision: 0.9581 - recall: 0.9870
[1m 64/155[0m [32m========[0m[37m============[0m [1m3:42[0m 2s/step - accuracy: 0.9684 - auc: 0.9903 - loss: 0.2132 - precision: 0.9580 - recall: 0.9870
[1m 65/155[0m [32m========[0m[37m============[0m [1m3:40[0m 2s/step - accuracy: 0.9684 - auc: 0.9903 - loss: 0.2133 - precision: 0.9579 - recall: 0.9869
[1m 66/155[0m [32m========[0m[37m============[0m [1m3:37[0m 2s/step - accuracy: 0.9683 - auc: 0.9903 - loss: 0.2134 - precision: 0.9578 - recall: 0.9869
[1m 67/155[0m [32m========[0m[37m============[0m [1m3:35[0m 2s/step - accuracy: 0.9682 - auc: 0.9902 - loss: 0.2135 - precision: 0.9578 - recall: 0.9869
[1m 68/155[0m [32m========[0m[37m============[0m [1m3:32[0m 2s/step - accuracy: 0.9682 - auc: 0.9902 - loss: 0.2136 - precision: 0.9577 - recall: 0.9868
[1m 69/155[0m [32m========[0m[37m============[0m [1m3:30[0m 2s/step - accuracy: 0.9682 - auc: 0.9902 - loss: 0.2137 - precision: 0.9576 - recall: 0.9868
[1m 70/155[0m [32m=========[0m[37m===========[0m [1m3:27[0m 2s/step - accuracy: 0.9681 - auc: 0.9902 - loss: 0.2138 - precision: 0.9576 - recall: 0.9868
[1m 71/155[0m [32m=========[0m[37m===========[0m [1m3:25[0m 2s/step - accuracy: 0.9681 - auc: 0.9902 - loss: 0.2139 - precision: 0.9575 - recall: 0.9868
[1m 72/155[0m [32m=========[0m[37m===========[0m [1m3:22[0m 2s/step - accuracy: 0.9680 - auc: 0.9901 - loss: 0.2139 - precision: 0.9575 - recall: 0.9868
[1m 73/155[0m [32m=========[0m[37m===========[0m [1m3:20[0m 2s/step - accuracy: 0.9680 - auc: 0.9901 - loss: 0.2140 - precision: 0.9574 - recall: 0.9867
[1m 74/155[0m [32m=========[0m[37m===========[0m [1m3:17[0m 2s/step - accuracy: 0.9680 - auc: 0.9901 - loss: 0.2141 - precision: 0.9574 - recall: 0.9867
[1m 75/155[0m [32m=========[0m[37m===========[0m [1m3:15[0m 2s/step - accuracy: 0.9679 - auc: 0.9901 - loss: 0.2142 - precision: 0.9574 - recall: 0.9867
[1m 76/155[0m [32m=========[0m[37m===========[0m [1m3:12[0m 2s/step - accuracy: 0.9679 - auc: 0.9901 - loss: 0.2142 - precision: 0.9573 - recall: 0.9866
[1m 77/155[0m [32m=========[0m[37m===========[0m [1m3:10[0m 2s/step - accuracy: 0.9679 - auc: 0.9901 - loss: 0.2143 - precision: 0.9573 - recall: 0.9866
[1m 78/155[0m [32m==========[0m[37m==========[0m [1m3:08[0m 2s/step - accuracy: 0.9678 - auc: 0.9900 - loss: 0.2144 - precision: 0.9572 - recall: 0.9866
[1m 79/155[0m [32m==========[0m[37m==========[0m [1m3:05[0m 2s/step - accuracy: 0.9678 - auc: 0.9900 - loss: 0.2144 - precision: 0.9572 - recall: 0.9866
[1m 80/155[0m [32m==========[0m[37m==========[0m [1m3:03[0m 2s/step - accuracy: 0.9678 - auc: 0.9900 - loss: 0.2145 - precision: 0.9571 - recall: 0.9866
[1m 81/155[0m [32m==========[0m[37m==========[0m [1m3:00[0m 2s/step - accuracy: 0.9677 - auc: 0.9900 - loss: 0.2146 - precision: 0.9571 - recall: 0.9866
[1m 82/155[0m [32m==========[0m[37m==========[0m [1m2:58[0m 2s/step - accuracy: 0.9677 - auc: 0.9900 - loss: 0.2146 - precision: 0.9570 - recall: 0.9865
[1m 83/155[0m [32m==========[0m[37m==========[0m [1m2:56[0m 2s/step - accuracy: 0.9676 - auc: 0.9900 - loss: 0.2147 - precision: 0.9570 - recall: 0.9865
[1m 84/155[0m [32m==========[0m[37m==========[0m [1m2:53[0m 2s/step - accuracy: 0.9676 - auc: 0.9900 - loss: 0.2148 - precision: 0.9569 - recall: 0.9865
[1m 85/155[0m [32m==========[0m[37m==========[0m [1m2:51[0m 2s/step - accuracy: 0.9676 - auc: 0.9900 - loss: 0.2148 - precision: 0.9569 - recall: 0.9865
[1m 86/155[0m [32m===========[0m[37m=========[0m [1m2:49[0m 2s/step - accuracy: 0.9675 - auc: 0.9899 - loss: 0.2149 - precision: 0.9568 - recall: 0.9864
[1m 87/155[0m [32m===========[0m[37m=========[0m [1m2:46[0m 2s/step - accuracy: 0.9675 - auc: 0.9899 - loss: 0.2149 - precision: 0.9568 - recall: 0.9864
[1m 88/155[0m [32m===========[0m[37m=========[0m [1m2:44[0m 2s/step - accuracy: 0.9675 - auc: 0.9899 - loss: 0.2150 - precision: 0.9567 - recall: 0.9864
[1m 89/155[0m [32m===========[0m[37m=========[0m [1m2:42[0m 2s/step - accuracy: 0.9674 - auc: 0.9899 - loss: 0.2150 - precision: 0.9567 - recall: 0.9863
[1m 90/155[0m [32m===========[0m[37m=========[0m [1m2:39[0m 2s/step - accuracy: 0.9674 - auc: 0.9899 - loss: 0.2151 - precision: 0.9566 - recall: 0.9863
[1m 91/155[0m [32m===========[0m[37m=========[0m [1m2:37[0m 2s/step - accuracy: 0.9673 - auc: 0.9899 - loss: 0.2151 - precision: 0.9566 - recall: 0.9863
[1m 92/155[0m [32m===========[0m[37m=========[0m [1m2:35[0m 2s/step - accuracy: 0.9673 - auc: 0.9899 - loss: 0.2152 - precision: 0.9565 - recall: 0.9862
[1m 93/155[0m [32m============[0m[37m========[0m [1m2:32[0m 2s/step - accuracy: 0.9673 - auc: 0.9899 - loss: 0.2152 - precision: 0.9565 - recall: 0.9862
[1m 94/155[0m [32m============[0m[37m========[0m [1m2:30[0m 2s/step - accuracy: 0.9672 - auc: 0.9899 - loss: 0.2153 - precision: 0.9565 - recall: 0.9862
[1m 95/155[0m [32m============[0m[37m========[0m [1m2:28[0m 2s/step - accuracy: 0.9672 - auc: 0.9899 - loss: 0.2153 - precision: 0.9564 - recall: 0.9862
[1m 96/155[0m [32m============[0m[37m========[0m [1m2:25[0m 2s/step - accuracy: 0.9672 - auc: 0.9899 - loss: 0.2153 - precision: 0.9564 - recall: 0.9861
[1m 97/155[0m [32m============[0m[37m========[0m [1m2:23[0m 2s/step - accuracy: 0.9672 - auc: 0.9899 - loss: 0.2154 - precision: 0.9564 - recall: 0.9861
[1m 98/155[0m [32m============[0m[37m========[0m [1m2:20[0m 2s/step - accuracy: 0.9671 - auc: 0.9899 - loss: 0.2154 - precision: 0.9563 - recall: 0.9861
[1m 99/155[0m [32m============[0m[37m========[0m [1m2:18[0m 2s/step - accuracy: 0.9671 - auc: 0.9899 - loss: 0.2154 - precision: 0.9563 - recall: 0.9861
[1m100/155[0m [32m============[0m[37m========[0m [1m2:15[0m 2s/step - accuracy: 0.9671 - auc: 0.9899 - loss: 0.2154 - precision: 0.9562 - recall: 0.9861
[1m101/155[0m [32m=============[0m[37m=======[0m [1m2:13[0m 2s/step - accuracy: 0.9671 - auc: 0.9899 - loss: 0.2155 - precision: 0.9562 - recall: 0.9860
[1m102/155[0m [32m=============[0m[37m=======[0m [1m2:11[0m 2s/step - accuracy: 0.9670 - auc: 0.9899 - loss: 0.2155 - precision: 0.9562 - recall: 0.9860
[1m103/155[0m [32m=============[0m[37m=======[0m [1m2:08[0m 2s/step - accuracy: 0.9670 - auc: 0.9899 - loss: 0.2155 - precision: 0.9561 - recall: 0.9860
[1m104/155[0m [32m=============[0m[37m=======[0m [1m2:06[0m 2s/step - accuracy: 0.9670 - auc: 0.9899 - loss: 0.2156 - precision: 0.9561 - recall: 0.9860
[1m105/155[0m [32m=============[0m[37m=======[0m [1m2:03[0m 2s/step - accuracy: 0.9670 - auc: 0.9899 - loss: 0.2156 - precision: 0.9561 - recall: 0.9860
[1m106/155[0m [32m=============[0m[37m=======[0m [1m2:01[0m 2s/step - accuracy: 0.9669 - auc: 0.9899 - loss: 0.2156 - precision: 0.9560 - recall: 0.9860
[1m107/155[0m [32m=============[0m[37m=======[0m [1m1:58[0m 2s/step - accuracy: 0.9669 - auc: 0.9899 - loss: 0.2156 - precision: 0.9560 - recall: 0.9859
[1m108/155[0m [32m=============[0m[37m=======[0m [1m1:56[0m 2s/step - accuracy: 0.9669 - auc: 0.9898 - loss: 0.2156 - precision: 0.9560 - recall: 0.9859
[1m109/155[0m [32m==============[0m[37m======[0m [1m1:54[0m 2s/step - accuracy: 0.9669 - auc: 0.9898 - loss: 0.2157 - precision: 0.9559 - recall: 0.9859
[1m110/155[0m [32m==============[0m[37m======[0m [1m1:51[0m 2s/step - accuracy: 0.9669 - auc: 0.9898 - loss: 0.2157 - precision: 0.9559 - recall: 0.9859
[1m111/155[0m [32m==============[0m[37m======[0m [1m1:49[0m 2s/step - accuracy: 0.9668 - auc: 0.9898 - loss: 0.2157 - precision: 0.9559 - recall: 0.9859
[1m112/155[0m [32m==============[0m[37m======[0m [1m1:46[0m 2s/step - accuracy: 0.9668 - auc: 0.9898 - loss: 0.2157 - precision: 0.9558 - recall: 0.9858
[1m113/155[0m [32m==============[0m[37m======[0m [1m1:44[0m 2s/step - accuracy: 0.9668 - auc: 0.9898 - loss: 0.2158 - precision: 0.9558 - recall: 0.9858
[1m114/155[0m [32m==============[0m[37m======[0m [1m1:41[0m 2s/step - accuracy: 0.9667 - auc: 0.9898 - loss: 0.2158 - precision: 0.9558 - recall: 0.9858
[1m115/155[0m [32m==============[0m[37m======[0m [1m1:39[0m 2s/step - accuracy: 0.9667 - auc: 0.9898 - loss: 0.2158 - precision: 0.9558 - recall: 0.9857
[1m116/155[0m [32m==============[0m[37m======[0m [1m1:37[0m 2s/step - accuracy: 0.9667 - auc: 0.9898 - loss: 0.2158 - precision: 0.9557 - recall: 0.9857
[1m117/155[0m [32m===============[0m[37m=====[0m [1m1:34[0m 2s/step - accuracy: 0.9667 - auc: 0.9898 - loss: 0.2159 - precision: 0.9557 - recall: 0.9857
[1m118/155[0m [32m===============[0m[37m=====[0m [1m1:32[0m 2s/step - accuracy: 0.9666 - auc: 0.9898 - loss: 0.2159 - precision: 0.9557 - recall: 0.9857
[1m119/155[0m [32m===============[0m[37m=====[0m [1m1:29[0m 2s/step - accuracy: 0.9666 - auc: 0.9898 - loss: 0.2159 - precision: 0.9557 - recall: 0.9856
[1m120/155[0m [32m===============[0m[37m=====[0m [1m1:27[0m 2s/step - accuracy: 0.9666 - auc: 0.9898 - loss: 0.2159 - precision: 0.9556 - recall: 0.9856
[1m121/155[0m [32m===============[0m[37m=====[0m [1m1:24[0m 2s/step - accuracy: 0.9666 - auc: 0.9898 - loss: 0.2159 - precision: 0.9556 - recall: 0.9856
[1m122/155[0m [32m===============[0m[37m=====[0m [1m1:22[0m 2s/step - accuracy: 0.9666 - auc: 0.9898 - loss: 0.2159 - precision: 0.9556 - recall: 0.9856
[1m123/155[0m [32m===============[0m[37m=====[0m [1m1:19[0m 2s/step - accuracy: 0.9665 - auc: 0.9898 - loss: 0.2160 - precision: 0.9556 - recall: 0.9856
[1m124/155[0m [32m================[0m[37m====[0m [1m1:17[0m 2s/step - accuracy: 0.9665 - auc: 0.9898 - loss: 0.2160 - precision: 0.9555 - recall: 0.9855
[1m125/155[0m [32m================[0m[37m====[0m [1m1:15[0m 3s/step - accuracy: 0.9665 - auc: 0.9898 - loss: 0.2160 - precision: 0.9555 - recall: 0.9855
[1m126/155[0m [32m================[0m[37m====[0m [1m1:12[0m 3s/step - accuracy: 0.9665 - auc: 0.9898 - loss: 0.2160 - precision: 0.9555 - recall: 0.9855
[1m127/155[0m [32m================[0m[37m====[0m [1m1:10[0m 3s/step - accuracy: 0.9665 - auc: 0.9898 - loss: 0.2160 - precision: 0.9555 - recall: 0.9855
[1m128/155[0m [32m================[0m[37m====[0m [1m1:07[0m 3s/step - accuracy: 0.9665 - auc: 0.9898 - loss: 0.2160 - precision: 0.9555 - recall: 0.9854
[1m129/155[0m [32m================[0m[37m====[0m [1m1:05[0m 3s/step - accuracy: 0.9664 - auc: 0.9898 - loss: 0.2160 - precision: 0.9555 - recall: 0.9854
[1m130/155[0m [32m================[0m[37m====[0m [1m1:02[0m 3s/step - accuracy: 0.9664 - auc: 0.9898 - loss: 0.2160 - precision: 0.9555 - recall: 0.9854
[1m131/155[0m [32m================[0m[37m====[0m [1m1:00[0m 3s/step - accuracy: 0.9664 - auc: 0.9898 - loss: 0.2160 - precision: 0.9554 - recall: 0.9854
[1m132/155[0m [32m=================[0m[37m===[0m [1m57s[0m 3s/step - accuracy: 0.9664 - auc: 0.9898 - loss: 0.2161 - precision: 0.9554 - recall: 0.9853 
[1m133/155[0m [32m=================[0m[37m===[0m [1m55s[0m 3s/step - accuracy: 0.9664 - auc: 0.9898 - loss: 0.2161 - precision: 0.9554 - recall: 0.9853
[1m134/155[0m [32m=================[0m[37m===[0m [1m52s[0m 3s/step - accuracy: 0.9663 - auc: 0.9898 - loss: 0.2161 - precision: 0.9554 - recall: 0.9853
[1m135/155[0m [32m=================[0m[37m===[0m [1m50s[0m 3s/step - accuracy: 0.9663 - auc: 0.9898 - loss: 0.2161 - precision: 0.9554 - recall: 0.9853
[1m136/155[0m [32m=================[0m[37m===[0m [1m47s[0m 3s/step - accuracy: 0.9663 - auc: 0.9898 - loss: 0.2161 - precision: 0.9554 - recall: 0.9852
[1m137/155[0m [32m=================[0m[37m===[0m [1m45s[0m 3s/step - accuracy: 0.9663 - auc: 0.9898 - loss: 0.2161 - precision: 0.9554 - recall: 0.9852
[1m138/155[0m [32m=================[0m[37m===[0m [1m42s[0m 3s/step - accuracy: 0.9663 - auc: 0.9898 - loss: 0.2161 - precision: 0.9553 - recall: 0.9852
[1m139/155[0m [32m=================[0m[37m===[0m [1m40s[0m 3s/step - accuracy: 0.9663 - auc: 0.9898 - loss: 0.2161 - precision: 0.9553 - recall: 0.9852
[1m140/155[0m [32m==================[0m[37m==[0m [1m37s[0m 3s/step - accuracy: 0.9662 - auc: 0.9898 - loss: 0.2161 - precision: 0.9553 - recall: 0.9851
[1m141/155[0m [32m==================[0m[37m==[0m [1m35s[0m 3s/step - accuracy: 0.9662 - auc: 0.9898 - loss: 0.2161 - precision: 0.9553 - recall: 0.9851
[1m142/155[0m [32m==================[0m[37m==[0m [1m32s[0m 3s/step - accuracy: 0.9662 - auc: 0.9898 - loss: 0.2161 - precision: 0.9553 - recall: 0.9851
[1m143/155[0m [32m==================[0m[37m==[0m [1m30s[0m 3s/step - accuracy: 0.9662 - auc: 0.9898 - loss: 0.2161 - precision: 0.9553 - recall: 0.9851
[1m144/155[0m [32m==================[0m[37m==[0m [1m27s[0m 3s/step - accuracy: 0.9662 - auc: 0.9898 - loss: 0.2161 - precision: 0.9553 - recall: 0.9850
[1m145/155[0m [32m==================[0m[37m==[0m [1m25s[0m 3s/step - accuracy: 0.9662 - auc: 0.9898 - loss: 0.2161 - precision: 0.9553 - recall: 0.9850
[1m146/155[0m [32m==================[0m[37m==[0m [1m22s[0m 3s/step - accuracy: 0.9662 - auc: 0.9898 - loss: 0.2161 - precision: 0.9553 - recall: 0.9850
[1m147/155[0m [32m==================[0m[37m==[0m [1m20s[0m 3s/step - accuracy: 0.9662 - auc: 0.9898 - loss: 0.2161 - precision: 0.9553 - recall: 0.9850
[1m148/155[0m [32m===================[0m[37m=[0m [1m17s[0m 3s/step - accuracy: 0.9661 - auc: 0.9898 - loss: 0.2161 - precision: 0.9553 - recall: 0.9850
[1m149/155[0m [32m===================[0m[37m=[0m [1m15s[0m 3s/step - accuracy: 0.9661 - auc: 0.9898 - loss: 0.2162 - precision: 0.9552 - recall: 0.9849
[1m150/155[0m [32m===================[0m[37m=[0m [1m12s[0m 3s/step - accuracy: 0.9661 - auc: 0.9898 - loss: 0.2162 - precision: 0.9552 - recall: 0.98492026-05-14 08:29:53.128442: I tensorflow/core/kernels/data/shuffle_dataset_op.cc:453] ShuffleDatasetV3:7: Filling up shuffle buffer (this may take a while): 260 of 1024

[1m151/155[0m [32m===================[0m[37m=[0m [1m10s[0m 3s/step - accuracy: 0.9661 - auc: 0.9898 - loss: 0.2162 - precision: 0.9552 - recall: 0.9849
[1m152/155[0m [32m===================[0m[37m=[0m [1m7s[0m 3s/step - accuracy: 0.9661 - auc: 0.9898 - loss: 0.2162 - precision: 0.9552 - recall: 0.9849 
[1m153/155[0m [32m===================[0m[37m=[0m [1m5s[0m 3s/step - accuracy: 0.9661 - auc: 0.9898 - loss: 0.2162 - precision: 0.9552 - recall: 0.9848
[1m154/155[0m [32m===================[0m[37m=[0m [1m2s[0m 3s/step - accuracy: 0.9660 - auc: 0.9898 - loss: 0.2162 - precision: 0.9552 - recall: 0.98482026-05-14 08:30:03.170081: I tensorflow/core/kernels/data/shuffle_dataset_op.cc:453] ShuffleDatasetV3:7: Filling up shuffle buffer (this may take a while): 599 of 1024

[1m155/155[0m [32m====================[0m[37m[0m [1m0s[0m 3s/step - accuracy: 0.9660 - auc: 0.9898 - loss: 0.2162 - precision: 0.9552 - recall: 0.98482026-05-14 08:30:09.506041: I tensorflow/core/kernels/data/shuffle_dataset_op.cc:483] Shuffle buffer filled.

Epoch 15: val_auc did not improve from 0.94825

[1m155/155[0m [32m====================[0m[37m[0m [1m410s[0m 3s/step - accuracy: 0.9638 - auc: 0.9901 - loss: 0.2168 - precision: 0.9534 - recall: 0.9817 - val_accuracy: 0.8083 - val_auc: 0.9051 - val_loss: 0.5706 - val_precision: 0.9383 - val_recall: 0.7320 - learning_rate: 2.5000e-05
Epoch 15: early stopping
Restoring model weights from the end of the best epoch: 7.

============================================================
Training Complete. Model saved as 'best_robust_fire_model_v2.keras'
============================================================
