2026-06-17 07:29:08.845801: I tensorflow/core/util/port.cc:153] oneDNN custom operations are on. You may see slightly different numerical results due to floating-point round-off errors from different computation orders. To turn them off, set the environment variable `TF_ENABLE_ONEDNN_OPTS=0`.
2026-06-17 07:29:10.446565: I tensorflow/core/util/port.cc:153] oneDNN custom operations are on. You may see slightly different numerical results due to floating-point round-off errors from different computation orders. To turn them off, set the environment variable `TF_ENABLE_ONEDNN_OPTS=0`.
============================================================
Keras backend : torch
torch         : 2.11.0+cu128 | CUDA available: True
GPU           : NVIDIA GeForce RTX 5070 | capability sm_120
============================================================
============================================================
ROBUST FIRE MODEL TRAINING — GPU (Keras 3 / PyTorch CUDA)
============================================================

Loading Training Data...
Loading data from: 1 files -> ['C:\\Users\\nonna\\Downloads\\PyroCast-1\\Training Data Florida\\Florida_Spatial_Train_v3.tfrecord']
2026-06-17 07:29:13.032747: I tensorflow/core/platform/cpu_feature_guard.cc:210] This TensorFlow binary is optimized to use available CPU instructions in performance-critical operations.
To enable the following instructions: SSE3 SSE4.1 SSE4.2 AVX AVX2 AVX512F AVX512_VNNI AVX512_BF16 FMA, in other operations, rebuild TensorFlow with the appropriate compiler flags.

Loading Validation Data...
Loading data from: 1 files -> ['C:\\Users\\nonna\\Downloads\\PyroCast-1\\Training Data Florida\\Florida_Spatial_Val_v3.tfrecord']

Train samples: 9660 | Val samples: 1000
Steps per epoch: 150 | Validation steps: 15

============================================================
Starting Training
============================================================
2026-06-17 07:29:14.000896: I tensorflow/core/kernels/data/tf_record_dataset_op.cc:390] TFRecordDataset `buffer_size` is unspecified, default to 262144
Epoch 1/30

[1m  1/150[0m [37m━━━━━━━━━━━━━━━━━━━━[0m [1m11:21[0m 5s/step - accuracy: 0.5312 - auc: 0.4711 - loss: 0.8860 - precision: 0.5714 - recall: 0.4706
[1m  2/150[0m [37m━━━━━━━━━━━━━━━━━━━━[0m [1m42s[0m 289ms/step - accuracy: 0.5352 - auc: 0.4829 - loss: 0.8775 - precision: 0.5524 - recall: 0.4893
[1m  3/150[0m [37m━━━━━━━━━━━━━━━━━━━━[0m [1m42s[0m 288ms/step - accuracy: 0.5356 - auc: 0.4982 - loss: 0.8645 - precision: 0.5420 - recall: 0.5018
[1m  4/150[0m [37m━━━━━━━━━━━━━━━━━━━━[0m [1m48s[0m 332ms/step - accuracy: 0.5306 - auc: 0.4989 - loss: 0.8625 - precision: 0.5324 - recall: 0.5124
[1m  5/150[0m [37m━━━━━━━━━━━━━━━━━━━━[0m [1m57s[0m 397ms/step - accuracy: 0.5282 - auc: 0.5018 - loss: 0.8617 - precision: 0.5236 - recall: 0.5192
[1m  6/150[0m [37m━━━━━━━━━━━━━━━━━━━━[0m [1m1:03[0m 439ms/step - accuracy: 0.5279 - auc: 0.5059 - loss: 0.8622 - precision: 0.5160 - recall: 0.5271
[1m  7/150[0m [37m━━━━━━━━━━━━━━━━━━━━[0m [1m1:06[0m 466ms/step - accuracy: 0.5271 - auc: 0.5088 - loss: 0.8635 - precision: 0.5098 - recall: 0.5314
[1m  8/150[0m [32m━[0m[37m━━━━━━━━━━━━━━━━━━━[0m [1m1:08[0m 483ms/step - accuracy: 0.5278 - auc: 0.5126 - loss: 0.8640 - precision: 0.5076 - recall: 0.5357
[1m  9/150[0m [32m━[0m[37m━━━━━━━━━━━━━━━━━━━[0m [1m1:10[0m 501ms/step - accuracy: 0.5269 - auc: 0.5143 - loss: 0.8655 - precision: 0.5059 - recall: 0.5362
[1m 10/150[0m [32m━[0m[37m━━━━━━━━━━━━━━━━━━━[0m [1m1:11[0m 509ms/step - accuracy: 0.5257 - auc: 0.5153 - loss: 0.8675 - precision: 0.5047 - recall: 0.5362
[1m 11/150[0m [32m━[0m[37m━━━━━━━━━━━━━━━━━━━[0m [1m1:12[0m 523ms/step - accuracy: 0.5253 - auc: 0.5163 - loss: 0.8692 - precision: 0.5044 - recall: 0.5359
[1m 12/150[0m [32m━[0m[37m━━━━━━━━━━━━━━━━━━━[0m [1m1:13[0m 531ms/step - accuracy: 0.5253 - auc: 0.5171 - loss: 0.8710 - precision: 0.5049 - recall: 0.5355
[1m 13/150[0m [32m━[0m[37m━━━━━━━━━━━━━━━━━━━[0m [1m1:13[0m 535ms/step - accuracy: 0.5253 - auc: 0.5175 - loss: 0.8725 - precision: 0.5049 - recall: 0.5353
[1m 14/150[0m [32m━[0m[37m━━━━━━━━━━━━━━━━━━━[0m [1m1:12[0m 536ms/step - accuracy: 0.5251 - auc: 0.5178 - loss: 0.8735 - precision: 0.5048 - recall: 0.5351
[1m 15/150[0m [32m━━[0m[37m━━━━━━━━━━━━━━━━━━[0m [1m1:13[0m 544ms/step - accuracy: 0.5248 - auc: 0.5181 - loss: 0.8741 - precision: 0.5050 - recall: 0.5349
[1m 16/150[0m [32m━━[0m[37m━━━━━━━━━━━━━━━━━━[0m [1m1:13[0m 548ms/step - accuracy: 0.5246 - auc: 0.5184 - loss: 0.8744 - precision: 0.5058 - recall: 0.5349
[1m 17/150[0m [32m━━[0m[37m━━━━━━━━━━━━━━━━━━[0m [1m1:13[0m 551ms/step - accuracy: 0.5243 - auc: 0.5184 - loss: 0.8748 - precision: 0.5062 - recall: 0.5355
[1m 18/150[0m [32m━━[0m[37m━━━━━━━━━━━━━━━━━━[0m [1m1:13[0m 557ms/step - accuracy: 0.5236 - auc: 0.5181 - loss: 0.8753 - precision: 0.5062 - recall: 0.5361
[1m 19/150[0m [32m━━[0m[37m━━━━━━━━━━━━━━━━━━[0m [1m1:12[0m 555ms/step - accuracy: 0.5229 - auc: 0.5177 - loss: 0.8758 - precision: 0.5063 - recall: 0.5369
[1m 20/150[0m [32m━━[0m[37m━━━━━━━━━━━━━━━━━━[0m [1m1:12[0m 558ms/step - accuracy: 0.5223 - auc: 0.5174 - loss: 0.8760 - precision: 0.5066 - recall: 0.5380
[1m 21/150[0m [32m━━[0m[37m━━━━━━━━━━━━━━━━━━[0m [1m1:12[0m 562ms/step - accuracy: 0.5216 - auc: 0.5170 - loss: 0.8763 - precision: 0.5066 - recall: 0.5395
[1m 22/150[0m [32m━━[0m[37m━━━━━━━━━━━━━━━━━━[0m [1m1:12[0m 566ms/step - accuracy: 0.5210 - auc: 0.5167 - loss: 0.8765 - precision: 0.5066 - recall: 0.5412
[1m 23/150[0m [32m━━━[0m[37m━━━━━━━━━━━━━━━━━[0m [1m1:12[0m 572ms/step - accuracy: 0.5205 - auc: 0.5167 - loss: 0.8763 - precision: 0.5068 - recall: 0.5428
[1m 24/150[0m [32m━━━[0m[37m━━━━━━━━━━━━━━━━━[0m [1m1:12[0m 574ms/step - accuracy: 0.5202 - auc: 0.5167 - loss: 0.8762 - precision: 0.5072 - recall: 0.5446
[1m 25/150[0m [32m━━━[0m[37m━━━━━━━━━━━━━━━━━[0m [1m1:12[0m 577ms/step - accuracy: 0.5201 - auc: 0.5169 - loss: 0.8760 - precision: 0.5077 - recall: 0.5464
[1m 26/150[0m [32m━━━[0m[37m━━━━━━━━━━━━━━━━━[0m [1m1:11[0m 577ms/step - accuracy: 0.5202 - auc: 0.5173 - loss: 0.8756 - precision: 0.5082 - recall: 0.5483
[1m 27/150[0m [32m━━━[0m[37m━━━━━━━━━━━━━━━━━[0m [1m1:10[0m 575ms/step - accuracy: 0.5202 - auc: 0.5178 - loss: 0.8752 - precision: 0.5088 - recall: 0.5503
[1m 28/150[0m [32m━━━[0m[37m━━━━━━━━━━━━━━━━━[0m [1m1:10[0m 576ms/step - accuracy: 0.5204 - auc: 0.5185 - loss: 0.8746 - precision: 0.5093 - recall: 0.5522
[1m 29/150[0m [32m━━━[0m[37m━━━━━━━━━━━━━━━━━[0m [1m1:09[0m 576ms/step - accuracy: 0.5205 - auc: 0.5190 - loss: 0.8741 - precision: 0.5097 - recall: 0.5539
[1m 30/150[0m [32m━━━━[0m[37m━━━━━━━━━━━━━━━━[0m [1m1:09[0m 579ms/step - accuracy: 0.5205 - auc: 0.5196 - loss: 0.8736 - precision: 0.5103 - recall: 0.5555
[1m 31/150[0m [32m━━━━[0m[37m━━━━━━━━━━━━━━━━[0m [1m1:09[0m 582ms/step - accuracy: 0.5206 - auc: 0.5202 - loss: 0.8730 - precision: 0.5108 - recall: 0.5570
[1m 32/150[0m [32m━━━━[0m[37m━━━━━━━━━━━━━━━━[0m [1m1:08[0m 584ms/step - accuracy: 0.5207 - auc: 0.5209 - loss: 0.8723 - precision: 0.5114 - recall: 0.5585
[1m 33/150[0m [32m━━━━[0m[37m━━━━━━━━━━━━━━━━[0m [1m1:08[0m 586ms/step - accuracy: 0.5209 - auc: 0.5215 - loss: 0.8717 - precision: 0.5120 - recall: 0.5599
[1m 34/150[0m [32m━━━━[0m[37m━━━━━━━━━━━━━━━━[0m [1m1:08[0m 587ms/step - accuracy: 0.5211 - auc: 0.5221 - loss: 0.8711 - precision: 0.5126 - recall: 0.5612
[1m 35/150[0m [32m━━━━[0m[37m━━━━━━━━━━━━━━━━[0m [1m1:07[0m 588ms/step - accuracy: 0.5213 - auc: 0.5227 - loss: 0.8705 - precision: 0.5131 - recall: 0.5626
[1m 36/150[0m [32m━━━━[0m[37m━━━━━━━━━━━━━━━━[0m [1m1:07[0m 589ms/step - accuracy: 0.5215 - auc: 0.5233 - loss: 0.8699 - precision: 0.5137 - recall: 0.5639
[1m 37/150[0m [32m━━━━[0m[37m━━━━━━━━━━━━━━━━[0m [1m1:06[0m 589ms/step - accuracy: 0.5217 - auc: 0.5239 - loss: 0.8693 - precision: 0.5142 - recall: 0.5652
[1m 38/150[0m [32m━━━━━[0m[37m━━━━━━━━━━━━━━━[0m [1m1:06[0m 597ms/step - accuracy: 0.5220 - auc: 0.5245 - loss: 0.8686 - precision: 0.5148 - recall: 0.5665
[1m 39/150[0m [32m━━━━━[0m[37m━━━━━━━━━━━━━━━[0m [1m1:05[0m 591ms/step - accuracy: 0.5222 - auc: 0.5251 - loss: 0.8680 - precision: 0.5152 - recall: 0.5677
[1m 40/150[0m [32m━━━━━[0m[37m━━━━━━━━━━━━━━━[0m [1m1:05[0m 593ms/step - accuracy: 0.5225 - auc: 0.5256 - loss: 0.8674 - precision: 0.5156 - recall: 0.5688
[1m 41/150[0m [32m━━━━━[0m[37m━━━━━━━━━━━━━━━[0m [1m1:04[0m 594ms/step - accuracy: 0.5227 - auc: 0.5262 - loss: 0.8667 - precision: 0.5160 - recall: 0.5700
[1m 42/150[0m [32m━━━━━[0m[37m━━━━━━━━━━━━━━━[0m [1m1:04[0m 595ms/step - accuracy: 0.5230 - auc: 0.5267 - loss: 0.8661 - precision: 0.5163 - recall: 0.5710
[1m 43/150[0m [32m━━━━━[0m[37m━━━━━━━━━━━━━━━[0m [1m1:03[0m 596ms/step - accuracy: 0.5232 - auc: 0.5273 - loss: 0.8655 - precision: 0.5167 - recall: 0.5720
[1m 44/150[0m [32m━━━━━[0m[37m━━━━━━━━━━━━━━━[0m [1m1:03[0m 597ms/step - accuracy: 0.5235 - auc: 0.5278 - loss: 0.8649 - precision: 0.5170 - recall: 0.5729
[1m 45/150[0m [32m━━━━━━[0m[37m━━━━━━━━━━━━━━[0m [1m1:02[0m 597ms/step - accuracy: 0.5238 - auc: 0.5284 - loss: 0.8643 - precision: 0.5174 - recall: 0.5738
[1m 46/150[0m [32m━━━━━━[0m[37m━━━━━━━━━━━━━━[0m [1m1:02[0m 597ms/step - accuracy: 0.5240 - auc: 0.5290 - loss: 0.8636 - precision: 0.5178 - recall: 0.5746
[1m 47/150[0m [32m━━━━━━[0m[37m━━━━━━━━━━━━━━[0m [1m1:01[0m 597ms/step - accuracy: 0.5243 - auc: 0.5295 - loss: 0.8630 - precision: 0.5181 - recall: 0.5753
[1m 48/150[0m [32m━━━━━━[0m[37m━━━━━━━━━━━━━━[0m [1m1:00[0m 598ms/step - accuracy: 0.5246 - auc: 0.5300 - loss: 0.8624 - precision: 0.5185 - recall: 0.5760
[1m 49/150[0m [32m━━━━━━[0m[37m━━━━━━━━━━━━━━[0m [1m1:00[0m 599ms/step - accuracy: 0.5249 - auc: 0.5306 - loss: 0.8618 - precision: 0.5190 - recall: 0.5767
[1m 50/150[0m [32m━━━━━━[0m[37m━━━━━━━━━━━━━━[0m [1m59s[0m 599ms/step - accuracy: 0.5251 - auc: 0.5311 - loss: 0.8612 - precision: 0.5193 - recall: 0.5774 
[1m 51/150[0m [32m━━━━━━[0m[37m━━━━━━━━━━━━━━[0m [1m59s[0m 599ms/step - accuracy: 0.5254 - auc: 0.5317 - loss: 0.8606 - precision: 0.5197 - recall: 0.5780
[1m 52/150[0m [32m━━━━━━[0m[37m━━━━━━━━━━━━━━[0m [1m58s[0m 600ms/step - accuracy: 0.5257 - auc: 0.5322 - loss: 0.8601 - precision: 0.5200 - recall: 0.5787
[1m 53/150[0m [32m━━━━━━━[0m[37m━━━━━━━━━━━━━[0m [1m58s[0m 599ms/step - accuracy: 0.5260 - auc: 0.5328 - loss: 0.8595 - precision: 0.5203 - recall: 0.5794
[1m 54/150[0m [32m━━━━━━━[0m[37m━━━━━━━━━━━━━[0m [1m57s[0m 599ms/step - accuracy: 0.5263 - auc: 0.5333 - loss: 0.8589 - precision: 0.5206 - recall: 0.5800
[1m 55/150[0m [32m━━━━━━━[0m[37m━━━━━━━━━━━━━[0m [1m57s[0m 600ms/step - accuracy: 0.5266 - auc: 0.5338 - loss: 0.8583 - precision: 0.5209 - recall: 0.5806
[1m 56/150[0m [32m━━━━━━━[0m[37m━━━━━━━━━━━━━[0m [1m56s[0m 600ms/step - accuracy: 0.5268 - auc: 0.5344 - loss: 0.8578 - precision: 0.5212 - recall: 0.5812
[1m 57/150[0m [32m━━━━━━━[0m[37m━━━━━━━━━━━━━[0m [1m55s[0m 600ms/step - accuracy: 0.5270 - auc: 0.5348 - loss: 0.8573 - precision: 0.5214 - recall: 0.5818
[1m 58/150[0m [32m━━━━━━━[0m[37m━━━━━━━━━━━━━[0m [1m55s[0m 601ms/step - accuracy: 0.5272 - auc: 0.5353 - loss: 0.8568 - precision: 0.5216 - recall: 0.5823
[1m 59/150[0m [32m━━━━━━━[0m[37m━━━━━━━━━━━━━[0m [1m54s[0m 602ms/step - accuracy: 0.5274 - auc: 0.5357 - loss: 0.8563 - precision: 0.5219 - recall: 0.5828
[1m 60/150[0m [32m━━━━━━━━[0m[37m━━━━━━━━━━━━[0m [1m54s[0m 602ms/step - accuracy: 0.5276 - auc: 0.5362 - loss: 0.8558 - precision: 0.5220 - recall: 0.5833
[1m 61/150[0m [32m━━━━━━━━[0m[37m━━━━━━━━━━━━[0m [1m53s[0m 601ms/step - accuracy: 0.5278 - auc: 0.5366 - loss: 0.8554 - precision: 0.5222 - recall: 0.5837
[1m 62/150[0m [32m━━━━━━━━[0m[37m━━━━━━━━━━━━[0m [1m52s[0m 601ms/step - accuracy: 0.5280 - auc: 0.5370 - loss: 0.8549 - precision: 0.5224 - recall: 0.5841
[1m 63/150[0m [32m━━━━━━━━[0m[37m━━━━━━━━━━━━[0m [1m52s[0m 601ms/step - accuracy: 0.5281 - auc: 0.5374 - loss: 0.8544 - precision: 0.5225 - recall: 0.5845
[1m 64/150[0m [32m━━━━━━━━[0m[37m━━━━━━━━━━━━[0m [1m51s[0m 601ms/step - accuracy: 0.5283 - auc: 0.5378 - loss: 0.8540 - precision: 0.5227 - recall: 0.5848
[1m 65/150[0m [32m━━━━━━━━[0m[37m━━━━━━━━━━━━[0m [1m51s[0m 602ms/step - accuracy: 0.5284 - auc: 0.5381 - loss: 0.8535 - precision: 0.5228 - recall: 0.5851
[1m 66/150[0m [32m━━━━━━━━[0m[37m━━━━━━━━━━━━[0m [1m50s[0m 602ms/step - accuracy: 0.5285 - auc: 0.5385 - loss: 0.8531 - precision: 0.5230 - recall: 0.5853
[1m 67/150[0m [32m━━━━━━━━[0m[37m━━━━━━━━━━━━[0m [1m49s[0m 602ms/step - accuracy: 0.5286 - auc: 0.5388 - loss: 0.8527 - precision: 0.5231 - recall: 0.5855
[1m 68/150[0m [32m━━━━━━━━━[0m[37m━━━━━━━━━━━[0m [1m49s[0m 601ms/step - accuracy: 0.5287 - auc: 0.5391 - loss: 0.8522 - precision: 0.5233 - recall: 0.5857
[1m 69/150[0m [32m━━━━━━━━━[0m[37m━━━━━━━━━━━[0m [1m48s[0m 601ms/step - accuracy: 0.5288 - auc: 0.5394 - loss: 0.8519 - precision: 0.5234 - recall: 0.5859
[1m 70/150[0m [32m━━━━━━━━━[0m[37m━━━━━━━━━━━[0m [1m48s[0m 602ms/step - accuracy: 0.5289 - auc: 0.5397 - loss: 0.8514 - precision: 0.5235 - recall: 0.5861
[1m 71/150[0m [32m━━━━━━━━━[0m[37m━━━━━━━━━━━[0m [1m47s[0m 602ms/step - accuracy: 0.5290 - auc: 0.5400 - loss: 0.8510 - precision: 0.5236 - recall: 0.5864
[1m 72/150[0m [32m━━━━━━━━━[0m[37m━━━━━━━━━━━[0m [1m47s[0m 603ms/step - accuracy: 0.5291 - auc: 0.5403 - loss: 0.8506 - precision: 0.5237 - recall: 0.5866
[1m 73/150[0m [32m━━━━━━━━━[0m[37m━━━━━━━━━━━[0m [1m46s[0m 603ms/step - accuracy: 0.5292 - auc: 0.5406 - loss: 0.8503 - precision: 0.5238 - recall: 0.5869
[1m 74/150[0m [32m━━━━━━━━━[0m[37m━━━━━━━━━━━[0m [1m45s[0m 604ms/step - accuracy: 0.5293 - auc: 0.5409 - loss: 0.8498 - precision: 0.5239 - recall: 0.5872
[1m 75/150[0m [32m━━━━━━━━━━[0m[37m━━━━━━━━━━[0m [1m45s[0m 604ms/step - accuracy: 0.5294 - auc: 0.5411 - loss: 0.8495 - precision: 0.5240 - recall: 0.5875
[1m 76/150[0m [32m━━━━━━━━━━[0m[37m━━━━━━━━━━[0m [1m44s[0m 603ms/step - accuracy: 0.5295 - auc: 0.5414 - loss: 0.8490 - precision: 0.5241 - recall: 0.5879
[1m 77/150[0m [32m━━━━━━━━━━[0m[37m━━━━━━━━━━[0m [1m44s[0m 604ms/step - accuracy: 0.5296 - auc: 0.5417 - loss: 0.8486 - precision: 0.5243 - recall: 0.5882
[1m 78/150[0m [32m━━━━━━━━━━[0m[37m━━━━━━━━━━[0m [1m43s[0m 604ms/step - accuracy: 0.5297 - auc: 0.5420 - loss: 0.8482 - precision: 0.5244 - recall: 0.5885
[1m 79/150[0m [32m━━━━━━━━━━[0m[37m━━━━━━━━━━[0m [1m42s[0m 604ms/step - accuracy: 0.5298 - auc: 0.5423 - loss: 0.8478 - precision: 0.5245 - recall: 0.5889
[1m 80/150[0m [32m━━━━━━━━━━[0m[37m━━━━━━━━━━[0m [1m42s[0m 603ms/step - accuracy: 0.5299 - auc: 0.5426 - loss: 0.8475 - precision: 0.5246 - recall: 0.5892
[1m 81/150[0m [32m━━━━━━━━━━[0m[37m━━━━━━━━━━[0m [1m41s[0m 603ms/step - accuracy: 0.5301 - auc: 0.5429 - loss: 0.8470 - precision: 0.5247 - recall: 0.5895
[1m 82/150[0m [32m━━━━━━━━━━[0m[37m━━━━━━━━━━[0m [1m41s[0m 604ms/step - accuracy: 0.5302 - auc: 0.5432 - loss: 0.8466 - precision: 0.5248 - recall: 0.5898
[1m 83/150[0m [32m━━━━━━━━━━━[0m[37m━━━━━━━━━[0m [1m40s[0m 603ms/step - accuracy: 0.5303 - auc: 0.5435 - loss: 0.8463 - precision: 0.5250 - recall: 0.5901
[1m 84/150[0m [32m━━━━━━━━━━━[0m[37m━━━━━━━━━[0m [1m39s[0m 602ms/step - accuracy: 0.5304 - auc: 0.5438 - loss: 0.8459 - precision: 0.5251 - recall: 0.5904
[1m 85/150[0m [32m━━━━━━━━━━━[0m[37m━━━━━━━━━[0m [1m39s[0m 602ms/step - accuracy: 0.5306 - auc: 0.5440 - loss: 0.8455 - precision: 0.5252 - recall: 0.5907
[1m 86/150[0m [32m━━━━━━━━━━━[0m[37m━━━━━━━━━[0m [1m38s[0m 602ms/step - accuracy: 0.5307 - auc: 0.5443 - loss: 0.8452 - precision: 0.5253 - recall: 0.5910
[1m 87/150[0m [32m━━━━━━━━━━━[0m[37m━━━━━━━━━[0m [1m37s[0m 602ms/step - accuracy: 0.5308 - auc: 0.5445 - loss: 0.8448 - precision: 0.5254 - recall: 0.5912
[1m 88/150[0m [32m━━━━━━━━━━━[0m[37m━━━━━━━━━[0m [1m37s[0m 602ms/step - accuracy: 0.5309 - auc: 0.5448 - loss: 0.8445 - precision: 0.5255 - recall: 0.5915
[1m 89/150[0m [32m━━━━━━━━━━━[0m[37m━━━━━━━━━[0m [1m36s[0m 602ms/step - accuracy: 0.5310 - auc: 0.5450 - loss: 0.8441 - precision: 0.5256 - recall: 0.5918
[1m 90/150[0m [32m━━━━━━━━━━━━[0m[37m━━━━━━━━[0m [1m36s[0m 602ms/step - accuracy: 0.5311 - auc: 0.5453 - loss: 0.8438 - precision: 0.5257 - recall: 0.5921
[1m 91/150[0m [32m━━━━━━━━━━━━[0m[37m━━━━━━━━[0m [1m35s[0m 602ms/step - accuracy: 0.5312 - auc: 0.5455 - loss: 0.8434 - precision: 0.5258 - recall: 0.5924
[1m 92/150[0m [32m━━━━━━━━━━━━[0m[37m━━━━━━━━[0m [1m34s[0m 602ms/step - accuracy: 0.5313 - auc: 0.5457 - loss: 0.8431 - precision: 0.5259 - recall: 0.5927
[1m 93/150[0m [32m━━━━━━━━━━━━[0m[37m━━━━━━━━[0m [1m34s[0m 602ms/step - accuracy: 0.5314 - auc: 0.5460 - loss: 0.8428 - precision: 0.5260 - recall: 0.5929
[1m 94/150[0m [32m━━━━━━━━━━━━[0m[37m━━━━━━━━[0m [1m33s[0m 603ms/step - accuracy: 0.5314 - auc: 0.5462 - loss: 0.8425 - precision: 0.5261 - recall: 0.5932
[1m 95/150[0m [32m━━━━━━━━━━━━[0m[37m━━━━━━━━[0m [1m33s[0m 603ms/step - accuracy: 0.5315 - auc: 0.5464 - loss: 0.8421 - precision: 0.5262 - recall: 0.5935
[1m 96/150[0m [32m━━━━━━━━━━━━[0m[37m━━━━━━━━[0m [1m32s[0m 603ms/step - accuracy: 0.5316 - auc: 0.5466 - loss: 0.8418 - precision: 0.5263 - recall: 0.5938
[1m 97/150[0m [32m━━━━━━━━━━━━[0m[37m━━━━━━━━[0m [1m31s[0m 603ms/step - accuracy: 0.5317 - auc: 0.5468 - loss: 0.8415 - precision: 0.5264 - recall: 0.5941
[1m 98/150[0m [32m━━━━━━━━━━━━━[0m[37m━━━━━━━[0m [1m31s[0m 604ms/step - accuracy: 0.5318 - auc: 0.5470 - loss: 0.8412 - precision: 0.5264 - recall: 0.5944
[1m 99/150[0m [32m━━━━━━━━━━━━━[0m[37m━━━━━━━[0m [1m30s[0m 604ms/step - accuracy: 0.5319 - auc: 0.5472 - loss: 0.8408 - precision: 0.5265 - recall: 0.5947
[1m100/150[0m [32m━━━━━━━━━━━━━[0m[37m━━━━━━━[0m [1m30s[0m 604ms/step - accuracy: 0.5320 - auc: 0.5474 - loss: 0.8405 - precision: 0.5266 - recall: 0.5950
[1m101/150[0m [32m━━━━━━━━━━━━━[0m[37m━━━━━━━[0m [1m29s[0m 604ms/step - accuracy: 0.5321 - auc: 0.5476 - loss: 0.8402 - precision: 0.5267 - recall: 0.5953
[1m102/150[0m [32m━━━━━━━━━━━━━[0m[37m━━━━━━━[0m [1m29s[0m 605ms/step - accuracy: 0.5322 - auc: 0.5478 - loss: 0.8399 - precision: 0.5268 - recall: 0.5956
[1m103/150[0m [32m━━━━━━━━━━━━━[0m[37m━━━━━━━[0m [1m28s[0m 605ms/step - accuracy: 0.5322 - auc: 0.5480 - loss: 0.8396 - precision: 0.5269 - recall: 0.5958
[1m104/150[0m [32m━━━━━━━━━━━━━[0m[37m━━━━━━━[0m [1m27s[0m 606ms/step - accuracy: 0.5323 - auc: 0.5482 - loss: 0.8393 - precision: 0.5270 - recall: 0.5961
[1m105/150[0m [32m━━━━━━━━━━━━━━[0m[37m━━━━━━[0m [1m27s[0m 606ms/step - accuracy: 0.5324 - auc: 0.5484 - loss: 0.8390 - precision: 0.5271 - recall: 0.5964
[1m106/150[0m [32m━━━━━━━━━━━━━━[0m[37m━━━━━━[0m [1m26s[0m 606ms/step - accuracy: 0.5325 - auc: 0.5485 - loss: 0.8387 - precision: 0.5272 - recall: 0.5967
[1m107/150[0m [32m━━━━━━━━━━━━━━[0m[37m━━━━━━[0m [1m26s[0m 606ms/step - accuracy: 0.5326 - auc: 0.5487 - loss: 0.8383 - precision: 0.5273 - recall: 0.5970
[1m108/150[0m [32m━━━━━━━━━━━━━━[0m[37m━━━━━━[0m [1m25s[0m 606ms/step - accuracy: 0.5327 - auc: 0.5489 - loss: 0.8380 - precision: 0.5274 - recall: 0.5973
[1m109/150[0m [32m━━━━━━━━━━━━━━[0m[37m━━━━━━[0m [1m24s[0m 606ms/step - accuracy: 0.5328 - auc: 0.5491 - loss: 0.8377 - precision: 0.5275 - recall: 0.5976
[1m110/150[0m [32m━━━━━━━━━━━━━━[0m[37m━━━━━━[0m [1m24s[0m 606ms/step - accuracy: 0.5329 - auc: 0.5493 - loss: 0.8374 - precision: 0.5276 - recall: 0.5978
[1m111/150[0m [32m━━━━━━━━━━━━━━[0m[37m━━━━━━[0m [1m23s[0m 606ms/step - accuracy: 0.5330 - auc: 0.5495 - loss: 0.8371 - precision: 0.5277 - recall: 0.5981
[1m112/150[0m [32m━━━━━━━━━━━━━━[0m[37m━━━━━━[0m [1m23s[0m 607ms/step - accuracy: 0.5332 - auc: 0.5497 - loss: 0.8369 - precision: 0.5278 - recall: 0.5984
[1m113/150[0m [32m━━━━━━━━━━━━━━━[0m[37m━━━━━[0m [1m22s[0m 607ms/step - accuracy: 0.5333 - auc: 0.5499 - loss: 0.8366 - precision: 0.5279 - recall: 0.5987
[1m114/150[0m [32m━━━━━━━━━━━━━━━[0m[37m━━━━━[0m [1m21s[0m 607ms/step - accuracy: 0.5334 - auc: 0.5501 - loss: 0.8363 - precision: 0.5280 - recall: 0.5990
[1m115/150[0m [32m━━━━━━━━━━━━━━━[0m[37m━━━━━[0m [1m21s[0m 607ms/step - accuracy: 0.5335 - auc: 0.5502 - loss: 0.8360 - precision: 0.5281 - recall: 0.5993
[1m116/150[0m [32m━━━━━━━━━━━━━━━[0m[37m━━━━━[0m [1m20s[0m 611ms/step - accuracy: 0.5336 - auc: 0.5504 - loss: 0.8357 - precision: 0.5282 - recall: 0.5996
[1m117/150[0m [32m━━━━━━━━━━━━━━━[0m[37m━━━━━[0m [1m20s[0m 608ms/step - accuracy: 0.5337 - auc: 0.5506 - loss: 0.8354 - precision: 0.5283 - recall: 0.5999
[1m118/150[0m [32m━━━━━━━━━━━━━━━[0m[37m━━━━━[0m [1m19s[0m 608ms/step - accuracy: 0.5338 - auc: 0.5508 - loss: 0.8351 - precision: 0.5284 - recall: 0.6002
[1m119/150[0m [32m━━━━━━━━━━━━━━━[0m[37m━━━━━[0m [1m18s[0m 608ms/step - accuracy: 0.5339 - auc: 0.5510 - loss: 0.8348 - precision: 0.5285 - recall: 0.6005
[1m120/150[0m [32m━━━━━━━━━━━━━━━━[0m[37m━━━━[0m [1m18s[0m 608ms/step - accuracy: 0.5341 - auc: 0.5511 - loss: 0.8346 - precision: 0.5287 - recall: 0.6008
[1m121/150[0m [32m━━━━━━━━━━━━━━━━[0m[37m━━━━[0m [1m17s[0m 609ms/step - accuracy: 0.5342 - auc: 0.5513 - loss: 0.8343 - precision: 0.5288 - recall: 0.6011
[1m122/150[0m [32m━━━━━━━━━━━━━━━━[0m[37m━━━━[0m [1m17s[0m 609ms/step - accuracy: 0.5343 - auc: 0.5515 - loss: 0.8340 - precision: 0.5289 - recall: 0.6015
[1m123/150[0m [32m━━━━━━━━━━━━━━━━[0m[37m━━━━[0m [1m16s[0m 609ms/step - accuracy: 0.5344 - auc: 0.5517 - loss: 0.8337 - precision: 0.5290 - recall: 0.6018
[1m124/150[0m [32m━━━━━━━━━━━━━━━━[0m[37m━━━━[0m [1m15s[0m 609ms/step - accuracy: 0.5345 - auc: 0.5519 - loss: 0.8335 - precision: 0.5291 - recall: 0.6021
[1m125/150[0m [32m━━━━━━━━━━━━━━━━[0m[37m━━━━[0m [1m15s[0m 609ms/step - accuracy: 0.5346 - auc: 0.5520 - loss: 0.8332 - precision: 0.5291 - recall: 0.6024
[1m126/150[0m [32m━━━━━━━━━━━━━━━━[0m[37m━━━━[0m [1m14s[0m 609ms/step - accuracy: 0.5347 - auc: 0.5522 - loss: 0.8329 - precision: 0.5292 - recall: 0.6027
[1m127/150[0m [32m━━━━━━━━━━━━━━━━[0m[37m━━━━[0m [1m13s[0m 609ms/step - accuracy: 0.5348 - auc: 0.5524 - loss: 0.8327 - precision: 0.5293 - recall: 0.6029
[1m128/150[0m [32m━━━━━━━━━━━━━━━━━[0m[37m━━━[0m [1m13s[0m 622ms/step - accuracy: 0.5349 - auc: 0.5525 - loss: 0.8324 - precision: 0.5294 - recall: 0.6032
[1m129/150[0m [32m━━━━━━━━━━━━━━━━━[0m[37m━━━[0m [1m13s[0m 619ms/step - accuracy: 0.5350 - auc: 0.5527 - loss: 0.8321 - precision: 0.5295 - recall: 0.6035
[1m130/150[0m [32m━━━━━━━━━━━━━━━━━[0m[37m━━━[0m [1m12s[0m 617ms/step - accuracy: 0.5352 - auc: 0.5529 - loss: 0.8319 - precision: 0.5296 - recall: 0.6038
[1m131/150[0m [32m━━━━━━━━━━━━━━━━━[0m[37m━━━[0m [1m11s[0m 615ms/step - accuracy: 0.5353 - auc: 0.5530 - loss: 0.8316 - precision: 0.5297 - recall: 0.6041
[1m132/150[0m [32m━━━━━━━━━━━━━━━━━[0m[37m━━━[0m [1m11s[0m 612ms/step - accuracy: 0.5354 - auc: 0.5532 - loss: 0.8314 - precision: 0.5298 - recall: 0.6043
[1m133/150[0m [32m━━━━━━━━━━━━━━━━━[0m[37m━━━[0m [1m10s[0m 611ms/step - accuracy: 0.5355 - auc: 0.5534 - loss: 0.8311 - precision: 0.5299 - recall: 0.6046
[1m134/150[0m [32m━━━━━━━━━━━━━━━━━[0m[37m━━━[0m [1m9s[0m 620ms/step - accuracy: 0.5356 - auc: 0.5535 - loss: 0.8309 - precision: 0.5300 - recall: 0.6049 
[1m135/150[0m [32m━━━━━━━━━━━━━━━━━━[0m[37m━━[0m [1m9s[0m 627ms/step - accuracy: 0.5357 - auc: 0.5537 - loss: 0.8306 - precision: 0.5301 - recall: 0.6052
[1m136/150[0m [32m━━━━━━━━━━━━━━━━━━[0m[37m━━[0m [1m8s[0m 634ms/step - accuracy: 0.5358 - auc: 0.5539 - loss: 0.8303 - precision: 0.5302 - recall: 0.6055
[1m137/150[0m [32m━━━━━━━━━━━━━━━━━━[0m[37m━━[0m [1m8s[0m 638ms/step - accuracy: 0.5360 - auc: 0.5540 - loss: 0.8301 - precision: 0.5304 - recall: 0.6058
[1m138/150[0m [32m━━━━━━━━━━━━━━━━━━[0m[37m━━[0m [1m7s[0m 643ms/step - accuracy: 0.5361 - auc: 0.5542 - loss: 0.8298 - precision: 0.5305 - recall: 0.6061
[1m139/150[0m [32m━━━━━━━━━━━━━━━━━━[0m[37m━━[0m [1m7s[0m 647ms/step - accuracy: 0.5362 - auc: 0.5544 - loss: 0.8296 - precision: 0.5306 - recall: 0.6063
[1m140/150[0m [32m━━━━━━━━━━━━━━━━━━[0m[37m━━[0m [1m6s[0m 655ms/step - accuracy: 0.5363 - auc: 0.5546 - loss: 0.8293 - precision: 0.5307 - recall: 0.6066
[1m141/150[0m [32m━━━━━━━━━━━━━━━━━━[0m[37m━━[0m [1m5s[0m 660ms/step - accuracy: 0.5364 - auc: 0.5547 - loss: 0.8290 - precision: 0.5308 - recall: 0.6069
[1m142/150[0m [32m━━━━━━━━━━━━━━━━━━[0m[37m━━[0m [1m5s[0m 664ms/step - accuracy: 0.5366 - auc: 0.5549 - loss: 0.8288 - precision: 0.5309 - recall: 0.6072
[1m143/150[0m [32m━━━━━━━━━━━━━━━━━━━[0m[37m━[0m [1m4s[0m 669ms/step - accuracy: 0.5367 - auc: 0.5551 - loss: 0.8285 - precision: 0.5310 - recall: 0.6075
[1m144/150[0m [32m━━━━━━━━━━━━━━━━━━━[0m[37m━[0m [1m4s[0m 674ms/step - accuracy: 0.5368 - auc: 0.5553 - loss: 0.8283 - precision: 0.5311 - recall: 0.6078
[1m145/150[0m [32m━━━━━━━━━━━━━━━━━━━[0m[37m━[0m [1m3s[0m 679ms/step - accuracy: 0.5369 - auc: 0.5554 - loss: 0.8280 - precision: 0.5312 - recall: 0.6081
[1m146/150[0m [32m━━━━━━━━━━━━━━━━━━━[0m[37m━[0m [1m2s[0m 684ms/step - accuracy: 0.5370 - auc: 0.5556 - loss: 0.8278 - precision: 0.5313 - recall: 0.6084
[1m147/150[0m [32m━━━━━━━━━━━━━━━━━━━[0m[37m━[0m [1m2s[0m 690ms/step - accuracy: 0.5371 - auc: 0.5558 - loss: 0.8276 - precision: 0.5314 - recall: 0.6086
[1m148/150[0m [32m━━━━━━━━━━━━━━━━━━━[0m[37m━[0m [1m1s[0m 696ms/step - accuracy: 0.5373 - auc: 0.5560 - loss: 0.8273 - precision: 0.5315 - recall: 0.6089
[1m149/150[0m [32m━━━━━━━━━━━━━━━━━━━[0m[37m━[0m [1m0s[0m 701ms/step - accuracy: 0.5374 - auc: 0.5561 - loss: 0.8271 - precision: 0.5316 - recall: 0.6092
[1m150/150[0m [32m━━━━━━━━━━━━━━━━━━━━[0m[37m[0m [1m0s[0m 706ms/step - accuracy: 0.5375 - auc: 0.5563 - loss: 0.8268 - precision: 0.5317 - recall: 0.6094
Epoch 1: val_auc improved from None to 0.58508, saving model to best_robust_fire_model_v3.keras

Epoch 1: finished saving model to best_robust_fire_model_v3.keras

[1m150/150[0m [32m━━━━━━━━━━━━━━━━━━━━[0m[37m[0m [1m126s[0m 812ms/step - accuracy: 0.5561 - auc: 0.5825 - loss: 0.7913 - precision: 0.5474 - recall: 0.6463 - val_accuracy: 0.5771 - val_auc: 0.5851 - val_loss: 0.6901 - val_precision: 0.5560 - val_recall: 0.7909 - learning_rate: 1.0000e-04
Epoch 2/30

[1m  1/150[0m [37m━━━━━━━━━━━━━━━━━━━━[0m [1m3:26[0m 1s/step - accuracy: 0.5312 - auc: 0.4545 - loss: 0.9595 - precision: 0.5556 - recall: 0.4545
[1m  2/150[0m [37m━━━━━━━━━━━━━━━━━━━━[0m [1m3:53[0m 2s/step - accuracy: 0.5391 - auc: 0.4913 - loss: 0.9154 - precision: 0.5574 - recall: 0.4811
[1m  3/150[0m [37m━━━━━━━━━━━━━━━━━━━━[0m [1m2:51[0m 1s/step - accuracy: 0.5521 - auc: 0.5155 - loss: 0.8849 - precision: 0.5626 - recall: 0.5016
[1m  4/150[0m [37m━━━━━━━━━━━━━━━━━━━━[0m [1m3:16[0m 1s/step - accuracy: 0.5596 - auc: 0.5343 - loss: 0.8632 - precision: 0.5716 - recall: 0.5155
[1m  5/150[0m [37m━━━━━━━━━━━━━━━━━━━━[0m [1m3:25[0m 1s/step - accuracy: 0.5608 - auc: 0.5433 - loss: 0.8507 - precision: 0.5750 - recall: 0.5267
[1m  6/150[0m [37m━━━━━━━━━━━━━━━━━━━━[0m [1m3:34[0m 1s/step - accuracy: 0.5619 - auc: 0.5507 - loss: 0.8404 - precision: 0.5766 - recall: 0.5372
[1m  7/150[0m [37m━━━━━━━━━━━━━━━━━━━━[0m [1m3:34[0m 2s/step - accuracy: 0.5633 - auc: 0.5573 - loss: 0.8312 - precision: 0.5778 - recall: 0.5469
[1m  8/150[0m [32m━[0m[37m━━━━━━━━━━━━━━━━━━━[0m [1m3:40[0m 2s/step - accuracy: 0.5651 - auc: 0.5640 - loss: 0.8228 - precision: 0.5790 - recall: 0.5586
[1m  9/150[0m [32m━[0m[37m━━━━━━━━━━━━━━━━━━━[0m [1m3:39[0m 2s/step - accuracy: 0.5672 - auc: 0.5707 - loss: 0.8151 - precision: 0.5811 - recall: 0.5695
[1m 10/150[0m [32m━[0m[37m━━━━━━━━━━━━━━━━━━━[0m [1m3:40[0m 2s/step - accuracy: 0.5697 - auc: 0.5763 - loss: 0.8088 - precision: 0.5832 - recall: 0.5794
[1m 11/150[0m [32m━[0m[37m━━━━━━━━━━━━━━━━━━━[0m [1m3:41[0m 2s/step - accuracy: 0.5713 - auc: 0.5803 - loss: 0.8038 - precision: 0.5841 - recall: 0.5877
[1m 12/150[0m [32m━[0m[37m━━━━━━━━━━━━━━━━━━━[0m [1m3:34[0m 2s/step - accuracy: 0.5729 - auc: 0.5834 - loss: 0.7998 - precision: 0.5848 - recall: 0.5951
[1m 13/150[0m [32m━[0m[37m━━━━━━━━━━━━━━━━━━━[0m [1m3:26[0m 2s/step - accuracy: 0.5736 - auc: 0.5852 - loss: 0.7968 - precision: 0.5843 - recall: 0.6022
[1m 14/150[0m [32m━[0m[37m━━━━━━━━━━━━━━━━━━━[0m [1m3:21[0m 1s/step - accuracy: 0.5746 - auc: 0.5876 - loss: 0.7937 - precision: 0.5844 - recall: 0.6094
[1m 15/150[0m [32m━━[0m[37m━━━━━━━━━━━━━━━━━━[0m [1m3:23[0m 2s/step - accuracy: 0.5759 - auc: 0.5899 - loss: 0.7907 - precision: 0.5846 - recall: 0.6162
[1m 16/150[0m [32m━━[0m[37m━━━━━━━━━━━━━━━━━━[0m [1m3:25[0m 2s/step - accuracy: 0.5769 - auc: 0.5921 - loss: 0.7881 - precision: 0.5844 - recall: 0.6227
[1m 17/150[0m [32m━━[0m[37m━━━━━━━━━━━━━━━━━━[0m [1m3:25[0m 2s/step - accuracy: 0.5780 - auc: 0.5943 - loss: 0.7855 - precision: 0.5847 - recall: 0.6286
[1m 18/150[0m [32m━━[0m[37m━━━━━━━━━━━━━━━━━━[0m [1m3:27[0m 2s/step - accuracy: 0.5789 - auc: 0.5960 - loss: 0.7834 - precision: 0.5847 - recall: 0.6336
[1m 19/150[0m [32m━━[0m[37m━━━━━━━━━━━━━━━━━━[0m [1m3:26[0m 2s/step - accuracy: 0.5796 - auc: 0.5974 - loss: 0.7815 - precision: 0.5847 - recall: 0.6380
[1m 20/150[0m [32m━━[0m[37m━━━━━━━━━━━━━━━━━━[0m [1m3:27[0m 2s/step - accuracy: 0.5800 - auc: 0.5987 - loss: 0.7797 - precision: 0.5842 - recall: 0.6420
[1m 21/150[0m [32m━━[0m[37m━━━━━━━━━━━━━━━━━━[0m [1m3:28[0m 2s/step - accuracy: 0.5805 - auc: 0.6000 - loss: 0.7780 - precision: 0.5839 - recall: 0.6458
[1m 22/150[0m [32m━━[0m[37m━━━━━━━━━━━━━━━━━━[0m [1m3:29[0m 2s/step - accuracy: 0.5808 - auc: 0.6013 - loss: 0.7763 - precision: 0.5835 - recall: 0.6491
[1m 23/150[0m [32m━━━[0m[37m━━━━━━━━━━━━━━━━━[0m [1m3:30[0m 2s/step - accuracy: 0.5812 - auc: 0.6026 - loss: 0.7747 - precision: 0.5832 - recall: 0.6523
[1m 24/150[0m [32m━━━[0m[37m━━━━━━━━━━━━━━━━━[0m [1m3:26[0m 2s/step - accuracy: 0.5816 - auc: 0.6039 - loss: 0.7732 - precision: 0.5827 - recall: 0.6553
[1m 25/150[0m [32m━━━[0m[37m━━━━━━━━━━━━━━━━━[0m [1m3:26[0m 2s/step - accuracy: 0.5820 - auc: 0.6051 - loss: 0.7718 - precision: 0.5824 - recall: 0.6579
[1m 26/150[0m [32m━━━[0m[37m━━━━━━━━━━━━━━━━━[0m [1m3:26[0m 2s/step - accuracy: 0.5824 - auc: 0.6063 - loss: 0.7704 - precision: 0.5822 - recall: 0.6603
[1m 27/150[0m [32m━━━[0m[37m━━━━━━━━━━━━━━━━━[0m [1m3:26[0m 2s/step - accuracy: 0.5830 - auc: 0.6075 - loss: 0.7691 - precision: 0.5823 - recall: 0.6624
[1m 28/150[0m [32m━━━[0m[37m━━━━━━━━━━━━━━━━━[0m [1m3:27[0m 2s/step - accuracy: 0.5835 - auc: 0.6086 - loss: 0.7679 - precision: 0.5824 - recall: 0.6643
[1m 29/150[0m [32m━━━[0m[37m━━━━━━━━━━━━━━━━━[0m [1m3:26[0m 2s/step - accuracy: 0.5839 - auc: 0.6094 - loss: 0.7669 - precision: 0.5824 - recall: 0.6659
[1m 30/150[0m [32m━━━━[0m[37m━━━━━━━━━━━━━━━━[0m [1m3:26[0m 2s/step - accuracy: 0.5843 - auc: 0.6103 - loss: 0.7659 - precision: 0.5825 - recall: 0.6674
[1m 31/150[0m [32m━━━━[0m[37m━━━━━━━━━━━━━━━━[0m [1m3:25[0m 2s/step - accuracy: 0.5847 - auc: 0.6111 - loss: 0.7649 - precision: 0.5826 - recall: 0.6689
[1m 32/150[0m [32m━━━━[0m[37m━━━━━━━━━━━━━━━━[0m [1m3:24[0m 2s/step - accuracy: 0.5851 - auc: 0.6119 - loss: 0.7640 - precision: 0.5826 - recall: 0.6704
[1m 33/150[0m [32m━━━━[0m[37m━━━━━━━━━━━━━━━━[0m [1m3:23[0m 2s/step - accuracy: 0.5854 - auc: 0.6127 - loss: 0.7632 - precision: 0.5825 - recall: 0.6719
[1m 34/150[0m [32m━━━━[0m[37m━━━━━━━━━━━━━━━━[0m [1m3:23[0m 2s/step - accuracy: 0.5858 - auc: 0.6134 - loss: 0.7624 - precision: 0.5825 - recall: 0.6733
[1m 35/150[0m [32m━━━━[0m[37m━━━━━━━━━━━━━━━━[0m [1m3:24[0m 2s/step - accuracy: 0.5861 - auc: 0.6141 - loss: 0.7616 - precision: 0.5825 - recall: 0.6747
[1m 36/150[0m [32m━━━━[0m[37m━━━━━━━━━━━━━━━━[0m [1m3:24[0m 2s/step - accuracy: 0.5864 - auc: 0.6148 - loss: 0.7608 - precision: 0.5825 - recall: 0.6760
[1m 37/150[0m [32m━━━━[0m[37m━━━━━━━━━━━━━━━━[0m [1m3:20[0m 2s/step - accuracy: 0.5867 - auc: 0.6154 - loss: 0.7601 - precision: 0.5823 - recall: 0.6772
[1m 38/150[0m [32m━━━━━[0m[37m━━━━━━━━━━━━━━━[0m [1m3:16[0m 2s/step - accuracy: 0.5869 - auc: 0.6160 - loss: 0.7594 - precision: 0.5822 - recall: 0.6783
[1m 39/150[0m [32m━━━━━[0m[37m━━━━━━━━━━━━━━━[0m [1m3:13[0m 2s/step - accuracy: 0.5871 - auc: 0.6165 - loss: 0.7588 - precision: 0.5820 - recall: 0.6794
[1m 40/150[0m [32m━━━━━[0m[37m━━━━━━━━━━━━━━━[0m [1m3:10[0m 2s/step - accuracy: 0.5874 - auc: 0.6172 - loss: 0.7581 - precision: 0.5819 - recall: 0.6804
[1m 41/150[0m [32m━━━━━[0m[37m━━━━━━━━━━━━━━━[0m [1m3:09[0m 2s/step - accuracy: 0.5876 - auc: 0.6177 - loss: 0.7575 - precision: 0.5819 - recall: 0.6814
[1m 42/150[0m [32m━━━━━[0m[37m━━━━━━━━━━━━━━━[0m [1m3:08[0m 2s/step - accuracy: 0.5879 - auc: 0.6183 - loss: 0.7570 - precision: 0.5819 - recall: 0.6823
[1m 43/150[0m [32m━━━━━[0m[37m━━━━━━━━━━━━━━━[0m [1m3:08[0m 2s/step - accuracy: 0.5882 - auc: 0.6189 - loss: 0.7564 - precision: 0.5820 - recall: 0.6832
[1m 44/150[0m [32m━━━━━[0m[37m━━━━━━━━━━━━━━━[0m [1m3:07[0m 2s/step - accuracy: 0.5885 - auc: 0.6194 - loss: 0.7558 - precision: 0.5820 - recall: 0.6841
[1m 45/150[0m [32m━━━━━━[0m[37m━━━━━━━━━━━━━━[0m [1m3:06[0m 2s/step - accuracy: 0.5888 - auc: 0.6199 - loss: 0.7553 - precision: 0.5821 - recall: 0.6849
[1m 46/150[0m [32m━━━━━━[0m[37m━━━━━━━━━━━━━━[0m [1m3:05[0m 2s/step - accuracy: 0.5891 - auc: 0.6204 - loss: 0.7548 - precision: 0.5821 - recall: 0.6857
[1m 47/150[0m [32m━━━━━━[0m[37m━━━━━━━━━━━━━━[0m [1m3:04[0m 2s/step - accuracy: 0.5893 - auc: 0.6209 - loss: 0.7544 - precision: 0.5822 - recall: 0.6865
[1m 48/150[0m [32m━━━━━━[0m[37m━━━━━━━━━━━━━━[0m [1m3:03[0m 2s/step - accuracy: 0.5895 - auc: 0.6214 - loss: 0.7539 - precision: 0.5821 - recall: 0.6872
[1m 49/150[0m [32m━━━━━━[0m[37m━━━━━━━━━━━━━━[0m [1m3:02[0m 2s/step - accuracy: 0.5897 - auc: 0.6218 - loss: 0.7535 - precision: 0.5821 - recall: 0.6880
[1m 50/150[0m [32m━━━━━━[0m[37m━━━━━━━━━━━━━━[0m [1m3:01[0m 2s/step - accuracy: 0.5899 - auc: 0.6221 - loss: 0.7531 - precision: 0.5821 - recall: 0.6886
[1m 51/150[0m [32m━━━━━━[0m[37m━━━━━━━━━━━━━━[0m [1m3:01[0m 2s/step - accuracy: 0.5900 - auc: 0.6225 - loss: 0.7527 - precision: 0.5820 - recall: 0.6893
[1m 52/150[0m [32m━━━━━━[0m[37m━━━━━━━━━━━━━━[0m [1m2:59[0m 2s/step - accuracy: 0.5902 - auc: 0.6228 - loss: 0.7524 - precision: 0.5820 - recall: 0.6899
[1m 53/150[0m [32m━━━━━━━[0m[37m━━━━━━━━━━━━━[0m [1m2:58[0m 2s/step - accuracy: 0.5903 - auc: 0.6232 - loss: 0.7520 - precision: 0.5819 - recall: 0.6905
[1m 54/150[0m [32m━━━━━━━[0m[37m━━━━━━━━━━━━━[0m [1m2:57[0m 2s/step - accuracy: 0.5904 - auc: 0.6236 - loss: 0.7516 - precision: 0.5818 - recall: 0.6912
[1m 55/150[0m [32m━━━━━━━[0m[37m━━━━━━━━━━━━━[0m [1m2:56[0m 2s/step - accuracy: 0.5906 - auc: 0.6240 - loss: 0.7512 - precision: 0.5817 - recall: 0.6919
[1m 56/150[0m [32m━━━━━━━[0m[37m━━━━━━━━━━━━━[0m [1m2:55[0m 2s/step - accuracy: 0.5907 - auc: 0.6243 - loss: 0.7508 - precision: 0.5816 - recall: 0.6925
[1m 57/150[0m [32m━━━━━━━[0m[37m━━━━━━━━━━━━━[0m [1m2:54[0m 2s/step - accuracy: 0.5908 - auc: 0.6247 - loss: 0.7505 - precision: 0.5816 - recall: 0.6931
[1m 58/150[0m [32m━━━━━━━[0m[37m━━━━━━━━━━━━━[0m [1m2:52[0m 2s/step - accuracy: 0.5909 - auc: 0.6250 - loss: 0.7502 - precision: 0.5815 - recall: 0.6936
[1m 59/150[0m [32m━━━━━━━[0m[37m━━━━━━━━━━━━━[0m [1m2:51[0m 2s/step - accuracy: 0.5910 - auc: 0.6253 - loss: 0.7498 - precision: 0.5814 - recall: 0.6941
[1m 60/150[0m [32m━━━━━━━━[0m[37m━━━━━━━━━━━━[0m [1m2:50[0m 2s/step - accuracy: 0.5912 - auc: 0.6257 - loss: 0.7495 - precision: 0.5813 - recall: 0.6946
[1m 61/150[0m [32m━━━━━━━━[0m[37m━━━━━━━━━━━━[0m [1m2:48[0m 2s/step - accuracy: 0.5913 - auc: 0.6260 - loss: 0.7492 - precision: 0.5812 - recall: 0.6951
[1m 62/150[0m [32m━━━━━━━━[0m[37m━━━━━━━━━━━━[0m [1m2:47[0m 2s/step - accuracy: 0.5914 - auc: 0.6263 - loss: 0.7489 - precision: 0.5812 - recall: 0.6955
[1m 63/150[0m [32m━━━━━━━━[0m[37m━━━━━━━━━━━━[0m [1m2:45[0m 2s/step - accuracy: 0.5915 - auc: 0.6266 - loss: 0.7486 - precision: 0.5811 - recall: 0.6959
[1m 64/150[0m [32m━━━━━━━━[0m[37m━━━━━━━━━━━━[0m [1m2:44[0m 2s/step - accuracy: 0.5917 - auc: 0.6269 - loss: 0.7483 - precision: 0.5811 - recall: 0.6963
[1m 65/150[0m [32m━━━━━━━━[0m[37m━━━━━━━━━━━━[0m [1m2:42[0m 2s/step - accuracy: 0.5918 - auc: 0.6272 - loss: 0.7480 - precision: 0.5811 - recall: 0.6967
[1m 66/150[0m [32m━━━━━━━━[0m[37m━━━━━━━━━━━━[0m [1m2:41[0m 2s/step - accuracy: 0.5919 - auc: 0.6275 - loss: 0.7477 - precision: 0.5810 - recall: 0.6971
[1m 67/150[0m [32m━━━━━━━━[0m[37m━━━━━━━━━━━━[0m [1m2:39[0m 2s/step - accuracy: 0.5921 - auc: 0.6278 - loss: 0.7474 - precision: 0.5810 - recall: 0.6974
[1m 68/150[0m [32m━━━━━━━━━[0m[37m━━━━━━━━━━━[0m [1m2:37[0m 2s/step - accuracy: 0.5922 - auc: 0.6281 - loss: 0.7471 - precision: 0.5810 - recall: 0.6978
[1m 69/150[0m [32m━━━━━━━━━[0m[37m━━━━━━━━━━━[0m [1m2:36[0m 2s/step - accuracy: 0.5923 - auc: 0.6284 - loss: 0.7469 - precision: 0.5810 - recall: 0.6981
[1m 70/150[0m [32m━━━━━━━━━[0m[37m━━━━━━━━━━━[0m [1m2:34[0m 2s/step - accuracy: 0.5925 - auc: 0.6287 - loss: 0.7466 - precision: 0.5810 - recall: 0.6984
[1m 71/150[0m [32m━━━━━━━━━[0m[37m━━━━━━━━━━━[0m [1m2:33[0m 2s/step - accuracy: 0.5927 - auc: 0.6290 - loss: 0.7463 - precision: 0.5810 - recall: 0.6988
[1m 72/150[0m [32m━━━━━━━━━[0m[37m━━━━━━━━━━━[0m [1m2:31[0m 2s/step - accuracy: 0.5928 - auc: 0.6294 - loss: 0.7460 - precision: 0.5810 - recall: 0.6991
[1m 73/150[0m [32m━━━━━━━━━[0m[37m━━━━━━━━━━━[0m [1m2:30[0m 2s/step - accuracy: 0.5930 - auc: 0.6297 - loss: 0.7457 - precision: 0.5811 - recall: 0.6994
[1m 74/150[0m [32m━━━━━━━━━[0m[37m━━━━━━━━━━━[0m [1m2:28[0m 2s/step - accuracy: 0.5931 - auc: 0.6299 - loss: 0.7454 - precision: 0.5811 - recall: 0.6997
[1m 75/150[0m [32m━━━━━━━━━━[0m[37m━━━━━━━━━━[0m [1m2:26[0m 2s/step - accuracy: 0.5933 - auc: 0.6302 - loss: 0.7452 - precision: 0.5812 - recall: 0.7001
[1m 76/150[0m [32m━━━━━━━━━━[0m[37m━━━━━━━━━━[0m [1m2:24[0m 2s/step - accuracy: 0.5934 - auc: 0.6304 - loss: 0.7450 - precision: 0.5812 - recall: 0.7004
[1m 77/150[0m [32m━━━━━━━━━━[0m[37m━━━━━━━━━━[0m [1m2:23[0m 2s/step - accuracy: 0.5935 - auc: 0.6307 - loss: 0.7448 - precision: 0.5812 - recall: 0.7007
[1m 78/150[0m [32m━━━━━━━━━━[0m[37m━━━━━━━━━━[0m [1m2:21[0m 2s/step - accuracy: 0.5936 - auc: 0.6309 - loss: 0.7446 - precision: 0.5812 - recall: 0.7010
[1m 79/150[0m [32m━━━━━━━━━━[0m[37m━━━━━━━━━━[0m [1m2:19[0m 2s/step - accuracy: 0.5937 - auc: 0.6311 - loss: 0.7443 - precision: 0.5813 - recall: 0.7014
[1m 80/150[0m [32m━━━━━━━━━━[0m[37m━━━━━━━━━━[0m [1m2:17[0m 2s/step - accuracy: 0.5938 - auc: 0.6313 - loss: 0.7441 - precision: 0.5813 - recall: 0.7018
[1m 81/150[0m [32m━━━━━━━━━━[0m[37m━━━━━━━━━━[0m [1m2:15[0m 2s/step - accuracy: 0.5940 - auc: 0.6315 - loss: 0.7439 - precision: 0.5813 - recall: 0.7021
[1m 82/150[0m [32m━━━━━━━━━━[0m[37m━━━━━━━━━━[0m [1m2:14[0m 2s/step - accuracy: 0.5941 - auc: 0.6317 - loss: 0.7437 - precision: 0.5813 - recall: 0.7025
[1m 83/150[0m [32m━━━━━━━━━━━[0m[37m━━━━━━━━━[0m [1m2:12[0m 2s/step - accuracy: 0.5942 - auc: 0.6319 - loss: 0.7436 - precision: 0.5813 - recall: 0.7028
[1m 84/150[0m [32m━━━━━━━━━━━[0m[37m━━━━━━━━━[0m [1m2:11[0m 2s/step - accuracy: 0.5943 - auc: 0.6321 - loss: 0.7434 - precision: 0.5814 - recall: 0.7032
[1m 85/150[0m [32m━━━━━━━━━━━[0m[37m━━━━━━━━━[0m [1m2:09[0m 2s/step - accuracy: 0.5944 - auc: 0.6323 - loss: 0.7432 - precision: 0.5814 - recall: 0.7035
[1m 86/150[0m [32m━━━━━━━━━━━[0m[37m━━━━━━━━━[0m [1m2:07[0m 2s/step - accuracy: 0.5945 - auc: 0.6325 - loss: 0.7430 - precision: 0.5814 - recall: 0.7038
[1m 87/150[0m [32m━━━━━━━━━━━[0m[37m━━━━━━━━━[0m [1m2:05[0m 2s/step - accuracy: 0.5945 - auc: 0.6327 - loss: 0.7429 - precision: 0.5814 - recall: 0.7041
[1m 88/150[0m [32m━━━━━━━━━━━[0m[37m━━━━━━━━━[0m [1m2:03[0m 2s/step - accuracy: 0.5946 - auc: 0.6329 - loss: 0.7427 - precision: 0.5814 - recall: 0.7045
[1m 89/150[0m [32m━━━━━━━━━━━[0m[37m━━━━━━━━━[0m [1m2:01[0m 2s/step - accuracy: 0.5947 - auc: 0.6330 - loss: 0.7426 - precision: 0.5814 - recall: 0.7048
[1m 90/150[0m [32m━━━━━━━━━━━━[0m[37m━━━━━━━━[0m [1m2:00[0m 2s/step - accuracy: 0.5948 - auc: 0.6332 - loss: 0.7424 - precision: 0.5814 - recall: 0.7050
[1m 91/150[0m [32m━━━━━━━━━━━━[0m[37m━━━━━━━━[0m [1m1:58[0m 2s/step - accuracy: 0.5949 - auc: 0.6333 - loss: 0.7423 - precision: 0.5814 - recall: 0.7053
[1m 92/150[0m [32m━━━━━━━━━━━━[0m[37m━━━━━━━━[0m [1m1:56[0m 2s/step - accuracy: 0.5950 - auc: 0.6335 - loss: 0.7421 - precision: 0.5814 - recall: 0.7056
[1m 93/150[0m [32m━━━━━━━━━━━━[0m[37m━━━━━━━━[0m [1m1:54[0m 2s/step - accuracy: 0.5950 - auc: 0.6336 - loss: 0.7420 - precision: 0.5814 - recall: 0.7059
[1m 94/150[0m [32m━━━━━━━━━━━━[0m[37m━━━━━━━━[0m [1m1:52[0m 2s/step - accuracy: 0.5951 - auc: 0.6338 - loss: 0.7419 - precision: 0.5814 - recall: 0.7061
[1m 95/150[0m [32m━━━━━━━━━━━━[0m[37m━━━━━━━━[0m [1m1:51[0m 2s/step - accuracy: 0.5952 - auc: 0.6340 - loss: 0.7417 - precision: 0.5814 - recall: 0.7064
[1m 96/150[0m [32m━━━━━━━━━━━━[0m[37m━━━━━━━━[0m [1m1:49[0m 2s/step - accuracy: 0.5953 - auc: 0.6341 - loss: 0.7416 - precision: 0.5814 - recall: 0.7067
[1m 97/150[0m [32m━━━━━━━━━━━━[0m[37m━━━━━━━━[0m [1m1:47[0m 2s/step - accuracy: 0.5954 - auc: 0.6343 - loss: 0.7414 - precision: 0.5815 - recall: 0.7069
[1m 98/150[0m [32m━━━━━━━━━━━━━[0m[37m━━━━━━━[0m [1m1:45[0m 2s/step - accuracy: 0.5955 - auc: 0.6344 - loss: 0.7413 - precision: 0.5815 - recall: 0.7071
[1m 99/150[0m [32m━━━━━━━━━━━━━[0m[37m━━━━━━━[0m [1m1:43[0m 2s/step - accuracy: 0.5956 - auc: 0.6346 - loss: 0.7412 - precision: 0.5815 - recall: 0.7074
[1m100/150[0m [32m━━━━━━━━━━━━━[0m[37m━━━━━━━[0m [1m1:41[0m 2s/step - accuracy: 0.5957 - auc: 0.6347 - loss: 0.7410 - precision: 0.5815 - recall: 0.7076
[1m101/150[0m [32m━━━━━━━━━━━━━[0m[37m━━━━━━━[0m [1m1:39[0m 2s/step - accuracy: 0.5958 - auc: 0.6349 - loss: 0.7409 - precision: 0.5816 - recall: 0.7079
[1m102/150[0m [32m━━━━━━━━━━━━━[0m[37m━━━━━━━[0m [1m1:37[0m 2s/step - accuracy: 0.5959 - auc: 0.6351 - loss: 0.7408 - precision: 0.5816 - recall: 0.7082
[1m103/150[0m [32m━━━━━━━━━━━━━[0m[37m━━━━━━━[0m [1m1:35[0m 2s/step - accuracy: 0.5960 - auc: 0.6352 - loss: 0.7406 - precision: 0.5817 - recall: 0.7085
[1m104/150[0m [32m━━━━━━━━━━━━━[0m[37m━━━━━━━[0m [1m1:33[0m 2s/step - accuracy: 0.5961 - auc: 0.6354 - loss: 0.7405 - precision: 0.5817 - recall: 0.7087
[1m105/150[0m [32m━━━━━━━━━━━━━━[0m[37m━━━━━━[0m [1m1:31[0m 2s/step - accuracy: 0.5962 - auc: 0.6356 - loss: 0.7403 - precision: 0.5818 - recall: 0.7090
[1m106/150[0m [32m━━━━━━━━━━━━━━[0m[37m━━━━━━[0m [1m1:29[0m 2s/step - accuracy: 0.5963 - auc: 0.6357 - loss: 0.7402 - precision: 0.5819 - recall: 0.7093
[1m107/150[0m [32m━━━━━━━━━━━━━━[0m[37m━━━━━━[0m [1m1:27[0m 2s/step - accuracy: 0.5965 - auc: 0.6359 - loss: 0.7401 - precision: 0.5820 - recall: 0.7096
[1m108/150[0m [32m━━━━━━━━━━━━━━[0m[37m━━━━━━[0m [1m1:26[0m 2s/step - accuracy: 0.5966 - auc: 0.6361 - loss: 0.7399 - precision: 0.5820 - recall: 0.7099
[1m109/150[0m [32m━━━━━━━━━━━━━━[0m[37m━━━━━━[0m [1m1:24[0m 2s/step - accuracy: 0.5967 - auc: 0.6363 - loss: 0.7398 - precision: 0.5821 - recall: 0.7101
[1m110/150[0m [32m━━━━━━━━━━━━━━[0m[37m━━━━━━[0m [1m1:22[0m 2s/step - accuracy: 0.5968 - auc: 0.6364 - loss: 0.7396 - precision: 0.5821 - recall: 0.7104
[1m111/150[0m [32m━━━━━━━━━━━━━━[0m[37m━━━━━━[0m [1m1:20[0m 2s/step - accuracy: 0.5969 - auc: 0.6366 - loss: 0.7395 - precision: 0.5822 - recall: 0.7107
[1m112/150[0m [32m━━━━━━━━━━━━━━[0m[37m━━━━━━[0m [1m1:18[0m 2s/step - accuracy: 0.5970 - auc: 0.6368 - loss: 0.7393 - precision: 0.5822 - recall: 0.7109
[1m113/150[0m [32m━━━━━━━━━━━━━━━[0m[37m━━━━━[0m [1m1:16[0m 2s/step - accuracy: 0.5971 - auc: 0.6370 - loss: 0.7392 - precision: 0.5823 - recall: 0.7112
[1m114/150[0m [32m━━━━━━━━━━━━━━━[0m[37m━━━━━[0m [1m1:14[0m 2s/step - accuracy: 0.5973 - auc: 0.6372 - loss: 0.7391 - precision: 0.5824 - recall: 0.7115
[1m115/150[0m [32m━━━━━━━━━━━━━━━[0m[37m━━━━━[0m [1m1:11[0m 2s/step - accuracy: 0.5974 - auc: 0.6373 - loss: 0.7389 - precision: 0.5824 - recall: 0.7117
[1m116/150[0m [32m━━━━━━━━━━━━━━━[0m[37m━━━━━[0m [1m1:09[0m 2s/step - accuracy: 0.5975 - auc: 0.6375 - loss: 0.7388 - precision: 0.5825 - recall: 0.7120
[1m117/150[0m [32m━━━━━━━━━━━━━━━[0m[37m━━━━━[0m [1m1:07[0m 2s/step - accuracy: 0.5976 - auc: 0.6377 - loss: 0.7387 - precision: 0.5825 - recall: 0.7122
[1m118/150[0m [32m━━━━━━━━━━━━━━━[0m[37m━━━━━[0m [1m1:05[0m 2s/step - accuracy: 0.5977 - auc: 0.6378 - loss: 0.7386 - precision: 0.5826 - recall: 0.7124
[1m119/150[0m [32m━━━━━━━━━━━━━━━[0m[37m━━━━━[0m [1m1:02[0m 2s/step - accuracy: 0.5978 - auc: 0.6380 - loss: 0.7384 - precision: 0.5826 - recall: 0.7127
[1m120/150[0m [32m━━━━━━━━━━━━━━━━[0m[37m━━━━[0m [1m1:00[0m 2s/step - accuracy: 0.5979 - auc: 0.6382 - loss: 0.7383 - precision: 0.5827 - recall: 0.7129
[1m121/150[0m [32m━━━━━━━━━━━━━━━━[0m[37m━━━━[0m [1m58s[0m 2s/step - accuracy: 0.5980 - auc: 0.6383 - loss: 0.7382 - precision: 0.5827 - recall: 0.7131 
[1m122/150[0m [32m━━━━━━━━━━━━━━━━[0m[37m━━━━[0m [1m56s[0m 2s/step - accuracy: 0.5981 - auc: 0.6385 - loss: 0.7381 - precision: 0.5828 - recall: 0.7133
[1m123/150[0m [32m━━━━━━━━━━━━━━━━[0m[37m━━━━[0m [1m54s[0m 2s/step - accuracy: 0.5982 - auc: 0.6387 - loss: 0.7379 - precision: 0.5828 - recall: 0.7134
[1m124/150[0m [32m━━━━━━━━━━━━━━━━[0m[37m━━━━[0m [1m51s[0m 2s/step - accuracy: 0.5984 - auc: 0.6388 - loss: 0.7378 - precision: 0.5829 - recall: 0.7136
[1m125/150[0m [32m━━━━━━━━━━━━━━━━[0m[37m━━━━[0m [1m49s[0m 2s/step - accuracy: 0.5985 - auc: 0.6390 - loss: 0.7377 - precision: 0.5830 - recall: 0.7138
[1m126/150[0m [32m━━━━━━━━━━━━━━━━[0m[37m━━━━[0m [1m47s[0m 2s/step - accuracy: 0.5986 - auc: 0.6391 - loss: 0.7376 - precision: 0.5830 - recall: 0.7139
[1m127/150[0m [32m━━━━━━━━━━━━━━━━[0m[37m━━━━[0m [1m45s[0m 2s/step - accuracy: 0.5987 - auc: 0.6393 - loss: 0.7375 - precision: 0.5831 - recall: 0.7141
[1m128/150[0m [32m━━━━━━━━━━━━━━━━━[0m[37m━━━[0m [1m43s[0m 2s/step - accuracy: 0.5988 - auc: 0.6394 - loss: 0.7374 - precision: 0.5831 - recall: 0.7142
[1m129/150[0m [32m━━━━━━━━━━━━━━━━━[0m[37m━━━[0m [1m41s[0m 2s/step - accuracy: 0.5989 - auc: 0.6396 - loss: 0.7373 - precision: 0.5832 - recall: 0.7143
[1m130/150[0m [32m━━━━━━━━━━━━━━━━━[0m[37m━━━[0m [1m39s[0m 2s/step - accuracy: 0.5989 - auc: 0.6397 - loss: 0.7372 - precision: 0.5832 - recall: 0.7145
[1m131/150[0m [32m━━━━━━━━━━━━━━━━━[0m[37m━━━[0m [1m37s[0m 2s/step - accuracy: 0.5990 - auc: 0.6398 - loss: 0.7371 - precision: 0.5833 - recall: 0.7146
[1m132/150[0m [32m━━━━━━━━━━━━━━━━━[0m[37m━━━[0m [1m35s[0m 2s/step - accuracy: 0.5991 - auc: 0.6399 - loss: 0.7370 - precision: 0.5833 - recall: 0.7147
[1m133/150[0m [32m━━━━━━━━━━━━━━━━━[0m[37m━━━[0m [1m33s[0m 2s/step - accuracy: 0.5992 - auc: 0.6401 - loss: 0.7369 - precision: 0.5834 - recall: 0.7149
[1m134/150[0m [32m━━━━━━━━━━━━━━━━━[0m[37m━━━[0m [1m31s[0m 2s/step - accuracy: 0.5993 - auc: 0.6402 - loss: 0.7368 - precision: 0.5834 - recall: 0.7150
[1m135/150[0m [32m━━━━━━━━━━━━━━━━━━[0m[37m━━[0m [1m29s[0m 2s/step - accuracy: 0.5994 - auc: 0.6403 - loss: 0.7367 - precision: 0.5834 - recall: 0.7151
[1m136/150[0m [32m━━━━━━━━━━━━━━━━━━[0m[37m━━[0m [1m27s[0m 2s/step - accuracy: 0.5994 - auc: 0.6404 - loss: 0.7367 - precision: 0.5835 - recall: 0.7153
[1m137/150[0m [32m━━━━━━━━━━━━━━━━━━[0m[37m━━[0m [1m25s[0m 2s/step - accuracy: 0.5995 - auc: 0.6405 - loss: 0.7366 - precision: 0.5835 - recall: 0.7154
[1m138/150[0m [32m━━━━━━━━━━━━━━━━━━[0m[37m━━[0m [1m23s[0m 2s/step - accuracy: 0.5996 - auc: 0.6406 - loss: 0.7365 - precision: 0.5836 - recall: 0.7155
[1m139/150[0m [32m━━━━━━━━━━━━━━━━━━[0m[37m━━[0m [1m21s[0m 2s/step - accuracy: 0.5997 - auc: 0.6408 - loss: 0.7364 - precision: 0.5836 - recall: 0.7157
[1m140/150[0m [32m━━━━━━━━━━━━━━━━━━[0m[37m━━[0m [1m19s[0m 2s/step - accuracy: 0.5998 - auc: 0.6409 - loss: 0.7363 - precision: 0.5836 - recall: 0.7158
[1m141/150[0m [32m━━━━━━━━━━━━━━━━━━[0m[37m━━[0m [1m17s[0m 2s/step - accuracy: 0.5998 - auc: 0.6410 - loss: 0.7362 - precision: 0.5836 - recall: 0.7159
[1m142/150[0m [32m━━━━━━━━━━━━━━━━━━[0m[37m━━[0m [1m15s[0m 2s/step - accuracy: 0.5999 - auc: 0.6411 - loss: 0.7362 - precision: 0.5837 - recall: 0.7161
[1m143/150[0m [32m━━━━━━━━━━━━━━━━━━━[0m[37m━[0m [1m13s[0m 2s/step - accuracy: 0.6000 - auc: 0.6412 - loss: 0.7361 - precision: 0.5837 - recall: 0.7162
[1m144/150[0m [32m━━━━━━━━━━━━━━━━━━━[0m[37m━[0m [1m11s[0m 2s/step - accuracy: 0.6000 - auc: 0.6413 - loss: 0.7360 - precision: 0.5837 - recall: 0.7163
[1m145/150[0m [32m━━━━━━━━━━━━━━━━━━━[0m[37m━[0m [1m9s[0m 2s/step - accuracy: 0.6001 - auc: 0.6414 - loss: 0.7359 - precision: 0.5837 - recall: 0.7164 
[1m146/150[0m [32m━━━━━━━━━━━━━━━━━━━[0m[37m━[0m [1m7s[0m 2s/step - accuracy: 0.6002 - auc: 0.6415 - loss: 0.7358 - precision: 0.5838 - recall: 0.7165
[1m147/150[0m [32m━━━━━━━━━━━━━━━━━━━[0m[37m━[0m [1m5s[0m 2s/step - accuracy: 0.6002 - auc: 0.6416 - loss: 0.7357 - precision: 0.5838 - recall: 0.7166
[1m148/150[0m [32m━━━━━━━━━━━━━━━━━━━[0m[37m━[0m [1m3s[0m 2s/step - accuracy: 0.6003 - auc: 0.6417 - loss: 0.7357 - precision: 0.5838 - recall: 0.7167
[1m149/150[0m [32m━━━━━━━━━━━━━━━━━━━[0m[37m━[0m [1m1s[0m 2s/step - accuracy: 0.6004 - auc: 0.6418 - loss: 0.7356 - precision: 0.5839 - recall: 0.7168
[1m150/150[0m [32m━━━━━━━━━━━━━━━━━━━━[0m[37m[0m [1m0s[0m 2s/step - accuracy: 0.6004 - auc: 0.6419 - loss: 0.7355 - precision: 0.5839 - recall: 0.7169
Epoch 2: val_auc improved from 0.58508 to 0.66952, saving model to best_robust_fire_model_v3.keras

Epoch 2: finished saving model to best_robust_fire_model_v3.keras

[1m150/150[0m [32m━━━━━━━━━━━━━━━━━━━━[0m[37m[0m [1m298s[0m 2s/step - accuracy: 0.6117 - auc: 0.6579 - loss: 0.7226 - precision: 0.5899 - recall: 0.7318 - val_accuracy: 0.5083 - val_auc: 0.6695 - val_loss: 0.7094 - val_precision: 0.5058 - val_recall: 0.9938 - learning_rate: 1.0000e-04
Epoch 3/30

[1m  1/150[0m [37m━━━━━━━━━━━━━━━━━━━━[0m [1m3:42[0m 1s/step - accuracy: 0.7188 - auc: 0.7181 - loss: 0.6601 - precision: 0.6905 - recall: 0.8529
[1m  2/150[0m [37m━━━━━━━━━━━━━━━━━━━━[0m [1m3:00[0m 1s/step - accuracy: 0.6836 - auc: 0.7072 - loss: 0.6779 - precision: 0.6719 - recall: 0.7868
[1m  3/150[0m [37m━━━━━━━━━━━━━━━━━━━━[0m [1m2:50[0m 1s/step - accuracy: 0.6745 - auc: 0.7023 - loss: 0.6882 - precision: 0.6674 - recall: 0.7777
[1m  4/150[0m [37m━━━━━━━━━━━━━━━━━━━━[0m [1m2:44[0m 1s/step - accuracy: 0.6748 - auc: 0.7063 - loss: 0.6885 - precision: 0.6688 - recall: 0.7771
[1m  5/150[0m [37m━━━━━━━━━━━━━━━━━━━━[0m [1m2:44[0m 1s/step - accuracy: 0.6711 - auc: 0.7025 - loss: 0.6939 - precision: 0.6654 - recall: 0.7764
[1m  6/150[0m [37m━━━━━━━━━━━━━━━━━━━━[0m [1m2:45[0m 1s/step - accuracy: 0.6660 - auc: 0.6983 - loss: 0.6984 - precision: 0.6604 - recall: 0.7736
[1m  7/150[0m [37m━━━━━━━━━━━━━━━━━━━━[0m [1m2:44[0m 1s/step - accuracy: 0.6633 - auc: 0.6959 - loss: 0.7007 - precision: 0.6582 - recall: 0.7735
[1m  8/150[0m [32m━[0m[37m━━━━━━━━━━━━━━━━━━━[0m [1m2:44[0m 1s/step - accuracy: 0.6615 - auc: 0.6941 - loss: 0.7030 - precision: 0.6560 - recall: 0.7750
[1m  9/150[0m [32m━[0m[37m━━━━━━━━━━━━━━━━━━━[0m [1m2:55[0m 1s/step - accuracy: 0.6578 - auc: 0.6903 - loss: 0.7067 - precision: 0.6515 - recall: 0.7761
[1m 10/150[0m [32m━[0m[37m━━━━━━━━━━━━━━━━━━━[0m [1m2:54[0m 1s/step - accuracy: 0.6547 - auc: 0.6869 - loss: 0.7096 - precision: 0.6475 - recall: 0.7780
[1m 11/150[0m [32m━[0m[37m━━━━━━━━━━━━━━━━━━━[0m [1m3:01[0m 1s/step - accuracy: 0.6520 - auc: 0.6845 - loss: 0.7118 - precision: 0.6437 - recall: 0.7801
[1m 12/150[0m [32m━[0m[37m━━━━━━━━━━━━━━━━━━━[0m [1m2:58[0m 1s/step - accuracy: 0.6496 - auc: 0.6825 - loss: 0.7137 - precision: 0.6401 - recall: 0.7818
[1m 13/150[0m [32m━[0m[37m━━━━━━━━━━━━━━━━━━━[0m [1m2:52[0m 1s/step - accuracy: 0.6464 - auc: 0.6797 - loss: 0.7159 - precision: 0.6362 - recall: 0.7818
[1m 14/150[0m [32m━[0m[37m━━━━━━━━━━━━━━━━━━━[0m [1m2:49[0m 1s/step - accuracy: 0.6436 - auc: 0.6772 - loss: 0.7178 - precision: 0.6326 - recall: 0.7820
[1m 15/150[0m [32m━━[0m[37m━━━━━━━━━━━━━━━━━━[0m [1m2:46[0m 1s/step - accuracy: 0.6411 - auc: 0.6754 - loss: 0.7191 - precision: 0.6293 - recall: 0.7826
[1m 16/150[0m [32m━━[0m[37m━━━━━━━━━━━━━━━━━━[0m [1m2:45[0m 1s/step - accuracy: 0.6388 - auc: 0.6741 - loss: 0.7201 - precision: 0.6261 - recall: 0.7832
[1m 17/150[0m [32m━━[0m[37m━━━━━━━━━━━━━━━━━━[0m [1m2:43[0m 1s/step - accuracy: 0.6368 - auc: 0.6729 - loss: 0.7210 - precision: 0.6232 - recall: 0.7835
[1m 18/150[0m [32m━━[0m[37m━━━━━━━━━━━━━━━━━━[0m [1m2:41[0m 1s/step - accuracy: 0.6349 - auc: 0.6717 - loss: 0.7217 - precision: 0.6208 - recall: 0.7834
[1m 19/150[0m [32m━━[0m[37m━━━━━━━━━━━━━━━━━━[0m [1m2:39[0m 1s/step - accuracy: 0.6336 - auc: 0.6710 - loss: 0.7221 - precision: 0.6189 - recall: 0.7835
[1m 20/150[0m [32m━━[0m[37m━━━━━━━━━━━━━━━━━━[0m [1m2:37[0m 1s/step - accuracy: 0.6328 - auc: 0.6706 - loss: 0.7222 - precision: 0.6174 - recall: 0.7840
[1m 21/150[0m [32m━━[0m[37m━━━━━━━━━━━━━━━━━━[0m [1m2:35[0m 1s/step - accuracy: 0.6320 - auc: 0.6703 - loss: 0.7223 - precision: 0.6161 - recall: 0.7843
[1m 22/150[0m [32m━━[0m[37m━━━━━━━━━━━━━━━━━━[0m [1m2:33[0m 1s/step - accuracy: 0.6315 - auc: 0.6701 - loss: 0.7222 - precision: 0.6150 - recall: 0.7848
[1m 23/150[0m [32m━━━[0m[37m━━━━━━━━━━━━━━━━━[0m [1m2:30[0m 1s/step - accuracy: 0.6313 - auc: 0.6702 - loss: 0.7220 - precision: 0.6143 - recall: 0.7852
[1m 24/150[0m [32m━━━[0m[37m━━━━━━━━━━━━━━━━━[0m [1m2:28[0m 1s/step - accuracy: 0.6312 - auc: 0.6704 - loss: 0.7216 - precision: 0.6136 - recall: 0.7857
[1m 25/150[0m [32m━━━[0m[37m━━━━━━━━━━━━━━━━━[0m [1m2:31[0m 1s/step - accuracy: 0.6311 - auc: 0.6705 - loss: 0.7214 - precision: 0.6129 - recall: 0.7862
[1m 26/150[0m [32m━━━[0m[37m━━━━━━━━━━━━━━━━━[0m [1m2:29[0m 1s/step - accuracy: 0.6311 - auc: 0.6708 - loss: 0.7211 - precision: 0.6125 - recall: 0.7865
[1m 27/150[0m [32m━━━[0m[37m━━━━━━━━━━━━━━━━━[0m [1m2:28[0m 1s/step - accuracy: 0.6312 - auc: 0.6710 - loss: 0.7208 - precision: 0.6121 - recall: 0.7867
[1m 28/150[0m [32m━━━[0m[37m━━━━━━━━━━━━━━━━━[0m [1m2:28[0m 1s/step - accuracy: 0.6313 - auc: 0.6713 - loss: 0.7205 - precision: 0.6118 - recall: 0.7869
[1m 29/150[0m [32m━━━[0m[37m━━━━━━━━━━━━━━━━━[0m [1m2:27[0m 1s/step - accuracy: 0.6314 - auc: 0.6716 - loss: 0.7202 - precision: 0.6115 - recall: 0.7869
[1m 30/150[0m [32m━━━━[0m[37m━━━━━━━━━━━━━━━━[0m [1m2:30[0m 1s/step - accuracy: 0.6315 - auc: 0.6720 - loss: 0.7199 - precision: 0.6113 - recall: 0.7869
[1m 31/150[0m [32m━━━━[0m[37m━━━━━━━━━━━━━━━━[0m [1m2:31[0m 1s/step - accuracy: 0.6317 - auc: 0.6723 - loss: 0.7197 - precision: 0.6110 - recall: 0.7869
[1m 32/150[0m [32m━━━━[0m[37m━━━━━━━━━━━━━━━━[0m [1m2:32[0m 1s/step - accuracy: 0.6317 - auc: 0.6726 - loss: 0.7195 - precision: 0.6108 - recall: 0.7867
[1m 33/150[0m [32m━━━━[0m[37m━━━━━━━━━━━━━━━━[0m [1m2:34[0m 1s/step - accuracy: 0.6317 - auc: 0.6728 - loss: 0.7193 - precision: 0.6106 - recall: 0.7867
[1m 34/150[0m [32m━━━━[0m[37m━━━━━━━━━━━━━━━━[0m [1m2:35[0m 1s/step - accuracy: 0.6318 - auc: 0.6730 - loss: 0.7191 - precision: 0.6103 - recall: 0.7865
[1m 35/150[0m [32m━━━━[0m[37m━━━━━━━━━━━━━━━━[0m [1m2:36[0m 1s/step - accuracy: 0.6317 - auc: 0.6731 - loss: 0.7189 - precision: 0.6101 - recall: 0.7864
[1m 36/150[0m [32m━━━━[0m[37m━━━━━━━━━━━━━━━━[0m [1m2:38[0m 1s/step - accuracy: 0.6317 - auc: 0.6732 - loss: 0.7188 - precision: 0.6098 - recall: 0.7862
[1m 37/150[0m [32m━━━━[0m[37m━━━━━━━━━━━━━━━━[0m [1m2:38[0m 1s/step - accuracy: 0.6317 - auc: 0.6733 - loss: 0.7187 - precision: 0.6097 - recall: 0.7860
[1m 38/150[0m [32m━━━━━[0m[37m━━━━━━━━━━━━━━━[0m [1m2:36[0m 1s/step - accuracy: 0.6317 - auc: 0.6734 - loss: 0.7186 - precision: 0.6095 - recall: 0.7858
[1m 39/150[0m [32m━━━━━[0m[37m━━━━━━━━━━━━━━━[0m [1m2:36[0m 1s/step - accuracy: 0.6317 - auc: 0.6735 - loss: 0.7185 - precision: 0.6093 - recall: 0.7857
[1m 40/150[0m [32m━━━━━[0m[37m━━━━━━━━━━━━━━━[0m [1m2:36[0m 1s/step - accuracy: 0.6317 - auc: 0.6736 - loss: 0.7184 - precision: 0.6091 - recall: 0.7854
[1m 41/150[0m [32m━━━━━[0m[37m━━━━━━━━━━━━━━━[0m [1m2:36[0m 1s/step - accuracy: 0.6317 - auc: 0.6737 - loss: 0.7183 - precision: 0.6089 - recall: 0.7852
[1m 42/150[0m [32m━━━━━[0m[37m━━━━━━━━━━━━━━━[0m [1m2:36[0m 1s/step - accuracy: 0.6317 - auc: 0.6737 - loss: 0.7182 - precision: 0.6087 - recall: 0.7850
[1m 43/150[0m [32m━━━━━[0m[37m━━━━━━━━━━━━━━━[0m [1m2:36[0m 1s/step - accuracy: 0.6318 - auc: 0.6739 - loss: 0.7180 - precision: 0.6087 - recall: 0.7848
[1m 44/150[0m [32m━━━━━[0m[37m━━━━━━━━━━━━━━━[0m [1m2:36[0m 1s/step - accuracy: 0.6319 - auc: 0.6741 - loss: 0.7179 - precision: 0.6086 - recall: 0.7846
[1m 45/150[0m [32m━━━━━━[0m[37m━━━━━━━━━━━━━━[0m [1m2:36[0m 1s/step - accuracy: 0.6320 - auc: 0.6742 - loss: 0.7178 - precision: 0.6085 - recall: 0.7844
[1m 46/150[0m [32m━━━━━━[0m[37m━━━━━━━━━━━━━━[0m [1m2:36[0m 2s/step - accuracy: 0.6320 - auc: 0.6743 - loss: 0.7176 - precision: 0.6084 - recall: 0.7842
[1m 47/150[0m [32m━━━━━━[0m[37m━━━━━━━━━━━━━━[0m [1m2:36[0m 2s/step - accuracy: 0.6320 - auc: 0.6745 - loss: 0.7175 - precision: 0.6084 - recall: 0.7840
[1m 48/150[0m [32m━━━━━━[0m[37m━━━━━━━━━━━━━━[0m [1m2:35[0m 2s/step - accuracy: 0.6321 - auc: 0.6747 - loss: 0.7173 - precision: 0.6083 - recall: 0.7837
[1m 49/150[0m [32m━━━━━━[0m[37m━━━━━━━━━━━━━━[0m [1m2:35[0m 2s/step - accuracy: 0.6322 - auc: 0.6749 - loss: 0.7171 - precision: 0.6082 - recall: 0.7835
[1m 50/150[0m [32m━━━━━━[0m[37m━━━━━━━━━━━━━━[0m [1m2:35[0m 2s/step - accuracy: 0.6322 - auc: 0.6750 - loss: 0.7170 - precision: 0.6082 - recall: 0.7832
[1m 51/150[0m [32m━━━━━━[0m[37m━━━━━━━━━━━━━━[0m [1m2:35[0m 2s/step - accuracy: 0.6323 - auc: 0.6752 - loss: 0.7168 - precision: 0.6081 - recall: 0.7830
[1m 52/150[0m [32m━━━━━━[0m[37m━━━━━━━━━━━━━━[0m [1m2:33[0m 2s/step - accuracy: 0.6325 - auc: 0.6754 - loss: 0.7166 - precision: 0.6082 - recall: 0.7828
[1m 53/150[0m [32m━━━━━━━[0m[37m━━━━━━━━━━━━━[0m [1m2:33[0m 2s/step - accuracy: 0.6326 - auc: 0.6756 - loss: 0.7165 - precision: 0.6083 - recall: 0.7826
[1m 54/150[0m [32m━━━━━━━[0m[37m━━━━━━━━━━━━━[0m [1m2:32[0m 2s/step - accuracy: 0.6327 - auc: 0.6758 - loss: 0.7163 - precision: 0.6083 - recall: 0.7824
[1m 55/150[0m [32m━━━━━━━[0m[37m━━━━━━━━━━━━━[0m [1m2:31[0m 2s/step - accuracy: 0.6329 - auc: 0.6760 - loss: 0.7161 - precision: 0.6084 - recall: 0.7823
[1m 56/150[0m [32m━━━━━━━[0m[37m━━━━━━━━━━━━━[0m [1m2:31[0m 2s/step - accuracy: 0.6331 - auc: 0.6762 - loss: 0.7159 - precision: 0.6085 - recall: 0.7822
[1m 57/150[0m [32m━━━━━━━[0m[37m━━━━━━━━━━━━━[0m [1m2:30[0m 2s/step - accuracy: 0.6333 - auc: 0.6765 - loss: 0.7157 - precision: 0.6085 - recall: 0.7822
[1m 58/150[0m [32m━━━━━━━[0m[37m━━━━━━━━━━━━━[0m [1m2:29[0m 2s/step - accuracy: 0.6335 - auc: 0.6768 - loss: 0.7155 - precision: 0.6086 - recall: 0.7821
[1m 59/150[0m [32m━━━━━━━[0m[37m━━━━━━━━━━━━━[0m [1m2:28[0m 2s/step - accuracy: 0.6336 - auc: 0.6770 - loss: 0.7153 - precision: 0.6086 - recall: 0.7820
[1m 60/150[0m [32m━━━━━━━━[0m[37m━━━━━━━━━━━━[0m [1m2:28[0m 2s/step - accuracy: 0.6337 - auc: 0.6772 - loss: 0.7151 - precision: 0.6086 - recall: 0.7819
[1m 61/150[0m [32m━━━━━━━━[0m[37m━━━━━━━━━━━━[0m [1m2:27[0m 2s/step - accuracy: 0.6338 - auc: 0.6775 - loss: 0.7148 - precision: 0.6086 - recall: 0.7819
[1m 62/150[0m [32m━━━━━━━━[0m[37m━━━━━━━━━━━━[0m [1m2:26[0m 2s/step - accuracy: 0.6340 - auc: 0.6777 - loss: 0.7146 - precision: 0.6087 - recall: 0.7819
[1m 63/150[0m [32m━━━━━━━━[0m[37m━━━━━━━━━━━━[0m [1m2:25[0m 2s/step - accuracy: 0.6342 - auc: 0.6780 - loss: 0.7144 - precision: 0.6088 - recall: 0.7819
[1m 64/150[0m [32m━━━━━━━━[0m[37m━━━━━━━━━━━━[0m [1m2:25[0m 2s/step - accuracy: 0.6343 - auc: 0.6782 - loss: 0.7141 - precision: 0.6088 - recall: 0.7819
[1m 65/150[0m [32m━━━━━━━━[0m[37m━━━━━━━━━━━━[0m [1m2:24[0m 2s/step - accuracy: 0.6344 - auc: 0.6785 - loss: 0.7139 - precision: 0.6088 - recall: 0.7818
[1m 66/150[0m [32m━━━━━━━━[0m[37m━━━━━━━━━━━━[0m [1m2:23[0m 2s/step - accuracy: 0.6345 - auc: 0.6787 - loss: 0.7137 - precision: 0.6089 - recall: 0.7818
[1m 67/150[0m [32m━━━━━━━━[0m[37m━━━━━━━━━━━━[0m [1m2:22[0m 2s/step - accuracy: 0.6347 - auc: 0.6789 - loss: 0.7135 - precision: 0.6089 - recall: 0.7817
[1m 68/150[0m [32m━━━━━━━━━[0m[37m━━━━━━━━━━━[0m [1m2:21[0m 2s/step - accuracy: 0.6348 - auc: 0.6791 - loss: 0.7134 - precision: 0.6089 - recall: 0.7817
[1m 69/150[0m [32m━━━━━━━━━[0m[37m━━━━━━━━━━━[0m [1m2:20[0m 2s/step - accuracy: 0.6349 - auc: 0.6793 - loss: 0.7132 - precision: 0.6090 - recall: 0.7816
[1m 70/150[0m [32m━━━━━━━━━[0m[37m━━━━━━━━━━━[0m [1m2:18[0m 2s/step - accuracy: 0.6350 - auc: 0.6795 - loss: 0.7130 - precision: 0.6090 - recall: 0.7816
[1m 71/150[0m [32m━━━━━━━━━[0m[37m━━━━━━━━━━━[0m [1m2:17[0m 2s/step - accuracy: 0.6351 - auc: 0.6797 - loss: 0.7129 - precision: 0.6091 - recall: 0.7815
[1m 72/150[0m [32m━━━━━━━━━[0m[37m━━━━━━━━━━━[0m [1m2:16[0m 2s/step - accuracy: 0.6352 - auc: 0.6798 - loss: 0.7127 - precision: 0.6092 - recall: 0.7815
[1m 73/150[0m [32m━━━━━━━━━[0m[37m━━━━━━━━━━━[0m [1m2:15[0m 2s/step - accuracy: 0.6353 - auc: 0.6800 - loss: 0.7126 - precision: 0.6093 - recall: 0.7814
[1m 74/150[0m [32m━━━━━━━━━[0m[37m━━━━━━━━━━━[0m [1m2:14[0m 2s/step - accuracy: 0.6354 - auc: 0.6802 - loss: 0.7124 - precision: 0.6093 - recall: 0.7814
[1m 75/150[0m [32m━━━━━━━━━━[0m[37m━━━━━━━━━━[0m [1m2:12[0m 2s/step - accuracy: 0.6355 - auc: 0.6804 - loss: 0.7123 - precision: 0.6094 - recall: 0.7814
[1m 76/150[0m [32m━━━━━━━━━━[0m[37m━━━━━━━━━━[0m [1m2:11[0m 2s/step - accuracy: 0.6356 - auc: 0.6805 - loss: 0.7122 - precision: 0.6095 - recall: 0.7813
[1m 77/150[0m [32m━━━━━━━━━━[0m[37m━━━━━━━━━━[0m [1m2:10[0m 2s/step - accuracy: 0.6357 - auc: 0.6807 - loss: 0.7121 - precision: 0.6096 - recall: 0.7813
[1m 78/150[0m [32m━━━━━━━━━━[0m[37m━━━━━━━━━━[0m [1m2:09[0m 2s/step - accuracy: 0.6358 - auc: 0.6808 - loss: 0.7119 - precision: 0.6096 - recall: 0.7813
[1m 79/150[0m [32m━━━━━━━━━━[0m[37m━━━━━━━━━━[0m [1m2:07[0m 2s/step - accuracy: 0.6359 - auc: 0.6809 - loss: 0.7118 - precision: 0.6097 - recall: 0.7812
[1m 80/150[0m [32m━━━━━━━━━━[0m[37m━━━━━━━━━━[0m [1m2:06[0m 2s/step - accuracy: 0.6359 - auc: 0.6811 - loss: 0.7117 - precision: 0.6097 - recall: 0.7813
[1m 81/150[0m [32m━━━━━━━━━━[0m[37m━━━━━━━━━━[0m [1m2:04[0m 2s/step - accuracy: 0.6360 - auc: 0.6812 - loss: 0.7116 - precision: 0.6098 - recall: 0.7813
[1m 82/150[0m [32m━━━━━━━━━━[0m[37m━━━━━━━━━━[0m [1m2:03[0m 2s/step - accuracy: 0.6361 - auc: 0.6814 - loss: 0.7115 - precision: 0.6098 - recall: 0.7813
[1m 83/150[0m [32m━━━━━━━━━━━[0m[37m━━━━━━━━━[0m [1m2:02[0m 2s/step - accuracy: 0.6362 - auc: 0.6815 - loss: 0.7114 - precision: 0.6098 - recall: 0.7813
[1m 84/150[0m [32m━━━━━━━━━━━[0m[37m━━━━━━━━━[0m [1m2:00[0m 2s/step - accuracy: 0.6362 - auc: 0.6816 - loss: 0.7113 - precision: 0.6099 - recall: 0.7814
[1m 85/150[0m [32m━━━━━━━━━━━[0m[37m━━━━━━━━━[0m [1m1:59[0m 2s/step - accuracy: 0.6363 - auc: 0.6817 - loss: 0.7112 - precision: 0.6099 - recall: 0.7814
[1m 86/150[0m [32m━━━━━━━━━━━[0m[37m━━━━━━━━━[0m [1m1:57[0m 2s/step - accuracy: 0.6363 - auc: 0.6818 - loss: 0.7111 - precision: 0.6099 - recall: 0.7814
[1m 87/150[0m [32m━━━━━━━━━━━[0m[37m━━━━━━━━━[0m [1m1:56[0m 2s/step - accuracy: 0.6364 - auc: 0.6819 - loss: 0.7110 - precision: 0.6099 - recall: 0.7814
[1m 88/150[0m [32m━━━━━━━━━━━[0m[37m━━━━━━━━━[0m [1m1:54[0m 2s/step - accuracy: 0.6364 - auc: 0.6821 - loss: 0.7110 - precision: 0.6099 - recall: 0.7815
[1m 89/150[0m [32m━━━━━━━━━━━[0m[37m━━━━━━━━━[0m [1m1:52[0m 2s/step - accuracy: 0.6365 - auc: 0.6822 - loss: 0.7109 - precision: 0.6100 - recall: 0.7815
[1m 90/150[0m [32m━━━━━━━━━━━━[0m[37m━━━━━━━━[0m [1m1:51[0m 2s/step - accuracy: 0.6366 - auc: 0.6823 - loss: 0.7108 - precision: 0.6100 - recall: 0.7815
[1m 91/150[0m [32m━━━━━━━━━━━━[0m[37m━━━━━━━━[0m [1m1:49[0m 2s/step - accuracy: 0.6366 - auc: 0.6824 - loss: 0.7107 - precision: 0.6100 - recall: 0.7815
[1m 92/150[0m [32m━━━━━━━━━━━━[0m[37m━━━━━━━━[0m [1m1:48[0m 2s/step - accuracy: 0.6367 - auc: 0.6825 - loss: 0.7106 - precision: 0.6100 - recall: 0.7815
[1m 93/150[0m [32m━━━━━━━━━━━━[0m[37m━━━━━━━━[0m [1m1:46[0m 2s/step - accuracy: 0.6367 - auc: 0.6826 - loss: 0.7105 - precision: 0.6100 - recall: 0.7815
[1m 94/150[0m [32m━━━━━━━━━━━━[0m[37m━━━━━━━━[0m [1m1:44[0m 2s/step - accuracy: 0.6368 - auc: 0.6827 - loss: 0.7104 - precision: 0.6100 - recall: 0.7815
[1m 95/150[0m [32m━━━━━━━━━━━━[0m[37m━━━━━━━━[0m [1m1:43[0m 2s/step - accuracy: 0.6368 - auc: 0.6828 - loss: 0.7104 - precision: 0.6101 - recall: 0.7815
[1m 96/150[0m [32m━━━━━━━━━━━━[0m[37m━━━━━━━━[0m [1m1:41[0m 2s/step - accuracy: 0.6369 - auc: 0.6829 - loss: 0.7103 - precision: 0.6101 - recall: 0.7815
[1m 97/150[0m [32m━━━━━━━━━━━━[0m[37m━━━━━━━━[0m [1m1:39[0m 2s/step - accuracy: 0.6369 - auc: 0.6830 - loss: 0.7102 - precision: 0.6101 - recall: 0.7815
[1m 98/150[0m [32m━━━━━━━━━━━━━[0m[37m━━━━━━━[0m [1m1:37[0m 2s/step - accuracy: 0.6370 - auc: 0.6831 - loss: 0.7101 - precision: 0.6101 - recall: 0.7815
[1m 99/150[0m [32m━━━━━━━━━━━━━[0m[37m━━━━━━━[0m [1m1:35[0m 2s/step - accuracy: 0.6370 - auc: 0.6832 - loss: 0.7101 - precision: 0.6101 - recall: 0.7814
[1m100/150[0m [32m━━━━━━━━━━━━━[0m[37m━━━━━━━[0m [1m1:33[0m 2s/step - accuracy: 0.6371 - auc: 0.6833 - loss: 0.7100 - precision: 0.6102 - recall: 0.7814
[1m101/150[0m [32m━━━━━━━━━━━━━[0m[37m━━━━━━━[0m [1m1:31[0m 2s/step - accuracy: 0.6372 - auc: 0.6834 - loss: 0.7099 - precision: 0.6102 - recall: 0.7813
[1m102/150[0m [32m━━━━━━━━━━━━━[0m[37m━━━━━━━[0m [1m1:29[0m 2s/step - accuracy: 0.6372 - auc: 0.6835 - loss: 0.7098 - precision: 0.6102 - recall: 0.7813
[1m103/150[0m [32m━━━━━━━━━━━━━[0m[37m━━━━━━━[0m [1m1:27[0m 2s/step - accuracy: 0.6373 - auc: 0.6836 - loss: 0.7097 - precision: 0.6102 - recall: 0.7813
[1m104/150[0m [32m━━━━━━━━━━━━━[0m[37m━━━━━━━[0m [1m1:25[0m 2s/step - accuracy: 0.6373 - auc: 0.6837 - loss: 0.7097 - precision: 0.6103 - recall: 0.7812
[1m105/150[0m [32m━━━━━━━━━━━━━━[0m[37m━━━━━━[0m [1m1:22[0m 2s/step - accuracy: 0.6374 - auc: 0.6838 - loss: 0.7096 - precision: 0.6103 - recall: 0.7812
[1m106/150[0m [32m━━━━━━━━━━━━━━[0m[37m━━━━━━[0m [1m1:20[0m 2s/step - accuracy: 0.6375 - auc: 0.6839 - loss: 0.7095 - precision: 0.6103 - recall: 0.7811
[1m107/150[0m [32m━━━━━━━━━━━━━━[0m[37m━━━━━━[0m [1m1:18[0m 2s/step - accuracy: 0.6375 - auc: 0.6840 - loss: 0.7094 - precision: 0.6104 - recall: 0.7811
[1m108/150[0m [32m━━━━━━━━━━━━━━[0m[37m━━━━━━[0m [1m1:16[0m 2s/step - accuracy: 0.6376 - auc: 0.6841 - loss: 0.7094 - precision: 0.6104 - recall: 0.7810
[1m109/150[0m [32m━━━━━━━━━━━━━━[0m[37m━━━━━━[0m [1m1:14[0m 2s/step - accuracy: 0.6377 - auc: 0.6842 - loss: 0.7093 - precision: 0.6105 - recall: 0.7810
[1m110/150[0m [32m━━━━━━━━━━━━━━[0m[37m━━━━━━[0m [1m1:12[0m 2s/step - accuracy: 0.6377 - auc: 0.6843 - loss: 0.7092 - precision: 0.6106 - recall: 0.7810
[1m111/150[0m [32m━━━━━━━━━━━━━━[0m[37m━━━━━━[0m [1m1:10[0m 2s/step - accuracy: 0.6378 - auc: 0.6845 - loss: 0.7091 - precision: 0.6106 - recall: 0.7809
[1m112/150[0m [32m━━━━━━━━━━━━━━[0m[37m━━━━━━[0m [1m1:08[0m 2s/step - accuracy: 0.6379 - auc: 0.6846 - loss: 0.7090 - precision: 0.6107 - recall: 0.7809
[1m113/150[0m [32m━━━━━━━━━━━━━━━[0m[37m━━━━━[0m [1m1:06[0m 2s/step - accuracy: 0.6380 - auc: 0.6847 - loss: 0.7089 - precision: 0.6108 - recall: 0.7809
[1m114/150[0m [32m━━━━━━━━━━━━━━━[0m[37m━━━━━[0m [1m1:04[0m 2s/step - accuracy: 0.6381 - auc: 0.6848 - loss: 0.7089 - precision: 0.6109 - recall: 0.7809
[1m115/150[0m [32m━━━━━━━━━━━━━━━[0m[37m━━━━━[0m [1m1:02[0m 2s/step - accuracy: 0.6382 - auc: 0.6849 - loss: 0.7088 - precision: 0.6109 - recall: 0.7809
[1m116/150[0m [32m━━━━━━━━━━━━━━━[0m[37m━━━━━[0m [1m1:00[0m 2s/step - accuracy: 0.6382 - auc: 0.6850 - loss: 0.7087 - precision: 0.6110 - recall: 0.7809
[1m117/150[0m [32m━━━━━━━━━━━━━━━[0m[37m━━━━━[0m [1m59s[0m 2s/step - accuracy: 0.6383 - auc: 0.6851 - loss: 0.7086 - precision: 0.6111 - recall: 0.7809 
[1m118/150[0m [32m━━━━━━━━━━━━━━━[0m[37m━━━━━[0m [1m57s[0m 2s/step - accuracy: 0.6384 - auc: 0.6853 - loss: 0.7085 - precision: 0.6111 - recall: 0.7810
[1m119/150[0m [32m━━━━━━━━━━━━━━━[0m[37m━━━━━[0m [1m55s[0m 2s/step - accuracy: 0.6385 - auc: 0.6854 - loss: 0.7084 - precision: 0.6112 - recall: 0.7810
[1m120/150[0m [32m━━━━━━━━━━━━━━━━[0m[37m━━━━[0m [1m53s[0m 2s/step - accuracy: 0.6386 - auc: 0.6855 - loss: 0.7084 - precision: 0.6112 - recall: 0.7810
[1m121/150[0m [32m━━━━━━━━━━━━━━━━[0m[37m━━━━[0m [1m51s[0m 2s/step - accuracy: 0.6386 - auc: 0.6856 - loss: 0.7083 - precision: 0.6113 - recall: 0.7810
[1m122/150[0m [32m━━━━━━━━━━━━━━━━[0m[37m━━━━[0m [1m49s[0m 2s/step - accuracy: 0.6387 - auc: 0.6857 - loss: 0.7082 - precision: 0.6113 - recall: 0.7810
[1m123/150[0m [32m━━━━━━━━━━━━━━━━[0m[37m━━━━[0m [1m47s[0m 2s/step - accuracy: 0.6388 - auc: 0.6858 - loss: 0.7081 - precision: 0.6114 - recall: 0.7810
[1m124/150[0m [32m━━━━━━━━━━━━━━━━[0m[37m━━━━[0m [1m45s[0m 2s/step - accuracy: 0.6388 - auc: 0.6859 - loss: 0.7081 - precision: 0.6114 - recall: 0.7810
[1m125/150[0m [32m━━━━━━━━━━━━━━━━[0m[37m━━━━[0m [1m43s[0m 2s/step - accuracy: 0.6389 - auc: 0.6860 - loss: 0.7080 - precision: 0.6115 - recall: 0.7810
[1m126/150[0m [32m━━━━━━━━━━━━━━━━[0m[37m━━━━[0m [1m42s[0m 2s/step - accuracy: 0.6390 - auc: 0.6861 - loss: 0.7079 - precision: 0.6115 - recall: 0.7810
[1m127/150[0m [32m━━━━━━━━━━━━━━━━[0m[37m━━━━[0m [1m40s[0m 2s/step - accuracy: 0.6391 - auc: 0.6862 - loss: 0.7079 - precision: 0.6116 - recall: 0.7810
[1m128/150[0m [32m━━━━━━━━━━━━━━━━━[0m[37m━━━[0m [1m38s[0m 2s/step - accuracy: 0.6391 - auc: 0.6863 - loss: 0.7078 - precision: 0.6117 - recall: 0.7810
[1m129/150[0m [32m━━━━━━━━━━━━━━━━━[0m[37m━━━[0m [1m36s[0m 2s/step - accuracy: 0.6392 - auc: 0.6864 - loss: 0.7077 - precision: 0.6117 - recall: 0.7810
[1m130/150[0m [32m━━━━━━━━━━━━━━━━━[0m[37m━━━[0m [1m34s[0m 2s/step - accuracy: 0.6393 - auc: 0.6864 - loss: 0.7077 - precision: 0.6117 - recall: 0.7810
[1m131/150[0m [32m━━━━━━━━━━━━━━━━━[0m[37m━━━[0m [1m32s[0m 2s/step - accuracy: 0.6393 - auc: 0.6865 - loss: 0.7076 - precision: 0.6118 - recall: 0.7810
[1m132/150[0m [32m━━━━━━━━━━━━━━━━━[0m[37m━━━[0m [1m31s[0m 2s/step - accuracy: 0.6394 - auc: 0.6866 - loss: 0.7076 - precision: 0.6118 - recall: 0.7809
[1m133/150[0m [32m━━━━━━━━━━━━━━━━━[0m[37m━━━[0m [1m29s[0m 2s/step - accuracy: 0.6395 - auc: 0.6867 - loss: 0.7075 - precision: 0.6119 - recall: 0.7809
[1m134/150[0m [32m━━━━━━━━━━━━━━━━━[0m[37m━━━[0m [1m27s[0m 2s/step - accuracy: 0.6395 - auc: 0.6868 - loss: 0.7075 - precision: 0.6119 - recall: 0.7809
[1m135/150[0m [32m━━━━━━━━━━━━━━━━━━[0m[37m━━[0m [1m25s[0m 2s/step - accuracy: 0.6396 - auc: 0.6868 - loss: 0.7074 - precision: 0.6119 - recall: 0.7808
[1m136/150[0m [32m━━━━━━━━━━━━━━━━━━[0m[37m━━[0m [1m24s[0m 2s/step - accuracy: 0.6396 - auc: 0.6869 - loss: 0.7073 - precision: 0.6120 - recall: 0.7808
[1m137/150[0m [32m━━━━━━━━━━━━━━━━━━[0m[37m━━[0m [1m22s[0m 2s/step - accuracy: 0.6397 - auc: 0.6870 - loss: 0.7073 - precision: 0.6120 - recall: 0.7808
[1m138/150[0m [32m━━━━━━━━━━━━━━━━━━[0m[37m━━[0m [1m20s[0m 2s/step - accuracy: 0.6398 - auc: 0.6871 - loss: 0.7072 - precision: 0.6121 - recall: 0.7807
[1m139/150[0m [32m━━━━━━━━━━━━━━━━━━[0m[37m━━[0m [1m18s[0m 2s/step - accuracy: 0.6398 - auc: 0.6871 - loss: 0.7072 - precision: 0.6121 - recall: 0.7807
[1m140/150[0m [32m━━━━━━━━━━━━━━━━━━[0m[37m━━[0m [1m17s[0m 2s/step - accuracy: 0.6399 - auc: 0.6872 - loss: 0.7071 - precision: 0.6121 - recall: 0.7806
[1m141/150[0m [32m━━━━━━━━━━━━━━━━━━[0m[37m━━[0m [1m15s[0m 2s/step - accuracy: 0.6399 - auc: 0.6873 - loss: 0.7071 - precision: 0.6122 - recall: 0.7806
[1m142/150[0m [32m━━━━━━━━━━━━━━━━━━[0m[37m━━[0m [1m13s[0m 2s/step - accuracy: 0.6400 - auc: 0.6874 - loss: 0.7070 - precision: 0.6122 - recall: 0.7805
[1m143/150[0m [32m━━━━━━━━━━━━━━━━━━━[0m[37m━[0m [1m12s[0m 2s/step - accuracy: 0.6400 - auc: 0.6874 - loss: 0.7070 - precision: 0.6122 - recall: 0.7804
[1m144/150[0m [32m━━━━━━━━━━━━━━━━━━━[0m[37m━[0m [1m10s[0m 2s/step - accuracy: 0.6400 - auc: 0.6875 - loss: 0.7069 - precision: 0.6122 - recall: 0.7804
[1m145/150[0m [32m━━━━━━━━━━━━━━━━━━━[0m[37m━[0m [1m8s[0m 2s/step - accuracy: 0.6401 - auc: 0.6875 - loss: 0.7069 - precision: 0.6122 - recall: 0.7803 
[1m146/150[0m [32m━━━━━━━━━━━━━━━━━━━[0m[37m━[0m [1m6s[0m 2s/step - accuracy: 0.6401 - auc: 0.6876 - loss: 0.7068 - precision: 0.6123 - recall: 0.7802
[1m147/150[0m [32m━━━━━━━━━━━━━━━━━━━[0m[37m━[0m [1m5s[0m 2s/step - accuracy: 0.6401 - auc: 0.6877 - loss: 0.7068 - precision: 0.6123 - recall: 0.7802
[1m148/150[0m [32m━━━━━━━━━━━━━━━━━━━[0m[37m━[0m [1m3s[0m 2s/step - accuracy: 0.6402 - auc: 0.6877 - loss: 0.7067 - precision: 0.6123 - recall: 0.7801
[1m149/150[0m [32m━━━━━━━━━━━━━━━━━━━[0m[37m━[0m [1m1s[0m 2s/step - accuracy: 0.6402 - auc: 0.6878 - loss: 0.7067 - precision: 0.6123 - recall: 0.7800
[1m150/150[0m [32m━━━━━━━━━━━━━━━━━━━━[0m[37m[0m [1m0s[0m 2s/step - accuracy: 0.6402 - auc: 0.6878 - loss: 0.7066 - precision: 0.6124 - recall: 0.7799
Epoch 3: val_auc improved from 0.66952 to 0.68902, saving model to best_robust_fire_model_v3.keras

Epoch 3: finished saving model to best_robust_fire_model_v3.keras

[1m150/150[0m [32m━━━━━━━━━━━━━━━━━━━━[0m[37m[0m [1m284s[0m 2s/step - accuracy: 0.6443 - auc: 0.6961 - loss: 0.6996 - precision: 0.6154 - recall: 0.7694 - val_accuracy: 0.6125 - val_auc: 0.6890 - val_loss: 0.6514 - val_precision: 0.5749 - val_recall: 0.8820 - learning_rate: 1.0000e-04
Epoch 4/30

[1m  1/150[0m [37m━━━━━━━━━━━━━━━━━━━━[0m [1m6:02[0m 2s/step - accuracy: 0.6719 - auc: 0.7743 - loss: 0.6260 - precision: 0.6531 - recall: 0.8889
[1m  2/150[0m [37m━━━━━━━━━━━━━━━━━━━━[0m [1m6:00[0m 2s/step - accuracy: 0.6602 - auc: 0.7646 - loss: 0.6356 - precision: 0.6417 - recall: 0.8647
[1m  3/150[0m [37m━━━━━━━━━━━━━━━━━━━━[0m [1m5:56[0m 2s/step - accuracy: 0.6380 - auc: 0.7497 - loss: 0.6478 - precision: 0.6197 - recall: 0.8458
[1m  4/150[0m [37m━━━━━━━━━━━━━━━━━━━━[0m [1m5:45[0m 2s/step - accuracy: 0.6279 - auc: 0.7411 - loss: 0.6550 - precision: 0.6068 - recall: 0.8375
[1m  5/150[0m [37m━━━━━━━━━━━━━━━━━━━━[0m [1m5:38[0m 2s/step - accuracy: 0.6242 - auc: 0.7378 - loss: 0.6593 - precision: 0.6024 - recall: 0.8346
[1m  6/150[0m [37m━━━━━━━━━━━━━━━━━━━━[0m [1m5:36[0m 2s/step - accuracy: 0.6230 - auc: 0.7355 - loss: 0.6625 - precision: 0.6017 - recall: 0.8315
[1m  7/150[0m [37m━━━━━━━━━━━━━━━━━━━━[0m [1m5:30[0m 2s/step - accuracy: 0.6230 - auc: 0.7346 - loss: 0.6644 - precision: 0.6012 - recall: 0.8296
[1m  8/150[0m [32m━[0m[37m━━━━━━━━━━━━━━━━━━━[0m [1m5:27[0m 2s/step - accuracy: 0.6230 - auc: 0.7339 - loss: 0.6655 - precision: 0.6008 - recall: 0.8287
[1m  9/150[0m [32m━[0m[37m━━━━━━━━━━━━━━━━━━━[0m [1m5:20[0m 2s/step - accuracy: 0.6228 - auc: 0.7338 - loss: 0.6659 - precision: 0.5999 - recall: 0.8276
[1m 10/150[0m [32m━[0m[37m━━━━━━━━━━━━━━━━━━━[0m [1m5:14[0m 2s/step - accuracy: 0.6226 - auc: 0.7321 - loss: 0.6675 - precision: 0.5993 - recall: 0.8262
[1m 11/150[0m [32m━[0m[37m━━━━━━━━━━━━━━━━━━━[0m [1m5:13[0m 2s/step - accuracy: 0.6231 - auc: 0.7312 - loss: 0.6689 - precision: 0.5987 - recall: 0.8258
[1m 12/150[0m [32m━[0m[37m━━━━━━━━━━━━━━━━━━━[0m [1m5:08[0m 2s/step - accuracy: 0.6237 - auc: 0.7294 - loss: 0.6706 - precision: 0.5987 - recall: 0.8253
[1m 13/150[0m [32m━[0m[37m━━━━━━━━━━━━━━━━━━━[0m [1m5:06[0m 2s/step - accuracy: 0.6240 - auc: 0.7277 - loss: 0.6718 - precision: 0.5992 - recall: 0.8239
[1m 14/150[0m [32m━[0m[37m━━━━━━━━━━━━━━━━━━━[0m [1m5:02[0m 2s/step - accuracy: 0.6243 - auc: 0.7259 - loss: 0.6732 - precision: 0.6000 - recall: 0.8220
[1m 15/150[0m [32m━━[0m[37m━━━━━━━━━━━━━━━━━━[0m [1m5:01[0m 2s/step - accuracy: 0.6246 - auc: 0.7245 - loss: 0.6741 - precision: 0.6009 - recall: 0.8204
[1m 16/150[0m [32m━━[0m[37m━━━━━━━━━━━━━━━━━━[0m [1m4:59[0m 2s/step - accuracy: 0.6250 - auc: 0.7233 - loss: 0.6750 - precision: 0.6013 - recall: 0.8193
[1m 17/150[0m [32m━━[0m[37m━━━━━━━━━━━━━━━━━━[0m [1m4:57[0m 2s/step - accuracy: 0.6255 - auc: 0.7225 - loss: 0.6757 - precision: 0.6015 - recall: 0.8189
[1m 18/150[0m [32m━━[0m[37m━━━━━━━━━━━━━━━━━━[0m [1m4:54[0m 2s/step - accuracy: 0.6260 - auc: 0.7219 - loss: 0.6762 - precision: 0.6018 - recall: 0.8185
[1m 19/150[0m [32m━━[0m[37m━━━━━━━━━━━━━━━━━━[0m [1m4:52[0m 2s/step - accuracy: 0.6264 - auc: 0.7212 - loss: 0.6768 - precision: 0.6020 - recall: 0.8179
[1m 20/150[0m [32m━━[0m[37m━━━━━━━━━━━━━━━━━━[0m [1m4:50[0m 2s/step - accuracy: 0.6270 - auc: 0.7208 - loss: 0.6773 - precision: 0.6023 - recall: 0.8175
[1m 21/150[0m [32m━━[0m[37m━━━━━━━━━━━━━━━━━━[0m [1m4:47[0m 2s/step - accuracy: 0.6275 - auc: 0.7204 - loss: 0.6776 - precision: 0.6026 - recall: 0.8172
[1m 22/150[0m [32m━━[0m[37m━━━━━━━━━━━━━━━━━━[0m [1m4:45[0m 2s/step - accuracy: 0.6280 - auc: 0.7202 - loss: 0.6778 - precision: 0.6028 - recall: 0.8167
[1m 23/150[0m [32m━━━[0m[37m━━━━━━━━━━━━━━━━━[0m [1m4:43[0m 2s/step - accuracy: 0.6286 - auc: 0.7200 - loss: 0.6780 - precision: 0.6031 - recall: 0.8162
[1m 24/150[0m [32m━━━[0m[37m━━━━━━━━━━━━━━━━━[0m [1m4:40[0m 2s/step - accuracy: 0.6291 - auc: 0.7198 - loss: 0.6781 - precision: 0.6034 - recall: 0.8156
[1m 25/150[0m [32m━━━[0m[37m━━━━━━━━━━━━━━━━━[0m [1m4:37[0m 2s/step - accuracy: 0.6296 - auc: 0.7198 - loss: 0.6782 - precision: 0.6037 - recall: 0.8151
[1m 26/150[0m [32m━━━[0m[37m━━━━━━━━━━━━━━━━━[0m [1m4:34[0m 2s/step - accuracy: 0.6301 - auc: 0.7196 - loss: 0.6783 - precision: 0.6039 - recall: 0.8145
[1m 27/150[0m [32m━━━[0m[37m━━━━━━━━━━━━━━━━━[0m [1m4:32[0m 2s/step - accuracy: 0.6307 - auc: 0.7196 - loss: 0.6784 - precision: 0.6040 - recall: 0.8140
[1m 28/150[0m [32m━━━[0m[37m━━━━━━━━━━━━━━━━━[0m [1m4:29[0m 2s/step - accuracy: 0.6312 - auc: 0.7196 - loss: 0.6785 - precision: 0.6041 - recall: 0.8135
[1m 29/150[0m [32m━━━[0m[37m━━━━━━━━━━━━━━━━━[0m [1m4:26[0m 2s/step - accuracy: 0.6317 - auc: 0.7196 - loss: 0.6785 - precision: 0.6042 - recall: 0.8130
[1m 30/150[0m [32m━━━━[0m[37m━━━━━━━━━━━━━━━━[0m [1m4:23[0m 2s/step - accuracy: 0.6322 - auc: 0.7198 - loss: 0.6785 - precision: 0.6043 - recall: 0.8125
[1m 31/150[0m [32m━━━━[0m[37m━━━━━━━━━━━━━━━━[0m [1m4:21[0m 2s/step - accuracy: 0.6327 - auc: 0.7198 - loss: 0.6786 - precision: 0.6045 - recall: 0.8119
[1m 32/150[0m [32m━━━━[0m[37m━━━━━━━━━━━━━━━━[0m [1m4:18[0m 2s/step - accuracy: 0.6331 - auc: 0.7197 - loss: 0.6787 - precision: 0.6047 - recall: 0.8111
[1m 33/150[0m [32m━━━━[0m[37m━━━━━━━━━━━━━━━━[0m [1m4:15[0m 2s/step - accuracy: 0.6336 - auc: 0.7198 - loss: 0.6787 - precision: 0.6051 - recall: 0.8105
[1m 34/150[0m [32m━━━━[0m[37m━━━━━━━━━━━━━━━━[0m [1m4:14[0m 2s/step - accuracy: 0.6340 - auc: 0.7198 - loss: 0.6788 - precision: 0.6055 - recall: 0.8097
[1m 35/150[0m [32m━━━━[0m[37m━━━━━━━━━━━━━━━━[0m [1m4:09[0m 2s/step - accuracy: 0.6344 - auc: 0.7198 - loss: 0.6788 - precision: 0.6058 - recall: 0.8090
[1m 36/150[0m [32m━━━━[0m[37m━━━━━━━━━━━━━━━━[0m [1m4:04[0m 2s/step - accuracy: 0.6348 - auc: 0.7198 - loss: 0.6789 - precision: 0.6061 - recall: 0.8082
[1m 37/150[0m [32m━━━━[0m[37m━━━━━━━━━━━━━━━━[0m [1m3:59[0m 2s/step - accuracy: 0.6351 - auc: 0.7198 - loss: 0.6789 - precision: 0.6064 - recall: 0.8074
[1m 38/150[0m [32m━━━━━[0m[37m━━━━━━━━━━━━━━━[0m [1m3:55[0m 2s/step - accuracy: 0.6354 - auc: 0.7198 - loss: 0.6789 - precision: 0.6066 - recall: 0.8067
[1m 39/150[0m [32m━━━━━[0m[37m━━━━━━━━━━━━━━━[0m [1m3:49[0m 2s/step - accuracy: 0.6357 - auc: 0.7197 - loss: 0.6790 - precision: 0.6069 - recall: 0.8060
[1m 40/150[0m [32m━━━━━[0m[37m━━━━━━━━━━━━━━━[0m [1m3:45[0m 2s/step - accuracy: 0.6359 - auc: 0.7197 - loss: 0.6791 - precision: 0.6071 - recall: 0.8054
[1m 41/150[0m [32m━━━━━[0m[37m━━━━━━━━━━━━━━━[0m [1m3:40[0m 2s/step - accuracy: 0.6361 - auc: 0.7196 - loss: 0.6791 - precision: 0.6073 - recall: 0.8048
[1m 42/150[0m [32m━━━━━[0m[37m━━━━━━━━━━━━━━━[0m [1m3:36[0m 2s/step - accuracy: 0.6363 - auc: 0.7196 - loss: 0.6792 - precision: 0.6075 - recall: 0.8042
[1m 43/150[0m [32m━━━━━[0m[37m━━━━━━━━━━━━━━━[0m [1m3:32[0m 2s/step - accuracy: 0.6365 - auc: 0.7194 - loss: 0.6793 - precision: 0.6076 - recall: 0.8037
[1m 44/150[0m [32m━━━━━[0m[37m━━━━━━━━━━━━━━━[0m [1m3:29[0m 2s/step - accuracy: 0.6366 - auc: 0.7194 - loss: 0.6794 - precision: 0.6078 - recall: 0.8032
[1m 45/150[0m [32m━━━━━━[0m[37m━━━━━━━━━━━━━━[0m [1m3:25[0m 2s/step - accuracy: 0.6368 - auc: 0.7193 - loss: 0.6794 - precision: 0.6079 - recall: 0.8028
[1m 46/150[0m [32m━━━━━━[0m[37m━━━━━━━━━━━━━━[0m [1m3:22[0m 2s/step - accuracy: 0.6370 - auc: 0.7193 - loss: 0.6795 - precision: 0.6080 - recall: 0.8025
[1m 47/150[0m [32m━━━━━━[0m[37m━━━━━━━━━━━━━━[0m [1m3:19[0m 2s/step - accuracy: 0.6371 - auc: 0.7193 - loss: 0.6795 - precision: 0.6081 - recall: 0.8023
[1m 48/150[0m [32m━━━━━━[0m[37m━━━━━━━━━━━━━━[0m [1m3:16[0m 2s/step - accuracy: 0.6373 - auc: 0.7193 - loss: 0.6795 - precision: 0.6082 - recall: 0.8020
[1m 49/150[0m [32m━━━━━━[0m[37m━━━━━━━━━━━━━━[0m [1m3:14[0m 2s/step - accuracy: 0.6375 - auc: 0.7193 - loss: 0.6795 - precision: 0.6083 - recall: 0.8019
[1m 50/150[0m [32m━━━━━━[0m[37m━━━━━━━━━━━━━━[0m [1m3:11[0m 2s/step - accuracy: 0.6376 - auc: 0.7192 - loss: 0.6795 - precision: 0.6083 - recall: 0.8017
[1m 51/150[0m [32m━━━━━━[0m[37m━━━━━━━━━━━━━━[0m [1m3:09[0m 2s/step - accuracy: 0.6377 - auc: 0.7192 - loss: 0.6795 - precision: 0.6084 - recall: 0.8016
[1m 52/150[0m [32m━━━━━━[0m[37m━━━━━━━━━━━━━━[0m [1m3:06[0m 2s/step - accuracy: 0.6379 - auc: 0.7193 - loss: 0.6795 - precision: 0.6084 - recall: 0.8015
[1m 53/150[0m [32m━━━━━━━[0m[37m━━━━━━━━━━━━━[0m [1m3:04[0m 2s/step - accuracy: 0.6380 - auc: 0.7193 - loss: 0.6795 - precision: 0.6085 - recall: 0.8013
[1m 54/150[0m [32m━━━━━━━[0m[37m━━━━━━━━━━━━━[0m [1m3:01[0m 2s/step - accuracy: 0.6382 - auc: 0.7194 - loss: 0.6794 - precision: 0.6086 - recall: 0.8012
[1m 55/150[0m [32m━━━━━━━[0m[37m━━━━━━━━━━━━━[0m [1m2:59[0m 2s/step - accuracy: 0.6384 - auc: 0.7195 - loss: 0.6793 - precision: 0.6087 - recall: 0.8011
[1m 56/150[0m [32m━━━━━━━[0m[37m━━━━━━━━━━━━━[0m [1m2:56[0m 2s/step - accuracy: 0.6386 - auc: 0.7195 - loss: 0.6793 - precision: 0.6088 - recall: 0.8010
[1m 57/150[0m [32m━━━━━━━[0m[37m━━━━━━━━━━━━━[0m [1m2:54[0m 2s/step - accuracy: 0.6388 - auc: 0.7196 - loss: 0.6792 - precision: 0.6090 - recall: 0.8009
[1m 58/150[0m [32m━━━━━━━[0m[37m━━━━━━━━━━━━━[0m [1m2:51[0m 2s/step - accuracy: 0.6390 - auc: 0.7197 - loss: 0.6792 - precision: 0.6091 - recall: 0.8008
[1m 59/150[0m [32m━━━━━━━[0m[37m━━━━━━━━━━━━━[0m [1m2:49[0m 2s/step - accuracy: 0.6392 - auc: 0.7197 - loss: 0.6791 - precision: 0.6092 - recall: 0.8007
[1m 60/150[0m [32m━━━━━━━━[0m[37m━━━━━━━━━━━━[0m [1m2:47[0m 2s/step - accuracy: 0.6394 - auc: 0.7198 - loss: 0.6791 - precision: 0.6093 - recall: 0.8006
[1m 61/150[0m [32m━━━━━━━━[0m[37m━━━━━━━━━━━━[0m [1m2:46[0m 2s/step - accuracy: 0.6396 - auc: 0.7198 - loss: 0.6791 - precision: 0.6095 - recall: 0.8005
[1m 62/150[0m [32m━━━━━━━━[0m[37m━━━━━━━━━━━━[0m [1m2:43[0m 2s/step - accuracy: 0.6398 - auc: 0.7199 - loss: 0.6790 - precision: 0.6096 - recall: 0.8003
[1m 63/150[0m [32m━━━━━━━━[0m[37m━━━━━━━━━━━━[0m [1m2:42[0m 2s/step - accuracy: 0.6400 - auc: 0.7199 - loss: 0.6790 - precision: 0.6097 - recall: 0.8002
[1m 64/150[0m [32m━━━━━━━━[0m[37m━━━━━━━━━━━━[0m [1m2:40[0m 2s/step - accuracy: 0.6402 - auc: 0.7200 - loss: 0.6790 - precision: 0.6099 - recall: 0.8001
[1m 65/150[0m [32m━━━━━━━━[0m[37m━━━━━━━━━━━━[0m [1m2:38[0m 2s/step - accuracy: 0.6404 - auc: 0.7200 - loss: 0.6789 - precision: 0.6100 - recall: 0.8000
[1m 66/150[0m [32m━━━━━━━━[0m[37m━━━━━━━━━━━━[0m [1m2:36[0m 2s/step - accuracy: 0.6406 - auc: 0.7201 - loss: 0.6789 - precision: 0.6102 - recall: 0.7998
[1m 67/150[0m [32m━━━━━━━━[0m[37m━━━━━━━━━━━━[0m [1m2:35[0m 2s/step - accuracy: 0.6408 - auc: 0.7202 - loss: 0.6788 - precision: 0.6103 - recall: 0.7996
[1m 68/150[0m [32m━━━━━━━━━[0m[37m━━━━━━━━━━━[0m [1m2:33[0m 2s/step - accuracy: 0.6410 - auc: 0.7202 - loss: 0.6788 - precision: 0.6105 - recall: 0.7994
[1m 69/150[0m [32m━━━━━━━━━[0m[37m━━━━━━━━━━━[0m [1m2:31[0m 2s/step - accuracy: 0.6412 - auc: 0.7203 - loss: 0.6788 - precision: 0.6106 - recall: 0.7992
[1m 70/150[0m [32m━━━━━━━━━[0m[37m━━━━━━━━━━━[0m [1m2:29[0m 2s/step - accuracy: 0.6413 - auc: 0.7203 - loss: 0.6787 - precision: 0.6108 - recall: 0.7990
[1m 71/150[0m [32m━━━━━━━━━[0m[37m━━━━━━━━━━━[0m [1m2:27[0m 2s/step - accuracy: 0.6415 - auc: 0.7204 - loss: 0.6787 - precision: 0.6109 - recall: 0.7989
[1m 72/150[0m [32m━━━━━━━━━[0m[37m━━━━━━━━━━━[0m [1m2:26[0m 2s/step - accuracy: 0.6417 - auc: 0.7204 - loss: 0.6786 - precision: 0.6111 - recall: 0.7987
[1m 73/150[0m [32m━━━━━━━━━[0m[37m━━━━━━━━━━━[0m [1m2:24[0m 2s/step - accuracy: 0.6419 - auc: 0.7205 - loss: 0.6786 - precision: 0.6112 - recall: 0.7985
[1m 74/150[0m [32m━━━━━━━━━[0m[37m━━━━━━━━━━━[0m [1m2:22[0m 2s/step - accuracy: 0.6420 - auc: 0.7205 - loss: 0.6786 - precision: 0.6114 - recall: 0.7983
[1m 75/150[0m [32m━━━━━━━━━━[0m[37m━━━━━━━━━━[0m [1m2:21[0m 2s/step - accuracy: 0.6422 - auc: 0.7205 - loss: 0.6786 - precision: 0.6115 - recall: 0.7982
[1m 76/150[0m [32m━━━━━━━━━━[0m[37m━━━━━━━━━━[0m [1m2:19[0m 2s/step - accuracy: 0.6423 - auc: 0.7206 - loss: 0.6785 - precision: 0.6117 - recall: 0.7981
[1m 77/150[0m [32m━━━━━━━━━━[0m[37m━━━━━━━━━━[0m [1m2:18[0m 2s/step - accuracy: 0.6425 - auc: 0.7206 - loss: 0.6785 - precision: 0.6118 - recall: 0.7980
[1m 78/150[0m [32m━━━━━━━━━━[0m[37m━━━━━━━━━━[0m [1m2:16[0m 2s/step - accuracy: 0.6426 - auc: 0.7207 - loss: 0.6784 - precision: 0.6119 - recall: 0.7979
[1m 79/150[0m [32m━━━━━━━━━━[0m[37m━━━━━━━━━━[0m [1m2:15[0m 2s/step - accuracy: 0.6428 - auc: 0.7207 - loss: 0.6784 - precision: 0.6120 - recall: 0.7977
[1m 80/150[0m [32m━━━━━━━━━━[0m[37m━━━━━━━━━━[0m [1m2:13[0m 2s/step - accuracy: 0.6429 - auc: 0.7207 - loss: 0.6784 - precision: 0.6121 - recall: 0.7976
[1m 81/150[0m [32m━━━━━━━━━━[0m[37m━━━━━━━━━━[0m [1m2:11[0m 2s/step - accuracy: 0.6430 - auc: 0.7208 - loss: 0.6784 - precision: 0.6123 - recall: 0.7976
[1m 82/150[0m [32m━━━━━━━━━━[0m[37m━━━━━━━━━━[0m [1m2:08[0m 2s/step - accuracy: 0.6432 - auc: 0.7208 - loss: 0.6783 - precision: 0.6124 - recall: 0.7975
[1m 83/150[0m [32m━━━━━━━━━━━[0m[37m━━━━━━━━━[0m [1m2:06[0m 2s/step - accuracy: 0.6433 - auc: 0.7209 - loss: 0.6783 - precision: 0.6125 - recall: 0.7974
[1m 84/150[0m [32m━━━━━━━━━━━[0m[37m━━━━━━━━━[0m [1m2:04[0m 2s/step - accuracy: 0.6435 - auc: 0.7209 - loss: 0.6782 - precision: 0.6126 - recall: 0.7973
[1m 85/150[0m [32m━━━━━━━━━━━[0m[37m━━━━━━━━━[0m [1m2:02[0m 2s/step - accuracy: 0.6436 - auc: 0.7209 - loss: 0.6782 - precision: 0.6128 - recall: 0.7972
[1m 86/150[0m [32m━━━━━━━━━━━[0m[37m━━━━━━━━━[0m [1m2:00[0m 2s/step - accuracy: 0.6437 - auc: 0.7210 - loss: 0.6782 - precision: 0.6129 - recall: 0.7971
[1m 87/150[0m [32m━━━━━━━━━━━[0m[37m━━━━━━━━━[0m [1m1:58[0m 2s/step - accuracy: 0.6438 - auc: 0.7210 - loss: 0.6782 - precision: 0.6130 - recall: 0.7970
[1m 88/150[0m [32m━━━━━━━━━━━[0m[37m━━━━━━━━━[0m [1m1:55[0m 2s/step - accuracy: 0.6439 - auc: 0.7210 - loss: 0.6782 - precision: 0.6131 - recall: 0.7969
[1m 89/150[0m [32m━━━━━━━━━━━[0m[37m━━━━━━━━━[0m [1m1:53[0m 2s/step - accuracy: 0.6441 - auc: 0.7210 - loss: 0.6781 - precision: 0.6132 - recall: 0.7968
[1m 90/150[0m [32m━━━━━━━━━━━━[0m[37m━━━━━━━━[0m [1m1:51[0m 2s/step - accuracy: 0.6442 - auc: 0.7211 - loss: 0.6781 - precision: 0.6133 - recall: 0.7967
[1m 91/150[0m [32m━━━━━━━━━━━━[0m[37m━━━━━━━━[0m [1m1:48[0m 2s/step - accuracy: 0.6443 - auc: 0.7211 - loss: 0.6781 - precision: 0.6134 - recall: 0.7966
[1m 92/150[0m [32m━━━━━━━━━━━━[0m[37m━━━━━━━━[0m [1m1:46[0m 2s/step - accuracy: 0.6444 - auc: 0.7211 - loss: 0.6781 - precision: 0.6134 - recall: 0.7965
[1m 93/150[0m [32m━━━━━━━━━━━━[0m[37m━━━━━━━━[0m [1m1:44[0m 2s/step - accuracy: 0.6445 - auc: 0.7211 - loss: 0.6781 - precision: 0.6135 - recall: 0.7964
[1m 94/150[0m [32m━━━━━━━━━━━━[0m[37m━━━━━━━━[0m [1m1:42[0m 2s/step - accuracy: 0.6446 - auc: 0.7211 - loss: 0.6781 - precision: 0.6136 - recall: 0.7962
[1m 95/150[0m [32m━━━━━━━━━━━━[0m[37m━━━━━━━━[0m [1m1:39[0m 2s/step - accuracy: 0.6446 - auc: 0.7211 - loss: 0.6781 - precision: 0.6137 - recall: 0.7961
[1m 96/150[0m [32m━━━━━━━━━━━━[0m[37m━━━━━━━━[0m [1m1:37[0m 2s/step - accuracy: 0.6447 - auc: 0.7211 - loss: 0.6781 - precision: 0.6138 - recall: 0.7960
[1m 97/150[0m [32m━━━━━━━━━━━━[0m[37m━━━━━━━━[0m [1m1:35[0m 2s/step - accuracy: 0.6448 - auc: 0.7211 - loss: 0.6780 - precision: 0.6138 - recall: 0.7958
[1m 98/150[0m [32m━━━━━━━━━━━━━[0m[37m━━━━━━━[0m [1m1:32[0m 2s/step - accuracy: 0.6449 - auc: 0.7211 - loss: 0.6780 - precision: 0.6139 - recall: 0.7957
[1m 99/150[0m [32m━━━━━━━━━━━━━[0m[37m━━━━━━━[0m [1m1:30[0m 2s/step - accuracy: 0.6449 - auc: 0.7211 - loss: 0.6780 - precision: 0.6140 - recall: 0.7955
[1m100/150[0m [32m━━━━━━━━━━━━━[0m[37m━━━━━━━[0m [1m1:28[0m 2s/step - accuracy: 0.6450 - auc: 0.7211 - loss: 0.6780 - precision: 0.6140 - recall: 0.7954
[1m101/150[0m [32m━━━━━━━━━━━━━[0m[37m━━━━━━━[0m [1m1:27[0m 2s/step - accuracy: 0.6451 - auc: 0.7212 - loss: 0.6780 - precision: 0.6141 - recall: 0.7952
[1m102/150[0m [32m━━━━━━━━━━━━━[0m[37m━━━━━━━[0m [1m1:24[0m 2s/step - accuracy: 0.6452 - auc: 0.7212 - loss: 0.6780 - precision: 0.6142 - recall: 0.7951
[1m103/150[0m [32m━━━━━━━━━━━━━[0m[37m━━━━━━━[0m [1m1:22[0m 2s/step - accuracy: 0.6452 - auc: 0.7212 - loss: 0.6779 - precision: 0.6143 - recall: 0.7949
[1m104/150[0m [32m━━━━━━━━━━━━━[0m[37m━━━━━━━[0m [1m1:20[0m 2s/step - accuracy: 0.6453 - auc: 0.7212 - loss: 0.6779 - precision: 0.6144 - recall: 0.7948
[1m105/150[0m [32m━━━━━━━━━━━━━━[0m[37m━━━━━━[0m [1m1:18[0m 2s/step - accuracy: 0.6454 - auc: 0.7212 - loss: 0.6779 - precision: 0.6144 - recall: 0.7946
[1m106/150[0m [32m━━━━━━━━━━━━━━[0m[37m━━━━━━[0m [1m1:16[0m 2s/step - accuracy: 0.6455 - auc: 0.7213 - loss: 0.6779 - precision: 0.6145 - recall: 0.7945
[1m107/150[0m [32m━━━━━━━━━━━━━━[0m[37m━━━━━━[0m [1m1:14[0m 2s/step - accuracy: 0.6455 - auc: 0.7213 - loss: 0.6778 - precision: 0.6146 - recall: 0.7944
[1m108/150[0m [32m━━━━━━━━━━━━━━[0m[37m━━━━━━[0m [1m1:12[0m 2s/step - accuracy: 0.6456 - auc: 0.7213 - loss: 0.6778 - precision: 0.6147 - recall: 0.7943
[1m109/150[0m [32m━━━━━━━━━━━━━━[0m[37m━━━━━━[0m [1m1:10[0m 2s/step - accuracy: 0.6457 - auc: 0.7214 - loss: 0.6778 - precision: 0.6147 - recall: 0.7942
[1m110/150[0m [32m━━━━━━━━━━━━━━[0m[37m━━━━━━[0m [1m1:08[0m 2s/step - accuracy: 0.6458 - auc: 0.7214 - loss: 0.6777 - precision: 0.6148 - recall: 0.7941
[1m111/150[0m [32m━━━━━━━━━━━━━━[0m[37m━━━━━━[0m [1m1:06[0m 2s/step - accuracy: 0.6459 - auc: 0.7215 - loss: 0.6777 - precision: 0.6149 - recall: 0.7940
[1m112/150[0m [32m━━━━━━━━━━━━━━[0m[37m━━━━━━[0m [1m1:04[0m 2s/step - accuracy: 0.6459 - auc: 0.7215 - loss: 0.6777 - precision: 0.6150 - recall: 0.7939
[1m113/150[0m [32m━━━━━━━━━━━━━━━[0m[37m━━━━━[0m [1m1:02[0m 2s/step - accuracy: 0.6460 - auc: 0.7215 - loss: 0.6776 - precision: 0.6150 - recall: 0.7938
[1m114/150[0m [32m━━━━━━━━━━━━━━━[0m[37m━━━━━[0m [1m1:00[0m 2s/step - accuracy: 0.6461 - auc: 0.7216 - loss: 0.6776 - precision: 0.6151 - recall: 0.7937
[1m115/150[0m [32m━━━━━━━━━━━━━━━[0m[37m━━━━━[0m [1m58s[0m 2s/step - accuracy: 0.6462 - auc: 0.7216 - loss: 0.6776 - precision: 0.6151 - recall: 0.7936 
[1m116/150[0m [32m━━━━━━━━━━━━━━━[0m[37m━━━━━[0m [1m57s[0m 2s/step - accuracy: 0.6462 - auc: 0.7217 - loss: 0.6775 - precision: 0.6152 - recall: 0.7935
[1m117/150[0m [32m━━━━━━━━━━━━━━━[0m[37m━━━━━[0m [1m55s[0m 2s/step - accuracy: 0.6463 - auc: 0.7217 - loss: 0.6775 - precision: 0.6153 - recall: 0.7934
[1m118/150[0m [32m━━━━━━━━━━━━━━━[0m[37m━━━━━[0m [1m53s[0m 2s/step - accuracy: 0.6464 - auc: 0.7217 - loss: 0.6775 - precision: 0.6153 - recall: 0.7933
[1m119/150[0m [32m━━━━━━━━━━━━━━━[0m[37m━━━━━[0m [1m51s[0m 2s/step - accuracy: 0.6465 - auc: 0.7218 - loss: 0.6774 - precision: 0.6154 - recall: 0.7933
[1m120/150[0m [32m━━━━━━━━━━━━━━━━[0m[37m━━━━[0m [1m50s[0m 2s/step - accuracy: 0.6465 - auc: 0.7218 - loss: 0.6774 - precision: 0.6154 - recall: 0.7932
[1m121/150[0m [32m━━━━━━━━━━━━━━━━[0m[37m━━━━[0m [1m48s[0m 2s/step - accuracy: 0.6466 - auc: 0.7219 - loss: 0.6773 - precision: 0.6155 - recall: 0.7931
[1m122/150[0m [32m━━━━━━━━━━━━━━━━[0m[37m━━━━[0m [1m46s[0m 2s/step - accuracy: 0.6467 - auc: 0.7219 - loss: 0.6773 - precision: 0.6156 - recall: 0.7930
[1m123/150[0m [32m━━━━━━━━━━━━━━━━[0m[37m━━━━[0m [1m44s[0m 2s/step - accuracy: 0.6467 - auc: 0.7220 - loss: 0.6773 - precision: 0.6156 - recall: 0.7929
[1m124/150[0m [32m━━━━━━━━━━━━━━━━[0m[37m━━━━[0m [1m42s[0m 2s/step - accuracy: 0.6468 - auc: 0.7220 - loss: 0.6772 - precision: 0.6157 - recall: 0.7929
[1m125/150[0m [32m━━━━━━━━━━━━━━━━[0m[37m━━━━[0m [1m41s[0m 2s/step - accuracy: 0.6469 - auc: 0.7221 - loss: 0.6772 - precision: 0.6157 - recall: 0.7928
[1m126/150[0m [32m━━━━━━━━━━━━━━━━[0m[37m━━━━[0m [1m39s[0m 2s/step - accuracy: 0.6469 - auc: 0.7221 - loss: 0.6772 - precision: 0.6158 - recall: 0.7927
[1m127/150[0m [32m━━━━━━━━━━━━━━━━[0m[37m━━━━[0m [1m37s[0m 2s/step - accuracy: 0.6470 - auc: 0.7221 - loss: 0.6771 - precision: 0.6159 - recall: 0.7926
[1m128/150[0m [32m━━━━━━━━━━━━━━━━━[0m[37m━━━[0m [1m35s[0m 2s/step - accuracy: 0.6471 - auc: 0.7222 - loss: 0.6771 - precision: 0.6159 - recall: 0.7926
[1m129/150[0m [32m━━━━━━━━━━━━━━━━━[0m[37m━━━[0m [1m34s[0m 2s/step - accuracy: 0.6471 - auc: 0.7222 - loss: 0.6771 - precision: 0.6160 - recall: 0.7925
[1m130/150[0m [32m━━━━━━━━━━━━━━━━━[0m[37m━━━[0m [1m32s[0m 2s/step - accuracy: 0.6472 - auc: 0.7222 - loss: 0.6770 - precision: 0.6160 - recall: 0.7924
[1m131/150[0m [32m━━━━━━━━━━━━━━━━━[0m[37m━━━[0m [1m30s[0m 2s/step - accuracy: 0.6472 - auc: 0.7223 - loss: 0.6770 - precision: 0.6161 - recall: 0.7923
[1m132/150[0m [32m━━━━━━━━━━━━━━━━━[0m[37m━━━[0m [1m29s[0m 2s/step - accuracy: 0.6473 - auc: 0.7223 - loss: 0.6770 - precision: 0.6162 - recall: 0.7923
[1m133/150[0m [32m━━━━━━━━━━━━━━━━━[0m[37m━━━[0m [1m27s[0m 2s/step - accuracy: 0.6474 - auc: 0.7224 - loss: 0.6769 - precision: 0.6162 - recall: 0.7922
[1m134/150[0m [32m━━━━━━━━━━━━━━━━━[0m[37m━━━[0m [1m25s[0m 2s/step - accuracy: 0.6474 - auc: 0.7224 - loss: 0.6769 - precision: 0.6163 - recall: 0.7922
[1m135/150[0m [32m━━━━━━━━━━━━━━━━━━[0m[37m━━[0m [1m24s[0m 2s/step - accuracy: 0.6475 - auc: 0.7224 - loss: 0.6769 - precision: 0.6163 - recall: 0.7921
[1m136/150[0m [32m━━━━━━━━━━━━━━━━━━[0m[37m━━[0m [1m22s[0m 2s/step - accuracy: 0.6476 - auc: 0.7225 - loss: 0.6768 - precision: 0.6164 - recall: 0.7921
[1m137/150[0m [32m━━━━━━━━━━━━━━━━━━[0m[37m━━[0m [1m20s[0m 2s/step - accuracy: 0.6476 - auc: 0.7225 - loss: 0.6768 - precision: 0.6164 - recall: 0.7920
[1m138/150[0m [32m━━━━━━━━━━━━━━━━━━[0m[37m━━[0m [1m19s[0m 2s/step - accuracy: 0.6477 - auc: 0.7225 - loss: 0.6768 - precision: 0.6165 - recall: 0.7919
[1m139/150[0m [32m━━━━━━━━━━━━━━━━━━[0m[37m━━[0m [1m17s[0m 2s/step - accuracy: 0.6478 - auc: 0.7226 - loss: 0.6767 - precision: 0.6166 - recall: 0.7918
[1m140/150[0m [32m━━━━━━━━━━━━━━━━━━[0m[37m━━[0m [1m16s[0m 2s/step - accuracy: 0.6478 - auc: 0.7226 - loss: 0.6767 - precision: 0.6166 - recall: 0.7917
[1m141/150[0m [32m━━━━━━━━━━━━━━━━━━[0m[37m━━[0m [1m14s[0m 2s/step - accuracy: 0.6479 - auc: 0.7226 - loss: 0.6767 - precision: 0.6167 - recall: 0.7917
[1m142/150[0m [32m━━━━━━━━━━━━━━━━━━[0m[37m━━[0m [1m12s[0m 2s/step - accuracy: 0.6479 - auc: 0.7226 - loss: 0.6767 - precision: 0.6168 - recall: 0.79162026-06-17 07:45:04.071981: I tensorflow/core/kernels/data/shuffle_dataset_op.cc:453] ShuffleDatasetV3:4: Filling up shuffle buffer (this may take a while): 1016 of 1024
2026-06-17 07:45:04.146747: I tensorflow/core/kernels/data/shuffle_dataset_op.cc:483] Shuffle buffer filled.

[1m143/150[0m [32m━━━━━━━━━━━━━━━━━━━[0m[37m━[0m [1m11s[0m 2s/step - accuracy: 0.6480 - auc: 0.7227 - loss: 0.6767 - precision: 0.6168 - recall: 0.7915
[1m144/150[0m [32m━━━━━━━━━━━━━━━━━━━[0m[37m━[0m [1m9s[0m 2s/step - accuracy: 0.6480 - auc: 0.7227 - loss: 0.6767 - precision: 0.6169 - recall: 0.7915 
[1m145/150[0m [32m━━━━━━━━━━━━━━━━━━━[0m[37m━[0m [1m8s[0m 2s/step - accuracy: 0.6481 - auc: 0.7227 - loss: 0.6766 - precision: 0.6169 - recall: 0.7914
[1m146/150[0m [32m━━━━━━━━━━━━━━━━━━━[0m[37m━[0m [1m6s[0m 2s/step - accuracy: 0.6482 - auc: 0.7227 - loss: 0.6766 - precision: 0.6170 - recall: 0.7913
[1m147/150[0m [32m━━━━━━━━━━━━━━━━━━━[0m[37m━[0m [1m4s[0m 2s/step - accuracy: 0.6482 - auc: 0.7227 - loss: 0.6766 - precision: 0.6170 - recall: 0.7913
[1m148/150[0m [32m━━━━━━━━━━━━━━━━━━━[0m[37m━[0m [1m3s[0m 2s/step - accuracy: 0.6483 - auc: 0.7227 - loss: 0.6766 - precision: 0.6171 - recall: 0.7912
[1m149/150[0m [32m━━━━━━━━━━━━━━━━━━━[0m[37m━[0m [1m1s[0m 2s/step - accuracy: 0.6483 - auc: 0.7228 - loss: 0.6766 - precision: 0.6171 - recall: 0.7912
[1m150/150[0m [32m━━━━━━━━━━━━━━━━━━━━[0m[37m[0m [1m0s[0m 2s/step - accuracy: 0.6484 - auc: 0.7228 - loss: 0.6766 - precision: 0.6172 - recall: 0.7911
Epoch 4: val_auc did not improve from 0.68902

[1m150/150[0m [32m━━━━━━━━━━━━━━━━━━━━[0m[37m[0m [1m271s[0m 2s/step - accuracy: 0.6555 - auc: 0.7248 - loss: 0.6744 - precision: 0.6240 - recall: 0.7832 - val_accuracy: 0.5625 - val_auc: 0.5568 - val_loss: 0.7745 - val_precision: 0.5408 - val_recall: 0.8654 - learning_rate: 1.0000e-04
Epoch 5/30

[1m  1/150[0m [37m━━━━━━━━━━━━━━━━━━━━[0m [1m6:50[0m 3s/step - accuracy: 0.6562 - auc: 0.7612 - loss: 0.6402 - precision: 0.6136 - recall: 0.8438
[1m  2/150[0m [37m━━━━━━━━━━━━━━━━━━━━[0m [1m6:08[0m 2s/step - accuracy: 0.6914 - auc: 0.7744 - loss: 0.6319 - precision: 0.6506 - recall: 0.8450
[1m  3/150[0m [37m━━━━━━━━━━━━━━━━━━━━[0m [1m6:23[0m 3s/step - accuracy: 0.6849 - auc: 0.7647 - loss: 0.6387 - precision: 0.6448 - recall: 0.8300
[1m  4/150[0m [37m━━━━━━━━━━━━━━━━━━━━[0m [1m7:04[0m 3s/step - accuracy: 0.6787 - auc: 0.7515 - loss: 0.6477 - precision: 0.6402 - recall: 0.8240
[1m  5/150[0m [37m━━━━━━━━━━━━━━━━━━━━[0m [1m7:41[0m 3s/step - accuracy: 0.6742 - auc: 0.7450 - loss: 0.6535 - precision: 0.6341 - recall: 0.8205
[1m  6/150[0m [37m━━━━━━━━━━━━━━━━━━━━[0m [1m7:19[0m 3s/step - accuracy: 0.6730 - auc: 0.7427 - loss: 0.6560 - precision: 0.6323 - recall: 0.8185
[1m  7/150[0m [37m━━━━━━━━━━━━━━━━━━━━[0m [1m7:10[0m 3s/step - accuracy: 0.6728 - auc: 0.7419 - loss: 0.6573 - precision: 0.6307 - recall: 0.8186
[1m  8/150[0m [32m━[0m[37m━━━━━━━━━━━━━━━━━━━[0m [1m7:29[0m 3s/step - accuracy: 0.6724 - auc: 0.7410 - loss: 0.6583 - precision: 0.6304 - recall: 0.8176
[1m  9/150[0m [32m━[0m[37m━━━━━━━━━━━━━━━━━━━[0m [1m7:37[0m 3s/step - accuracy: 0.6710 - auc: 0.7382 - loss: 0.6607 - precision: 0.6303 - recall: 0.8153
[1m 10/150[0m [32m━[0m[37m━━━━━━━━━━━━━━━━━━━[0m [1m7:27[0m 3s/step - accuracy: 0.6689 - auc: 0.7352 - loss: 0.6640 - precision: 0.6298 - recall: 0.8121
[1m 11/150[0m [32m━[0m[37m━━━━━━━━━━━━━━━━━━━[0m [1m7:26[0m 3s/step - accuracy: 0.6665 - auc: 0.7328 - loss: 0.6665 - precision: 0.6284 - recall: 0.8089
[1m 12/150[0m [32m━[0m[37m━━━━━━━━━━━━━━━━━━━[0m [1m7:18[0m 3s/step - accuracy: 0.6637 - auc: 0.7301 - loss: 0.6690 - precision: 0.6266 - recall: 0.8057
[1m 13/150[0m [32m━[0m[37m━━━━━━━━━━━━━━━━━━━[0m [1m7:06[0m 3s/step - accuracy: 0.6611 - auc: 0.7279 - loss: 0.6709 - precision: 0.6252 - recall: 0.8024
[1m 14/150[0m [32m━[0m[37m━━━━━━━━━━━━━━━━━━━[0m [1m7:01[0m 3s/step - accuracy: 0.6591 - auc: 0.7262 - loss: 0.6723 - precision: 0.6240 - recall: 0.8002
[1m 15/150[0m [32m━━[0m[37m━━━━━━━━━━━━━━━━━━[0m [1m6:56[0m 3s/step - accuracy: 0.6573 - auc: 0.7249 - loss: 0.6733 - precision: 0.6228 - recall: 0.7985
[1m 16/150[0m [32m━━[0m[37m━━━━━━━━━━━━━━━━━━[0m [1m6:52[0m 3s/step - accuracy: 0.6558 - auc: 0.7240 - loss: 0.6741 - precision: 0.6217 - recall: 0.7974
[1m 17/150[0m [32m━━[0m[37m━━━━━━━━━━━━━━━━━━[0m [1m6:46[0m 3s/step - accuracy: 0.6546 - auc: 0.7232 - loss: 0.6747 - precision: 0.6210 - recall: 0.7965
[1m 18/150[0m [32m━━[0m[37m━━━━━━━━━━━━━━━━━━[0m [1m6:55[0m 3s/step - accuracy: 0.6535 - auc: 0.7223 - loss: 0.6753 - precision: 0.6201 - recall: 0.7957
[1m 19/150[0m [32m━━[0m[37m━━━━━━━━━━━━━━━━━━[0m [1m6:48[0m 3s/step - accuracy: 0.6526 - auc: 0.7218 - loss: 0.6756 - precision: 0.6195 - recall: 0.7951
[1m 20/150[0m [32m━━[0m[37m━━━━━━━━━━━━━━━━━━[0m [1m6:42[0m 3s/step - accuracy: 0.6519 - auc: 0.7213 - loss: 0.6759 - precision: 0.6191 - recall: 0.7945
[1m 21/150[0m [32m━━[0m[37m━━━━━━━━━━━━━━━━━━[0m [1m6:35[0m 3s/step - accuracy: 0.6515 - auc: 0.7212 - loss: 0.6761 - precision: 0.6189 - recall: 0.7943
[1m 22/150[0m [32m━━[0m[37m━━━━━━━━━━━━━━━━━━[0m [1m6:31[0m 3s/step - accuracy: 0.6512 - auc: 0.7210 - loss: 0.6762 - precision: 0.6187 - recall: 0.7942
[1m 23/150[0m [32m━━━[0m[37m━━━━━━━━━━━━━━━━━[0m [1m6:28[0m 3s/step - accuracy: 0.6511 - auc: 0.7209 - loss: 0.6763 - precision: 0.6187 - recall: 0.7942
[1m 24/150[0m [32m━━━[0m[37m━━━━━━━━━━━━━━━━━[0m [1m6:25[0m 3s/step - accuracy: 0.6509 - auc: 0.7209 - loss: 0.6763 - precision: 0.6188 - recall: 0.7941
[1m 25/150[0m [32m━━━[0m[37m━━━━━━━━━━━━━━━━━[0m [1m6:20[0m 3s/step - accuracy: 0.6511 - auc: 0.7211 - loss: 0.6762 - precision: 0.6190 - recall: 0.7942
[1m 26/150[0m [32m━━━[0m[37m━━━━━━━━━━━━━━━━━[0m [1m6:16[0m 3s/step - accuracy: 0.6511 - auc: 0.7213 - loss: 0.6760 - precision: 0.6191 - recall: 0.7944
[1m 27/150[0m [32m━━━[0m[37m━━━━━━━━━━━━━━━━━[0m [1m6:12[0m 3s/step - accuracy: 0.6513 - auc: 0.7217 - loss: 0.6758 - precision: 0.6193 - recall: 0.7948
[1m 28/150[0m [32m━━━[0m[37m━━━━━━━━━━━━━━━━━[0m [1m6:08[0m 3s/step - accuracy: 0.6515 - auc: 0.7220 - loss: 0.6755 - precision: 0.6194 - recall: 0.7951
[1m 29/150[0m [32m━━━[0m[37m━━━━━━━━━━━━━━━━━[0m [1m6:05[0m 3s/step - accuracy: 0.6517 - auc: 0.7224 - loss: 0.6752 - precision: 0.6195 - recall: 0.7954
[1m 30/150[0m [32m━━━━[0m[37m━━━━━━━━━━━━━━━━[0m [1m6:03[0m 3s/step - accuracy: 0.6519 - auc: 0.7228 - loss: 0.6749 - precision: 0.6198 - recall: 0.7957
[1m 31/150[0m [32m━━━━[0m[37m━━━━━━━━━━━━━━━━[0m [1m5:59[0m 3s/step - accuracy: 0.6522 - auc: 0.7232 - loss: 0.6746 - precision: 0.6200 - recall: 0.7959
[1m 32/150[0m [32m━━━━[0m[37m━━━━━━━━━━━━━━━━[0m [1m5:55[0m 3s/step - accuracy: 0.6524 - auc: 0.7236 - loss: 0.6743 - precision: 0.6202 - recall: 0.7961
[1m 33/150[0m [32m━━━━[0m[37m━━━━━━━━━━━━━━━━[0m [1m5:50[0m 3s/step - accuracy: 0.6527 - auc: 0.7240 - loss: 0.6741 - precision: 0.6204 - recall: 0.7963
[1m 34/150[0m [32m━━━━[0m[37m━━━━━━━━━━━━━━━━[0m [1m5:46[0m 3s/step - accuracy: 0.6529 - auc: 0.7244 - loss: 0.6738 - precision: 0.6207 - recall: 0.7965
[1m 35/150[0m [32m━━━━[0m[37m━━━━━━━━━━━━━━━━[0m [1m5:41[0m 3s/step - accuracy: 0.6532 - auc: 0.7248 - loss: 0.6736 - precision: 0.6210 - recall: 0.7967
[1m 36/150[0m [32m━━━━[0m[37m━━━━━━━━━━━━━━━━[0m [1m5:37[0m 3s/step - accuracy: 0.6535 - auc: 0.7251 - loss: 0.6733 - precision: 0.6212 - recall: 0.7968
[1m 37/150[0m [32m━━━━[0m[37m━━━━━━━━━━━━━━━━[0m [1m5:33[0m 3s/step - accuracy: 0.6537 - auc: 0.7255 - loss: 0.6731 - precision: 0.6214 - recall: 0.7969
[1m 38/150[0m [32m━━━━━[0m[37m━━━━━━━━━━━━━━━[0m [1m5:29[0m 3s/step - accuracy: 0.6539 - auc: 0.7258 - loss: 0.6729 - precision: 0.6216 - recall: 0.7970
[1m 39/150[0m [32m━━━━━[0m[37m━━━━━━━━━━━━━━━[0m [1m5:27[0m 3s/step - accuracy: 0.6542 - auc: 0.7261 - loss: 0.6727 - precision: 0.6219 - recall: 0.7971
[1m 40/150[0m [32m━━━━━[0m[37m━━━━━━━━━━━━━━━[0m [1m5:24[0m 3s/step - accuracy: 0.6544 - auc: 0.7264 - loss: 0.6726 - precision: 0.6222 - recall: 0.7971
[1m 41/150[0m [32m━━━━━[0m[37m━━━━━━━━━━━━━━━[0m [1m5:21[0m 3s/step - accuracy: 0.6545 - auc: 0.7266 - loss: 0.6725 - precision: 0.6223 - recall: 0.7970
[1m 42/150[0m [32m━━━━━[0m[37m━━━━━━━━━━━━━━━[0m [1m5:18[0m 3s/step - accuracy: 0.6546 - auc: 0.7269 - loss: 0.6723 - precision: 0.6225 - recall: 0.7971
[1m 43/150[0m [32m━━━━━[0m[37m━━━━━━━━━━━━━━━[0m [1m5:15[0m 3s/step - accuracy: 0.6548 - auc: 0.7272 - loss: 0.6722 - precision: 0.6226 - recall: 0.7971
[1m 44/150[0m [32m━━━━━[0m[37m━━━━━━━━━━━━━━━[0m [1m5:12[0m 3s/step - accuracy: 0.6549 - auc: 0.7274 - loss: 0.6721 - precision: 0.6227 - recall: 0.7972
[1m 45/150[0m [32m━━━━━━[0m[37m━━━━━━━━━━━━━━[0m [1m5:09[0m 3s/step - accuracy: 0.6550 - auc: 0.7276 - loss: 0.6720 - precision: 0.6228 - recall: 0.7972
[1m 46/150[0m [32m━━━━━━[0m[37m━━━━━━━━━━━━━━[0m [1m5:05[0m 3s/step - accuracy: 0.6551 - auc: 0.7278 - loss: 0.6719 - precision: 0.6229 - recall: 0.7973
[1m 47/150[0m [32m━━━━━━[0m[37m━━━━━━━━━━━━━━[0m [1m5:02[0m 3s/step - accuracy: 0.6552 - auc: 0.7279 - loss: 0.6718 - precision: 0.6229 - recall: 0.7973
[1m 48/150[0m [32m━━━━━━[0m[37m━━━━━━━━━━━━━━[0m [1m4:59[0m 3s/step - accuracy: 0.6552 - auc: 0.7281 - loss: 0.6717 - precision: 0.6230 - recall: 0.7973
[1m 49/150[0m [32m━━━━━━[0m[37m━━━━━━━━━━━━━━[0m [1m4:56[0m 3s/step - accuracy: 0.6553 - auc: 0.7282 - loss: 0.6716 - precision: 0.6230 - recall: 0.7974
[1m 50/150[0m [32m━━━━━━[0m[37m━━━━━━━━━━━━━━[0m [1m4:53[0m 3s/step - accuracy: 0.6553 - auc: 0.7283 - loss: 0.6716 - precision: 0.6230 - recall: 0.7974
[1m 51/150[0m [32m━━━━━━[0m[37m━━━━━━━━━━━━━━[0m [1m4:50[0m 3s/step - accuracy: 0.6553 - auc: 0.7284 - loss: 0.6715 - precision: 0.6231 - recall: 0.7975
[1m 52/150[0m [32m━━━━━━[0m[37m━━━━━━━━━━━━━━[0m [1m4:47[0m 3s/step - accuracy: 0.6553 - auc: 0.7284 - loss: 0.6715 - precision: 0.6231 - recall: 0.7975
[1m 53/150[0m [32m━━━━━━━[0m[37m━━━━━━━━━━━━━[0m [1m4:44[0m 3s/step - accuracy: 0.6553 - auc: 0.7285 - loss: 0.6715 - precision: 0.6231 - recall: 0.7975
[1m 54/150[0m [32m━━━━━━━[0m[37m━━━━━━━━━━━━━[0m [1m4:41[0m 3s/step - accuracy: 0.6553 - auc: 0.7285 - loss: 0.6715 - precision: 0.6231 - recall: 0.7975
[1m 55/150[0m [32m━━━━━━━[0m[37m━━━━━━━━━━━━━[0m [1m4:38[0m 3s/step - accuracy: 0.6553 - auc: 0.7286 - loss: 0.6715 - precision: 0.6231 - recall: 0.7975
[1m 56/150[0m [32m━━━━━━━[0m[37m━━━━━━━━━━━━━[0m [1m4:36[0m 3s/step - accuracy: 0.6553 - auc: 0.7286 - loss: 0.6715 - precision: 0.6231 - recall: 0.7975
[1m 57/150[0m [32m━━━━━━━[0m[37m━━━━━━━━━━━━━[0m [1m4:33[0m 3s/step - accuracy: 0.6554 - auc: 0.7287 - loss: 0.6715 - precision: 0.6232 - recall: 0.7975
[1m 58/150[0m [32m━━━━━━━[0m[37m━━━━━━━━━━━━━[0m [1m4:31[0m 3s/step - accuracy: 0.6554 - auc: 0.7287 - loss: 0.6714 - precision: 0.6232 - recall: 0.7976
[1m 59/150[0m [32m━━━━━━━[0m[37m━━━━━━━━━━━━━[0m [1m4:28[0m 3s/step - accuracy: 0.6555 - auc: 0.7288 - loss: 0.6713 - precision: 0.6233 - recall: 0.7976
[1m 60/150[0m [32m━━━━━━━━[0m[37m━━━━━━━━━━━━[0m [1m4:25[0m 3s/step - accuracy: 0.6556 - auc: 0.7290 - loss: 0.6713 - precision: 0.6234 - recall: 0.7978
[1m 61/150[0m [32m━━━━━━━━[0m[37m━━━━━━━━━━━━[0m [1m4:22[0m 3s/step - accuracy: 0.6558 - auc: 0.7291 - loss: 0.6711 - precision: 0.6234 - recall: 0.7979
[1m 62/150[0m [32m━━━━━━━━[0m[37m━━━━━━━━━━━━[0m [1m4:19[0m 3s/step - accuracy: 0.6559 - auc: 0.7293 - loss: 0.6710 - precision: 0.6235 - recall: 0.7980
[1m 63/150[0m [32m━━━━━━━━[0m[37m━━━━━━━━━━━━[0m [1m4:16[0m 3s/step - accuracy: 0.6560 - auc: 0.7294 - loss: 0.6710 - precision: 0.6236 - recall: 0.7981
[1m 64/150[0m [32m━━━━━━━━[0m[37m━━━━━━━━━━━━[0m [1m4:14[0m 3s/step - accuracy: 0.6562 - auc: 0.7295 - loss: 0.6709 - precision: 0.6237 - recall: 0.7982
[1m 65/150[0m [32m━━━━━━━━[0m[37m━━━━━━━━━━━━[0m [1m4:11[0m 3s/step - accuracy: 0.6563 - auc: 0.7296 - loss: 0.6708 - precision: 0.6239 - recall: 0.7982
[1m 66/150[0m [32m━━━━━━━━[0m[37m━━━━━━━━━━━━[0m [1m4:08[0m 3s/step - accuracy: 0.6565 - auc: 0.7297 - loss: 0.6707 - precision: 0.6240 - recall: 0.7983
[1m 67/150[0m [32m━━━━━━━━[0m[37m━━━━━━━━━━━━[0m [1m4:05[0m 3s/step - accuracy: 0.6566 - auc: 0.7299 - loss: 0.6706 - precision: 0.6241 - recall: 0.7984
[1m 68/150[0m [32m━━━━━━━━━[0m[37m━━━━━━━━━━━[0m [1m4:02[0m 3s/step - accuracy: 0.6568 - auc: 0.7300 - loss: 0.6706 - precision: 0.6243 - recall: 0.7984
[1m 69/150[0m [32m━━━━━━━━━[0m[37m━━━━━━━━━━━[0m [1m3:59[0m 3s/step - accuracy: 0.6569 - auc: 0.7301 - loss: 0.6705 - precision: 0.6244 - recall: 0.7985
[1m 70/150[0m [32m━━━━━━━━━[0m[37m━━━━━━━━━━━[0m [1m3:56[0m 3s/step - accuracy: 0.6571 - auc: 0.7302 - loss: 0.6704 - precision: 0.6246 - recall: 0.7986
[1m 71/150[0m [32m━━━━━━━━━[0m[37m━━━━━━━━━━━[0m [1m3:53[0m 3s/step - accuracy: 0.6572 - auc: 0.7303 - loss: 0.6703 - precision: 0.6247 - recall: 0.7987
[1m 72/150[0m [32m━━━━━━━━━[0m[37m━━━━━━━━━━━[0m [1m3:50[0m 3s/step - accuracy: 0.6573 - auc: 0.7304 - loss: 0.6702 - precision: 0.6248 - recall: 0.7987
[1m 73/150[0m [32m━━━━━━━━━[0m[37m━━━━━━━━━━━[0m [1m3:47[0m 3s/step - accuracy: 0.6575 - auc: 0.7306 - loss: 0.6701 - precision: 0.6249 - recall: 0.7988
[1m 74/150[0m [32m━━━━━━━━━[0m[37m━━━━━━━━━━━[0m [1m3:44[0m 3s/step - accuracy: 0.6576 - auc: 0.7307 - loss: 0.6700 - precision: 0.6250 - recall: 0.7989
[1m 75/150[0m [32m━━━━━━━━━━[0m[37m━━━━━━━━━━[0m [1m3:41[0m 3s/step - accuracy: 0.6577 - auc: 0.7308 - loss: 0.6700 - precision: 0.6251 - recall: 0.7990
[1m 76/150[0m [32m━━━━━━━━━━[0m[37m━━━━━━━━━━[0m [1m3:38[0m 3s/step - accuracy: 0.6579 - auc: 0.7309 - loss: 0.6699 - precision: 0.6252 - recall: 0.7991
[1m 77/150[0m [32m━━━━━━━━━━[0m[37m━━━━━━━━━━[0m [1m3:35[0m 3s/step - accuracy: 0.6580 - auc: 0.7310 - loss: 0.6698 - precision: 0.6253 - recall: 0.7992
[1m 78/150[0m [32m━━━━━━━━━━[0m[37m━━━━━━━━━━[0m [1m3:32[0m 3s/step - accuracy: 0.6582 - auc: 0.7312 - loss: 0.6697 - precision: 0.6254 - recall: 0.7993
[1m 79/150[0m [32m━━━━━━━━━━[0m[37m━━━━━━━━━━[0m [1m3:29[0m 3s/step - accuracy: 0.6583 - auc: 0.7313 - loss: 0.6696 - precision: 0.6255 - recall: 0.7994
[1m 80/150[0m [32m━━━━━━━━━━[0m[37m━━━━━━━━━━[0m [1m3:26[0m 3s/step - accuracy: 0.6584 - auc: 0.7314 - loss: 0.6695 - precision: 0.6255 - recall: 0.7995
[1m 81/150[0m [32m━━━━━━━━━━[0m[37m━━━━━━━━━━[0m [1m3:23[0m 3s/step - accuracy: 0.6585 - auc: 0.7315 - loss: 0.6694 - precision: 0.6256 - recall: 0.7995
[1m 82/150[0m [32m━━━━━━━━━━[0m[37m━━━━━━━━━━[0m [1m3:20[0m 3s/step - accuracy: 0.6586 - auc: 0.7316 - loss: 0.6693 - precision: 0.6257 - recall: 0.7996
[1m 83/150[0m [32m━━━━━━━━━━━[0m[37m━━━━━━━━━[0m [1m3:17[0m 3s/step - accuracy: 0.6588 - auc: 0.7318 - loss: 0.6692 - precision: 0.6257 - recall: 0.7997
[1m 84/150[0m [32m━━━━━━━━━━━[0m[37m━━━━━━━━━[0m [1m3:14[0m 3s/step - accuracy: 0.6589 - auc: 0.7319 - loss: 0.6691 - precision: 0.6258 - recall: 0.7998
[1m 85/150[0m [32m━━━━━━━━━━━[0m[37m━━━━━━━━━[0m [1m3:12[0m 3s/step - accuracy: 0.6590 - auc: 0.7320 - loss: 0.6690 - precision: 0.6259 - recall: 0.7998
[1m 86/150[0m [32m━━━━━━━━━━━[0m[37m━━━━━━━━━[0m [1m3:09[0m 3s/step - accuracy: 0.6591 - auc: 0.7322 - loss: 0.6689 - precision: 0.6260 - recall: 0.7999
[1m 87/150[0m [32m━━━━━━━━━━━[0m[37m━━━━━━━━━[0m [1m3:06[0m 3s/step - accuracy: 0.6593 - auc: 0.7323 - loss: 0.6688 - precision: 0.6262 - recall: 0.7999
[1m 88/150[0m [32m━━━━━━━━━━━[0m[37m━━━━━━━━━[0m [1m3:03[0m 3s/step - accuracy: 0.6594 - auc: 0.7325 - loss: 0.6686 - precision: 0.6263 - recall: 0.7999
[1m 89/150[0m [32m━━━━━━━━━━━[0m[37m━━━━━━━━━[0m [1m3:00[0m 3s/step - accuracy: 0.6596 - auc: 0.7326 - loss: 0.6685 - precision: 0.6264 - recall: 0.8000
[1m 90/150[0m [32m━━━━━━━━━━━━[0m[37m━━━━━━━━[0m [1m2:57[0m 3s/step - accuracy: 0.6597 - auc: 0.7327 - loss: 0.6684 - precision: 0.6266 - recall: 0.8000
[1m 91/150[0m [32m━━━━━━━━━━━━[0m[37m━━━━━━━━[0m [1m2:55[0m 3s/step - accuracy: 0.6599 - auc: 0.7329 - loss: 0.6683 - precision: 0.6267 - recall: 0.8001
[1m 92/150[0m [32m━━━━━━━━━━━━[0m[37m━━━━━━━━[0m [1m2:52[0m 3s/step - accuracy: 0.6600 - auc: 0.7330 - loss: 0.6682 - precision: 0.6268 - recall: 0.8001
[1m 93/150[0m [32m━━━━━━━━━━━━[0m[37m━━━━━━━━[0m [1m2:49[0m 3s/step - accuracy: 0.6601 - auc: 0.7331 - loss: 0.6681 - precision: 0.6269 - recall: 0.8001
[1m 94/150[0m [32m━━━━━━━━━━━━[0m[37m━━━━━━━━[0m [1m2:46[0m 3s/step - accuracy: 0.6603 - auc: 0.7332 - loss: 0.6681 - precision: 0.6270 - recall: 0.8002
[1m 95/150[0m [32m━━━━━━━━━━━━[0m[37m━━━━━━━━[0m [1m2:43[0m 3s/step - accuracy: 0.6604 - auc: 0.7333 - loss: 0.6680 - precision: 0.6271 - recall: 0.8002
[1m 96/150[0m [32m━━━━━━━━━━━━[0m[37m━━━━━━━━[0m [1m2:41[0m 3s/step - accuracy: 0.6605 - auc: 0.7334 - loss: 0.6679 - precision: 0.6272 - recall: 0.8002
[1m 97/150[0m [32m━━━━━━━━━━━━[0m[37m━━━━━━━━[0m [1m2:38[0m 3s/step - accuracy: 0.6606 - auc: 0.7335 - loss: 0.6679 - precision: 0.6273 - recall: 0.8003
[1m 98/150[0m [32m━━━━━━━━━━━━━[0m[37m━━━━━━━[0m [1m2:35[0m 3s/step - accuracy: 0.6607 - auc: 0.7336 - loss: 0.6678 - precision: 0.6274 - recall: 0.8003
[1m 99/150[0m [32m━━━━━━━━━━━━━[0m[37m━━━━━━━[0m [1m2:32[0m 3s/step - accuracy: 0.6608 - auc: 0.7337 - loss: 0.6677 - precision: 0.6275 - recall: 0.8003
[1m100/150[0m [32m━━━━━━━━━━━━━[0m[37m━━━━━━━[0m [1m2:29[0m 3s/step - accuracy: 0.6609 - auc: 0.7338 - loss: 0.6676 - precision: 0.6276 - recall: 0.8003
[1m101/150[0m [32m━━━━━━━━━━━━━[0m[37m━━━━━━━[0m [1m2:26[0m 3s/step - accuracy: 0.6610 - auc: 0.7339 - loss: 0.6676 - precision: 0.6276 - recall: 0.8004
[1m102/150[0m [32m━━━━━━━━━━━━━[0m[37m━━━━━━━[0m [1m2:24[0m 3s/step - accuracy: 0.6611 - auc: 0.7340 - loss: 0.6675 - precision: 0.6277 - recall: 0.8004
[1m103/150[0m [32m━━━━━━━━━━━━━[0m[37m━━━━━━━[0m [1m2:21[0m 3s/step - accuracy: 0.6612 - auc: 0.7341 - loss: 0.6674 - precision: 0.6278 - recall: 0.8004
[1m104/150[0m [32m━━━━━━━━━━━━━[0m[37m━━━━━━━[0m [1m2:18[0m 3s/step - accuracy: 0.6613 - auc: 0.7342 - loss: 0.6673 - precision: 0.6279 - recall: 0.8005
[1m105/150[0m [32m━━━━━━━━━━━━━━[0m[37m━━━━━━[0m [1m2:15[0m 3s/step - accuracy: 0.6615 - auc: 0.7343 - loss: 0.6673 - precision: 0.6280 - recall: 0.8005
[1m106/150[0m [32m━━━━━━━━━━━━━━[0m[37m━━━━━━[0m [1m2:13[0m 3s/step - accuracy: 0.6616 - auc: 0.7344 - loss: 0.6672 - precision: 0.6281 - recall: 0.8005
[1m107/150[0m [32m━━━━━━━━━━━━━━[0m[37m━━━━━━[0m [1m2:10[0m 3s/step - accuracy: 0.6617 - auc: 0.7344 - loss: 0.6671 - precision: 0.6282 - recall: 0.8005
[1m108/150[0m [32m━━━━━━━━━━━━━━[0m[37m━━━━━━[0m [1m2:07[0m 3s/step - accuracy: 0.6618 - auc: 0.7345 - loss: 0.6670 - precision: 0.6282 - recall: 0.8005
[1m109/150[0m [32m━━━━━━━━━━━━━━[0m[37m━━━━━━[0m [1m2:04[0m 3s/step - accuracy: 0.6619 - auc: 0.7346 - loss: 0.6670 - precision: 0.6283 - recall: 0.8006
[1m110/150[0m [32m━━━━━━━━━━━━━━[0m[37m━━━━━━[0m [1m2:01[0m 3s/step - accuracy: 0.6620 - auc: 0.7347 - loss: 0.6669 - precision: 0.6284 - recall: 0.8006
[1m111/150[0m [32m━━━━━━━━━━━━━━[0m[37m━━━━━━[0m [1m1:58[0m 3s/step - accuracy: 0.6621 - auc: 0.7348 - loss: 0.6668 - precision: 0.6285 - recall: 0.8006
[1m112/150[0m [32m━━━━━━━━━━━━━━[0m[37m━━━━━━[0m [1m1:55[0m 3s/step - accuracy: 0.6622 - auc: 0.7349 - loss: 0.6668 - precision: 0.6286 - recall: 0.8007
[1m113/150[0m [32m━━━━━━━━━━━━━━━[0m[37m━━━━━[0m [1m1:52[0m 3s/step - accuracy: 0.6623 - auc: 0.7349 - loss: 0.6667 - precision: 0.6287 - recall: 0.8007
[1m114/150[0m [32m━━━━━━━━━━━━━━━[0m[37m━━━━━[0m [1m1:49[0m 3s/step - accuracy: 0.6624 - auc: 0.7350 - loss: 0.6666 - precision: 0.6287 - recall: 0.8007
[1m115/150[0m [32m━━━━━━━━━━━━━━━[0m[37m━━━━━[0m [1m1:46[0m 3s/step - accuracy: 0.6625 - auc: 0.7351 - loss: 0.6666 - precision: 0.6288 - recall: 0.8007
[1m116/150[0m [32m━━━━━━━━━━━━━━━[0m[37m━━━━━[0m [1m1:43[0m 3s/step - accuracy: 0.6626 - auc: 0.7352 - loss: 0.6665 - precision: 0.6289 - recall: 0.8008
[1m117/150[0m [32m━━━━━━━━━━━━━━━[0m[37m━━━━━[0m [1m1:40[0m 3s/step - accuracy: 0.6627 - auc: 0.7353 - loss: 0.6664 - precision: 0.6290 - recall: 0.8008
[1m118/150[0m [32m━━━━━━━━━━━━━━━[0m[37m━━━━━[0m [1m1:37[0m 3s/step - accuracy: 0.6628 - auc: 0.7353 - loss: 0.6664 - precision: 0.6290 - recall: 0.8008
[1m119/150[0m [32m━━━━━━━━━━━━━━━[0m[37m━━━━━[0m [1m1:34[0m 3s/step - accuracy: 0.6629 - auc: 0.7354 - loss: 0.6663 - precision: 0.6291 - recall: 0.8008
[1m120/150[0m [32m━━━━━━━━━━━━━━━━[0m[37m━━━━[0m [1m1:31[0m 3s/step - accuracy: 0.6630 - auc: 0.7355 - loss: 0.6662 - precision: 0.6292 - recall: 0.8009
[1m121/150[0m [32m━━━━━━━━━━━━━━━━[0m[37m━━━━[0m [1m1:28[0m 3s/step - accuracy: 0.6631 - auc: 0.7356 - loss: 0.6661 - precision: 0.6293 - recall: 0.8009
[1m122/150[0m [32m━━━━━━━━━━━━━━━━[0m[37m━━━━[0m [1m1:24[0m 3s/step - accuracy: 0.6632 - auc: 0.7357 - loss: 0.6661 - precision: 0.6293 - recall: 0.8009
[1m123/150[0m [32m━━━━━━━━━━━━━━━━[0m[37m━━━━[0m [1m1:21[0m 3s/step - accuracy: 0.6633 - auc: 0.7358 - loss: 0.6660 - precision: 0.6294 - recall: 0.8010
[1m124/150[0m [32m━━━━━━━━━━━━━━━━[0m[37m━━━━[0m [1m1:17[0m 3s/step - accuracy: 0.6633 - auc: 0.7359 - loss: 0.6659 - precision: 0.6295 - recall: 0.8010
[1m125/150[0m [32m━━━━━━━━━━━━━━━━[0m[37m━━━━[0m [1m1:14[0m 3s/step - accuracy: 0.6634 - auc: 0.7360 - loss: 0.6658 - precision: 0.6296 - recall: 0.8010
[1m126/150[0m [32m━━━━━━━━━━━━━━━━[0m[37m━━━━[0m [1m1:11[0m 3s/step - accuracy: 0.6635 - auc: 0.7360 - loss: 0.6658 - precision: 0.6296 - recall: 0.8010
[1m127/150[0m [32m━━━━━━━━━━━━━━━━[0m[37m━━━━[0m [1m1:08[0m 3s/step - accuracy: 0.6636 - auc: 0.7361 - loss: 0.6657 - precision: 0.6297 - recall: 0.8011
[1m128/150[0m [32m━━━━━━━━━━━━━━━━━[0m[37m━━━[0m [1m1:04[0m 3s/step - accuracy: 0.6637 - auc: 0.7362 - loss: 0.6656 - precision: 0.6298 - recall: 0.8011
[1m129/150[0m [32m━━━━━━━━━━━━━━━━━[0m[37m━━━[0m [1m1:01[0m 3s/step - accuracy: 0.6638 - auc: 0.7363 - loss: 0.6656 - precision: 0.6298 - recall: 0.8011
[1m130/150[0m [32m━━━━━━━━━━━━━━━━━[0m[37m━━━[0m [1m58s[0m 3s/step - accuracy: 0.6639 - auc: 0.7364 - loss: 0.6655 - precision: 0.6299 - recall: 0.8011 
[1m131/150[0m [32m━━━━━━━━━━━━━━━━━[0m[37m━━━[0m [1m55s[0m 3s/step - accuracy: 0.6640 - auc: 0.7364 - loss: 0.6655 - precision: 0.6299 - recall: 0.8011
[1m132/150[0m [32m━━━━━━━━━━━━━━━━━[0m[37m━━━[0m [1m52s[0m 3s/step - accuracy: 0.6640 - auc: 0.7365 - loss: 0.6654 - precision: 0.6300 - recall: 0.8012
[1m133/150[0m [32m━━━━━━━━━━━━━━━━━[0m[37m━━━[0m [1m49s[0m 3s/step - accuracy: 0.6641 - auc: 0.7366 - loss: 0.6653 - precision: 0.6301 - recall: 0.8012
[1m134/150[0m [32m━━━━━━━━━━━━━━━━━[0m[37m━━━[0m [1m45s[0m 3s/step - accuracy: 0.6642 - auc: 0.7367 - loss: 0.6653 - precision: 0.6301 - recall: 0.8012
[1m135/150[0m [32m━━━━━━━━━━━━━━━━━━[0m[37m━━[0m [1m42s[0m 3s/step - accuracy: 0.6643 - auc: 0.7367 - loss: 0.6652 - precision: 0.6302 - recall: 0.8013
[1m136/150[0m [32m━━━━━━━━━━━━━━━━━━[0m[37m━━[0m [1m39s[0m 3s/step - accuracy: 0.6643 - auc: 0.7368 - loss: 0.6652 - precision: 0.6302 - recall: 0.8013
[1m137/150[0m [32m━━━━━━━━━━━━━━━━━━[0m[37m━━[0m [1m36s[0m 3s/step - accuracy: 0.6644 - auc: 0.7369 - loss: 0.6651 - precision: 0.6303 - recall: 0.8013
[1m138/150[0m [32m━━━━━━━━━━━━━━━━━━[0m[37m━━[0m [1m33s[0m 3s/step - accuracy: 0.6645 - auc: 0.7370 - loss: 0.6650 - precision: 0.6303 - recall: 0.8013
[1m139/150[0m [32m━━━━━━━━━━━━━━━━━━[0m[37m━━[0m [1m30s[0m 3s/step - accuracy: 0.6645 - auc: 0.7370 - loss: 0.6650 - precision: 0.6304 - recall: 0.8014
[1m140/150[0m [32m━━━━━━━━━━━━━━━━━━[0m[37m━━[0m [1m28s[0m 3s/step - accuracy: 0.6646 - auc: 0.7371 - loss: 0.6649 - precision: 0.6304 - recall: 0.8014
[1m141/150[0m [32m━━━━━━━━━━━━━━━━━━[0m[37m━━[0m [1m25s[0m 3s/step - accuracy: 0.6646 - auc: 0.7372 - loss: 0.6649 - precision: 0.6305 - recall: 0.8014
[1m142/150[0m [32m━━━━━━━━━━━━━━━━━━[0m[37m━━[0m [1m22s[0m 3s/step - accuracy: 0.6647 - auc: 0.7372 - loss: 0.6648 - precision: 0.6305 - recall: 0.8014
[1m143/150[0m [32m━━━━━━━━━━━━━━━━━━━[0m[37m━[0m [1m19s[0m 3s/step - accuracy: 0.6647 - auc: 0.7373 - loss: 0.6648 - precision: 0.6305 - recall: 0.8014
[1m144/150[0m [32m━━━━━━━━━━━━━━━━━━━[0m[37m━[0m [1m16s[0m 3s/step - accuracy: 0.6648 - auc: 0.7373 - loss: 0.6647 - precision: 0.6306 - recall: 0.8014
[1m145/150[0m [32m━━━━━━━━━━━━━━━━━━━[0m[37m━[0m [1m13s[0m 3s/step - accuracy: 0.6649 - auc: 0.7374 - loss: 0.6647 - precision: 0.6306 - recall: 0.80152026-06-17 07:52:23.009509: I tensorflow/core/kernels/data/shuffle_dataset_op.cc:453] ShuffleDatasetV3:4: Filling up shuffle buffer (this may take a while): 991 of 1024
2026-06-17 07:52:23.341258: I tensorflow/core/kernels/data/shuffle_dataset_op.cc:483] Shuffle buffer filled.

[1m146/150[0m [32m━━━━━━━━━━━━━━━━━━━[0m[37m━[0m [1m10s[0m 3s/step - accuracy: 0.6649 - auc: 0.7375 - loss: 0.6646 - precision: 0.6307 - recall: 0.8015
[1m147/150[0m [32m━━━━━━━━━━━━━━━━━━━[0m[37m━[0m [1m8s[0m 3s/step - accuracy: 0.6650 - auc: 0.7376 - loss: 0.6646 - precision: 0.6307 - recall: 0.8015 
[1m148/150[0m [32m━━━━━━━━━━━━━━━━━━━[0m[37m━[0m [1m5s[0m 3s/step - accuracy: 0.6650 - auc: 0.7376 - loss: 0.6645 - precision: 0.6307 - recall: 0.8015
[1m149/150[0m [32m━━━━━━━━━━━━━━━━━━━[0m[37m━[0m [1m2s[0m 3s/step - accuracy: 0.6651 - auc: 0.7377 - loss: 0.6644 - precision: 0.6308 - recall: 0.8015
[1m150/150[0m [32m━━━━━━━━━━━━━━━━━━━━[0m[37m[0m [1m0s[0m 3s/step - accuracy: 0.6651 - auc: 0.7377 - loss: 0.6644 - precision: 0.6308 - recall: 0.8015
Epoch 5: val_auc did not improve from 0.68902

[1m150/150[0m [32m━━━━━━━━━━━━━━━━━━━━[0m[37m[0m [1m423s[0m 3s/step - accuracy: 0.6719 - auc: 0.7461 - loss: 0.6572 - precision: 0.6363 - recall: 0.7989 - val_accuracy: 0.5635 - val_auc: 0.6027 - val_loss: 0.7268 - val_precision: 0.5565 - val_recall: 0.6522 - learning_rate: 1.0000e-04
Epoch 6/30

[1m  1/150[0m [37m━━━━━━━━━━━━━━━━━━━━[0m [1m4:20[0m 2s/step - accuracy: 0.6875 - auc: 0.7402 - loss: 0.7051 - precision: 0.7838 - recall: 0.7073
[1m  2/150[0m [37m━━━━━━━━━━━━━━━━━━━━[0m [1m5:09[0m 2s/step - accuracy: 0.6992 - auc: 0.7582 - loss: 0.6805 - precision: 0.7800 - recall: 0.7050
[1m  3/150[0m [37m━━━━━━━━━━━━━━━━━━━━[0m [1m4:52[0m 2s/step - accuracy: 0.7023 - auc: 0.7559 - loss: 0.6814 - precision: 0.7633 - recall: 0.7086
[1m  4/150[0m [37m━━━━━━━━━━━━━━━━━━━━[0m [1m4:48[0m 2s/step - accuracy: 0.7015 - auc: 0.7552 - loss: 0.6797 - precision: 0.7581 - recall: 0.7080
[1m  5/150[0m [37m━━━━━━━━━━━━━━━━━━━━[0m [1m4:47[0m 2s/step - accuracy: 0.7043 - auc: 0.7589 - loss: 0.6744 - precision: 0.7542 - recall: 0.7132
[1m  6/150[0m [37m━━━━━━━━━━━━━━━━━━━━[0m [1m4:44[0m 2s/step - accuracy: 0.7059 - auc: 0.7604 - loss: 0.6708 - precision: 0.7479 - recall: 0.7208
[1m  7/150[0m [37m━━━━━━━━━━━━━━━━━━━━[0m [1m4:44[0m 2s/step - accuracy: 0.7080 - auc: 0.7633 - loss: 0.6664 - precision: 0.7446 - recall: 0.7271
[1m  8/150[0m [32m━[0m[37m━━━━━━━━━━━━━━━━━━━[0m [1m4:45[0m 2s/step - accuracy: 0.7094 - auc: 0.7654 - loss: 0.6629 - precision: 0.7407 - recall: 0.7320
[1m  9/150[0m [32m━[0m[37m━━━━━━━━━━━━━━━━━━━[0m [1m4:45[0m 2s/step - accuracy: 0.7106 - auc: 0.7667 - loss: 0.6605 - precision: 0.7371 - recall: 0.7376
[1m 10/150[0m [32m━[0m[37m━━━━━━━━━━━━━━━━━━━[0m [1m4:44[0m 2s/step - accuracy: 0.7105 - auc: 0.7673 - loss: 0.6586 - precision: 0.7324 - recall: 0.7414
[1m 11/150[0m [32m━[0m[37m━━━━━━━━━━━━━━━━━━━[0m [1m4:43[0m 2s/step - accuracy: 0.7105 - auc: 0.7678 - loss: 0.6570 - precision: 0.7282 - recall: 0.7455
[1m 12/150[0m [32m━[0m[37m━━━━━━━━━━━━━━━━━━━[0m [1m4:43[0m 2s/step - accuracy: 0.7101 - auc: 0.7682 - loss: 0.6556 - precision: 0.7246 - recall: 0.7483
[1m 13/150[0m [32m━[0m[37m━━━━━━━━━━━━━━━━━━━[0m [1m4:42[0m 2s/step - accuracy: 0.7092 - auc: 0.7677 - loss: 0.6549 - precision: 0.7212 - recall: 0.7505
[1m 14/150[0m [32m━[0m[37m━━━━━━━━━━━━━━━━━━━[0m [1m4:41[0m 2s/step - accuracy: 0.7081 - auc: 0.7671 - loss: 0.6546 - precision: 0.7177 - recall: 0.7525
[1m 15/150[0m [32m━━[0m[37m━━━━━━━━━━━━━━━━━━[0m [1m4:40[0m 2s/step - accuracy: 0.7071 - auc: 0.7666 - loss: 0.6545 - precision: 0.7145 - recall: 0.7542
[1m 16/150[0m [32m━━[0m[37m━━━━━━━━━━━━━━━━━━[0m [1m4:39[0m 2s/step - accuracy: 0.7059 - auc: 0.7659 - loss: 0.6544 - precision: 0.7115 - recall: 0.7555
[1m 17/150[0m [32m━━[0m[37m━━━━━━━━━━━━━━━━━━[0m [1m4:37[0m 2s/step - accuracy: 0.7048 - auc: 0.7654 - loss: 0.6542 - precision: 0.7087 - recall: 0.7566
[1m 18/150[0m [32m━━[0m[37m━━━━━━━━━━━━━━━━━━[0m [1m4:36[0m 2s/step - accuracy: 0.7041 - auc: 0.7651 - loss: 0.6538 - precision: 0.7065 - recall: 0.7578
[1m 19/150[0m [32m━━[0m[37m━━━━━━━━━━━━━━━━━━[0m [1m4:35[0m 2s/step - accuracy: 0.7035 - auc: 0.7651 - loss: 0.6533 - precision: 0.7045 - recall: 0.7591
[1m 20/150[0m [32m━━[0m[37m━━━━━━━━━━━━━━━━━━[0m [1m4:34[0m 2s/step - accuracy: 0.7030 - auc: 0.7651 - loss: 0.6528 - precision: 0.7027 - recall: 0.7603
[1m 21/150[0m [32m━━[0m[37m━━━━━━━━━━━━━━━━━━[0m [1m4:33[0m 2s/step - accuracy: 0.7026 - auc: 0.7652 - loss: 0.6523 - precision: 0.7008 - recall: 0.7615
[1m 22/150[0m [32m━━[0m[37m━━━━━━━━━━━━━━━━━━[0m [1m4:32[0m 2s/step - accuracy: 0.7024 - auc: 0.7655 - loss: 0.6517 - precision: 0.6994 - recall: 0.7628
[1m 23/150[0m [32m━━━[0m[37m━━━━━━━━━━━━━━━━━[0m [1m4:30[0m 2s/step - accuracy: 0.7024 - auc: 0.7659 - loss: 0.6510 - precision: 0.6984 - recall: 0.7638
[1m 24/150[0m [32m━━━[0m[37m━━━━━━━━━━━━━━━━━[0m [1m4:29[0m 2s/step - accuracy: 0.7025 - auc: 0.7664 - loss: 0.6503 - precision: 0.6975 - recall: 0.7649
[1m 25/150[0m [32m━━━[0m[37m━━━━━━━━━━━━━━━━━[0m [1m4:28[0m 2s/step - accuracy: 0.7027 - auc: 0.7669 - loss: 0.6496 - precision: 0.6969 - recall: 0.7659
[1m 26/150[0m [32m━━━[0m[37m━━━━━━━━━━━━━━━━━[0m [1m4:27[0m 2s/step - accuracy: 0.7028 - auc: 0.7673 - loss: 0.6490 - precision: 0.6965 - recall: 0.7666
[1m 27/150[0m [32m━━━[0m[37m━━━━━━━━━━━━━━━━━[0m [1m4:26[0m 2s/step - accuracy: 0.7028 - auc: 0.7676 - loss: 0.6485 - precision: 0.6959 - recall: 0.7672
[1m 28/150[0m [32m━━━[0m[37m━━━━━━━━━━━━━━━━━[0m [1m4:24[0m 2s/step - accuracy: 0.7031 - auc: 0.7681 - loss: 0.6478 - precision: 0.6955 - recall: 0.7679
[1m 29/150[0m [32m━━━[0m[37m━━━━━━━━━━━━━━━━━[0m [1m4:23[0m 2s/step - accuracy: 0.7033 - auc: 0.7685 - loss: 0.6472 - precision: 0.6952 - recall: 0.7684
[1m 30/150[0m [32m━━━━[0m[37m━━━━━━━━━━━━━━━━[0m [1m4:22[0m 2s/step - accuracy: 0.7033 - auc: 0.7687 - loss: 0.6467 - precision: 0.6946 - recall: 0.7689
[1m 31/150[0m [32m━━━━[0m[37m━━━━━━━━━━━━━━━━[0m [1m4:20[0m 2s/step - accuracy: 0.7034 - auc: 0.7690 - loss: 0.6463 - precision: 0.6940 - recall: 0.7693
[1m 32/150[0m [32m━━━━[0m[37m━━━━━━━━━━━━━━━━[0m [1m4:18[0m 2s/step - accuracy: 0.7035 - auc: 0.7692 - loss: 0.6460 - precision: 0.6936 - recall: 0.7697
[1m 33/150[0m [32m━━━━[0m[37m━━━━━━━━━━━━━━━━[0m [1m4:17[0m 2s/step - accuracy: 0.7036 - auc: 0.7695 - loss: 0.6455 - precision: 0.6932 - recall: 0.7701
[1m 34/150[0m [32m━━━━[0m[37m━━━━━━━━━━━━━━━━[0m [1m4:15[0m 2s/step - accuracy: 0.7037 - auc: 0.7698 - loss: 0.6451 - precision: 0.6928 - recall: 0.7705
[1m 35/150[0m [32m━━━━[0m[37m━━━━━━━━━━━━━━━━[0m [1m4:11[0m 2s/step - accuracy: 0.7037 - auc: 0.7701 - loss: 0.6447 - precision: 0.6924 - recall: 0.7709
[1m 36/150[0m [32m━━━━[0m[37m━━━━━━━━━━━━━━━━[0m [1m4:07[0m 2s/step - accuracy: 0.7039 - auc: 0.7704 - loss: 0.6443 - precision: 0.6921 - recall: 0.7713
[1m 37/150[0m [32m━━━━[0m[37m━━━━━━━━━━━━━━━━[0m [1m4:04[0m 2s/step - accuracy: 0.7040 - auc: 0.7707 - loss: 0.6439 - precision: 0.6918 - recall: 0.7718
[1m 38/150[0m [32m━━━━━[0m[37m━━━━━━━━━━━━━━━[0m [1m4:00[0m 2s/step - accuracy: 0.7040 - auc: 0.7710 - loss: 0.6435 - precision: 0.6913 - recall: 0.7722
[1m 39/150[0m [32m━━━━━[0m[37m━━━━━━━━━━━━━━━[0m [1m3:57[0m 2s/step - accuracy: 0.7040 - auc: 0.7712 - loss: 0.6432 - precision: 0.6910 - recall: 0.7725
[1m 40/150[0m [32m━━━━━[0m[37m━━━━━━━━━━━━━━━[0m [1m3:53[0m 2s/step - accuracy: 0.7040 - auc: 0.7713 - loss: 0.6430 - precision: 0.6906 - recall: 0.7728
[1m 41/150[0m [32m━━━━━[0m[37m━━━━━━━━━━━━━━━[0m [1m3:50[0m 2s/step - accuracy: 0.7039 - auc: 0.7714 - loss: 0.6428 - precision: 0.6902 - recall: 0.7729
[1m 42/150[0m [32m━━━━━[0m[37m━━━━━━━━━━━━━━━[0m [1m3:46[0m 2s/step - accuracy: 0.7039 - auc: 0.7715 - loss: 0.6425 - precision: 0.6899 - recall: 0.7731
[1m 43/150[0m [32m━━━━━[0m[37m━━━━━━━━━━━━━━━[0m [1m3:43[0m 2s/step - accuracy: 0.7038 - auc: 0.7716 - loss: 0.6423 - precision: 0.6896 - recall: 0.7733
[1m 44/150[0m [32m━━━━━[0m[37m━━━━━━━━━━━━━━━[0m [1m3:40[0m 2s/step - accuracy: 0.7038 - auc: 0.7718 - loss: 0.6421 - precision: 0.6893 - recall: 0.7736
[1m 45/150[0m [32m━━━━━━[0m[37m━━━━━━━━━━━━━━[0m [1m3:36[0m 2s/step - accuracy: 0.7038 - auc: 0.7719 - loss: 0.6418 - precision: 0.6890 - recall: 0.7739
[1m 46/150[0m [32m━━━━━━[0m[37m━━━━━━━━━━━━━━[0m [1m3:33[0m 2s/step - accuracy: 0.7038 - auc: 0.7720 - loss: 0.6416 - precision: 0.6887 - recall: 0.7741
[1m 47/150[0m [32m━━━━━━[0m[37m━━━━━━━━━━━━━━[0m [1m3:30[0m 2s/step - accuracy: 0.7037 - auc: 0.7721 - loss: 0.6414 - precision: 0.6883 - recall: 0.7743
[1m 48/150[0m [32m━━━━━━[0m[37m━━━━━━━━━━━━━━[0m [1m3:27[0m 2s/step - accuracy: 0.7036 - auc: 0.7721 - loss: 0.6412 - precision: 0.6879 - recall: 0.7745
[1m 49/150[0m [32m━━━━━━[0m[37m━━━━━━━━━━━━━━[0m [1m3:24[0m 2s/step - accuracy: 0.7035 - auc: 0.7722 - loss: 0.6410 - precision: 0.6875 - recall: 0.7747
[1m 50/150[0m [32m━━━━━━[0m[37m━━━━━━━━━━━━━━[0m [1m3:21[0m 2s/step - accuracy: 0.7034 - auc: 0.7722 - loss: 0.6409 - precision: 0.6871 - recall: 0.7750
[1m 51/150[0m [32m━━━━━━[0m[37m━━━━━━━━━━━━━━[0m [1m3:18[0m 2s/step - accuracy: 0.7034 - auc: 0.7722 - loss: 0.6407 - precision: 0.6868 - recall: 0.7753
[1m 52/150[0m [32m━━━━━━[0m[37m━━━━━━━━━━━━━━[0m [1m3:15[0m 2s/step - accuracy: 0.7033 - auc: 0.7722 - loss: 0.6406 - precision: 0.6864 - recall: 0.7755
[1m 53/150[0m [32m━━━━━━━[0m[37m━━━━━━━━━━━━━[0m [1m3:13[0m 2s/step - accuracy: 0.7032 - auc: 0.7722 - loss: 0.6405 - precision: 0.6862 - recall: 0.7757
[1m 54/150[0m [32m━━━━━━━[0m[37m━━━━━━━━━━━━━[0m [1m3:10[0m 2s/step - accuracy: 0.7032 - auc: 0.7723 - loss: 0.6404 - precision: 0.6859 - recall: 0.7760
[1m 55/150[0m [32m━━━━━━━[0m[37m━━━━━━━━━━━━━[0m [1m3:08[0m 2s/step - accuracy: 0.7031 - auc: 0.7723 - loss: 0.6403 - precision: 0.6856 - recall: 0.7762
[1m 56/150[0m [32m━━━━━━━[0m[37m━━━━━━━━━━━━━[0m [1m3:05[0m 2s/step - accuracy: 0.7031 - auc: 0.7723 - loss: 0.6403 - precision: 0.6853 - recall: 0.7764
[1m 57/150[0m [32m━━━━━━━[0m[37m━━━━━━━━━━━━━[0m [1m3:03[0m 2s/step - accuracy: 0.7030 - auc: 0.7723 - loss: 0.6402 - precision: 0.6850 - recall: 0.7767
[1m 58/150[0m [32m━━━━━━━[0m[37m━━━━━━━━━━━━━[0m [1m3:00[0m 2s/step - accuracy: 0.7030 - auc: 0.7723 - loss: 0.6401 - precision: 0.6847 - recall: 0.7770
[1m 59/150[0m [32m━━━━━━━[0m[37m━━━━━━━━━━━━━[0m [1m2:57[0m 2s/step - accuracy: 0.7029 - auc: 0.7723 - loss: 0.6400 - precision: 0.6844 - recall: 0.7772
[1m 60/150[0m [32m━━━━━━━━[0m[37m━━━━━━━━━━━━[0m [1m2:55[0m 2s/step - accuracy: 0.7029 - auc: 0.7723 - loss: 0.6399 - precision: 0.6842 - recall: 0.7775
[1m 61/150[0m [32m━━━━━━━━[0m[37m━━━━━━━━━━━━[0m [1m2:53[0m 2s/step - accuracy: 0.7028 - auc: 0.7724 - loss: 0.6398 - precision: 0.6839 - recall: 0.7778
[1m 62/150[0m [32m━━━━━━━━[0m[37m━━━━━━━━━━━━[0m [1m2:51[0m 2s/step - accuracy: 0.7028 - auc: 0.7724 - loss: 0.6398 - precision: 0.6836 - recall: 0.7780
[1m 63/150[0m [32m━━━━━━━━[0m[37m━━━━━━━━━━━━[0m [1m2:48[0m 2s/step - accuracy: 0.7027 - auc: 0.7723 - loss: 0.6397 - precision: 0.6833 - recall: 0.7783
[1m 64/150[0m [32m━━━━━━━━[0m[37m━━━━━━━━━━━━[0m [1m2:46[0m 2s/step - accuracy: 0.7026 - auc: 0.7723 - loss: 0.6397 - precision: 0.6830 - recall: 0.7784
[1m 65/150[0m [32m━━━━━━━━[0m[37m━━━━━━━━━━━━[0m [1m2:44[0m 2s/step - accuracy: 0.7026 - auc: 0.7723 - loss: 0.6397 - precision: 0.6828 - recall: 0.7786
[1m 66/150[0m [32m━━━━━━━━[0m[37m━━━━━━━━━━━━[0m [1m2:42[0m 2s/step - accuracy: 0.7025 - auc: 0.7723 - loss: 0.6397 - precision: 0.6826 - recall: 0.7788
[1m 67/150[0m [32m━━━━━━━━[0m[37m━━━━━━━━━━━━[0m [1m2:39[0m 2s/step - accuracy: 0.7025 - auc: 0.7722 - loss: 0.6396 - precision: 0.6824 - recall: 0.7789
[1m 68/150[0m [32m━━━━━━━━━[0m[37m━━━━━━━━━━━[0m [1m2:37[0m 2s/step - accuracy: 0.7024 - auc: 0.7722 - loss: 0.6396 - precision: 0.6822 - recall: 0.7790
[1m 69/150[0m [32m━━━━━━━━━[0m[37m━━━━━━━━━━━[0m [1m2:35[0m 2s/step - accuracy: 0.7024 - auc: 0.7722 - loss: 0.6396 - precision: 0.6821 - recall: 0.7792
[1m 70/150[0m [32m━━━━━━━━━[0m[37m━━━━━━━━━━━[0m [1m2:32[0m 2s/step - accuracy: 0.7023 - auc: 0.7722 - loss: 0.6396 - precision: 0.6819 - recall: 0.7793
[1m 71/150[0m [32m━━━━━━━━━[0m[37m━━━━━━━━━━━[0m [1m2:30[0m 2s/step - accuracy: 0.7023 - auc: 0.7722 - loss: 0.6395 - precision: 0.6818 - recall: 0.7794
[1m 72/150[0m [32m━━━━━━━━━[0m[37m━━━━━━━━━━━[0m [1m2:28[0m 2s/step - accuracy: 0.7022 - auc: 0.7721 - loss: 0.6395 - precision: 0.6816 - recall: 0.7795
[1m 73/150[0m [32m━━━━━━━━━[0m[37m━━━━━━━━━━━[0m [1m2:25[0m 2s/step - accuracy: 0.7022 - auc: 0.7721 - loss: 0.6395 - precision: 0.6815 - recall: 0.7796
[1m 74/150[0m [32m━━━━━━━━━[0m[37m━━━━━━━━━━━[0m [1m2:23[0m 2s/step - accuracy: 0.7021 - auc: 0.7721 - loss: 0.6395 - precision: 0.6813 - recall: 0.7797
[1m 75/150[0m [32m━━━━━━━━━━[0m[37m━━━━━━━━━━[0m [1m2:21[0m 2s/step - accuracy: 0.7021 - auc: 0.7721 - loss: 0.6394 - precision: 0.6811 - recall: 0.7798
[1m 76/150[0m [32m━━━━━━━━━━[0m[37m━━━━━━━━━━[0m [1m2:18[0m 2s/step - accuracy: 0.7020 - auc: 0.7721 - loss: 0.6394 - precision: 0.6810 - recall: 0.7800
[1m 77/150[0m [32m━━━━━━━━━━[0m[37m━━━━━━━━━━[0m [1m2:16[0m 2s/step - accuracy: 0.7019 - auc: 0.7720 - loss: 0.6394 - precision: 0.6808 - recall: 0.7801
[1m 78/150[0m [32m━━━━━━━━━━[0m[37m━━━━━━━━━━[0m [1m2:14[0m 2s/step - accuracy: 0.7019 - auc: 0.7720 - loss: 0.6394 - precision: 0.6806 - recall: 0.7802
[1m 79/150[0m [32m━━━━━━━━━━[0m[37m━━━━━━━━━━[0m [1m2:12[0m 2s/step - accuracy: 0.7018 - auc: 0.7720 - loss: 0.6393 - precision: 0.6805 - recall: 0.7803
[1m 80/150[0m [32m━━━━━━━━━━[0m[37m━━━━━━━━━━[0m [1m2:09[0m 2s/step - accuracy: 0.7017 - auc: 0.7720 - loss: 0.6393 - precision: 0.6803 - recall: 0.7804
[1m 81/150[0m [32m━━━━━━━━━━[0m[37m━━━━━━━━━━[0m [1m2:07[0m 2s/step - accuracy: 0.7016 - auc: 0.7719 - loss: 0.6393 - precision: 0.6801 - recall: 0.7805
[1m 82/150[0m [32m━━━━━━━━━━[0m[37m━━━━━━━━━━[0m [1m2:05[0m 2s/step - accuracy: 0.7015 - auc: 0.7719 - loss: 0.6393 - precision: 0.6799 - recall: 0.7806
[1m 83/150[0m [32m━━━━━━━━━━━[0m[37m━━━━━━━━━[0m [1m2:03[0m 2s/step - accuracy: 0.7014 - auc: 0.7719 - loss: 0.6393 - precision: 0.6798 - recall: 0.7807
[1m 84/150[0m [32m━━━━━━━━━━━[0m[37m━━━━━━━━━[0m [1m2:01[0m 2s/step - accuracy: 0.7014 - auc: 0.7718 - loss: 0.6393 - precision: 0.6796 - recall: 0.7808
[1m 85/150[0m [32m━━━━━━━━━━━[0m[37m━━━━━━━━━[0m [1m1:59[0m 2s/step - accuracy: 0.7013 - auc: 0.7718 - loss: 0.6393 - precision: 0.6795 - recall: 0.7809
[1m 86/150[0m [32m━━━━━━━━━━━[0m[37m━━━━━━━━━[0m [1m1:57[0m 2s/step - accuracy: 0.7012 - auc: 0.7718 - loss: 0.6393 - precision: 0.6793 - recall: 0.7810
[1m 87/150[0m [32m━━━━━━━━━━━[0m[37m━━━━━━━━━[0m [1m1:54[0m 2s/step - accuracy: 0.7012 - auc: 0.7718 - loss: 0.6392 - precision: 0.6792 - recall: 0.7811
[1m 88/150[0m [32m━━━━━━━━━━━[0m[37m━━━━━━━━━[0m [1m1:52[0m 2s/step - accuracy: 0.7011 - auc: 0.7718 - loss: 0.6392 - precision: 0.6791 - recall: 0.7812
[1m 89/150[0m [32m━━━━━━━━━━━[0m[37m━━━━━━━━━[0m [1m1:50[0m 2s/step - accuracy: 0.7011 - auc: 0.7718 - loss: 0.6392 - precision: 0.6789 - recall: 0.7813
[1m 90/150[0m [32m━━━━━━━━━━━━[0m[37m━━━━━━━━[0m [1m1:48[0m 2s/step - accuracy: 0.7010 - auc: 0.7717 - loss: 0.6392 - precision: 0.6788 - recall: 0.7814
[1m 91/150[0m [32m━━━━━━━━━━━━[0m[37m━━━━━━━━[0m [1m1:46[0m 2s/step - accuracy: 0.7009 - auc: 0.7717 - loss: 0.6392 - precision: 0.6787 - recall: 0.7815
[1m 92/150[0m [32m━━━━━━━━━━━━[0m[37m━━━━━━━━[0m [1m1:44[0m 2s/step - accuracy: 0.7009 - auc: 0.7717 - loss: 0.6392 - precision: 0.6785 - recall: 0.7816
[1m 93/150[0m [32m━━━━━━━━━━━━[0m[37m━━━━━━━━[0m [1m1:42[0m 2s/step - accuracy: 0.7008 - auc: 0.7716 - loss: 0.6392 - precision: 0.6784 - recall: 0.7817
[1m 94/150[0m [32m━━━━━━━━━━━━[0m[37m━━━━━━━━[0m [1m1:40[0m 2s/step - accuracy: 0.7007 - auc: 0.7716 - loss: 0.6392 - precision: 0.6782 - recall: 0.7819
[1m 95/150[0m [32m━━━━━━━━━━━━[0m[37m━━━━━━━━[0m [1m1:38[0m 2s/step - accuracy: 0.7007 - auc: 0.7716 - loss: 0.6392 - precision: 0.6781 - recall: 0.7819
[1m 96/150[0m [32m━━━━━━━━━━━━[0m[37m━━━━━━━━[0m [1m1:36[0m 2s/step - accuracy: 0.7006 - auc: 0.7715 - loss: 0.6392 - precision: 0.6779 - recall: 0.7820
[1m 97/150[0m [32m━━━━━━━━━━━━[0m[37m━━━━━━━━[0m [1m1:34[0m 2s/step - accuracy: 0.7005 - auc: 0.7715 - loss: 0.6392 - precision: 0.6777 - recall: 0.7821
[1m 98/150[0m [32m━━━━━━━━━━━━━[0m[37m━━━━━━━[0m [1m1:32[0m 2s/step - accuracy: 0.7004 - auc: 0.7715 - loss: 0.6392 - precision: 0.6776 - recall: 0.7822
[1m 99/150[0m [32m━━━━━━━━━━━━━[0m[37m━━━━━━━[0m [1m1:30[0m 2s/step - accuracy: 0.7004 - auc: 0.7714 - loss: 0.6392 - precision: 0.6774 - recall: 0.7823
[1m100/150[0m [32m━━━━━━━━━━━━━[0m[37m━━━━━━━[0m [1m1:28[0m 2s/step - accuracy: 0.7003 - auc: 0.7714 - loss: 0.6392 - precision: 0.6773 - recall: 0.7824
[1m101/150[0m [32m━━━━━━━━━━━━━[0m[37m━━━━━━━[0m [1m1:26[0m 2s/step - accuracy: 0.7003 - auc: 0.7714 - loss: 0.6392 - precision: 0.6771 - recall: 0.7825
[1m102/150[0m [32m━━━━━━━━━━━━━[0m[37m━━━━━━━[0m [1m1:24[0m 2s/step - accuracy: 0.7002 - auc: 0.7713 - loss: 0.6392 - precision: 0.6770 - recall: 0.7826
[1m103/150[0m [32m━━━━━━━━━━━━━[0m[37m━━━━━━━[0m [1m1:22[0m 2s/step - accuracy: 0.7001 - auc: 0.7713 - loss: 0.6393 - precision: 0.6768 - recall: 0.7826
[1m104/150[0m [32m━━━━━━━━━━━━━[0m[37m━━━━━━━[0m [1m1:20[0m 2s/step - accuracy: 0.7001 - auc: 0.7713 - loss: 0.6393 - precision: 0.6767 - recall: 0.7827
[1m105/150[0m [32m━━━━━━━━━━━━━━[0m[37m━━━━━━[0m [1m1:18[0m 2s/step - accuracy: 0.7000 - auc: 0.7712 - loss: 0.6393 - precision: 0.6766 - recall: 0.7828
[1m106/150[0m [32m━━━━━━━━━━━━━━[0m[37m━━━━━━[0m [1m1:16[0m 2s/step - accuracy: 0.7000 - auc: 0.7712 - loss: 0.6393 - precision: 0.6765 - recall: 0.7828
[1m107/150[0m [32m━━━━━━━━━━━━━━[0m[37m━━━━━━[0m [1m1:14[0m 2s/step - accuracy: 0.6999 - auc: 0.7712 - loss: 0.6393 - precision: 0.6764 - recall: 0.7829
[1m108/150[0m [32m━━━━━━━━━━━━━━[0m[37m━━━━━━[0m [1m1:12[0m 2s/step - accuracy: 0.6999 - auc: 0.7711 - loss: 0.6393 - precision: 0.6763 - recall: 0.7829
[1m109/150[0m [32m━━━━━━━━━━━━━━[0m[37m━━━━━━[0m [1m1:11[0m 2s/step - accuracy: 0.6998 - auc: 0.7711 - loss: 0.6393 - precision: 0.6762 - recall: 0.7830
[1m110/150[0m [32m━━━━━━━━━━━━━━[0m[37m━━━━━━[0m [1m1:09[0m 2s/step - accuracy: 0.6998 - auc: 0.7711 - loss: 0.6393 - precision: 0.6760 - recall: 0.7830
[1m111/150[0m [32m━━━━━━━━━━━━━━[0m[37m━━━━━━[0m [1m1:07[0m 2s/step - accuracy: 0.6997 - auc: 0.7711 - loss: 0.6393 - precision: 0.6759 - recall: 0.7831
[1m112/150[0m [32m━━━━━━━━━━━━━━[0m[37m━━━━━━[0m [1m1:05[0m 2s/step - accuracy: 0.6997 - auc: 0.7710 - loss: 0.6393 - precision: 0.6758 - recall: 0.7831
[1m113/150[0m [32m━━━━━━━━━━━━━━━[0m[37m━━━━━[0m [1m1:03[0m 2s/step - accuracy: 0.6996 - auc: 0.7710 - loss: 0.6394 - precision: 0.6757 - recall: 0.7831
[1m114/150[0m [32m━━━━━━━━━━━━━━━[0m[37m━━━━━[0m [1m1:02[0m 2s/step - accuracy: 0.6995 - auc: 0.7709 - loss: 0.6394 - precision: 0.6755 - recall: 0.7831
[1m115/150[0m [32m━━━━━━━━━━━━━━━[0m[37m━━━━━[0m [1m1:00[0m 2s/step - accuracy: 0.6995 - auc: 0.7709 - loss: 0.6394 - precision: 0.6754 - recall: 0.7832
[1m116/150[0m [32m━━━━━━━━━━━━━━━[0m[37m━━━━━[0m [1m58s[0m 2s/step - accuracy: 0.6994 - auc: 0.7709 - loss: 0.6394 - precision: 0.6753 - recall: 0.7832 
[1m117/150[0m [32m━━━━━━━━━━━━━━━[0m[37m━━━━━[0m [1m56s[0m 2s/step - accuracy: 0.6994 - auc: 0.7708 - loss: 0.6394 - precision: 0.6752 - recall: 0.7832
[1m118/150[0m [32m━━━━━━━━━━━━━━━[0m[37m━━━━━[0m [1m55s[0m 2s/step - accuracy: 0.6993 - auc: 0.7708 - loss: 0.6394 - precision: 0.6751 - recall: 0.7833
[1m119/150[0m [32m━━━━━━━━━━━━━━━[0m[37m━━━━━[0m [1m53s[0m 2s/step - accuracy: 0.6992 - auc: 0.7708 - loss: 0.6395 - precision: 0.6750 - recall: 0.7833
[1m120/150[0m [32m━━━━━━━━━━━━━━━━[0m[37m━━━━[0m [1m51s[0m 2s/step - accuracy: 0.6992 - auc: 0.7707 - loss: 0.6395 - precision: 0.6748 - recall: 0.7834
[1m121/150[0m [32m━━━━━━━━━━━━━━━━[0m[37m━━━━[0m [1m49s[0m 2s/step - accuracy: 0.6991 - auc: 0.7707 - loss: 0.6395 - precision: 0.6747 - recall: 0.7834
[1m122/150[0m [32m━━━━━━━━━━━━━━━━[0m[37m━━━━[0m [1m47s[0m 2s/step - accuracy: 0.6991 - auc: 0.7707 - loss: 0.6395 - precision: 0.6747 - recall: 0.7834
[1m123/150[0m [32m━━━━━━━━━━━━━━━━[0m[37m━━━━[0m [1m45s[0m 2s/step - accuracy: 0.6990 - auc: 0.7707 - loss: 0.6395 - precision: 0.6746 - recall: 0.7835
[1m124/150[0m [32m━━━━━━━━━━━━━━━━[0m[37m━━━━[0m [1m44s[0m 2s/step - accuracy: 0.6990 - auc: 0.7706 - loss: 0.6395 - precision: 0.6745 - recall: 0.7835
[1m125/150[0m [32m━━━━━━━━━━━━━━━━[0m[37m━━━━[0m [1m42s[0m 2s/step - accuracy: 0.6989 - auc: 0.7706 - loss: 0.6395 - precision: 0.6744 - recall: 0.7836
[1m126/150[0m [32m━━━━━━━━━━━━━━━━[0m[37m━━━━[0m [1m40s[0m 2s/step - accuracy: 0.6989 - auc: 0.7706 - loss: 0.6395 - precision: 0.6743 - recall: 0.7836
[1m127/150[0m [32m━━━━━━━━━━━━━━━━[0m[37m━━━━[0m [1m38s[0m 2s/step - accuracy: 0.6988 - auc: 0.7706 - loss: 0.6395 - precision: 0.6742 - recall: 0.7837
[1m128/150[0m [32m━━━━━━━━━━━━━━━━━[0m[37m━━━[0m [1m37s[0m 2s/step - accuracy: 0.6988 - auc: 0.7705 - loss: 0.6395 - precision: 0.6741 - recall: 0.7837
[1m129/150[0m [32m━━━━━━━━━━━━━━━━━[0m[37m━━━[0m [1m35s[0m 2s/step - accuracy: 0.6987 - auc: 0.7705 - loss: 0.6396 - precision: 0.6740 - recall: 0.7838
[1m130/150[0m [32m━━━━━━━━━━━━━━━━━[0m[37m━━━[0m [1m33s[0m 2s/step - accuracy: 0.6987 - auc: 0.7705 - loss: 0.6396 - precision: 0.6739 - recall: 0.7838
[1m131/150[0m [32m━━━━━━━━━━━━━━━━━[0m[37m━━━[0m [1m31s[0m 2s/step - accuracy: 0.6986 - auc: 0.7704 - loss: 0.6396 - precision: 0.6739 - recall: 0.7839
[1m132/150[0m [32m━━━━━━━━━━━━━━━━━[0m[37m━━━[0m [1m30s[0m 2s/step - accuracy: 0.6986 - auc: 0.7704 - loss: 0.6396 - precision: 0.6738 - recall: 0.7839
[1m133/150[0m [32m━━━━━━━━━━━━━━━━━[0m[37m━━━[0m [1m28s[0m 2s/step - accuracy: 0.6985 - auc: 0.7704 - loss: 0.6396 - precision: 0.6737 - recall: 0.7840
[1m134/150[0m [32m━━━━━━━━━━━━━━━━━[0m[37m━━━[0m [1m26s[0m 2s/step - accuracy: 0.6985 - auc: 0.7704 - loss: 0.6396 - precision: 0.6736 - recall: 0.7840
[1m135/150[0m [32m━━━━━━━━━━━━━━━━━━[0m[37m━━[0m [1m25s[0m 2s/step - accuracy: 0.6984 - auc: 0.7703 - loss: 0.6396 - precision: 0.6735 - recall: 0.7841
[1m136/150[0m [32m━━━━━━━━━━━━━━━━━━[0m[37m━━[0m [1m23s[0m 2s/step - accuracy: 0.6984 - auc: 0.7703 - loss: 0.6396 - precision: 0.6734 - recall: 0.7841
[1m137/150[0m [32m━━━━━━━━━━━━━━━━━━[0m[37m━━[0m [1m22s[0m 2s/step - accuracy: 0.6983 - auc: 0.7703 - loss: 0.6396 - precision: 0.6733 - recall: 0.7842
[1m138/150[0m [32m━━━━━━━━━━━━━━━━━━[0m[37m━━[0m [1m20s[0m 2s/step - accuracy: 0.6983 - auc: 0.7703 - loss: 0.6396 - precision: 0.6732 - recall: 0.7842
[1m139/150[0m [32m━━━━━━━━━━━━━━━━━━[0m[37m━━[0m [1m18s[0m 2s/step - accuracy: 0.6983 - auc: 0.7702 - loss: 0.6397 - precision: 0.6731 - recall: 0.7842
[1m140/150[0m [32m━━━━━━━━━━━━━━━━━━[0m[37m━━[0m [1m17s[0m 2s/step - accuracy: 0.6982 - auc: 0.7702 - loss: 0.6397 - precision: 0.6731 - recall: 0.7843
[1m141/150[0m [32m━━━━━━━━━━━━━━━━━━[0m[37m━━[0m [1m15s[0m 2s/step - accuracy: 0.6982 - auc: 0.7702 - loss: 0.6397 - precision: 0.6730 - recall: 0.7843
[1m142/150[0m [32m━━━━━━━━━━━━━━━━━━[0m[37m━━[0m [1m13s[0m 2s/step - accuracy: 0.6981 - auc: 0.7702 - loss: 0.6397 - precision: 0.6729 - recall: 0.7844
[1m143/150[0m [32m━━━━━━━━━━━━━━━━━━━[0m[37m━[0m [1m12s[0m 2s/step - accuracy: 0.6981 - auc: 0.7702 - loss: 0.6397 - precision: 0.6728 - recall: 0.78442026-06-17 07:56:52.452128: I tensorflow/core/kernels/data/shuffle_dataset_op.cc:453] ShuffleDatasetV3:4: Filling up shuffle buffer (this may take a while): 1007 of 1024
2026-06-17 07:56:52.619696: I tensorflow/core/kernels/data/shuffle_dataset_op.cc:483] Shuffle buffer filled.

[1m144/150[0m [32m━━━━━━━━━━━━━━━━━━━[0m[37m━[0m [1m10s[0m 2s/step - accuracy: 0.6981 - auc: 0.7702 - loss: 0.6397 - precision: 0.6728 - recall: 0.7844
[1m145/150[0m [32m━━━━━━━━━━━━━━━━━━━[0m[37m━[0m [1m8s[0m 2s/step - accuracy: 0.6980 - auc: 0.7701 - loss: 0.6397 - precision: 0.6727 - recall: 0.7844 
[1m146/150[0m [32m━━━━━━━━━━━━━━━━━━━[0m[37m━[0m [1m6s[0m 2s/step - accuracy: 0.6980 - auc: 0.7701 - loss: 0.6397 - precision: 0.6726 - recall: 0.7844
[1m147/150[0m [32m━━━━━━━━━━━━━━━━━━━[0m[37m━[0m [1m5s[0m 2s/step - accuracy: 0.6979 - auc: 0.7701 - loss: 0.6397 - precision: 0.6725 - recall: 0.7844
[1m148/150[0m [32m━━━━━━━━━━━━━━━━━━━[0m[37m━[0m [1m3s[0m 2s/step - accuracy: 0.6979 - auc: 0.7701 - loss: 0.6397 - precision: 0.6725 - recall: 0.7844
[1m149/150[0m [32m━━━━━━━━━━━━━━━━━━━[0m[37m━[0m [1m1s[0m 2s/step - accuracy: 0.6979 - auc: 0.7701 - loss: 0.6397 - precision: 0.6724 - recall: 0.7844
[1m150/150[0m [32m━━━━━━━━━━━━━━━━━━━━[0m[37m[0m [1m0s[0m 2s/step - accuracy: 0.6978 - auc: 0.7701 - loss: 0.6396 - precision: 0.6724 - recall: 0.7844
Epoch 6: val_auc did not improve from 0.68902

Epoch 6: ReduceLROnPlateau reducing learning rate to 4.999999873689376e-05.

[1m150/150[0m [32m━━━━━━━━━━━━━━━━━━━━[0m[37m[0m [1m280s[0m 2s/step - accuracy: 0.6929 - auc: 0.7686 - loss: 0.6386 - precision: 0.6637 - recall: 0.7854 - val_accuracy: 0.5771 - val_auc: 0.5855 - val_loss: 0.7470 - val_precision: 0.5663 - val_recall: 0.6812 - learning_rate: 1.0000e-04
Epoch 7/30

[1m  1/150[0m [37m━━━━━━━━━━━━━━━━━━━━[0m [1m6:01[0m 2s/step - accuracy: 0.7500 - auc: 0.8475 - loss: 0.5602 - precision: 0.7368 - recall: 0.8235
[1m  2/150[0m [37m━━━━━━━━━━━━━━━━━━━━[0m [1m5:55[0m 2s/step - accuracy: 0.7227 - auc: 0.8130 - loss: 0.5935 - precision: 0.7040 - recall: 0.7946
[1m  3/150[0m [37m━━━━━━━━━━━━━━━━━━━━[0m [1m5:56[0m 2s/step - accuracy: 0.7109 - auc: 0.7965 - loss: 0.6093 - precision: 0.6876 - recall: 0.7894
[1m  4/150[0m [37m━━━━━━━━━━━━━━━━━━━━[0m [1m5:55[0m 2s/step - accuracy: 0.7070 - auc: 0.7896 - loss: 0.6169 - precision: 0.6818 - recall: 0.7845
[1m  5/150[0m [37m━━━━━━━━━━━━━━━━━━━━[0m [1m5:53[0m 2s/step - accuracy: 0.7050 - auc: 0.7862 - loss: 0.6212 - precision: 0.6763 - recall: 0.7847
[1m  6/150[0m [37m━━━━━━━━━━━━━━━━━━━━[0m [1m5:49[0m 2s/step - accuracy: 0.7034 - auc: 0.7834 - loss: 0.6242 - precision: 0.6727 - recall: 0.7859
[1m  7/150[0m [37m━━━━━━━━━━━━━━━━━━━━[0m [1m5:48[0m 2s/step - accuracy: 0.7043 - auc: 0.7827 - loss: 0.6251 - precision: 0.6724 - recall: 0.7885
[1m  8/150[0m [32m━[0m[37m━━━━━━━━━━━━━━━━━━━[0m [1m5:44[0m 2s/step - accuracy: 0.7051 - auc: 0.7830 - loss: 0.6248 - precision: 0.6733 - recall: 0.7907
[1m  9/150[0m [32m━[0m[37m━━━━━━━━━━━━━━━━━━━[0m [1m5:47[0m 2s/step - accuracy: 0.7059 - auc: 0.7840 - loss: 0.6238 - precision: 0.6740 - recall: 0.7925
[1m 10/150[0m [32m━[0m[37m━━━━━━━━━━━━━━━━━━━[0m [1m5:49[0m 2s/step - accuracy: 0.7078 - auc: 0.7860 - loss: 0.6220 - precision: 0.6753 - recall: 0.7953
[1m 11/150[0m [32m━[0m[37m━━━━━━━━━━━━━━━━━━━[0m [1m5:52[0m 3s/step - accuracy: 0.7093 - auc: 0.7871 - loss: 0.6213 - precision: 0.6770 - recall: 0.7971
[1m 12/150[0m [32m━[0m[37m━━━━━━━━━━━━━━━━━━━[0m [1m5:51[0m 3s/step - accuracy: 0.7107 - auc: 0.7882 - loss: 0.6206 - precision: 0.6788 - recall: 0.7987
[1m 13/150[0m [32m━[0m[37m━━━━━━━━━━━━━━━━━━━[0m [1m5:48[0m 3s/step - accuracy: 0.7118 - auc: 0.7890 - loss: 0.6202 - precision: 0.6799 - recall: 0.8000
[1m 14/150[0m [32m━[0m[37m━━━━━━━━━━━━━━━━━━━[0m [1m5:46[0m 3s/step - accuracy: 0.7126 - auc: 0.7899 - loss: 0.6195 - precision: 0.6802 - recall: 0.8017
[1m 15/150[0m [32m━━[0m[37m━━━━━━━━━━━━━━━━━━[0m [1m5:44[0m 3s/step - accuracy: 0.7135 - auc: 0.7909 - loss: 0.6188 - precision: 0.6807 - recall: 0.8033
[1m 16/150[0m [32m━━[0m[37m━━━━━━━━━━━━━━━━━━[0m [1m5:42[0m 3s/step - accuracy: 0.7145 - auc: 0.7920 - loss: 0.6178 - precision: 0.6817 - recall: 0.8047
[1m 17/150[0m [32m━━[0m[37m━━━━━━━━━━━━━━━━━━[0m [1m5:39[0m 3s/step - accuracy: 0.7153 - auc: 0.7927 - loss: 0.6172 - precision: 0.6825 - recall: 0.8059
[1m 18/150[0m [32m━━[0m[37m━━━━━━━━━━━━━━━━━━[0m [1m5:36[0m 3s/step - accuracy: 0.7158 - auc: 0.7934 - loss: 0.6166 - precision: 0.6830 - recall: 0.8069
[1m 19/150[0m [32m━━[0m[37m━━━━━━━━━━━━━━━━━━[0m [1m5:32[0m 3s/step - accuracy: 0.7164 - auc: 0.7941 - loss: 0.6160 - precision: 0.6834 - recall: 0.8078
[1m 20/150[0m [32m━━[0m[37m━━━━━━━━━━━━━━━━━━[0m [1m5:29[0m 3s/step - accuracy: 0.7170 - auc: 0.7949 - loss: 0.6153 - precision: 0.6840 - recall: 0.8086
[1m 21/150[0m [32m━━[0m[37m━━━━━━━━━━━━━━━━━━[0m [1m5:25[0m 3s/step - accuracy: 0.7174 - auc: 0.7957 - loss: 0.6145 - precision: 0.6845 - recall: 0.8093
[1m 22/150[0m [32m━━[0m[37m━━━━━━━━━━━━━━━━━━[0m [1m5:23[0m 3s/step - accuracy: 0.7180 - auc: 0.7966 - loss: 0.6137 - precision: 0.6852 - recall: 0.8100
[1m 23/150[0m [32m━━━[0m[37m━━━━━━━━━━━━━━━━━[0m [1m5:21[0m 3s/step - accuracy: 0.7185 - auc: 0.7972 - loss: 0.6131 - precision: 0.6858 - recall: 0.8106
[1m 24/150[0m [32m━━━[0m[37m━━━━━━━━━━━━━━━━━[0m [1m5:18[0m 3s/step - accuracy: 0.7190 - auc: 0.7978 - loss: 0.6125 - precision: 0.6865 - recall: 0.8111
[1m 25/150[0m [32m━━━[0m[37m━━━━━━━━━━━━━━━━━[0m [1m5:14[0m 3s/step - accuracy: 0.7194 - auc: 0.7984 - loss: 0.6120 - precision: 0.6870 - recall: 0.8116
[1m 26/150[0m [32m━━━[0m[37m━━━━━━━━━━━━━━━━━[0m [1m5:12[0m 3s/step - accuracy: 0.7198 - auc: 0.7988 - loss: 0.6116 - precision: 0.6873 - recall: 0.8122
[1m 27/150[0m [32m━━━[0m[37m━━━━━━━━━━━━━━━━━[0m [1m5:09[0m 3s/step - accuracy: 0.7200 - auc: 0.7992 - loss: 0.6112 - precision: 0.6876 - recall: 0.8126
[1m 28/150[0m [32m━━━[0m[37m━━━━━━━━━━━━━━━━━[0m [1m5:07[0m 3s/step - accuracy: 0.7204 - auc: 0.7997 - loss: 0.6109 - precision: 0.6880 - recall: 0.8130
[1m 29/150[0m [32m━━━[0m[37m━━━━━━━━━━━━━━━━━[0m [1m5:04[0m 3s/step - accuracy: 0.7207 - auc: 0.8001 - loss: 0.6106 - precision: 0.6884 - recall: 0.8134
[1m 30/150[0m [32m━━━━[0m[37m━━━━━━━━━━━━━━━━[0m [1m5:02[0m 3s/step - accuracy: 0.7209 - auc: 0.8005 - loss: 0.6102 - precision: 0.6887 - recall: 0.8139
[1m 31/150[0m [32m━━━━[0m[37m━━━━━━━━━━━━━━━━[0m [1m4:59[0m 3s/step - accuracy: 0.7211 - auc: 0.8008 - loss: 0.6100 - precision: 0.6889 - recall: 0.8142
[1m 32/150[0m [32m━━━━[0m[37m━━━━━━━━━━━━━━━━[0m [1m4:57[0m 3s/step - accuracy: 0.7213 - auc: 0.8011 - loss: 0.6098 - precision: 0.6891 - recall: 0.8146
[1m 33/150[0m [32m━━━━[0m[37m━━━━━━━━━━━━━━━━[0m [1m4:55[0m 3s/step - accuracy: 0.7214 - auc: 0.8013 - loss: 0.6096 - precision: 0.6894 - recall: 0.8147
[1m 34/150[0m [32m━━━━[0m[37m━━━━━━━━━━━━━━━━[0m [1m4:52[0m 3s/step - accuracy: 0.7215 - auc: 0.8015 - loss: 0.6095 - precision: 0.6895 - recall: 0.8149
[1m 35/150[0m [32m━━━━[0m[37m━━━━━━━━━━━━━━━━[0m [1m4:50[0m 3s/step - accuracy: 0.7216 - auc: 0.8016 - loss: 0.6093 - precision: 0.6896 - recall: 0.8151
[1m 36/150[0m [32m━━━━[0m[37m━━━━━━━━━━━━━━━━[0m [1m4:48[0m 3s/step - accuracy: 0.7216 - auc: 0.8018 - loss: 0.6092 - precision: 0.6897 - recall: 0.8153
[1m 37/150[0m [32m━━━━[0m[37m━━━━━━━━━━━━━━━━[0m [1m4:46[0m 3s/step - accuracy: 0.7216 - auc: 0.8018 - loss: 0.6091 - precision: 0.6897 - recall: 0.8155
[1m 38/150[0m [32m━━━━━[0m[37m━━━━━━━━━━━━━━━[0m [1m4:44[0m 3s/step - accuracy: 0.7216 - auc: 0.8019 - loss: 0.6091 - precision: 0.6897 - recall: 0.8157
[1m 39/150[0m [32m━━━━━[0m[37m━━━━━━━━━━━━━━━[0m [1m4:43[0m 3s/step - accuracy: 0.7216 - auc: 0.8019 - loss: 0.6090 - precision: 0.6896 - recall: 0.8160
[1m 40/150[0m [32m━━━━━[0m[37m━━━━━━━━━━━━━━━[0m [1m4:40[0m 3s/step - accuracy: 0.7216 - auc: 0.8019 - loss: 0.6090 - precision: 0.6894 - recall: 0.8161
[1m 41/150[0m [32m━━━━━[0m[37m━━━━━━━━━━━━━━━[0m [1m4:35[0m 3s/step - accuracy: 0.7215 - auc: 0.8020 - loss: 0.6089 - precision: 0.6893 - recall: 0.8163
[1m 42/150[0m [32m━━━━━[0m[37m━━━━━━━━━━━━━━━[0m [1m4:31[0m 3s/step - accuracy: 0.7215 - auc: 0.8021 - loss: 0.6089 - precision: 0.6892 - recall: 0.8165
[1m 43/150[0m [32m━━━━━[0m[37m━━━━━━━━━━━━━━━[0m [1m4:25[0m 2s/step - accuracy: 0.7215 - auc: 0.8021 - loss: 0.6088 - precision: 0.6890 - recall: 0.8167
[1m 44/150[0m [32m━━━━━[0m[37m━━━━━━━━━━━━━━━[0m [1m4:20[0m 2s/step - accuracy: 0.7214 - auc: 0.8021 - loss: 0.6088 - precision: 0.6888 - recall: 0.8168
[1m 45/150[0m [32m━━━━━━[0m[37m━━━━━━━━━━━━━━[0m [1m4:15[0m 2s/step - accuracy: 0.7214 - auc: 0.8022 - loss: 0.6087 - precision: 0.6887 - recall: 0.8169
[1m 46/150[0m [32m━━━━━━[0m[37m━━━━━━━━━━━━━━[0m [1m4:10[0m 2s/step - accuracy: 0.7213 - auc: 0.8022 - loss: 0.6087 - precision: 0.6886 - recall: 0.8170
[1m 47/150[0m [32m━━━━━━[0m[37m━━━━━━━━━━━━━━[0m [1m4:05[0m 2s/step - accuracy: 0.7212 - auc: 0.8022 - loss: 0.6086 - precision: 0.6885 - recall: 0.8170
[1m 48/150[0m [32m━━━━━━[0m[37m━━━━━━━━━━━━━━[0m [1m4:01[0m 2s/step - accuracy: 0.7212 - auc: 0.8023 - loss: 0.6086 - precision: 0.6884 - recall: 0.8170
[1m 49/150[0m [32m━━━━━━[0m[37m━━━━━━━━━━━━━━[0m [1m3:56[0m 2s/step - accuracy: 0.7211 - auc: 0.8023 - loss: 0.6085 - precision: 0.6882 - recall: 0.8170
[1m 50/150[0m [32m━━━━━━[0m[37m━━━━━━━━━━━━━━[0m [1m3:52[0m 2s/step - accuracy: 0.7210 - auc: 0.8023 - loss: 0.6085 - precision: 0.6880 - recall: 0.8171
[1m 51/150[0m [32m━━━━━━[0m[37m━━━━━━━━━━━━━━[0m [1m3:48[0m 2s/step - accuracy: 0.7209 - auc: 0.8023 - loss: 0.6084 - precision: 0.6878 - recall: 0.8171
[1m 52/150[0m [32m━━━━━━[0m[37m━━━━━━━━━━━━━━[0m [1m3:43[0m 2s/step - accuracy: 0.7209 - auc: 0.8024 - loss: 0.6084 - precision: 0.6877 - recall: 0.8171
[1m 53/150[0m [32m━━━━━━━[0m[37m━━━━━━━━━━━━━[0m [1m3:39[0m 2s/step - accuracy: 0.7208 - auc: 0.8024 - loss: 0.6083 - precision: 0.6875 - recall: 0.8171
[1m 54/150[0m [32m━━━━━━━[0m[37m━━━━━━━━━━━━━[0m [1m3:35[0m 2s/step - accuracy: 0.7208 - auc: 0.8025 - loss: 0.6082 - precision: 0.6874 - recall: 0.8172
[1m 55/150[0m [32m━━━━━━━[0m[37m━━━━━━━━━━━━━[0m [1m3:32[0m 2s/step - accuracy: 0.7208 - auc: 0.8026 - loss: 0.6081 - precision: 0.6873 - recall: 0.8172
[1m 56/150[0m [32m━━━━━━━[0m[37m━━━━━━━━━━━━━[0m [1m3:28[0m 2s/step - accuracy: 0.7209 - auc: 0.8027 - loss: 0.6080 - precision: 0.6873 - recall: 0.8172
[1m 57/150[0m [32m━━━━━━━[0m[37m━━━━━━━━━━━━━[0m [1m3:24[0m 2s/step - accuracy: 0.7209 - auc: 0.8028 - loss: 0.6078 - precision: 0.6873 - recall: 0.8173
[1m 58/150[0m [32m━━━━━━━[0m[37m━━━━━━━━━━━━━[0m [1m3:21[0m 2s/step - accuracy: 0.7210 - auc: 0.8029 - loss: 0.6077 - precision: 0.6872 - recall: 0.8174
[1m 59/150[0m [32m━━━━━━━[0m[37m━━━━━━━━━━━━━[0m [1m3:17[0m 2s/step - accuracy: 0.7210 - auc: 0.8030 - loss: 0.6076 - precision: 0.6872 - recall: 0.8174
[1m 60/150[0m [32m━━━━━━━━[0m[37m━━━━━━━━━━━━[0m [1m3:14[0m 2s/step - accuracy: 0.7210 - auc: 0.8031 - loss: 0.6074 - precision: 0.6872 - recall: 0.8175
[1m 61/150[0m [32m━━━━━━━━[0m[37m━━━━━━━━━━━━[0m [1m3:10[0m 2s/step - accuracy: 0.7211 - auc: 0.8033 - loss: 0.6073 - precision: 0.6871 - recall: 0.8175
[1m 62/150[0m [32m━━━━━━━━[0m[37m━━━━━━━━━━━━[0m [1m3:07[0m 2s/step - accuracy: 0.7211 - auc: 0.8034 - loss: 0.6072 - precision: 0.6871 - recall: 0.8176
[1m 63/150[0m [32m━━━━━━━━[0m[37m━━━━━━━━━━━━[0m [1m3:04[0m 2s/step - accuracy: 0.7212 - auc: 0.8035 - loss: 0.6070 - precision: 0.6871 - recall: 0.8177
[1m 64/150[0m [32m━━━━━━━━[0m[37m━━━━━━━━━━━━[0m [1m3:01[0m 2s/step - accuracy: 0.7212 - auc: 0.8036 - loss: 0.6069 - precision: 0.6871 - recall: 0.8177
[1m 65/150[0m [32m━━━━━━━━[0m[37m━━━━━━━━━━━━[0m [1m2:58[0m 2s/step - accuracy: 0.7213 - auc: 0.8037 - loss: 0.6067 - precision: 0.6871 - recall: 0.8178
[1m 66/150[0m [32m━━━━━━━━[0m[37m━━━━━━━━━━━━[0m [1m2:55[0m 2s/step - accuracy: 0.7214 - auc: 0.8038 - loss: 0.6066 - precision: 0.6871 - recall: 0.8178
[1m 67/150[0m [32m━━━━━━━━[0m[37m━━━━━━━━━━━━[0m [1m2:53[0m 2s/step - accuracy: 0.7214 - auc: 0.8040 - loss: 0.6064 - precision: 0.6872 - recall: 0.8179
[1m 68/150[0m [32m━━━━━━━━━[0m[37m━━━━━━━━━━━[0m [1m2:50[0m 2s/step - accuracy: 0.7216 - auc: 0.8041 - loss: 0.6063 - precision: 0.6873 - recall: 0.8180
[1m 69/150[0m [32m━━━━━━━━━[0m[37m━━━━━━━━━━━[0m [1m2:48[0m 2s/step - accuracy: 0.7217 - auc: 0.8043 - loss: 0.6061 - precision: 0.6874 - recall: 0.8181
[1m 70/150[0m [32m━━━━━━━━━[0m[37m━━━━━━━━━━━[0m [1m2:45[0m 2s/step - accuracy: 0.7218 - auc: 0.8044 - loss: 0.6059 - precision: 0.6875 - recall: 0.8182
[1m 71/150[0m [32m━━━━━━━━━[0m[37m━━━━━━━━━━━[0m [1m2:42[0m 2s/step - accuracy: 0.7219 - auc: 0.8046 - loss: 0.6058 - precision: 0.6876 - recall: 0.8183
[1m 72/150[0m [32m━━━━━━━━━[0m[37m━━━━━━━━━━━[0m [1m2:40[0m 2s/step - accuracy: 0.7220 - auc: 0.8047 - loss: 0.6056 - precision: 0.6876 - recall: 0.8184
[1m 73/150[0m [32m━━━━━━━━━[0m[37m━━━━━━━━━━━[0m [1m2:38[0m 2s/step - accuracy: 0.7221 - auc: 0.8049 - loss: 0.6054 - precision: 0.6877 - recall: 0.8186
[1m 74/150[0m [32m━━━━━━━━━[0m[37m━━━━━━━━━━━[0m [1m2:36[0m 2s/step - accuracy: 0.7223 - auc: 0.8050 - loss: 0.6052 - precision: 0.6878 - recall: 0.8187
[1m 75/150[0m [32m━━━━━━━━━━[0m[37m━━━━━━━━━━[0m [1m2:34[0m 2s/step - accuracy: 0.7224 - auc: 0.8052 - loss: 0.6050 - precision: 0.6878 - recall: 0.8188
[1m 76/150[0m [32m━━━━━━━━━━[0m[37m━━━━━━━━━━[0m [1m2:32[0m 2s/step - accuracy: 0.7225 - auc: 0.8053 - loss: 0.6048 - precision: 0.6879 - recall: 0.8190
[1m 77/150[0m [32m━━━━━━━━━━[0m[37m━━━━━━━━━━[0m [1m2:31[0m 2s/step - accuracy: 0.7227 - auc: 0.8055 - loss: 0.6046 - precision: 0.6880 - recall: 0.8191
[1m 78/150[0m [32m━━━━━━━━━━[0m[37m━━━━━━━━━━[0m [1m2:28[0m 2s/step - accuracy: 0.7228 - auc: 0.8057 - loss: 0.6045 - precision: 0.6881 - recall: 0.8193
[1m 79/150[0m [32m━━━━━━━━━━[0m[37m━━━━━━━━━━[0m [1m2:26[0m 2s/step - accuracy: 0.7229 - auc: 0.8058 - loss: 0.6043 - precision: 0.6882 - recall: 0.8194
[1m 80/150[0m [32m━━━━━━━━━━[0m[37m━━━━━━━━━━[0m [1m2:24[0m 2s/step - accuracy: 0.7230 - auc: 0.8060 - loss: 0.6041 - precision: 0.6883 - recall: 0.8195
[1m 81/150[0m [32m━━━━━━━━━━[0m[37m━━━━━━━━━━[0m [1m2:22[0m 2s/step - accuracy: 0.7231 - auc: 0.8061 - loss: 0.6039 - precision: 0.6884 - recall: 0.8196
[1m 82/150[0m [32m━━━━━━━━━━[0m[37m━━━━━━━━━━[0m [1m2:20[0m 2s/step - accuracy: 0.7233 - auc: 0.8063 - loss: 0.6038 - precision: 0.6885 - recall: 0.8197
[1m 83/150[0m [32m━━━━━━━━━━━[0m[37m━━━━━━━━━[0m [1m2:17[0m 2s/step - accuracy: 0.7234 - auc: 0.8064 - loss: 0.6036 - precision: 0.6885 - recall: 0.8198
[1m 84/150[0m [32m━━━━━━━━━━━[0m[37m━━━━━━━━━[0m [1m2:16[0m 2s/step - accuracy: 0.7235 - auc: 0.8065 - loss: 0.6034 - precision: 0.6886 - recall: 0.8199
[1m 85/150[0m [32m━━━━━━━━━━━[0m[37m━━━━━━━━━[0m [1m2:14[0m 2s/step - accuracy: 0.7236 - auc: 0.8066 - loss: 0.6033 - precision: 0.6887 - recall: 0.8200
[1m 86/150[0m [32m━━━━━━━━━━━[0m[37m━━━━━━━━━[0m [1m2:11[0m 2s/step - accuracy: 0.7237 - auc: 0.8068 - loss: 0.6031 - precision: 0.6888 - recall: 0.8201
[1m 87/150[0m [32m━━━━━━━━━━━[0m[37m━━━━━━━━━[0m [1m2:09[0m 2s/step - accuracy: 0.7238 - auc: 0.8069 - loss: 0.6029 - precision: 0.6888 - recall: 0.8202
[1m 88/150[0m [32m━━━━━━━━━━━[0m[37m━━━━━━━━━[0m [1m2:07[0m 2s/step - accuracy: 0.7238 - auc: 0.8070 - loss: 0.6028 - precision: 0.6889 - recall: 0.8202
[1m 89/150[0m [32m━━━━━━━━━━━[0m[37m━━━━━━━━━[0m [1m2:05[0m 2s/step - accuracy: 0.7239 - auc: 0.8071 - loss: 0.6027 - precision: 0.6889 - recall: 0.8203
[1m 90/150[0m [32m━━━━━━━━━━━━[0m[37m━━━━━━━━[0m [1m2:03[0m 2s/step - accuracy: 0.7240 - auc: 0.8072 - loss: 0.6025 - precision: 0.6890 - recall: 0.8203
[1m 91/150[0m [32m━━━━━━━━━━━━[0m[37m━━━━━━━━[0m [1m2:01[0m 2s/step - accuracy: 0.7241 - auc: 0.8073 - loss: 0.6024 - precision: 0.6890 - recall: 0.8204
[1m 92/150[0m [32m━━━━━━━━━━━━[0m[37m━━━━━━━━[0m [1m1:59[0m 2s/step - accuracy: 0.7242 - auc: 0.8075 - loss: 0.6022 - precision: 0.6891 - recall: 0.8205
[1m 93/150[0m [32m━━━━━━━━━━━━[0m[37m━━━━━━━━[0m [1m1:57[0m 2s/step - accuracy: 0.7242 - auc: 0.8076 - loss: 0.6021 - precision: 0.6891 - recall: 0.8206
[1m 94/150[0m [32m━━━━━━━━━━━━[0m[37m━━━━━━━━[0m [1m1:54[0m 2s/step - accuracy: 0.7243 - auc: 0.8077 - loss: 0.6019 - precision: 0.6892 - recall: 0.8207
[1m 95/150[0m [32m━━━━━━━━━━━━[0m[37m━━━━━━━━[0m [1m1:52[0m 2s/step - accuracy: 0.7244 - auc: 0.8078 - loss: 0.6017 - precision: 0.6893 - recall: 0.8207
[1m 96/150[0m [32m━━━━━━━━━━━━[0m[37m━━━━━━━━[0m [1m1:50[0m 2s/step - accuracy: 0.7245 - auc: 0.8080 - loss: 0.6016 - precision: 0.6893 - recall: 0.8208
[1m 97/150[0m [32m━━━━━━━━━━━━[0m[37m━━━━━━━━[0m [1m1:48[0m 2s/step - accuracy: 0.7246 - auc: 0.8081 - loss: 0.6014 - precision: 0.6894 - recall: 0.8209
[1m 98/150[0m [32m━━━━━━━━━━━━━[0m[37m━━━━━━━[0m [1m1:46[0m 2s/step - accuracy: 0.7247 - auc: 0.8082 - loss: 0.6013 - precision: 0.6894 - recall: 0.8210
[1m 99/150[0m [32m━━━━━━━━━━━━━[0m[37m━━━━━━━[0m [1m1:44[0m 2s/step - accuracy: 0.7248 - auc: 0.8083 - loss: 0.6011 - precision: 0.6895 - recall: 0.8210
[1m100/150[0m [32m━━━━━━━━━━━━━[0m[37m━━━━━━━[0m [1m1:42[0m 2s/step - accuracy: 0.7249 - auc: 0.8085 - loss: 0.6009 - precision: 0.6895 - recall: 0.8211
[1m101/150[0m [32m━━━━━━━━━━━━━[0m[37m━━━━━━━[0m [1m1:40[0m 2s/step - accuracy: 0.7250 - auc: 0.8086 - loss: 0.6008 - precision: 0.6896 - recall: 0.8212
[1m102/150[0m [32m━━━━━━━━━━━━━[0m[37m━━━━━━━[0m [1m1:38[0m 2s/step - accuracy: 0.7251 - auc: 0.8087 - loss: 0.6007 - precision: 0.6896 - recall: 0.8212
[1m103/150[0m [32m━━━━━━━━━━━━━[0m[37m━━━━━━━[0m [1m1:36[0m 2s/step - accuracy: 0.7251 - auc: 0.8088 - loss: 0.6005 - precision: 0.6897 - recall: 0.8213
[1m104/150[0m [32m━━━━━━━━━━━━━[0m[37m━━━━━━━[0m [1m1:34[0m 2s/step - accuracy: 0.7252 - auc: 0.8089 - loss: 0.6004 - precision: 0.6897 - recall: 0.8213
[1m105/150[0m [32m━━━━━━━━━━━━━━[0m[37m━━━━━━[0m [1m1:32[0m 2s/step - accuracy: 0.7253 - auc: 0.8090 - loss: 0.6002 - precision: 0.6898 - recall: 0.8214
[1m106/150[0m [32m━━━━━━━━━━━━━━[0m[37m━━━━━━[0m [1m1:30[0m 2s/step - accuracy: 0.7254 - auc: 0.8091 - loss: 0.6001 - precision: 0.6899 - recall: 0.8214
[1m107/150[0m [32m━━━━━━━━━━━━━━[0m[37m━━━━━━[0m [1m1:28[0m 2s/step - accuracy: 0.7254 - auc: 0.8092 - loss: 0.6000 - precision: 0.6899 - recall: 0.8215
[1m108/150[0m [32m━━━━━━━━━━━━━━[0m[37m━━━━━━[0m [1m1:26[0m 2s/step - accuracy: 0.7255 - auc: 0.8093 - loss: 0.5999 - precision: 0.6900 - recall: 0.8215
[1m109/150[0m [32m━━━━━━━━━━━━━━[0m[37m━━━━━━[0m [1m1:24[0m 2s/step - accuracy: 0.7256 - auc: 0.8094 - loss: 0.5997 - precision: 0.6901 - recall: 0.8215
[1m110/150[0m [32m━━━━━━━━━━━━━━[0m[37m━━━━━━[0m [1m1:22[0m 2s/step - accuracy: 0.7257 - auc: 0.8095 - loss: 0.5996 - precision: 0.6902 - recall: 0.8215
[1m111/150[0m [32m━━━━━━━━━━━━━━[0m[37m━━━━━━[0m [1m1:20[0m 2s/step - accuracy: 0.7258 - auc: 0.8096 - loss: 0.5995 - precision: 0.6902 - recall: 0.8216
[1m112/150[0m [32m━━━━━━━━━━━━━━[0m[37m━━━━━━[0m [1m1:18[0m 2s/step - accuracy: 0.7258 - auc: 0.8097 - loss: 0.5994 - precision: 0.6903 - recall: 0.8216
[1m113/150[0m [32m━━━━━━━━━━━━━━━[0m[37m━━━━━[0m [1m1:16[0m 2s/step - accuracy: 0.7259 - auc: 0.8098 - loss: 0.5993 - precision: 0.6904 - recall: 0.8216
[1m114/150[0m [32m━━━━━━━━━━━━━━━[0m[37m━━━━━[0m [1m1:14[0m 2s/step - accuracy: 0.7260 - auc: 0.8099 - loss: 0.5992 - precision: 0.6904 - recall: 0.8217
[1m115/150[0m [32m━━━━━━━━━━━━━━━[0m[37m━━━━━[0m [1m1:12[0m 2s/step - accuracy: 0.7261 - auc: 0.8100 - loss: 0.5991 - precision: 0.6905 - recall: 0.8217
[1m116/150[0m [32m━━━━━━━━━━━━━━━[0m[37m━━━━━[0m [1m1:10[0m 2s/step - accuracy: 0.7261 - auc: 0.8101 - loss: 0.5989 - precision: 0.6905 - recall: 0.8217
[1m117/150[0m [32m━━━━━━━━━━━━━━━[0m[37m━━━━━[0m [1m1:08[0m 2s/step - accuracy: 0.7262 - auc: 0.8102 - loss: 0.5988 - precision: 0.6906 - recall: 0.8218
[1m118/150[0m [32m━━━━━━━━━━━━━━━[0m[37m━━━━━[0m [1m1:06[0m 2s/step - accuracy: 0.7263 - auc: 0.8102 - loss: 0.5987 - precision: 0.6907 - recall: 0.8218
[1m119/150[0m [32m━━━━━━━━━━━━━━━[0m[37m━━━━━[0m [1m1:04[0m 2s/step - accuracy: 0.7263 - auc: 0.8103 - loss: 0.5986 - precision: 0.6907 - recall: 0.8218
[1m120/150[0m [32m━━━━━━━━━━━━━━━━[0m[37m━━━━[0m [1m1:02[0m 2s/step - accuracy: 0.7264 - auc: 0.8104 - loss: 0.5985 - precision: 0.6908 - recall: 0.8219
[1m121/150[0m [32m━━━━━━━━━━━━━━━━[0m[37m━━━━[0m [1m1:00[0m 2s/step - accuracy: 0.7264 - auc: 0.8105 - loss: 0.5984 - precision: 0.6908 - recall: 0.8219
[1m122/150[0m [32m━━━━━━━━━━━━━━━━[0m[37m━━━━[0m [1m58s[0m 2s/step - accuracy: 0.7265 - auc: 0.8106 - loss: 0.5983 - precision: 0.6908 - recall: 0.8219 
[1m123/150[0m [32m━━━━━━━━━━━━━━━━[0m[37m━━━━[0m [1m56s[0m 2s/step - accuracy: 0.7265 - auc: 0.8106 - loss: 0.5982 - precision: 0.6909 - recall: 0.8220
[1m124/150[0m [32m━━━━━━━━━━━━━━━━[0m[37m━━━━[0m [1m54s[0m 2s/step - accuracy: 0.7266 - auc: 0.8107 - loss: 0.5981 - precision: 0.6909 - recall: 0.8220
[1m125/150[0m [32m━━━━━━━━━━━━━━━━[0m[37m━━━━[0m [1m52s[0m 2s/step - accuracy: 0.7266 - auc: 0.8108 - loss: 0.5980 - precision: 0.6909 - recall: 0.8220
[1m126/150[0m [32m━━━━━━━━━━━━━━━━[0m[37m━━━━[0m [1m50s[0m 2s/step - accuracy: 0.7267 - auc: 0.8109 - loss: 0.5980 - precision: 0.6910 - recall: 0.8221
[1m127/150[0m [32m━━━━━━━━━━━━━━━━[0m[37m━━━━[0m [1m48s[0m 2s/step - accuracy: 0.7268 - auc: 0.8110 - loss: 0.5979 - precision: 0.6910 - recall: 0.8221
[1m128/150[0m [32m━━━━━━━━━━━━━━━━━[0m[37m━━━[0m [1m46s[0m 2s/step - accuracy: 0.7268 - auc: 0.8110 - loss: 0.5978 - precision: 0.6911 - recall: 0.8221
[1m129/150[0m [32m━━━━━━━━━━━━━━━━━[0m[37m━━━[0m [1m44s[0m 2s/step - accuracy: 0.7269 - auc: 0.8111 - loss: 0.5977 - precision: 0.6911 - recall: 0.8221
[1m130/150[0m [32m━━━━━━━━━━━━━━━━━[0m[37m━━━[0m [1m42s[0m 2s/step - accuracy: 0.7269 - auc: 0.8112 - loss: 0.5976 - precision: 0.6912 - recall: 0.8222
[1m131/150[0m [32m━━━━━━━━━━━━━━━━━[0m[37m━━━[0m [1m39s[0m 2s/step - accuracy: 0.7270 - auc: 0.8113 - loss: 0.5975 - precision: 0.6912 - recall: 0.8222
[1m132/150[0m [32m━━━━━━━━━━━━━━━━━[0m[37m━━━[0m [1m37s[0m 2s/step - accuracy: 0.7271 - auc: 0.8114 - loss: 0.5974 - precision: 0.6913 - recall: 0.8222
[1m133/150[0m [32m━━━━━━━━━━━━━━━━━[0m[37m━━━[0m [1m35s[0m 2s/step - accuracy: 0.7271 - auc: 0.8115 - loss: 0.5973 - precision: 0.6914 - recall: 0.8222
[1m134/150[0m [32m━━━━━━━━━━━━━━━━━[0m[37m━━━[0m [1m33s[0m 2s/step - accuracy: 0.7272 - auc: 0.8115 - loss: 0.5972 - precision: 0.6914 - recall: 0.8222
[1m135/150[0m [32m━━━━━━━━━━━━━━━━━━[0m[37m━━[0m [1m31s[0m 2s/step - accuracy: 0.7272 - auc: 0.8116 - loss: 0.5971 - precision: 0.6915 - recall: 0.8222
[1m136/150[0m [32m━━━━━━━━━━━━━━━━━━[0m[37m━━[0m [1m29s[0m 2s/step - accuracy: 0.7273 - auc: 0.8117 - loss: 0.5970 - precision: 0.6915 - recall: 0.8223
[1m137/150[0m [32m━━━━━━━━━━━━━━━━━━[0m[37m━━[0m [1m27s[0m 2s/step - accuracy: 0.7273 - auc: 0.8118 - loss: 0.5969 - precision: 0.6916 - recall: 0.8223
[1m138/150[0m [32m━━━━━━━━━━━━━━━━━━[0m[37m━━[0m [1m25s[0m 2s/step - accuracy: 0.7274 - auc: 0.8118 - loss: 0.5968 - precision: 0.6917 - recall: 0.8223
[1m139/150[0m [32m━━━━━━━━━━━━━━━━━━[0m[37m━━[0m [1m23s[0m 2s/step - accuracy: 0.7274 - auc: 0.8119 - loss: 0.5967 - precision: 0.6917 - recall: 0.8223
[1m140/150[0m [32m━━━━━━━━━━━━━━━━━━[0m[37m━━[0m [1m20s[0m 2s/step - accuracy: 0.7275 - auc: 0.8120 - loss: 0.5967 - precision: 0.6918 - recall: 0.8223
[1m141/150[0m [32m━━━━━━━━━━━━━━━━━━[0m[37m━━[0m [1m18s[0m 2s/step - accuracy: 0.7275 - auc: 0.8120 - loss: 0.5966 - precision: 0.6918 - recall: 0.8223
[1m142/150[0m [32m━━━━━━━━━━━━━━━━━━[0m[37m━━[0m [1m16s[0m 2s/step - accuracy: 0.7276 - auc: 0.8121 - loss: 0.5965 - precision: 0.6919 - recall: 0.8223
[1m143/150[0m [32m━━━━━━━━━━━━━━━━━━━[0m[37m━[0m [1m14s[0m 2s/step - accuracy: 0.7277 - auc: 0.8122 - loss: 0.5964 - precision: 0.6919 - recall: 0.8223
[1m144/150[0m [32m━━━━━━━━━━━━━━━━━━━[0m[37m━[0m [1m12s[0m 2s/step - accuracy: 0.7277 - auc: 0.8122 - loss: 0.5963 - precision: 0.6920 - recall: 0.8224
[1m145/150[0m [32m━━━━━━━━━━━━━━━━━━━[0m[37m━[0m [1m10s[0m 2s/step - accuracy: 0.7278 - auc: 0.8123 - loss: 0.5963 - precision: 0.6921 - recall: 0.8224
[1m146/150[0m [32m━━━━━━━━━━━━━━━━━━━[0m[37m━[0m [1m8s[0m 2s/step - accuracy: 0.7278 - auc: 0.8124 - loss: 0.5962 - precision: 0.6921 - recall: 0.8224 2026-06-17 08:02:28.762857: I tensorflow/core/kernels/data/shuffle_dataset_op.cc:453] ShuffleDatasetV3:4: Filling up shuffle buffer (this may take a while): 986 of 1024
2026-06-17 08:02:29.136883: I tensorflow/core/kernels/data/shuffle_dataset_op.cc:483] Shuffle buffer filled.

[1m147/150[0m [32m━━━━━━━━━━━━━━━━━━━[0m[37m━[0m [1m6s[0m 2s/step - accuracy: 0.7279 - auc: 0.8124 - loss: 0.5961 - precision: 0.6922 - recall: 0.8224
[1m148/150[0m [32m━━━━━━━━━━━━━━━━━━━[0m[37m━[0m [1m4s[0m 2s/step - accuracy: 0.7279 - auc: 0.8125 - loss: 0.5960 - precision: 0.6922 - recall: 0.8224
[1m149/150[0m [32m━━━━━━━━━━━━━━━━━━━[0m[37m━[0m [1m2s[0m 2s/step - accuracy: 0.7280 - auc: 0.8126 - loss: 0.5959 - precision: 0.6923 - recall: 0.8224
[1m150/150[0m [32m━━━━━━━━━━━━━━━━━━━━[0m[37m[0m [1m0s[0m 2s/step - accuracy: 0.7280 - auc: 0.8126 - loss: 0.5958 - precision: 0.6924 - recall: 0.8224
Epoch 7: val_auc did not improve from 0.68902

[1m150/150[0m [32m━━━━━━━━━━━━━━━━━━━━[0m[37m[0m [1m320s[0m 2s/step - accuracy: 0.7350 - auc: 0.8223 - loss: 0.5839 - precision: 0.7001 - recall: 0.8244 - val_accuracy: 0.6177 - val_auc: 0.6489 - val_loss: 0.7311 - val_precision: 0.5906 - val_recall: 0.7826 - learning_rate: 5.0000e-05
Epoch 8/30

[1m  1/150[0m [37m━━━━━━━━━━━━━━━━━━━━[0m [1m3:02[0m 1s/step - accuracy: 0.6250 - auc: 0.7319 - loss: 0.6691 - precision: 0.6389 - recall: 0.6765
[1m  2/150[0m [37m━━━━━━━━━━━━━━━━━━━━[0m [1m3:03[0m 1s/step - accuracy: 0.6641 - auc: 0.7762 - loss: 0.6211 - precision: 0.6688 - recall: 0.7188
[1m  3/150[0m [37m━━━━━━━━━━━━━━━━━━━━[0m [1m3:00[0m 1s/step - accuracy: 0.6875 - auc: 0.7967 - loss: 0.6003 - precision: 0.6856 - recall: 0.7498
[1m  4/150[0m [37m━━━━━━━━━━━━━━━━━━━━[0m [1m2:56[0m 1s/step - accuracy: 0.6982 - auc: 0.8075 - loss: 0.5910 - precision: 0.6852 - recall: 0.7727
[1m  5/150[0m [37m━━━━━━━━━━━━━━━━━━━━[0m [1m2:52[0m 1s/step - accuracy: 0.7030 - auc: 0.8103 - loss: 0.5909 - precision: 0.6832 - recall: 0.7835
[1m  6/150[0m [37m━━━━━━━━━━━━━━━━━━━━[0m [1m2:49[0m 1s/step - accuracy: 0.7082 - auc: 0.8141 - loss: 0.5888 - precision: 0.6824 - recall: 0.7922
[1m  7/150[0m [37m━━━━━━━━━━━━━━━━━━━━[0m [1m2:48[0m 1s/step - accuracy: 0.7113 - auc: 0.8162 - loss: 0.5879 - precision: 0.6807 - recall: 0.7988
[1m  8/150[0m [32m━[0m[37m━━━━━━━━━━━━━━━━━━━[0m [1m2:48[0m 1s/step - accuracy: 0.7152 - auc: 0.8188 - loss: 0.5865 - precision: 0.6808 - recall: 0.8053
[1m  9/150[0m [32m━[0m[37m━━━━━━━━━━━━━━━━━━━[0m [1m2:45[0m 1s/step - accuracy: 0.7181 - auc: 0.8206 - loss: 0.5853 - precision: 0.6812 - recall: 0.8094
[1m 10/150[0m [32m━[0m[37m━━━━━━━━━━━━━━━━━━━[0m [1m2:42[0m 1s/step - accuracy: 0.7206 - auc: 0.8223 - loss: 0.5837 - precision: 0.6825 - recall: 0.8123
[1m 11/150[0m [32m━[0m[37m━━━━━━━━━━━━━━━━━━━[0m [1m2:38[0m 1s/step - accuracy: 0.7229 - auc: 0.8238 - loss: 0.5824 - precision: 0.6847 - recall: 0.8140
[1m 12/150[0m [32m━[0m[37m━━━━━━━━━━━━━━━━━━━[0m [1m2:38[0m 1s/step - accuracy: 0.7247 - auc: 0.8249 - loss: 0.5811 - precision: 0.6868 - recall: 0.8148
[1m 13/150[0m [32m━[0m[37m━━━━━━━━━━━━━━━━━━━[0m [1m2:37[0m 1s/step - accuracy: 0.7262 - auc: 0.8260 - loss: 0.5799 - precision: 0.6884 - recall: 0.8157
[1m 14/150[0m [32m━[0m[37m━━━━━━━━━━━━━━━━━━━[0m [1m2:36[0m 1s/step - accuracy: 0.7278 - auc: 0.8271 - loss: 0.5786 - precision: 0.6901 - recall: 0.8169
[1m 15/150[0m [32m━━[0m[37m━━━━━━━━━━━━━━━━━━[0m [1m2:36[0m 1s/step - accuracy: 0.7291 - auc: 0.8278 - loss: 0.5778 - precision: 0.6918 - recall: 0.8177
[1m 16/150[0m [32m━━[0m[37m━━━━━━━━━━━━━━━━━━[0m [1m2:34[0m 1s/step - accuracy: 0.7306 - auc: 0.8287 - loss: 0.5768 - precision: 0.6935 - recall: 0.8186
[1m 17/150[0m [32m━━[0m[37m━━━━━━━━━━━━━━━━━━[0m [1m2:34[0m 1s/step - accuracy: 0.7319 - auc: 0.8295 - loss: 0.5759 - precision: 0.6950 - recall: 0.8194
[1m 18/150[0m [32m━━[0m[37m━━━━━━━━━━━━━━━━━━[0m [1m2:32[0m 1s/step - accuracy: 0.7329 - auc: 0.8299 - loss: 0.5753 - precision: 0.6964 - recall: 0.8198
[1m 19/150[0m [32m━━[0m[37m━━━━━━━━━━━━━━━━━━[0m [1m2:30[0m 1s/step - accuracy: 0.7337 - auc: 0.8303 - loss: 0.5747 - precision: 0.6975 - recall: 0.8202
[1m 20/150[0m [32m━━[0m[37m━━━━━━━━━━━━━━━━━━[0m [1m2:27[0m 1s/step - accuracy: 0.7345 - auc: 0.8308 - loss: 0.5741 - precision: 0.6983 - recall: 0.8208
[1m 21/150[0m [32m━━[0m[37m━━━━━━━━━━━━━━━━━━[0m [1m2:26[0m 1s/step - accuracy: 0.7352 - auc: 0.8312 - loss: 0.5736 - precision: 0.6991 - recall: 0.8211
[1m 22/150[0m [32m━━[0m[37m━━━━━━━━━━━━━━━━━━[0m [1m2:24[0m 1s/step - accuracy: 0.7359 - auc: 0.8317 - loss: 0.5729 - precision: 0.6996 - recall: 0.8215
[1m 23/150[0m [32m━━━[0m[37m━━━━━━━━━━━━━━━━━[0m [1m2:22[0m 1s/step - accuracy: 0.7364 - auc: 0.8320 - loss: 0.5725 - precision: 0.7000 - recall: 0.8220
[1m 24/150[0m [32m━━━[0m[37m━━━━━━━━━━━━━━━━━[0m [1m2:21[0m 1s/step - accuracy: 0.7368 - auc: 0.8323 - loss: 0.5722 - precision: 0.7003 - recall: 0.8223
[1m 25/150[0m [32m━━━[0m[37m━━━━━━━━━━━━━━━━━[0m [1m2:20[0m 1s/step - accuracy: 0.7372 - auc: 0.8326 - loss: 0.5720 - precision: 0.7007 - recall: 0.8225
[1m 26/150[0m [32m━━━[0m[37m━━━━━━━━━━━━━━━━━[0m [1m2:22[0m 1s/step - accuracy: 0.7376 - auc: 0.8329 - loss: 0.5717 - precision: 0.7012 - recall: 0.8227
[1m 27/150[0m [32m━━━[0m[37m━━━━━━━━━━━━━━━━━[0m [1m2:20[0m 1s/step - accuracy: 0.7379 - auc: 0.8330 - loss: 0.5716 - precision: 0.7017 - recall: 0.8228
[1m 28/150[0m [32m━━━[0m[37m━━━━━━━━━━━━━━━━━[0m [1m2:23[0m 1s/step - accuracy: 0.7381 - auc: 0.8332 - loss: 0.5714 - precision: 0.7021 - recall: 0.8228
[1m 29/150[0m [32m━━━[0m[37m━━━━━━━━━━━━━━━━━[0m [1m2:25[0m 1s/step - accuracy: 0.7383 - auc: 0.8333 - loss: 0.5712 - precision: 0.7024 - recall: 0.8230
[1m 30/150[0m [32m━━━━[0m[37m━━━━━━━━━━━━━━━━[0m [1m2:27[0m 1s/step - accuracy: 0.7386 - auc: 0.8335 - loss: 0.5710 - precision: 0.7027 - recall: 0.8233
[1m 31/150[0m [32m━━━━[0m[37m━━━━━━━━━━━━━━━━[0m [1m2:29[0m 1s/step - accuracy: 0.7388 - auc: 0.8337 - loss: 0.5708 - precision: 0.7029 - recall: 0.8237
[1m 32/150[0m [32m━━━━[0m[37m━━━━━━━━━━━━━━━━[0m [1m2:30[0m 1s/step - accuracy: 0.7390 - auc: 0.8338 - loss: 0.5707 - precision: 0.7030 - recall: 0.8239
[1m 33/150[0m [32m━━━━[0m[37m━━━━━━━━━━━━━━━━[0m [1m2:32[0m 1s/step - accuracy: 0.7392 - auc: 0.8339 - loss: 0.5706 - precision: 0.7031 - recall: 0.8242
[1m 34/150[0m [32m━━━━[0m[37m━━━━━━━━━━━━━━━━[0m [1m2:34[0m 1s/step - accuracy: 0.7394 - auc: 0.8340 - loss: 0.5705 - precision: 0.7033 - recall: 0.8244
[1m 35/150[0m [32m━━━━[0m[37m━━━━━━━━━━━━━━━━[0m [1m2:36[0m 1s/step - accuracy: 0.7396 - auc: 0.8341 - loss: 0.5703 - precision: 0.7034 - recall: 0.8247
[1m 36/150[0m [32m━━━━[0m[37m━━━━━━━━━━━━━━━━[0m [1m2:38[0m 1s/step - accuracy: 0.7398 - auc: 0.8342 - loss: 0.5702 - precision: 0.7036 - recall: 0.8248
[1m 37/150[0m [32m━━━━[0m[37m━━━━━━━━━━━━━━━━[0m [1m2:40[0m 1s/step - accuracy: 0.7400 - auc: 0.8343 - loss: 0.5701 - precision: 0.7038 - recall: 0.8249
[1m 38/150[0m [32m━━━━━[0m[37m━━━━━━━━━━━━━━━[0m [1m2:41[0m 1s/step - accuracy: 0.7401 - auc: 0.8343 - loss: 0.5700 - precision: 0.7040 - recall: 0.8249
[1m 39/150[0m [32m━━━━━[0m[37m━━━━━━━━━━━━━━━[0m [1m2:42[0m 1s/step - accuracy: 0.7402 - auc: 0.8344 - loss: 0.5699 - precision: 0.7042 - recall: 0.8249
[1m 40/150[0m [32m━━━━━[0m[37m━━━━━━━━━━━━━━━[0m [1m2:43[0m 1s/step - accuracy: 0.7403 - auc: 0.8345 - loss: 0.5698 - precision: 0.7043 - recall: 0.8249
[1m 41/150[0m [32m━━━━━[0m[37m━━━━━━━━━━━━━━━[0m [1m2:44[0m 2s/step - accuracy: 0.7404 - auc: 0.8346 - loss: 0.5697 - precision: 0.7045 - recall: 0.8249
[1m 42/150[0m [32m━━━━━[0m[37m━━━━━━━━━━━━━━━[0m [1m2:44[0m 2s/step - accuracy: 0.7405 - auc: 0.8347 - loss: 0.5696 - precision: 0.7046 - recall: 0.8250
[1m 43/150[0m [32m━━━━━[0m[37m━━━━━━━━━━━━━━━[0m [1m2:45[0m 2s/step - accuracy: 0.7407 - auc: 0.8348 - loss: 0.5694 - precision: 0.7048 - recall: 0.8251
[1m 44/150[0m [32m━━━━━[0m[37m━━━━━━━━━━━━━━━[0m [1m2:45[0m 2s/step - accuracy: 0.7409 - auc: 0.8349 - loss: 0.5693 - precision: 0.7050 - recall: 0.8252
[1m 45/150[0m [32m━━━━━━[0m[37m━━━━━━━━━━━━━━[0m [1m2:46[0m 2s/step - accuracy: 0.7410 - auc: 0.8351 - loss: 0.5691 - precision: 0.7051 - recall: 0.8254
[1m 46/150[0m [32m━━━━━━[0m[37m━━━━━━━━━━━━━━[0m [1m2:46[0m 2s/step - accuracy: 0.7411 - auc: 0.8352 - loss: 0.5690 - precision: 0.7051 - recall: 0.8256
[1m 47/150[0m [32m━━━━━━[0m[37m━━━━━━━━━━━━━━[0m [1m2:46[0m 2s/step - accuracy: 0.7412 - auc: 0.8353 - loss: 0.5688 - precision: 0.7051 - recall: 0.8257
[1m 48/150[0m [32m━━━━━━[0m[37m━━━━━━━━━━━━━━[0m [1m2:47[0m 2s/step - accuracy: 0.7414 - auc: 0.8354 - loss: 0.5687 - precision: 0.7052 - recall: 0.8260
[1m 49/150[0m [32m━━━━━━[0m[37m━━━━━━━━━━━━━━[0m [1m2:47[0m 2s/step - accuracy: 0.7416 - auc: 0.8355 - loss: 0.5686 - precision: 0.7052 - recall: 0.8262
[1m 50/150[0m [32m━━━━━━[0m[37m━━━━━━━━━━━━━━[0m [1m2:47[0m 2s/step - accuracy: 0.7417 - auc: 0.8356 - loss: 0.5684 - precision: 0.7053 - recall: 0.8263
[1m 51/150[0m [32m━━━━━━[0m[37m━━━━━━━━━━━━━━[0m [1m2:47[0m 2s/step - accuracy: 0.7418 - auc: 0.8357 - loss: 0.5683 - precision: 0.7054 - recall: 0.8265
[1m 52/150[0m [32m━━━━━━[0m[37m━━━━━━━━━━━━━━[0m [1m2:47[0m 2s/step - accuracy: 0.7419 - auc: 0.8357 - loss: 0.5683 - precision: 0.7054 - recall: 0.8267
[1m 53/150[0m [32m━━━━━━━[0m[37m━━━━━━━━━━━━━[0m [1m2:48[0m 2s/step - accuracy: 0.7421 - auc: 0.8357 - loss: 0.5682 - precision: 0.7055 - recall: 0.8268
[1m 54/150[0m [32m━━━━━━━[0m[37m━━━━━━━━━━━━━[0m [1m2:48[0m 2s/step - accuracy: 0.7422 - auc: 0.8358 - loss: 0.5682 - precision: 0.7056 - recall: 0.8269
[1m 55/150[0m [32m━━━━━━━[0m[37m━━━━━━━━━━━━━[0m [1m2:48[0m 2s/step - accuracy: 0.7423 - auc: 0.8358 - loss: 0.5681 - precision: 0.7057 - recall: 0.8270
[1m 56/150[0m [32m━━━━━━━[0m[37m━━━━━━━━━━━━━[0m [1m2:48[0m 2s/step - accuracy: 0.7424 - auc: 0.8358 - loss: 0.5681 - precision: 0.7057 - recall: 0.8271
[1m 57/150[0m [32m━━━━━━━[0m[37m━━━━━━━━━━━━━[0m [1m2:47[0m 2s/step - accuracy: 0.7425 - auc: 0.8359 - loss: 0.5681 - precision: 0.7058 - recall: 0.8272
[1m 58/150[0m [32m━━━━━━━[0m[37m━━━━━━━━━━━━━[0m [1m2:47[0m 2s/step - accuracy: 0.7427 - auc: 0.8359 - loss: 0.5680 - precision: 0.7059 - recall: 0.8273
[1m 59/150[0m [32m━━━━━━━[0m[37m━━━━━━━━━━━━━[0m [1m2:47[0m 2s/step - accuracy: 0.7428 - auc: 0.8360 - loss: 0.5680 - precision: 0.7060 - recall: 0.8274
[1m 60/150[0m [32m━━━━━━━━[0m[37m━━━━━━━━━━━━[0m [1m2:47[0m 2s/step - accuracy: 0.7429 - auc: 0.8360 - loss: 0.5679 - precision: 0.7060 - recall: 0.8275
[1m 61/150[0m [32m━━━━━━━━[0m[37m━━━━━━━━━━━━[0m [1m2:47[0m 2s/step - accuracy: 0.7429 - auc: 0.8360 - loss: 0.5679 - precision: 0.7061 - recall: 0.8275
[1m 62/150[0m [32m━━━━━━━━[0m[37m━━━━━━━━━━━━[0m [1m2:47[0m 2s/step - accuracy: 0.7430 - auc: 0.8360 - loss: 0.5679 - precision: 0.7061 - recall: 0.8275
[1m 63/150[0m [32m━━━━━━━━[0m[37m━━━━━━━━━━━━[0m [1m2:47[0m 2s/step - accuracy: 0.7430 - auc: 0.8360 - loss: 0.5680 - precision: 0.7061 - recall: 0.8276
[1m 64/150[0m [32m━━━━━━━━[0m[37m━━━━━━━━━━━━[0m [1m2:45[0m 2s/step - accuracy: 0.7431 - auc: 0.8359 - loss: 0.5680 - precision: 0.7061 - recall: 0.8276
[1m 65/150[0m [32m━━━━━━━━[0m[37m━━━━━━━━━━━━[0m [1m2:44[0m 2s/step - accuracy: 0.7431 - auc: 0.8360 - loss: 0.5679 - precision: 0.7062 - recall: 0.8276
[1m 66/150[0m [32m━━━━━━━━[0m[37m━━━━━━━━━━━━[0m [1m2:44[0m 2s/step - accuracy: 0.7432 - auc: 0.8359 - loss: 0.5679 - precision: 0.7062 - recall: 0.8276
[1m 67/150[0m [32m━━━━━━━━[0m[37m━━━━━━━━━━━━[0m [1m2:43[0m 2s/step - accuracy: 0.7433 - auc: 0.8360 - loss: 0.5679 - precision: 0.7063 - recall: 0.8277
[1m 68/150[0m [32m━━━━━━━━━[0m[37m━━━━━━━━━━━[0m [1m2:41[0m 2s/step - accuracy: 0.7433 - auc: 0.8360 - loss: 0.5679 - precision: 0.7064 - recall: 0.8277
[1m 69/150[0m [32m━━━━━━━━━[0m[37m━━━━━━━━━━━[0m [1m2:40[0m 2s/step - accuracy: 0.7434 - auc: 0.8360 - loss: 0.5679 - precision: 0.7065 - recall: 0.8278
[1m 70/150[0m [32m━━━━━━━━━[0m[37m━━━━━━━━━━━[0m [1m2:39[0m 2s/step - accuracy: 0.7435 - auc: 0.8360 - loss: 0.5678 - precision: 0.7066 - recall: 0.8279
[1m 71/150[0m [32m━━━━━━━━━[0m[37m━━━━━━━━━━━[0m [1m2:38[0m 2s/step - accuracy: 0.7436 - auc: 0.8361 - loss: 0.5678 - precision: 0.7067 - recall: 0.8280
[1m 72/150[0m [32m━━━━━━━━━[0m[37m━━━━━━━━━━━[0m [1m2:36[0m 2s/step - accuracy: 0.7437 - auc: 0.8361 - loss: 0.5677 - precision: 0.7067 - recall: 0.8280
[1m 73/150[0m [32m━━━━━━━━━[0m[37m━━━━━━━━━━━[0m [1m2:36[0m 2s/step - accuracy: 0.7438 - auc: 0.8362 - loss: 0.5677 - precision: 0.7068 - recall: 0.8281
[1m 74/150[0m [32m━━━━━━━━━[0m[37m━━━━━━━━━━━[0m [1m2:34[0m 2s/step - accuracy: 0.7439 - auc: 0.8362 - loss: 0.5676 - precision: 0.7069 - recall: 0.8282
[1m 75/150[0m [32m━━━━━━━━━━[0m[37m━━━━━━━━━━[0m [1m2:33[0m 2s/step - accuracy: 0.7440 - auc: 0.8363 - loss: 0.5676 - precision: 0.7070 - recall: 0.8283
[1m 76/150[0m [32m━━━━━━━━━━[0m[37m━━━━━━━━━━[0m [1m2:32[0m 2s/step - accuracy: 0.7441 - auc: 0.8363 - loss: 0.5675 - precision: 0.7070 - recall: 0.8283