lon,lat,label,cause,month,year,doy,Elevation,Pop_Density,DistDev,LC_Forest,LC_Shrub,LC_Grass,LC_Pasture,LC_Wetland,LC_Crop,LC_Developed,NDVI,EVI,pr_7,pr_14,pr_30,pr_60,pr_90,pr_180,pr_365,vpd_7,vpd_30,vpd_90,erc_7,erc_30,erc_90,fm100_30,fm100_90,tmmx_7,tmmx_30,tmmx_90,rmin_30,rmin_90,pdsi_0,pdsi_30,pdsi_90,pdsi_180
-85.15311111,34.88396944,0,-2,1,2017,28,284,1.0801942348480225,0.0,0,0,0,0,0,0,1,0.48900000000000005,0.254,49.09999933838844,79.3000001013279,119.20000010728836,355.6000010371208,396.5000017285347,556.100001335144,1150.2000024318695,0.3928571343421936,0.4203333258628845,0.5767777562141418,16.0,19.133333206176758,29.244443893432617,17.606666564941406,15.943333625793457,286.68572998046875,286.73333740234375,288.489990234375,49.630001068115234,41.95777893066406,-3.5999999046325684,-3.630000114440918,-3.2200000286102295,-1.8799999952316284
-84.50043889,30.81047222,0,-2,10,2019,290,105,0.011706271208822727,0.2765863337187866,1,0,0,0,0,0,0,0.6534,0.41050000000000003,56.40000009536743,56.40000009536743,58.300000071525574,122.50000101327896,235.20000240206718,593.9000005424023,1451.9999959170818,1.222857117652893,1.6173332929611206,1.479888916015625,32.42856979370117,36.099998474121094,26.922222137451172,14.333333015441895,15.777777671813965,303.0714416503906,306.59332275390625,307.07000732421875,35.65999984741211,40.790000915527344,-2.369999885559082,0.9700000286102295,2.0899999141693115,3.069999933242798
-81.040833,32.47142,0,-2,3,2017,88,20,1.988333821296692,0.03,0,0,0,0,0,0,1,0.7019000000000001,0.3826,1.0,1.0,16.200000286102295,47.79999977350235,205.79999992251396,687.4999995529652,1594.3000055253506,1.0714285373687744,0.8846666812896729,0.8062222003936768,38.14285659790039,36.0,29.877777099609375,14.313333511352539,15.433333396911621,299.3000183105469,295.13665771484375,294.3299865722656,34.40666580200195,36.20222091674805,2.5999999046325684,3.5799999237060547,3.990000009536743,2.990000009536743
-93.037,32.814,0,-2,8,2017,212,110,0.26244816184043884,0.06,0,1,0,0,0,0,0,0.8270000000000001,0.527,52.999998569488525,55.19999861717224,75.09999799728394,267.6999958753586,416.29999470710754,716.8999957442284,1356.399991452694,1.3785713911056519,1.1583333015441895,0.890666663646698,26.285715103149414,23.0,19.766666412353516,16.543333053588867,17.469999313354492,307.25714111328125,307.1000061035156,303.9788818359375,48.53666687011719,53.03888702392578,-0.7300000190734863,-1.25,-1.8700000047683716,0.8999999761581421
-88.22555556,34.80166667,0,-2,4,2019,116,166,0.1329026073217392,0.042426406871192854,1,0,0,0,0,0,0,0.7422000000000001,0.43410000000000004,6.099999904632568,120.80000138282776,204.70000171661377,295.0000030994415,634.1999981403351,1114.9999911785126,1705.8999920785427,1.0028572082519531,0.8143333196640015,0.6095555424690247,24.428571701049805,23.600000381469727,19.77777862548828,15.873332977294922,16.13777732849121,297.6714172363281,295.0799865722656,290.3699951171875,43.65999984741211,43.733333587646484,2.359999895095825,2.569999933242798,1.2000000476837158,-1.2300000190734863
-78.222333,35.731167,0,-2,2,2016,40,81,0.7197397947311401,0.0670820393249937,1,0,0,0,0,0,0,0.5745,0.2798,80.69999924302101,80.69999924302101,130.2999999821186,284.2584148943424,353.24696722626686,778.8896274864674,1436.2590217590332,0.5185714364051819,0.39766666293144226,0.43591174483299255,14.714285850524902,20.83333396911621,16.411663055419922,17.00666618347168,18.360668182373047,285.0142822265625,283.3333435058594,287.42840576171875,45.67000198364258,49.01411056518555,4.03000020980835,3.859999895095825,2.6500000953674316,3.319999933242798
-90.55484374,31.52602843,0,-2,1,2017,28,147,0.06241690739989281,0.03,1,0,0,0,0,0,0,0.6234000000000001,0.2612,16.699999570846558,126.49999928474426,203.0,350.49999672174454,452.39999663829803,727.0000000298023,1705.4999964535236,0.572857141494751,0.5163333415985107,0.5933333039283752,14.285714149475098,13.366666793823242,18.799999237060547,19.059999465942383,18.295555114746094,290.44287109375,291.3033447265625,292.5077819824219,50.880001068115234,47.637779235839844,0.07999999821186066,0.6299999952316284,1.2899999618530273,1.399999976158142
-85.443,32.236,0,-2,5,2019,135,109,1.0472689867019653,0.0670820393249937,0,0,0,0,0,0,1,0.7313000000000001,0.5662,49.09999942779541,58.39999961853027,114.69999814033508,157.29999893903732,272.3999972939491,624.8000027835369,1429.4000069200993,0.7257142663002014,0.9753333330154419,0.8025555610656738,20.0,27.03333282470703,27.544445037841797,16.309999465942383,15.807777404785156,300.05712890625,300.30999755859375,296.522216796875,42.8466682434082,43.39444351196289,1.5399999618530273,1.5700000524520874,2.819999933242798,1.5800000429153442
-87.129,31.321,0,-2,1,2017,30,100,0.00847785547375679,0.16970562748477142,1,0,0,0,0,0,0,0.6285000000000001,0.3251,1.7999999523162842,85.20000052452087,287.5999938249588,523.2999967038631,566.8999969065189,862.2999968826771,1731.7999933362007,0.6185714602470398,0.609666645526886,0.695555567741394,19.0,13.166666984558105,21.66666603088379,18.719999313354492,17.676666259765625,290.3857116699219,292.4333190917969,293.64111328125,45.709999084472656,42.511112213134766,-0.6499999761581421,-1.9800000190734863,-1.1100000143051147,1.1399999856948853
-80.166202,36.133633,0,-2,1,2017,2,267,1.3018262386322021,0.0,0,0,0,0,0,0,1,0.13340000000000002,0.0951,43.59999990463257,46.499999821186066,86.39999955892563,123.49999904632568,216.09999626874924,495.9999925494194,1144.29999512434,0.5514285564422607,0.4426666796207428,0.6778888702392578,28.571428298950195,31.266666412353516,34.9555549621582,14.390000343322754,13.85111141204834,284.78570556640625,283.3333435058594,289.6400146484375,40.87666702270508,36.89555740356445,-1.440000057220459,0.7699999809265137,1.899999976158142,1.9900000095367432
-79.712081,34.89237,0,-2,1,2016,29,119,1.660218596458435,0.0,0,0,0,0,0,0,1,0.5922000000000001,0.26480000000000004,4.399999976158142,27.600000083446503,45.400000512599945,223.8353081047535,448.26955273747444,849.0527093112469,1373.3853944838047,0.3857142925262451,0.37566667795181274,0.43015772104263306,23.285715103149414,19.669527053833008,14.646245956420898,16.30141830444336,18.8907470703125,284.1856994628906,283.1637878417969,289.16046142578125,44.246150970458984,50.322792053222656,2.9100000858306885,2.380000114440918,0.07999999821186066,-0.6899999976158142
-81.97188889,31.72661111,0,-2,1,2019,7,39,0.42236316204071045,0.06,0,1,0,0,0,0,0,0.6021000000000001,0.2821,23.500000715255737,52.3000009059906,121.40000167489052,289.20000317692757,338.8000032007694,775.7000049352646,1376.9000070095062,0.618571400642395,0.49799999594688416,0.6023333072662354,18.428571701049805,18.633333206176758,20.688888549804688,18.229999542236328,17.6733341217041,295.25714111328125,291.80999755859375,294.195556640625,50.82666778564453,48.290000915527344,2.940000057220459,2.0799999237060547,2.109999895095825,-1.2599999904632568
-78.199101,34.608123,0,-2,2,2018,35,24,0.0,0.0670820393249937,1,0,0,0,0,0,0,0.7034,0.3507,21.80000013113022,77.59999841451645,117.49999842047691,215.7999983727932,248.59999868273735,564.3999992609024,1203.8000006377697,0.4242857098579407,0.4973333477973938,0.4785555601119995,21.714284896850586,28.5,25.4777774810791,15.4399995803833,16.168888092041016,285.21429443359375,286.21331787109375,286.70220947265625,36.29999923706055,40.2511100769043,-1.4700000286102295,-1.3200000524520874,-1.0099999904632568,1.0099999904632568
-76.278111,36.356958,0,-2,2,2019,43,5,0.5683493614196777,0.0,0,0,0,0,0,1,0,0.5063,0.252,24.200000286102295,26.600000381469727,62.600000232458115,145.3999983370304,282.29999807477,581.3999963998795,1380.5999983847141,0.6571428179740906,0.4909999966621399,0.43488889932632446,25.0,24.299999237060547,19.311111450195312,16.263334274291992,17.572221755981445,290.8714294433594,286.3033447265625,286.5877685546875,38.369998931884766,43.88222122192383,2.109999895095825,2.2200000286102295,1.0099999904632568,1.6100000143051147
-90.25080614,31.22560647,0,-2,3,2018,76,123,0.03620249405503273,0.08485281374238571,1,0,0,0,0,0,0,0.64,0.2837,41.80000114440918,61.80000114440918,132.70000085234642,319.2000000178814,473.20000192523,735.0000046789646,1953.3999997973442,0.6028571128845215,0.8133333325386047,0.586222231388092,21.428571701049805,21.0,19.511110305786133,16.356666564941406,17.224445343017578,293.0857238769531,296.3833312988281,291.1300048828125,44.810001373291016,45.52666473388672,1.9600000381469727,2.109999895095825,2.1700000762939453,3.549999952316284
-80.702736,33.201481,0,-2,3,2017,62,36,0.01187190692871809,0.03,0,0,0,0,0,0,1,0.5658000000000001,0.2973,2.5,2.5,35.600000739097595,132.10000240802765,286.70000037550926,635.6000073254108,1378.4000096321106,0.8757143020629883,0.8349999785423279,0.6705555319786072,35.85714340209961,32.03333282470703,25.733333587646484,14.449999809265137,16.29777717590332,295.3999938964844,294.3800048828125,291.7288818359375,33.74333190917969,41.24777603149414,2.880000114440918,3.390000104904175,3.2200000286102295,1.9299999475479126
-80.26648,34.63566,0,-2,3,2016,89,157,0.0,0.03,0,0,1,0,0,0,0,0.5357000000000001,0.269,21.100000858306885,21.400000870227814,41.50000089406967,132.8000020980835,176.80000191926956,711.5843368172646,1249.006162673235,0.9328571557998657,0.9956666827201843,0.628777801990509,36.28571319580078,34.099998474121094,26.669153213500977,13.640000343322754,15.318718910217285,296.528564453125,295.8233337402344,288.9016418457031,35.95333480834961,40.215702056884766,1.6299999952316284,2.4800000190734863,2.5,-1.6699999570846558
-79.661649,35.169201,0,-2,6,2018,165,168,0.03163446485996246,0.0,0,0,0,0,0,0,1,0.5582,0.2936,1.300000011920929,3.7000001072883606,81.50000014901161,125.99999997019768,272.80000028014183,533.699999243021,1050.3999981582165,1.0128570795059204,1.0140000581741333,0.9988889098167419,31.14285659790039,26.299999237060547,30.677778244018555,15.553333282470703,13.945555686950684,303.22857666015625,302.30999755859375,297.75445556640625,50.59333419799805,41.09333419799805,-1.4500000476837158,-1.5099999904632568,-2.380000114440918,-2.3399999141693115
-84.424767,35.936017,0,-2,3,2016,89,290,0.0,0.24186773244895649,1,0,0,0,0,0,0,0.5557,0.23040000000000002,33.59999990463257,35.49999988079071,71.59999942779541,255.19999992847443,344.5000002384186,812.3132733106613,1641.2781850099564,0.6342856884002686,0.6583333015441895,0.4324444532394409,21.428571701049805,17.799999237060547,15.747907638549805,17.50666618347168,18.002092361450195,292.8285827636719,292.19000244140625,285.1393737792969,41.233333587646484,45.18080520629883,2.069999933242798,2.25,2.140000104904175,1.3899999856948853
-78.401719,33.946834,0,-2,5,2018,141,7,2.605875253677368,0.03,0,0,0,0,0,0,1,0.7003,0.43760000000000004,80.8999995291233,80.8999995291233,186.69999638199806,258.79999765753746,322.099996894598,572.7999968826771,1500.5999910533428,0.618571400642395,0.7616666555404663,0.6628888845443726,18.14285659790039,22.33333396911621,23.988889694213867,16.549999237060547,16.627777099609375,298.5,298.00665283203125,293.8900146484375,52.88333511352539,46.32777786254883,0.6800000071525574,-0.7200000286102295,1.0099999904632568,1.159999966621399
-83.28558333,31.94506389,0,-2,2,2016,40,83,0.033992916345596313,0.09486832980505139,0,0,0,0,0,0,1,0.4968,0.3062,59.30000078678131,78.90000057220459,128.40000170469284,209.11583524942398,266.7276774048805,613.3435022234917,1184.8265737593174,0.6914286017417908,0.5176666378974915,0.5772722363471985,19.85714340209961,21.733333587646484,20.95766830444336,17.52666664123535,17.79831886291504,287.8714294433594,288.7099914550781,291.9764099121094,42.89666748046875,46.14549255371094,0.6100000143051147,0.9399999976158142,0.9900000095367432,0.9399999976158142
-80.725332,35.445307,0,-2,4,2017,117,216,0.7984273433685303,0.06,1,0,0,0,0,0,0,0.7577,0.522,107.70000422000885,117.90000402927399,169.00000262260437,250.30000215768814,265.1000017821789,479.20000118017197,1130.5999982357025,0.7342857122421265,0.9473333358764648,0.8284444212913513,19.14285659790039,30.0,32.0444450378418,14.75666618347168,14.016666412353516,295.5428466796875,296.6700134277344,292.9766540527344,43.90666580200195,34.38888931274414,-2.6500000953674316,-2.759999990463257,-2.1700000762939453,-1.2899999618530273
-77.036617,36.4776,0,-2,7,2019,195,12,0.11690565943717957,0.042426406871192854,0,0,0,0,0,1,0,0.8035,0.5849,26.30000078678131,43.9000004529953,103.39999973773956,289.6000046432018,379.3000049293041,733.800008803606,1612.7000079154968,0.8485714197158813,1.005666732788086,0.9388889074325562,19.14285659790039,19.133333206176758,22.622222900390625,17.110000610351562,16.406665802001953,304.8143005371094,304.510009765625,301.67889404296875,48.69333267211914,48.246665954589844,3.490000009536743,3.140000104904175,3.890000104904175,3.609999895095825
-80.450133,35.60375,0,-2,3,2017,89,258,2.636277914047241,0.0670820393249937,1,0,0,0,0,0,0,0.5712,0.2545,30.999999523162842,52.09999930858612,88.89999842643738,107.49999833106995,252.29999586939812,440.59999775886536,1020.2999964654446,0.904285728931427,0.7459999918937683,0.6254444122314453,29.714284896850586,32.96666717529297,27.44444465637207,13.809999465942383,15.24222183227539,295.9428405761719,290.2900085449219,288.80889892578125,30.31999969482422,36.099998474121094,-1.5800000429153442,-1.0700000524520874,-1.0399999618530273,0.9700000286102295
-84.17723333,32.47248889,0,-2,6,2019,176,142,0.026758024469017982,0.042426406871192854,0,0,0,0,0,0,1,0.5948,0.34090000000000004,43.90000057220459,50.40000057220459,159.40000355243683,242.1000040769577,365.10000535845757,678.1000052392483,1540.200005710125,1.2585713863372803,1.3356666564941406,1.156333327293396,21.0,28.899999618530273,28.133333206176758,15.039999961853027,15.16333293914795,306.1714172363281,305.239990234375,301.98333740234375,44.563331604003906,43.241111755371094,3.1500000953674316,3.1500000953674316,3.430000066757202,3.880000114440918
-83.15447778,33.88786667,0,-2,4,2017,106,238,2.7781550884246826,0.0,0,0,0,0,0,0,1,0.6582,0.4056,0.0,94.40000343322754,152.90000200271606,195.8000024855137,310.5000023841858,521.8000019788742,959.4999978840351,1.2899999618530273,1.0700000524520874,0.8330000042915344,41.28571319580078,34.86666488647461,29.755556106567383,13.3100004196167,14.486666679382324,300.79998779296875,297.77667236328125,293.66888427734375,35.57666778564453,35.29999923706055,-3.2200000286102295,-3.440000057220459,-3.0,-1.899999976158142
-81.93493611,32.91334167,0,-2,3,2016,60,73,0.05058838799595833,0.06,0,0,0,0,0,1,0,0.4475,0.2262,28.100000381469727,28.100000381469727,143.10000044107437,201.900001257658,293.7600810825825,616.9335740208626,1188.9972909390926,0.8485714197158813,0.6496666669845581,0.5733630657196045,25.0,23.66666603088379,22.426576614379883,16.35333251953125,16.944400787353516,293.28570556640625,291.01666259765625,290.7579650878906,38.8466682434082,43.3534049987793,1.0399999618530273,0.7200000286102295,1.2200000286102295,0.8600000143051147
-78.935641,35.26057,0,-2,1,2018,19,69,0.2181950807571411,0.06,1,0,0,0,0,0,0,0.5889,0.2639,15.800000190734863,35.09999990463257,40.59999990463257,113.79999861121178,181.10000082850456,423.1999998986721,1019.3000001311302,0.31857141852378845,0.38366666436195374,0.49433332681655884,28.571428298950195,30.633333206176758,26.85555648803711,14.826666831970215,16.331111907958984,279.6142883300781,281.42999267578125,287.1722106933594,34.54666519165039,39.27111053466797,-1.7300000190734863,-1.2999999523162842,0.8500000238418579,2.25
-89.23400132,33.08093587,0,-2,12,2016,365,157,0.0,0.0670820393249937,1,0,0,0,0,0,0,0.643,0.32780000000000004,6.3000001311302185,34.30000060796738,109.00000137090683,220.20000138878822,222.90000143647194,509.60000255703926,1382.7000064849854,0.6614285707473755,0.43833333253860474,0.867222249507904,21.714284896850586,20.866666793823242,30.422222137451172,17.803333282470703,16.13111114501953,293.6142883300781,287.92999267578125,294.8611145019531,48.38333511352539,37.54888916015625,-3.0299999713897705,-3.119999885559082,-1.4199999570846558,0.6499999761581421
-79.092858,34.819603,0,-2,10,2018,274,56,0.7152243256568909,0.03,0,0,0,0,0,1,0,0.7013,0.40490000000000004,23.40000057220459,23.40000057220459,433.69998866319656,545.999987244606,838.3999873399734,1193.199984997511,1570.5999863743782,0.8257142901420593,1.0216666460037231,1.0957777500152588,14.428571701049805,17.066667556762695,14.688888549804688,18.649999618530273,18.531110763549805,303.6142883300781,304.67333984375,305.2522277832031,50.9566650390625,48.15999984741211,2.9700000286102295,1.6399999856948853,-1.9500000476837158,-2.4100000858306885
-81.97638889,33.00625,0,-2,7,2019,207,96,0.01325126551091671,0.0670820393249937,0,0,1,0,0,0,0,0.6341,0.3849,3.0,22.099999606609344,52.19999969005585,216.0000003874302,284.0000015795231,431.00000166893005,1235.9000025093555,1.4185714721679688,1.4786666631698608,1.3897777795791626,30.714284896850586,27.233333587646484,28.744443893432617,14.989999771118164,15.141111373901367,306.3000183105469,307.3566589355469,305.7489013671875,40.26333236694336,40.48222351074219,1.8200000524520874,2.25,2.7100000381469727,4.690000057220459
-93.6601,30.3102,0,-2,10,2019,275,17,1.234794020652771,0.03,0,0,0,0,1,0,0,0.7274,0.4646,1.899999976158142,131.20000004768372,309.8999981880188,405.79999843239784,678.1999911367893,1383.999993622303,2201.799991875887,0.8971428275108337,1.0706666707992554,0.996666669845581,19.571428298950195,18.96666717529297,16.844444274902344,18.06333351135254,18.135555267333984,305.3714294433594,305.76666259765625,306.0299987792969,51.93000030517578,53.413333892822266,3.7200000286102295,3.490000009536743,2.7200000286102295,1.440000057220459
-80.664764,33.943573,0,-2,12,2016,364,66,1.1613068580627441,0.03,0,0,0,0,0,0,1,0.5871000000000001,0.2992,8.800000190734863,53.89999961853027,138.99999964237213,163.3999992609024,316.60000002384186,797.5000025033951,1400.7000014185905,0.6157143115997314,0.543999969959259,0.7554444670677185,18.285715103149414,19.433332443237305,27.122222900390625,18.270000457763672,16.345556259155273,292.24285888671875,288.57666015625,293.8333435058594,47.88333511352539,39.89666748046875,2.630000114440918,2.549999952316284,3.109999895095825,3.7200000286102295
-87.441,33.409,0,-2,3,2016,74,184,0.0,0.12,1,0,0,0,0,0,0,0.5284,0.2674,50.4000019133091,99.50000038743019,198.99999967217445,310.60000267624855,594.0855377912521,917.0917321443558,1645.9494178891182,0.7885714173316956,0.6016666889190674,0.48388680815696716,20.14285659790039,20.233333587646484,17.585872650146484,17.03999900817871,17.598913192749023,297.4142761230469,292.02667236328125,288.3822937011719,46.0099983215332,46.7622184753418,1.5800000429153442,1.6399999856948853,0.029999999329447746,-0.05999999865889549
-78.828383,34.730547,0,-2,2,2018,56,43,0.11746183782815933,0.06,0,0,0,0,0,1,0,0.47600000000000003,0.24830000000000002,1.0,3.899999976158142,83.09999972581863,106.49999922513962,212.599999666214,427.4999990463257,1173.599998086691,1.072857141494751,0.7123333215713501,0.5725555419921875,33.42856979370117,26.733333587646484,27.799999237060547,16.01333236694336,15.788888931274414,298.8143005371094,292.25,288.01556396484375,42.06999969482422,38.323333740234375,-1.3200000524520874,-1.3200000524520874,0.8500000238418579,1.940000057220459
-83.74804444,30.83686667,0,-2,12,2016,345,69,0.2636483311653137,0.0670820393249937,0,0,1,0,0,0,0,0.49000000000000005,0.24960000000000002,100.29999828338623,113.3999981880188,113.3999981880188,117.09999823570251,181.4999966621399,629.4000003635883,1426.0709286630154,0.6028571724891663,0.7946666479110718,0.9673333168029785,20.571428298950195,31.33333396911621,28.633333206176758,16.183332443237305,16.391111373901367,291.79998779296875,294.739990234375,299.5833435058594,35.10333251953125,38.614444732666016,-1.2200000286102295,-0.14000000059604645,1.0399999618530273,1.1699999570846558
-80.200053,35.340929,0,-2,3,2019,88,138,0.0,0.0,0,0,0,0,0,0,1,0.378,0.1927,11.800000190734863,23.600000143051147,87.29999995231628,230.79999858140945,357.39999854564667,976.3999995291233,1911.1000076830387,0.8199999928474426,0.5533333420753479,0.46211111545562744,28.428571701049805,19.399999618530273,15.922222137451172,16.073333740234375,17.471111297607422,292.4571533203125,289.0733337402344,287.2911071777344,41.9566650390625,45.108890533447266,5.940000057220459,5.78000020980835,5.190000057220459,1.7699999809265137
-80.249435,33.573757,0,-2,8,2018,222,29,0.05907665565609932,0.0,0,0,0,0,0,0,1,0.784,0.5089,13.199999928474426,82.49999940395355,156.1999977529049,340.6999963223934,487.699997484684,681.2999969124794,1352.4999895989895,1.0885714292526245,1.0323333740234375,1.210444450378418,11.857142448425293,15.300000190734863,21.0222225189209,18.18666648864746,16.877777099609375,305.8857116699219,305.0533447265625,305.0244445800781,50.1533317565918,46.171112060546875,2.1600000858306885,1.840000033378601,1.3899999856948853,2.299999952316284
-79.277499,34.672912,0,-2,6,2016,161,50,0.23854221403598785,0.03,0,0,0,0,0,0,1,0.6487,0.4474,20.199999570846558,78.49999785423279,173.1999973654747,301.8999977707863,362.1999977529049,776.2415578961372,1445.6667352318764,1.3257142305374146,1.1023333072662354,1.0608888864517212,18.571428298950195,21.066667556762695,29.27777862548828,16.96666717529297,14.864444732666016,304.44287109375,301.50665283203125,298.87554931640625,44.936668395996094,40.054443359375,3.5799999237060547,2.3399999141693115,3.0999999046325684,1.0499999523162842
-80.061927,35.99707,0,-2,3,2016,76,263,1.673263430595398,0.0,0,0,0,0,0,0,1,0.5047,0.2617,4.9000000059604645,7.700000077486038,51.399999767541885,128.59999883174896,281.44036689400673,720.3788230419159,1231.3468171060085,1.2971428632736206,0.7676666975021362,0.5183062553405762,38.28571319580078,31.233333587646484,24.889511108398438,14.053333282470703,15.17018985748291,299.528564453125,291.27667236328125,286.1321716308594,38.356666564941406,41.24447250366211,2.5899999141693115,2.6700000762939453,1.5700000524520874,-2.6700000762939453
-80.814323,33.400368,0,-2,9,2019,246,55,0.009082471020519733,0.042426406871192854,0,0,0,0,0,0,1,0.557,0.2947,2.9000000953674316,18.49999976158142,32.09999942779541,107.99999952316284,265.29999792575836,444.69999611377716,1134.4999954402447,1.4042856693267822,1.3633333444595337,1.2677778005599976,29.285715103149414,25.5,24.011110305786133,15.923333168029785,16.371110916137695,305.4857177734375,306.4433288574219,305.8655700683594,41.93333435058594,43.21444320678711,-1.2599999904632568,0.75,1.3300000429153442,1.649999976158142
-88.50361111,32.57083333,0,-2,5,2017,131,91,0.07597966492176056,0.03,0,0,0,0,0,0,1,0.753,0.3784,0.0,47.40000057220459,113.50000190734863,274.1000006496906,388.5000000298023,796.2000013887882,1172.4999977052212,1.2999999523162842,1.2033333778381348,1.0516666173934937,38.57143020629883,36.13333511352539,32.877777099609375,13.376667022705078,13.311111450195312,300.971435546875,300.8699951171875,297.7244567871094,40.253334045410156,37.988887786865234,-3.109999895095825,-3.4200000762939453,-3.2899999618530273,-2.940000057220459
-82.9775,30.4178,0,-2,9,2018,264,20,0.009347336366772652,0.03,0,0,0,0,1,0,0,0.8137000000000001,0.42960000000000004,33.400000005960464,41.79999998211861,140.7999987900257,248.49999970197678,531.1000010967255,1012.1999989151955,1396.3999997675419,1.1699999570846558,1.1230000257492065,1.04622220993042,20.14285659790039,15.866666793823242,12.366666793823242,18.036666870117188,18.49888801574707,306.8714294433594,306.0233459472656,305.739990234375,49.65333557128906,51.421112060546875,2.759999990463257,2.9100000858306885,1.3300000429153442,-1.2300000190734863
-81.63377222,30.74798056,0,-2,5,2019,132,13,0.3460310399532318,0.0,1,0,0,0,0,0,0,0.6921,0.4863,1.899999976158142,57.39999997615814,70.8000003695488,115.80000016093254,188.4000011086464,517.4999980330467,1573.500002771616,1.0214285850524902,1.0410000085830688,0.8632222414016724,28.571428298950195,32.79999923706055,29.244443893432617,14.453333854675293,15.223333358764648,302.94287109375,301.1600036621094,298.00555419921875,43.560001373291016,45.112220764160156,2.609999895095825,2.930000066757202,3.9200000762939453,3.569999933242798
-81.9131,30.344,0,-2,3,2016,79,27,0.11569339036941528,0.0670820393249937,1,0,0,0,0,0,0,0.7067,0.38570000000000004,26.59999942779541,26.59999942779541,55.09999990463257,160.59999865293503,233.97720807790756,450.36113610863686,1399.1062965989113,1.2614285945892334,0.9636666774749756,0.7535426616668701,30.285715103149414,32.56666564941406,28.457693099975586,14.91333293914795,15.842257499694824,301.4571533203125,297.9666748046875,294.47869873046875,37.150001525878906,41.540496826171875,1.1799999475479126,1.2400000095367432,1.6200000047683716,1.2100000381469727
-82.15930833,31.583875,0,-2,7,2018,188,49,0.09902635216712952,0.0670820393249937,0,0,0,0,0,1,0,0.7201000000000001,0.4817,50.79999923706055,115.10000014305115,164.59999948740005,407.60000091791153,470.60000216960907,634.9000003039837,1312.6999970972538,1.0085713863372803,1.1490000486373901,1.118333339691162,13.142857551574707,17.866666793823242,23.77777862548828,17.163333892822266,16.38888931274414,305.3999938964844,306.1333312988281,303.0333251953125,47.026668548583984,43.48444366455078,1.1799999475479126,-1.2300000190734863,-1.8899999856948853,1.0099999904632568
-82.238113,34.107639,0,-2,6,2017,168,175,0.003353360341861844,0.03,0,0,0,0,0,0,1,0.8397,0.46880000000000005,55.00000086426735,98.90000048279762,166.00000122189522,304.5000018775463,412.90000227093697,634.9000037610531,1056.500004529953,1.1685714721679688,1.0766667127609253,1.0733333826065063,25.428571701049805,23.633333206176758,28.577777862548828,15.856666564941406,14.934444427490234,304.77142333984375,302.30999755859375,299.8255615234375,46.12666702270508,41.69333267211914,-2.119999885559082,-2.8299999237060547,-3.390000104904175,-3.0399999618530273
-83.60429722,34.43698333,0,-2,1,2019,13,410,0.2646525502204895,0.0670820393249937,1,0,0,0,0,0,0,0.5845,0.2543,24.299999237060547,89.10000038146973,267.50000500679016,496.4000029563904,756.2000027894974,1120.3000027239323,2214.599998265505,0.41999998688697815,0.3529999852180481,0.3964444398880005,15.142857551574707,9.866666793823242,14.399999618530273,19.78333282470703,18.692222595214844,283.3428649902344,285.69000244140625,286.60443115234375,52.0533332824707,49.16555404663086,5.260000228881836,4.010000228881836,2.940000057220459,2.8499999046325684
-80.843831,35.838574,0,-2,1,2017,3,279,6.601010799407959,0.03,0,0,0,0,0,0,1,0.3275,0.15280000000000002,45.999999046325684,49.499999046325684,80.39999866485596,139.2999987900257,189.89999881386757,404.4999969303608,962.1999955773354,0.37285715341567993,0.3930000066757202,0.6228888630867004,19.714284896850586,22.66666603088379,26.688888549804688,17.24333381652832,16.641111373901367,284.0142822265625,283.8933410644531,290.1055603027344,42.55666732788086,36.67222213745117,-2.5999999046325684,-2.4600000381469727,-1.4800000190734863,0.9800000190734863
-81.867425,31.59171667,0,-2,3,2016,61,27,6.137121200561523,0.0,0,0,0,0,0,0,1,0.3173,0.187,1.2000000476837158,9.300000429153442,98.09999966621399,196.50000059604645,252.0191590487957,436.19200971722603,1084.861565232277,0.9214285612106323,0.7599999904632568,0.7081790566444397,32.85714340209961,27.633333206176758,25.99241828918457,15.533333778381348,15.88997745513916,294.0142822265625,292.7866516113281,292.8507995605469,36.41666793823242,40.20789337158203,-1.909999966621399,-2.009999990463257,-1.7100000381469727,-1.6100000143051147
-81.756981,35.116596,0,-2,3,2016,67,281,0.1697985827922821,0.03,0,0,0,0,0,0,1,0.5485,0.25020000000000003,3.799999952316284,11.50000011920929,56.4999994635582,165.00000068545341,397.6912176311016,934.9555970728397,1420.6212294697762,0.522857129573822,0.46533334255218506,0.4291522204875946,21.85714340209961,22.83333396911621,17.472179412841797,16.06999969482422,17.6263427734375,288.1142883300781,285.5833435058594,286.2213439941406,35.06666564941406,42.94495391845703,3.4100000858306885,3.5899999141693115,2.1600000858306885,-1.9700000286102295
-78.490475,34.986058,0,-2,1,2016,29,46,0.5035901665687561,0.0,0,0,0,0,0,0,1,0.5383,0.3,2.5,32.59999942779541,49.39999961853027,198.41921705007553,376.27388232946396,815.3599598407745,1417.9223296046257,0.37857142090797424,0.38466665148735046,0.5129514336585999,25.14285659790039,24.05317497253418,19.01234245300293,15.407774925231934,17.30197525024414,284.1714172363281,283.1783142089844,289.47802734375,45.2746696472168,49.22332763671875,3.049999952316284,2.5899999141693115,1.3799999952316284,1.4500000476837158
-81.888817,33.39801,0,-2,1,2017,30,54,0.021436184644699097,0.0,0,0,0,0,0,0,1,0.39740000000000003,0.22560000000000002,2.700000047683716,98.59999930858612,242.19999665021896,374.0999968647957,405.69999676942825,701.8000004291534,1354.6999947428703,0.758571445941925,0.6990000009536743,0.7174444198608398,26.285715103149414,21.53333282470703,26.244443893432617,17.143333435058594,16.525554656982422,290.3857116699219,291.9866638183594,291.90777587890625,40.09000015258789,38.99333190917969,1.0199999809265137,-0.7200000286102295,1.100000023841858,1.4199999570846558
-85.09083333,33.89777778,0,-2,8,2018,218,351,0.009225447662174702,0.042426406871192854,1,0,0,0,0,0,0,0.8343,0.5589000000000001,115.80000066757202,139.60000145435333,219.00000289082527,422.20000436902046,559.4000044167042,959.8000047504902,1576.4000035822392,0.7171428799629211,0.8640000224113464,0.8918889164924622,9.142857551574707,14.199999809265137,18.655555725097656,18.42333221435547,17.586666107177734,301.71429443359375,303.3133239746094,303.2288818359375,53.5966682434082,52.727779388427734,1.9800000190734863,1.5,1.25,0.7300000190734863
-78.717979,34.362082,0,-2,2,2017,55,24,1.5851250886917114,0.0,1,0,0,0,0,0,0,0.6288,0.334,0.0,18.700000762939453,42.80000042915344,118.99999949336052,202.8999996483326,903.6000101268291,1725.7000128626823,0.9257143139839172,0.7766667008399963,0.5877777934074402,36.57143020629883,28.566667556762695,22.688888549804688,14.563333511352539,16.817777633666992,296.0142822265625,291.7066650390625,289.5310974121094,32.253334045410156,42.21666717529297,3.930000066757202,4.739999771118164,5.550000190734863,3.700000047683716
-88.79415016,31.83317696,0,-2,2,2016,31,87,0.0,0.042426406871192854,1,0,0,0,0,0,0,0.7512000000000001,0.3281,47.70000076293945,85.60000172257423,104.30000206828117,311.69869592785835,439.8245203793049,759.8979570567608,1543.6512465775013,0.5357142686843872,0.4476666748523712,0.5389682054519653,19.571428298950195,19.566667556762695,18.31062126159668,17.170000076293945,18.185331344604492,292.1714172363281,287.67999267578125,291.4764709472656,42.81666564941406,48.32472610473633,1.0399999618530273,0.10999999940395355,-1.3700000047683716,-0.12999999523162842
-93.2224,31.2176,0,-2,11,2016,313,119,0.1419992744922638,0.0670820393249937,0,1,0,0,0,0,0,0.7132000000000001,0.3427,8.900000244379044,8.900000244379044,8.900000244379044,12.200000137090683,272.30000019073486,663.5000031292439,1518.0465318858624,0.8742856979370117,0.9639999866485596,1.000666618347168,25.0,28.899999618530273,21.38888931274414,17.010000228881836,17.907777786254883,299.22857666015625,301.5199890136719,303.7366638183594,41.9466667175293,46.2055549621582,1.100000023841858,1.899999976158142,1.1100000143051147,1.1699999570846558
-81.88404722,31.65730833,0,-2,3,2016,75,34,3.402921199798584,0.0,0,0,0,0,0,0,1,0.6031000000000001,0.3138,2.5999999046325684,18.09999990463257,36.10000002384186,180.60000133514404,273.4584378004074,446.6187145113945,1186.3118361532688,1.1899999380111694,0.8600000143051147,0.696250319480896,31.14285659790039,29.53333282470703,27.049903869628906,15.483333587646484,15.667614936828613,301.8285827636719,296.3599853515625,292.9522399902344,37.27333450317383,40.41911315917969,-1.4900000095367432,-1.5099999904632568,-1.559999942779541,-0.9700000286102295
-79.271744,35.498423,0,-2,12,2018,359,89,0.28748345375061035,0.03,0,0,0,0,0,0,1,0.5564,0.2336,26.999999523162842,63.39999955892563,142.09999892115593,343.4999978840351,495.09999781847,1195.2000008523464,1739.8999980390072,0.37714284658432007,0.39766666293144226,0.4615555703639984,12.571428298950195,14.399999618530273,14.04444408416748,18.863332748413086,19.266666412353516,287.528564453125,285.75,290.4422302246094,44.02000045776367,50.25666809082031,5.590000152587891,4.449999809265137,2.5299999713897705,-1.600000023841858
-84.16292778,30.723575,0,-2,3,2017,67,87,0.0,0.03,1,0,0,0,0,0,0,0.5616,0.29510000000000003,0.0,8.699999809265137,45.10000053048134,199.99999943375587,346.0000002682209,492.6000002324581,1577.9999906122684,0.8471428751945496,0.8576666712760925,0.707111120223999,33.71428680419922,27.733333587646484,20.58888816833496,15.023333549499512,17.317777633666992,295.3857116699219,296.9166564941406,294.8777770996094,38.98999786376953,43.622222900390625,1.0800000429153442,1.309999942779541,0.800000011920929,1.5700000524520874
-79.684937,33.478016,0,-2,7,2019,201,18,0.4447542130947113,0.0,0,0,0,0,0,0,1,0.764,0.5172,29.700000047683716,71.70000004768372,162.49999910593033,317.09999963641167,366.40000078082085,547.5999987721443,1588.1999944150448,1.412857174873352,1.253666639328003,1.2261110544204712,17.571428298950195,16.799999237060547,23.66666603088379,17.553333282470703,16.408889770507812,308.1142883300781,306.72332763671875,304.760009765625,45.08333206176758,42.92333221435547,2.2799999713897705,1.8899999856948853,3.009999990463257,5.300000190734863
-88.097,33.081,0,-2,3,2016,60,58,0.025754522532224655,0.0,0,0,0,1,0,0,0,0.5615,0.2958,31.600000023841858,67.19999945163727,149.29999965429306,252.10000014305115,399.7906225323677,699.5513096451759,1311.354782909155,0.6499999761581421,0.6349999904632568,0.4995478689670563,21.571428298950195,21.733333587646484,18.74946403503418,16.34000015258789,17.659791946411133,290.3714294433594,290.1333312988281,288.9713439941406,41.97666549682617,46.527137756347656,-1.2899999618530273,-1.7100000381469727,-1.7999999523162842,-1.8700000047683716
-87.266,31.564,0,-2,5,2018,148,92,0.023355277255177498,0.0670820393249937,1,0,0,0,0,0,0,0.806,0.44730000000000003,63.10000053048134,108.30000093579292,108.30000093579292,227.7000000178814,348.3000018298626,640.0999992489815,1629.7000052332878,1.0114285945892334,1.2293332815170288,0.9434444308280945,20.571428298950195,28.433332443237305,27.155555725097656,15.720000267028809,15.66333293914795,303.5428466796875,304.07000732421875,298.6544494628906,41.383331298828125,41.13222122192383,0.6700000166893005,1.059999942779541,1.6299999952316284,3.430000066757202
-81.6132,27.9745,0,-2,2,2016,44,49,2.3266804218292236,0.03,0,0,0,0,0,0,1,0.6832,0.33690000000000003,0.0,22.600000858306885,159.1999989748001,214.5068143606186,308.97488099336624,637.5316433012486,1601.3834549486637,0.6357142925262451,0.7329999804496765,0.8248468041419983,29.428571701049805,24.83333396911621,25.931941986083984,16.479999542236328,16.232505798339844,292.74285888671875,294.4766540527344,297.7041931152344,42.41999816894531,47.333160400390625,4.289999961853027,3.1600000858306885,3.119999885559082,2.940000057220459
-82.559588,35.808847,0,-2,4,2016,100,669,0.6160929203033447,0.0,0,0,0,0,0,0,1,0.4818,0.2852,9.099999904632568,31.199999809265137,40.5999995470047,119.5999984741211,210.79999899864197,577.5789246857166,1242.9297188818455,0.6200000047683716,0.7680000066757202,0.5022222399711609,27.571428298950195,26.133333206176758,21.11111068725586,15.300000190734863,16.81333351135254,288.0,292.20001220703125,285.76220703125,35.880001068115234,40.22111129760742,2.190000057220459,3.2100000381469727,2.930000066757202,-1.1299999952316284
-77.993616,36.106871,0,-2,2,2018,54,53,0.001967751421034336,0.0,0,0,0,0,0,0,1,0.4762,0.28550000000000003,8.0,16.59999990463257,84.00000035762787,146.3999997973442,203.00000140070915,399.8000010251999,1091.7000057399273,0.46857142448425293,0.45899999141693115,0.43566668033599854,18.0,19.299999237060547,22.866666793823242,17.950000762939453,17.14666748046875,291.5,288.3800048828125,285.4255676269531,45.290000915527344,39.77666473388672,-1.75,-2.009999990463257,-1.2000000476837158,1.309999942779541
-84.4173,30.4269,0,-2,5,2018,146,36,0.7328624129295349,0.09486832980505139,1,0,0,0,0,0,0,0.7902,0.5026,50.20000076293945,123.19999933242798,123.19999933242798,227.60000085830688,397.49999952316284,629.5000008046627,1451.6999956667423,1.031428575515747,1.3556666374206543,1.0245555639266968,19.285715103149414,31.5,30.177778244018555,14.203333854675293,14.880000114440918,303.28570556640625,303.59332275390625,299.086669921875,40.459999084472656,40.571109771728516,-1.2300000190734863,-1.3799999952316284,-1.4299999475479126,-0.09000000357627869
-80.636287,36.547404,0,-2,2,2017,58,387,0.5133572220802307,0.06,0,0,0,0,0,0,1,0.5865,0.2449,8.400000095367432,14.800000190734863,26.0,129.80000108480453,190.10000011324883,377.1999996006489,1160.1999962329865,0.6742857098579407,0.7046666741371155,0.511888861656189,37.28571319580078,32.63333511352539,26.899999618530273,13.239999771118164,15.449999809265137,290.8999938964844,288.663330078125,285.0177917480469,27.34000015258789,36.831111907958984,-1.6299999952316284,-1.409999966621399,1.0299999713897705,2.5899999141693115
-81.276085,33.843605,0,-2,2,2016,42,169,1.104560136795044,0.03,0,0,0,0,0,0,1,0.5132,0.27390000000000003,0.5,42.59999918937683,82.29999876022339,228.4273042678833,297.82920122146606,1030.5644508302212,1671.380540907383,0.5242857336997986,0.5149999856948853,0.5524210929870605,26.428571701049805,23.633333206176758,20.61884307861328,15.960000038146973,17.00401496887207,283.8857116699219,286.2466735839844,289.65838623046875,39.849998474121094,43.27626419067383,4.159999847412109,4.639999866485596,3.859999895095825,1.0800000429153442
-82.132,30.38191667,0,-2,12,2018,335,21,0.028683602809906006,0.06,1,0,0,0,0,0,0,0.7804,0.43170000000000003,57.59999895095825,59.29999899864197,134.50000110268593,166.60000148415565,317.8000017404556,892.7000026106834,1578.799995392561,0.5828571319580078,0.6206666827201843,0.9363333582878113,18.14285659790039,17.899999618530273,17.922222137451172,19.10333251953125,18.479999542236328,291.8857116699219,295.55999755859375,301.4710998535156,47.926666259765625,46.47999954223633,2.609999895095825,2.319999933242798,3.3499999046325684,2.7100000381469727
-78.59886,35.083706,0,-2,2,2016,54,43,0.024640418589115143,0.18973665961010278,0,0,0,0,0,1,0,0.7554000000000001,0.5353,13.300000190734863,51.099998861551285,157.29999831318855,248.9426084458828,371.7245205640793,862.930912643671,1489.309584915638,0.4285714328289032,0.4636666774749756,0.4777463674545288,27.0,24.233333587646484,20.860530853271484,16.453332901000977,16.899824142456055,288.8285827636719,286.433349609375,287.66448974609375,44.040000915527344,46.86040496826172,4.150000095367432,3.8399999141693115,2.640000104904175,1.3300000429153442
-83.73566111,32.75543056,0,-2,2,2017,52,125,0.10555582493543625,0.06,0,0,0,1,0,0,0,0.5356000000000001,0.24200000000000002,10.000000238418579,17.600000143051147,40.80000019073486,341.70000344514847,499.2000042796135,575.400005042553,1186.0000061392784,0.7671428322792053,0.7043333053588867,0.6338889002799988,32.57143020629883,23.766666412353516,22.88888931274414,15.873332977294922,17.281110763549805,294.1714172363281,292.75,291.9444580078125,38.060001373291016,43.7055549621582,-1.0,-1.9700000286102295,-2.759999990463257,1.5299999713897705
-83.31150278,31.81644167,0,-2,1,2017,21,70,0.710356593132019,0.042426406871192854,0,0,0,0,0,1,0,0.5684,0.2464,88.79999828338623,88.79999828338623,157.4999977350235,376.7999964058399,376.7999964058399,615.0999934375286,1261.1999914944172,0.7514285445213318,0.6483333110809326,0.8121110796928406,17.0,18.0,29.366666793823242,18.28333282470703,16.274444580078125,298.0571594238281,293.7966613769531,295.03778076171875,46.810001373291016,39.39666748046875,-1.2300000190734863,-1.7100000381469727,-1.2699999809265137,1.0
-81.4748,27.4329,0,-2,2,2017,58,44,0.40928956866264343,0.03,0,0,0,0,1,0,0,0.6146,0.34390000000000004,13.300000190734863,15.500000238418579,20.800000250339508,51.80000025033951,85.00000029802322,368.20000100135803,1484.2000035643578,0.9028571248054504,1.028333306312561,0.964555561542511,32.14285659790039,31.733333587646484,27.41111183166504,15.326666831970215,16.671112060546875,299.3285827636719,299.38665771484375,299.54443359375,37.0433349609375,42.08333206176758,1.0199999809265137,1.7999999523162842,3.0799999237060547,4.230000019073486
-78.849951,35.320913,0,-2,12,2016,362,57,0.152418315410614,0.10816653826391967,0,0,0,0,0,1,0,0.6352,0.2766,1.0999999940395355,15.199999898672104,50.40000054240227,65.6000007390976,294.2000068426132,844.9000083208084,1434.4530129730701,0.47999998927116394,0.4676666557788849,0.673111081123352,25.428571701049805,24.100000381469727,23.788888931274414,16.969999313354492,16.774444580078125,289.3999938964844,286.6966552734375,292.3677673339844,46.95333480834961,42.418888092041016,3.2899999618530273,3.9600000381469727,1.7400000095367432,1.4600000381469727
-81.7697,29.9689,0,-2,6,2018,152,43,0.11064261943101883,0.16155494421403513,1,0,0,0,0,0,0,0.5564,0.28150000000000003,108.29999876022339,147.2999987602234,234.39999985694885,421.3999996781349,468.99999994039536,677.9000019431114,2048.3000095188618,1.0099999904632568,1.1023333072662354,1.0583332777023315,11.142857551574707,22.933332443237305,29.5,16.709999084472656,15.158888816833496,303.4285583496094,302.8066711425781,299.6966552734375,48.253334045410156,40.633331298828125,3.5,3.0799999237060547,3.5799999237060547,4.139999866485596
-84.41388889,32.5925,0,-2,12,2017,337,204,0.007267775014042854,0.06,0,0,0,1,0,0,0,0.5527000000000001,0.33490000000000003,1.2000000476837158,1.2000000476837158,46.100000739097595,159.60000038146973,266.79999735951424,618.29999345541,1474.1999917030334,0.6299999952316284,0.531333327293396,0.7355555295944214,24.285715103149414,21.100000381469727,21.94444465637207,18.24333381652832,17.850000381469727,294.028564453125,292.4766540527344,297.28887939453125,46.753334045410156,45.851112365722656,1.2999999523162842,1.4600000381469727,-0.6399999856948853,-1.6200000047683716
-85.24972222,34.07333333,0,-2,4,2018,90,267,0.05205891281366348,0.1341640786499874,1,0,0,0,0,0,0,0.5385,0.27840000000000004,20.50000038743019,62.09999945759773,133.6999982893467,332.20000126957893,366.40000143647194,589.4000020027161,1377.6999999284744,0.5299999713897705,0.6159999966621399,0.5307777523994446,21.714284896850586,22.700000762939453,25.955554962158203,15.536666870117188,15.172222137451172,291.3571472167969,290.02667236328125,288.0255432128906,40.54666519165039,41.62444305419922,-1.8600000143051147,-2.190000057220459,-1.7100000381469727,-1.2000000476837158
-82.538737,35.768012,0,-2,3,2016,78,683,1.6935350894927979,0.0,0,0,0,0,0,0,1,0.6121,0.31220000000000003,5.400000095367432,5.900000095367432,51.50000065565109,133.10000175237656,251.79403465986252,702.0993684530258,1257.944359511137,1.131428599357605,0.6510000228881836,0.44315630197525024,25.428571701049805,19.766666412353516,18.00181770324707,17.906665802001953,17.593713760375977,297.528564453125,290.4166564941406,284.8835754394531,41.5099983215332,43.39281463623047,3.509999990463257,3.5299999713897705,2.6600000858306885,-1.4299999475479126
-88.79416667,34.66055556,0,-2,9,2018,269,197,0.11977002024650574,0.0,0,0,0,0,0,0,1,0.7156,0.394,91.79999750852585,96.09999769926071,129.8999972641468,216.19999793171883,306.99999818205833,791.0999974608421,1649.4999989271164,0.7514286041259766,0.9513333439826965,0.9667778015136719,14.0,20.16666603088379,20.41111183166504,18.21666717529297,17.45777702331543,302.75714111328125,304.0433349609375,304.6011047363281,54.926666259765625,53.880001068115234,1.690000057220459,1.7999999523162842,2.0199999809265137,-1.059999942779541
-81.463026,35.572568,0,-2,12,2018,337,386,0.8158236145973206,0.06,0,0,0,0,0,0,1,0.5618000000000001,0.32270000000000004,21.799999475479126,57.99999910593033,211.70000058412552,453.60000389814377,620.8000038862228,887.900002270937,1709.6000000834465,0.37857145071029663,0.3296666741371155,0.550777792930603,12.857142448425293,9.300000190734863,14.277777671813965,20.156667709350586,19.25777816772461,285.4571533203125,285.5366516113281,293.6988830566406,50.87666702270508,51.74444580078125,4.329999923706055,3.059999942779541,2.109999895095825,1.9900000095367432
-92.6887,30.8667,0,-2,6,2019,165,40,0.022809118032455444,0.17492855684535902,0,0,0,0,1,0,0,0.8525,0.4721,0.0,56.89999830722809,131.79999688267708,413.49999764561653,632.2999962866306,999.9999930560589,1767.2999922335148,1.087142825126648,1.0190000534057617,0.8428888916969299,27.0,23.5,22.53333282470703,16.3266658782959,16.974445343017578,304.5428466796875,304.6066589355469,300.2633361816406,51.77000045776367,49.88222122192383,2.049999952316284,1.5399999618530273,-0.5400000214576721,0.3799999952316284
-84.711217,36.128433,0,-2,2,2018,42,441,0.16615349054336548,0.10816653826391967,1,0,0,0,0,0,0,0.4576,0.253,115.60000205039978,133.80000177025795,158.60000172257423,244.70000126957893,278.5000022947788,580.7000027894974,1549.4999985992908,0.25,0.30300000309944153,0.3226666748523712,13.428571701049805,21.233333587646484,20.677778244018555,17.760000228881836,17.782222747802734,284.5857238769531,280.86334228515625,281.8699951171875,43.67333221435547,42.21666717529297,0.800000011920929,1.3899999856948853,2.200000047683716,-0.800000011920929
-81.16144722,32.08618611,0,-2,1,2016,14,11,5.969062805175781,0.0,0,0,0,0,0,0,1,0.332,0.2001,0.9000000357627869,8.199999749660492,53.841166108846664,94.47650590538979,165.2857250571251,652.6342601776123,1291.9938116967678,0.5328571796417236,0.6402472257614136,0.6561446785926819,31.0,25.119640350341797,22.398418426513672,15.68508243560791,17.24494743347168,288.5714111328125,292.51318359375,295.0448303222656,46.52650451660156,48.68489074707031,0.8899999856948853,1.159999966621399,1.440000057220459,1.0399999618530273
-83.25151667,31.80721944,0,-2,5,2018,148,88,0.35778436064720154,0.03,0,0,0,0,0,0,1,0.7572,0.49360000000000004,116.30000019073486,200.60000151395798,206.20000141859055,285.3000012040138,370.2000013887882,688.3000018000603,1309.1000027954578,0.9114285707473755,1.253000020980835,0.9620000123977661,13.857142448425293,29.53333282470703,29.844444274902344,14.930000305175781,14.748888969421387,302.6428527832031,302.97332763671875,297.7933349609375,41.39666748046875,39.66444396972656,-0.9700000286102295,-1.1100000143051147,-0.8700000047683716,0.6800000071525574
-83.18527778,32.64032222,0,-2,9,2018,248,143,0.06854934990406036,0.03,0,0,0,1,0,0,0,0.8466,0.5976,1.7999999523162842,2.1999999582767487,71.70000007748604,153.80000028014183,324.699998319149,657.1999934315681,1169.099988847971,1.2257142066955566,1.0456666946411133,1.0557777881622314,23.571428298950195,18.600000381469727,16.811111450195312,17.633333206176758,17.615554809570312,305.9571533203125,305.5466613769531,305.53887939453125,48.34333419799805,49.09555435180664,1.2000000476837158,1.2599999904632568,-1.5299999713897705,-1.2799999713897705
-84.08683333,31.45423611,0,-2,11,2017,320,70,0.0645119771361351,0.06,0,0,0,0,0,1,0,0.5296000000000001,0.3037,0.0,5.0,26.100000143051147,45.79999989271164,172.10000103712082,643.2999978065491,1353.7000007629395,0.5185714364051819,0.7796666622161865,0.9537777900695801,24.428571701049805,25.53333282470703,22.988889694213867,17.670000076293945,17.51555633544922,292.0857238769531,296.7300109863281,301.6844482421875,41.45333480834961,45.86666488647461,-0.7300000190734863,-0.11999999731779099,-0.5699999928474426,-1.5499999523162842
-78.174539,35.090431,0,-2,3,2017,59,54,0.02413211390376091,0.03,0,0,0,0,0,0,1,0.5649000000000001,0.26890000000000003,0.0,17.0,29.59999990463257,115.7999997138977,205.30000030994415,784.8999940156937,1483.9999930858612,0.8285714387893677,0.7763333320617676,0.5633333325386047,36.28571319580078,29.266666412353516,21.922222137451172,14.373332977294922,16.962223052978516,296.22857666015625,292.413330078125,288.98779296875,32.400001525878906,42.612220764160156,2.8399999141693115,3.690000057220459,4.28000020980835,2.930000066757202
-81.5859,26.5882,0,-2,3,2016,72,12,3.338071823120117,0.0,0,0,0,0,0,0,1,0.5582,0.37160000000000004,0.0,0.0,33.59999978542328,406.2000058889389,514.315157443285,808.7024101614952,2050.270057082176,0.8985714316368103,0.8159999847412109,0.7636920809745789,29.85714340209961,24.766666412353516,20.341793060302734,16.226667404174805,17.596464157104492,300.55712890625,298.6700134277344,297.6605224609375,44.016666412353516,47.70921325683594,3.990000009536743,3.240000009536743,0.7300000190734863,1.1100000143051147
-87.56,34.685,0,-2,2,2016,38,170,0.9163353443145752,0.0,0,0,0,1,0,0,0,0.368,0.2056,31.50000035762787,53.100000739097595,126.59999930858612,321.1809781193733,471.1843485534191,701.3167764544487,1540.477420926094,0.6028571724891663,0.39899998903274536,0.4404580593109131,13.0,19.46666717529297,18.312408447265625,17.316665649414062,17.908464431762695,287.5428466796875,283.7699890136719,287.6383972167969,48.040000915527344,49.06946563720703,1.2200000286102295,1.0700000524520874,0.7900000214576721,1.190000057220459
-89.652,32.389,0,-2,3,2016,80,148,0.0,0.03,0,0,0,0,0,0,1,0.6518,0.2803,31.700000762939453,179.59999799728394,247.6999980211258,523.7999957799911,591.4128083586693,1081.0445758998394,1599.00983273983,0.9942857027053833,0.7176666855812073,0.5810153484344482,20.0,16.66666603088379,19.211902618408203,17.920000076293945,17.476581573486328,295.4428405761719,293.9700012207031,290.71099853515625,45.36000061035156,45.28355026245117,2.0199999809265137,1.1200000047683716,-0.8100000023841858,-1.7200000286102295
-81.6824,26.5829,0,-2,4,2017,100,10,7.446529865264893,0.0,0,0,0,0,0,0,1,0.4792,0.3357,3.6999999284744263,4.9999998807907104,18.09999978542328,59.39999985694885,73.19999983906746,147.7000005543232,1642.1000059843063,1.2885714769363403,1.1886667013168335,1.039222240447998,36.85714340209961,34.36666488647461,29.622222900390625,14.223333358764648,15.657777786254883,302.1571350097656,301.4866638183594,300.49444580078125,34.93333435058594,39.40666580200195,-2.3499999046325684,0.8199999928474426,2.130000114440918,4.440000057220459
-83.73758056,34.97301944,0,-2,3,2016,67,621,0.4333646297454834,0.03,1,0,0,0,0,0,0,0.4168,0.1933,20.20000010728836,63.3999999165535,129.40000015497208,257.2000009417534,540.4632050395012,1045.595256447792,1850.2222343981266,0.4399999976158142,0.3386666774749756,0.33721259236335754,14.857142448425293,15.833333015441895,12.834321975708008,18.100000381469727,19.375459671020508,286.5,283.8033447265625,284.8399658203125,41.913333892822266,45.728336334228516,3.359999895095825,3.5799999237060547,2.140000104904175,0.6100000143051147
-82.224035,35.259647,0,-2,4,2017,99,355,1.253531575202942,0.03,0,0,0,0,0,0,1,0.7024,0.4136,88.50000077486038,148.00000232458115,193.20000165700912,227.60000175237656,325.30000376701355,537.500004529953,1251.4000081121922,0.6757143139839172,0.6570000052452087,0.613111138343811,21.85714340209961,27.33333396911621,27.366666793823242,15.316666603088379,14.923333168029785,291.3857116699219,289.8133239746094,289.2422180175781,40.47999954223633,39.442222595214844,-4.590000152587891,-4.320000171661377,-3.7100000381469727,-2.2300000190734863
-83.0355,29.6148,0,-2,6,2016,163,29,0.09770757704973221,0.0670820393249937,1,0,0,0,0,0,0,0.6709,0.5082,75.69999995827675,97.69999971985817,134.59999933838844,173.90000000596046,317.8000027537346,535.2893064618111,1588.964005947113,1.1885714530944824,1.2856667041778564,1.1446666717529297,23.428571701049805,27.633333206176758,28.288888931274414,15.886666297912598,15.585555076599121,305.81427001953125,305.5899963378906,302.5299987792969,42.4566650390625,41.77777862548828,-1.4500000476837158,-1.2000000476837158,-1.2699999809265137,0.7799999713897705
-78.14827,33.944773,0,-2,1,2017,11,16,0.0,0.0,0,0,0,0,0,0,1,0.6666000000000001,0.30160000000000003,15.800000250339508,31.700000286102295,75.40000066161156,217.00000008940697,218.80000004172325,983.6999905407429,1775.1999924778938,0.30714285373687744,0.4346666634082794,0.5891110897064209,13.0,13.433333396911621,19.766666412353516,19.75,18.196666717529297,282.5,287.77667236328125,291.4666748046875,50.746665954589844,44.540000915527344,1.7400000095367432,1.659999966621399,2.119999885559082,2.9000000953674316
-86.03,31.897,0,-2,3,2016,76,124,0.01661604642868042,0.03,1,0,0,0,0,0,0,0.47550000000000003,0.2265,1.399999976158142,29.600000739097595,69.6000007390976,221.10000324249268,527.9475282430649,917.3244570493698,1430.939798682928,1.1028571128845215,0.7350000143051147,0.5595176815986633,27.14285659790039,22.96666717529297,19.58928871154785,17.010000228881836,17.35373878479004,300.77142333984375,295.17999267578125,291.18450927734375,45.02333450317383,46.97864532470703,1.7699999809265137,2.0799999237060547,-2.2100000381469727,-3.3499999046325684
-79.310961,36.253687,0,-2,12,2016,336,215,1.1824464797973633,0.042426406871192854,0,0,0,1,0,0,0,0.531,0.2591,4.699999988079071,11.600000083446503,27.9999997317791,149.59999963641167,344.40000012516975,765.1999951899052,1437.7634524703026,0.6442856788635254,0.7456666827201843,0.7718889117240906,26.14285659790039,27.066667556762695,22.655555725097656,16.290000915527344,17.421112060546875,290.8999938964844,291.6300048828125,296.3377685546875,31.606666564941406,42.7599983215332,2.3299999237060547,3.0299999713897705,2.319999933242798,2.180000066757202
-79.196564,34.872139,0,-2,1,2016,30,69,5.635936260223389,0.0,0,0,0,0,0,0,1,0.4302,0.222,1.7999999523162842,30.999999463558197,50.39999943971634,215.3820480108261,348.5860542654991,808.2801283299923,1353.5849402844906,0.43142858147621155,0.4103333353996277,0.5135840773582458,26.0,23.633333206176758,19.069910049438477,15.313333511352539,17.357755661010742,286.55712890625,283.4766540527344,289.5809020996094,41.65999984741211,46.59335708618164,3.140000104904175,2.450000047683716,0.8100000023841858,0.9700000286102295
-86.48361111,31.15777778,0,-2,4,2017,107,48,0.006882434245198965,0.15,0,0,0,0,1,0,0,0.8545,0.521,2.299999952316284,10.399999856948853,80.00000143051147,170.49999964237213,345.10000002384186,772.2999943196774,1384.399990350008,1.2242857217788696,1.1493333578109741,0.8907777667045593,32.85714340209961,32.36666488647461,25.64444351196289,14.5600004196167,15.823333740234375,302.1856994628906,300.6333312988281,296.7755432128906,35.72999954223633,38.282222747802734,-0.7900000214576721,0.8899999856948853,-0.9800000190734863,0.9399999976158142
-93.935,32.7207,0,-2,4,2018,90,75,0.04115937650203705,0.03,0,0,1,0,0,0,0,0.7814,0.38520000000000004,82.29999923706055,82.29999923706055,103.79999929666519,445.60000136494637,521.1000012457371,730.2999991774559,1385.2000029087067,0.6571428775787354,0.8080000281333923,0.5382222533226013,23.0,25.066667556762695,23.122222900390625,14.74666690826416,16.974443435668945,296.8714294433594,295.26666259765625,289.74334716796875,39.18333435058594,44.34333419799805,1.149999976158142,-1.1799999475479126,-1.8700000047683716,-0.12999999523162842
-88.48991129,34.53467158,0,-2,4,2016,97,115,0.06054623797535896,0.08485281374238571,1,0,0,0,0,0,0,0.7092,0.44270000000000004,14.5,87.49999886751175,145.5999982059002,235.19999888539314,393.8999976217747,785.630553662777,1506.2411109805107,0.9628571271896362,0.7883333563804626,0.5375555753707886,24.571428298950195,22.200000762939453,18.177778244018555,16.016666412353516,17.45222282409668,295.4142761230469,294.97332763671875,288.8622131347656,42.176666259765625,44.71888732910156,0.8199999928474426,0.8999999761581421,1.090000033378601,1.909999966621399
-89.41638889,30.80805556,0,-2,8,2019,221,71,0.33974990248680115,0.08485281374238571,1,0,0,0,0,0,0,0.8145,0.5276000000000001,6.100000202655792,27.30000039935112,148.0000019967556,312.30000391602516,376.2000040113926,1110.3000104427338,2061.000013202429,1.0557142496109009,0.9013333320617676,1.0552222728729248,19.0,17.33333396911621,20.622222900390625,18.126667022705078,17.168888092041016,306.8571472167969,305.3500061035156,305.4344482421875,53.69333267211914,49.697776794433594,3.2899999618530273,3.240000009536743,2.4000000953674316,3.619999885559082
-85.30346389,33.82213056,0,-2,1,2017,28,346,0.1445256918668747,0.06,1,0,0,0,0,0,0,0.4943,0.20370000000000002,61.2000016272068,119.7000028192997,206.6000026166439,305.90000382065773,363.4000053703785,474.7000053226948,1103.9000056684017,0.5685714483261108,0.5933333039283752,0.679444432258606,14.714285850524902,16.66666603088379,29.22222137451172,18.459999084472656,16.20222282409668,288.1856994628906,288.67999267578125,290.3511047363281,43.869998931884766,37.84000015258789,-4.059999942779541,-4.269999980926514,-3.740000009536743,-1.899999976158142
-87.342,33.337,0,-2,8,2018,221,184,0.0,0.06,0,0,0,0,0,0,0,0.678,0.41150000000000003,24.80000001192093,66.6999984383583,160.0999976992607,306.59999853372574,487.8999974131584,894.3999992311001,1462.7999969422817,1.1242856979370117,1.1506667137145996,1.0998889207839966,19.14285659790039,19.133333206176758,19.77777862548828,16.926666259765625,16.953332901000977,306.18572998046875,305.67999267578125,305.07110595703125,48.61333465576172,49.91999816894531,1.5199999809265137,1.149999976158142,-0.6200000047683716,-1.7899999618530273
-79.761101,34.108566,0,-2,5,2016,151,33,0.30226823687553406,0.0,0,0,0,0,0,0,1,0.7317,0.5282,26.90000009536743,78.40000039339066,157.6000016629696,275.9999998509884,324.00000086426735,692.9391153752804,1679.2196012437344,1.1142857074737549,1.0056666135787964,0.9633333086967468,25.571428298950195,25.799999237060547,30.577777862548828,15.75,14.557777404785156,302.72857666015625,300.10333251953125,297.814453125,46.09000015258789,40.94333267211914,4.429999828338623,3.799999952316284,4.630000114440918,3.7100000381469727
-81.016,27.5021,0,-2,10,2017,284,23,0.1421486884355545,0.0,0,0,0,0,0,0,1,0.7019000000000001,0.39030000000000004,18.100000023841858,122.80000126361847,181.90000078082085,604.0000000596046,787.1000006198883,1285.7000014781952,1382.600000321865,1.0928571224212646,1.0793333053588867,1.1245555877685547,9.428571701049805,10.166666984558105,11.133333206176758,18.93000030517578,18.860000610351562,304.6428527832031,304.77667236328125,305.8566589355469,53.30666732788086,52.02555465698242,2.490000009536743,-1.899999976158142,-2.549999952316284,-3.180000066757202
-82.6773,29.8473,0,-2,5,2018,125,17,0.3826667368412018,0.08485281374238571,1,0,0,0,0,0,0,0.7603000000000001,0.5457000000000001,0.0,16.600000381469727,127.50000095367432,236.19999960064888,259.1999993622303,557.2000027000904,1633.2999996244907,1.440000057220459,1.21233332157135,1.076444387435913,36.0,26.933332443237305,27.66666603088379,15.649999618530273,15.7877779006958,303.6142883300781,301.5833435058594,299.8166809082031,36.59000015258789,36.95222091674805,1.840000033378601,1.3300000429153442,2.0,2.069999933242798
-84.06033333,31.009,0,-2,9,2018,266,92,0.01684662699699402,0.06,0,0,1,0,0,0,0,0.6976,0.40950000000000003,0.0,15.09999966621399,109.49999889731407,315.79999977350235,494.4999976158142,957.7999938726425,1388.4999961853027,1.1571428775787354,1.0839999914169312,0.9564444422721863,21.714284896850586,14.866666793823242,12.100000381469727,18.40999984741211,18.93555450439453,306.79998779296875,305.8800048828125,305.3877868652344,49.59333419799805,52.72888946533203,2.7300000190734863,2.4700000286102295,-1.0099999904632568,-2.619999885559082
-83.90552222,30.91525556,0,-2,3,2016,68,77,0.13973046839237213,0.042426406871192854,1,0,0,0,0,0,0,0.6312,0.3408,21.200000762939453,22.100000739097595,83.10000169277191,218.79999938607216,335.33135119080544,516.0400219857693,1063.9429643452168,0.7342857122421265,0.7113333344459534,0.5980098843574524,29.14285659790039,29.566667556762695,22.518991470336914,14.59999942779541,16.785476684570312,294.6856994628906,293.10333251953125,292.0044250488281,36.709999084472656,45.877716064453125,-1.559999942779541,-1.850000023841858,-2.0799999237060547,-1.399999976158142
-79.819504,34.105801,0,-2,3,2018,87,41,0.5581202507019043,0.0,0,0,0,0,0,0,1,0.5084000000000001,0.3003,1.399999976158142,21.70000034570694,80.99999958276749,144.89999949932098,167.39999976754189,376.09999799728394,1211.6999950110912,0.6128571629524231,0.6790000200271606,0.6183333396911621,36.42856979370117,33.96666717529297,31.96666717529297,13.233333587646484,14.276666641235352,288.6714172363281,290.0299987792969,289.1288757324219,35.80666732788086,36.838890075683594,-1.2699999809265137,0.7200000286102295,1.5800000429153442,2.7799999713897705
-79.269167,35.77031,0,-2,4,2016,100,172,0.6505680084228516,0.06,1,0,0,0,0,0,0,0.6835,0.3275,2.5,59.70000058412552,91.70000046491623,183.70000153779984,256.20000129938126,684.5784783363342,1395.8790193498135,0.7599999904632568,0.9043333530426025,0.609333336353302,32.28571319580078,30.0,26.100000381469727,14.286666870117188,15.29111099243164,290.20001220703125,293.9200134277344,287.8477783203125,37.68333435058594,39.488887786865234,2.5799999237060547,3.309999942779541,2.759999990463257,0.11999999731779099
-82.32424444,32.65410556,0,-2,2,2017,44,91,0.03849785774946213,0.03,0,0,0,0,0,0,1,0.6057,0.2584,27.399999141693115,27.399999141693115,116.09999909996986,277.7999982535839,407.1999969780445,637.0999935269356,1209.599998086691,0.7328571081161499,0.7213333249092102,0.6625555753707886,20.714284896850586,21.83333396911621,25.35555648803711,17.3700008392334,17.066667556762695,294.74285888671875,293.6199951171875,292.3377685546875,40.0966682434082,42.14111328125,1.0099999904632568,-0.8399999737739563,-1.2999999523162842,-0.5899999737739563
-81.76281,33.388348,0,-2,4,2017,90,116,0.21105806529521942,0.0,0,0,0,0,0,0,1,0.6135,0.3269,7.299999952316284,24.69999921321869,53.19999843835831,111.19999933242798,355.59999892115593,606.4999988377094,1290.7000030875206,1.2857142686843872,1.000666618347168,0.8701111078262329,34.42856979370117,35.06666564941406,28.08888816833496,13.380000114440918,14.99666690826416,301.18572998046875,294.99334716796875,294.09222412109375,30.523332595825195,34.12333297729492,-0.7900000214576721,1.0,-0.7799999713897705,0.009999999776482582
-87.759,31.883,0,-2,3,2017,59,119,0.30756229162216187,0.06,1,0,0,0,0,0,0,0.5165000000000001,0.27690000000000003,20.100000381469727,40.30000019073486,73.29999947547913,363.70000076293945,502.7000025212765,630.7000003159046,1407.1000069081783,0.7328571677207947,0.675000011920929,0.5815555453300476,30.285715103149414,21.899999618530273,18.455554962158203,16.263334274291992,17.81333351135254,295.1714172363281,294.163330078125,291.92999267578125,43.25666809082031,46.95888900756836,-0.9900000095367432,-0.8500000238418579,-1.8899999856948853,1.1699999570846558
-82.35280833,33.76616667,0,-2,3,2018,79,127,0.031369034200906754,0.09486832980505139,0,0,0,1,0,0,0,0.6066,0.2616,24.499999523162842,40.799999713897705,65.29999935626984,175.80000114440918,211.70000177621841,382.60000228881836,1129.5000014603138,0.9199999570846558,0.7450000047683716,0.5904444456100464,32.71428680419922,29.5,29.53333282470703,14.306666374206543,14.842222213745117,294.0142822265625,292.76666259765625,288.881103515625,37.38333511352539,36.9900016784668,-2.5999999046325684,-2.109999895095825,-1.7999999523162842,-1.059999942779541
-84.58944444,33.53722222,0,-2,5,2018,149,297,10.983345031738281,0.03,0,0,0,1,0,0,0,0.6176,0.3593,32.800000220537186,125.8000023663044,137.80000254511833,288.6000028550625,418.8000026643276,807.2000017464161,1588.000000178814,0.8971428871154785,1.097000002861023,0.8653333187103271,17.0,27.100000381469727,26.377777099609375,15.206666946411133,14.960000038146973,302.28570556640625,302.1533203125,295.9044494628906,45.61000061035156,41.95111083984375,2.0199999809265137,1.7000000476837158,1.840000033378601,2.0999999046325684
-83.11,31.4175,0,-2,5,2018,141,89,0.0,0.0,0,0,0,0,0,0,1,0.547,0.35500000000000004,73.799999833107,83.90000021457672,108.70000064373016,165.10000044107437,220.70000156760216,468.10000163316727,1205.8000021576881,0.8471428751945496,1.2259999513626099,0.9503333568572998,20.428571701049805,33.13333511352539,32.46666717529297,14.15666675567627,14.348888397216797,301.4285583496094,301.78668212890625,297.57000732421875,38.336666107177734,39.233333587646484,-1.9900000095367432,-1.8200000524520874,-0.8899999856948853,0.6299999952316284
-80.477739,35.927345,0,-2,4,2017,108,239,0.2818513512611389,0.03,0,0,0,0,0,0,1,0.6905,0.38380000000000003,1.600000023841858,23.899999260902405,75.90000021457672,123.20000106096268,224.70000034570694,374.3999984264374,1052.3999963104725,1.2000000476837158,0.9459999799728394,0.7438889145851135,37.57143020629883,32.599998474121094,28.866666793823242,14.130000114440918,14.8100004196167,299.5142822265625,295.8500061035156,291.45556640625,35.75,32.962223052978516,-2.190000057220459,-1.940000057220459,-1.600000023841858,1.6100000143051147
-79.345181,34.820646,0,-2,11,2016,318,63,0.4476710855960846,0.0,0,0,0,0,0,0,1,0.5697,0.3064,29.200000762939453,29.500000774860382,29.80000078678131,415.699993789196,544.0999904572964,897.4999932050705,1475.2562701106071,0.6514285802841187,0.8813333511352539,1.048888921737671,30.85714340209961,28.46666717529297,24.655555725097656,16.25666618347168,16.773332595825195,290.6571350097656,296.59332275390625,301.0522155761719,35.97999954223633,42.801109313964844,2.5399999618530273,1.1200000047683716,1.649999976158142,1.649999976158142
-79.41745,34.355789,0,-2,5,2019,131,23,0.20241500437259674,0.0,0,0,0,0,0,0,1,0.6378,0.36210000000000003,6.600000023841858,33.200000405311584,87.20000106096268,182.70000240206718,281.60000291466713,607.6999996304512,1906.3000059723854,0.927142858505249,1.0483332872390747,0.7586666941642761,27.428571701049805,29.066667556762695,25.64444351196289,14.59000015258789,15.463333129882812,301.4857177734375,300.1266784667969,294.1944580078125,41.720001220703125,44.29111099243164,4.960000038146973,4.980000019073486,5.949999809265137,4.789999961853027
-82.1683,26.9906,0,-2,2,2017,32,5,0.0,0.0,1,0,0,0,0,0,0,0.6327,0.3467,5.599999904632568,13.5,30.699999690055847,37.799999833106995,39.09999978542328,916.000002592802,1858.7000021636486,0.7542856931686401,0.8063333630561829,0.8704444766044617,23.571428298950195,22.266666412353516,24.188888549804688,17.356666564941406,17.695554733276367,295.0571594238281,297.95001220703125,299.6533203125,44.5966682434082,44.911109924316406,2.490000009536743,3.4000000953674316,5.409999847412109,2.930000066757202
-80.185066,34.113628,0,-2,7,2019,199,54,3.840078830718994,0.0,0,0,0,0,0,0,1,0.7688,0.5923,19.999999523162842,46.90000033378601,105.90000015497208,213.20000052452087,291.899999409914,513.7999979257584,1414.1999939382076,1.367142915725708,1.2706667184829712,1.230222225189209,23.714284896850586,23.0,29.05555534362793,16.27666664123535,15.300000190734863,307.0,306.2366638183594,303.9255676269531,44.21666717529297,41.92222213745117,2.5299999713897705,2.5799999237060547,3.180000066757202,4.239999771118164
-80.63099,36.34915,0,-2,10,2018,274,363,0.1017211377620697,0.06,0,1,0,0,0,0,0,0.39880000000000004,0.2545,49.19999837875366,49.19999837875366,144.89999949932098,245.70000058412552,526.000002861023,963.2000060379505,1419.9000080823898,0.6871428489685059,0.7680000066757202,0.8975555300712585,15.0,16.16666603088379,15.377778053283691,18.579999923706055,18.475555419921875,299.6999816894531,300.7733459472656,302.10333251953125,57.176666259765625,51.43333435058594,3.2799999713897705,3.0299999713897705,1.690000057220459,-0.6499999761581421
-81.7432,27.9612,0,-2,4,2016,113,47,2.4133224487304688,0.0,0,0,0,0,0,1,0,0.41100000000000003,0.3261,0.8999999761581421,10.300000190734863,151.10000067949295,174.50000089406967,288.0000004172325,526.2668227553368,1517.3006975650787,1.1271429061889648,1.1163333654403687,0.9589999914169312,34.57143020629883,30.16666603088379,30.38888931274414,15.066666603088379,15.105555534362793,301.5714416503906,301.51666259765625,298.8555603027344,42.733333587646484,41.66444396972656,4.199999809265137,4.21999979019165,3.440000057220459,3.1600000858306885
-81.591583,35.73405,0,-2,4,2016,99,387,0.8149049878120422,0.0,0,0,0,0,0,0,1,0.6625,0.3786,14.600000381469727,42.799999713897705,49.69999957084656,137.60000023245811,273.4000032842159,794.3133009374142,1457.0167594254017,0.8899999856948853,0.8976666927337646,0.5803333520889282,33.14285659790039,30.600000381469727,23.96666717529297,14.00333309173584,15.74222183227539,291.3285827636719,293.7266845703125,286.9922180175781,36.086666107177734,38.127777099609375,2.4600000381469727,3.4600000381469727,3.319999933242798,-1.5700000524520874
-87.266,33.812,0,-2,1,2017,23,101,0.0,0.03,1,0,0,0,0,0,0,0.5915,0.2738,143.00000047683716,143.9000004529953,193.40000069141388,358.0000026524067,358.70000264048576,543.0000024139881,1412.000009328127,0.5171428918838501,0.5383333563804626,0.6638888716697693,14.428571701049805,21.433332443237305,27.311111450195312,17.27666664123535,16.72888946533203,292.71429443359375,289.7933349609375,291.1877746582031,48.106666564941406,38.225555419921875,-3.1600000858306885,-2.6500000953674316,-1.100000023841858,0.11999999731779099
-83.03465,32.41016944,0,-2,9,2017,257,93,0.23377902805805206,0.042426406871192854,0,0,0,0,0,0,1,0.676,0.3617,103.20000076293945,104.40000081062317,154.80000120401382,264.900000423193,482.29999923706055,739.7000003159046,1214.4000038802624,0.8642857074737549,1.0829999446868896,1.0774444341659546,21.285715103149414,21.433332443237305,18.933332443237305,17.143333435058594,17.617778778076172,299.5571594238281,304.04998779296875,305.07666015625,46.10333251953125,48.45222091674805,-1.0199999809265137,-0.8999999761581421,-1.7599999904632568,-1.340000033378601
-93.0778,30.6931,0,-2,3,2017,72,52,0.583533525466919,0.03,1,0,0,0,0,0,0,0.6658000000000001,0.38120000000000004,26.200000286102295,43.30000060796738,95.79999986290932,182.0999999344349,327.7999977171421,661.5999966263771,1769.19999101758,0.5157142877578735,0.7473333477973938,0.6788889169692993,25.571428298950195,28.133333206176758,21.077777862548828,14.380000114440918,16.414443969726562,294.9142761230469,295.65667724609375,294.0088806152344,48.60333251953125,49.898887634277344,0.6200000047683716,1.309999942779541,1.059999942779541,2.6600000858306885
-83.36710278,32.35686667,0,-2,11,2016,324,104,0.01552879624068737,0.06,0,0,0,0,0,1,0,0.3819,0.22820000000000001,0.0,0.0,0.0,2.299999952316284,130.49999994039536,367.69999808073044,1014.5505980551243,1.0814285278320312,1.16266667842865,1.2400000095367432,40.28571319580078,37.96666717529297,32.32222366333008,14.633333206176758,15.468889236450195,295.1000061035156,298.09332275390625,302.2088928222656,26.760000228881836,34.686668395996094,-2.8299999237060547,-2.049999952316284,-1.0800000429153442,0.800000011920929
-85.26166667,33.99736111,0,-2,4,2016,105,240,0.0,0.0,0,0,0,0,0,0,1,0.6990000000000001,0.4827,27.59999942779541,46.499999821186066,100.3999999165535,264.90000265836716,362.9000031352043,868.6704094111919,1335.0172674953938,0.6342857480049133,0.7423333525657654,0.5983333587646484,25.571428298950195,27.799999237060547,23.566667556762695,15.326666831970215,15.94777774810791,292.8714294433594,293.7933349609375,289.868896484375,39.58333206176758,40.45777893066406,1.4299999475479126,2.0899999141693115,1.75,-1.9700000286102295
-81.258425,35.190743,0,-2,1,2016,16,257,0.4994787573814392,0.03,0,0,0,1,0,0,0,0.5674,0.2651,34.900001525878906,45.400001764297485,248.91132441163063,377.11587980389595,573.9448634684086,861.3643660843372,1282.3618399202824,0.477142870426178,0.40889495611190796,0.471534788608551,21.14285659790039,13.162866592407227,15.267441749572754,18.02069664001465,18.561342239379883,284.4571533203125,286.9775085449219,290.01513671875,47.493080139160156,47.741756439208984,3.5299999713897705,1.9900000095367432,-2.0799999237060547,-1.7599999904632568
-80.442444,35.041995,0,-2,9,2018,264,133,0.17835938930511475,0.15,0,0,0,0,0,0,1,0.7871,0.5829,228.0999984741211,283.89999920129776,286.5999992787838,468.39999985694885,544.5999999940395,806.7999945878983,1225.0999972224236,0.8614285588264465,1.1336666345596313,1.173444390296936,13.285714149475098,20.46666717529297,22.16666603088379,17.886667251586914,17.198888778686523,302.8714294433594,305.15667724609375,305.4689025878906,47.17333221435547,45.74555587768555,1.1100000143051147,-1.149999976158142,-1.440000057220459,-1.940000057220459
-78.972916,34.949633,0,-2,10,2016,293,47,4.3834028244018555,0.03,0,0,0,0,0,0,1,0.5661,0.3057,0.0,338.700013756752,566.9000071883202,711.5000095367432,767.200010061264,1153.7000116705894,1851.9616898298264,0.9314285516738892,0.8246666789054871,1.1641111373901367,23.571428298950195,16.53333282470703,22.788888931274414,18.516666412353516,16.721111297607422,300.0142822265625,299.6233215332031,304.16778564453125,49.61666488647461,46.227779388427734,2.7699999809265137,1.2699999809265137,2.75,3.190000057220459
-80.4999,25.6399,0,-2,1,2017,3,7,0.8059137463569641,0.0,0,0,0,0,0,0,1,0.6226,0.41540000000000005,4.299999892711639,12.29999989271164,67.799999833107,90.50000005960464,198.8000004887581,960.3999960720539,1830.499988824129,0.704285740852356,0.7133333086967468,0.7215555310249329,17.571428298950195,17.799999237060547,16.46666717529297,18.836666107177734,18.814443588256836,300.1428527832031,300.7900085449219,301.15667724609375,56.633331298828125,56.76222229003906,2.069999933242798,2.1500000953674316,3.049999952316284,3.740000009536743
-87.357,33.109,0,-2,2,2016,55,121,0.1155049130320549,0.03,1,0,0,0,0,0,0,0.6293000000000001,0.2959,48.899999499320984,76.19999873638153,162.39999949932098,252.76185262203217,395.2365086376667,647.5318869948387,1274.2648448944092,0.6071428656578064,0.5976666808128357,0.4920234680175781,20.85714340209961,21.566667556762695,21.06487274169922,16.809999465942383,17.24500846862793,292.75714111328125,289.760009765625,289.1099853515625,43.74333190917969,47.42291259765625,-1.4500000476837158,-1.6399999856948853,-1.590000033378601,-1.090000033378601
-84.76858611,31.54686667,0,-2,3,2016,77,100,0.03471570461988449,0.0670820393249937,0,0,0,0,1,0,0,0.4073,0.20600000000000002,24.600000381469727,24.600000381469727,104.50000071525574,298.39999973773956,535.984967648983,904.6948484778404,1565.0757190287113,1.2028571367263794,0.8050000071525574,0.5885174870491028,26.571428298950195,23.46666717529297,19.404802322387695,16.56999969482422,17.305076599121094,301.74285888671875,296.0966796875,291.83612060546875,41.02333450317383,45.44849395751953,2.319999933242798,2.180000066757202,1.0099999904632568,-1.0
-78.067042,35.845554,0,-2,9,2018,263,65,0.3165839612483978,0.06,0,0,0,0,0,1,0,0.5692,0.39280000000000004,180.5999962091446,208.99999549984932,235.0999954044819,499.7999944090843,610.099995136261,883.9999949932098,1321.5999969542027,0.6714285612106323,0.8220000267028809,0.8962222337722778,8.285714149475098,13.566666603088379,14.300000190734863,18.883333206176758,18.696666717529297,301.471435546875,303.88665771484375,304.2255554199219,55.11000061035156,53.212223052978516,2.549999952316284,2.1700000762939453,1.5499999523162842,1.2899999618530273
-87.988,32.516,0,-2,9,2018,250,34,0.0,0.03,0,0,0,1,0,0,0,0.7519,0.5229,161.09999921917915,193.09999883174896,246.39999735355377,363.3999995291233,543.2000014781952,933.0000007450581,1596.7999987602234,0.9985713958740234,1.0640000104904175,1.1163333654403687,12.285714149475098,19.233333587646484,19.08888816833496,18.059999465942383,17.393333435058594,305.1000061035156,305.3699951171875,305.86444091796875,49.62666702270508,49.38222122192383,1.7300000190734863,1.4299999475479126,0.9100000262260437,-0.8100000023841858
-85.455,30.3687,0,-2,3,2016,72,31,0.7379077672958374,0.0,0,1,0,0,0,0,0,0.6146,0.3521,0.30000001192092896,17.400000393390656,86.30000120401382,280.6000062227249,479.41685232520103,883.1819794476032,1568.0680479705334,0.9242857098579407,0.8256666660308838,0.6930627226829529,30.85714340209961,27.700000762939453,21.790380477905273,15.366666793823242,16.648143768310547,298.9142761230469,295.49334716796875,293.25146484375,36.90999984741211,41.515037536621094,1.7100000381469727,2.0199999809265137,-0.75,-1.8200000524520874
-81.549617,36.508113,0,-2,3,2017,61,908,0.06165774166584015,0.03,0,0,0,1,0,0,0,0.5112,0.1529,33.90000057220459,48.50000086426735,85.40000054240227,206.50000113248825,297.600000500679,433.30000108480453,1043.2999961078167,0.427142858505249,0.4650000035762787,0.3762222230434418,23.714284896850586,23.733333587646484,19.688888549804688,15.380000114440918,17.04222297668457,286.1142883300781,284.9166564941406,282.4744567871094,37.016666412353516,42.32555389404297,-2.0899999141693115,-2.0899999141693115,-2.309999942779541,1.3600000143051147
-88.186,30.829,0,-2,3,2016,85,55,0.24907848238945007,0.06,1,0,0,0,0,0,0,0.7624000000000001,0.37560000000000004,70.69999694824219,137.0999960899353,257.69999289512634,363.69999000430107,537.4980638325214,1110.2704049050808,2183.7461282014847,0.6357142925262451,0.6790000200271606,0.5594452023506165,23.571428298950195,23.799999237060547,21.023645401000977,15.743332862854004,16.694761276245117,294.0142822265625,294.80999755859375,291.3005065917969,46.94333267211914,48.884765625,2.0999999046325684,2.180000066757202,1.090000033378601,-1.840000033378601
-79.935463,33.549057,0,-2,1,2019,16,25,0.013115175999701023,0.03,0,0,0,0,0,0,1,0.4591,0.2152,9.900000095367432,32.20000076293945,121.40000236034393,272.8000011444092,381.39999997615814,873.399996638298,1480.5999949276447,0.3514285683631897,0.46966665983200073,0.4578889012336731,19.85714340209961,13.133333206176758,13.45555591583252,18.34666633605957,19.22333335876465,282.6428527832031,288.9533386230469,289.82110595703125,48.926666259765625,49.581111907958984,3.4000000953674316,2.259999990463257,1.2999999523162842,-0.8600000143051147
-85.804,33.666,0,-2,4,2017,108,316,1.7234605550765991,0.03,1,0,0,0,0,0,0,0.6662,0.4662,7.5,60.29999923706055,143.59999936819077,234.99999913573265,387.9999988973141,620.8000007271767,992.600001335144,1.1542856693267822,1.003999948501587,0.6948888897895813,30.14285659790039,28.03333282470703,22.88888931274414,14.229999542236328,15.778888702392578,300.20001220703125,297.77667236328125,292.4100036621094,39.03333282470703,41.58222198486328,-4.070000171661377,-4.269999980926514,-4.289999961853027,-3.240000009536743
-82.3593,27.7976,0,-2,5,2019,140,15,0.0,0.042426406871192854,0,0,0,0,1,0,0,0.7991,0.6714,0.4000000059604645,67.7000000178814,158.0000021159649,212.4000025689602,284.9000051319599,615.9000062644482,1523.0000096857548,1.0157142877578735,1.0483332872390747,0.899222195148468,22.428571701049805,24.899999618530273,24.844444274902344,16.703332901000977,16.905555725097656,304.0142822265625,303.4266662597656,300.9755554199219,47.91999816894531,48.74555587768555,2.140000104904175,1.9299999475479126,2.390000104904175,0.7599999904632568
-79.82014,35.361556,0,-2,12,2018,358,149,0.0,0.15,1,0,0,0,0,0,0,0.6639,0.2859,52.999998569488525,86.09999895095825,167.60000091791153,407.30000296235085,591.2000054121017,1326.9000078439713,1904.3000096976757,0.28142857551574707,0.32199999690055847,0.38288888335227966,6.4285712242126465,9.100000381469727,9.744444847106934,20.639999389648438,20.671112060546875,287.6000061035156,285.7266540527344,290.4866638183594,48.65666580200195,54.272220611572266,6.070000171661377,4.909999847412109,1.7300000190734863,-1.5800000429153442
-89.31555556,33.65222222,0,-2,11,2019,321,110,0.17190052568912506,0.0670820393249937,0,0,0,1,0,0,0,0.4685,0.2381,19.0,20.299999952316284,207.39999955892563,283.900000333786,364.4000000357628,813.1000035107136,2018.6000052690506,0.3985714316368103,0.5009999871253967,0.949222207069397,17.14285659790039,15.333333015441895,21.33333396911621,19.420000076293945,17.88888931274414,284.79998779296875,290.2733459472656,299.77777099609375,46.80666732788086,45.74555587768555,4.639999866485596,4.070000171661377,4.78000020980835,4.619999885559082
-92.6852,30.9222,0,-2,1,2016,28,40,0.24922142922878265,0.0,0,0,0,0,0,0,1,0.6308,0.2742,22.999999523162842,46.99999988079071,115.54640334844589,260.08776170015335,508.45641627907753,813.0197275578976,1591.931025505066,0.3642857074737549,0.41691574454307556,0.5229870676994324,16.0,17.915170669555664,17.566152572631836,18.346044540405273,18.7707576751709,286.1142883300781,287.700927734375,292.5776672363281,48.259376525878906,51.983089447021484,-0.5799999833106995,-0.8100000023841858,-1.9900000095367432,0.8100000023841858
-76.310065,36.215912,0,-2,5,2018,148,11,0.3052352964878082,0.042426406871192854,0,0,0,0,0,1,0,0.3946,0.24810000000000001,83.9000015258789,143.40000116825104,196.4000006020069,315.699999243021,435.09999880194664,675.8000008761883,1374.2000001966953,1.0214285850524902,1.0893332958221436,0.8009999990463257,16.714284896850586,25.600000381469727,26.377777099609375,15.726666450500488,14.964444160461426,303.0714416503906,300.989990234375,293.6722106933594,46.349998474121094,42.31999969482422,0.12999999523162842,-0.7400000095367432,-1.3300000429153442,0.0
-79.682758,34.819345,0,-2,9,2016,252,101,0.22485516965389252,0.0,0,0,0,0,0,0,1,0.7978000000000001,0.42810000000000004,72.4000015258789,100.60000038146973,104.00000035762787,331.7000017762184,499.2000021636486,810.500003784895,1586.2522836327553,1.2014285326004028,1.3216667175292969,1.316333293914795,21.14285659790039,23.03333282470703,19.700000762939453,16.733333587646484,16.817777633666992,303.1428527832031,306.1499938964844,306.3933410644531,43.14666748046875,43.766666412353516,1.809999942779541,2.2699999809265137,1.5499999523162842,2.5799999237060547
-82.23231667,32.38231667,0,-2,4,2017,99,67,0.0,0.0,0,0,0,1,0,0,0,0.5606,0.3383,34.60000038146973,43.5,57.69999998807907,89.89999967813492,197.79999792575836,441.10000094771385,1259.0000063180923,1.0299999713897705,1.028666615486145,0.8898888826370239,35.71428680419922,39.36666488647461,31.91111183166504,12.613333702087402,14.408888816833496,298.27142333984375,296.3933410644531,295.47222900390625,35.74333190917969,37.135555267333984,-1.1299999952316284,-0.5400000214576721,0.5799999833106995,0.05000000074505806
-82.47616667,31.45102778,0,-2,3,2016,72,51,0.02173166163265705,0.03,0,0,0,0,0,0,1,0.4309,0.2667,0.0,12.599999606609344,42.69999998807907,211.399997651577,304.72008341550827,533.9766265153885,1179.4673944711685,0.8871428370475769,0.7806666493415833,0.6512488722801208,31.714284896850586,30.766666412353516,26.410749435424805,14.946666717529297,15.820938110351562,299.72857666015625,295.0400085449219,292.5843811035156,37.28333282470703,42.82829666137695,-0.05000000074505806,0.03999999910593033,-0.09000000357627869,-0.5199999809265137
-89.214517,30.58179,0,-2,3,2016,76,49,2.3656961917877197,0.0,0,0,0,0,0,0,1,0.48650000000000004,0.2716,90.50000154972076,98.2000013589859,162.90000212192535,323.9000062942505,555.9140996932983,915.2549170553684,1935.1144188642502,0.8428571224212646,0.6589999794960022,0.5556277632713318,18.571428298950195,19.433332443237305,17.515602111816406,17.793333053588867,18.05120849609375,298.6000061035156,295.7799987792969,292.5639343261719,46.97999954223633,47.65627670288086,1.0399999618530273,1.1200000047683716,-0.5799999833106995,-0.9300000071525574
-81.0929,29.2583,0,-2,2,2016,47,17,0.031968552619218826,0.0,0,0,0,0,0,0,1,0.5739000000000001,0.3645,17.899999618530273,80.60000038146973,170.69999885559082,254.82889223098755,331.6118647456169,648.2211007475853,1194.9529237747192,0.5671428442001343,0.5676666498184204,0.6455902457237244,30.14285659790039,21.700000762939453,23.118732452392578,17.233333587646484,16.882139205932617,292.75714111328125,291.8333435058594,294.88623046875,45.3466682434082,50.71354293823242,-1.7599999904632568,-2.4600000381469727,-2.059999942779541,0.550000011920929
-88.53029277,32.02684851,0,-2,9,2018,271,90,0.0,0.0,0,0,0,0,0,0,1,0.8904000000000001,0.5313,62.00000011920929,62.00000011920929,171.10000038146973,318.80000016093254,501.6999991238117,865.1000060141087,1502.2000091969967,0.8357142806053162,0.9973333477973938,1.077222228050232,16.14285659790039,15.833333015441895,18.322221755981445,18.309999465942383,17.628889083862305,303.0142822265625,304.7066650390625,305.3933410644531,53.51333236694336,50.90888977050781,1.4199999570846558,0.9599999785423279,-1.1799999475479126,-1.4199999570846558
-80.5237,27.1621,0,-2,3,2017,86,7,0.0701889842748642,0.0,0,0,0,0,0,0,1,0.5125000000000001,0.3593,10.800000071525574,10.800000071525574,21.999999910593033,75.8999995291233,111.09999868273735,252.2999978363514,1194.2000005245209,0.9928570985794067,0.8976666331291199,0.8545555472373962,27.428571701049805,26.899999618530273,24.799999237060547,16.33333396911621,17.151111602783203,300.29998779296875,299.36334228515625,299.01666259765625,40.9466667175293,41.349998474121094,-2.9000000953674316,-2.619999885559082,-2.2799999713897705,1.2799999713897705
-83.34009167,31.10577222,0,-2,5,2016,133,66,0.06951888650655746,0.0,0,0,0,0,0,0,1,0.458,0.2852,0.0,22.09999966621399,49.49999940395355,274.29999870061874,335.999998241663,654.8507092297077,1255.0215999484062,1.1942856311798096,1.1053333282470703,0.9208889007568359,36.57143020629883,29.566667556762695,27.511110305786133,14.84333324432373,15.385555267333984,302.6285705566406,301.2166748046875,298.08221435546875,40.7400016784668,40.9011116027832,0.8199999928474426,-0.5699999928474426,-0.8700000047683716,-0.8700000047683716
-87.025,34.161,0,-2,11,2018,321,272,0.3882254660129547,0.0,0,0,0,1,0,0,0,0.6169,0.3431,65.30000001192093,123.49999934434891,169.3999993801117,315.4999968409538,367.8999976217747,753.6999984383583,1576.8999958634377,0.2728571593761444,0.4593333303928375,0.8617777824401855,6.4285712242126465,15.166666984558105,19.544445037841797,19.55666732788086,18.02111053466797,282.68572998046875,289.30999755859375,298.3355407714844,51.176666259765625,49.51333236694336,1.5199999809265137,1.440000057220459,1.9600000381469727,1.8600000143051147
-81.180087,35.625433,0,-2,4,2016,97,284,0.4688588082790375,0.03,1,0,0,0,0,0,0,0.6523,0.3902,18.899999618530273,26.399999856948853,37.299999952316284,107.50000059604645,220.99999845027924,700.1801434457302,1226.7271625995636,0.9871428608894348,0.9793333411216736,0.628000020980835,37.42856979370117,38.46666717529297,29.622222900390625,12.143333435058594,13.893333435058594,293.5428466796875,294.99334716796875,287.6777648925781,36.0533332824707,38.41222381591797,1.7799999713897705,2.759999990463257,2.75,-3.2200000286102295
-80.566338,33.286774,0,-2,3,2019,77,35,0.4061006009578705,0.0,0,0,0,0,1,0,0,0.6301,0.2983,3.5,7.299999952316284,56.900000274181366,134.9999981224537,254.3999963104725,626.9999961853027,1452.6999967992306,0.8571428656578064,0.6539999842643738,0.5982221961021423,32.71428680419922,23.53333282470703,21.200000762939453,16.399999618530273,16.510000228881836,294.27142333984375,292.74334716796875,290.9666748046875,44.150001525878906,43.0444450378418,2.049999952316284,2.559999942779541,1.5,0.7900000214576721
-89.13481151,33.71187893,0,-2,4,2017,90,147,0.004738203249871731,0.03,0,0,0,0,0,0,1,0.7043,0.3145,26.399999260902405,33.699999272823334,98.49999994039536,227.29999867081642,348.39999917149544,578.5999985635281,1124.7999966740608,0.9571428298950195,0.8446666598320007,0.6831111311912537,26.714284896850586,26.633333206176758,21.266666412353516,14.3100004196167,16.101110458374023,298.4285583496094,293.6266784667969,291.8611145019531,39.50666809082031,42.75666809082031,-2.6600000858306885,-2.700000047683716,-2.4200000762939453,-0.8199999928474426
-80.680665,36.151063,0,-2,4,2017,93,284,0.11648619174957275,0.10816653826391967,1,0,0,0,0,0,0,0.5857,0.3513,57.89999961853027,93.49999952316284,104.69999942183495,160.8999996483326,269.9999989569187,401.7000006735325,1032.6000019907951,0.7842857241630554,0.7456666827201843,0.6236666440963745,23.285715103149414,34.46666717529297,25.877777099609375,13.75333309173584,15.557777404785156,293.971435546875,290.3899841308594,288.2755432128906,30.876667022705078,34.07555389404297,-2.7300000190734863,-2.299999952316284,-2.359999895095825,0.8799999952316284
-85.54,32.455,0,-2,10,2016,284,140,0.44502487778663635,0.03,1,0,0,0,0,0,0,0.6841,0.41140000000000004,0.0,0.0,9.700000047683716,106.50000184774399,252.20000171661377,423.50000178813934,1646.924435198307,1.440000057220459,1.346333384513855,1.3087778091430664,40.28571319580078,33.70000076293945,24.9777774810791,14.460000038146973,16.107778549194336,302.4142761230469,304.1199951171875,305.65667724609375,37.0,42.26222229003906,-1.909999966621399,0.9399999976158142,1.4800000190734863,2.740000009536743
-82.5251,29.3054,0,-2,2,2017,39,19,0.04970596730709076,0.06,0,1,0,0,0,0,0,0.4763,0.29610000000000003,19.700000047683716,21.100000083446503,30.500000476837158,69.40000212192535,87.00000220537186,379.90000316500664,1364.300014168024,0.9014285802841187,0.9729999899864197,0.9796666502952576,23.14285659790039,25.83333396911621,28.244443893432617,16.610000610351562,16.45888900756836,298.75714111328125,298.2699890136719,298.2955627441406,37.58333206176758,37.475555419921875,-2.9600000381469727,-2.4200000762939453,-1.0,1.1299999952316284
-85.39,30.2262,0,-2,7,2018,197,27,0.0,0.0,1,0,0,0,0,0,0,0.4408,0.2267,65.79999876022339,147.09999895095825,297.9000017642975,738.9000058174133,796.0000056028366,1171.0000069439411,1807.1000094115734,1.2942856550216675,1.2636666297912598,1.1748888492584229,7.142857074737549,7.733333110809326,15.811111450195312,18.823333740234375,17.855554580688477,307.29998779296875,306.70001220703125,304.2066650390625,45.516666412353516,43.80888748168945,2.5399999618530273,1.659999966621399,-1.7000000476837158,-1.350000023841858
-78.940512,34.332329,0,-2,11,2016,327,26,0.1445002257823944,0.03,0,0,0,0,1,0,0,0.5732,0.35650000000000004,0.0,26.600000381469727,26.600000381469727,443.6999979019165,651.8000037074089,1179.7000051736832,1866.2785022258759,0.7385714650154114,0.7306666970252991,0.8312222361564636,30.85714340209961,28.16666603088379,21.866666793823242,16.33333396911621,17.262222290039062,291.1571350097656,293.4100036621094,298.3877868652344,36.15999984741211,45.1077766418457,5.460000038146973,4.710000038146973,3.4200000762939453,3.4200000762939453
-81.2577,28.1712,0,-2,4,2016,116,28,1.3979849815368652,0.0,0,0,0,0,0,0,1,0.5880000000000001,0.43360000000000004,3.4000000059604645,47.70000150799751,92.10000196099281,152.80000320076942,267.2000036537647,498.7995579838753,1403.1007344722748,1.0471428632736206,1.1239999532699585,0.9684444665908813,28.85714340209961,27.83333396911621,28.100000381469727,15.786666870117188,15.64222240447998,302.6856994628906,301.75665283203125,299.2300109863281,43.119998931884766,42.64444351196289,2.9800000190734863,2.609999895095825,1.3200000524520874,1.7999999523162842
-83.08467222,31.71164444,0,-2,5,2016,126,98,0.0,0.0,0,0,0,0,0,0,1,0.6392,0.42150000000000004,47.299999952316284,48.59999993443489,79.00000074505806,237.00000101327896,319.3000018000603,684.2669233679771,1285.8451392650604,1.1399999856948853,0.9643333554267883,0.8399999737739563,24.714284896850586,27.299999237060547,27.0,15.126667022705078,15.40999984741211,302.1571350097656,299.2833251953125,296.2033386230469,43.73999786376953,41.099998474121094,1.3200000524520874,0.949999988079071,0.9100000262260437,0.9399999976158142
-84.347,35.8648,0,-2,11,2019,322,297,0.19342109560966492,0.06,0,0,0,0,0,0,1,0.5665,0.31980000000000003,0.5,23.40000057220459,158.19999808073044,207.6999985575676,281.3999989628792,666.499999076128,1866.099997997284,0.41999998688697815,0.47699999809265137,0.9003333449363708,25.0,20.0,23.866666793823242,18.016666412353516,17.08222198486328,283.55712890625,288.8500061035156,297.8077697753906,44.06999969482422,44.29888916015625,3.0799999237060547,2.990000009536743,4.550000190734863,4.880000114440918
-80.398352,35.285045,0,-2,8,2016,214,205,0.18144936859607697,0.08485281374238571,0,0,0,1,0,0,0,0.67,0.4768,5.200000047683716,13.100000023841858,65.99999988079071,116.60000002384186,231.20000103116035,394.8999989628792,1325.392490297556,1.6785714626312256,1.3833333253860474,1.2053333520889282,28.85714340209961,25.633333206176758,26.044445037841797,15.893333435058594,15.667778015136719,308.4571533203125,307.05999755859375,303.8277893066406,42.31999969482422,42.65444564819336,-1.8899999856948853,1.0,1.690000057220459,3.950000047683716
-82.86404722,32.85064167,0,-2,2,2016,40,121,0.007710302714258432,0.0670820393249937,0,1,0,0,0,0,0,0.5656,0.22610000000000002,52.49999922513962,66.69999903440475,109.59999841451645,299.89797282218933,363.4343675374985,649.0824065208435,1188.757920473814,0.6614285707473755,0.4856666624546051,0.5257192254066467,17.285715103149414,19.366666793823242,18.245742797851562,17.190000534057617,18.084381103515625,286.8999938964844,287.2066650390625,290.68719482421875,43.75666809082031,46.65594482421875,0.6600000262260437,0.6499999761581421,-0.949999988079071,-1.1699999570846558
-90.512,30.6095,0,-2,3,2016,61,27,0.3202332854270935,0.03,0,0,0,0,1,0,0,0.5132,0.317,2.5999999046325684,78.30000066757202,151.7999975681305,251.2999981045723,412.2205153107643,976.4209446310997,1977.6210524737835,0.6314285397529602,0.7003333568572998,0.5955832004547119,20.0,22.66666603088379,19.186180114746094,16.59000015258789,17.97418212890625,293.3571472167969,293.3399963378906,292.3580322265625,42.22666549682617,45.93634033203125,1.100000023841858,1.4600000381469727,1.4299999475479126,-1.159999966621399
-80.146365,36.208993,0,-2,12,2019,335,258,1.0283187627792358,0.0670820393249937,0,0,1,0,0,0,0,0.5760000000000001,0.2788,56.39999997615814,93.40000027418137,107.20000022649765,307.5999998450279,313.80000001192093,764.600004196167,1439.7000042796135,0.45571428537368774,0.48100000619888306,0.824222207069397,18.285715103149414,24.399999618530273,25.955554962158203,15.609999656677246,16.032222747802734,286.1714172363281,285.7099914550781,295.01666259765625,41.35333251953125,43.0533332824707,2.859999895095825,2.609999895095825,4.119999885559082,4.570000171661377
-77.326616,35.275511,0,-2,7,2018,200,16,0.28839805722236633,0.06,0,0,0,0,0,0,1,0.6784,0.4394,1.2000000476837158,4.900000095367432,95.09999930858612,322.0999962091446,482.49999636411667,802.5999953448772,1394.8999971449375,0.9828571677207947,1.0069999694824219,1.0076667070388794,26.571428298950195,19.933332443237305,22.255556106567383,16.746665954589844,16.27666664123535,305.0714416503906,305.44000244140625,302.8399963378906,49.836666107177734,47.97999954223633,3.799999952316284,3.309999942779541,1.7799999713897705,1.600000023841858
-82.187153,35.215386,0,-2,4,2019,103,280,0.01682272180914879,0.03,0,0,0,0,0,0,1,0.7401,0.39580000000000004,35.100001603364944,61.80000188946724,75.70000198483467,354.0000034272671,472.4000033438206,1143.2000067532063,2309.1000106334686,0.854285717010498,0.7693333625793457,0.5556666851043701,22.571428298950195,28.733333587646484,21.877777099609375,13.433333396911621,15.732222557067871,297.74285888671875,292.63665771484375,288.2911071777344,37.80666732788086,43.184444427490234,5.869999885559082,6.179999828338623,5.380000114440918,2.5399999618530273
-81.40554,34.033642,0,-2,2,2016,54,121,1.2249457836151123,0.0,0,0,0,0,0,0,1,0.5065000000000001,0.2092,27.300000578165054,47.300000578165054,86.00000211596489,177.1061210334301,327.6606064736843,1024.366316050291,1609.4207457304,0.43714284896850586,0.5099999904632568,0.5098173022270203,24.714284896850586,24.96666717529297,20.025474548339844,15.65666675567627,16.86130142211914,289.9142761230469,287.67999267578125,288.7598876953125,41.10333251953125,43.94770050048828,4.320000171661377,4.769999980926514,4.130000114440918,-0.7200000286102295
-80.849849,35.556602,0,-2,3,2016,66,263,0.21750985085964203,0.0670820393249937,0,0,0,0,0,0,1,0.5681,0.29300000000000004,10.0,41.79999941587448,67.69999915361404,146.09999811649323,314.1132162809372,791.521901935339,1174.5412195026875,0.558571457862854,0.45133334398269653,0.4172638952732086,21.0,25.633333206176758,19.066757202148438,15.183333396911621,17.268075942993164,287.94287109375,284.49334716796875,285.7528076171875,34.849998474121094,43.524330139160156,3.0,3.240000009536743,-0.7300000190734863,-3.299999952316284
-79.716667,33.5,0,-2,9,2017,253,19,0.1789516657590866,0.09486832980505139,1,0,0,0,0,0,0,0.8399000000000001,0.405,43.79999923706055,88.39999973773956,133.599999666214,309.60000029206276,517.2999995350838,911.7999941408634,1556.0999994277954,0.8899999856948853,0.9396666884422302,1.0014444589614868,13.142857551574707,12.933333396911621,15.277777671813965,18.786666870117188,18.233333587646484,301.0,304.1100158691406,304.66778564453125,50.1533317565918,49.81999969482422,3.859999895095825,3.5,2.1600000858306885,2.049999952316284
-82.89679167,31.57429167,0,-2,4,2016,105,77,1.619044303894043,0.03,0,0,0,0,0,0,1,0.6433,0.401,35.39999961853027,114.20000267028809,195.5000023841858,286.70000344514847,460.4999995827675,756.2065008878708,1447.4009582400322,0.6642857193946838,0.8516666889190674,0.7614444494247437,27.14285659790039,26.899999618530273,26.288888931274414,15.203332901000977,15.60111141204834,295.528564453125,296.6933288574219,293.8577880859375,43.06999969482422,40.24333190917969,1.340000033378601,1.2999999523162842,1.0,1.350000023841858
-84.57760556,34.25238056,0,-2,12,2018,337,336,0.0,0.4080441152620633,1,0,0,0,0,0,0,0.5794,0.1918,61.09999871253967,74.39999842643738,266.10000091791153,400.49999874830246,466.49999821186066,789.6999993920326,1595.4000085890293,0.46714287996292114,0.40299999713897705,0.7745555639266968,19.571428298950195,16.53333282470703,22.744443893432617,18.049999237060547,16.621110916137695,286.27142333984375,286.4633483886719,295.01556396484375,48.79666519165039,46.65444564819336,1.7599999904632568,0.9800000190734863,1.75,1.6299999952316284
-81.88021389,33.09968333,0,-2,4,2016,96,82,1.6868977546691895,0.0,0,0,0,0,0,1,0,0.5079,0.3372,71.19999885559082,94.69999837875366,99.99999845027924,194.5999994277954,309.0999992489815,581.491617679596,1225.3585482537746,0.9457142949104309,1.006333351135254,0.7164444327354431,25.428571701049805,29.03333282470703,25.433332443237305,15.376667022705078,15.997777938842773,297.5,298.19000244140625,292.10223388671875,38.1533317565918,39.20777893066406,0.8799999952316284,1.1200000047683716,1.1100000143051147,-0.8999999761581421
-81.894,28.1363,0,-2,8,2016,227,48,0.004264379385858774,0.08485281374238571,0,1,0,0,0,0,0,0.5422,0.3582,45.099999845027924,86.70000022649765,199.29999914765358,413.89999827742577,615.399997651577,893.9000018835068,1586.307418614626,1.0057142972946167,1.193333387374878,1.230222225189209,10.571428298950195,13.600000381469727,16.766666412353516,18.22333335876465,17.695554733276367,305.4428405761719,306.4333190917969,306.3999938964844,49.9466667175293,48.03444290161133,3.009999990463257,3.569999933242798,3.5799999237060547,3.640000104904175
-83.0273,30.2739,0,-2,2,2018,47,28,4.097321510314941,0.03,1,0,0,0,0,0,0,0.5139,0.2731,23.80000078678131,56.99999988079071,124.59999930858612,178.3999995291233,266.0999999642372,548.1000010669231,1339.0000066161156,0.7214285731315613,0.6826666593551636,0.609666645526886,21.714284896850586,25.600000381469727,23.822221755981445,16.876667022705078,17.20111083984375,297.8857116699219,294.38665771484375,292.46112060546875,42.400001525878906,45.101112365722656,0.019999999552965164,-0.03999999910593033,0.5799999833106995,-1.159999966621399
-82.13313889,32.47205556,0,-2,11,2019,308,75,0.00625446205958724,0.2580697580112788,1,0,0,0,0,0,0,0.7535000000000001,0.35300000000000004,56.30000138282776,65.9000015258789,167.39999961853027,175.4999995827675,339.8999999463558,687.9999979138374,1278.299998730421,0.49714285135269165,0.8236666917800903,1.3043333292007446,17.428571701049805,24.700000762939453,25.16666603088379,17.229999542236328,16.17888832092285,295.471435546875,299.3566589355469,304.45556640625,45.573333740234375,41.25,-0.9599999785423279,0.5899999737739563,0.9200000166893005,1.440000057220459
-81.326815,35.854682,0,-2,2,2017,31,371,0.7736063599586487,0.0,0,0,0,0,0,0,1,0.4409,0.19870000000000002,0.0,65.00000035762787,99.50000002980232,180.90000128746033,205.30000174045563,341.1000015437603,1051.1999983787537,0.6214285492897034,0.3956666588783264,0.5344444513320923,25.285715103149414,18.46666717529297,27.91111183166504,17.78999900817871,15.85444450378418,286.6428527832031,284.7266540527344,286.4655456542969,47.96333312988281,38.7066650390625,-3.319999933242798,-3.2799999713897705,-2.190000057220459,1.6699999570846558
-87.489,33.34,0,-2,2,2016,55,140,0.06479699164628983,0.15,1,0,0,0,0,0,0,0.5536,0.276,58.89999970793724,102.00000056624413,180.79999980330467,307.9349664449692,547.3085388541222,828.6755636334419,1589.7738299965858,0.5814285278320312,0.5713333487510681,0.4722190499305725,22.0,20.566667556762695,19.145057678222656,16.850000381469727,17.52788734436035,292.1999816894531,289.10333251953125,288.5787353515625,43.69333267211914,47.58303451538086,1.8200000524520874,1.7200000286102295,0.10000000149011612,-0.7300000190734863
-76.618864,36.506161,0,-2,7,2018,194,24,0.0027130513917654753,0.29698484809834996,1,0,0,0,0,0,0,0.8648,0.6322,39.29999923706055,64.49999904632568,169.59999805688858,281.4999986588955,373.4999975860119,611.2000002264977,1124.9999983906746,0.7128571271896362,0.9296666383743286,0.8682222366333008,17.0,17.399999618530273,23.11111068725586,17.893333435058594,16.467777252197266,302.44287109375,304.7833251953125,301.1233215332031,51.25666809082031,49.91555404663086,-1.190000057220459,-1.7400000095367432,-1.9199999570846558,-1.6100000143051147
-86.08311567,33.51795032,0,-2,11,2019,320,190,0.02074701525270939,0.03,1,0,0,0,0,0,0,0.7227,0.3302,26.899999618530273,40.09999942779541,176.79999816417694,196.49999809265137,287.59999990463257,554.2999991476536,1491.3000075519085,0.37285715341567993,0.4819999933242798,1.0692222118377686,14.0,17.399999618530273,24.266666412353516,19.426666259765625,17.20777702331543,284.3285827636719,290.8133239746094,300.4100036621094,48.43333435058594,43.741111755371094,-1.3300000429153442,-1.7400000095367432,1.1200000047683716,2.6700000762939453
-93.0642,31.1943,0,-2,2,2016,38,83,0.5272282361984253,0.0,0,0,0,0,0,0,1,0.6196,0.2874,3.399999976158142,44.00000035762787,64.89999997615814,230.59975045919418,295.7304555773735,752.6787706613541,1531.973879903555,0.8142856955528259,0.5920000076293945,0.5810461640357971,27.714284896850586,23.233333587646484,21.804338455200195,17.350000381469727,17.291553497314453,290.6571350097656,289.8299865722656,291.8351745605469,40.959999084472656,46.245933532714844,-1.2699999809265137,-1.3700000047683716,-2.4000000953674316,-1.6399999856948853
-82.22325556,31.24966667,0,-2,12,2019,341,48,0.6535480618476868,0.03,0,1,0,0,0,0,0,0.6297,0.31170000000000003,15.199999809265137,15.199999809265137,59.499998331069946,309.8000032901764,322.3000034093857,738.3000081777573,1165.5000076889992,0.6599999666213989,0.5989999771118164,0.9811111092567444,23.571428298950195,19.366666793823242,24.733333587646484,18.709999084472656,17.10333251953125,291.75714111328125,292.683349609375,299.6988830566406,42.87333297729492,42.53111267089844,1.649999976158142,-1.7400000095367432,1.4299999475479126,2.3399999141693115
-80.043288,36.226587,0,-2,4,2019,92,224,0.4383498728275299,0.03,1,0,0,0,0,0,0,0.30510000000000004,0.1199,0.4000000059604645,17.70000049471855,35.30000075697899,221.5999990105629,319.4999969601631,839.0999986827374,1770.7000004649162,0.7128571271896362,0.612333357334137,0.49177777767181396,35.57143020629883,27.5,21.83333396911621,13.456666946411133,15.736666679382324,289.6428527832031,287.760009765625,285.53778076171875,35.99333190917969,41.16555404663086,6.53000020980835,6.46999979019165,5.769999980926514,3.380000114440918
-85.24415,36.12078333,0,-2,11,2019,310,602,0.27355000376701355,0.0,0,0,0,0,0,0,1,0.6018,0.3211,15.899999618530273,106.80000001192093,173.00000059604645,214.10000145435333,299.90000116825104,788.5000001788139,2056.3999949097633,0.4957142770290375,0.41866666078567505,0.7412222027778625,16.14285659790039,17.16666603088379,19.27777862548828,19.15999984741211,18.13888931274414,287.72857666015625,291.3899841308594,299.2366638183594,52.4033317565918,52.313331604003906,2.759999990463257,3.130000114440918,4.46999979019165,5.329999923706055
-89.34283081,30.46708425,0,-2,9,2018,259,20,0.10841526836156845,0.21,1,0,0,0,0,0,0,0.7596,0.48090000000000005,50.100000858306885,100.30000162124634,268.40000036358833,358.1000002026558,633.6000005304813,984.7000009417534,1839.7999972105026,0.9214285612106323,0.7946666479110718,0.8583333492279053,8.714285850524902,9.133333206176758,14.066666603088379,20.1733341217041,18.872222900390625,305.9142761230469,304.5333251953125,305.4655456542969,58.18333435058594,56.11777877807617,2.0,1.7400000095367432,1.7599999904632568,2.630000114440918
-79.236384,35.361258,0,-2,4,2018,98,120,0.10232412070035934,0.03,0,0,0,1,0,0,0,0.5118,0.3134,26.59999942779541,27.799999445676804,105.69999930262566,157.39999914169312,297.4000008702278,463.00000154972076,1022.7000043988228,0.8214285969734192,0.6726666688919067,0.5788888931274414,31.714284896850586,29.16666603088379,25.922222137451172,14.173333168029785,15.818888664245605,294.1428527832031,290.03668212890625,288.8844299316406,37.68000030517578,39.20888900756836,-2.4800000190734863,-2.640000104904175,-2.740000009536743,-1.940000057220459
-88.15395209,34.80391587,0,-2,8,2019,218,195,0.8856483101844788,0.06,1,0,0,0,0,0,0,0.8460000000000001,0.642,37.799999356269836,45.799999356269836,181.4000009894371,276.00000071525574,353.6000011265278,1011.899995714426,1745.1999950706959,1.0671428442001343,1.0980000495910645,1.0226666927337646,20.0,19.33333396911621,22.399999618530273,17.06333351135254,16.456666946411133,304.78570556640625,305.1400146484375,303.67889404296875,50.50666809082031,51.06999969482422,1.600000023841858,1.3899999856948853,2.319999933242798,1.0199999809265137
-82.166764,35.592729,0,-2,3,2019,65,473,1.1127800941467285,0.03,0,0,0,0,0,0,1,0.5443,0.2812,28.700000047683716,86.89999985694885,202.50000023841858,285.0999998450279,604.0999999940395,1266.9000015556812,2501.3000062704086,0.3442857265472412,0.43166667222976685,0.3808888792991638,13.571428298950195,15.600000381469727,14.777777671813965,18.3799991607666,18.245555877685547,284.25714111328125,286.0,284.1822204589844,49.90999984741211,46.8466682434082,9.520000457763672,9.789999961853027,8.65999984741211,6.980000019073486
-81.61194444,32.16666667,0,-2,1,2019,4,30,2.058624744415283,0.0,0,0,0,0,0,0,1,0.5832,0.28190000000000004,28.300000607967377,54.599999845027924,121.0,333.9999983012676,425.3999999463558,741.2000014781952,1395.899999588728,0.5671428442001343,0.49433332681655884,0.5915555357933044,15.0,16.133333206176758,18.05555534362793,18.60333251953125,18.462223052978516,295.31427001953125,291.2033386230469,294.2611083984375,50.369998931884766,49.081111907958984,1.1699999570846558,0.18000000715255737,0.5600000023841858,-0.9700000286102295
-90.663,30.77,0,-2,2,2018,35,74,0.11019416153430939,0.12369316876852982,1,0,0,0,0,0,0,0.6003000000000001,0.2763,23.299999713897705,128.4999964237213,209.79999804496765,321.19999849796295,388.99999952316284,720.299998998642,1785.999996572733,0.5214285850524902,0.4560000002384186,0.5130000114440918,19.571428298950195,22.200000762939453,21.988889694213867,17.0766658782959,17.357778549194336,290.5857238769531,288.260009765625,289.7622375488281,45.38666534423828,44.79222106933594,0.8899999856948853,1.1100000143051147,2.059999942779541,2.890000104904175
-78.338579,33.949821,0,-2,12,2016,360,16,0.0,0.03,0,0,0,0,0,0,1,0.7342000000000001,0.3524,11.0,40.79999998211861,123.00000050663948,153.3000004887581,333.000003695488,867.5000095367432,1610.662470370531,0.3942857086658478,0.4636666774749756,0.6198889017105103,12.0,14.699999809265137,18.244443893432617,20.246665954589844,18.994443893432617,287.9428405761719,288.78668212890625,293.52777099609375,49.39666748046875,45.72111129760742,1.3200000524520874,1.2300000190734863,1.4800000190734863,3.450000047683716
-77.559199,36.054534,0,-2,10,2016,291,26,0.0,0.19209372712298545,1,0,0,0,0,0,0,0.8199000000000001,0.3794,0.0,241.2000060081482,397.1000052690506,538.8000030517578,627.0000034570694,1057.200004965067,1732.3539609909058,0.5357142686843872,0.5569999814033508,0.8234444260597229,16.571428298950195,11.600000381469727,16.08888816833496,20.360000610351562,18.544445037841797,296.528564453125,297.9700012207031,302.6322326660156,59.29999923706055,53.35444641113281,3.880000114440918,2.740000009536743,3.069999933242798,2.759999990463257
-77.254667,35.867833,0,-2,5,2019,150,23,0.002881868276745081,0.10816653826391967,0,0,0,0,0,1,0,0.5562,0.4813,3.0,3.0,32.39999961853027,161.0999999344349,213.69999983906746,542.2999981939793,1418.6999987661839,1.841428518295288,1.2380000352859497,0.89811110496521,40.28571319580078,33.900001525878906,28.133333206176758,13.786666870117188,14.7877779006958,308.21429443359375,303.1433410644531,296.28778076171875,42.643333435058594,43.23555374145508,3.2200000286102295,4.010000228881836,3.950000047683716,3.2799999713897705
-89.8742193,33.8536554,0,-2,3,2016,63,94,0.026478009298443794,0.0,0,0,0,0,0,0,1,0.5705,0.30260000000000004,49.200000286102295,92.00000122189522,127.50000050663948,235.80000066757202,363.92582380771637,688.6345921754837,1403.2517014443874,0.5428571105003357,0.5063333511352539,0.4639627933502197,12.714285850524902,17.933332443237305,16.727764129638672,17.3700008392334,18.350263595581055,290.1856994628906,288.0366516113281,287.8934631347656,41.310001373291016,46.71946334838867,-1.059999942779541,-1.1699999570846558,-1.1399999856948853,1.100000023841858
-76.209536,36.186177,0,-2,1,2019,7,2,0.48426738381385803,0.06,0,0,0,0,0,1,0,0.5431,0.3435,12.299999952316284,24.89999955892563,119.59999942779541,265.8999992907047,363.2999972999096,810.7999998629093,1623.2000024020672,0.595714271068573,0.4493333399295807,0.4707777798175812,18.428571701049805,14.899999618530273,15.866666793823242,18.713333129882812,18.66111183166504,289.55712890625,287.6000061035156,289.75445556640625,47.62666702270508,48.53666687011719,4.079999923706055,3.5299999713897705,3.2200000286102295,2.3499999046325684
-82.6553,29.0427,0,-2,6,2018,153,14,0.864538311958313,0.0,0,0,0,0,0,0,1,0.775,0.4293,60.69999974966049,160.19999831914902,219.59999844431877,319.09999892115593,396.99999979138374,581.8000004291534,1480.7000025212765,0.6299999952316284,0.8686666488647461,0.7761111259460449,8.571428298950195,16.933332443237305,22.03333282470703,18.65999984741211,17.81333351135254,302.6285705566406,303.239990234375,299.8933410644531,53.380001068115234,47.94111251831055,-1.6299999952316284,-2.1600000858306885,-2.180000066757202,-3.059999942779541
-76.793467,35.201833,0,-2,2,2016,36,6,0.0,0.32310988842807026,1,0,0,0,0,0,0,0.6322,0.2952,116.0999984741211,119.5999984741211,214.39999866485596,344.71061995625496,504.122410684824,1092.306446582079,1783.077721863985,0.5857142806053162,0.48100000619888306,0.5229668617248535,19.571428298950195,24.5,19.228649139404297,15.566666603088379,17.279577255249023,291.9142761230469,286.3066711425781,290.0262145996094,46.51333236694336,48.924522399902344,3.819999933242798,3.440000057220459,2.2899999618530273,1.7100000381469727
-85.72412922,33.49891248,0,-2,4,2019,104,350,0.0045091756619513035,0.0670820393249937,1,0,0,0,0,0,0,0.7588,0.3766,51.500001192092896,86.80000129342079,96.30000123381615,313.0000030398369,465.4000011086464,1021.0999987721443,1717.8000012338161,0.8371428847312927,0.7296666502952576,0.5462222099304199,18.14285659790039,27.299999237060547,20.200000762939453,15.360000610351562,16.66111183166504,298.9571533203125,293.9166564941406,289.8477783203125,39.413333892822266,44.54111099243164,3.319999933242798,4.099999904632568,3.4600000381469727,2.0199999809265137
-77.425333,35.6107,0,-2,11,2018,312,26,33.35521697998047,0.0,0,0,0,0,0,0,1,0.5312,0.31070000000000003,21.299999833106995,54.29999911785126,72.29999959468842,359.90000027418137,521.9000043272972,997.8000057637691,1593.400007367134,0.5357142686843872,0.5993333458900452,0.9164444208145142,15.285714149475098,19.799999237060547,18.322221755981445,18.09666633605957,17.636667251586914,294.8428649902344,294.44000244140625,301.0744323730469,47.70333480834961,49.22888946533203,3.6600000858306885,3.9700000286102295,2.799999952316284,1.8799999952316284
-75.894648,36.256068,0,-2,1,2017,0,5,0.39215385913848877,0.042426406871192854,0,0,0,0,0,0,0,0.5622,0.3033,5.5,19.79999965429306,59.999999940395355,102.89999997615814,361.7999969124794,875.4999956786633,1545.5999954938889,0.41428571939468384,0.41866666078567505,0.5677777528762817,20.428571701049805,19.03333282470703,21.53333282470703,18.399999618530273,17.66111183166504,287.24285888671875,286.336669921875,290.9644470214844,47.939998626708984,48.436668395996094,2.3399999141693115,2.759999990463257,0.9300000071525574,0.10999999940395355
-85.6514,30.7292,0,-2,3,2016,80,47,0.20789532363414764,0.0,0,0,0,1,0,0,0,0.6292,0.4038,33.59999942779541,33.59999942779541,91.89999830722809,229.19999754428864,443.9818284511566,1009.3238753080368,1864.319404900074,0.9599999785423279,0.8473333120346069,0.6624225974082947,27.85714340209961,26.700000762939453,21.25558090209961,15.819999694824219,16.64957618713379,297.5857238769531,296.2066650390625,292.6185607910156,42.4900016784668,44.48008728027344,2.4200000762939453,2.7799999713897705,2.109999895095825,-0.7200000286102295
-92.8697,32.7445,0,-2,7,2017,181,78,0.0,0.06,1,0,0,0,0,0,0,0.882,0.444,3.3000000715255737,164.00000607967377,231.60000529885292,380.00000363588333,501.70000141859055,754.5000016093254,1310.9999993741512,0.9800000190734863,0.8976666927337646,0.8424444198608398,21.0,18.066667556762695,21.422222137451172,17.34000015258789,17.184444427490234,304.028564453125,303.7733459472656,301.3077697753906,53.606666564941406,50.7055549621582,-1.7699999809265137,-2.4100000858306885,-2.299999952316284,1.1200000047683716
-81.255652,35.268093,0,-2,10,2016,274,248,0.45299574732780457,0.0,0,0,0,0,0,0,1,0.7304,0.3911,28.999999284744263,28.999999284744263,56.99999928474426,133.89999815821648,244.0999979674816,488.5999974012375,1267.2692845463753,1.0,1.1696666479110718,1.2649999856948853,23.85714340209961,27.33333396911621,25.311111450195312,16.196666717529297,16.22222137451172,302.72857666015625,303.63665771484375,305.42333984375,43.086666107177734,43.241111755371094,-1.6399999856948853,0.5299999713897705,1.1200000047683716,2.1500000953674316
-79.110634,34.848197,0,-2,5,2018,147,61,0.1695353239774704,0.03,0,0,0,0,0,0,1,0.7384000000000001,0.39690000000000003,67.19999915361404,113.29999834299088,120.49999815225601,197.69999822974205,275.3999989926815,490.2999988794327,1074.2000000476837,1.1671428680419922,1.318333387374878,0.9543333053588867,21.285715103149414,33.70000076293945,33.29999923706055,13.823333740234375,13.727777481079102,303.8143005371094,302.5633239746094,295.6388854980469,38.54666519165039,36.991111755371094,-2.630000114440918,-2.430000066757202,-1.909999966621399,-1.3799999952316284
-89.7925,32.99777778,0,-2,3,2019,73,109,0.10187430679798126,0.06,1,0,0,0,0,0,0,0.6048,0.2737,29.399999618530273,63.90000009536743,208.19999837875366,371.69999772310257,591.7999933063984,996.7999954223633,1787.9999947845936,0.6785714030265808,0.4350000023841858,0.4265555441379547,19.0,14.066666603088379,15.48888874053955,18.773332595825195,18.241111755371094,295.6428527832031,289.9866638183594,288.46112060546875,52.98666763305664,51.849998474121094,3.5199999809265137,3.5199999809265137,2.140000104904175,1.3300000429153442
-81.585311,35.344531,0,-2,7,2016,200,258,0.9550338387489319,0.0670820393249937,0,0,0,1,0,0,0,0.7671,0.4798,32.400000244379044,63.800000101327896,111.39999917149544,214.1999976336956,363.99999609589577,507.7999969124794,1323.9973433315754,1.2928571701049805,1.2769999504089355,1.1319999694824219,19.285715103149414,23.633333206176758,25.03333282470703,16.176666259765625,15.979999542236328,305.8428649902344,305.84332275390625,302.4633483886719,44.220001220703125,44.02333450317383,0.7099999785423279,1.090000033378601,1.4800000190734863,3.3399999141693115
-81.96794722,31.96102778,0,-2,11,2016,321,58,1.1707326173782349,0.042426406871192854,0,0,0,0,1,0,0,0.5901000000000001,0.30910000000000004,0.0,0.0,0.0,177.29999375343323,334.7999978363514,753.8000017106533,1414.3856204152107,0.8999999761581421,1.025333285331726,1.0679999589920044,41.71428680419922,35.16666793823242,28.622222900390625,14.433333396911621,15.758889198303223,293.528564453125,298.0966796875,301.89776611328125,33.676666259765625,41.83444595336914,-0.10000000149011612,-0.6299999952316284,1.1399999856948853,0.7799999713897705
-81.5782,28.8813,0,-2,2,2016,32,47,0.5909348726272583,0.03,0,0,0,1,0,0,0,0.5096,0.33840000000000003,79.39999961853027,100.0,169.60000005364418,184.15418270230293,232.71188324689865,641.9488337934017,1273.9469659030437,0.654285728931427,0.5876666903495789,0.7726492285728455,14.714285850524902,22.266666412353516,24.63974380493164,17.726667404174805,16.841054916381836,294.9857177734375,292.5366516113281,297.55584716796875,47.220001220703125,50.22854995727539,0.20000000298023224,-0.10000000149011612,0.949999988079071,-1.0099999904632568
-85.793917,35.222383,0,-2,3,2016,82,573,0.0,0.0,0,0,0,0,0,0,1,0.5,0.2006,0.0,50.09999942779541,127.09999859333038,293.8999997973442,516.5005237460136,940.775221735239,1747.8035424351692,0.6957142949104309,0.5483333468437195,0.3462342619895935,26.285715103149414,16.299999237060547,13.534017562866211,17.440000534057617,18.561840057373047,289.3714294433594,288.760009765625,283.8790283203125,46.209999084472656,50.95064926147461,1.340000033378601,1.2400000095367432,0.07000000029802322,0.9700000286102295
-80.4993,25.6387,0,-2,1,2018,3,9,1.1621391773223877,0.03,0,0,0,0,0,1,0,0.46230000000000004,0.2903,11.399999767541885,12.599999815225601,26.999999910593033,116.70000120997429,295.90000289678574,1416.8000070750713,2044.8000037968159,0.5985714197158813,0.6066666841506958,0.7137777805328369,19.285715103149414,19.899999618530273,14.766666412353516,18.886667251586914,18.927778244018555,296.32855224609375,298.36334228515625,300.4033203125,52.48666763305664,55.66666793823242,3.200000047683716,3.490000009536743,2.7100000381469727,0.7699999809265137
-79.766617,33.416466,0,-2,4,2017,91,21,0.007167570758610964,0.16155494421403513,1,0,0,0,0,0,0,0.4928,0.2559,14.199999809265137,20.299999713897705,33.19999980926514,71.50000023841858,155.9000009894371,539.1999990940094,1440.499997586012,1.1442856788635254,0.8399999737739563,0.7432222366333008,32.85714340209961,33.63333511352539,26.299999237060547,14.65999984741211,15.835556030273438,300.6571350097656,294.26666259765625,293.1822204589844,33.2599983215332,36.483333587646484,1.1699999570846558,2.1500000953674316,3.25,2.619999885559082
-88.53666667,30.65527778,0,-2,4,2016,97,18,0.0,0.10816653826391967,0,0,0,0,1,0,0,0.7295,0.433,66.89999842643738,146.6000007390976,300.3000017404556,357.80000126361847,529.1000012457371,1130.5155992805958,2206.3532578349113,1.0057142972946167,0.8059999942779541,0.6446666717529297,21.285715103149414,21.33333396911621,20.655555725097656,16.93666648864746,17.25777816772461,298.25714111328125,296.9599914550781,293.2711181640625,48.16666793823242,44.48777770996094,2.0299999713897705,1.6799999475479126,1.350000023841858,-1.0
-78.752488,36.108727,0,-2,9,2016,267,119,0.3011874556541443,0.0,0,0,0,0,0,0,1,0.7886000000000001,0.5154,103.30000057816505,103.30000057816505,129.50000056624413,258.90000066161156,433.5000005662441,772.2000024020672,1491.6476868391037,0.5885714292526245,1.0056666135787964,0.9814444184303284,12.857142448425293,22.5,18.211111068725586,17.246665954589844,17.71666717529297,299.79998779296875,303.0533447265625,304.1000061035156,48.27333450317383,50.11666488647461,2.369999885559082,2.8499999046325684,2.009999990463257,2.0
-84.8233,29.9276,0,-2,7,2018,182,8,0.0,0.06,0,0,0,0,1,0,0,0.7829,0.4429,81.20000153779984,123.0000017285347,222.70000177621841,460.0000008940697,546.7000003755093,728.0000027120113,1296.9000021219254,0.9585714340209961,0.9443333148956299,0.9718888998031616,13.285714149475098,13.666666984558105,21.11111068725586,18.383333206176758,17.108888626098633,305.5714416503906,304.9566650390625,302.1666564941406,53.02333450317383,48.32222366333008,-1.8200000524520874,-2.990000009536743,-3.309999942779541,-2.180000066757202
-81.151103,35.494065,0,-2,1,2017,18,273,0.140919491648674,0.042426406871192854,1,0,0,0,0,0,0,0.45630000000000004,0.2034,2.200000047683716,15.099999874830246,71.30000028014183,145.7999994456768,145.7999994456768,348.09999763965607,808.099998742342,0.6499999761581421,0.4606666564941406,0.6121110916137695,23.428571701049805,21.266666412353516,27.044445037841797,16.963333129882812,16.356666564941406,291.4142761230469,285.6700134277344,288.74554443359375,43.88666534423828,36.35222244262695,-3.0299999713897705,-2.9100000858306885,-1.7899999618530273,0.7699999809265137
-89.3911956,34.93073597,0,-2,2,2018,31,160,0.23617978394031525,0.08485281374238571,0,0,0,1,0,0,0,0.4882,0.1961,22.199999570846558,35.19999933242798,98.49999770522118,304.6999921500683,355.19999170303345,699.999993801117,1304.39999422431,0.5099999904632568,0.36633333563804626,0.4207777678966522,24.0,25.0,22.788888931274414,16.066667556762695,17.391111373901367,286.74285888671875,281.3166809082031,285.01666259765625,41.459999084472656,42.977779388427734,-1.559999942779541,-1.840000033378601,-1.4900000095367432,-2.809999942779541
-93.513,32.459,0,-2,10,2016,277,68,0.0,0.12369316876852982,0,0,0,0,1,0,0,0.801,0.3504,0.0,0.0,58.999998450279236,281.79999908804893,389.8999998867512,819.4999940991402,2008.5266616046429,1.1871428489685059,1.190666675567627,1.2297778129577637,32.0,26.5,24.188888549804688,16.190000534057617,16.690000534057617,301.0428466796875,304.8566589355469,306.2577819824219,43.400001525878906,46.88666534423828,3.390000104904175,3.3399999141693115,2.640000104904175,3.0299999713897705
-84.76659722,34.91094722,0,-2,2,2016,42,243,0.21618342399597168,0.042426406871192854,1,0,0,0,0,0,0,0.49500000000000005,0.2554,1.4000000357627869,61.10000020265579,124.50000029802322,380.2314735651016,561.4716012477875,1011.6588317453861,1817.1912363171577,0.41428571939468384,0.3696666657924652,0.3977060317993164,18.714284896850586,16.266666412353516,14.348639488220215,17.81999969482422,18.74034881591797,281.25714111328125,283.0333251953125,286.635009765625,47.689998626708984,49.81588363647461,3.630000114440918,3.609999895095825,2.059999942779541,0.7400000095367432
-80.3419,36.229267,0,-2,5,2017,140,265,0.0,0.09486832980505139,1,0,0,0,0,0,0,0.8450000000000001,0.6591,17.30000078678131,29.000000953674316,258.2000026702881,351.2000027894974,390.30000257492065,604.3999999761581,1166.5999997854233,1.3471428155899048,0.9023333191871643,0.8598889112472534,26.714284896850586,20.566667556762695,31.544445037841797,16.836666107177734,14.050000190734863,302.78570556640625,297.2733459472656,293.848876953125,46.766666412353516,37.36111068725586,-1.559999942779541,-3.0999999046325684,-2.319999933242798,-1.3300000429153442
-90.5996037,31.5678287,0,-2,3,2016,80,121,0.03157099708914757,0.20124611797498107,0,0,0,0,1,0,0,0.681,0.35050000000000003,81.20000076293945,244.0,302.90000116825104,521.9000008106232,674.9857484400272,1274.172542154789,1912.7841303050518,1.0214285850524902,0.7649999856948853,0.6076636910438538,18.571428298950195,17.366666793823242,18.550174713134766,17.729999542236328,17.521333694458008,296.3285827636719,295.0433349609375,291.63458251953125,47.13999938964844,46.841651916503906,3.2899999618530273,2.369999885559082,2.299999952316284,-1.9600000381469727
-81.267,29.0619,0,-2,2,2017,54,27,0.0,0.0,0,0,0,0,0,0,1,0.4219,0.2268,47.60000014305115,47.60000014305115,73.69999980926514,149.49999904632568,165.89999902248383,529.0000006556511,1077.700002938509,0.9157142639160156,0.8939999938011169,0.8605555295944214,28.0,26.03333282470703,23.61111068725586,16.14666748046875,17.406665802001953,297.8285827636719,296.9200134277344,297.75,36.81999969482422,41.11111068725586,-3.9100000858306885,-3.9000000953674316,-3.2300000190734863,-2.990000009536743
-84.03555556,35.1,0,-2,3,2016,66,544,0.9099264144897461,0.0,0,0,0,0,0,0,1,0.5057,0.2609,17.700000524520874,87.9999988079071,117.39999848604202,227.79999881982803,490.0746141076088,967.8966404795647,1731.5635125339031,0.4171428382396698,0.33033332228660583,0.33275893330574036,11.285714149475098,14.433333396911621,11.397988319396973,18.09666633605957,19.7777156829834,286.1856994628906,283.4533386230469,284.8616027832031,42.029998779296875,47.029296875,2.930000066757202,3.2699999809265137,1.840000033378601,0.6600000262260437
-84.28178,35.012516,0,-2,9,2016,271,644,0.15877214074134827,0.03,1,0,0,0,0,0,0,0.8496,0.5171,13.999999642372131,23.600000023841858,37.200000286102295,121.19999873638153,260.1000010371208,461.8000002205372,1429.4680109620094,1.2157143354415894,1.121999979019165,0.9396666884422302,25.714284896850586,25.366666793823242,20.433332443237305,16.809999465942383,17.45222282409668,302.9285888671875,302.97332763671875,303.3933410644531,40.5,46.74333190917969,-3.5899999141693115,-2.9200000762939453,-2.190000057220459,1.159999966621399
-82.76055556,31.36416667,0,-2,6,2018,153,61,0.1855318397283554,0.0,0,0,0,0,0,1,0,0.6809000000000001,0.35750000000000004,80.59999960660934,128.59999984502792,210.20000106096268,266.2000001370907,314.900000423193,521.0000003278255,1223.1000030636787,0.8428571224212646,1.1543333530426025,0.9829999804496765,10.428571701049805,25.46666717529297,31.94444465637207,16.316667556762695,14.695555686950684,303.0428466796875,303.1000061035156,298.5133361816406,45.21333312988281,39.70888900756836,-1.8600000143051147,-2.130000114440918,-1.0499999523162842,0.5199999809265137
-85.37809444,34.39635,0,-2,1,2017,3,227,0.7935696244239807,0.03,1,0,0,0,0,0,0,0.4953,0.2509,63.40000057220459,69.40000048279762,113.40000107884407,215.3000001013279,216.5000001490116,377.2000016570091,1000.299996137619,0.3814285695552826,0.4073333442211151,0.8397777676582336,13.857142448425293,19.66666603088379,35.16666793823242,18.6200008392334,15.014444351196289,286.8428649902344,286.60333251953125,293.18890380859375,50.9033317565918,36.393333435058594,-4.579999923706055,-4.670000076293945,-3.25,-1.649999976158142
-81.4166,27.3698,0,-2,4,2017,100,24,0.002086128108203411,0.18973665961010278,0,0,0,0,1,0,0,0.6486000000000001,0.38520000000000004,0.0,3.300000011920929,38.20000058412552,55.900000154972076,71.200000166893,118.70000040531158,1452.999997496605,1.4671428203582764,1.3196666240692139,1.1561111211776733,43.85714340209961,37.733333587646484,33.05555725097656,13.703332901000977,14.998888969421387,302.71429443359375,301.5033264160156,300.5211181640625,31.399999618530273,35.31444549560547,0.8199999928474426,1.4800000190734863,3.190000057220459,5.019999980926514
-80.516184,35.087064,0,-2,7,2016,202,187,0.9738094806671143,0.03,1,0,0,0,0,0,0,0.7867000000000001,0.49210000000000004,61.19999980926514,116.99999809265137,138.49999809265137,196.59999802708626,354.1999960243702,493.6999981403351,1543.8957015573978,1.2557142972946167,1.3639999628067017,1.2088888883590698,21.285715103149414,28.46666717529297,28.133333206176758,15.716666221618652,15.41333293914795,306.528564453125,306.6966552734375,303.1866760253906,42.016666412353516,42.03444290161133,0.7799999713897705,1.4299999475479126,1.7999999523162842,3.9200000762939453
-82.5638,28.7823,0,-2,2,2018,34,13,0.26749494671821594,0.0670820393249937,0,0,0,0,1,0,0,0.5678000000000001,0.331,49.500001549720764,68.50000154972076,92.50000202655792,145.60000059008598,249.0999991595745,723.8999927341938,1297.499992787838,0.5642856955528259,0.5613333582878113,0.5492222309112549,17.285715103149414,17.933332443237305,18.03333282470703,19.036666870117188,19.573333740234375,294.55712890625,293.3033447265625,295.314453125,44.13333511352539,49.52555465698242,-1.5,-1.7899999618530273,-2.430000066757202,-3.190000057220459
-93.5777,30.5348,0,-2,5,2018,144,36,0.0,0.03,1,0,0,0,0,0,0,0.7724000000000001,0.5027,6.199999928474426,6.199999928474426,15.399999737739563,356.89999866485596,458.99999698996544,887.3999932706356,1921.4999915659428,1.0742857456207275,1.1206666231155396,0.862666666507721,28.85714340209961,29.03333282470703,24.488889694213867,15.623332977294922,16.12444496154785,305.6428527832031,303.96331787109375,299.0966796875,43.88666534423828,46.31222152709961,3.240000009536743,3.8499999046325684,1.9800000190734863,3.2100000381469727
-83.876883,36.4231,0,-2,9,2018,257,336,0.0,0.03,0,0,0,1,0,0,0,0.784,0.5173,39.70000076293945,45.40000057220459,108.49999904632568,266.1999980211258,417.59999787807465,748.9999990165234,1448.9999918043613,0.8400000333786011,0.9273333549499512,0.8377777934074402,12.714285850524902,15.233333587646484,15.577777862548828,18.52666664123535,18.476667404174805,302.1285705566406,303.07000732421875,303.1011047363281,51.87333297729492,54.782222747802734,0.7300000190734863,0.8500000238418579,0.8700000047683716,1.4700000286102295
-81.404442,33.893375,0,-2,7,2016,209,168,0.0,0.03,0,0,0,0,0,0,1,0.4872,0.3015,1.2999999523162842,45.7999991774559,81.89999902248383,170.5999988913536,244.69999903440475,452.4999989271164,1530.1959470808506,1.7142857313156128,1.7483333349227905,1.4509999752044678,30.85714340209961,31.5,31.377777099609375,14.446666717529297,14.472222328186035,308.27142333984375,308.3466796875,304.989990234375,37.336666107177734,39.55666732788086,0.9599999785423279,1.6299999952316284,2.7300000190734863,4.599999904632568
-85.0289,36.1024,0,-2,4,2017,115,564,0.10192108154296875,0.03,0,0,0,0,0,0,1,0.7995,0.5939,157.39999878406525,179.79999911785126,255.29999816417694,391.2999983727932,449.59999844431877,836.7999940216541,1398.1999927461147,0.6757142543792725,0.8063333630561829,0.5938888788223267,16.714284896850586,21.733333587646484,22.22222137451172,16.136667251586914,15.961111068725586,294.25714111328125,294.5633239746094,288.9866638183594,44.88666534423828,41.97888946533203,-3.319999933242798,-3.809999942779541,-3.869999885559082,-3.0
-81.3747,27.7771,0,-2,11,2016,312,26,0.0,0.0,0,1,0,0,0,0,0,0.6127,0.32020000000000004,0.0,0.0,6.799999922513962,173.99999910593033,455.69999784231186,1192.799996972084,1752.1534025669098,0.9157142639160156,0.9146666526794434,1.0375555753707886,24.285715103149414,20.53333282470703,13.644444465637207,17.22333335876465,18.474445343017578,301.27142333984375,301.85333251953125,304.4566650390625,48.56666564941406,51.387779235839844,4.090000152587891,4.5,4.260000228881836,3.119999885559082
-81.54281944,32.87676944,0,-2,7,2019,184,36,0.0024420057889074087,0.2563201123595259,1,0,0,0,0,0,0,0.7945,0.4465,1.4000000357627869,36.9000009894371,180.50000113248825,194.3000013232231,247.9000020623207,392.0000001192093,1084.4000004827976,1.674285650253296,1.1893333196640015,1.317555546760559,28.0,21.66666603088379,30.03333282470703,17.316667556762695,15.14222240447998,308.1714172363281,305.6933288574219,304.17889404296875,45.63333511352539,40.87111282348633,-1.3300000429153442,-1.600000023841858,-0.949999988079071,1.3200000524520874
-83.18064722,31.77523333,0,-2,2,2017,52,83,0.018036991357803345,0.0,0,0,0,0,0,0,1,0.5568000000000001,0.2585,5.099999815225601,5.39999982714653,36.80000028014183,198.09999933838844,417.0999970138073,622.9999967813492,1202.2999969422817,0.7885714173316956,0.7273333072662354,0.6612222194671631,34.71428680419922,25.433332443237305,23.633333206176758,15.869999885559082,17.434444427490234,295.3428649902344,293.7900085449219,293.4866638183594,38.52333450317383,43.80666732788086,-0.7599999904632568,-1.1699999570846558,-1.9600000381469727,-1.2300000190734863
-78.484013,36.353129,0,-2,8,2018,240,155,0.464140385389328,0.03,1,0,0,0,0,0,0,0.8676,0.5853,0.4000000059604645,42.200000673532486,137.6999998986721,221.1000003516674,296.30000045895576,747.5000002086163,1171.799998253584,0.9242857098579407,0.9403333067893982,1.0230000019073486,20.428571701049805,15.733333587646484,19.77777862548828,18.40999984741211,17.010000228881836,302.68572998046875,303.4433288574219,303.489990234375,50.220001220703125,48.47111129760742,2.390000104904175,2.0,1.4800000190734863,-1.0099999904632568
-88.4911,34.9819,0,-2,1,2018,28,153,0.7380015850067139,0.06,0,0,0,0,0,0,1,0.5858,0.27040000000000003,33.800000578165054,47.200000673532486,108.50000059604645,270.4000002145767,301.9999997317791,580.0000014305115,1246.0999993383884,0.43857142329216003,0.3490000069141388,0.41288888454437256,20.714284896850586,23.899999618530273,22.811111450195312,16.09666633605957,17.30555534362793,287.528564453125,280.8833312988281,285.4055480957031,40.61000061035156,43.38666534423828,-3.4600000381469727,-3.259999990463257,-2.490000009536743,-3.299999952316284
-79.205141,34.535704,0,-2,1,2017,23,34,0.18372979760169983,0.03,0,0,0,0,1,0,0,0.4137,0.1822,18.100000381469727,18.100000381469727,95.19999924302101,189.30000001192093,253.49999696016312,912.2000130414963,1685.5000170767307,0.5857142806053162,0.5023333430290222,0.5826666355133057,19.14285659790039,16.66666603088379,23.08888816833496,18.4233341217041,17.29888916015625,293.1714172363281,288.92999267578125,290.0888977050781,47.4033317565918,42.87666702270508,4.610000133514404,4.53000020980835,4.489999771118164,3.6500000953674316
-82.00388889,31.47880556,0,-2,8,2016,235,42,0.0,0.21633307652783934,1,0,0,0,0,0,0,0.8298000000000001,0.5534,1.9000000357627869,27.900000751018524,114.80000025033951,231.10000216960907,358.7000026702881,656.9000046849251,1149.5290430486202,1.5014286041259766,1.4359999895095825,1.3807778358459473,27.14285659790039,23.96666717529297,23.866666793823242,15.949999809265137,16.282222747802734,308.4285583496094,307.8033447265625,307.1222229003906,42.599998474121094,42.459999084472656,-1.2999999523162842,-1.0199999809265137,-1.3200000524520874,-1.5499999523162842
-77.137509,35.797836,0,-2,3,2019,71,30,0.11131740361452103,0.0670820393249937,1,0,0,0,0,0,0,0.5402,0.279,2.699999988079071,35.30000001192093,139.09999892115593,206.99999931454659,285.99999821186066,650.999998986721,1570.4999972879887,0.5471428632736206,0.39399999380111694,0.41511112451553345,24.428571701049805,17.700000762939453,18.35555648803711,17.786666870117188,17.614444732666016,287.1856994628906,286.239990234375,286.598876953125,54.15666580200195,48.227779388427734,4.289999961853027,4.230000019073486,3.880000114440918,3.6600000858306885
-80.974327,33.589596,0,-2,4,2016,100,98,0.11129270493984222,0.0,0,0,0,0,0,1,0,0.6041000000000001,0.3639,14.000000238418579,88.1999990940094,93.1999990940094,150.59999918937683,272.39999771118164,553.3132631778717,1406.8817928135395,1.0199999809265137,1.0649999380111694,0.7438889145851135,31.0,33.06666564941406,29.433332443237305,14.013333320617676,14.890000343322754,294.9857177734375,297.1400146484375,291.5899963378906,36.97999954223633,37.581111907958984,2.450000047683716,3.069999933242798,3.240000009536743,-0.5799999833106995
-89.00833333,30.86944444,0,-2,10,2016,289,63,0.00314120389521122,0.12727922061357855,1,0,0,0,0,0,0,0.8011,0.3592,0.0,2.9000000953674316,23.30000066757202,105.60000184178352,383.10000225901604,883.1000075340271,2083.152853280306,1.1528571844100952,1.256666660308838,1.1748888492584229,33.28571319580078,26.733333587646484,18.822221755981445,15.829999923706055,17.299999237060547,302.6000061035156,304.2699890136719,305.61444091796875,38.87666702270508,45.9900016784668,2.5299999713897705,2.9700000286102295,2.130000114440918,2.0
-82.47228611,31.86365278,0,-2,9,2016,251,68,0.049218256026506424,0.0670820393249937,0,0,0,1,0,0,0,0.8038000000000001,0.5679000000000001,105.60000228881836,111.90000247955322,185.30000135302544,341.6000016927719,438.7000017762184,816.6999965310097,1446.9927773475647,1.0042856931686401,1.250666618347168,1.435111165046692,20.85714340209961,24.733333587646484,27.4777774810791,16.336666107177734,15.355555534362793,303.29998779296875,306.0633239746094,307.0433349609375,44.88666534423828,42.01777648925781,0.019999999552965164,0.6600000262260437,1.0399999618530273,0.5899999737739563
-79.9717,35.71595,0,-2,4,2018,91,167,0.01215589139610529,0.08485281374238571,0,0,1,0,0,0,0,0.47950000000000004,0.2235,0.8999999761581421,58.69999969005585,106.79999887943268,197.799997985363,298.5999991297722,454.6999986767769,1160.8999984264374,0.8299999833106995,0.6229999661445618,0.5097777843475342,30.85714340209961,27.200000762939453,25.811111450195312,14.106666564941406,15.625555992126465,292.8285827636719,287.3500061035156,286.32000732421875,36.27000045776367,37.71110916137695,-1.7000000476837158,-1.8899999856948853,-2.0299999713897705,-0.8999999761581421
-76.5577,34.779467,0,-2,1,2016,17,6,1.8654054403305054,0.03,1,0,0,0,0,0,0,0.5161,0.26580000000000004,47.59999942779541,80.79999995231628,129.90882697701454,431.7362303137779,583.4815318882465,1429.0883538722992,2124.8492462337017,0.4714285731315613,0.5485050082206726,0.561667263507843,20.571428298950195,19.177629470825195,15.641059875488281,16.914310455322266,18.154359817504883,285.5571594238281,289.0400695800781,292.0052795410156,50.570838928222656,51.98952102661133,5.349999904632568,5.78000020980835,2.7799999713897705,2.2899999618530273
-79.345739,34.830466,0,-2,9,2019,244,64,0.3423265218734741,0.09,0,0,0,0,0,1,0,0.7046,0.42560000000000003,0.0,23.000000029802322,58.20000070333481,200.0000006556511,327.6000003814697,550.5000005960464,1592.9000087678432,1.2214285135269165,1.1796666383743286,1.3236666917800903,26.285715103149414,23.799999237060547,25.53333282470703,16.729999542236328,16.01555633544922,304.29998779296875,305.5333251953125,305.98443603515625,46.380001068115234,43.483333587646484,1.9900000095367432,2.890000104904175,3.7899999618530273,4.21999979019165
-83.1203,30.4958,0,-2,10,2018,282,33,0.20651564002037048,0.03,0,0,0,1,0,0,0,0.6909000000000001,0.4116,13.699999690055847,34.799999594688416,54.19999974966049,184.39999890327454,403.70000100135803,884.5000027418137,1269.1000048816204,1.01714289188385,1.0813332796096802,1.019444465637207,20.14285659790039,19.100000381469727,13.977777481079102,17.713333129882812,18.464445114135742,304.1428527832031,305.6533203125,305.46221923828125,48.87333297729492,51.30666732788086,1.909999966621399,2.2799999713897705,1.5499999523162842,-1.1799999475479126
-80.548378,34.31303,0,-2,5,2018,146,104,0.00861983560025692,0.0,0,0,0,0,0,0,1,0.7871,0.42150000000000004,30.09999978542328,72.50000059604645,73.6000006198883,189.59999924898148,263.20000034570694,486.8000029325485,1086.4999998807907,1.0042856931686401,1.2269999980926514,0.9087777733802795,25.428571701049805,34.766666412353516,31.96666717529297,13.686666488647461,14.134444236755371,302.3428649902344,301.64666748046875,295.4544372558594,40.3033332824707,38.0444450378418,-1.4800000190734863,-1.7400000095367432,-1.4600000381469727,-0.8700000047683716
-85.746,33.164,0,-2,11,2019,321,307,0.0,0.06,0,0,1,0,0,0,0,0.5907,0.2589,57.49999886751175,90.09999734163284,259.19999438524246,307.4999929070473,354.0999920964241,682.099994957447,1647.9999925792217,0.3385714292526245,0.45633333921432495,0.9907777905464172,10.285714149475098,16.366666793823242,25.322221755981445,19.626667022705078,16.90888786315918,284.5857238769531,290.72332763671875,299.4322204589844,49.00666809082031,44.36888885498047,1.3300000429153442,0.5199999809265137,2.4100000858306885,3.4000000953674316
-85.39875,35.2178,0,-2,11,2016,325,658,0.10045675933361053,0.0,0,0,0,0,0,0,1,0.5881000000000001,0.30710000000000004,3.200000047683716,3.200000047683716,3.8000000715255737,15.299999594688416,50.20000037550926,330.0999982059002,1328.6500718593597,0.7842857241630554,0.875333309173584,0.8474444150924683,49.57143020629883,47.20000076293945,35.088890075683594,11.203332901000977,13.588889122009277,288.3285827636719,291.913330078125,296.7477722167969,30.68000030517578,42.82444381713867,-5.289999961853027,-4.159999847412109,-2.9600000381469727,-1.2000000476837158
-92.9215,30.5685,0,-2,6,2019,161,23,0.0015411709900945425,0.34205262752974136,0,0,0,0,1,0,0,0.8359000000000001,0.5437000000000001,191.19999408721924,219.89999330043793,297.29999029636383,599.2999840080738,696.199984818697,1089.8999838531017,1991.0999798476696,0.8657143115997314,0.922333300113678,0.788777768611908,19.714284896850586,22.266666412353516,24.799999237060547,17.046667098999023,16.336666107177734,304.71429443359375,304.03668212890625,299.6499938964844,54.39666748046875,51.893333435058594,1.3899999856948853,0.20999999344348907,0.8799999952316284,0.6499999761581421
-86.879,34.101,0,-2,9,2018,257,190,2.1976091861724854,0.03,0,0,0,1,0,0,0,0.6807000000000001,0.3793,41.90000033378601,44.80000025033951,80.2999997138977,116.79999896883965,367.5999976694584,747.599998742342,1495.5999973416328,1.0099999904632568,1.0859999656677246,1.024666666984558,19.0,22.066667556762695,19.96666717529297,17.253334045410156,17.350000381469727,303.8428649902344,304.39666748046875,304.4277648925781,49.39666748046875,50.801109313964844,1.4500000476837158,1.9700000286102295,1.340000033378601,1.4800000190734863
-82.46694444,30.25805556,0,-2,3,2016,68,49,0.07980053126811981,0.03,0,0,0,0,0,0,1,0.6943,0.3473,9.0,18.0,31.599999576807022,197.80000001192093,260.559401512146,448.5507498681545,1357.9694699943066,0.7457143068313599,0.7706666588783264,0.6782891154289246,31.714284896850586,30.600000381469727,25.32813262939453,14.526666641235352,16.514041900634766,296.0714416503906,294.45001220703125,293.6585693359375,34.810001373291016,44.603271484375,1.4500000476837158,1.3899999856948853,2.0199999809265137,2.25
-81.4329,27.3546,0,-2,12,2016,340,30,0.05360625684261322,0.0,0,0,0,0,0,0,1,0.4892,0.311,0.8999999761581421,0.8999999761581421,0.8999999761581421,8.20000010728836,245.40000236034393,912.5000054836273,1700.5370747447014,0.8871428966522217,0.8973333239555359,1.0357778072357178,26.285715103149414,29.600000381469727,21.41111183166504,16.553333282470703,17.170000076293945,301.8285827636719,300.2200012207031,302.9822082519531,42.9566650390625,46.698890686035156,2.8499999046325684,3.7799999713897705,4.03000020980835,4.989999771118164
-80.005447,33.976086,0,-2,12,2016,355,39,0.06322460621595383,0.042426406871192854,0,0,0,0,0,0,1,0.49060000000000004,0.21200000000000002,26.09999966621399,56.899999141693115,110.49999904632568,128.8999983370304,363.3999964296818,883.3000001311302,1568.4636190533638,0.4399999976158142,0.48633334040641785,0.7397778034210205,16.428571701049805,23.366666793823242,24.53333282470703,17.6733341217041,17.198888778686523,285.9571533203125,288.49334716796875,294.45001220703125,45.63999938964844,41.91444396972656,3.7200000286102295,4.110000133514404,3.7200000286102295,4.25
-82.995,30.5667,0,-2,1,2016,14,39,0.15772399306297302,0.03,1,0,0,0,0,0,0,0.6452,0.3129,5.400000125169754,45.300000697374344,120.86487057805061,151.5505042374134,243.49915984272957,646.2309150695801,1370.236768990755,0.508571445941925,0.6011151671409607,0.7407631874084473,22.0,21.575639724731445,23.521583557128906,17.322647094726562,17.324798583984375,289.0714416503906,292.88348388671875,296.5830078125,49.69881057739258,47.94647979736328,1.7999999523162842,1.899999976158142,2.259999990463257,2.0
-82.5693,28.6171,0,-2,2,2016,41,18,0.008038956671953201,0.0,0,0,0,0,0,0,1,0.6277,0.3126,35.10000038146973,43.40000057220459,124.10000169277191,165.2191657423973,226.11805075407028,528.7229038774967,1592.189860880375,0.4599999785423279,0.5136666893959045,0.6442506313323975,17.428571701049805,15.533333778381348,17.91193962097168,19.869998931884766,19.205020904541016,290.5,292.7266540527344,296.7895812988281,48.426666259765625,50.91135787963867,3.880000114440918,3.9000000953674316,4.670000076293945,4.639999866485596
-83.21778611,31.02465,0,-2,1,2017,13,60,2.585167646408081,0.0,0,0,0,0,0,1,0,0.5263,0.23650000000000002,0.0,71.39999961853027,101.59999978542328,194.7999999821186,194.7999999821186,561.7999944388866,1274.8999959230423,0.654285728931427,0.6539999842643738,0.882111132144928,23.285715103149414,22.100000381469727,30.844444274902344,17.690000534057617,15.856666564941406,290.5142822265625,293.36334228515625,296.2033386230469,44.856666564941406,37.529998779296875,-1.0700000524520874,-1.2000000476837158,1.2300000190734863,1.090000033378601
-88.60747,34.41989,0,-2,4,2016,97,138,0.0,0.0670820393249937,1,0,0,0,0,0,0,0.7605000000000001,0.3373,18.59999990463257,93.20000088214874,155.2000007033348,258.19999980926514,418.39999878406525,823.6222571134567,1634.587164849043,1.0242856740951538,0.8159999847412109,0.5673333406448364,24.714284896850586,23.066667556762695,19.255556106567383,15.699999809265137,17.18666648864746,295.9571533203125,295.17999267578125,289.23779296875,41.586666107177734,43.78889083862305,1.159999966621399,1.190000057220459,1.5199999809265137,2.309999942779541
-81.7344,26.4865,0,-2,7,2017,205,16,0.005105080083012581,0.20124611797498107,0,0,0,0,1,0,0,0.4974,0.10260000000000001,65.59999933838844,121.89999851584435,276.69999864697456,675.8000002801418,772.5000013709068,884.0000016987324,1554.6999990046024,0.9842857122421265,1.1059999465942383,1.1315555572509766,10.428571701049805,8.933333396911621,16.700000762939453,18.56999969482422,17.829999923706055,305.0,305.99334716796875,305.23779296875,52.78333282470703,50.301109313964844,1.7999999523162842,-1.3899999856948853,-2.9000000953674316,1.100000023841858
-78.679894,34.136236,0,-2,2,2016,47,24,0.023873720318078995,0.15,0,0,0,0,1,0,0,0.7138,0.328,32.5,191.8999992609024,219.29999840259552,333.6224636733532,400.1703341305256,1136.9307362735271,1796.8785913288593,0.3457143008708954,0.43166667222976685,0.5149120688438416,28.714284896850586,23.399999618530273,20.7854061126709,16.553333282470703,17.10869789123535,281.971435546875,284.78668212890625,288.76727294921875,43.413333892822266,46.120113372802734,4.119999885559082,4.119999885559082,3.700000047683716,1.600000023841858
-81.3139,27.2456,0,-2,9,2017,271,33,3.13794207572937,0.0,0,0,0,0,0,0,1,0.6595000000000001,0.3769,10.599999785423279,10.599999785423279,329.200002849102,555.7000035941601,753.7000034153461,1251.80000436306,1451.5000072419643,1.321428656578064,1.219333291053772,1.2564444541931152,15.714285850524902,12.233333587646484,12.644444465637207,18.33333396911621,18.377777099609375,306.8714294433594,306.3833312988281,306.9211120605469,49.43333435058594,48.43000030517578,1.690000057220459,-1.25,-1.7799999713897705,-2.3499999046325684
-80.472304,35.343641,0,-2,12,2016,357,214,0.6874333024024963,0.0,0,0,0,0,0,0,1,0.5085000000000001,0.2127,7.699999928474426,9.099999964237213,70.500000923872,70.500000923872,253.00000301003456,550.5000039935112,1081.5867697298527,0.4214285612106323,0.4636666774749756,0.7200000286102295,24.85714340209961,25.366666793823242,25.544445037841797,17.263334274291992,16.967777252197266,284.79998779296875,286.1433410644531,292.94110107421875,41.563331604003906,38.12888717651367,-1.559999942779541,-1.0800000429153442,0.5299999713897705,1.5399999618530273
-81.409304,35.552296,0,-2,12,2018,339,295,0.5983169674873352,0.042426406871192854,0,0,0,0,0,0,1,0.5323,0.28400000000000003,20.199999690055847,52.69999969005585,186.8999980688095,424.49999555945396,580.9999968111515,868.5999973714352,1635.199993222952,0.3799999952316284,0.33533331751823425,0.5442222356796265,13.857142448425293,10.800000190734863,14.088889122009277,19.683332443237305,19.14555549621582,286.1714172363281,285.1766662597656,293.2755432128906,49.58000183105469,51.38888931274414,4.440000057220459,3.309999942779541,2.0299999713897705,1.8300000429153442
-85.743,32.375,0,-2,4,2017,105,101,0.01544799841940403,0.03,1,0,0,0,0,0,0,0.6749,0.3728,3.799999952316284,46.90000069141388,67.90000069141388,155.99999916553497,318.49999928474426,707.2999940216541,1167.6999923288822,1.309999942779541,1.1486666202545166,0.8073333501815796,36.28571319580078,32.56666564941406,23.66666603088379,13.470000267028809,16.058889389038086,301.17144775390625,299.3566589355469,294.792236328125,35.75666809082031,40.41222381591797,-1.7599999904632568,-1.3700000047683716,-2.4600000381469727,-1.809999942779541
-93.6022,30.5387,0,-2,3,2016,77,34,0.0,0.06,1,0,0,0,0,0,0,0.7161000000000001,0.4237,10.000000149011612,98.60000053048134,117.70000010728836,189.49999922513962,305.4427428841591,897.1795572638512,1620.9295302033424,0.8728571534156799,0.7409999966621399,0.6045958399772644,19.428571701049805,22.933332443237305,20.947986602783203,17.356666564941406,17.473522186279297,299.5,296.913330078125,293.0585632324219,48.16666793823242,48.72983932495117,0.07000000029802322,0.7599999904632568,-0.6000000238418579,-1.600000023841858
-84.79449444,30.81535556,0,-2,3,2016,87,33,1.4051443338394165,0.03,0,0,0,0,0,0,1,0.466,0.2092,125.89999961853027,142.39999985694885,168.299999833107,325.99999964237213,455.50144642591476,725.7673089504242,1507.325938642025,0.3271428644657135,0.70333331823349,0.6048080921173096,17.571428298950195,23.766666412353516,22.01699447631836,16.753334045410156,16.949935913085938,294.3285827636719,296.4466552734375,292.3759460449219,47.50666809082031,47.18120574951172,-0.019999999552965164,0.05999999865889549,-0.009999999776482582,0.7099999785423279
-81.04354296,27.07550499,0,-2,3,2019,73,8,0.725315511226654,0.08485281374238571,0,0,0,0,1,0,0,0.5145000000000001,0.4116,0.9000000357627869,7.3999998569488525,19.899999737739563,230.09999734163284,280.09999746084213,443.8999967575073,1388.2999957501888,0.8485714197158813,0.878000020980835,0.7797777652740479,25.285715103149414,23.33333396911621,21.5,17.496665954589844,17.945554733276367,301.528564453125,300.6099853515625,298.47222900390625,45.41666793823242,45.122222900390625,1.7599999904632568,1.0399999618530273,-1.5,2.25
-78.9514,35.004913,0,-2,12,2016,362,46,3.560265064239502,0.0,0,0,0,0,0,0,1,0.41500000000000004,0.19290000000000002,0.9000000357627869,28.199999272823334,71.19999819993973,92.49999791383743,440.59998512268066,1061.9999906420708,1687.2851968109608,0.4985714256763458,0.48266667127609253,0.7082222104072571,24.285715103149414,24.0,26.433332443237305,17.23666763305664,16.239999771118164,289.8571472167969,287.1866760253906,292.7744445800781,46.92333221435547,41.72111129760742,3.690000057220459,4.25,1.0700000524520874,2.759999990463257
-79.631927,33.834183,0,-2,3,2017,66,15,0.8779808282852173,0.03,0,0,0,0,0,1,0,0.5315,0.3367,4.300000190734863,5.500000238418579,33.40000033378601,80.1000000834465,153.99999916553497,687.5999998748302,1512.1000047028065,0.7657142877578735,0.8216666579246521,0.6262221932411194,35.71428680419922,32.733333587646484,23.177778244018555,13.91333293914795,16.614444732666016,292.6142883300781,294.0533447265625,290.7699890136719,32.36000061035156,40.522220611572266,2.7899999618530273,3.740000009536743,4.489999771118164,3.2300000190734863
-84.429683,36.012383,0,-2,4,2016,103,314,0.13312293589115143,0.0,0,0,0,0,0,0,1,0.6917,0.3345,17.10000005364418,51.60000005364418,94.8999989926815,248.2999999821186,395.10000148415565,780.8108646273613,1573.7560637891293,0.581428587436676,0.6966666579246521,0.488444447517395,25.714284896850586,24.16666603088379,17.64444351196289,15.666666984558105,17.481111526489258,289.4857177734375,291.9166564941406,286.55999755859375,37.88999938964844,44.137779235839844,1.5099999904632568,2.009999990463257,1.9299999475479126,1.2200000286102295
-76.602338,36.455427,0,-2,2,2016,33,16,0.3213127553462982,0.03,0,0,0,0,0,1,0,0.7162000000000001,0.3346,1.6000000536441803,55.200000911951065,91.20000174641609,185.0283694267273,279.12245875597,588.5179209113121,1270.727138698101,0.4457142949104309,0.39500001072883606,0.4920635223388672,23.428571701049805,23.83333396911621,18.727848052978516,15.8100004196167,17.840911865234375,288.0142822265625,283.8699951171875,289.1981201171875,43.869998931884766,47.58137512207031,0.0,0.019999999552965164,-0.10999999940395355,1.309999942779541
-85.73444444,33.58361111,0,-2,1,2017,4,234,0.002268571872264147,0.042426406871192854,1,0,0,0,0,0,0,0.5084000000000001,0.22410000000000002,114.10000228881836,127.90000247955322,140.7000022828579,263.70000171661377,263.70000171661377,426.7000022530556,1083.6000014543533,0.38285714387893677,0.4336666762828827,0.7788888812065125,13.0,20.600000381469727,35.155555725097656,18.75,15.222222328186035,287.0857238769531,287.8299865722656,293.1811218261719,50.5,37.20222091674805,-4.389999866485596,-4.519999980926514,-2.950000047683716,-1.600000023841858
-85.672,34.077,0,-2,9,2018,257,184,0.1453753411769867,0.16155494421403513,0,0,0,1,0,0,0,0.7241000000000001,0.39440000000000003,19.00000011920929,19.00000011920929,73.30000078678131,261.3999998867512,417.49999925494194,748.1000003516674,1329.4000008404255,1.174285650253296,1.121666669845581,1.0658888816833496,21.14285659790039,21.0,18.344444274902344,17.3700008392334,17.61222267150879,305.25714111328125,305.0899963378906,305.1488952636719,49.099998474121094,50.078887939453125,1.6100000143051147,1.1299999952316284,-1.4199999570846558,-1.350000023841858
-78.341111,34.854763,0,-2,1,2018,5,42,0.4760186970233917,0.0670820393249937,0,0,0,0,0,0,1,0.6251,0.2833,2.799999952316284,14.399999737739563,90.59999972581863,122.09999990463257,173.5000001490116,540.5000002086163,1182.999998897314,0.3942857086658478,0.4346666634082794,0.5788888931274414,35.0,23.96666717529297,24.05555534362793,15.853333473205566,16.770000457763672,277.25714111328125,283.25,290.4166564941406,38.503334045410156,42.63666534423828,0.6499999761581421,0.7400000095367432,2.0899999141693115,2.569999933242798
-78.902154,34.534573,0,-2,2,2016,43,26,0.22205360233783722,0.09486832980505139,1,0,0,0,0,0,0,0.6735,0.30060000000000003,47.499999046325684,122.10000133514404,168.0000015795231,291.42715790867805,399.4961088001728,822.1469608545303,1464.2424367070198,0.4000000059604645,0.46133333444595337,0.5230245590209961,23.14285659790039,23.299999237060547,21.33102035522461,16.559999465942383,16.921689987182617,281.17144775390625,284.8566589355469,288.68914794921875,43.35333251953125,45.92770767211914,2.4000000953674316,2.0999999046325684,0.8700000047683716,-0.07999999821186066
-92.6236,30.8324,0,-2,5,2017,138,43,0.002716928720474243,0.03,0,0,0,0,0,0,1,0.8444,0.5226000000000001,0.4000000059604645,41.900000005960464,291.0000015795231,520.8000039160252,600.4000026583672,1074.9000006318092,1803.3000013828278,0.8828571438789368,0.843666672706604,0.8479999899864197,26.571428298950195,27.366666793823242,28.77777862548828,16.380001068115234,15.377778053283691,301.971435546875,300.3500061035156,298.6611022949219,49.14666748046875,48.182220458984375,1.3600000143051147,-0.75,1.1200000047683716,1.1399999856948853
-86.811,31.704,0,-2,3,2019,81,116,0.11411530524492264,0.03,1,0,0,0,0,0,0,0.6629,0.3814,0.0,22.29999965429306,113.29999935626984,199.59999877214432,396.19999581575394,857.1999985575676,2050.6000001728535,0.7957143187522888,0.7776666879653931,0.6439999938011169,39.0,26.600000381469727,24.0222225189209,15.646666526794434,15.543333053588867,291.6428527832031,294.20001220703125,292.0733337402344,42.53333282470703,46.07444381713867,3.9600000381469727,4.809999942779541,4.679999828338623,3.9200000762939453
-82.77805556,31.11055556,0,-2,5,2019,134,64,0.009352220222353935,0.03,0,0,0,0,0,0,1,0.6633,0.3521,13.900000095367432,23.90000009536743,41.00000047683716,80.70000046491623,179.59999990463257,657.1999997496605,1641.9999998509884,1.0514285564422607,1.1643333435058594,0.9001111388206482,30.714284896850586,32.63333511352539,27.077777862548828,14.49666690826416,15.785555839538574,302.8999938964844,301.82000732421875,298.22222900390625,37.52666473388672,42.06111145019531,2.440000057220459,2.9600000381469727,3.990000009536743,2.0799999237060547
-81.910425,31.60119444,0,-2,5,2018,150,39,7.06190824508667,0.0,0,0,0,0,0,0,1,0.7838,0.47240000000000004,34.50000059604645,63.40000033378601,153.70000052452087,239.4000015258789,290.5000011920929,446.40000000596046,1299.3000083267689,1.0014286041259766,1.253000020980835,1.0162222385406494,16.85714340209961,26.46666717529297,32.13333511352539,15.383333206176758,14.576666831970215,303.5571594238281,303.7300109863281,298.65667724609375,42.413333892822266,38.04888916015625,-1.4500000476837158,-1.940000057220459,-1.1100000143051147,1.75
-79.617422,35.244316,0,-2,6,2016,157,178,0.9130054712295532,0.0,0,0,0,0,0,0,1,0.6819000000000001,0.49260000000000004,93.00000095367432,114.50000095367432,187.70000076293945,281.60000255703926,325.20000264048576,692.5247112512589,1473.925899386406,1.0042856931686401,0.9526666402816772,0.9515555500984192,16.285715103149414,22.266666412353516,30.299999237060547,16.463333129882812,14.466666221618652,304.1999816894531,300.16998291015625,297.4255676269531,46.06666564941406,41.344444274902344,1.9700000286102295,1.7200000286102295,3.359999895095825,2.309999942779541
-86.388,32.82,0,-2,5,2019,130,179,0.0,0.12369316876852982,1,0,0,0,0,0,0,0.8181,0.5207,30.000000774860382,32.00000077486038,122.30000087618828,206.5000011920929,397.5000025629997,1004.4999998211861,1957.800000488758,0.7742857336997986,0.9496666789054871,0.7512221932411194,21.571428298950195,24.733333587646484,24.0222225189209,16.149999618530273,16.117778778076172,301.1428527832031,299.9366760253906,295.4200134277344,43.913333892822266,43.99555587768555,4.789999961853027,5.130000114440918,6.210000038146973,3.7899999618530273
-89.41040988,30.45229689,0,-2,9,2018,254,18,0.432708203792572,0.0670820393249937,1,0,0,0,0,0,0,0.501,0.33540000000000003,85.10000076889992,151.5000024139881,227.40000334382057,364.0000034272671,581.0000057220459,1030.500005275011,1851.9000097215176,0.822857141494751,0.8299999833106995,0.9201111197471619,6.5714287757873535,12.333333015441895,14.600000381469727,19.3266658782959,18.628889083862305,304.44287109375,304.76666259765625,305.7711181640625,56.42333221435547,54.101112365722656,1.649999976158142,1.6699999570846558,1.7100000381469727,2.5399999618530273
-82.8761,29.5258,0,-2,12,2016,363,26,0.028568308800458908,0.1341640786499874,1,0,0,0,0,0,0,0.6064,0.3073,0.0,9.600000202655792,80.20000204443932,84.40000200271606,92.50000178813934,699.7000079154968,1220.7405087947845,0.9085714221000671,0.8096666932106018,0.9330000281333923,25.571428298950195,23.83333396911621,25.85555648803711,17.866666793823242,17.128889083862305,299.3428649902344,297.26666259765625,299.3022155761719,45.06666564941406,41.74777603149414,-3.3399999141693115,-3.25,-2.630000114440918,-2.059999942779541
-80.033333,33.983334,0,-2,3,2016,78,40,0.019956763833761215,0.0670820393249937,0,0,0,0,0,1,0,0.5804,0.26730000000000004,7.499999910593033,7.499999910593033,59.60000029206276,205.59999921917915,345.10333728790283,1097.8068974018097,1632.5616710484028,1.3742856979370117,0.8166666626930237,0.60052090883255,31.571428298950195,29.399999618530273,24.20966339111328,15.396666526794434,16.02338981628418,301.0142822265625,294.32000732421875,289.5917663574219,36.34666442871094,41.50777816772461,4.570000171661377,4.320000171661377,4.260000228881836,-1.5499999523162842
-85.0719,30.9403,0,-2,5,2017,129,44,0.0036094344686716795,0.03,1,0,0,0,0,0,0,0.6184000000000001,0.4026,40.10000038146973,42.60000044107437,44.20000046491623,149.40000295639038,223.0000029206276,813.5999979972839,1398.0999975204468,1.1728571653366089,1.1490000486373901,0.9895555377006531,32.14285659790039,33.5,30.61111068725586,14.193333625793457,14.710000038146973,299.6714172363281,301.3033447265625,298.586669921875,39.93333435058594,38.66222381591797,-1.1100000143051147,0.75,1.8899999856948853,-1.75
-79.773811,33.821957,0,-2,5,2018,150,24,1.015600323677063,0.0,0,0,0,0,0,0,1,0.756,0.40790000000000004,56.999999195337296,85.49999943375587,119.40000012516975,295.1999993622303,338.69999876618385,573.299996972084,1286.4999939501286,1.1142857074737549,1.2933332920074463,0.9956666827201843,21.285715103149414,30.266666412353516,31.988889694213867,14.613333702087402,14.41333293914795,302.971435546875,303.0,296.7755432128906,42.08000183105469,37.426666259765625,-1.1200000047683716,-1.5399999618530273,-1.2699999809265137,0.8299999833106995
-85.709,34.118,0,-2,8,2018,228,194,0.09995505213737488,0.06,0,0,1,0,0,0,0,0.8061,0.4257,0.0,28.700000762939453,224.4000005722046,364.2999999821186,490.29999846220016,837.7000013589859,1437.7000017762184,1.2414286136627197,1.1373333930969238,1.0564444065093994,22.85714340209961,20.766666412353516,19.58888816833496,17.163333892822266,17.422222137451172,306.0428466796875,305.1266784667969,304.9689025878906,47.84666442871094,49.98666763305664,1.9900000095367432,1.3700000047683716,1.5099999904632568,1.309999942779541
-85.794,32.271,0,-2,3,2017,80,96,0.01627516560256481,0.03,1,0,0,0,0,0,0,0.547,0.2461,2.0999999046325684,16.199999570846558,99.29999995231628,240.20000249147415,505.0000039935112,701.5000059604645,1316.4000099599361,0.9971428513526917,0.784333348274231,0.6836666464805603,32.42856979370117,26.066667556762695,19.200000762939453,15.3100004196167,17.397777557373047,294.3428649902344,293.7200012207031,292.93890380859375,39.0533332824707,41.95777893066406,-0.8899999856948853,-0.7200000286102295,-2.559999942779541,0.6899999976158142
-82.79295,31.77801667,0,-2,2,2016,46,97,0.006896262057125568,0.042426406871192854,0,0,0,1,0,0,0,0.618,0.2758,34.599998474121094,142.2000013589859,177.70000088214874,272.94162756204605,367.59668385982513,603.9390635490417,1230.5243970155716,0.5171428322792053,0.5460000038146973,0.5812827348709106,32.85714340209961,23.733333587646484,22.85771942138672,16.356666564941406,17.01642608642578,288.3428649902344,289.11334228515625,291.80377197265625,40.59000015258789,45.21141052246094,-0.7699999809265137,-0.800000011920929,-1.1299999952316284,1.350000023841858
-78.837231,36.005595,0,-2,10,2016,274,119,1.329790472984314,0.03,1,0,0,0,0,0,0,0.7781,0.38830000000000003,30.900000363588333,135.2000015079975,163.20000138878822,211.60000118613243,403.10000109672546,831.0000029504299,1607.902628749609,0.6057142615318298,0.9466666579246521,1.0532221794128418,11.857142448425293,21.433332443237305,19.399999618530273,17.809999465942383,17.384445190429688,299.77142333984375,301.98333740234375,304.3166809082031,51.96333312988281,49.47999954223633,3.6500000953674316,4.079999923706055,2.869999885559082,2.700000047683716
-82.373093,35.031754,0,-2,2,2019,31,335,0.5267159938812256,0.03,0,0,0,0,0,0,1,0.46530000000000005,0.25670000000000004,1.2999999523162842,62.300000727176666,151.90000218153,404.00000178813934,683.0000034868717,1063.900003015995,2115.7000096440315,0.4699999988079071,0.3813333213329315,0.3643333315849304,24.85714340209961,15.966666221618652,12.855555534362793,17.06999969482422,18.64555549621582,283.028564453125,283.8933410644531,284.8933410644531,43.95333480834961,48.94444274902344,5.400000095367432,4.699999809265137,2.619999885559082,2.569999933242798
-87.8,31.89,0,-2,2,2016,39,149,0.007288890425115824,0.12369316876852982,0,1,0,0,0,0,0,0.7434000000000001,0.3588,51.79999923706055,88.30000078678131,145.50000005960464,388.30336222052574,445.669166713953,756.845931917429,1542.8922769725323,0.727142870426178,0.48766666650772095,0.5099911689758301,16.285715103149414,17.399999618530273,17.098363876342773,17.926666259765625,18.330595016479492,288.8857116699219,288.0133361816406,290.6441345214844,45.003334045410156,48.4143180847168,0.6499999761581421,-0.5400000214576721,-0.9399999976158142,-0.12999999523162842
-78.855166,36.265825,0,-2,2,2016,54,168,0.08080298453569412,0.03,0,0,0,0,0,0,1,0.4808,0.2247,25.299999713897705,65.9999988079071,88.99999833106995,166.48634639382362,331.69474944472313,708.5238237082958,1237.954379439354,0.3557142913341522,0.39633333683013916,0.37839773297309875,27.714284896850586,25.366666793823242,18.793014526367188,15.789999961853027,17.488698959350586,285.9285583496094,283.40667724609375,284.77459716796875,42.47333526611328,46.66911315917969,2.7100000381469727,2.559999942779541,1.0099999904632568,-1.2599999904632568
-90.6994,30.9393,0,-2,10,2019,288,81,0.0032414160668849945,0.03,1,0,0,0,0,0,0,0.7879,0.4168,83.50000154972076,94.40000194311142,97.50000190734863,222.20000290870667,343.40000408887863,993.7000069320202,1931.099999010563,0.7657142877578735,1.1579999923706055,1.1592222452163696,20.85714340209961,26.200000762939453,20.94444465637207,16.520000457763672,17.095556259155273,300.028564453125,304.7933349609375,305.8788757324219,46.16666793823242,47.9011116027832,2.069999933242798,2.859999895095825,1.6399999856948853,-1.0
-81.2133,29.4942,0,-2,7,2018,196,15,0.0,0.09486832980505139,1,0,0,0,0,0,0,0.7758,0.3904,8.700000286102295,18.600000083446503,166.89999866485596,396.89999878406525,547.6999985277653,824.000000923872,1937.1000091731548,1.2314285039901733,1.1449999809265137,1.0241111516952515,23.14285659790039,16.96666717529297,20.64444351196289,17.093334197998047,16.753334045410156,306.0857238769531,305.54998779296875,303.0077819824219,51.619998931884766,50.56444549560547,4.599999904632568,4.230000019073486,2.619999885559082,3.5
-82.1938,29.5948,0,-2,5,2018,146,52,0.1465456187725067,0.0670820393249937,1,0,0,0,0,0,0,0.6044,0.4187,97.69999724626541,160.49999743700027,160.49999743700027,373.7999977469444,435.6999970674515,649.4999995231628,2154.0999869406223,0.8899999856948853,1.062000036239624,0.9647777676582336,13.285714149475098,26.5,28.66666603088379,16.479999542236328,15.766666412353516,302.6285705566406,302.5,299.5010986328125,45.900001525878906,42.022220611572266,4.579999923706055,4.059999942779541,4.539999961853027,5.110000133514404
-83.4306,30.5089,0,-2,1,2017,18,63,0.047473374754190445,0.03,1,0,0,0,0,0,0,0.622,0.3239,0.0,44.70000076293945,90.70000240206718,219.80000361800194,219.80000361800194,644.0000078678131,1330.6000138223171,0.8657143115997314,0.6976666450500488,0.7873333096504211,22.85714340209961,20.766666412353516,26.399999618530273,17.866666793823242,16.934444427490234,298.55712890625,294.48333740234375,295.96221923828125,46.03333282470703,41.761112213134766,0.0,0.019999999552965164,0.7099999785423279,-0.6600000262260437
-87.365,34.174,0,-2,1,2018,28,234,0.10780587792396545,0.0,0,0,0,0,0,0,1,0.4622,0.2313,9.200000286102295,11.600000381469727,42.00000047683716,197.2000026702881,220.10000249743462,664.6000020802021,1480.7999947369099,0.4214285612106323,0.3706666827201843,0.4180000126361847,24.428571701049805,26.366666793823242,21.94444465637207,15.40999984741211,17.577777862548828,286.9428405761719,281.489990234375,285.9655456542969,37.5533332824707,42.643333435058594,0.9200000166893005,1.399999976158142,2.200000047683716,-1.0499999523162842
-83.91442222,34.81272222,0,-2,4,2019,106,677,0.17182862758636475,0.09486832980505139,1,0,0,0,0,0,0,0.6348,0.3947,80.9999988079071,120.69999921321869,151.30000007152557,475.39999958872795,647.699998497963,1218.1999969482422,2243.600000321865,0.8042857050895691,0.6850000023841858,0.4893333315849304,16.285715103149414,22.600000381469727,16.688888549804688,15.806666374206543,17.373332977294922,295.8857116699219,292.10333251953125,287.67999267578125,37.19333267211914,42.11555480957031,5.329999923706055,5.630000114440918,4.590000152587891,3.069999933242798
-83.7975,30.98611111,0,-2,8,2016,236,81,0.28976961970329285,0.0,0,0,0,0,0,0,1,0.8073,0.4989,5.0,44.700000047683716,90.00000041723251,214.5999986231327,358.79999843239784,777.2000034153461,1326.656545996666,1.2699999809265137,1.1953333616256714,1.2917777299880981,20.428571701049805,21.53333282470703,26.211111068725586,16.703332901000977,15.887777328491211,307.1285705566406,306.1600036621094,306.1722106933594,47.606666564941406,44.95111083984375,0.5699999928474426,1.0199999809265137,1.0199999809265137,-1.5199999809265137
-80.846474,33.072948,0,-2,3,2016,73,43,0.018716935068368912,0.042426406871192854,0,0,0,0,0,0,1,0.5870000000000001,0.2973,9.199999809265137,36.1999990940094,80.09999811649323,259.59999644756317,324.6813783943653,884.590942710638,1659.2901012897491,0.918571412563324,0.7303333282470703,0.6185385584831238,29.571428298950195,30.133333206176758,25.82424545288086,14.853333473205566,15.827322959899902,299.3571472167969,293.3900146484375,290.787841796875,37.16666793823242,42.16044235229492,4.519999980926514,4.090000152587891,4.570000171661377,1.649999976158142
-82.77916667,31.0025,0,-2,12,2019,344,54,0.0,0.03,0,0,0,0,0,0,1,0.6761,0.2964,1.100000023841858,11.600000023841858,45.2999991774559,179.6000018119812,193.8000020980835,670.6000016629696,1154.5999962687492,0.75,0.6173333525657654,0.948888897895813,25.714284896850586,21.0,24.94444465637207,18.270000457763672,16.983333587646484,295.1142883300781,293.1266784667969,299.1322326660156,43.83333206176758,43.23222351074219,-0.8500000238418579,-1.2200000286102295,-0.75,1.2999999523162842
-86.7285,30.7556,0,-2,9,2019,244,77,0.03514824062585831,0.0,0,0,0,0,0,0,1,0.7432000000000001,0.38,60.90000057220459,116.29999941587448,273.3000022470951,358.9000044167042,579.7000060379505,951.4000118076801,2067.400014549494,1.0957143306732178,1.062999963760376,1.1664444208145142,12.857142448425293,13.899999618530273,19.633333206176758,19.013334274291992,17.38111114501953,305.0142822265625,306.2200012207031,306.3577880859375,49.61333465576172,47.182220458984375,2.369999885559082,2.5199999809265137,3.3399999141693115,4.090000152587891
-80.414291,32.946007,0,-2,3,2016,87,15,0.5222135782241821,0.0,0,0,0,0,0,0,1,0.6900000000000001,0.3579,39.999999046325684,46.6999990940094,73.5999983549118,227.09999746084213,277.66218584775925,889.5247540473938,1671.978975981474,0.7142857313156128,0.856333315372467,0.6806785464286804,28.571428298950195,30.233333587646484,27.919981002807617,15.126667022705078,15.425191879272461,295.9142761230469,296.21331787109375,291.24371337890625,38.79999923706055,40.17397689819336,3.5799999237060547,4.039999961853027,4.010000228881836,1.1799999475479126
-81.74614167,32.47803333,0,-2,6,2017,180,55,0.0,0.03,1,0,0,0,0,0,0,0.7057,0.458,48.200000643730164,71.80000054836273,162.7999986410141,375.29999935626984,444.0999997854233,679.4000005722046,1367.0999956429005,0.927142858505249,0.9516666531562805,1.1262222528457642,16.14285659790039,19.366666793823242,27.94444465637207,17.49333381652832,15.693333625793457,304.9285888671875,304.3800048828125,303.0799865722656,51.56666564941406,43.36000061035156,1.059999942779541,-0.7300000190734863,-0.10000000149011612,1.309999942779541
-76.388993,36.096409,0,-2,3,2017,89,13,0.13093088567256927,0.0,0,0,0,0,0,0,1,0.6006,0.28400000000000003,0.6000000238418579,22.600000083446503,77.49999970197678,105.89999985694885,217.19999852776527,603.3000029921532,1598.600004374981,0.8385714292526245,0.653333306312561,0.5796666741371155,36.57143020629883,33.5,24.88888931274414,13.813333511352539,15.603333473205566,295.6714172363281,289.5666809082031,288.8933410644531,36.82666778564453,41.15666580200195,2.200000047683716,2.9100000858306885,3.440000057220459,2.319999933242798
-86.93111111,32.7225,0,-2,10,2018,281,154,0.0035073484759777784,0.20124611797498107,1,0,0,0,0,0,0,0.8489,0.39380000000000004,0.0,78.30000078678131,122.5000002682209,236.20000091195107,397.7000043988228,1040.200003504753,1650.300002783537,1.174285650253296,1.1456667184829712,1.0855555534362793,22.14285659790039,19.03333282470703,18.344444274902344,17.886667251586914,17.865554809570312,304.68572998046875,305.1400146484375,305.23779296875,48.279998779296875,49.524444580078125,4.369999885559082,4.170000076293945,3.759999990463257,1.649999976158142
-79.007828,34.71451,0,-2,4,2019,100,52,0.3203231394290924,0.06,0,0,0,0,1,0,0,0.6932,0.3814,29.299999982118607,59.19999960064888,88.19999960064888,214.49999928474426,266.6999988555908,660.4999983012676,1903.7999992370605,0.8142856955528259,0.7583333253860474,0.5883333086967468,22.714284896850586,27.899999618530273,24.288888931274414,14.173333168029785,15.711111068725586,296.94287109375,292.8999938964844,289.6155700683594,38.52000045776367,42.398887634277344,4.690000057220459,4.840000152587891,5.920000076293945,4.460000038146973
-81.439814,35.67727,0,-2,4,2018,119,352,0.5216143131256104,0.042426406871192854,0,0,0,0,0,0,1,0.7115,0.4268,108.60000085830688,109.40000087022781,186.2000016272068,294.2000008225441,417.40000063180923,606.7000008821487,1393.7000040113926,0.6957142949104309,0.7866666913032532,0.5974444150924683,25.14285659790039,30.66666603088379,24.91111183166504,13.9399995803833,15.25333309173584,292.82855224609375,293.16998291015625,289.227783203125,37.630001068115234,41.27333450317383,0.7799999713897705,0.009999999776482582,-0.8500000238418579,1.1399999856948853
-84.50604444,30.94390833,0,-2,9,2018,264,45,5.079688549041748,0.03,0,1,0,0,0,0,0,0.742,0.4016,0.5,20.0,103.60000050067902,337.60000360012054,539.9000028967857,915.5000021755695,1476.7000062465668,1.291428565979004,1.1446666717529297,1.0172221660614014,21.428571701049805,14.800000190734863,13.255555152893066,18.290000915527344,18.616666793823242,307.9857177734375,306.4599914550781,305.88555908203125,49.529998779296875,52.28666687011719,2.2799999713897705,1.7899999618530273,-1.2200000286102295,-2.259999990463257
-84.82690833,31.14270556,0,-2,5,2019,131,54,0.04248225316405296,0.042426406871192854,0,0,1,0,0,0,0,0.7293000000000001,0.5854,62.099999248981476,95.80000001192093,162.70000010728836,228.59999963641167,338.8999989926815,792.0000016987324,1939.7999980449677,1.132857084274292,1.122333288192749,0.8656666874885559,23.285715103149414,25.233333587646484,25.733333587646484,15.899999618530273,16.002222061157227,303.70001220703125,301.7799987792969,297.9599914550781,40.503334045410156,44.00555419921875,3.740000009536743,3.890000104904175,5.420000076293945,4.079999923706055
-88.67103126,30.78263257,0,-2,3,2018,79,22,0.06287380307912827,0.2830194339616981,0,0,0,0,1,0,0,0.6176,0.2745,41.80000114440918,62.700001150369644,159.10000053048134,296.80000016093254,366.5000001490116,779.3000038564205,2488.3000061511993,0.7214285731315613,0.8399999737739563,0.6499999761581421,20.428571701049805,22.96666717529297,21.566667556762695,16.356666564941406,17.126667022705078,295.9571533203125,296.32666015625,291.6766662597656,40.150001525878906,40.926666259765625,2.859999895095825,3.140000104904175,4.269999980926514,4.449999809265137
-88.041,33.023,0,-2,6,2016,163,51,0.0,0.06,0,0,0,0,0,0,1,0.8153,0.5247,22.900000393390656,26.500000476837158,42.200000286102295,119.3000014424324,302.0999994277954,773.9000160396099,1309.0681411623955,1.2999999523162842,1.1693333387374878,0.9620000123977661,29.0,30.233333587646484,27.41111183166504,14.83666706085205,15.13888931274414,305.28570556640625,303.2200012207031,299.25665283203125,44.0099983215332,44.720001220703125,-0.07000000029802322,0.9599999785423279,-0.8299999833106995,-1.4900000095367432
-89.40764585,30.42466951,0,-2,6,2017,158,14,0.4048381745815277,0.0,0,0,0,0,0,0,1,0.7483000000000001,0.37210000000000004,119.29999685287476,185.1999957561493,283.79999762773514,437.4999954402447,570.5999961793423,1024.099998831749,2125.6999959647655,0.6028571724891663,0.625333309173584,0.6629999876022339,6.0,14.433333396911621,19.788888931274414,19.266666412353516,18.11888885498047,301.4571533203125,301.239990234375,299.14776611328125,59.76000213623047,54.09111022949219,0.8299999833106995,0.5799999833106995,1.5299999713897705,1.6799999475479126
-80.124863,33.167072,0,-2,2,2016,58,24,0.299356073141098,0.042426406871192854,0,0,0,0,0,0,1,0.6448,0.26630000000000004,16.299999475479126,42.59999871253967,159.29999899864197,225.9507001042366,318.5980947613716,1047.5148651599884,1791.6858488321304,0.6957142949104309,0.5270000100135803,0.4939669668674469,26.85714340209961,24.200000762939453,21.63623046875,16.696666717529297,17.31842613220215,291.3857116699219,288.5633239746094,289.1189270019531,43.746665954589844,48.06142807006836,4.300000190734863,4.099999904632568,4.610000133514404,1.0
-87.0126,30.6117,0,-2,4,2016,118,11,0.23523105680942535,0.042426406871192854,0,0,0,0,0,0,1,0.7574000000000001,0.4771,8.600000262260437,28.100000262260437,134.99999609589577,339.499994546175,493.1999924480915,1086.5275512337685,1957.7418012022972,0.8928571343421936,0.777999997138977,0.6833333373069763,24.0,20.866666793823242,21.4777774810791,16.266666412353516,16.63111114501953,299.6142883300781,297.0533447265625,294.50665283203125,51.10000228881836,49.3488883972168,3.0,2.4600000381469727,2.5399999618530273,-1.600000023841858
-82.5613,29.2089,0,-2,5,2018,146,33,0.033371105790138245,0.20124611797498107,0,0,0,0,0,1,0,0.7552,0.3252,137.00000023841858,197.90000128746033,197.90000128746033,368.3999979496002,450.29999643564224,635.7999974191189,1731.699995547533,0.9171428084373474,1.1076666116714478,0.9789999723434448,9.571428298950195,25.03333282470703,28.03333282470703,16.84000015258789,16.200000762939453,303.0,302.9800109863281,299.7966613769531,43.5966682434082,40.537776947021484,1.2100000381469727,-0.7099999785423279,-0.8600000143051147,-1.4299999475479126
-88.64944,30.46083,0,-2,3,2018,77,6,2.756347417831421,0.0670820393249937,0,0,0,0,0,0,1,0.6118,0.2487,62.29999923706055,89.99999868869781,117.09999930858612,258.3999966979027,341.09999746084213,745.2999998629093,2321.6000063717365,0.49000000953674316,0.597000002861023,0.4546666741371155,17.285715103149414,18.200000762939453,15.033333778381348,18.073333740234375,19.462223052978516,293.5428466796875,296.0633239746094,291.9444580078125,51.21333312988281,51.753334045410156,2.130000114440918,2.4700000286102295,3.5799999237060547,3.9100000858306885
-78.795043,35.356121,0,-2,3,2018,88,57,0.4748104512691498,0.03,1,0,0,0,0,0,0,0.5853,0.2979,20.500000476837158,55.09999990463257,110.60000085830688,167.6000013947487,265.7000022530556,443.400001347065,1138.100005209446,0.6571428775787354,0.6146666407585144,0.5730000138282776,29.428571701049805,29.16666603088379,28.58888816833496,13.99666690826416,14.914444923400879,289.1142883300781,288.0799865722656,287.5255432128906,36.9466667175293,36.686668395996094,-1.850000023841858,-1.7000000476837158,-1.6399999856948853,0.9399999976158142
-84.28695278,31.9358,0,-2,6,2019,154,104,0.02499125525355339,0.0,0,0,0,0,0,0,1,0.8677,0.6051000000000001,0.0,4.300000190734863,37.20000019669533,148.80000016093254,227.80000087618828,620.499998152256,1537.4000011384487,1.9342857599258423,1.4739999771118164,1.087999939918518,41.85714340209961,32.86666488647461,29.899999618530273,14.220000267028809,14.657777786254883,308.4285583496094,305.6499938964844,300.1944580078125,39.253334045410156,40.3922233581543,3.0,3.430000066757202,4.210000038146973,4.0
-83.539,29.8229,0,-2,6,2018,151,16,0.0,0.03,0,0,0,0,0,0,1,0.7486,0.3546,106.29999792575836,161.6999990940094,217.79999947547913,344.69999688863754,510.3999956250191,738.1999947428703,1867.399990618229,0.9728571176528931,1.1629999876022339,0.9597777724266052,11.428571701049805,20.366666793823242,23.211111068725586,17.46666717529297,17.13111114501953,302.8428649902344,303.59332275390625,299.5799865722656,46.25,42.01333236694336,1.2300000190734863,0.07999999821186066,-0.8600000143051147,0.9399999976158142
-82.22363611,32.578825,0,-2,10,2017,289,70,0.02593834698200226,0.0670820393249937,0,0,0,0,0,0,1,0.7754000000000001,0.4146,4.400000095367432,12.099999904632568,27.40000009536743,180.49999845027924,423.8000033199787,832.8000022172928,1251.1000027358532,0.8885714411735535,1.1143332719802856,1.0575555562973022,24.571428298950195,25.0,18.266666412353516,16.356666564941406,17.55555534362793,303.5,304.10333251953125,304.5333251953125,45.83333206176758,48.0444450378418,1.7999999523162842,1.7300000190734863,-1.0499999523162842,-1.840000033378601
-92.5879,32.6729,0,-2,11,2016,332,55,0.0174432210624218,0.0670820393249937,1,0,0,0,0,0,0,0.7787000000000001,0.3764,39.19999980926514,50.89999961853027,54.999999672174454,70.39999929070473,98.39999869465828,687.4999981224537,1871.5979186594486,0.43714284896850586,0.8346666693687439,1.0089999437332153,22.428571701049805,28.33333396911621,26.22222137451172,16.73666763305664,16.56999969482422,292.20001220703125,296.3900146484375,301.292236328125,37.7933349609375,41.171112060546875,2.930000066757202,3.950000047683716,4.429999828338623,4.119999885559082
-81.3524,27.1217,0,-2,3,2016,90,49,0.15554845333099365,0.0,0,0,0,0,1,0,0,0.5498000000000001,0.38780000000000003,74.00000077486038,86.80000114440918,87.40000116825104,177.40000116825104,443.3000020980835,665.4214907884598,1863.9918473362923,1.072857141494751,1.0640000104904175,0.8586666584014893,20.714284896850586,28.100000381469727,22.64444351196289,16.376667022705078,17.21555519104004,303.028564453125,301.42999267578125,297.5633239746094,40.13666534423828,42.99222183227539,4.809999942779541,4.840000152587891,2.5199999809265137,1.8700000047683716
-80.8453,28.4145,0,-2,3,2016,83,7,0.0,0.06,0,0,0,0,0,0,1,0.6983,0.397,10.500000238418579,10.500000238418579,19.40000033378601,141.69999957084656,223.4129058122635,369.4895181655884,1334.128624200821,0.7828571796417236,0.9146666526794434,0.7342873811721802,33.14285659790039,32.5,26.063236236572266,14.5600004196167,16.3187198638916,298.6428527832031,298.7466735839844,296.2786865234375,41.4900016784668,46.74026107788086,1.2400000095367432,1.2300000190734863,1.1299999952316284,2.190000057220459
-82.007611,35.368049,0,-2,4,2019,90,278,0.43056124448776245,0.0670820393249937,0,0,0,0,0,0,1,0.5399,0.31930000000000003,9.499999761581421,9.499999761581421,56.99999928474426,300.2999988794327,441.1999972462654,1091.299995571375,2157.0999834239483,0.6971428394317627,0.6230000257492065,0.4989999830722809,29.285715103149414,24.433332443237305,19.455554962158203,14.523333549499512,16.422222137451172,291.70001220703125,289.1533508300781,286.92999267578125,37.29666519165039,42.22888946533203,7.010000228881836,6.789999961853027,6.110000133514404,3.8399999141693115
-82.18561389,32.78568611,0,-2,1,2016,11,63,0.2232089638710022,0.042426406871192854,0,0,0,0,0,0,1,0.5514,0.21580000000000002,13.399999916553497,37.65213876962662,91.61279818415642,131.16558066010475,240.21867361664772,500.2494117617607,1105.8134349286556,0.3571428656578064,0.5347270965576172,0.6259509325027466,22.714284896850586,17.95707893371582,20.092926025390625,17.852296829223633,17.92205238342285,285.5428466796875,291.8501281738281,294.2735595703125,52.081878662109375,48.247432708740234,-0.019999999552965164,-0.05999999865889549,0.6200000047683716,1.5499999523162842
-87.201,33.395,0,-2,2,2016,54,123,0.021880878135561943,0.03,0,0,0,0,0,0,1,0.5750000000000001,0.2788,49.80000042915344,83.29999995231628,175.50000071525574,278.7342429459095,480.5922040939331,725.1620377600193,1367.1689237356186,0.6071428656578064,0.5706666707992554,0.491127073764801,20.14285659790039,20.96666717529297,20.474563598632812,16.700000762939453,17.1473388671875,292.8428649902344,289.1600036621094,288.71826171875,43.176666259765625,46.69370651245117,-0.550000011920929,-0.8899999856948853,-1.659999966621399,-1.190000057220459
-84.31583333,34.88730556,0,-2,12,2017,334,543,0.8670134544372559,0.0,0,0,0,0,0,0,1,0.5740000000000001,0.2833,0.699999988079071,11.800000369548798,46.10000017285347,223.30000135302544,340.5000026524067,748.5000056922436,1516.20001116395,0.5771428346633911,0.4763333201408386,0.6620000004768372,24.285715103149414,18.433332443237305,18.35555648803711,17.959999084472656,18.327777862548828,290.25714111328125,289.3666687011719,294.4710998535156,44.47999954223633,45.155555725097656,-1.100000023841858,-1.149999976158142,-2.180000066757202,-4.170000076293945
-80.9848,27.5297,0,-2,3,2018,59,24,0.019449695944786072,0.03,1,0,0,0,0,0,0,0.6108,0.3014,0.0,0.0,7.0,38.29999980330467,107.69999974966049,706.9000017046928,1596.400003284216,0.9585714340209961,0.9160000085830688,0.7728888988494873,29.714284896850586,27.566667556762695,24.377777099609375,16.98666763305664,17.64555549621582,301.8428649902344,300.4633483886719,297.85888671875,45.16999816894531,45.64555358886719,2.0299999713897705,2.75,3.0899999141693115,-2.130000114440918
-81.99268611,32.47385556,0,-2,3,2018,79,73,0.06564324349164963,0.03,1,0,0,0,0,0,0,0.5805,0.2788,23.20000058412552,38.800000965595245,52.100000858306885,148.3000010251999,178.10000121593475,367.70000198483467,1160.0000040829182,0.9814285635948181,0.8513333201408386,0.6370000243186951,36.14285659790039,32.56666564941406,30.0,13.686666488647461,14.852222442626953,296.1142883300781,295.2833251953125,291.1422119140625,36.29999923706055,39.61555480957031,-1.399999976158142,-0.800000011920929,0.009999999776482582,0.8899999856948853
-86.438,32.603,0,-2,12,2019,350,161,1.3403441905975342,0.03,0,0,0,0,0,1,0,0.42300000000000004,0.2386,77.80000042915344,85.2000002861023,123.200000166893,291.80000257492065,337.70000207424164,525.1000034213066,1435.8000045716763,0.46714285016059875,0.5723333358764648,0.8729999661445618,16.14285659790039,17.933332443237305,24.733333587646484,18.546667098999023,17.05666732788086,288.77142333984375,291.2533264160156,296.1211242675781,41.54999923706055,41.161109924316406,0.7900000214576721,0.9700000286102295,1.909999966621399,3.940000057220459
-81.397165,35.636225,0,-2,3,2019,77,318,0.14068371057510376,0.03,0,1,0,0,0,0,0,0.5618000000000001,0.2792,19.100000381469727,33.00000071525574,206.90000462532043,296.80000507831573,477.10000720620155,1008.200006633997,1944.1000122129917,0.6414285898208618,0.4429999887943268,0.41955554485321045,21.285715103149414,15.133333206176758,16.344444274902344,17.876667022705078,17.601110458374023,289.8143005371094,286.0,285.5010986328125,47.686668395996094,45.47666549682617,6.820000171661377,6.239999771118164,5.679999828338623,3.119999885559082
-80.299789,36.247638,0,-2,3,2017,82,297,0.5142744779586792,0.03,0,0,0,1,0,0,0,0.5902000000000001,0.4016,2.5000000596046448,15.600000441074371,37.39999973773956,63.40000021457672,183.49999830126762,359.8999956846237,1062.5999962687492,0.8242857456207275,0.7076666951179504,0.5946666598320007,45.0,39.93333435058594,29.811111450195312,12.08666706085205,14.662221908569336,290.3714294433594,288.8299865722656,287.0844421386719,27.75666618347168,34.99444580078125,-2.509999990463257,-1.8799999952316284,-1.5099999904632568,2.4600000381469727
-83.985,35.1133,0,-2,11,2018,321,524,0.0,0.03,1,0,0,0,0,0,0,0.6701,0.2837,85.09999930858612,132.2999985218048,187.49999862909317,296.6999971270561,426.4999978542328,1083.4999945759773,1760.2999964654446,0.32999998331069946,0.4153333306312561,0.6547777652740479,7.0,12.066666603088379,13.255555152893066,20.34666633605957,19.438888549804688,284.6000061035156,288.9333190917969,296.9689025878906,47.39666748046875,50.540000915527344,3.619999885559082,3.369999885559082,2.9200000762939453,0.5600000023841858
-81.5708,26.5925,0,-2,1,2019,13,14,0.38520345091819763,0.0,0,0,0,0,1,0,0,0.7030000000000001,0.37120000000000003,0.0,2.800000011920929,51.40000003576279,75.20000025629997,116.70000103116035,632.4000057578087,1384.9000062644482,0.7699999809265137,0.824999988079071,0.867555558681488,26.428571701049805,21.766666412353516,22.133333206176758,18.22333335876465,18.002222061157227,298.25714111328125,298.5833435058594,300.25665283203125,43.883331298828125,45.84555435180664,1.4500000476837158,1.659999966621399,2.390000104904175,2.430000066757202
-82.66275,31.933275,0,-2,3,2016,84,33,0.04831075295805931,0.0,0,0,0,0,1,0,0,0.6519,0.3476,19.100000858306885,31.40000057220459,49.999999821186066,234.8000027537346,315.9468622803688,572.3953262865543,1094.7203495502472,0.854285717010498,0.9283333420753479,0.7043055891990662,30.85714340209961,28.566667556762695,26.948171615600586,15.133333206176758,15.59449291229248,296.1142883300781,296.6000061035156,292.46392822265625,34.790000915527344,40.28104782104492,-0.5299999713897705,-0.8199999928474426,-0.7900000214576721,-1.2699999809265137
-92.74,30.6653,0,-2,7,2018,188,30,0.0,0.03,0,0,0,0,0,0,1,0.7296,0.4591,74.59999775886536,74.59999775886536,124.09999772906303,172.6999989449978,234.50000008940697,678.900004953146,1383.1000041365623,1.0114285945892334,0.987333357334137,0.9634444713592529,16.85714340209961,20.899999618530273,25.14444351196289,17.4233341217041,16.767778396606445,305.44287109375,305.3399963378906,303.13665771484375,53.68000030517578,49.38999938964844,-1.399999976158142,-1.0800000429153442,0.9900000095367432,0.8799999952316284
-85.882,34.36,0,-2,9,2018,249,372,0.4903028607368469,0.03,1,0,0,0,0,0,0,0.7506,0.4076,3.800000101327896,7.000000149011612,40.300000727176666,140.9999998807907,333.400000333786,681.099998652935,1390.9999986588955,0.7900000214576721,0.7933333516120911,0.7478888630867004,22.428571701049805,20.433332443237305,16.733333587646484,17.633333206176758,18.068889617919922,303.3285827636719,303.489990234375,303.4122314453125,55.003334045410156,56.96333312988281,1.659999966621399,1.75,1.2400000095367432,1.409999966621399
-78.928078,33.857979,0,-2,2,2016,55,3,2.818256139755249,0.0,0,0,0,0,0,0,1,0.6001000000000001,0.3816,22.199999809265137,56.19999980926514,220.59999585151672,305.54953902959824,397.58676716685295,1271.684603214264,1994.1945510208607,0.5342857241630554,0.48266667127609253,0.5199741721153259,24.428571701049805,21.366666793823242,20.552452087402344,17.35333251953125,17.234970092773438,290.8285827636719,287.5,288.8896484375,46.3466682434082,46.29677963256836,5.46999979019165,4.789999961853027,5.119999885559082,1.3600000143051147
-79.664668,35.935672,0,-2,3,2016,68,232,0.24986498057842255,0.03,1,0,0,0,0,0,0,0.5191,0.2366,2.900000035762787,14.399999797344208,66.70000141859055,131.50000244379044,285.10468262434006,665.7423946261406,1256.0816810429096,0.522857129573822,0.48666664958000183,0.4289146363735199,29.85714340209961,29.066667556762695,22.331937789916992,14.126667022705078,16.2674503326416,287.5142822265625,284.9933166503906,285.2332763671875,35.459999084472656,43.72085189819336,2.3399999141693115,2.259999990463257,1.2899999618530273,-1.7899999618530273
-81.123566,33.730907,0,-2,3,2019,77,118,0.1426505744457245,0.03,0,0,0,0,0,0,1,0.5519000000000001,0.2722,0.0,12.399999976158142,82.80000066757202,167.20000049471855,251.20000091195107,799.5,1513.6000051498413,0.932857096195221,0.6576666831970215,0.5960000157356262,34.85714340209961,23.933332443237305,21.744443893432617,16.213333129882812,16.299999237060547,294.6285705566406,291.816650390625,290.3188781738281,42.03666687011719,41.135555267333984,2.3499999046325684,2.809999942779541,2.640000104904175,-1.2899999618530273
-89.47642373,31.84281049,0,-2,11,2016,330,105,0.21597379446029663,0.0670820393249937,0,0,0,1,0,0,0,0.4939,0.25570000000000004,0.800000011920929,0.800000011920929,5.400000095367432,25.000000476837158,85.3999999165535,452.2999962568283,1436.426422804594,0.7714285850524902,0.9756666421890259,1.0964444875717163,32.85714340209961,31.5,27.566667556762695,16.110000610351562,16.433332443237305,293.528564453125,297.6533203125,301.9200134277344,32.27333450317383,37.731109619140625,-1.9600000381469727,-1.1399999856948853,0.6899999976158142,1.4299999475479126
-80.072746,36.52075,0,-2,1,2016,29,312,0.15078513324260712,0.0,0,0,0,1,0,0,0,0.5615,0.24100000000000002,0.800000011920929,37.60000032186508,76.90000027418137,222.04168263077736,373.84603014588356,798.6029562354088,1324.7858277857304,0.3042857050895691,0.296999990940094,0.36493441462516785,20.0,15.433333396911621,13.364531517028809,17.533689498901367,19.247268676757812,280.44287109375,279.502197265625,286.1356201171875,42.08422088623047,48.5564079284668,2.740000009536743,2.240000009536743,-1.909999966621399,-3.0799999237060547
-93.8079,32.1801,0,-2,5,2017,128,75,0.0639743059873581,0.042426406871192854,0,0,0,1,0,0,0,0.6804,0.4403,14.699999809265137,39.19999980926514,77.39999961853027,156.90000069141388,214.70000061392784,505.90000146627426,1189.799999833107,1.1928571462631226,1.0226666927337646,0.973111093044281,36.57143020629883,33.766666412353516,34.155555725097656,14.023333549499512,14.028888702392578,300.1714172363281,300.0400085449219,297.5033264160156,42.92333221435547,39.880001068115234,-2.1600000858306885,-2.0,1.440000057220459,2.7100000381469727
-80.7755,28.47,0,-2,5,2019,132,13,4.210865020751953,0.0,0,0,0,0,0,0,1,0.7021000000000001,0.3593,17.900000393390656,76.79999834299088,97.8999987244606,164.09999880194664,215.2999995648861,431.3999970257282,1651.0999929904938,0.7471428513526917,0.878000020980835,0.7398889064788818,19.0,24.366666793823242,22.366666793823242,16.55666732788086,17.41666603088379,302.9285888671875,301.7066650390625,299.60223388671875,49.6966667175293,51.764442443847656,1.2200000286102295,1.3899999856948853,1.3899999856948853,2.299999952316284
-84.17488333,31.00086667,0,-2,2,2016,42,89,0.2791917622089386,0.03,0,0,0,0,0,1,0,0.5175000000000001,0.306,0.0,93.3000015616417,159.30000108480453,280.4093451201916,370.83257964253426,568.9704513251781,1099.9559525847435,0.4657142758369446,0.46166667342185974,0.5361396670341492,25.571428298950195,19.83333396911621,19.822988510131836,17.670000076293945,17.832597732543945,286.79998779296875,288.97332763671875,291.8816223144531,45.37666702270508,49.44794464111328,-0.7200000286102295,-0.9599999785423279,-1.8899999856948853,-0.7799999713897705
-82.466888,35.020611,0,-2,2,2016,54,323,0.36364009976387024,0.10816653826391967,1,0,0,0,0,0,0,0.5161,0.2252,63.5,81.89999997615814,109.39999973773956,286.58150032162666,526.4176189005375,1093.3736509680748,1624.6543808877468,0.3557142913341522,0.4283333420753479,0.42200595140457153,19.571428298950195,21.566667556762695,16.347227096557617,16.28333282470703,17.787830352783203,288.471435546875,285.32000732421875,286.55523681640625,43.61333465576172,45.7724609375,2.6600000858306885,3.0299999713897705,1.5800000429153442,-2.0
-83.61347222,31.60330833,0,-2,10,2018,280,119,0.0,0.0,0,0,0,0,0,0,1,0.6978000000000001,0.4933,0.0,39.19999971985817,52.09999993443489,242.59999883174896,368.4999982714653,809.199999332428,1231.4000005126,1.1214286088943481,1.1696666479110718,0.9913333058357239,22.85714340209961,21.700000762939453,15.199999809265137,17.253334045410156,18.24333381652832,304.5571594238281,305.80999755859375,305.3922119140625,46.866668701171875,51.2933349609375,1.940000057220459,2.200000047683716,0.12999999523162842,-1.659999966621399
-77.472812,35.811076,0,-2,3,2016,66,21,0.5418811440467834,0.03,1,0,0,0,0,0,0,0.5861000000000001,0.2574,9.200000405311584,44.00000059604645,89.70000100135803,250.50000262260437,360.14358299970627,769.9415062069893,1394.1255331039429,0.5,0.43966665863990784,0.45114028453826904,23.428571701049805,24.366666793823242,20.485193252563477,15.65333366394043,17.037214279174805,287.3999938964844,284.8733215332031,286.612548828125,39.30666732788086,46.84235763549805,4.340000152587891,3.0899999141693115,2.5199999809265137,1.3600000143051147
-79.466194,33.421886,0,-2,5,2018,143,12,0.1735224723815918,0.0,0,0,0,0,0,0,1,0.639,0.4383,97.20000106096268,106.70000085234642,107.80000087618828,218.30000099539757,283.9000016152859,468.7000030577183,1392.8000018894672,0.7628571391105652,1.0506666898727417,0.80522221326828,15.0,26.66666603088379,26.5,16.270000457763672,16.247777938842773,301.27142333984375,301.69000244140625,296.2088928222656,42.66999816894531,41.36000061035156,0.8500000238418579,0.7799999713897705,1.899999976158142,3.140000104904175
-82.54288889,32.39918056,0,-2,3,2017,64,105,0.00934210978448391,0.042426406871192854,1,0,0,0,0,0,0,0.7548,0.4233,14.900000095367432,21.90000009536743,55.89999929070473,148.79999658465385,254.19999691843987,473.9999934732914,1071.099986255169,0.8271428346633911,0.8053333163261414,0.6961110830307007,30.14285659790039,29.399999618530273,22.877777099609375,14.75,16.876667022705078,295.0714111328125,294.9033203125,292.9977722167969,36.483333587646484,42.238887786865234,-1.2200000286102295,-1.0,-1.850000023841858,-1.090000033378601
-93.0371021,30.98552739,0,-2,3,2019,73,75,0.0,0.12727922061357855,1,0,0,0,0,0,0,0.6631,0.32280000000000003,5.1000001430511475,9.900000214576721,76.40000033378601,187.69999998807907,444.79999923706055,856.9999960660934,1778.6999904215336,0.758571445941925,0.4909999966621399,0.480777770280838,27.0,19.866666793823242,17.41111183166504,17.00666618347168,17.79888916015625,296.81427001953125,291.8699951171875,290.4344482421875,57.029998779296875,53.4900016784668,2.180000066757202,2.7300000190734863,1.9900000095367432,1.9299999475479126
-80.8128,36.1253,0,-2,3,2017,88,332,0.3969988226890564,0.0,0,0,0,0,0,0,1,0.5631,0.3687,20.200000762939453,22.500000834465027,47.100001603364944,77.2000016272068,196.90000304579735,302.0000035762787,968.5000022351742,0.8371428847312927,0.7116666436195374,0.5870000123977661,34.85714340209961,37.33333206176758,27.677778244018555,13.166666984558105,15.24333381652832,294.3999938964844,289.6166687011719,287.5355529785156,28.303333282470703,34.9011116027832,-3.200000047683716,-2.7100000381469727,-2.7100000381469727,-1.190000057220459
-80.693047,34.732826,0,-2,2,2017,51,175,3.012097120285034,0.03,0,0,0,0,0,0,1,0.48160000000000003,0.2184,16.299999833106995,33.399999260902405,65.49999845027924,179.5999991297722,244.6999997496605,444.40000000596046,1007.8999998867512,0.8671428561210632,0.7136666774749756,0.5455555319786072,32.42856979370117,25.066667556762695,23.711111068725586,16.03333282470703,16.892221450805664,292.75714111328125,290.9433288574219,288.477783203125,32.46666717529297,41.983333587646484,-2.059999942779541,-2.059999942779541,-1.3899999856948853,1.2000000476837158
-77.223615,34.728664,0,-2,1,2019,19,11,3.0920376777648926,0.03,1,0,0,0,0,0,0,0.5002,0.22970000000000002,33.80000078678131,36.900000751018524,78.90000039339066,243.40000158548355,432.2000031173229,1578.2000199854374,2497.400020003319,0.38428571820259094,0.48366665840148926,0.4713333249092102,20.714284896850586,18.46666717529297,15.699999809265137,17.020000457763672,18.464445114135742,285.22857666015625,288.239990234375,289.6988830566406,45.0533332824707,46.87333297729492,6.309999942779541,6.369999885559082,6.139999866485596,3.640000104904175
-79.070559,35.674527,0,-2,3,2016,67,89,0.032249387353658676,0.48373546489791297,1,0,0,0,0,0,0,0.5888,0.2263,7.800000309944153,16.90000033378601,61.79999876022339,150.99999916553497,291.6244614124298,729.7460802197456,1342.130213111639,0.4928571283817291,0.44966667890548706,0.431269109249115,24.14285659790039,25.866666793823242,20.81829833984375,15.430000305175781,17.164016723632812,288.25714111328125,285.69000244140625,286.437255859375,35.790000915527344,44.48215103149414,2.8399999141693115,2.700000047683716,1.899999976158142,-0.9700000286102295
-89.505801,32.869703,0,-2,12,2018,336,142,0.6085114479064941,0.06,0,0,0,1,0,0,0,0.6262,0.314,20.00000035762787,40.0999995470047,203.49999862909317,275.8999976217747,452.79999789595604,753.1000012159348,1654.0,0.6014285683631897,0.46000000834465027,0.7317777872085571,17.0,12.733333587646484,16.455554962158203,19.906665802001953,18.822221755981445,291.1714172363281,288.92333984375,296.8299865722656,49.64999771118164,50.008888244628906,2.0299999713897705,1.3700000047683716,0.9800000190734863,0.9300000071525574
-82.36823056,31.84802222,0,-2,1,2017,23,67,0.1251494139432907,0.12369316876852982,1,0,0,0,0,0,0,0.5328,0.2635,168.9000023007393,168.9000023007393,222.90000250935555,415.8000037968159,415.8000037968159,774.6000084877014,1524.700003772974,0.7328571677207947,0.6653333306312561,0.7736666798591614,16.0,18.16666603088379,28.322221755981445,17.956666946411133,16.29777717590332,296.20001220703125,293.7133483886719,294.618896484375,46.4566650390625,40.266666412353516,-0.8799999952316284,-0.8899999856948853,-1.0099999904632568,0.9399999976158142
-81.6635,26.2192,0,-2,3,2019,87,10,5.408938884735107,0.0,0,0,0,0,0,0,1,0.6369,0.44820000000000004,0.0,38.200000166893005,43.1000000834465,124.60000106692314,214.50000140070915,371.6000007390976,1574.099997073412,0.9728571176528931,0.9363333582878113,0.8723333477973938,27.428571701049805,25.233333587646484,23.622222900390625,17.30666732788086,17.455554962158203,300.471435546875,301.1066589355469,300.02667236328125,44.62333297729492,45.86333465576172,0.8700000047683716,0.8100000023841858,-0.550000011920929,0.7599999904632568
-82.09625,30.92841667,0,-2,2,2018,34,25,0.07884369790554047,0.0,0,0,0,0,0,0,1,0.6364000000000001,0.3441,38.29999923706055,38.29999923706055,58.49999976158142,167.49999856948853,197.59999841451645,633.9999940395355,1349.099994957447,0.5285714268684387,0.5600000023841858,0.5957777500152588,27.85714340209961,29.96666717529297,25.46666717529297,15.323333740234375,16.8700008392334,291.20001220703125,290.2699890136719,291.804443359375,39.44333267211914,44.143333435058594,1.7000000476837158,2.0299999713897705,2.430000066757202,-1.809999942779541
-81.7166,26.5865,0,-2,2,2016,44,13,6.738557815551758,0.0,0,0,0,0,0,0,1,0.48810000000000003,0.31320000000000003,0.0,24.40000021457672,329.8000055551529,488.9566522836685,610.1934614479542,1112.8552913963795,2242.4567852318287,0.5400000214576721,0.6883333325386047,0.8262296319007874,28.14285659790039,18.66666603088379,22.759057998657227,17.59000015258789,16.864070892333984,293.1571350097656,294.8500061035156,298.11090087890625,47.06999969482422,49.83646774291992,5.420000076293945,3.119999885559082,2.0899999141693115,1.850000023841858
-76.038126,36.455515,0,-2,3,2019,65,5,0.1824662983417511,0.06,0,0,0,0,0,1,0,0.4147,0.25370000000000004,29.600000143051147,81.59999918937683,137.19999969005585,213.29999959468842,324.59999781847,624.2999975979328,1603.8999954164028,0.23571428656578064,0.4793333411216736,0.43700000643730164,16.714284896850586,19.899999618530273,19.566667556762695,17.420000076293945,17.3266658782959,281.75714111328125,286.4566650390625,285.554443359375,46.84333419799805,45.10555648803711,4.349999904632568,4.400000095367432,4.380000114440918,4.860000133514404
-82.9954,30.5719,0,-2,3,2016,78,41,0.14718441665172577,0.0,0,1,0,0,0,0,0,0.5791000000000001,0.2808,26.700000882148743,26.700000882148743,49.30000126361847,135.9000023007393,277.36168071627617,476.1195754110813,1311.0582294464111,0.9614285826683044,0.8510000109672546,0.6872851252555847,23.714284896850586,28.233333587646484,24.249601364135742,16.190000534057617,16.741979598999023,300.22857666015625,296.989990234375,293.5991516113281,39.356666564941406,43.063934326171875,1.2599999904632568,1.7599999904632568,1.899999976158142,2.490000009536743
-78.458201,36.045404,0,-2,8,2018,228,133,5.697421550750732,0.0,0,0,0,0,0,0,1,0.8197,0.5256000000000001,75.09999942779541,111.49999895691872,250.89999929070473,285.9999997317791,429.89999958872795,709.6999981105328,1120.099997073412,0.9800000190734863,0.9056666493415833,1.0131111145019531,8.142857551574707,12.766666412353516,19.58888816833496,19.546667098999023,17.363332748413086,304.24285888671875,303.7266540527344,303.5899963378906,51.92333221435547,49.79999923706055,0.6700000166893005,-0.6299999952316284,-1.0700000524520874,0.6100000143051147
-81.587507,35.401493,0,-2,4,2018,114,285,0.14649726450443268,0.0,1,0,0,0,0,0,0,0.7157,0.4551,88.2999997138977,152.60000276565552,169.10000252723694,291.2000007927418,438.39999839663506,589.9999967515469,1296.1999928057194,0.8657143115997314,0.8046666383743286,0.6187777519226074,29.85714340209961,30.399999618530273,23.155555725097656,14.066666603088379,15.934444427490234,293.71429443359375,293.586669921875,289.8566589355469,37.64666748046875,40.51777648925781,-1.5399999618530273,-1.7599999904632568,-2.5399999618530273,-1.7000000476837158
-82.9279,30.4173,0,-2,12,2019,351,45,0.06889007985591888,0.16970562748477142,1,0,0,0,0,0,0,0.7184,0.3327,28.40000009536743,33.700000286102295,35.80000025033951,133.50000044703484,174.60000094771385,563.7000023126602,1087.1000013649464,0.4057142734527588,0.6380000114440918,0.8333333134651184,16.85714340209961,22.233333587646484,23.544445037841797,18.3700008392334,17.607778549194336,293.3285827636719,294.7066650390625,298.7311096191406,43.266666412353516,45.78888702392578,-2.140000104904175,-2.25,1.159999966621399,2.3499999046325684
-80.283508,33.717377,0,-2,1,2018,6,47,1.0244135856628418,0.042426406871192854,0,0,0,0,0,0,1,0.41440000000000005,0.24300000000000002,6.5,10.000000059604645,107.59999996423721,182.59999871253967,260.69999957084656,594.5999993085861,1185.6999951899052,0.36571428179740906,0.4633333384990692,0.5878888964653015,36.57143020629883,25.433332443237305,23.933332443237305,15.520000457763672,17.122222900390625,276.28570556640625,284.2366638183594,290.8277893066406,36.38666534423828,41.4900016784668,1.3600000143051147,1.090000033378601,1.6799999475479126,1.7400000095367432
-90.3603,30.9481,0,-2,9,2018,271,95,0.0037794536910951138,0.06,1,0,0,0,0,0,0,0.8133,0.5412,56.80000054836273,62.60000064969063,154.30000212788582,294.40000131726265,495.2000012099743,924.9000052511692,1750.8999942839146,0.8342857360839844,1.0303332805633545,1.1001111268997192,12.0,14.366666793823242,16.16666603088379,18.373332977294922,17.975555419921875,303.5142822265625,305.0833435058594,306.042236328125,52.6966667175293,50.12111282348633,1.1799999475479126,1.090000033378601,0.9700000286102295,1.3600000143051147
-81.383757,35.52225,0,-2,11,2019,322,297,0.634165346622467,0.03,1,0,0,0,0,0,0,0.49810000000000004,0.2494,13.699999570846558,27.59999966621399,116.50000011920929,185.39999943971634,208.40000021457672,659.8000003993511,1470.0000007748604,0.36142855882644653,0.5419999957084656,0.9361110925674438,23.571428298950195,21.700000762939453,25.255556106567383,17.110000610351562,16.536666870117188,282.5571594238281,290.51666259765625,298.3277893066406,42.18000030517578,42.418888092041016,3.509999990463257,3.619999885559082,5.429999828338623,5.159999847412109
-87.502,35.0494,0,-2,1,2017,23,239,0.04930362105369568,0.12727922061357855,0,0,0,1,0,0,0,0.39740000000000003,0.1963,84.30000162124634,90.40000176429749,164.6000012755394,368.00000539422035,372.500005453825,572.9000056385994,1201.199997216463,0.3985714316368103,0.4230000078678131,0.570888876914978,13.714285850524902,20.066667556762695,25.44444465637207,17.69333267211914,16.86222267150879,289.79998779296875,286.8133239746094,288.7577819824219,51.313331604003906,42.024444580078125,-3.950000047683716,-3.8399999141693115,-2.8299999237060547,-2.0199999809265137
-81.1795,29.4421,0,-2,7,2018,196,9,1.1944912672042847,0.03,0,0,0,0,0,0,1,0.7194,0.4242,8.299999952316284,23.799999952316284,194.30000033974648,472.2000042498112,612.3000045418739,879.0000014603138,2009.599999755621,1.1885714530944824,1.0950000286102295,0.9855555295944214,20.428571701049805,15.666666984558105,19.011110305786133,17.579999923706055,17.1744441986084,305.81427001953125,305.3166809082031,302.8033447265625,52.57999801635742,51.61000061035156,5.050000190734863,4.409999847412109,2.7300000190734863,3.619999885559082
-79.133384,36.034517,0,-2,1,2016,29,235,1.281010389328003,0.042426406871192854,0,0,0,0,0,0,1,0.5347000000000001,0.24910000000000002,0.0,32.700000286102295,50.50000023841858,249.46457442641258,409.2208160161972,803.5479933619499,1403.9944494068623,0.3457143008708954,0.3330000042915344,0.41726842522621155,27.0,21.564315795898438,16.859163284301758,15.547520637512207,18.008148193359375,281.72857666015625,280.5666809082031,287.1106262207031,42.513729095458984,48.178409576416016,3.180000066757202,2.259999990463257,1.1399999856948853,-0.05000000074505806
-89.476583,36.095033,0,-2,2,2016,39,141,0.031166452914476395,0.32310988842807026,1,0,0,0,0,0,0,0.39130000000000004,0.15610000000000002,10.400000214576721,15.800000309944153,29.70000022649765,257.9860338270664,496.40497982501984,656.2497828006744,1483.4924305677414,0.6014285683631897,0.3633333444595337,0.4282393157482147,18.14285659790039,20.16666603088379,18.974876403808594,17.229999542236328,17.688562393188477,284.74285888671875,281.52667236328125,285.7019958496094,48.13333511352539,48.14983367919922,1.100000023841858,1.0299999713897705,-1.0,1.2100000381469727
-92.599,30.797,0,-2,1,2017,0,43,0.0355491004884243,0.18,0,0,0,0,1,0,0,0.6309,0.3583,33.89999997615814,33.89999997615814,229.19999676942825,326.69999450445175,329.0999945998192,822.599990606308,1579.999993532896,0.7071428298950195,0.4259999990463257,0.6863333582878113,17.428571701049805,11.966666221618652,20.377777099609375,19.50666618347168,18.278888702392578,295.028564453125,290.7300109863281,296.2144470214844,59.0,48.56999969482422,1.059999942779541,0.699999988079071,1.7899999618530273,0.8999999761581421
-81.188667,33.326294,0,-2,12,2018,337,75,0.010946309193968773,0.0,0,0,0,0,0,0,1,0.5954,0.3572,36.0,45.29999962449074,132.3000005185604,251.10000348091125,356.4000038802624,911.0000039637089,1502.7000051438808,0.5671428442001343,0.39666667580604553,0.7264444231987,19.85714340209961,13.600000381469727,17.011110305786133,19.606666564941406,18.613332748413086,290.0142822265625,289.98333740234375,297.564453125,54.84333419799805,50.13999938964844,2.9000000953674316,2.390000104904175,2.359999895095825,-1.3700000047683716
-85.1505,30.518,0,-2,11,2019,320,21,0.07600878179073334,0.12369316876852982,0,0,0,0,1,0,0,0.5927,0.2584,7.700000107288361,9.000000059604645,95.50000125169754,125.10000163316727,184.50000268220901,766.5999987721443,1537.2999969422817,0.4399999976158142,0.6599999666213989,1.2306666374206543,22.428571701049805,22.566667556762695,25.85555648803711,17.59000015258789,16.24333381652832,289.3571472167969,295.89666748046875,303.3055419921875,49.13666534423828,42.87111282348633,1.2999999523162842,1.4800000190734863,2.4600000381469727,3.5399999618530273
-93.10336647,31.06094554,0,-2,11,2019,323,106,0.0,0.12,1,0,0,0,0,0,0,0.6872,0.3185,6.400000095367432,12.400000005960464,198.5000003874302,283.00000271201134,336.500003606081,666.0000020861626,1577.6000024676323,0.6785714030265808,0.6060000061988831,1.020444393157959,25.285715103149414,20.53333282470703,24.0,17.89666748046875,16.989999771118164,289.8714294433594,292.6333312988281,300.9344482421875,41.65666580200195,44.20111083984375,1.2200000286102295,0.8799999952316284,1.6699999570846558,1.7799999713897705
-85.219383,35.492117,0,-2,9,2018,265,633,0.022863272577524185,0.03,0,0,1,0,0,0,0,0.8725,0.5840000000000001,8.300000131130219,25.400000512599945,41.900000870227814,164.19999966025352,384.9000006020069,1003.8999938964844,1755.5999968647957,0.6000000238418579,0.5419999957084656,0.4924444556236267,14.714285850524902,15.633333206176758,11.5,18.843334197998047,19.50777816772461,300.94287109375,301.42999267578125,301.4244384765625,63.913333892822266,65.07444763183594,2.740000009536743,3.069999933242798,2.1600000858306885,0.949999988079071
-81.393463,32.848186,0,-2,2,2016,31,45,0.0,0.0,0,0,0,0,0,0,1,0.5692,0.21610000000000001,19.30000078678131,36.4000004529953,65.20000120997429,121.52287542819977,271.78211852908134,648.0994398891926,1213.9433605074883,0.46285712718963623,0.46399998664855957,0.5715034604072571,22.571428298950195,25.83333396911621,20.76510238647461,15.789999961853027,17.44420051574707,290.29998779296875,286.67999267578125,291.977294921875,41.38333511352539,46.69962692260742,1.1200000047683716,1.399999976158142,-0.7900000214576721,0.5899999737739563
-88.72555556,30.59666667,0,-2,4,2018,100,39,0.1471271812915802,0.042426406871192854,0,1,0,0,0,0,0,0.7152000000000001,0.3597,25.300000190734863,81.39999961853027,119.90000009536743,323.6000007390976,423.70000302791595,773.9000043570995,2484.100006967783,0.4657142758369446,0.6413333415985107,0.6542222499847412,17.85714340209961,20.066667556762695,19.61111068725586,18.016666412353516,17.962223052978516,295.028564453125,296.1499938964844,294.6122131347656,47.48666763305664,45.52000045776367,2.6600000858306885,3.0399999618530273,3.4700000286102295,3.619999885559082
-80.099922,34.500477,0,-2,7,2017,201,115,0.5584690570831299,0.0,0,0,0,0,0,0,1,0.7636000000000001,0.5385,37.60000020265579,73.50000089406967,140.60000056028366,280.80000001192093,451.09999868273735,620.2999988794327,1327.5999990999699,1.131428599357605,1.1929999589920044,1.1461111307144165,14.857142448425293,19.96666717529297,24.788888931274414,17.020000457763672,15.818888664245605,305.81427001953125,305.44000244140625,302.82110595703125,45.4033317565918,44.57555389404297,1.0800000429153442,0.8299999833106995,-1.090000033378601,1.9900000095367432
-76.136533,36.4891,0,-2,1,2019,26,5,0.0,0.0,0,0,0,0,0,0,1,0.4585,0.2338,31.800000846385956,60.90000122785568,96.00000125169754,190.8999988436699,327.3000006079674,621.6999975144863,1481.2999965250492,0.3942857086658478,0.45399999618530273,0.43622222542762756,23.428571701049805,21.66666603088379,18.5,16.316667556762695,17.714445114135742,284.0,285.65667724609375,287.13665771484375,43.29666519165039,46.01333236694336,3.069999933242798,3.059999942779541,2.4600000381469727,2.2200000286102295
-80.486229,34.797729,0,-2,3,2017,72,178,0.0,0.0,0,0,0,0,0,0,1,0.5778,0.2612,32.90000036358833,41.29999998211861,58.3000003695488,130.1000004708767,235.4000001847744,452.9999997019768,1077.6999993026257,0.8014285564422607,0.8203333020210266,0.6303333044052124,30.714284896850586,34.33333206176758,26.77777862548828,12.896666526794434,16.15333366394043,290.3571472167969,292.70001220703125,289.7699890136719,31.136667251586914,38.95777893066406,-2.440000057220459,-1.9299999475479126,-1.559999942779541,1.0700000524520874
-81.5604,30.6381,0,-2,7,2016,185,15,1.7468316555023193,0.03,0,0,0,0,0,0,1,0.6525000000000001,0.29650000000000004,68.80000153183937,88.9000019133091,189.00000140070915,283.3000003993511,312.0,624.1999971270561,1504.1286507844925,1.1785714626312256,1.2483333349227905,1.14811110496521,20.571428298950195,26.933332443237305,33.011112213134766,15.989999771118164,14.3100004196167,306.28570556640625,305.7133483886719,302.7355651855469,48.61333465576172,45.34555435180664,-1.0099999904632568,-1.0399999618530273,0.8100000023841858,1.5700000524520874
-90.394,30.8478,0,-2,10,2018,274,87,0.004218172747641802,0.2954657340538831,1,0,0,0,0,0,0,0.7372000000000001,0.34840000000000004,37.899999380111694,78.80000025033951,161.599999666214,290.2999984025955,435.49999782443047,911.7000022232533,1756.399996459484,0.7985714077949524,1.0146666765213013,1.0670000314712524,11.857142448425293,13.600000381469727,16.433332443237305,18.606666564941406,17.991111755371094,302.6714172363281,304.98333740234375,305.7833251953125,52.85333251953125,50.64777755737305,1.2000000476837158,0.9800000190734863,1.3799999952316284,1.6699999570846558
-86.865,32.725,0,-2,5,2019,124,140,0.1496339738368988,0.03,0,0,1,0,0,0,0,0.6832,0.39490000000000003,13.600000202655792,30.300000965595245,129.30000340938568,198.10000479221344,369.8000014424324,929.1999971568584,1818.6000045835972,1.090000033378601,0.9793333411216736,0.7766666412353516,28.285715103149414,26.03333282470703,25.866666793823242,15.860000610351562,15.262222290039062,302.8285827636719,299.6333312988281,295.09332275390625,44.150001525878906,43.27000045776367,3.5999999046325684,4.150000095367432,5.119999885559082,3.619999885559082
-77.2445,34.951333,0,-2,6,2019,160,11,0.16509601473808289,0.0,0,0,0,0,0,0,1,0.7041000000000001,0.45780000000000004,32.09999990463257,38.90000009536743,45.700000286102295,112.70000088214874,182.4999998807907,492.8000003397465,2043.8000060915947,0.9900000095367432,1.3170000314712524,1.03766667842865,28.285715103149414,34.03333282470703,30.433332443237305,14.269999504089355,14.797778129577637,303.528564453125,304.7366638183594,299.6055603027344,40.720001220703125,39.26333236694336,2.690000057220459,4.130000114440918,5.309999942779541,6.039999961853027
-81.8874,28.3321,0,-2,4,2016,107,33,0.00271977623924613,0.5341348144429457,0,0,0,1,0,0,0,0.6932,0.3895,15.299999713897705,19.09999966621399,102.70000019669533,128.000000923872,235.50000217556953,415.6625865101814,1485.6445597410202,0.991428554058075,0.9953333139419556,0.867555558681488,29.714284896850586,28.266666412353516,27.72222137451172,15.59333324432373,15.816666603088379,301.1285705566406,300.4366760253906,297.6066589355469,43.883331298828125,42.911109924316406,1.8899999856948853,1.9800000190734863,1.090000033378601,2.450000047683716
-82.4323,29.1394,0,-2,5,2019,140,30,3.124054193496704,0.03,1,0,0,0,0,0,0,0.6848000000000001,0.46440000000000003,0.0,17.400000363588333,86.09999898076057,198.79999908804893,219.69999885559082,733.2999967336655,2112.9999961853027,1.2414286136627197,1.2403333187103271,1.0865556001663208,30.14285659790039,29.366666793823242,29.244443893432617,15.206666946411133,15.566666603088379,304.6285705566406,303.73333740234375,301.01666259765625,40.586666107177734,40.836666107177734,4.639999866485596,4.769999980926514,6.269999980926514,4.53000020980835
-88.161683,35.925183,0,-2,4,2016,93,167,0.0,0.0,0,0,0,0,0,0,1,0.43820000000000003,0.2141,60.90000057220459,68.20000076293945,186.2000015079975,277.9000022113323,367.0000030398369,781.0789693295956,1490.6179070472717,0.7914285659790039,0.7423332929611206,0.4967777729034424,21.714284896850586,22.100000381469727,19.94444465637207,16.190000534057617,16.79777717590332,293.71429443359375,293.1400146484375,286.314453125,41.496665954589844,44.08777618408203,0.10999999940395355,0.0,0.019999999552965164,0.7699999809265137
-80.199051,33.991367,0,-2,1,2016,30,44,0.0,0.0,0,0,0,0,0,0,1,0.46180000000000004,0.2923,6.400000214576721,35.70000022649765,57.599999755620956,205.2104957997799,327.19525185227394,1211.1542084813118,1729.7690177857876,0.4399999976158142,0.4283333420753479,0.5426095724105835,25.0,24.399999618530273,18.378599166870117,15.609999656677246,17.50810432434082,287.6428527832031,284.55999755859375,290.4214782714844,41.17333221435547,46.10475158691406,4.849999904632568,4.900000095367432,4.559999942779541,-1.25
-83.74200556,31.933075,0,-2,2,2018,42,107,0.3629743456840515,0.03,0,0,0,0,0,0,0,0.36100000000000004,0.1787,75.30000066757202,95.70000052452087,136.39999997615814,186.0000004172325,249.09999877214432,484.699997484684,1231.7000013887882,0.5028571486473083,0.5406666398048401,0.5152221918106079,20.14285659790039,31.133333206176758,27.566667556762695,15.466667175292969,16.046667098999023,292.8999938964844,289.48333740234375,289.59222412109375,39.77333450317383,42.49222183227539,-1.2899999618530273,0.7300000190734863,1.7200000286102295,1.840000033378601
-85.74435,35.327667,0,-2,4,2017,117,577,0.005261815618723631,0.22847319317591727,1,0,0,0,0,0,0,0.7106,0.3089,91.70000079274178,130.6000011265278,186.40000012516975,374.70000246167183,470.20000234246254,936.500003784895,1355.0000053346157,0.558571457862854,0.734000027179718,0.5415555834770203,9.285714149475098,16.799999237060547,17.100000381469727,17.489999771118164,17.295555114746094,294.27142333984375,295.17999267578125,289.5577697753906,47.6533317565918,46.01777648925781,-3.2799999713897705,-3.75,-4.420000076293945,-3.619999885559082
-84.58472222,30.08305556,0,-2,3,2017,70,21,0.0,0.03,1,0,0,0,0,0,0,0.6818000000000001,0.33380000000000004,0.0,8.600000381469727,57.79999923706055,190.70000183582306,322.40000253915787,479.70000499486923,1613.8000087440014,0.9442856907844543,0.9703333377838135,0.7956666946411133,30.85714340209961,26.46666717529297,19.633333206176758,15.25,17.711111068725586,298.6285705566406,297.98333740234375,296.20001220703125,36.39666748046875,42.04999923706055,-1.6399999856948853,-1.399999976158142,-1.5,0.8999999761581421
-84.00163056,32.99235,0,-2,8,2016,235,209,0.5168648362159729,0.0,0,0,0,0,0,0,1,0.8316,0.5617,23.300000220537186,48.00000050663948,96.80000081658363,179.60000160336494,215.7000016272068,524.2000031769276,1340.2183577418327,1.3171428442001343,1.3519999980926514,1.4061111211776733,21.285715103149414,25.433332443237305,28.61111068725586,16.10333251953125,15.318888664245605,306.6142883300781,306.9966735839844,306.9977722167969,42.766666412353516,40.893333435058594,-1.100000023841858,1.0,2.0799999237060547,2.5899999141693115
-82.7373,29.9651,0,-2,2,2018,51,24,0.12545225024223328,0.06,1,0,0,0,0,0,0,0.5426,0.3342,0.0,6.9999998807907104,109.99999988079071,159.1999994814396,245.10000005364418,637.9000058174133,1603.600002169609,1.0657142400741577,0.79666668176651,0.679111123085022,28.428571701049805,22.96666717529297,21.58888816833496,17.41666603088379,17.932222366333008,300.27142333984375,296.6933288574219,293.6222229003906,43.38333511352539,43.3577766418457,2.5799999237060547,2.680000066757202,2.9100000858306885,2.4700000286102295
-79.570389,34.08075,0,-2,8,2018,221,28,0.02234973944723606,0.0,0,0,0,0,0,0,1,0.766,0.4379,62.599998474121094,137.7999975681305,190.49999701976776,281.1999981999397,425.6999972462654,657.4999958574772,1234.6999960541725,0.977142870426178,1.0709999799728394,1.2004444599151611,8.571428298950195,16.200000762939453,21.96666717529297,18.516666412353516,16.737777709960938,305.29998779296875,305.17999267578125,305.10223388671875,49.51333236694336,46.772220611572266,1.0,1.100000023841858,1.2100000381469727,2.009999990463257
-80.007492,33.215561,0,-2,2,2016,49,28,0.7650589942932129,0.0,0,0,0,0,0,0,1,0.5013000000000001,0.2538,36.099998474121094,66.39999842643738,183.7999987602234,255.70001745224,305.47806310653687,1073.8984106183052,1822.005965411663,0.4471428692340851,0.4716666638851166,0.5085539221763611,29.714284896850586,22.700000762939453,21.220333099365234,16.876667022705078,17.269750595092773,286.1285705566406,286.9533386230469,289.5058898925781,45.55666732788086,48.10450744628906,3.6500000953674316,3.4200000762939453,3.490000009536743,0.6700000166893005
-83.89939167,31.04778333,0,-2,9,2018,271,77,0.08877633512020111,0.03,0,0,0,0,0,0,1,0.7856000000000001,0.42800000000000005,19.9000001847744,19.9000001847744,101.50000047683716,322.59999883174896,473.59999746084213,928.9999951124191,1415.8999954164028,1.0814285278320312,1.1083333492279053,0.9951111078262329,17.85714340209961,15.600000381469727,12.722222328186035,18.020000457763672,18.6733341217041,305.82855224609375,305.6933288574219,305.1399841308594,49.029998779296875,52.03333282470703,3.559999942779541,3.309999942779541,1.4299999475479126,-2.069999933242798
-82.4935,29.4138,0,-2,4,2016,93,30,0.18214088678359985,0.042426406871192854,1,0,0,0,0,0,0,0.6923,0.44830000000000003,23.80000001192093,33.20000010728836,68.40000015497208,173.79999965429306,239.1000006198883,423.19628444314003,1384.1940461695194,1.1571428775787354,1.0230000019073486,0.8136666417121887,24.428571701049805,27.866666793823242,26.5,15.809999465942383,16.134445190429688,301.4142761230469,299.9966735839844,295.7088928222656,44.06999969482422,42.4466667175293,0.7699999809265137,1.0199999809265137,0.9300000071525574,1.3799999952316284
-82.3158,29.0904,0,-2,8,2017,225,39,0.0,0.12727922061357855,0,0,0,1,0,0,0,0.5274,0.3729,12.800000488758087,48.00000125169754,247.60000121593475,423.80000215768814,542.5000009536743,673.7000022530556,1232.1000063121319,1.2200000286102295,1.0579999685287476,1.1746666431427002,15.571428298950195,12.233333587646484,20.53333282470703,19.010000228881836,17.39555549621582,307.1285705566406,305.7099914550781,305.76666259765625,52.88999938964844,48.7511100769043,-1.9299999475479126,-2.609999895095825,-3.4200000762939453,-2.259999990463257
-81.1562,28.7429,0,-2,5,2016,123,12,0.021830987185239792,0.2563201123595259,1,0,0,0,0,0,0,0.7893,0.4685,11.400000095367432,26.600000500679016,40.20000043511391,111.1999988257885,150.59999826550484,421.01212149858475,1277.552748978138,1.2828571796417236,1.1380000114440918,1.0341111421585083,34.57143020629883,35.29999923706055,32.988887786865234,13.706666946411133,14.19777774810791,304.71429443359375,301.510009765625,299.22332763671875,40.55666732788086,40.3033332824707,-0.07000000029802322,0.6600000262260437,-1.0700000524520874,-0.8500000238418579
-84.70133056,30.94366667,0,-2,11,2018,304,49,0.05776485055685043,0.10816653826391967,0,1,0,0,0,0,0,0.6569,0.3766,4.099999964237213,5.299999982118607,107.89999702572823,175.999996393919,383.8999956846237,1078.1999980509281,1653.0000040829182,0.7300000190734863,0.8939999938011169,1.0101110935211182,26.428571701049805,23.733333587646484,17.133333206176758,16.690000534057617,17.774444580078125,297.9142761230469,301.2866516113281,304.4466552734375,47.11000061035156,49.61666488647461,3.690000057220459,3.2100000381469727,1.9900000095367432,-1.75
-76.451967,36.097871,0,-2,9,2016,265,12,0.03080945461988449,0.0,0,0,0,0,0,0,1,0.8168000000000001,0.49460000000000004,182.79999768733978,200.49999749660492,418.5000002384186,541.2000014781952,608.8000015318394,980.3999992609024,1655.0802983641624,0.6328571438789368,0.7799999713897705,0.9087777733802795,15.142857551574707,18.766666412353516,19.433332443237305,17.983333587646484,17.482221603393555,300.75714111328125,302.36334228515625,304.31109619140625,56.0533332824707,54.4033317565918,1.6699999570846558,1.4800000190734863,2.5399999618530273,2.6500000953674316
-87.665,30.685,0,-2,8,2017,226,33,0.011018271557986736,0.2683281572999748,0,0,0,0,1,0,0,0.8639,0.47040000000000004,52.500000953674316,128.79999941587448,195.10000005364418,496.400001347065,812.6000000834465,1151.599995315075,1973.3999904990196,0.9028571248054504,0.8923333287239075,0.8703333139419556,9.571428298950195,13.600000381469727,13.88888931274414,18.44333267211914,18.4022216796875,305.1714172363281,304.6166687011719,303.4599914550781,55.56999969482422,55.018890380859375,1.6200000047683716,1.8600000143051147,-0.9399999976158142,1.159999966621399
-89.9196,30.3392,0,-2,5,2018,144,14,0.13134194910526276,0.06,0,0,1,0,0,0,0,0.7319,0.4459,36.19999969005585,36.19999969005585,41.49999979138374,272.90000438690186,419.10000506043434,824.2000043392181,1834.100007534027,0.8500000238418579,0.9490000009536743,0.7092221975326538,21.0,24.866666793823242,20.311111450195312,16.510000228881836,17.733333587646484,304.9285583496094,303.4866638183594,298.84332275390625,45.56666564941406,48.057777404785156,1.9299999475479126,2.200000047683716,2.4100000858306885,2.7200000286102295
-83.14855,32.638475,0,-2,5,2018,126,140,0.24334996938705444,0.09,0,0,0,0,0,0,1,0.4451,0.2454,0.0,23.299999713897705,83.09999912977219,132.3999981880188,202.59999790787697,444.8999947607517,1175.6999934017658,1.3928571939468384,0.9466666579246521,0.8416666388511658,38.28571319580078,31.633333206176758,31.322221755981445,14.833333015441895,14.595555305480957,301.55712890625,297.32000732421875,295.37445068359375,39.74333190917969,40.947776794433594,-1.9500000476837158,-1.809999942779541,-0.9100000262260437,0.8500000238418579
-83.03806389,30.73916667,0,-2,9,2016,267,42,0.0014944553840905428,0.33541019662496846,1,0,0,0,0,0,0,0.7953,0.48190000000000005,10.499999761581421,34.69999939203262,176.39999970793724,331.4999975860119,414.6999987065792,810.0999952554703,1265.5499466061592,1.0257142782211304,1.0696666240692139,1.2464444637298584,21.285715103149414,21.266666412353516,22.988889694213867,17.43000030517578,16.824443817138672,305.29998779296875,305.0733337402344,306.67889404296875,47.040000915527344,45.64777755737305,-1.5399999618530273,-1.899999976158142,-0.8199999928474426,-2.0999999046325684
-89.55373662,31.75383472,0,-2,10,2018,273,132,0.2745458483695984,0.03,0,1,0,0,0,0,0,0.7483000000000001,0.42100000000000004,30.100000202655792,44.10000056028366,127.40000206232071,215.80000060796738,352.70000022649765,723.1999987959862,1394.5999981760979,0.8814285397529602,1.024999976158142,1.0714443922042847,16.14285659790039,17.733333587646484,19.955554962158203,18.309999465942383,17.64555549621582,303.0,305.0533447265625,305.8299865722656,52.18333435058594,50.41444396972656,1.2999999523162842,1.2000000476837158,0.9300000071525574,1.4500000476837158
-83.09793611,34.00249167,0,-2,5,2018,139,189,0.03137163445353508,0.16970562748477142,0,0,0,1,0,0,0,0.7537,0.5313,56.00000113248825,56.00000113248825,137.8000013232231,214.70000106096268,304.80000227689743,599.9000022411346,1326.2000057399273,1.045714259147644,1.1023333072662354,0.8420000076293945,25.714284896850586,30.96666717529297,27.655555725097656,14.173333168029785,14.782221794128418,301.8857116699219,299.57666015625,294.9322204589844,39.79666519165039,40.49444580078125,-0.8899999856948853,-1.590000033378601,-1.5399999618530273,-1.190000057220459
-79.338945,34.913327,0,-2,11,2016,331,78,0.27611154317855835,0.042426406871192854,0,0,0,0,0,1,0,0.5974,0.2761,1.0,30.600000381469727,31.300000369548798,377.50000953674316,590.1000126600266,979.4000136852264,1620.9456752836704,0.6157143115997314,0.793666660785675,0.9408888816833496,32.71428680419922,29.700000762939453,24.41111183166504,15.853333473205566,16.824443817138672,290.0857238769531,293.50665283203125,298.6199951171875,34.189998626708984,41.17444610595703,4.170000076293945,4.340000152587891,2.8299999237060547,2.4600000381469727
-85.312,31.678,0,-2,9,2018,250,126,0.0801091343164444,0.06,1,0,0,0,0,0,0,0.8428,0.49050000000000005,48.30000114440918,63.60000151395798,137.10000091791153,327.2999999523163,456.8000005185604,877.2000053226948,1453.7000097930431,0.927142858505249,0.9193333387374878,0.9733333587646484,13.142857551574707,13.300000190734863,15.266666412353516,18.68000030517578,18.176666259765625,304.5571594238281,304.90667724609375,305.2744445800781,52.03666687011719,51.67777633666992,2.1600000858306885,1.6100000143051147,1.1200000047683716,-1.440000057220459
-89.87088716,31.93844194,0,-2,11,2019,326,141,0.05731610953807831,0.15297058540778355,1,0,0,0,0,0,0,0.791,0.3548,24.0,44.6999996304512,279.90000200271606,442.5999972522259,678.0999959409237,1109.4999962747097,2329.3000007271767,0.654285728931427,0.5486666560173035,0.972777783870697,21.14285659790039,16.133333206176758,21.27777862548828,18.913333892822266,17.518888473510742,293.6000061035156,291.5,299.9344482421875,43.0,44.01222229003906,6.230000019073486,4.699999809265137,3.8399999141693115,3.9700000286102295
-79.187211,34.992186,0,-2,5,2018,147,77,2.611443519592285,0.0,0,0,0,0,0,0,1,0.6251,0.3029,26.100000202655792,58.800000101327896,60.800000101327896,204.10000070929527,291.7999994754791,549.6999982893467,1191.2999987602234,1.1928571462631226,1.3636666536331177,0.9800000190734863,25.14285659790039,35.13333511352539,32.79999923706055,13.34333324432373,13.672222137451172,303.8714294433594,302.7533264160156,295.71112060546875,37.59000015258789,35.98666763305664,-0.9200000166893005,-1.1299999952316284,-0.9700000286102295,1.25
-80.0925,35.40555556,0,-2,6,2018,154,125,0.0,0.09,0,0,0,0,0,0,0,0.809,0.4969,51.49999988079071,62.50000011920929,105.50000083446503,256.10000133514404,371.3000029027462,620.8000041544437,1023.1000072062016,0.954285740852356,1.0763332843780518,0.8741111159324646,15.0,24.66666603088379,26.866666793823242,16.05666732788086,14.924444198608398,303.3285827636719,302.90667724609375,295.79888916015625,47.06666564941406,40.62111282348633,-1.690000057220459,-1.9600000381469727,-2.8499999046325684,-2.5199999809265137
-84.83857778,31.26189444,0,-2,1,2017,21,65,0.085965096950531,0.06,0,0,0,0,0,1,0,0.5203,0.2637,74.60000133514404,74.60000133514404,232.20000457763672,566.6000091433525,566.6000091433525,799.8000118136406,1691.4000207185745,0.7057142853736877,0.6513333320617676,0.8312222361564636,12.714285850524902,14.266666412353516,26.733333587646484,19.09666633605957,16.90999984741211,298.471435546875,294.6400146484375,295.8011169433594,46.90999984741211,39.668888092041016,1.7400000095367432,-1.2400000095367432,0.8500000238418579,2.3399999141693115
-80.833758,35.523111,0,-2,4,2018,113,229,0.42692431807518005,0.03,1,0,0,0,0,0,0,0.8133,0.4806,55.099998474121094,74.89999771118164,86.69999760389328,213.99999791383743,321.4999979734421,419.7999981045723,1132.1999983489513,0.9300000071525574,0.8069999814033508,0.612666666507721,37.57143020629883,33.266666412353516,26.44444465637207,13.09333324432373,15.24666690826416,294.0714416503906,293.21331787109375,289.43890380859375,37.0533332824707,40.782222747802734,-1.3600000143051147,-1.4900000095367432,-1.7000000476837158,1.340000033378601
-93.3308,31.0689,0,-2,4,2017,104,80,0.37317612767219543,0.0,0,0,0,0,0,0,1,0.6822,0.4067,32.599998474121094,250.29999542236328,293.69999647140503,386.0999963283539,536.9999959468842,867.3999977111816,1721.199993133545,0.8371428847312927,1.0210000276565552,0.8697777986526489,31.0,33.400001525878906,28.14444351196289,14.479999542236328,15.075555801391602,299.3428649902344,299.45001220703125,296.4533386230469,44.163333892822266,43.95222091674805,-0.9300000071525574,-1.2899999618530273,0.8899999856948853,2.200000047683716
-90.49444444,31.38972222,0,-2,11,2019,323,133,0.09480257332324982,0.0670820393249937,1,0,0,0,0,0,0,0.7208,0.3493,2.0999999046325684,7.799999713897705,160.69999825954437,256.29999792575836,384.9999961256981,791.5999942719936,1869.5999956130981,0.6285714507102966,0.5686666965484619,0.9990000128746033,24.14285659790039,19.133333206176758,22.366666793823242,18.079999923706055,17.20222282409668,289.1571350097656,292.08001708984375,300.7166748046875,43.2599983215332,44.97999954223633,2.440000057220459,1.9600000381469727,2.2300000190734863,2.259999990463257
-82.3678,27.7895,0,-2,7,2018,193,11,0.0,0.0,0,0,0,0,0,0,1,0.7874,0.5008,24.5,74.70000070333481,115.2000008225441,399.8000000715256,457.1000003814697,610.4000026583672,1540.7999958097935,1.041428565979004,0.9880000352859497,0.9779999852180481,16.571428298950195,16.100000381469727,20.46666717529297,17.766666412353516,17.415555953979492,305.5142822265625,305.586669921875,303.63555908203125,55.073333740234375,52.0988883972168,1.690000057220459,1.6299999952316284,-1.8700000047683716,-1.309999942779541
-84.52694444,32.5425,0,-2,6,2018,161,180,0.0,0.0,0,0,0,0,0,0,1,0.7622,0.40280000000000005,15.199999570846558,84.19999849796295,341.79999420046806,454.09999522566795,499.09999388456345,712.2999948263168,1389.8999933302402,1.2000000476837158,0.9576666355133057,0.9096666574478149,16.428571701049805,15.666666984558105,24.5,18.206666946411133,16.098888397216797,304.471435546875,302.8500061035156,298.5722351074219,51.56666564941406,42.93000030517578,1.4700000286102295,-1.809999942779541,-1.590000033378601,1.2599999904632568
-92.4668,32.1623,0,-2,8,2017,217,83,0.0,0.06,1,0,0,0,0,0,0,0.4208,0.27,38.5,64.19999933242798,112.99999988079071,205.29999908804893,356.6999988257885,687.6000025272369,1381.7000051140785,1.018571376800537,1.1859999895095825,1.042888879776001,20.571428298950195,21.733333587646484,21.799999237060547,17.1299991607666,16.8255558013916,305.3428649902344,307.0333251953125,304.4311218261719,48.176666259765625,50.12333297729492,-1.4900000095367432,-1.409999966621399,-2.0199999809265137,0.6899999976158142
-84.19641667,32.63677778,0,-2,3,2016,78,160,0.24972456693649292,0.0,0,0,0,0,0,0,1,0.5163,0.28700000000000003,12.100000143051147,12.100000143051147,60.90000021457672,155.7000009715557,431.57106137275696,793.352556169033,1588.8270007669926,1.3199999332427979,0.8840000033378601,0.6635820865631104,32.14285659790039,28.16666603088379,24.023221969604492,15.183333396911621,15.745203971862793,301.5,295.79998779296875,291.34942626953125,36.50666809082031,40.11167526245117,1.399999976158142,1.899999976158142,0.8299999833106995,0.03999999910593033
-81.3793,27.4273,0,-2,2,2019,50,32,0.2710877060890198,0.0,0,0,0,0,0,0,1,0.4232,0.3085,9.199999809265137,37.90000057220459,154.2000014781952,172.80000153183937,238.40000090003014,511.1999973654747,1454.0999951064587,0.9014285802841187,0.7943333387374878,0.8264444470405579,24.85714340209961,23.766666412353516,25.08888816833496,16.856666564941406,17.13111114501953,299.72857666015625,297.6233215332031,297.9122314453125,45.616668701171875,43.90888977050781,0.8399999737739563,-1.090000033378601,-1.059999942779541,1.659999966621399
-84.0502,30.4483,0,-2,1,2016,9,66,0.12834084033966064,0.03,1,0,0,0,0,0,0,0.7443000000000001,0.34040000000000004,20.699999570846558,47.65688568353653,108.21132093667984,210.1490494608879,365.3093344569206,669.5478600561619,1320.0184110999107,0.4342857301235199,0.5910524725914001,0.729266345500946,23.571428298950195,19.876155853271484,22.93454360961914,17.005584716796875,17.160999298095703,288.5714416503906,293.66510009765625,296.5357971191406,55.555030822753906,50.53816223144531,-1.340000033378601,-1.350000023841858,-2.0399999618530273,0.5600000023841858
-88.90332453,31.36460966,0,-2,1,2016,30,65,0.21747733652591705,0.12,0,1,0,0,0,0,0,0.5783,0.2793,36.400000005960464,61.80000081658363,89.00000128149986,322.7462363541126,441.21759554743767,771.3883641660213,1487.3439054191113,0.477142870426178,0.4906666576862335,0.6070621609687805,20.14285659790039,19.53333282470703,19.061763763427734,17.203332901000977,17.88864517211914,291.22857666015625,288.2066650390625,292.3868103027344,39.939998626708984,45.39253234863281,-0.7900000214576721,-1.2799999713897705,-2.5,-1.559999942779541
-84.6533,30.5685,0,-2,8,2018,217,84,0.030446205288171768,0.042426406871192854,0,0,0,0,1,0,0,0.865,0.5808,133.50000047683716,155.00000071525574,201.10000014305115,408.9000002145767,607.4999998211861,921.6000006198883,1316.799995213747,0.735714316368103,0.9359999895095825,1.065333366394043,5.4285712242126465,12.933333396911621,17.255556106567383,18.793333053588867,17.616666793823242,303.5428466796875,305.3833312988281,304.9877624511719,54.03333282470703,50.630001068115234,-0.6499999761581421,-1.0199999809265137,-1.6399999856948853,-1.590000033378601
-83.90083333,34.66222222,0,-2,4,2016,98,465,0.10743190348148346,0.03,1,0,0,0,0,0,0,0.7060000000000001,0.4554,20.80000078678131,48.20000159740448,77.10000216960907,203.1000013947487,368.60000282526016,1027.1397975087166,1954.4207733869553,0.8799999952316284,0.8216666579246521,0.5381110906600952,26.0,24.53333282470703,19.455554962158203,15.819999694824219,16.883333206176758,292.44287109375,293.85333251953125,287.23443603515625,39.09333419799805,41.831111907958984,1.5499999523162842,2.4100000858306885,2.3399999141693115,-1.1200000047683716
-81.467697,35.817236,0,-2,1,2016,24,362,6.23707389831543,0.0,0,0,0,0,0,0,1,0.4212,0.2084,18.600000381469727,52.200000405311584,108.27596551179886,296.729872405529,534.5878557264805,898.8986054360867,1322.9370800554752,0.24857142567634583,0.3620738983154297,0.4166277348995209,22.571428298950195,16.3056583404541,15.41201114654541,16.564191818237305,18.332275390625,275.72857666015625,282.8009338378906,287.2936096191406,42.29372024536133,46.78489685058594,3.640000104904175,3.069999933242798,-1.2899999618530273,-2.0299999713897705
-81.4181,27.1209,0,-2,3,2016,66,26,6.176680908538401E-4,0.0,0,0,0,0,0,0,1,0.45370000000000005,0.2869,0.0,44.399999141693115,78.49999952316284,342.09999907016754,367.1687827706337,717.0224350392818,1781.61130797863,0.9714285731315613,0.7713333368301392,0.8002994060516357,31.714284896850586,25.96666717529297,21.50237464904785,15.769999504089355,17.490158081054688,299.75714111328125,296.6666564941406,297.4024658203125,38.746665954589844,45.71006393432617,4.699999809265137,3.549999952316284,1.7699999809265137,1.2200000286102295
-80.45578,33.308395,0,-2,4,2018,118,35,0.012619110755622387,0.0670820393249937,1,0,0,0,0,0,0,0.801,0.44260000000000005,96.49999701976776,121.79999625682831,157.1999968290329,210.29999697208405,243.39999681711197,491.29999536275864,1302.1000016629696,0.895714282989502,0.9026666879653931,0.7771111130714417,28.14285659790039,30.633333206176758,29.899999618530273,15.140000343322754,15.224444389343262,297.77142333984375,296.8699951171875,294.21221923828125,38.3033332824707,38.821109771728516,0.12999999523162842,0.7699999809265137,1.6699999570846558,2.059999942779541
-81.95720833,31.17566111,0,-2,5,2019,132,22,0.17400842905044556,0.06,0,0,0,0,1,0,0,0.7531,0.4999,9.200000047683716,48.80000114440918,61.900001525878906,161.00000125169754,216.20000061392784,599.7999937236309,1695.0999940633774,1.100000023841858,1.1093332767486572,0.8899999856948853,26.428571701049805,29.66666603088379,27.011110305786133,15.426666259765625,16.212223052978516,303.72857666015625,301.8299865722656,298.1555480957031,38.39666748046875,40.99333190917969,2.390000104904175,2.680000066757202,4.059999942779541,2.309999942779541
-82.3205,33.05152778,0,-2,1,2018,16,114,0.017982443794608116,0.03,1,0,0,0,0,0,0,0.4691,0.2136,18.70000058412552,22.900000512599945,56.89999955892563,129.39999955892563,165.29999941587448,453.0999975800514,1021.2999992370605,0.4285714328289032,0.47200000286102295,0.5884444713592529,29.85714340209961,29.53333282470703,26.88888931274414,14.316666603088379,16.335556030273438,287.21429443359375,285.8800048828125,290.41778564453125,37.67000198364258,39.4033317565918,-1.0800000429153442,-0.9100000262260437,1.399999976158142,1.1699999570846558
-76.809619,35.938277,0,-2,7,2018,200,14,0.2729867994785309,0.0,1,0,0,0,0,0,0,0.6393,0.42060000000000003,1.100000023841858,25.100000023841858,101.9999980032444,253.19999906420708,376.4999965727329,682.6999972462654,1220.3999975919724,0.8128571510314941,0.8589999675750732,0.9212222099304199,24.285715103149414,19.33333396911621,22.299999237060547,17.219999313354492,16.35333251953125,304.1714172363281,304.7933349609375,302.44110107421875,54.0533332824707,51.33000183105469,1.7300000190734863,1.5399999618530273,0.6700000166893005,0.7900000214576721
-81.90217778,32.33669444,0,-2,9,2018,259,73,3.225046396255493,0.0,0,0,0,0,0,0,1,0.6646000000000001,0.4164,19.400000035762787,38.90000033378601,64.90000000596046,284.9999996125698,403.7999983727932,694.8999980688095,1054.7999964356422,1.0499999523162842,0.9380000233650208,0.960444450378418,17.714284896850586,16.16666603088379,16.16666603088379,17.989999771118164,18.16111183166504,305.3571472167969,305.42333984375,305.98443603515625,51.97666549682617,51.58000183105469,-0.8600000143051147,-0.8399999737739563,-1.5800000429153442,-1.6200000047683716
-79.253501,35.707556,0,-2,3,2016,86,147,0.25805702805519104,0.03,1,0,0,0,0,0,0,0.6248,0.3024,9.900000154972076,25.400000035762787,32.80000001192093,142.60000032186508,236.86952131986618,753.4274882674217,1408.3463670611382,0.7300000190734863,0.8203333616256714,0.5355216860771179,34.57143020629883,29.399999618530273,23.770448684692383,14.25666618347168,15.80985164642334,292.1856994628906,293.1833190917969,286.8421325683594,36.31666564941406,41.616058349609375,2.7799999713897705,3.190000057220459,1.9600000381469727,-1.3899999856948853
-79.728767,35.220727,0,-2,1,2017,2,195,0.01614934206008911,0.03,0,0,0,0,0,0,1,0.4445,0.2456,69.2999991774559,72.2999991774559,122.39999985694885,148.5,300.39999610185623,661.6999980211258,1230.2999990582466,0.46285712718963623,0.36500000953674316,0.574222207069397,13.714285850524902,20.566667556762695,24.88888931274414,18.31333351135254,16.70777702331543,286.0142822265625,284.4800109863281,290.2789001464844,50.209999084472656,44.35222244262695,-0.6800000071525574,0.6499999761581421,-1.25,1.850000023841858
-89.32,34.92055556,0,-2,11,2019,326,156,0.8772159218788147,0.0,0,0,0,0,0,0,1,0.47340000000000004,0.2174,25.600000381469727,38.0,181.0000017285347,298.0000040233135,326.9000037610531,807.5000101923943,1859.5000050663948,0.5042856931686401,0.4429999887943268,0.9034444689750671,18.714284896850586,16.633333206176758,22.344444274902344,19.373332977294922,17.81333351135254,289.4857177734375,288.1233215332031,298.0455627441406,45.66999816894531,43.723331451416016,4.110000133514404,3.5199999809265137,4.329999923706055,3.75
-83.12866944,31.04669167,0,-2,5,2018,136,65,1.9346160888671875,0.03,0,0,0,0,0,0,1,0.7526,0.47550000000000003,33.49999976158142,33.49999976158142,88.99999821186066,155.69999885559082,197.69999888539314,407.4000015258789,1131.1000017523766,1.5685713291168213,1.3696666955947876,1.048444390296936,38.0,38.63333511352539,35.36666488647461,12.579999923706055,13.45888900756836,304.70001220703125,301.9200134277344,298.30889892578125,32.8033332824707,36.74555587768555,-2.4100000858306885,-2.390000104904175,-1.3600000143051147,1.0299999713897705
-85.248,32.177,0,-2,3,2017,81,92,0.04430941119790077,0.18973665961010278,1,0,0,0,0,0,0,0.7220000000000001,0.2877,0.0,10.000000238418579,113.30000233650208,172.1000016927719,507.59999454021454,712.2999952435493,1374.2999956011772,1.1114284992218018,0.8236666917800903,0.7098888754844666,37.57143020629883,27.600000381469727,20.844444274902344,15.09666633605957,17.023332595825195,296.78570556640625,294.10333251953125,293.3188781738281,36.90999984741211,39.97333526611328,1.649999976158142,1.7899999618530273,-2.440000057220459,0.8700000047683716
-84.28553333,32.44695833,0,-2,7,2019,184,156,0.02465890347957611,0.0670820393249937,1,0,0,0,0,0,0,0.761,0.5332,20.399999618530273,70.49999976158142,232.30000191926956,285.5000010728836,408.200000166893,633.8999985456467,1529.9999992251396,1.5057142972946167,1.2450000047683716,1.226555585861206,29.14285659790039,25.0,27.922222137451172,16.08333396911621,15.284444808959961,306.6285705566406,305.1400146484375,303.2522277832031,46.540000915527344,43.37333297729492,3.3299999237060547,2.880000114440918,3.309999942779541,4.260000228881836
-80.141111,36.127739,0,-2,1,2017,13,287,0.574611485004425,0.0,0,0,0,1,0,0,0,0.3819,0.23270000000000002,1.800000011920929,58.79999965429306,73.29999941587448,141.80000045895576,142.6000004708767,524.8999956548214,1184.7999982237816,0.36142855882644653,0.3986666798591614,0.629111111164093,21.14285659790039,26.600000381469727,32.77777862548828,15.556666374206543,14.397777557373047,280.1714172363281,282.7066650390625,288.00445556640625,41.92333221435547,36.844444274902344,0.7200000286102295,1.1299999952316284,2.4100000858306885,2.299999952316284
-80.974523,35.528649,0,-2,9,2018,245,252,4.846774578094482,0.0,0,0,0,0,0,0,1,0.6637000000000001,0.3771,13.099999964237213,19.400000154972076,74.60000091791153,244.40000277757645,298.80000349879265,663.200002014637,1060.3999971151352,1.1471428871154785,1.0429999828338623,1.0981111526489258,19.0,17.16666603088379,22.64444351196289,17.889999389648438,16.65333366394043,306.5714111328125,304.7466735839844,304.77667236328125,46.62666702270508,47.05555725097656,-1.0199999809265137,-1.7599999904632568,-1.340000033378601,-2.380000114440918
-77.407033,34.812517,0,-2,7,2018,204,11,2.596583843231201,0.03,1,0,0,0,0,0,0,0.6695,0.4254,122.49999785423279,127.19999766349792,207.59999668598175,447.2999927997589,544.9999916553497,911.3999911248684,1643.2999929189682,0.6814285516738892,0.8913333415985107,0.9484444260597229,15.285714149475098,17.133333206176758,19.433332443237305,17.72333335876465,17.149999618530273,303.5428466796875,305.07000732421875,303.3011169433594,52.293331146240234,50.01333236694336,3.6500000953674316,3.6500000953674316,2.009999990463257,2.069999933242798
-79.478467,35.108862,0,-2,3,2016,63,123,2.5820813179016113,0.0,1,0,0,0,0,0,0,0.5798,0.2741,6.900000095367432,33.200000047683716,125.19999676942825,178.1999969482422,338.8222852945328,813.317903727293,1398.451068520546,0.6485714316368103,0.5293333530426025,0.4721564054489136,27.571428298950195,25.53333282470703,21.358434677124023,15.726666450500488,16.811405181884766,289.4571533203125,286.2699890136719,287.1180419921875,39.56333541870117,44.59004211425781,2.880000114440918,2.859999895095825,2.0399999618530273,-0.7099999785423279
-82.540604,34.310364,0,-2,8,2018,228,229,0.22318235039710999,0.03,0,0,0,1,0,0,0,0.7228,0.44480000000000003,0.0,19.59999966621399,153.3000024855137,262.3000042140484,418.50000512599945,706.8000029921532,1254.3999989330769,1.0399999618530273,0.9470000267028809,1.0354444980621338,20.14285659790039,15.033333778381348,18.311111450195312,18.553333282470703,17.366666793823242,305.0857238769531,304.3999938964844,304.31109619140625,50.540000915527344,49.56111145019531,1.350000023841858,-0.5400000214576721,-1.5299999713897705,-1.9600000381469727
-89.70183598,31.82048262,0,-2,1,2019,5,139,0.7624152898788452,0.03,0,0,0,1,0,0,0,0.4837,0.24130000000000001,78.39999949932098,246.3000032901764,330.0000037550926,482.8000042140484,580.7000037133694,919.5000060200691,1845.9999986886978,0.2257142812013626,0.3413333296775818,0.5043333172798157,4.4285712242126465,11.366666793823242,15.38888931274414,20.780000686645508,19.453332901000977,287.6714172363281,287.9266662597656,291.3477783203125,59.720001220703125,52.936668395996094,2.1700000762939453,1.7200000286102295,1.5700000524520874,1.3300000429153442
-81.184471,34.418999,0,-2,1,2017,6,161,0.2038523405790329,0.0,0,0,0,0,0,0,1,0.5952000000000001,0.2751,87.89999997615814,99.10000017285347,125.8000006377697,197.80000159144402,197.80000159144402,559.9000059962273,1119.0999988913536,0.25,0.414000004529953,0.6587777733802795,10.714285850524902,19.799999237060547,26.488889694213867,18.213333129882812,16.719999313354492,285.6000061035156,286.3699951171875,291.4022216796875,48.29666519165039,39.864444732666016,-1.9900000095367432,-1.8200000524520874,0.6600000262260437,2.140000104904175
-83.29011667,30.71143889,0,-2,9,2018,271,63,0.15978950262069702,0.09,0,0,0,0,0,0,1,0.7324,0.4375,1.5,9.999999940395355,46.50000023841858,263.7000024318695,539.3000012636185,926.0000019669533,1282.9000048339367,1.0957143306732178,1.1263333559036255,1.027333378791809,23.0,17.933332443237305,13.399999618530273,17.523332595825195,18.585556030273438,306.24285888671875,306.14666748046875,305.7789001464844,48.01000213623047,50.21444320678711,2.549999952316284,2.569999933242798,-0.9700000286102295,-1.9900000095367432
-80.732613,34.75087,0,-2,3,2018,63,173,0.14641772210597992,0.06,0,0,0,0,0,0,1,0.5492,0.2677,30.000000715255737,33.50000071525574,97.69999966025352,193.39999786019325,276.8999993503094,421.00000005960464,1066.4000017940998,0.6285713911056519,0.621999979019165,0.4950000047683716,24.0,22.733333587646484,26.83333396911621,16.829999923706055,16.04888916015625,290.3714294433594,291.9100036621094,286.9599914550781,43.37666702270508,38.526668548583984,-2.450000047683716,-2.9600000381469727,-2.509999990463257,-1.659999966621399
-82.325471,35.429207,0,-2,2,2016,54,707,0.12766417860984802,0.0,0,0,0,0,0,0,1,0.42910000000000004,0.18960000000000002,47.900000005960464,72.99999991059303,163.1999998986721,315.108344823122,526.2566357553005,1220.3838747441769,1805.457960575819,0.26999998092651367,0.3100000023841858,0.359529584646225,17.14285659790039,20.53333282470703,17.16011619567871,17.016666412353516,17.6909236907959,285.8285827636719,282.1766662597656,284.1518249511719,47.27000045776367,45.50782012939453,3.640000104904175,3.799999952316284,2.609999895095825,-1.7000000476837158
-89.36666667,30.99611111,0,-2,3,2019,83,88,0.44412341713905334,0.03,1,0,0,0,0,0,0,0.6935,0.388,0.0,14.900000154972076,91.20000070333481,203.7000028192997,512.8000042438507,905.8000066876411,1867.9000108540058,0.9385714530944824,0.6846666932106018,0.5794444680213928,40.0,26.03333282470703,21.4777774810791,15.276666641235352,16.450000762939453,295.1428527832031,293.97332763671875,292.118896484375,43.99333190917969,48.19333267211914,3.619999885559082,3.990000009536743,3.4100000858306885,2.5899999141693115
-86.961,34.25,0,-2,3,2016,78,275,0.0471472330391407,0.09486832980505139,1,0,0,0,0,0,0,0.5976,0.387,26.399999380111694,60.900000154972076,135.00000068545341,360.8999995291233,679.0564863085747,1013.0851016938686,1797.035223454237,1.0985714197158813,0.7136666774749756,0.49667415022850037,20.14285659790039,18.16666603088379,16.45163345336914,17.476667404174805,17.76011848449707,297.5714416503906,292.5966796875,287.6539001464844,44.573333740234375,46.25569152832031,1.840000033378601,1.9299999475479126,0.019999999552965164,0.6700000166893005
-82.4385,30.738833,0,-2,6,2018,159,38,0.0,0.042426406871192854,0,0,0,0,0,0,1,0.6965,0.3891,15.40000057220459,67.10000085830688,237.40000200271606,314.6000006198883,382.500001758337,540.2000013291836,1395.4000013172626,1.1428571939468384,1.0453333854675293,0.9883333444595337,19.14285659790039,18.66666603088379,26.91111183166504,17.98666763305664,16.072221755981445,305.6285705566406,304.0233459472656,300.2833251953125,50.223331451416016,42.92444610595703,0.9900000095367432,-0.7599999904632568,0.9800000190734863,1.840000033378601
-87.751733,35.97925,0,-2,3,2016,77,145,0.009248966351151466,0.0,1,0,0,0,0,0,0,0.46900000000000003,0.26180000000000003,24.200000047683716,71.59999871253967,143.29999700188637,266.6999984383583,409.9000589251518,745.985527485609,1440.6343437731266,0.8914285898208618,0.6243333220481873,0.4404428005218506,18.428571701049805,18.66666603088379,17.429176330566406,17.226667404174805,17.630401611328125,295.4285583496094,290.5633239746094,285.3802490234375,43.869998931884766,44.621665954589844,0.7900000214576721,0.8399999737739563,0.05000000074505806,1.340000033378601
-89.96117459,31.23981016,0,-2,4,2016,101,118,0.10281037539243698,0.042426406871192854,0,0,0,1,0,0,0,0.8472000000000001,0.5053,0.0,48.69999980926514,141.80000019073486,490.90000480413437,627.500005543232,1119.4337408542633,1781.5565651357174,1.0328571796417236,0.8213333487510681,0.6826666593551636,29.14285659790039,22.100000381469727,21.822221755981445,16.523332595825195,16.85333251953125,299.71429443359375,297.4866638183594,294.2099914550781,44.50666809082031,43.93000030517578,1.4900000095367432,-1.5099999904632568,-1.5700000524520874,-2.7100000381469727
-79.22535,36.12411,0,-2,5,2018,148,211,1.214050054550171,0.03,1,0,0,0,0,0,0,0.8447,0.4798,18.799999713897705,112.9000016450882,155.80000203847885,263.1000030040741,380.5000035762787,581.0000027418137,1101.200004786253,0.831428587436676,1.0143333673477173,0.7749999761581421,20.0,25.766666412353516,27.733333587646484,15.680000305175781,14.70111083984375,301.1856994628906,300.6700134277344,293.11334228515625,45.63999938964844,40.68333435058594,-1.4700000286102295,-1.850000023841858,-2.069999933242798,0.8100000023841858
-80.100908,35.101004,0,-2,2,2017,51,91,1.0557758808135986,0.03,0,0,0,0,0,0,1,0.5774,0.3025,14.600000202655792,30.600000321865082,43.00000011920929,168.6000010073185,235.80000093579292,543.7000031173229,1080.6000027358532,0.8242857456207275,0.718666672706604,0.5494444370269775,33.71428680419922,24.633333206176758,21.744443893432617,15.683333396911621,17.054445266723633,292.3999938964844,290.9866638183594,288.5244445800781,32.310001373291016,41.54666519165039,-1.600000023841858,-1.409999966621399,-1.1200000047683716,0.6800000071525574
-86.9637,30.5908,0,-2,2,2019,50,22,2.7153165340423584,0.0,0,0,1,0,0,0,0,0.6384000000000001,0.3249,6.200000107288361,12.800000011920929,60.20000085234642,210.70000264048576,531.40000680089,1135.3000057339668,2149.7000039815903,0.6157143115997314,0.5580000281333923,0.5069999694824219,33.85714340209961,28.433332443237305,19.72222137451172,14.220000267028809,17.005556106567383,293.0714416503906,290.9333190917969,290.5010986328125,47.47999954223633,50.266666412353516,4.710000038146973,5.570000171661377,3.630000114440918,2.140000104904175
-78.86375,34.978618,0,-2,6,2017,178,49,0.025202859193086624,0.09486832980505139,0,0,1,0,0,0,0,0.6863,0.518,40.600000858306885,108.60000076889992,131.4000013768673,246.69999954104424,379.699998408556,542.6999979317188,1611.499996483326,1.218571424484253,1.253333330154419,1.2230000495910645,20.14285659790039,26.700000762939453,31.255556106567383,15.443333625793457,14.168889045715332,304.3428649902344,304.11334228515625,301.5666809082031,44.439998626708984,41.10555648803711,2.180000066757202,2.259999990463257,2.6500000953674316,4.920000076293945
-80.796806,34.184608,0,-2,3,2016,81,106,0.34638234972953796,0.03,0,0,0,0,0,0,1,0.5361,0.2964,2.799999952316284,6.299999952316284,47.200000524520874,116.799999833107,205.16252011060715,1019.3652963340282,1551.0003479719162,1.2385714054107666,0.8899999856948853,0.6157444715499878,35.42856979370117,30.200000762939453,24.228872299194336,15.103333473205566,15.904053688049316,296.528564453125,294.3733215332031,289.4847106933594,37.313331604003906,41.45155715942383,3.9800000190734863,4.670000076293945,4.960000038146973,-1.4800000190734863
-85.450933,35.315517,0,-2,3,2016,62,414,0.030297527089715004,0.0,0,0,0,0,0,0,1,0.4561,0.2194,8.500000178813934,88.70000046491623,246.5999974012375,350.8999984264374,586.268090903759,1036.543899834156,1952.3891156613827,0.47857141494750977,0.3610000014305115,0.3201863765716553,9.428571701049805,13.366666793823242,13.779923439025879,18.360000610351562,18.628204345703125,285.6142883300781,282.836669921875,283.2438659667969,50.586666107177734,53.69142150878906,2.0199999809265137,1.9199999570846558,1.0,0.8600000143051147
-77.245024,35.247188,0,-2,2,2016,36,18,0.09244498610496521,0.09486832980505139,0,0,0,0,0,1,0,0.4058,0.1165,114.70000076293945,119.90000057220459,199.49999877810478,288.5060623586178,447.6816590130329,953.3156169056892,1714.748502343893,0.6471428275108337,0.5073333382606506,0.5537607669830322,19.428571701049805,25.266666412353516,20.352121353149414,15.553333282470703,17.0839900970459,292.5857238769531,286.64666748046875,290.244873046875,46.22999954223633,47.88291931152344,3.700000047683716,3.690000057220459,2.7200000286102295,2.5999999046325684
-81.8457,27.2748,0,-2,6,2019,179,20,0.030900098383426666,0.09,0,0,0,0,0,1,0,0.7336,0.5794,10.20000022649765,55.39999985694885,165.8999968469143,235.59999823570251,291.59999907016754,526.600003361702,1379.1000013947487,1.4628571271896362,1.190666675567627,1.1572222709655762,22.85714340209961,21.5,24.955554962158203,17.043333053588867,16.53333282470703,308.71429443359375,307.0333251953125,305.22332763671875,46.75,43.975555419921875,1.7699999809265137,2.430000066757202,2.740000009536743,2.0899999141693115
-86.038,32.966,0,-2,7,2019,201,243,0.02359071746468544,0.09,0,1,0,0,0,0,0,0.8313,0.6465000000000001,65.70000123977661,76.30000168085098,111.80000147223473,268.90000319480896,353.90000343322754,816.1000036299229,1732.4999981224537,0.9585714340209961,1.0573333501815796,0.9787777662277222,19.571428298950195,21.53333282470703,21.77777862548828,16.77666664123535,17.012222290039062,305.4571533203125,305.7200012207031,303.6877746582031,50.866668701171875,49.42000198364258,2.4200000762939453,2.619999885559082,2.8499999046325684,3.4000000953674316
-82.036,35.65775,0,-2,3,2017,71,493,2.9438631534576416,0.03,0,0,0,0,0,0,1,0.4837,0.2137,12.5,30.49999976158142,36.29999974370003,96.69999915361404,154.39999744296074,322.6999977827072,943.9999975264072,0.7485714554786682,0.7573333382606506,0.5621110796928406,32.57143020629883,35.20000076293945,26.55555534362793,12.393333435058594,15.54444408416748,289.3857116699219,290.8299865722656,287.2833251953125,30.31999969482422,38.648887634277344,-3.4200000762939453,-2.8299999237060547,-2.569999933242798,1.2599999904632568
-82.92619167,33.33235278,0,-2,9,2017,243,174,0.003712040837854147,0.15,1,0,0,0,0,0,0,0.7963,0.4248,26.09999942779541,27.199999451637268,164.2999978363514,246.49999824166298,374.3999967575073,690.499998152256,1171.5999938845634,0.7414286136627197,0.9020000100135803,1.0024445056915283,23.285715103149414,21.100000381469727,21.511110305786133,17.233333587646484,16.905555725097656,300.8428649902344,303.4800109863281,303.9633483886719,52.186668395996094,49.31888961791992,1.3600000143051147,-1.059999942779541,-2.2200000286102295,-2.119999885559082
-86.498,32.5,0,-2,2,2016,54,114,0.4516274929046631,0.08485281374238571,1,0,0,0,0,0,0,0.5214,0.2997,78.2999977171421,120.3999961912632,178.79999515414238,360.5654290318489,567.4720547199249,887.821045935154,1661.8116084635258,0.6485714316368103,0.5983333587646484,0.5097077488899231,18.0,19.600000381469727,18.610519409179688,16.983333587646484,17.673070907592773,293.9285888671875,290.6199951171875,289.9593505859375,43.8033332824707,47.46196746826172,1.9900000095367432,1.5299999713897705,-0.699999988079071,-1.059999942779541
-81.2159,29.5523,0,-2,3,2016,90,14,0.0,0.03,1,0,0,0,0,0,0,0.5612,0.38330000000000003,50.39999997615814,77.89999961853027,84.49999952316284,152.30000042915344,286.3999996781349,368.70723074674606,1074.9984508156776,0.9328571557998657,0.968666672706604,0.745555579662323,26.714284896850586,32.900001525878906,28.266666412353516,14.366666793823242,15.326666831970215,300.24285888671875,298.84332275390625,294.2466735839844,43.57666778564453,44.171112060546875,-2.5,-2.25,-2.8299999237060547,-1.3300000429153442
-81.819947,35.769357,0,-2,12,2018,336,384,1.000162124633789,0.0,1,0,0,0,0,0,0,0.6492,0.2454,16.5,57.29999852180481,187.4999953508377,422.3999904990196,640.0999917685986,1160.8999941945076,2097.0999947190285,0.34857141971588135,0.3643333315849304,0.5668888688087463,16.85714340209961,12.433333396911621,11.300000190734863,19.03333282470703,19.342222213745117,284.6714172363281,285.7366638183594,293.96331787109375,49.12666702270508,52.72444534301758,7.300000190734863,6.71999979019165,5.360000133514404,3.7200000286102295
-81.179241,35.485936,0,-2,3,2019,78,287,2.411785125732422,0.0,1,0,0,0,0,0,0,0.5451,0.2591,7.700000047683716,23.000000417232513,169.3000026345253,281.0000017285347,446.40000382065773,949.7999997735023,1788.3000021576881,0.6642857193946838,0.49166667461395264,0.4472222328186035,26.0,17.766666412353516,16.866666793823242,16.866666793823242,17.314443588256836,289.4571533203125,286.42333984375,285.79443359375,44.810001373291016,43.885555267333984,5.909999847412109,5.130000114440918,4.440000057220459,1.4700000286102295
-81.239892,35.603038,0,-2,10,2016,290,248,0.424524188041687,0.03,0,0,0,0,0,0,1,0.7049000000000001,0.45430000000000004,0.0,20.300000071525574,119.50000074505806,152.60000064969063,243.50000083446503,613.2999981939793,1301.317753314972,0.6614285707473755,0.8610000014305115,1.099666714668274,25.714284896850586,24.066667556762695,24.544445037841797,17.399999618530273,16.545555114746094,295.77142333984375,299.2866516113281,303.2166748046875,46.81999969482422,45.483333587646484,-1.3700000047683716,-1.2599999904632568,1.2699999809265137,1.649999976158142
-81.820518,34.285168,0,-2,2,2016,31,166,0.37318000197410583,0.042426406871192854,0,0,0,0,0,0,1,0.6779000000000001,0.3589,1.100000023841858,28.699999451637268,61.29999855160713,357.22253480553627,464.4746415913105,1127.8276646733284,1631.8968020677567,0.4457142949104309,0.4073333442211151,0.45867037773132324,25.14285659790039,20.733333587646484,15.146954536437988,15.676666259765625,18.348651885986328,288.3428649902344,283.989990234375,289.0941467285156,38.84333419799805,45.74618148803711,5.349999904632568,4.190000057220459,2.4800000190734863,-0.07000000029802322
-78.857436,35.986511,0,-2,3,2016,80,120,4.644121170043945,0.0,1,0,0,0,0,0,0,0.33030000000000004,0.1623,44.49999916553497,69.39999878406525,116.79999905824661,229.19999849796295,407.3724269270897,871.4754728972912,1335.470236927271,1.1128571033477783,0.7943333387374878,0.5288927555084229,29.285715103149414,30.700000762939453,25.227807998657227,14.65333366394043,15.556543350219727,294.4285583496094,291.8599853515625,286.6241149902344,39.973331451416016,43.260494232177734,3.0899999141693115,3.390000104904175,1.6799999475479126,-1.659999966621399
-80.430168,35.229952,0,-2,7,2016,202,179,0.7767701148986816,0.0,0,0,0,0,0,0,1,0.5870000000000001,0.377,51.100000858306885,69.20000040531158,95.69999980926514,128.6999998986721,291.4000019133091,428.40000277757645,1378.3253902196884,1.221428632736206,1.2923333644866943,1.156000018119812,21.571428298950195,25.96666717529297,27.0,15.983333587646484,15.606666564941406,306.4142761230469,306.39666748046875,302.9577941894531,43.1966667175293,42.898887634277344,0.8299999833106995,1.6200000047683716,2.059999942779541,4.130000114440918
-80.814484,33.583591,0,-2,3,2016,78,113,0.24628770351409912,0.0,0,0,0,0,0,0,1,0.6473,0.2776,0.30000001192092896,0.30000001192092896,53.79999965429306,181.19999879598618,269.0807838141918,944.5191146433353,1421.740779966116,1.427142858505249,0.8723333477973938,0.642116367816925,37.85714340209961,31.53333282470703,26.695032119750977,14.766666412353516,15.411760330200195,301.24285888671875,294.913330078125,290.2716979980469,36.459999084472656,41.176002502441406,3.5799999237060547,3.25,3.7699999809265137,-1.7300000190734863
-82.679764,35.268175,0,-2,11,2016,319,671,5.615104675292969,0.0,0,0,0,0,0,0,1,0.5151,0.2666,0.0,0.0,0.0,36.90000003576279,195.7999969124794,674.2000011503696,1542.926801621914,0.7400000095367432,0.8703333139419556,0.8094444274902344,35.57143020629883,30.200000762939453,20.433332443237305,16.113332748413086,17.711111068725586,290.1142883300781,294.9466552734375,298.1744384765625,30.6299991607666,42.16222381591797,-2.0,-1.2200000286102295,-1.25,1.2100000381469727
-89.74861111,31.05583333,0,-2,1,2017,3,41,0.1433604508638382,0.042426406871192854,0,0,0,0,0,0,0,0.5529000000000001,0.1867,149.2000008225441,149.2000008225441,256.89999920129776,352.59999883174896,358.59999907016754,1069.0000041127205,2176.9000146090984,0.6385714411735535,0.531333327293396,0.7963333129882812,12.571428298950195,16.233333587646484,23.322221755981445,18.8266658782959,17.634445190429688,293.9285583496094,292.086669921875,296.51666259765625,51.866668701171875,42.5966682434082,1.600000023841858,1.7599999904632568,3.0999999046325684,1.6100000143051147
-81.953206,35.482223,0,-2,4,2018,91,292,0.13390272855758667,0.0,0,0,0,0,0,0,1,0.6026,0.3078,2.299999952316284,42.700000166893005,77.20000004768372,244.5000010728836,341.7999997437,642.3999996483326,1482.5999987125397,0.7771428227424622,0.6653333306312561,0.5350000262260437,30.571428298950195,26.5,24.655555725097656,13.559999465942383,15.508889198303223,292.8857116699219,288.4700012207031,286.88555908203125,35.91999816894531,38.20000076293945,-0.699999988079071,-0.8999999761581421,-1.350000023841858,-1.5800000429153442
-81.6204,28.6981,0,-2,7,2016,187,16,0.0,0.0670820393249937,0,0,0,0,1,0,0,0.7013,0.439,25.69999933242798,79.19999933242798,167.4999998807907,253.30000004172325,315.8999993801117,621.7000035941601,1260.0547652840614,1.149999976158142,1.152333378791809,1.1961110830307007,19.714284896850586,22.66666603088379,28.933332443237305,16.940000534057617,15.385555267333984,306.9285583496094,306.21331787109375,304.3999938964844,50.08333206176758,45.377777099609375,-1.190000057220459,-0.8600000143051147,-0.9100000262260437,-1.909999966621399
-76.396188,34.889298,0,-2,6,2018,179,8,3.0003879070281982,0.03,0,0,0,0,1,0,0,0.6682,0.4161,9.900000095367432,119.00000071525574,237.10000014305115,408.3000018596649,539.0000032186508,845.7000063359737,1720.1000047922134,1.085714340209961,0.9753333330154419,0.8781111240386963,13.285714149475098,14.033333778381348,21.877777099609375,18.170000076293945,16.51555633544922,304.9857177734375,303.8066711425781,299.2322082519531,55.2066650390625,50.75444412231445,2.880000114440918,1.600000023841858,0.8700000047683716,1.5800000429153442
-85.40216667,34.42997222,0,-2,4,2016,109,214,0.029733799397945404,0.0,0,0,0,1,0,0,0,0.6097,0.41800000000000004,18.099999248981476,45.80000001192093,115.00000017881393,282.00000101327896,435.99999940395355,981.6341856718063,1503.663972914219,0.8728571534156799,0.6786666512489319,0.589555561542511,21.85714340209961,20.899999618530273,16.933332443237305,17.053333282470703,18.01444435119629,296.25714111328125,293.63665771484375,290.4655456542969,42.336666107177734,43.66777801513672,1.4199999570846558,1.9800000190734863,2.25,-2.009999990463257
-85.4394,30.5098,0,-2,4,2018,110,63,0.7097134590148926,0.03,0,0,0,1,0,0,0,0.7223,0.4353,45.40000081062317,63.90000081062317,105.90000048279762,196.60000124573708,540.0999975502491,659.5999990999699,1938.1999972760677,1.104285717010498,0.9616666436195374,0.8799999952316284,26.85714340209961,27.133333206176758,25.96666717529297,15.643333435058594,16.144445419311523,299.27142333984375,297.9966735839844,296.58221435546875,38.43333435058594,38.53666687011719,-0.9300000071525574,-0.8999999761581421,-1.4199999570846558,2.0299999713897705
-85.16277778,34.45638889,0,-2,2,2016,59,326,0.026092439889907837,0.3313608305156179,1,0,0,0,0,0,0,0.4834,0.24550000000000002,78.70000171661377,127.80000114440918,169.400000333786,256.099999666214,582.3637235760689,969.2409164011478,1521.877591431141,0.5071428418159485,0.49300000071525574,0.4131372570991516,13.571428298950195,17.766666412353516,16.215227127075195,17.296667098999023,18.109455108642578,287.8571472167969,286.66998291015625,286.2802734375,43.4466667175293,47.959007263183594,2.240000009536743,2.369999885559082,-0.9900000095367432,-2.2799999713897705
-81.57125,32.19736111,0,-2,2,2016,46,29,0.12632101774215698,0.0670820393249937,0,0,0,0,1,0,0,0.733,0.3956,8.600000381469727,155.0000023841858,185.10000228881836,252.21945601701736,312.7443637251854,610.7827877104282,1220.3522624075413,0.47857141494750977,0.5413333177566528,0.5778818726539612,34.71428680419922,25.53333282470703,22.398937225341797,16.106666564941406,16.9843692779541,286.8571472167969,288.82666015625,291.9157409667969,40.97666549682617,45.48887252807617,-1.2400000095367432,-1.2300000190734863,-0.9700000286102295,-0.07000000029802322
-86.883,34.088,0,-2,8,2018,225,198,0.1324285864830017,0.03,0,0,1,0,0,0,0,0.8280000000000001,0.47600000000000003,12.200000286102295,37.70000010728836,65.7000002861023,316.19999700784683,402.69999849796295,858.4999969005585,1541.2999934852123,1.0542857646942139,1.0206665992736816,0.949222207069397,22.571428298950195,20.96666717529297,18.799999237060547,16.860000610351562,17.481111526489258,305.20001220703125,304.3066711425781,303.8988952636719,49.57666778564453,52.197776794433594,1.9700000286102295,1.8799999952316284,1.6799999475479126,1.0199999809265137
-93.5042,30.5292,0,-2,6,2019,162,34,0.0012800904223695397,0.09486832980505139,1,0,0,0,0,0,0,0.8334,0.39940000000000003,50.900001525878906,94.20000088214874,167.10000050067902,408.40000265836716,482.50000244379044,830.7999996840954,1809.1999951303005,0.8428571224212646,0.9053333401679993,0.7708888649940491,19.85714340209961,19.633333206176758,22.455554962158203,17.44333267211914,17.134445190429688,304.4428405761719,304.3333435058594,299.82000732421875,52.893333435058594,50.655555725097656,2.190000057220459,1.6299999952316284,2.0399999618530273,2.009999990463257
-82.0753,27.0368,0,-2,2,2017,33,8,0.0,0.0,0,0,0,0,0,0,1,0.5981000000000001,0.3161,5.799999952316284,15.100000143051147,28.50000023841858,35.30000025033951,35.30000025033951,928.6999933719635,1831.5999899208546,0.7814285755157471,0.8263333439826965,0.882777750492096,24.571428298950195,23.200000762939453,24.700000762939453,17.363332748413086,17.714445114135742,294.9571228027344,297.9466552734375,299.663330078125,43.393333435058594,44.31999969482422,1.6299999952316284,2.5199999809265137,4.300000190734863,2.0899999141693115
-83.654739,35.303865,0,-2,2,2019,50,597,0.020439598709344864,0.042426406871192854,1,0,0,0,0,0,0,0.5068,0.25520000000000004,86.20000004768372,159.0999994277954,206.49999856948853,466.0999994277954,734.2999972105026,1155.1999971568584,2232.399995416403,0.29571428894996643,0.29233333468437195,0.25511109828948975,15.285714149475098,18.566667556762695,12.722222328186035,16.16666603088379,18.246665954589844,282.028564453125,281.1700134277344,280.5522155761719,46.753334045410156,52.268890380859375,2.2300000190734863,2.369999885559082,1.5299999713897705,1.5099999904632568
-80.8347,27.7406,0,-2,3,2016,67,20,5.462418193928897E-4,1.135649593844862,1,0,0,0,0,0,0,0.6765,0.3183,0.0,16.200000286102295,35.09999990463257,229.19999933242798,307.45413595438004,708.9753900766373,1488.2114341557026,0.8657143115997314,0.6790000200271606,0.7388641834259033,30.14285659790039,25.16666603088379,21.366260528564453,15.876667022705078,17.293739318847656,298.6000061035156,295.8699951171875,296.7735290527344,41.17333221435547,47.59634017944336,2.109999895095825,1.3300000429153442,-1.2200000286102295,-1.3600000143051147
-85.8472,36.107583,0,-2,12,2016,336,168,0.0,0.1341640786499874,0,0,0,1,0,0,0,0.4179,0.2131,77.40000033378601,83.80000013113022,83.80000013113022,102.50000089406967,172.30000299215317,543.0000033974648,1068.7212843000889,0.46714285016059875,0.753333330154419,0.9991111159324646,23.571428298950195,30.96666717529297,29.44444465637207,16.299999237060547,16.188888549804688,288.22857666015625,291.6266784667969,298.0755615234375,33.366668701171875,36.91555404663086,-3.0299999713897705,-2.069999933242798,-1.0099999904632568,-1.6399999856948853
-88.095,31.144,0,-2,3,2018,84,48,0.0,0.39458839313897714,1,0,0,0,0,0,0,0.4243,0.2349,0.0,21.700000047683716,99.00000238418579,204.60000249743462,252.40000221133232,650.0999964773655,1926.199990838766,0.8600000143051147,0.793666660785675,0.6570000052452087,32.42856979370117,28.299999237060547,25.688888549804688,15.006667137145996,15.816666603088379,296.31427001953125,295.3033447265625,291.6077880859375,38.54666519165039,40.38444519042969,1.2200000286102295,1.7400000095367432,2.930000066757202,2.7300000190734863
-81.3907,27.8797,0,-2,6,2018,151,22,0.0919123962521553,0.0670820393249937,0,0,0,1,0,0,0,0.5920000000000001,0.42050000000000004,67.0000011920929,120.50000202655792,247.1000019311905,334.70000249147415,357.6000026464462,436.20000341534615,1631.1999969482422,0.8828571438789368,1.1143333911895752,1.2059999704360962,11.0,21.866666793823242,31.344444274902344,17.280000686645508,14.894444465637207,302.9428405761719,302.92999267578125,301.63665771484375,47.90999984741211,37.67333221435547,-1.8799999952316284,-2.5399999618530273,-1.9500000476837158,-1.4299999475479126
-81.6672,26.5676,0,-2,2,2018,50,12,4.2748823165893555,0.0,0,0,0,0,0,0,1,0.4955,0.2546,2.0,3.0,44.29999911785126,53.19999900460243,99.90000048279762,969.8999979197979,2177.0000030994415,1.1614285707473755,0.9866666793823242,0.8333333134651184,29.428571701049805,28.03333282470703,26.255556106567383,16.27666664123535,17.17888832092285,302.4142761230469,300.3233337402344,298.4266662597656,43.15666580200195,44.68111038208008,3.0999999046325684,3.8299999237060547,5.179999828338623,2.5299999713897705
-84.939967,35.5653,0,-2,8,2016,230,288,0.15246346592903137,0.1341640786499874,1,0,0,0,0,0,0,0.8744000000000001,0.6012000000000001,1.5000000298023224,57.79999828338623,116.19999879598618,208.89999836683273,270.2999990582466,541.4999947249889,1535.4050697088242,1.2214285135269165,1.1473333835601807,1.0401110649108887,23.14285659790039,17.399999618530273,19.799999237060547,17.3266658782959,17.163333892822266,306.9285583496094,306.5400085449219,305.1433410644531,49.71666717529297,49.364444732666016,-1.9500000476837158,-1.940000057220459,0.5799999833106995,1.75
-92.715,31.4414,0,-2,10,2016,289,47,0.007867050357162952,0.06,0,0,0,0,1,0,0,0.7581,0.38720000000000004,0.0,0.0,0.4000000059604645,109.60000249743462,348.20000290870667,742.7999989688396,1855.0718799233437,0.7400000095367432,0.9236666560173035,0.8641111254692078,32.0,28.100000381469727,19.05555534362793,16.010000228881836,17.891111373901367,301.3714294433594,302.5466613769531,304.3788757324219,46.540000915527344,53.20000076293945,2.430000066757202,2.9700000286102295,0.8999999761581421,1.0
-80.484906,35.418449,0,-2,10,2016,290,210,4.724852085113525,0.06,0,0,0,0,0,0,1,0.7365,0.4002,0.0,85.40000075101852,197.39999914169312,264.4999985694885,359.7999991774559,780.6999990940094,1452.1543333530426,0.6571428179740906,0.7979999780654907,1.1100000143051147,21.0,19.399999618530273,21.655555725097656,18.323333740234375,17.102222442626953,296.3571472167969,299.39666748046875,303.760009765625,48.133331298828125,44.885555267333984,-1.2999999523162842,-1.4800000190734863,1.2699999809265137,2.0
-81.006805,34.067238,0,-2,9,2018,261,83,1.1651195287704468,0.03,0,0,0,0,0,0,1,0.664,0.40340000000000004,100.19999957084656,118.49999976158142,122.79999965429306,274.7999976873398,401.99999979138374,686.9000015854836,1038.7999983727932,1.0842857360839844,1.3773332834243774,1.3475555181503296,15.285714149475098,23.233333587646484,22.38888931274414,16.799999237060547,16.628889083862305,303.81427001953125,306.3699951171875,306.4377746582031,43.246665954589844,43.511112213134766,-1.9500000476837158,-1.690000057220459,-2.2200000286102295,-2.4100000858306885
-82.90075278,32.50000278,0,-2,3,2017,83,73,0.8215782046318054,0.03,1,0,0,0,0,0,0,0.6056,0.33180000000000004,0.0,15.90000057220459,27.700000643730164,70.79999959468842,300.19999742507935,453.3999997675419,1011.8000019788742,1.0542857646942139,0.8289999961853027,0.7036666870117188,39.42856979370117,33.5,24.4777774810791,14.460000038146973,16.553333282470703,297.3714294433594,294.3166809082031,293.3844299316406,35.209999084472656,40.571109771728516,-1.9800000190734863,-1.4500000476837158,-2.5299999713897705,-1.2200000286102295
-84.3985,32.54297222,0,-2,1,2017,2,215,0.13705822825431824,0.0,0,0,0,0,0,0,1,0.47590000000000005,0.21710000000000002,201.39999651908875,202.89999651908875,337.29999366402626,388.09999337792397,388.09999337792397,635.4999932944775,1260.7999967336655,0.6485714316368103,0.5,0.9309999942779541,14.0,22.366666793823242,40.57777786254883,18.23666763305664,13.735555648803711,290.9857177734375,289.9200134277344,295.3944396972656,49.53666687011719,34.268890380859375,-3.1700000762939453,-3.390000104904175,-1.4800000190734863,1.1699999570846558
-79.56657,35.197392,0,-2,9,2018,266,156,0.013823424465954304,0.08485281374238571,1,0,0,0,0,0,0,0.7296,0.4315,7.5,374.7000081539154,394.50000858306885,588.0000048875809,738.0000064969063,1081.6000081300735,1563.50000628829,0.8485714197158813,0.9660000205039978,1.0606666803359985,10.714285850524902,13.399999618530273,16.177778244018555,19.139999389648438,18.23666763305664,303.6285705566406,304.3133239746094,304.6222229003906,52.15333557128906,49.02777862548828,2.640000104904175,1.6399999856948853,-1.0099999904632568,-2.309999942779541
-81.92788889,31.14219444,0,-2,10,2019,291,27,0.4057137966156006,0.03,0,0,0,0,0,0,1,0.6994,0.3446,50.00000125169754,77.90000087022781,85.10000085830688,119.70000040531158,344.50000125169754,650.0999975204468,1320.8999938368797,0.9128571152687073,1.159000039100647,1.147444486618042,19.0,25.600000381469727,21.64444351196289,16.956666946411133,17.176666259765625,300.4285583496094,303.5966796875,305.1122131347656,42.563331604003906,46.43000030517578,-2.059999942779541,1.1100000143051147,1.7999999523162842,3.2899999618530273
-78.480864,36.191142,0,-2,3,2019,65,114,0.022553985938429832,0.03,0,0,0,0,0,0,1,0.6253000000000001,0.3304,42.999998450279236,124.2999997138977,194.59999859333038,263.89999783039093,408.5999979674816,831.2999920845032,1592.099992185831,0.2557142972946167,0.43299999833106995,0.40122222900390625,14.857142448425293,17.299999237060547,17.61111068725586,18.296667098999023,17.927778244018555,282.5142822265625,285.6233215332031,284.9311218261719,50.223331451416016,45.01777648925781,4.210000038146973,3.880000114440918,3.0799999237060547,1.5399999618530273
-78.816921,34.782351,0,-2,12,2016,364,41,0.03768433630466461,0.1341640786499874,1,0,0,0,0,0,0,0.5055000000000001,0.2893,18.29999950528145,53.499999314546585,106.70000031590462,119.10000014305115,518.6999926567078,1011.3999841213226,1642.7999823391438,0.5542857050895691,0.5196666717529297,0.7001110911369324,20.0,22.799999237060547,25.4777774810791,17.6733341217041,16.549999237060547,290.8428649902344,287.36334228515625,292.5733337402344,47.23666763305664,42.022220611572266,4.059999942779541,4.420000076293945,1.899999976158142,3.2200000286102295
-82.2942,26.9984,0,-2,6,2017,166,4,0.0,0.18973665961010278,1,0,0,0,0,0,0,0.5880000000000001,0.3084,111.00000095367432,248.10000228881836,312.6000035405159,366.2000021338463,385.90000146627426,514.4000015258789,1569.4000090360641,0.9514285922050476,1.0333333015441895,1.0617778301239014,4.5714287757873535,16.933332443237305,25.72222137451172,18.883333206176758,16.86222267150879,304.528564453125,304.663330078125,302.8444519042969,53.393333435058594,46.79999923706055,-1.850000023841858,-2.5999999046325684,-2.0199999809265137,2.190000057220459
-79.713563,34.877268,0,-2,5,2017,126,99,0.39911752939224243,0.0,0,0,0,0,0,0,1,0.6396000000000001,0.44630000000000003,58.49999916553497,111.39999747276306,115.29999732971191,214.69999593496323,257.69999727606773,459.2999974787235,1425.699997395277,1.0542857646942139,1.125666618347168,0.948888897895813,24.85714340209961,31.33333396911621,31.211111068725586,14.09000015258789,14.175555229187012,299.21429443359375,299.17999267578125,295.4911193847656,40.91666793823242,35.49777603149414,-1.5,-1.5499999523162842,1.409999966621399,2.640000104904175
-85.34053056,33.90375,0,-2,10,2016,278,398,0.0,0.12,0,1,0,0,0,0,0,0.6136,0.35000000000000003,0.0,0.0,7.999999761581421,64.19999983906746,177.1999997496605,432.6999993920326,1388.9726965725422,1.1671428680419922,1.340666651725769,1.2167778015136719,39.71428680419922,36.266666412353516,26.55555534362793,14.050000190734863,15.655555725097656,299.9571533203125,304.0,305.0688781738281,34.76333236694336,41.99555587768555,-2.890000104904175,-2.0399999618530273,-1.6699999570846558,1.600000023841858
-79.180481,33.922043,0,-2,1,2017,17,14,0.19378997385501862,0.0670820393249937,0,0,0,0,0,0,1,0.4409,0.21330000000000002,0.0,14.199999630451202,35.599999368190765,123.89999759197235,154.299997985363,860.1999954879284,1599.6999881267548,0.6071428656578064,0.4790000021457672,0.5675555467605591,20.428571701049805,16.799999237060547,20.58888816833496,18.293333053588867,18.012222290039062,293.05712890625,288.6199951171875,290.69110107421875,47.599998474121094,44.189998626708984,3.4100000858306885,3.640000104904175,3.0899999141693115,3.1500000953674316
-81.223938,34.778641,0,-2,3,2017,65,192,0.00907824095338583,0.042426406871192854,0,0,0,0,0,0,1,0.5151,0.2654,12.100000381469727,13.000000357627869,48.19999969005585,130.59999892115593,219.2999994456768,366.49999806284904,978.4999980330467,0.6742857098579407,0.7643333077430725,0.5796666741371155,32.57143020629883,30.399999618530273,23.866666793823242,14.216666221618652,16.53444480895996,291.1714172363281,292.76666259765625,288.8900146484375,30.020000457763672,38.704444885253906,-2.799999952316284,-2.430000066757202,-2.25,1.0499999523162842
-82.5555,28.477,0,-2,2,2017,49,17,4.691343784332275,0.0,0,0,0,0,0,0,1,0.6591,0.3957,9.300000190734863,26.800000190734863,55.69999945163727,102.59999871253967,116.5999984741211,450.09999781847,1294.800003349781,0.604285717010498,0.6110000014305115,0.6527777910232544,24.428571701049805,20.600000381469727,21.244443893432617,18.553333282470703,18.83222198486328,296.75714111328125,296.3666687011719,297.62445068359375,47.36333465576172,47.063331604003906,-1.7799999713897705,-1.4700000286102295,-0.07999999821186066,-0.8899999856948853
-81.97373056,32.44728333,0,-2,7,2019,192,71,0.0,0.06,0,0,0,0,1,0,0,0.7443000000000001,0.503,54.89999997615814,78.59999960660934,124.89999923110008,233.4999996125698,301.9999994933605,481.80000108480453,1294.100005120039,1.1814285516738892,1.3013333082199097,1.3752222061157227,16.85714340209961,21.0,28.200000762939453,16.8266658782959,15.3100004196167,307.6571350097656,306.8766784667969,305.2355651855469,43.59666442871094,39.727779388427734,-0.9399999976158142,-1.190000057220459,0.6600000262260437,1.9800000190734863
-93.1434,30.8172,0,-2,11,2016,329,52,0.07583530247211456,0.0,0,0,1,0,0,0,0,0.7341000000000001,0.3584,26.300000190734863,26.300000190734863,37.40000021457672,76.60000097751617,120.7000002861023,845.0999966263771,1674.0190187692642,0.6814285516738892,0.8293333053588867,0.9807778000831604,25.85714340209961,26.96666717529297,23.0,17.066667556762695,17.057777404785156,294.79998779296875,298.2733459472656,302.21221923828125,42.380001068115234,45.07777786254883,1.7300000190734863,2.569999933242798,2.700000047683716,1.0
-79.147517,35.014619,0,-2,12,2018,362,79,4.4268341064453125,0.03,0,0,0,0,0,1,0,0.4697,0.23570000000000002,26.700000047683716,47.99999922513962,181.79999577999115,356.89999556541443,449.89999318122864,1237.0999913811684,1875.5999936461449,0.5328571200370789,0.4716666638851166,0.5534444451332092,15.714285850524902,15.533333778381348,15.98888874053955,18.323333740234375,18.690000534057617,288.9571228027344,287.7633361816406,291.67889404296875,43.11000061035156,46.96666717529297,5.309999942779541,4.050000190734863,2.490000009536743,-0.7200000286102295
-83.87252778,32.49141667,0,-2,3,2016,80,139,0.01421936135739088,0.18,1,0,0,0,0,0,0,0.46190000000000003,0.21280000000000002,16.50000023841858,17.20000022649765,66.70000118017197,176.4000011086464,384.95336985588074,735.9191114902496,1365.9489593207836,1.2899999618530273,0.8970000147819519,0.6388251781463623,31.428571701049805,27.799999237060547,22.92566680908203,15.376667022705078,16.03680992126465,299.4571533203125,296.0433349609375,291.3124084472656,37.59000015258789,41.71368408203125,1.0199999809265137,1.340000033378601,0.03999999910593033,-0.6200000047683716
-80.988609,35.570964,0,-2,1,2016,24,247,2.308652400970459,0.03,0,0,1,0,0,0,0,0.44720000000000004,0.20070000000000002,22.199999809265137,53.30000019073486,144.49474263191223,322.9103705883026,529.5611202716827,805.2594622969627,1169.6292362213135,0.28285714983940125,0.38665133714675903,0.42630770802497864,23.0,16.58626937866211,14.470725059509277,16.758153915405273,18.75202751159668,276.971435546875,283.74774169921875,288.29833984375,42.933109283447266,47.28963851928711,3.640000104904175,2.430000066757202,-2.700000047683716,-2.990000009536743
-88.83972222,30.45083333,0,-2,10,2019,273,15,2.9781227111816406,0.0,0,0,0,0,0,0,1,0.5630000000000001,0.33030000000000004,0.0,11.199999630451202,19.899999916553497,389.6000000834465,627.4999980926514,1061.3999977111816,1778.1999982595444,0.9714285731315613,1.0889999866485596,0.9631111025810242,23.285715103149414,19.866666793823242,14.05555534362793,17.356666564941406,18.8477783203125,306.1142883300781,306.4800109863281,305.9266662597656,50.606666564941406,54.727779388427734,2.059999942779541,2.25,1.4900000095367432,2.009999990463257
-83.20999167,31.59275556,0,-2,12,2019,360,105,0.20472629368305206,0.0,0,0,0,0,0,0,1,0.5735,0.3539,57.20000112056732,94.60000264644623,113.20000290870667,180.00000178813934,265.00000101327896,531.1000050604343,954.7000051438808,0.3742857277393341,0.5183333158493042,0.7446666359901428,12.857142448425293,20.433332443237305,25.122222900390625,18.613332748413086,17.371110916137695,291.3143005371094,291.72332763671875,295.7733459472656,49.06999969482422,46.0433349609375,-2.049999952316284,-2.140000104904175,-2.180000066757202,1.5399999618530273
-88.17,30.476,0,-2,5,2017,125,7,0.31576070189476013,0.03,1,0,0,0,0,0,0,0.7168,0.5404,170.99999856948853,186.69999837875366,187.4999983906746,323.0999987125397,392.5000003874302,984.6000016927719,1730.6000012755394,0.7557142972946167,0.8379999995231628,0.7604444622993469,23.85714340209961,29.16666603088379,28.822221755981445,15.9399995803833,15.525555610656738,299.25714111328125,298.8766784667969,296.74554443359375,48.09333419799805,47.684444427490234,-1.159999966621399,-1.159999966621399,1.409999966621399,-1.3200000524520874
-82.5136,29.1938,0,-2,1,2018,5,29,0.10280006378889084,0.06,0,0,0,1,0,0,0,0.3435,0.21910000000000002,29.09999990463257,29.09999990463257,75.99999970197678,159.79999828338623,188.7999986410141,872.8999907672405,1438.0999911129475,0.4342857301235199,0.640333354473114,0.8446666598320007,19.428571701049805,21.433332443237305,23.5222225189209,18.18000030517578,17.762222290039062,284.971435546875,292.27667236328125,297.5555419921875,44.15999984741211,43.37444305419922,-0.7599999904632568,-1.090000033378601,-0.7699999809265137,-2.2899999618530273
-79.072285,34.821051,0,-2,2,2016,47,57,0.8770075440406799,0.0,0,0,0,0,0,0,1,0.554,0.2594,39.800000101327896,120.99999943375587,150.89999896287918,305.35408782958984,393.62204027175903,791.3937140703201,1437.2092511355877,0.3557142913341522,0.4480000138282776,0.4968074858188629,30.714284896850586,24.5,21.38967514038086,16.049999237060547,16.905742645263672,280.8143005371094,284.2633361816406,288.1194152832031,42.016666412353516,45.76088333129883,2.5399999618530273,2.2899999618530273,0.9300000071525574,0.6600000262260437
-80.436243,35.08117,0,-2,1,2017,4,156,1.1457016468048096,0.042426406871192854,0,0,0,1,0,0,0,0.39890000000000003,0.22190000000000001,55.299998909235,80.49999967217445,105.99999901652336,148.4999989271164,249.69999587535858,587.5999956727028,1007.2999961078167,0.3514285981655121,0.41600000858306885,0.6556666493415833,19.571428298950195,22.600000381469727,26.600000381469727,18.01333236694336,16.74222183227539,285.9285583496094,285.75,291.24444580078125,46.3033332824707,39.33555603027344,-2.4800000190734863,-2.299999952316284,-1.9199999570846558,0.5400000214576721
-81.9657,28.0421,0,-2,5,2016,135,67,2.591803789138794,0.0,0,0,0,0,0,0,1,0.502,0.3058,0.0,42.5,54.5,186.90000081062317,233.500001847744,506.1147038936615,1518.2092752754688,1.2385714054107666,1.2120000123977661,1.0693333148956299,35.0,32.79999923706055,30.577777862548828,14.90666675567627,15.091111183166504,304.22857666015625,302.9433288574219,300.8733215332031,42.09000015258789,42.274444580078125,2.2699999809265137,2.299999952316284,2.240000009536743,1.2699999809265137
-81.4405,26.6443,0,-2,5,2019,131,12,3.862714802380651E-4,0.1341640786499874,0,0,0,1,0,0,0,0.7106,0.598,33.200000047683716,59.29999962449074,136.19999805092812,186.79999819397926,288.8999971449375,536.4999966323376,1600.9999976754189,0.949999988079071,0.9839999675750732,0.9354444146156311,17.85714340209961,20.600000381469727,22.11111068725586,17.643333435058594,17.39555549621582,305.3000183105469,303.5299987792969,301.8900146484375,45.709999084472656,45.46111297607422,2.2100000381469727,1.6100000143051147,0.5799999833106995,-0.10000000149011612
-83.00703611,32.34243889,0,-2,5,2018,142,114,0.12927836179733276,0.10816653826391967,0,0,0,0,0,0,1,0.7368,0.5211,65.7999991774559,97.19999951124191,121.90000027418137,217.80000212788582,266.9000025689602,526.3000008165836,1198.800001591444,0.9128571152687073,1.214666724205017,0.9504444599151611,18.85714340209961,30.0,31.344444274902344,14.766666412353516,14.255555152893066,302.3428649902344,301.80999755859375,297.1122131347656,39.04666519165039,39.00444412231445,-1.8700000047683716,-2.0199999809265137,-1.190000057220459,-0.07000000029802322
-84.11210556,31.53261944,0,-2,5,2017,124,65,0.8702788352966309,0.03,0,1,0,0,0,0,0,0.49010000000000004,0.3168,47.99999928474426,52.799999475479126,57.799999475479126,123.20000103116035,190.1000016629696,725.7000013589859,1232.8000043928623,1.204285740852356,1.1033333539962769,0.9247778058052063,30.285715103149414,31.866666793823242,28.266666412353516,15.08666706085205,15.60111141204834,303.0142822265625,300.99334716796875,297.9222106933594,40.09333419799805,40.637779235839844,-1.2899999618530273,0.5799999833106995,-0.8899999856948853,-2.1700000762939453
-83.99671944,32.67925278,0,-2,4,2018,110,155,0.1110529750585556,0.0670820393249937,0,0,0,1,0,0,0,0.4385,0.29550000000000004,58.89999961853027,67.89999961853027,100.20000076293945,151.20000153779984,237.60000121593475,418.1000012755394,1311.3000046014786,0.8885714411735535,0.8106666803359985,0.6949999928474426,27.85714340209961,32.0,29.244443893432617,14.760000228881836,15.264444351196289,296.55712890625,295.0799865722656,293.348876953125,40.75666809082031,42.094444274902344,-1.7599999904632568,-1.5,1.4500000476837158,2.490000009536743
-80.382729,34.23827,0,-2,5,2018,135,81,0.6575158834457397,0.0,0,0,0,0,0,0,1,0.515,0.309,16.5,16.5,95.09999853372574,161.89999905228615,233.5999991595745,429.999997317791,1037.6999936699867,1.658571481704712,1.249666690826416,0.917555570602417,43.14285659790039,39.20000076293945,33.44444274902344,12.563333511352539,13.773333549499512,305.22857666015625,299.80999755859375,295.1888732910156,33.37666702270508,36.75222396850586,-1.7100000381469727,-1.9199999570846558,-1.4600000381469727,-0.6299999952316284
-76.68075,36.3623,0,-2,3,2019,87,14,0.025393787771463394,0.03,0,1,0,0,0,0,0,0.5808,0.3264,13.699999809265137,29.99999988079071,76.60000017285347,204.9000020623207,291.3000031709671,576.8000015318394,1450.5000017881393,0.699999988079071,0.4919999837875366,0.45222222805023193,26.714284896850586,20.266666412353516,18.55555534362793,16.626667022705078,17.384445190429688,290.6714172363281,287.96331787109375,287.10443115234375,45.959999084472656,45.79888916015625,3.130000114440918,2.9000000953674316,2.6700000762939453,3.0199999809265137
-80.7065,35.1075,0,-2,11,2016,323,215,0.0,0.0,0,0,0,0,0,0,1,0.5096,0.2716,0.8999999761581421,0.8999999761581421,0.8999999761581421,173.50000205636024,235.60000148415565,443.2000008225441,1080.8088873922825,0.7328571677207947,0.8893333673477173,1.0188889503479004,36.57143020629883,33.13333511352539,28.188888549804688,14.893333435058594,15.954444885253906,291.3714294433594,294.8500061035156,299.7066650390625,30.8799991607666,39.07666778564453,-1.2699999809265137,-1.1100000143051147,0.9200000166893005,1.5499999523162842
-88.74211487,30.73423083,0,-2,9,2018,268,22,0.0,0.0670820393249937,0,0,0,0,1,0,0,0.8118000000000001,0.4731,46.29999923706055,48.89999920129776,235.8999988436699,383.89999651908875,590.999996304512,992.3999964892864,1805.899997472763,1.1100000143051147,1.1466666460037231,1.164888858795166,11.285714149475098,10.833333015441895,14.100000381469727,19.123332977294922,18.345556259155273,305.9142761230469,305.7166748046875,306.3377685546875,48.31999969482422,47.101112365722656,2.0299999713897705,1.5700000524520874,1.8200000524520874,2.5799999237060547
-81.472694,35.062088,0,-2,1,2017,13,187,0.08636396378278732,0.03,0,0,0,0,0,0,1,0.5514,0.20020000000000002,0.30000001192092896,76.20000058412552,106.10000145435333,166.50000059604645,168.90000069141388,410.80000191926956,926.0000019967556,0.4714285731315613,0.4203333258628845,0.6396666765213013,19.428571701049805,20.633333206176758,26.544445037841797,18.22333335876465,17.016666412353516,283.4571533203125,285.2366638183594,289.8166809082031,42.79666519165039,36.03888702392578,-3.190000057220459,-3.119999885559082,-2.0799999237060547,0.6700000166893005
-88.038,34.306,0,-2,4,2018,117,190,0.01005769707262516,0.03,0,0,0,0,0,0,1,0.8109000000000001,0.5428000000000001,79.40000000596046,156.80000153183937,228.4000020325184,398.79999992251396,708.3999971449375,962.2999958097935,1720.3999912142754,0.7857142686843872,0.7103333473205566,0.60188889503479,19.714284896850586,19.96666717529297,17.244443893432617,16.883333206176758,17.543333053588867,294.9285888671875,293.5466613769531,291.3722229003906,42.630001068115234,44.12555694580078,1.5700000524520874,1.3600000143051147,-1.2400000095367432,-0.8199999928474426
-78.012936,35.302129,0,-2,5,2016,143,51,3.227039098739624,0.03,0,0,0,0,0,0,1,0.7065,0.4081,10.70000010728836,14.70000010728836,90.60000026226044,179.2000015079975,239.9000019133091,626.0078589320183,1451.0165108144283,0.6242856979370117,0.8636666536331177,0.8387777805328369,26.85714340209961,28.03333282470703,31.91111183166504,14.926666259765625,14.05222225189209,295.5,298.2133483886719,295.3900146484375,48.369998931884766,41.911109924316406,3.549999952316284,3.740000009536743,4.25,3.0299999713897705
-80.313911,33.362354,0,-2,4,2016,102,36,0.03442130237817764,0.03,1,0,0,0,0,0,0,0.8107000000000001,0.4243,16.099999606609344,45.19999998807907,81.30000072717667,164.00000005960464,314.0999992489815,625.9156736433506,1736.4936518669128,0.7385714054107666,0.9160000085830688,0.6811110973358154,29.428571701049805,29.53333282470703,27.299999237060547,15.026666641235352,15.686666488647461,294.028564453125,296.57666015625,291.83221435546875,40.18000030517578,40.72999954223633,3.950000047683716,4.519999980926514,4.25,1.2400000095367432
-88.51512976,31.52827844,0,-2,2,2016,33,53,0.384369432926178,0.03,1,0,0,0,0,0,0,0.6439,0.3124,54.099998474121094,125.79999732971191,152.29999792575836,424.76231813430786,505.10790327191353,856.1425455212593,1608.6689070761204,0.6814285516738892,0.5120000243186951,0.5799136757850647,19.0,17.399999618530273,17.47601890563965,17.39666748046875,18.272031784057617,294.0,289.2300109863281,292.0674133300781,42.959999084472656,46.82982635498047,-1.0399999618530273,-1.7200000286102295,-2.619999885559082,-1.9299999475479126
-78.691142,35.329569,0,-2,10,2016,299,38,0.04360031709074974,0.0670820393249937,0,0,0,0,0,0,1,0.6713,0.3509,2.299999952316284,2.299999952316284,320.8000013232231,516.799998819828,624.8999993801117,1013.1000017821789,1664.837696671486,1.0371428728103638,0.7889999747276306,0.9670000076293945,23.14285659790039,16.0,18.433332443237305,18.413333892822266,17.775554656982422,297.3571472167969,298.1300048828125,302.4788818359375,48.0966682434082,48.8488883972168,2.9700000286102295,0.9100000262260437,1.5800000429153442,1.6200000047683716
-78.599358,34.345641,0,-2,4,2016,99,18,0.025257261469960213,0.03,0,0,0,1,0,0,0,0.6221,0.4183,18.700000405311584,62.50000011920929,79.00000035762787,158.00000083446503,355.10000160336494,678.3616803586483,1622.0778877735138,0.9600000381469727,1.0086666345596313,0.684333324432373,28.14285659790039,30.633333206176758,28.27777862548828,14.449999809265137,15.05222225189209,293.79998779296875,296.42999267578125,290.098876953125,39.086666107177734,40.186668395996094,3.7899999618530273,4.480000019073486,3.4800000190734863,1.1100000143051147
-84.21140424,35.35040677,0,-2,7,2019,186,486,0.0,0.08485281374238571,0,0,0,0,0,0,1,0.8984000000000001,0.5885,56.399999260902405,73.89999890327454,210.49999713897705,321.29999658465385,467.39999574422836,1050.499994456768,2183.6999883949757,1.018571376800537,0.8446666598320007,0.9284444451332092,14.285714149475098,14.899999618530273,19.38888931274414,18.520000457763672,17.287776947021484,305.4285583496094,302.3833312988281,300.9277648925781,52.13999938964844,46.608890533447266,4.510000228881836,5.090000152587891,6.190000057220459,5.349999904632568
-81.7461,26.4049,0,-2,5,2019,138,7,0.003746940754354,0.6074537019394975,0,0,0,0,1,0,0,0.5423,0.28390000000000004,7.6000001430511475,151.59999746084213,185.09999704360962,222.99999657273293,291.19999703764915,539.8999959826469,1677.4999969899654,1.0614285469055176,1.1030000448226929,1.0223333835601807,19.714284896850586,24.0,25.733333587646484,16.823333740234375,16.617778778076172,304.20001220703125,303.663330078125,302.1322326660156,47.279998779296875,46.571109771728516,2.619999885559082,2.0,1.7899999618530273,0.9599999785423279
-84.8862,29.7298,0,-2,4,2017,115,9,0.14925183355808258,0.0,0,0,0,0,1,0,0,0.5271,0.23470000000000002,0.0,0.0,23.600000023841858,49.80000054836273,202.1000007390976,380.000000834465,1262.6999957859516,0.6485714316368103,0.7336666584014893,0.6987777948379517,28.714284896850586,27.633333206176758,25.733333587646484,16.713333129882812,16.598888397216797,298.6428527832031,298.6300048828125,296.1977844238281,49.30666732788086,46.5099983215332,-2.5,-1.9800000190734863,-1.649999976158142,-0.1599999964237213
-84.31386111,32.556275,0,-2,2,2017,44,176,0.003113045822829008,0.12369316876852982,0,0,1,0,0,0,0,0.521,0.2467,21.90000009536743,21.90000009536743,91.59999859333038,363.0999998450279,505.00000017881393,547.000000089407,1245.0000000596046,0.6699999570846558,0.6606666445732117,0.6577777862548828,20.0,20.633333206176758,27.544445037841797,17.489999771118164,16.737777709960938,294.3428649902344,292.8233337402344,291.7644348144531,41.62666702270508,41.00555419921875,-1.2599999904632568,-2.299999952316284,-2.7899999618530273,0.9599999785423279
-81.267513,35.356533,0,-2,4,2017,91,282,1.6890318393707275,0.03,0,0,0,1,0,0,0,0.8247,0.5662,33.100000858306885,43.00000047683716,67.70000115036964,109.00000074505806,197.30000033974648,351.90000170469284,866.7999992072582,0.9585714340209961,0.8286666870117188,0.6897777915000916,29.14285659790039,35.83333206176758,28.822221755981445,12.960000038146973,14.831110954284668,296.74285888671875,291.2799987792969,289.7844543457031,29.3799991607666,34.75777816772461,-3.9800000190734863,-3.5399999618530273,-3.2300000190734863,-1.8799999952316284
-84.01888889,30.92861111,0,-2,9,2018,260,67,0.30867892503738403,0.0670820393249937,1,0,0,0,0,0,0,0.8188000000000001,0.4803,9.100000023841858,20.09999990463257,113.19999885559082,369.7999978661537,534.8999989032745,984.0999987721443,1427.7000014781952,1.2000000476837158,1.0383332967758179,0.9994444251060486,18.0,13.199999809265137,12.322221755981445,18.40999984741211,18.703332901000977,306.5857238769531,305.4200134277344,305.4211120605469,51.70000076293945,52.85444259643555,2.690000057220459,2.390000104904175,-0.5400000214576721,-1.7000000476837158
-93.6651,30.4236,0,-2,12,2016,344,36,0.0,0.042426406871192854,1,0,0,0,0,0,0,0.7131000000000001,0.35500000000000004,196.80000734329224,249.0000081062317,309.9000096321106,336.5000098347664,357.90000981092453,800.700008392334,1783.6742797493935,0.3171428442001343,0.5526666641235352,0.7402222156524658,4.0,16.53333282470703,19.211111068725586,20.15999984741211,18.71555519104004,286.3571472167969,293.25665283203125,299.316650390625,50.650001525878906,49.88333511352539,0.9399999976158142,1.059999942779541,2.2699999809265137,2.140000104904175
-81.552628,35.104553,0,-2,3,2016,66,225,0.16606923937797546,0.0,0,0,0,0,0,0,1,0.49670000000000003,0.2389,4.599999904632568,62.79999923706055,75.09999918937683,170.5999982059002,416.0654187500477,919.8787104487419,1439.7630705833435,0.595714271068573,0.4690000116825104,0.4317741096019745,21.714284896850586,22.700000762939453,16.908069610595703,16.123332977294922,17.855972290039062,289.28570556640625,285.5799865722656,286.4703369140625,34.30666732788086,42.83510971069336,3.4100000858306885,3.6700000762939453,2.200000047683716,-1.340000033378601
-80.921272,33.728798,0,-2,8,2017,235,76,0.0,0.042426406871192854,0,0,0,0,0,0,1,0.8453,0.5737,4.900000095367432,16.299999833106995,88.00000086426735,289.30000418424606,397.70000356435776,778.5000016391277,1572.9000062346458,1.4457142353057861,1.2026666402816772,1.2027777433395386,22.428571701049805,18.0,19.044445037841797,17.22333335876465,17.107778549194336,308.1571350097656,305.77667236328125,305.457763671875,46.15999984741211,45.2488899230957,3.049999952316284,3.0299999713897705,2.740000009536743,2.5399999618530273
-79.718576,34.881893,0,-2,4,2017,118,114,5.004506587982178,0.0,0,0,0,0,0,0,1,0.6909000000000001,0.5093,52.89999830722809,56.79999816417694,103.79999721050262,167.49999696016312,200.39999809861183,400.79999831318855,1435.199996739626,0.8899999856948853,1.090999960899353,0.914555549621582,26.428571701049805,31.53333282470703,31.255556106567383,14.196666717529297,14.143333435058594,297.4142761230469,298.5400085449219,294.510009765625,41.073333740234375,34.60222244262695,-1.600000023841858,-1.5399999618530273,1.5199999809265137,2.4800000190734863
-80.142781,35.489837,0,-2,3,2016,62,170,0.0,0.03,0,0,0,0,0,0,1,0.321,0.1163,2.0,44.19999980926514,122.59999984502792,169.10000032186508,392.6091488599777,866.8095220923424,1267.6713713407516,0.6342856884002686,0.46266666054725647,0.4233365058898926,24.428571701049805,21.600000381469727,17.91788673400879,16.42333221435547,17.74237823486328,288.9285583496094,285.4599914550781,286.3759765625,41.70000076293945,45.04806137084961,2.940000057220459,2.9100000858306885,-1.350000023841858,-3.5299999713897705
-85.896,34.434,0,-2,4,2016,101,369,0.5557376742362976,0.042426406871192854,0,0,0,0,0,0,1,0.6444000000000001,0.4315,9.699999809265137,39.59999942779541,91.09999895095825,280.4999990463257,415.29999989271164,903.7308319509029,1608.506501108408,0.6528571248054504,0.637333333492279,0.46888887882232666,25.428571701049805,19.799999237060547,15.844444274902344,16.753334045410156,18.164443969726562,291.5142822265625,292.6399841308594,287.8877868652344,45.47666549682617,47.52111053466797,1.7599999904632568,2.1600000858306885,1.7899999618530273,0.6100000143051147
-78.960028,35.232226,0,-2,2,2016,55,87,0.4990248382091522,0.06,0,0,0,0,0,1,0,0.2892,0.1464,11.299999952316284,46.699999928474426,127.60000133514404,207.47864013910294,338.79309010505676,837.8628042936325,1355.070284485817,0.5014285445213318,0.484333336353302,0.45933473110198975,26.285715103149414,24.566667556762695,21.186153411865234,16.40999984741211,16.945316314697266,289.8143005371094,286.4599914550781,287.3614807128906,45.30666732788086,47.76719284057617,3.130000114440918,3.180000066757202,2.140000104904175,-1.4600000381469727
-82.034153,35.224839,0,-2,4,2017,119,310,0.061024896800518036,0.042426406871192854,0,0,0,0,0,0,1,0.8079000000000001,0.5411,71.90000009536743,118.20000100135803,181.20000100135803,269.3000012040138,301.9000014960766,530.4999997615814,966.8000017404556,0.6257143020629883,0.9403333067893982,0.8296666741371155,15.857142448425293,25.733333587646484,29.399999618530273,15.729999542236328,14.603333473205566,295.4571533203125,296.60333251953125,293.0077819824219,44.63999938964844,35.310001373291016,-4.03000020980835,-4.570000171661377,-3.8499999046325684,-2.950000047683716
-77.311272,35.537239,0,-2,3,2017,85,22,0.8479176759719849,0.042426406871192854,0,0,0,0,0,1,0,0.516,0.32380000000000003,13.200000196695328,63.00000074505806,80.7000000178814,102.4999991953373,198.09999895095825,547.3000038266182,1633.400008648634,0.8671428561210632,0.7293333411216736,0.6717777848243713,32.28571319580078,33.56666564941406,27.044445037841797,14.186666488647461,15.44111156463623,294.0,290.82000732421875,290.1211242675781,33.04666519165039,37.44333267211914,2.569999933242798,3.4200000762939453,4.570000171661377,4.599999904632568
-82.1242,27.6284,0,-2,7,2019,183,41,0.0,0.06,0,0,0,1,0,0,0,0.6891,0.5986,48.70000100135803,49.80000102519989,265.5000034570694,363.2000045776367,450.80000364780426,604.0000019073486,1719.4000000953674,1.1828571557998657,1.1013333797454834,1.1252222061157227,17.714284896850586,16.83333396911621,22.44444465637207,18.206666946411133,17.115554809570312,307.22857666015625,306.3999938964844,305.0855712890625,48.67333221435547,45.03555679321289,2.2100000381469727,2.4000000953674316,2.4100000858306885,2.569999933242798
-84.41428056,32.377175,0,-2,3,2016,74,178,0.03279859945178032,0.03,0,0,0,0,0,0,1,0.5552,0.2462,0.800000011920929,34.80000001192093,73.89999967813492,186.3999986052513,577.7754998207092,898.7740277349949,1609.76947799325,1.018571376800537,0.7173333168029785,0.5693871974945068,26.85714340209961,24.433332443237305,20.429372787475586,16.226667404174805,16.958843231201172,300.29998779296875,294.0733337402344,290.5811462402344,39.209999084472656,42.60089111328125,2.200000047683716,2.619999885559082,0.9800000190734863,-1.059999942779541
-81.55316389,31.72268333,0,-2,9,2017,262,15,0.0,0.042426406871192854,0,1,0,0,0,0,0,0.8547,0.4752,0.30000001192092896,130.80000227689743,173.8000018298626,351.10000056028366,545.8000020980835,850.4000044465065,1337.9000097513199,1.0099999904632568,0.8326666355133057,0.9909999966621399,20.14285659790039,17.16666603088379,15.477777481079102,18.176666259765625,18.211111068725586,304.971435546875,303.7699890136719,305.6822204589844,53.85333251953125,51.25444412231445,-1.6699999570846558,-1.6699999570846558,-2.440000057220459,-2.130000114440918
-79.788904,34.959079,0,-2,3,2017,88,97,3.293989419937134,0.0,1,0,0,0,0,0,0,0.5508000000000001,0.28550000000000003,4.699999809265137,22.59999966621399,60.29999899864197,91.79999899864197,191.69999918341637,486.0000050365925,1250.600010305643,1.0242856740951538,0.8119999766349792,0.6961111426353455,35.85714340209961,31.733333587646484,26.633333206176758,13.983333587646484,15.402222633361816,297.22857666015625,292.20001220703125,290.8388977050781,32.266666412353516,36.56888961791992,-1.5399999618530273,-0.9399999976158142,0.8299999833106995,-0.800000011920929
-81.425179,33.095856,0,-2,2,2019,50,68,0.15155579149723053,0.0,0,0,0,0,0,0,1,0.3482,0.2182,11.300000250339508,17.600000202655792,56.69999951124191,154.89999985694885,284.7000011205673,578.6000016629696,1404.9000065624714,0.6200000047683716,0.6230000257492065,0.522777795791626,30.714284896850586,27.03333282470703,19.200000762939453,14.956666946411133,17.274444580078125,291.70001220703125,290.80999755859375,289.4344482421875,37.32666778564453,44.30555725097656,2.5,2.890000104904175,2.2200000286102295,2.119999885559082
-85.356,32.293,0,-2,3,2017,61,130,0.06301864236593246,0.03,1,0,0,0,0,0,0,0.5397000000000001,0.24480000000000002,29.80000114440918,82.10000044107437,126.20000106096268,365.7000007033348,608.9999997317791,738.5999993383884,1379.299997240305,0.7842857241630554,0.7089999914169312,0.598111093044281,24.85714340209961,21.96666717529297,18.622222900390625,16.520000457763672,18.030000686645508,295.1285705566406,294.10333251953125,291.95001220703125,39.81999969482422,44.22666549682617,1.7200000286102295,-0.6000000238418579,-2.7200000286102295,1.1399999856948853
-84.86134722,34.06678889,0,-2,5,2017,137,302,0.06980816274881363,0.09,1,0,0,0,0,0,0,0.7152000000000001,0.5284,15.5,44.80000030994415,98.5000002682209,197.30000180006027,279.5000014305115,606.9000015854836,971.3000019192696,1.159999966621399,0.996999979019165,0.89811110496521,28.285715103149414,26.66666603088379,28.200000762939453,15.616666793823242,14.64555549621582,302.24285888671875,299.45001220703125,295.8344421386719,44.526668548583984,39.96555709838867,-3.9200000762939453,-4.059999942779541,-3.75,-3.490000009536743
-82.41295,36.5129,0,-2,4,2017,100,525,1.075009822845459,0.0,0,0,0,0,0,0,1,0.6458,0.4338,19.199999809265137,59.10000038146973,87.50000020861626,185.10000199079514,256.7000025510788,518.7000058889389,995.7000053226948,0.8257142901420593,0.7386666536331177,0.6041111350059509,23.714284896850586,27.33333396911621,24.122222900390625,14.886666297912598,15.804444313049316,292.4285888671875,290.3666687011719,288.4689025878906,34.95333480834961,36.93111038208008,-2.759999990463257,-2.890000104904175,-2.609999895095825,-2.259999990463257
-82.480417,35.346756,0,-2,11,2018,322,706,0.8660323023796082,0.0,0,0,0,0,0,0,1,0.5755,0.28950000000000004,92.59999763965607,131.19999840855598,213.899998575449,425.9999994933605,566.8999997079372,1187.3999971449375,2040.099997162819,0.25,0.3700000047683716,0.5339999794960022,6.142857074737549,11.133333206176758,11.54444408416748,19.93666648864746,19.568889617919922,283.0,287.17333984375,295.1277770996094,49.18000030517578,54.20000076293945,6.309999942779541,5.519999980926514,5.340000152587891,2.9600000381469727
-82.6014,29.441,0,-2,3,2019,77,18,0.9949290752410889,0.0,0,0,0,0,0,0,1,0.5799000000000001,0.3166,3.3000000715255737,3.8000000715255737,36.69999969005585,175.8999988436699,262.9999992251396,623.1999998986721,2016.3000048100948,0.9057142734527588,0.9326666593551636,0.777555525302887,31.0,28.33333396911621,23.77777862548828,15.956666946411133,16.5222225189209,298.0571594238281,298.72332763671875,295.7911071777344,44.133331298828125,44.641109466552734,3.240000009536743,3.9200000762939453,2.4600000381469727,3.569999933242798
-81.431686,35.249102,0,-2,12,2016,346,260,0.46513140201568604,0.03,0,0,0,0,0,0,1,0.4355,0.2081,22.100000381469727,65.20000076293945,65.20000076293945,65.20000076293945,125.09999924898148,328.699999243021,1026.1153876781464,0.3871428668498993,0.5843333601951599,0.8176666498184204,21.0,29.899999618530273,29.35555648803711,16.293333053588867,16.441110610961914,282.5857238769531,288.49334716796875,295.4666748046875,33.34333419799805,36.44111251831055,-3.609999895095825,-2.9600000381469727,-1.8300000429153442,1.2899999618530273
-78.088133,35.781,0,-2,2,2017,37,80,0.3548125922679901,0.03,0,0,0,0,0,0,1,0.4052,0.2109,3.4000000953674316,5.300000071525574,20.79999965429306,127.7999994456768,165.69999977946281,596.5999941527843,1236.0999966859818,0.6157143115997314,0.4710000157356262,0.4606666564941406,25.285715103149414,20.0,21.633333206176758,17.110000610351562,17.366666793823242,287.5142822265625,286.47332763671875,286.4111022949219,43.86333465576172,44.428890228271484,1.9500000476837158,2.069999933242798,3.5,2.759999990463257
-82.09361111,30.94522222,0,-2,4,2018,117,30,0.0,0.16155494421403513,1,0,0,0,0,0,0,0.8002,0.40190000000000003,44.100000858306885,75.10000050067902,112.09999972581863,182.29999881982803,260.29999935626984,416.59999892115593,1454.1000101566315,0.8642857074737549,0.9003333449363708,0.8415555357933044,27.285715103149414,29.03333282470703,30.366666793823242,15.680000305175781,15.178889274597168,298.4428405761719,298.2200012207031,296.5199890136719,42.51000213623047,40.67777633666992,0.029999999329447746,0.8100000023841858,1.7899999618530273,2.390000104904175
-80.338402,33.175537,0,-2,3,2016,72,29,0.1408793330192566,0.0,0,0,0,0,0,0,1,0.5534,0.24730000000000002,0.0,23.90000033378601,76.00000143051147,238.90000289678574,291.1848840713501,999.8184231519699,1682.2835177183151,0.7342857122421265,0.6489999890327454,0.5693360567092896,28.428571701049805,29.633333206176758,24.775480270385742,15.279999732971191,16.354785919189453,297.81427001953125,292.2833251953125,290.2179260253906,38.003334045410156,43.601104736328125,3.630000114440918,3.0899999141693115,3.619999885559082,0.6299999952316284
-78.431753,33.95031,0,-2,1,2017,17,-1,5.751025199890137,0.0,0,0,0,0,0,0,1,0.7213,0.2947,0.0,12.299999833106995,47.20000010728836,150.69999822974205,176.19999781250954,818.4999984502792,1462.9999935626984,0.5771428346633911,0.45533332228660583,0.5478888750076294,18.571428298950195,14.600000381469727,18.455554962158203,19.316665649414062,18.912221908569336,292.5714416503906,288.6166687011719,290.8833312988281,49.91666793823242,45.41666793823242,-1.0,0.5699999928474426,0.8399999737739563,1.7400000095367432
-80.192958,35.298269,0,-2,4,2019,99,168,0.33689171075820923,0.0670820393249937,0,0,1,0,0,0,0,0.7364,0.4927,60.20000076293945,70.00000077486038,100.70000147819519,292.4999994635582,383.0000007748604,912.6000039577484,1910.7000126242638,0.7185714244842529,0.7080000042915344,0.5098888874053955,20.571428298950195,24.133333206176758,18.55555534362793,14.736666679382324,16.60444450378418,295.77142333984375,292.066650390625,287.8622131347656,36.9566650390625,43.14444351196289,5.349999904632568,5.639999866485596,5.519999980926514,2.180000066757202
-89.37555556,33.95027778,0,-2,4,2016,97,120,0.08889861404895782,0.12,1,0,0,0,0,0,0,0.49350000000000005,0.261,28.500000953674316,118.19999933242798,244.39999836683273,353.5999979376793,462.0999962389469,879.890713840723,1698.9748117029667,1.0428571701049805,0.8296666741371155,0.60188889503479,23.571428298950195,21.53333282470703,19.61111068725586,15.84333324432373,17.09000015258789,296.4857177734375,295.5299987792969,290.12445068359375,41.650001525878906,42.75444412231445,1.149999976158142,0.7200000286102295,1.0099999904632568,1.1699999570846558
-84.5436,36.7264,0,-2,9,2018,271,219,0.2458198517560959,0.03,1,0,0,0,0,0,0,0.6795,0.298,164.59999656677246,184.89999639987946,244.59999632835388,359.7999967932701,465.79999709129333,921.299996972084,1710.2999936044216,0.39571428298950195,0.7689999938011169,0.7828888893127441,2.4285714626312256,11.966666221618652,14.155555725097656,20.130001068115234,18.865554809570312,296.528564453125,301.1066589355469,302.118896484375,58.7066650390625,55.57444381713867,2.640000104904175,2.4700000286102295,2.7300000190734863,2.6500000953674316
-84.28126111,32.05720833,0,-2,3,2017,81,147,0.8937352299690247,0.03,1,0,0,0,0,0,0,0.6898000000000001,0.4156,0.0,14.200000166893005,61.300000071525574,119.10000044107437,326.90000116825104,481.00000461935997,1074.9000042676926,1.0428571701049805,0.7620000243186951,0.6536666750907898,34.0,25.83333396911621,19.866666793823242,15.766666412353516,17.4777774810791,296.22857666015625,293.836669921875,293.0244445800781,39.5,42.92222213745117,-2.119999885559082,-1.7699999809265137,-2.549999952316284,0.550000011920929
-80.124749,35.419685,0,-2,2,2018,33,196,4.827799320220947,0.03,0,0,0,0,0,0,1,0.5504,0.25320000000000004,42.8999999165535,68.19999915361404,110.39999979734421,160.49999916553497,183.69999945163727,400.900001347065,987.6999997198582,0.33571428060531616,0.3880000114440918,0.4216666519641876,17.0,26.899999618530273,25.38888931274414,16.65333366394043,16.989999771118164,285.0428466796875,283.8066711425781,285.42999267578125,35.9566650390625,38.36888885498047,-2.6700000762939453,-2.309999942779541,-1.7000000476837158,-0.9100000262260437
-80.176772,35.344256,0,-2,5,2018,150,170,10.552380561828613,0.0,0,0,0,0,0,0,1,0.5546,0.35650000000000004,47.099999248981476,68.99999958276749,94.40000054240227,241.00000044703484,349.2999999821186,593.999999910593,1073.7000003755093,0.895714282989502,1.11899995803833,0.8541111350059509,21.85714340209961,28.566667556762695,27.55555534362793,15.213333129882812,14.796667098999023,302.27142333984375,302.489990234375,294.97332763671875,44.78333282470703,39.862220764160156,-1.4500000476837158,-1.809999942779541,-2.4200000762939453,-2.049999952316284
-82.5538,28.6799,0,-2,3,2019,83,12,0.04379943758249283,0.0,0,0,0,0,0,0,1,0.619,0.3826,1.7000000476837158,1.7000000476837158,13.800000011920929,84.19999852776527,138.09999909996986,535.3999968767166,1785.299993187189,0.7914285659790039,0.7163333296775818,0.6812222003936768,27.0,22.33333396911621,20.322221755981445,18.273332595825195,18.19444465637207,297.24285888671875,298.26666259765625,296.9266662597656,47.5,47.60222244262695,2.680000066757202,3.430000066757202,2.3299999237060547,2.559999942779541
-80.1435,36.188,0,-2,4,2018,91,293,0.22922183573246002,0.08485281374238571,1,0,0,0,0,0,0,0.5129,0.23040000000000002,0.9000000357627869,48.20000094175339,96.0000010728836,197.40000158548355,265.5999999642372,399.9000013768673,1208.2000032365322,0.7871428728103638,0.6003333330154419,0.4842222332954407,31.571428298950195,29.03333282470703,29.011110305786133,13.420000076293945,14.609999656677246,292.1142883300781,286.16998291015625,284.9466552734375,37.4566650390625,39.59111022949219,-1.4600000381469727,-1.6299999952316284,-1.5299999713897705,2.0899999141693115
-79.090702,34.506186,0,-2,3,2017,89,41,0.525112509727478,0.03,0,0,0,0,0,0,1,0.6773,0.37020000000000003,14.900000393390656,34.69999998807907,83.79999989271164,124.30000001192093,200.50000059604645,721.0999883413315,1671.4999888837337,1.0099999904632568,0.7833333611488342,0.7051110863685608,30.428571701049805,31.53333282470703,25.733333587646484,14.306666374206543,15.640000343322754,298.6142883300781,292.3166809082031,291.4488830566406,33.823333740234375,36.84111022949219,3.0299999713897705,3.7799999713897705,4.769999980926514,3.140000104904175
-93.03333333,30.01666667,0,-2,3,2017,79,7,0.04092336818575859,0.042426406871192854,0,0,0,1,0,0,0,0.6505000000000001,0.3901,0.0,7.399999916553497,41.700000405311584,86.30000096559525,258.09999895095825,616.3000000119209,1939.49999243021,0.7042856812477112,0.6416666507720947,0.6144444346427917,31.714284896850586,30.96666717529297,23.766666412353516,14.699999809265137,16.296667098999023,295.6714172363281,295.8399963378906,294.65887451171875,53.2599983215332,53.96555709838867,0.8799999952316284,1.600000023841858,1.8899999856948853,2.6500000953674316
-78.284933,34.324509,0,-2,5,2016,122,20,0.0,0.042426406871192854,1,0,0,0,0,0,0,0.7912,0.4384,7.099999904632568,30.10000067949295,51.40000057220459,131.60000133514404,338.0000024139881,630.3824605345726,1491.9520965516567,1.0199999809265137,0.9660000205039978,0.8214444518089294,34.14285659790039,32.20000076293945,28.61111068725586,13.960000038146973,15.098889350891113,300.6856994628906,296.9766540527344,293.8033447265625,35.78666687011719,38.09222412109375,2.7100000381469727,3.1500000953674316,2.2699999809265137,1.0299999713897705
-81.4195,27.626,0,-2,4,2018,116,28,0.2600725591182709,0.03,0,0,0,0,1,0,0,0.638,0.4777,13.399999856948853,17.799999952316284,80.90000012516975,122.30000004172325,164.50000044703484,232.00000071525574,1675.500006467104,1.399999976158142,1.3370000123977661,1.1331111192703247,32.0,32.36666488647461,30.88888931274414,14.626667022705078,15.378889083862305,303.71429443359375,303.0133361816406,300.9266662597656,36.560001373291016,37.15888977050781,-1.409999966621399,0.5899999737739563,1.7999999523162842,3.190000057220459
-88.78305556,32.81194444,0,-2,11,2019,321,129,0.13810758292675018,0.09,0,0,0,1,0,0,0,0.7604000000000001,0.40340000000000004,18.899999976158142,23.800000071525574,267.0999997854233,350.3999981880188,427.2999996840954,808.1999987959862,1876.2999974489212,0.4471428692340851,0.5360000133514404,1.036222219467163,17.0,17.700000762939453,23.61111068725586,19.18666648864746,17.278888702392578,286.1714172363281,291.32666015625,300.4144592285156,44.89666748046875,43.71111297607422,3.299999952316284,2.2200000286102295,2.930000066757202,2.240000009536743
-84.47128611,32.96338611,0,-2,2,2019,42,263,0.5316512584686279,0.03,0,0,0,1,0,0,0,0.49620000000000003,0.2559,4.300000011920929,8.800000011920929,79.00000029802322,296.4999961555004,451.0999972522259,847.2999992966652,1614.6999987363815,0.5899999737739563,0.43533334136009216,0.42544445395469666,29.285715103149414,22.066667556762695,16.83333396911621,16.139999389648438,17.956666946411133,291.4857177734375,287.2900085449219,287.6266784667969,45.41666793823242,48.35222244262695,4.849999904632568,4.570000171661377,2.9200000762939453,2.5399999618530273
-81.67004444,32.20838333,0,-2,10,2018,279,37,0.325152724981308,0.0670820393249937,0,0,0,0,0,1,0,0.7335,0.4214,1.5,27.40000057220459,65.90000119805336,121.20000138878822,337.5000012218952,824.8999945521355,1141.6999970078468,1.0228571891784668,1.0490000247955322,0.9674444198608398,21.0,19.46666717529297,17.177778244018555,18.010000228881836,18.09666633605957,304.79998779296875,305.5633239746094,305.7833251953125,49.18000030517578,51.287776947021484,0.6700000166893005,1.090000033378601,-0.5899999737739563,-1.940000057220459
-85.265,31.091,0,-2,8,2019,214,62,0.2505928874015808,0.03,0,0,0,0,1,0,0,0.8344,0.4665,25.4000004529953,58.5000002682209,149.1000011265278,251.40000280737877,272.4000027179718,484.10000535845757,1523.2000051736832,1.3871428966522217,1.1829999685287476,1.3422222137451172,23.714284896850586,19.733333587646484,27.811111450195312,17.49333381652832,15.581110954284668,306.72857666015625,306.336669921875,306.0944519042969,46.650001525878906,43.32666778564453,0.8100000023841858,1.2100000381469727,2.559999942779541,4.800000190734863
-78.767367,36.422046,0,-2,9,2018,253,168,0.041820552200078964,0.0,0,0,0,1,0,0,0,0.8299000000000001,0.467,8.800000071525574,33.200000166893005,111.10000067949295,263.30000099539757,348.40000036358833,778.399999320507,1133.6000015437603,0.8528571724891663,0.8966666460037231,0.9800000190734863,15.571428298950195,14.100000381469727,17.799999237060547,18.530000686645508,17.54111099243164,303.3285827636719,303.4666748046875,303.6600036621094,51.040000915527344,49.985557556152344,1.690000057220459,1.2200000286102295,0.11999999731779099,-1.8799999952316284
-80.298866,34.005138,0,-2,5,2017,124,46,0.0,0.0,0,0,0,0,0,0,1,0.623,0.40040000000000003,48.30000150203705,148.80000150203705,212.00000208616257,274.50000298023224,312.000003695488,598.900006622076,1479.100007146597,1.2942856550216675,1.0726666450500488,0.9444444179534912,28.571428298950195,31.133333206176758,32.35555648803711,14.619999885559082,14.204444885253906,302.6571350097656,299.5433349609375,295.9477844238281,40.50666809082031,34.6511116027832,2.25,1.8799999952316284,3.5299999713897705,4.150000095367432
-82.4033,28.7036,0,-2,4,2016,97,38,0.0,0.0670820393249937,1,0,0,0,0,0,0,0.6209,0.3109,15.90000057220459,58.29999953508377,75.29999965429306,105.6999996304512,265.7999981045723,407.5764001905918,1444.8158785700798,0.9871428608894348,0.9236666560173035,0.7215555310249329,22.14285659790039,23.733333587646484,21.64444351196289,17.020000457763672,17.59000015258789,301.1856994628906,300.7799987792969,296.3944396972656,46.483333587646484,45.28111267089844,1.190000057220459,1.5499999523162842,1.2999999523162842,1.6200000047683716
-82.6721,30.5827,0,-2,3,2016,85,42,0.0,0.0670820393249937,0,0,0,0,1,0,0,0.5054000000000001,0.2341,11.099999606609344,36.39999920129776,53.39999920129776,141.1999985575676,274.68532878160477,387.6454645395279,1179.1341210007668,0.822857141494751,0.8799999952316284,0.7203137874603271,28.14285659790039,30.299999237060547,26.054901123046875,15.086666107177734,16.12309455871582,297.25714111328125,297.4533386230469,293.91583251953125,36.37666702270508,41.524803161621094,-1.090000033378601,0.7599999904632568,0.8799999952316284,2.549999952316284
-87.022,34.163,0,-2,9,2018,272,281,0.20988047122955322,0.03,1,0,0,0,0,0,0,0.7847000000000001,0.4853,108.99999809265137,109.49999809265137,146.79999867081642,206.8999996483326,318.0999989807606,779.9999939799309,1570.699995726347,0.7485714554786682,1.1236666440963745,1.0776666402816772,11.857142448425293,20.733333587646484,20.0,17.8266658782959,17.468889236450195,300.55712890625,304.1000061035156,304.46221923828125,49.46666717529297,49.37333297729492,0.05000000074505806,0.9200000166893005,0.8399999737739563,0.8299999833106995
-79.912178,34.547596,0,-2,12,2016,364,60,0.008956622332334518,0.03,0,0,0,0,0,0,1,0.5909,0.27440000000000003,16.399999618530273,50.40000033378601,103.30000019073486,133.1000011563301,341.30000096559525,909.5000054240227,1642.0985626876354,0.5171428322792053,0.48399999737739563,0.6938889026641846,17.0,18.600000381469727,24.100000381469727,18.856666564941406,17.258888244628906,290.8428649902344,287.239990234375,292.76556396484375,48.723331451416016,41.99777603149414,3.5199999809265137,3.859999895095825,3.5999999046325684,2.809999942779541
-87.303,32.363,0,-2,9,2018,255,47,0.4368564188480377,0.06,0,0,0,0,0,0,1,0.8167000000000001,0.5354,8.399999856948853,105.39999997615814,236.50000035762787,361.40000104904175,455.2000006735325,966.7999920547009,1612.8999895453453,0.9528571367263794,0.9629999995231628,1.0679999589920044,10.142857551574707,11.733333587646484,16.788888931274414,19.64666748046875,17.97888946533203,305.471435546875,305.0,305.8288879394531,51.40666580200195,49.71555709838867,3.7899999618530273,2.819999933242798,2.9700000286102295,2.0399999618530273
-82.43126,35.497474,0,-2,12,2018,335,686,0.8426203727722168,0.0,0,0,0,0,0,0,1,0.6286,0.27390000000000003,15.59999942779541,53.599997878074646,177.39999997615814,366.70000141859055,537.4000048339367,991.9999995529652,1853.899996906519,0.3199999928474426,0.31966665387153625,0.472777783870697,13.714285850524902,9.533333778381348,10.277777671813965,20.229999542236328,20.162221908569336,282.6285705566406,284.3800048828125,292.1811218261719,50.4566650390625,54.7599983215332,7.639999866485596,7.03000020980835,6.300000190734863,4.5
-86.631,33.482,0,-2,9,2018,245,181,0.055429648607969284,0.0,1,0,0,0,0,0,0,0.21480000000000002,0.1471,19.199999809265137,19.999999821186066,45.80000019073486,108.70000004768372,273.700000166893,710.6000012457371,1417.5000015497208,1.149999976158142,1.1513333320617676,1.109222173690796,24.0,24.600000381469727,20.844444274902344,16.27666664123535,16.482221603393555,305.6714172363281,305.23333740234375,304.9710998535156,48.88999938964844,50.60555648803711,1.9700000286102295,2.4700000286102295,2.0999999046325684,2.3299999237060547
-79.785118,33.696991,0,-2,5,2019,134,26,0.39472612738609314,0.06,0,0,0,0,0,0,1,0.7278,0.4541,20.399999618530273,41.19999980926514,58.30000019073486,146.7000007033348,206.0000002682209,525.199999153614,1508.2999987900257,0.8642857074737549,1.028666615486145,0.7976666688919067,26.428571701049805,30.899999618530273,26.5222225189209,14.703333854675293,15.70111083984375,300.4142761230469,300.0799865722656,295.3666687011719,40.49333190917969,42.26444625854492,2.390000104904175,2.6600000858306885,3.6600000858306885,2.680000066757202
-79.486169,34.687294,0,-2,2,2016,38,61,1.5730643272399902,0.0670820393249937,0,0,0,0,0,1,0,0.5416000000000001,0.31020000000000003,62.6000018119812,65.40000176429749,102.70000171661377,268.282381683588,366.9232221543789,707.2503552138805,1264.049983471632,0.6385714411735535,0.4936666786670685,0.5139862895011902,17.14285659790039,24.766666412353516,20.558778762817383,16.003334045410156,17.228145599365234,290.0428466796875,285.8899841308594,289.470703125,44.97333526611328,47.25117111206055,2.190000057220459,1.690000057220459,-0.6100000143051147,-0.6700000166893005
-80.694771,34.998444,0,-2,1,2017,19,200,12.09364128112793,0.0,0,0,0,0,0,0,1,0.24480000000000002,0.12610000000000002,0.699999988079071,20.000000089406967,102.40000000596046,163.30000045895576,166.10000041127205,458.4999997615814,1009.4999977648258,0.6857143044471741,0.49933332204818726,0.6177777647972107,24.85714340209961,22.33333396911621,29.344444274902344,17.09000015258789,15.731111526489258,292.1285705566406,287.15667724609375,289.25555419921875,44.07666778564453,37.95777893066406,-2.0899999141693115,-2.069999933242798,-1.1299999952316284,1.6799999475479126
-82.8837,30.3452,0,-2,4,2019,91,42,0.03791605681180954,0.08485281374238571,1,0,0,0,0,0,0,0.7876000000000001,0.48810000000000003,48.60000038146973,48.60000038146973,65.80000022053719,145.40000000596046,227.2000004351139,640.1000010967255,1677.0999979376793,0.772857129573822,0.8083333373069763,0.718999981880188,25.14285659790039,27.399999618530273,25.511110305786133,15.936666488647461,16.25,296.05712890625,296.00665283203125,294.7066650390625,40.79999923706055,43.45000076293945,2.8499999046325684,3.4100000858306885,4.21999979019165,2.2799999713897705
-86.969,31.509,0,-2,6,2018,152,113,0.24068954586982727,0.03,1,0,0,0,0,0,0,0.8031,0.6641,110.70000123977661,148.70000058412552,192.20000141859055,318.50000208616257,418.80000072717667,735.100001424551,1769.9000054895878,0.9971428513526917,1.2026666402816772,0.9347777962684631,17.428571701049805,24.266666412353516,25.4777774810791,16.260000228881836,15.943333625793457,303.6714172363281,304.40667724609375,298.8888854980469,44.84000015258789,42.821109771728516,-0.9900000095367432,0.8399999737739563,1.4600000381469727,2.809999942779541
-79.250467,34.827166,0,-2,4,2019,92,67,0.14614252746105194,0.042426406871192854,0,0,0,0,1,0,0,0.6952,0.328,26.799999952316284,50.09999966621399,79.00000023841858,164.80000060796738,245.29999953508377,651.2999987304211,1751.600000590086,0.75,0.6853333115577698,0.5581111311912537,32.71428680419922,28.433332443237305,24.133333206176758,14.226666450500488,15.79444408416748,291.1714172363281,290.5733337402344,288.8466796875,37.643333435058594,42.55555725097656,4.119999885559082,4.300000190734863,4.809999942779541,2.1500000953674316
-79.09733,36.361488,0,-2,11,2016,327,165,0.007918644696474075,0.06,0,0,0,0,0,0,1,0.5694,0.26,0.0,10.800000190734863,12.400000184774399,241.9000025689602,355.40000054240227,856.4999993145466,1518.2800447940826,0.800000011920929,0.7463333606719971,0.8054444193840027,28.571428298950195,25.5,19.433332443237305,16.940000534057617,18.211111068725586,290.3999938964844,292.57000732421875,297.59222412109375,31.663333892822266,43.62111282348633,4.119999885559082,4.510000228881836,3.7699999809265137,2.0799999237060547
-80.020714,33.443733,0,-2,3,2017,80,25,0.029575437307357788,0.042426406871192854,0,0,0,0,1,0,0,0.5427000000000001,0.2792,7.900000095367432,22.99999988079071,26.299999833106995,122.50000131130219,159.10000097751617,584.4999991059303,1338.9999907314777,0.895714282989502,0.8223333358764648,0.7203333377838135,40.0,36.733333587646484,27.55555534362793,13.516666412353516,15.661110877990723,291.6000061035156,293.29998779296875,292.2844543457031,32.720001220703125,37.227779388427734,1.2100000381469727,2.1500000953674316,2.5799999237060547,1.8700000047683716
-81.4535,26.4365,0,-2,3,2016,72,19,0.14573951065540314,0.03,0,0,0,0,0,0,1,0.5458000000000001,0.3835,0.0,0.0,55.400000870227814,315.90000450611115,380.4293196797371,635.0472737550735,1628.0986322760582,0.7914285659790039,0.7279999852180481,0.7047288417816162,27.85714340209961,24.266666412353516,20.03130531311035,16.89666748046875,18.045143127441406,300.3714294433594,298.61334228515625,297.77789306640625,46.790000915527344,50.052276611328125,3.049999952316284,2.2899999618530273,-0.6800000071525574,-1.4700000286102295
-84.81876944,31.07625833,0,-2,5,2017,125,47,0.091807521879673,0.03,0,0,0,0,1,0,0,0.7196,0.5,38.60000038146973,53.40000081062317,53.40000081062317,188.7000002861023,263.9999985694885,807.8000025749207,1332.3000018298626,1.0828571319580078,1.1486666202545166,0.9751111268997192,28.714284896850586,32.33333206176758,29.155555725097656,14.369999885559082,15.026666641235352,300.5428466796875,300.913330078125,298.55889892578125,39.5433349609375,40.088890075683594,-0.9599999785423279,0.6200000047683716,1.75,-1.1399999856948853
-81.9125,29.8633,0,-2,3,2016,62,57,0.8030996918678284,0.0,0,0,0,0,0,0,1,0.5778,0.3478,0.0,9.700000405311584,96.40000307559967,168.00000351667404,227.56287893652916,646.5724021196365,1618.8976816534996,0.8842857480049133,0.8270000219345093,0.7348827123641968,37.85714340209961,28.133333206176758,24.990156173706055,15.366666793823242,16.542865753173828,294.5142822265625,294.4200134277344,294.32098388671875,37.606666564941406,43.71139907836914,2.880000114440918,2.7799999713897705,3.309999942779541,1.7799999713897705
-78.787625,35.458939,0,-2,2,2016,59,78,2.0019280910491943,0.042426406871192854,0,0,0,0,1,0,0,0.4703,0.2609,17.799999952316284,50.299999475479126,128.8000010251999,179.80000215768814,325.3747108876705,726.1381849646568,1271.5807805657387,0.5699999928474426,0.4973333179950714,0.46039387583732605,29.428571701049805,26.0,22.012359619140625,15.966667175292969,16.78192710876465,288.3999938964844,286.336669921875,286.82373046875,41.52333450317383,45.70462417602539,2.869999885559082,2.6700000762939453,1.7699999809265137,-1.0399999618530273
-76.400573,36.388748,0,-2,2,2016,53,8,0.0,0.03,0,0,0,0,0,0,1,0.5001,0.2791,21.699999809265137,29.999999940395355,127.1999990940094,269.6507071554661,340.6567560136318,673.7307363152504,1344.671489983797,0.5257142782211304,0.4569999873638153,0.47758522629737854,22.428571701049805,22.53333282470703,20.026336669921875,16.829999923706055,17.384492874145508,287.9142761230469,285.01666259765625,287.29779052734375,44.02666473388672,46.03914260864258,0.6499999761581421,-0.03999999910593033,0.029999999329447746,-0.03999999910593033
-81.97788889,33.00858333,0,-2,5,2017,138,90,0.040232665836811066,0.06,0,0,0,0,1,0,0,0.6998000000000001,0.3972,5.0,5.0,66.40000009536743,115.40000087022781,148.10000053048134,490.40000253915787,1151.4000067412853,1.4885714054107666,1.3250000476837158,1.1154444217681885,39.28571319580078,34.70000076293945,34.900001525878906,13.869999885559082,13.777777671813965,303.79998779296875,302.1700134277344,298.8033447265625,36.5966682434082,34.274444580078125,-1.340000033378601,-1.159999966621399,0.6100000143051147,-1.159999966621399
-83.2644,29.5003,0,-2,3,2016,68,11,0.08929317444562912,0.06,1,0,0,0,0,0,0,0.6292,0.3517,5.300000220537186,6.500000238418579,32.00000041723251,168.50000154972076,241.65845811367035,443.44751727581024,1518.8127731382847,0.595714271068573,0.5379999876022339,0.5655205249786377,25.571428298950195,24.366666793823242,22.078691482543945,16.299999237060547,17.4973087310791,295.28570556640625,293.09332275390625,293.052734375,41.65666580200195,48.65511703491211,-1.2000000476837158,-1.1799999475479126,0.8700000047683716,1.6799999475479126
-89.02528853,33.82513408,0,-2,9,2017,258,104,0.3208882212638855,0.03,0,0,0,1,0,0,0,0.6614,0.43820000000000003,43.20000076293945,54.80000114440918,124.50000125169754,293.89999955892563,410.49999737739563,748.1999971568584,1219.6999970078468,0.8057143092155457,1.0103332996368408,1.059000015258789,21.14285659790039,20.66666603088379,22.61111068725586,17.08333396911621,16.70111083984375,298.55712890625,302.2300109863281,304.08221435546875,47.439998626708984,50.351112365722656,-3.059999942779541,-4.320000171661377,-4.789999961853027,-4.610000133514404
-83.71625,32.77938889,0,-2,5,2018,149,106,0.8542628884315491,0.03,1,0,0,0,0,0,0,0.7318,0.4446,92.20000123977661,130.6000018119812,184.70000106096268,313.2000005543232,387.7000009715557,611.1000005304813,1290.000002413988,0.7614285945892334,1.187999963760376,0.9421111345291138,13.285714149475098,30.433332443237305,31.177778244018555,14.65666675567627,14.321110725402832,300.9142761230469,302.2699890136719,297.118896484375,45.26333236694336,41.470001220703125,-1.3899999856948853,-1.8300000429153442,-1.350000023841858,1.600000023841858
-83.66040833,32.96443611,0,-2,3,2018,85,191,1.066569209098816,0.0670820393249937,0,0,0,1,0,0,0,0.5609000000000001,0.2786,11.699999570846558,51.100001096725464,100.20000183582306,183.90000182390213,219.20000129938126,429.1999981999397,1170.299992442131,0.6857143044471741,0.7456666827201843,0.6290000081062317,32.71428680419922,31.0,30.4777774810791,13.523333549499512,14.222222328186035,290.24285888671875,291.82666015625,289.8233337402344,37.25666809082031,38.970001220703125,-2.0399999618530273,-1.5299999713897705,-0.5699999928474426,1.3799999952316284
-87.624,31.004,0,-2,9,2018,267,91,3.304749011993408,0.0,0,0,0,0,0,0,1,0.7259,0.46240000000000003,48.09999996423721,91.3000014424324,427.1000038385391,610.2000014185905,729.0000005364418,1161.599996805191,1840.5999974012375,0.9900000095367432,1.0410000085830688,1.1021111011505127,10.0,9.066666603088379,14.477777481079102,19.34666633605957,18.032222747802734,305.5142822265625,305.17999267578125,305.6166687011719,52.54666519165039,50.8488883972168,3.4700000286102295,1.309999942779541,1.4900000095367432,2.059999942779541
-81.414505,33.240707,0,-2,4,2017,118,66,0.42920541763305664,0.0,0,0,0,0,0,0,1,0.8017000000000001,0.5625,58.499999046325684,73.89999866485596,128.59999752044678,161.59999692440033,209.49999701976776,534.0999937951565,1448.0999873578548,1.2271428108215332,1.2120000123977661,1.016444444656372,29.428571701049805,34.56666564941406,33.377777099609375,14.210000038146973,13.997777938842773,301.74285888671875,300.7799987792969,296.78668212890625,36.93000030517578,33.27777862548828,1.409999966621399,1.7799999713897705,2.8499999046325684,2.9600000381469727
-81.67170556,33.03486667,0,-2,1,2017,17,69,0.21733984351158142,0.06,0,0,0,0,0,0,1,0.4077,0.21880000000000002,0.0,14.099999815225601,95.49999991059303,227.4999958872795,228.29999589920044,619.0999870300293,1369.1999874413013,0.8828571438789368,0.5803333520889282,0.7078889012336731,23.285715103149414,18.899999618530273,26.33333396911621,18.809999465942383,17.05555534362793,297.5857238769531,291.16998291015625,293.1077880859375,46.17000198364258,40.70111083984375,1.5,1.2799999713897705,1.7100000381469727,2.109999895095825
-85.728,34.327,0,-2,4,2017,90,378,0.09223657101392746,0.042426406871192854,0,0,0,1,0,0,0,0.5607,0.27080000000000004,63.90000057220459,73.00000035762787,136.19999969005585,242.79999911785126,445.80000001192093,632.2999997138977,1095.600002259016,0.7942857146263123,0.7049999833106995,0.5450000166893005,19.571428298950195,22.700000762939453,18.488889694213867,15.896666526794434,17.350000381469727,297.1428527832031,291.13665771484375,289.4022216796875,40.34000015258789,45.29111099243164,-3.890000104904175,-3.930000066757202,-4.449999809265137,-2.7300000190734863
-82.74687778,30.66136389,0,-2,2,2017,48,32,0.002362537896260619,0.03,0,0,0,0,1,0,0,0.7045,0.34800000000000003,0.0,17.600000381469727,110.20000088214874,188.1000006198883,262.9999988079071,482.2000012099743,1154.9000044763088,0.9871428608894348,0.8006666898727417,0.7254444360733032,29.428571701049805,23.0,22.322221755981445,16.926666259765625,17.766666412353516,298.0,295.6866760253906,295.3244323730469,38.45333480834961,41.4566650390625,-2.7300000190734863,-3.049999952316284,-2.9200000762939453,-2.380000114440918
-84.19535556,30.94478333,0,-2,5,2019,131,91,0.7555664777755737,0.0,0,0,0,0,0,0,1,0.6981,0.4929,57.39999961853027,69.89999943971634,124.50000029802322,156.89999982714653,250.299999833107,735.6000026762486,1703.9999951720238,1.0800000429153442,1.055999994277954,0.8215555548667908,22.285715103149414,26.933332443237305,26.200000762939453,15.970000267028809,15.884444236755371,303.55712890625,301.4366760253906,297.59222412109375,41.366668701171875,44.63222122192383,2.7799999713897705,3.140000104904175,4.590000152587891,2.3299999237060547
-81.5337,29.1865,0,-2,3,2019,82,16,0.058428823947906494,0.06,1,0,0,0,0,0,0,0.6992,0.4398,4.899999976158142,6.699999928474426,29.399999737739563,121.6000006198883,145.20000064373016,464.7999990284443,1749.0999929904938,0.8057143092155457,0.800000011920929,0.7171111106872559,32.14285659790039,27.399999618530273,26.83333396911621,16.610000610351562,16.028888702392578,294.28570556640625,296.8833312988281,295.3344421386719,45.34333419799805,46.37666702270508,3.740000009536743,4.369999885559082,4.119999885559082,5.260000228881836
-88.7953,34.1814,0,-2,11,2018,320,87,0.11352769285440445,0.06,0,0,0,1,0,0,0,0.6804,0.39180000000000004,47.800000101327896,106.79999902844429,156.1999993622303,319.5000010430813,387.3000014126301,758.7000070512295,1737.3000001907349,0.2671428620815277,0.503333330154419,0.8374444246292114,11.428571701049805,15.966666221618652,19.066667556762695,19.133333206176758,18.07111167907715,281.4571228027344,290.0333251953125,298.9755554199219,50.49333190917969,50.99777603149414,1.4600000381469727,1.3600000143051147,-0.7900000214576721,-1.6699999570846558
-89.0042042,33.68236689,0,-2,11,2016,330,105,0.18408334255218506,0.042426406871192854,1,0,0,0,0,0,0,0.6559,0.3275,0.0,10.100000143051147,11.500000149011612,14.900000244379044,54.899999767541885,329.29999899864197,1106.7077104449272,0.691428542137146,1.0493333339691162,1.293555498123169,40.14285659790039,38.20000076293945,34.32222366333008,14.16333293914795,14.801111221313477,290.528564453125,296.5533447265625,301.9044494628906,29.8266658782959,33.73666763305664,-3.0899999141693115,-2.1500000953674316,-1.0199999809265137,0.8500000238418579
-82.25745278,32.49226111,0,-2,3,2017,65,80,0.002367807552218437,0.21213203435596426,1,0,0,0,0,0,0,0.68,0.3467,3.0000000596046448,21.20000034570694,51.099999845027924,149.69999888539314,226.4999995827675,524.8000054359436,1209.5000101029873,0.8385714292526245,0.8100000023841858,0.6797778010368347,32.71428680419922,30.266666412353516,25.83333396911621,14.699999809265137,16.546667098999023,294.8428649902344,295.1600036621094,292.85888671875,36.720001220703125,42.588890075683594,-0.14000000059604645,-0.019999999552965164,-0.8299999833106995,0.019999999552965164
-83.79205,31.85995833,0,-2,6,2017,153,96,0.05789049714803696,0.19209372712298545,0,0,0,0,0,1,0,0.3402,0.24130000000000001,3.100000023841858,123.10000002384186,147.80000013113022,225.90000104904175,281.3000007867813,755.5000078976154,1121.6000070869923,1.1871428489685059,1.1296666860580444,1.085444450378418,27.714284896850586,30.16666603088379,33.05555725097656,15.09000015258789,14.25333309173584,304.0142822265625,302.00665283203125,299.82110595703125,44.336666107177734,40.594444274902344,-1.8200000524520874,-2.069999933242798,-1.409999966621399,-3.4800000190734863
-80.851547,33.595009,0,-2,5,2019,134,73,0.5909473299980164,0.0,0,0,0,0,0,0,1,0.7214,0.5024000000000001,18.30000078678131,33.80000030994415,42.50000050663948,160.2000005543232,245.09999972581863,543.7999974489212,1531.299989581108,0.8871428370475769,1.1160000562667847,0.8772222399711609,26.285715103149414,32.13333511352539,29.155555725097656,14.24666690826416,14.850000381469727,300.94287109375,300.85333251953125,296.1333312988281,38.753334045410156,39.72999954223633,2.859999895095825,2.8299999237060547,3.559999942779541,2.390000104904175
-79.631029,35.208657,0,-2,6,2016,153,152,0.3802483081817627,0.042426406871192854,0,0,0,0,0,0,1,0.7854,0.43010000000000004,38.60000038146973,64.50000047683716,113.00000190734863,183.9000020623207,230.3000019788742,590.7813013792038,1391.5209363996983,1.0028570890426636,0.925000011920929,0.9380000233650208,22.0,24.100000381469727,32.24444580078125,16.299999237060547,14.079999923706055,302.471435546875,298.8699951171875,296.7510986328125,46.5099983215332,40.9988899230957,1.7400000095367432,1.6100000143051147,3.1700000762939453,2.009999990463257
-81.9612,30.7998,0,-2,7,2018,191,6,0.009115788154304028,0.16155494421403513,0,0,0,0,1,0,0,0.8553000000000001,0.3884,23.60000067949295,98.10000020265579,185.79999965429306,511.1999986767769,575.5000002980232,752.0999999940395,1545.1000040471554,1.045714259147644,1.1779999732971191,1.1393333673477173,15.571428298950195,13.433333396911621,20.188888549804688,17.726667404174805,17.054445266723633,305.18572998046875,306.36334228515625,303.7622375488281,47.063331604003906,43.73666763305664,3.7899999618530273,3.0199999809265137,1.809999942779541,3.190000057220459
-81.6906,28.4488,0,-2,6,2019,177,35,0.0,0.06,0,0,0,0,0,0,1,0.4097,0.2852,1.0,224.90000069141388,368.20000326633453,451.40000554919243,532.2000064849854,701.5000078976154,1687.9000147283077,1.7242857217788696,1.4620000123977661,1.3128888607025146,19.571428298950195,21.633333206176758,26.822221755981445,16.940000534057617,15.974444389343262,309.25714111328125,307.4966735839844,305.15777587890625,43.13999938964844,41.967777252197266,1.7100000381469727,1.559999942779541,1.9299999475479126,1.7100000381469727
-81.249519,33.865898,0,-2,2,2016,41,137,2.702678680419922,0.0,0,0,0,0,0,0,1,0.49870000000000003,0.25470000000000004,2.600000023841858,41.09999930858612,75.69999957084656,221.3828529715538,296.15818351507187,1053.4380055069923,1707.8648175001144,0.5757142901420593,0.5266666412353516,0.556485116481781,21.714284896850586,23.33333396911621,20.327695846557617,15.980000495910645,17.05240249633789,284.25714111328125,286.3466491699219,289.7919006347656,40.34333419799805,43.790279388427734,4.380000114440918,4.840000152587891,3.990000009536743,0.9200000166893005
-84.94254722,34.61486111,0,-2,8,2019,213,212,0.0981844812631607,0.06,1,0,0,0,0,0,0,0.8242,0.519,26.90000081062317,71.60000157356262,103.90000116825104,178.0000004172325,249.70000061392784,686.6999993920326,1585.8999986350536,1.5642857551574707,1.277000069618225,1.0866667032241821,27.285715103149414,25.133333206176758,24.61111068725586,15.699999809265137,16.314443588256836,305.6714172363281,305.7900085449219,304.1122131347656,45.93333435058594,48.1522216796875,2.259999990463257,3.059999942779541,4.599999904632568,4.809999942779541
-80.1093,26.854,0,-2,4,2016,99,9,0.2405610978603363,0.03,0,0,0,0,1,0,0,0.63,0.4385,0.0,24.90000030398369,151.0000033378601,218.40000200271606,428.2000017762184,742.0741754472256,1727.7050944566727,1.291428565979004,1.0839999914169312,0.8640000224113464,34.71428680419922,32.06666564941406,26.61111068725586,14.449999809265137,15.960000038146973,301.0,301.3399963378906,298.2477722167969,48.19333267211914,48.768890380859375,1.4900000095367432,1.409999966621399,-1.6200000047683716,-1.6699999570846558
-80.541724,36.444055,0,-2,2,2019,52,367,1.817531943321228,0.0,0,0,0,0,0,0,1,0.5087,0.2637,63.30000114440918,87.7000002861023,130.29999995231628,279.8000007867813,433.20000037550926,870.899999409914,1741.5999951958656,0.4328571557998657,0.534333348274231,0.4573333263397217,15.142857551574707,25.0,23.344444274902344,15.0600004196167,15.396666526794434,283.0,284.9166564941406,283.542236328125,34.349998474121094,37.627777099609375,6.110000133514404,6.139999866485596,4.659999847412109,2.799999952316284
-79.194475,35.34885,0,-2,10,2016,275,116,0.5585438013076782,0.03,0,0,1,0,0,0,0,0.7864,0.3871,110.79999828338623,204.49999713897705,271.30000019073486,392.5,460.6000006198883,815.0999970734119,1456.2072248756886,0.631428599357605,0.9303333163261414,1.131666660308838,13.428571701049805,20.200000762939453,21.58888816833496,18.113332748413086,17.13111114501953,300.3143005371094,302.0033264160156,304.90667724609375,50.77333450317383,47.45111083984375,1.1299999952316284,0.9399999976158142,1.6299999952316284,1.9800000190734863
-83.055575,32.31875278,0,-2,4,2016,98,92,0.15581576526165009,0.03,0,0,0,0,1,0,0,0.8095,0.42100000000000004,73.50000190734863,99.5000022649765,114.80000233650208,194.099999666214,318.4000028371811,641.3436700701714,1222.8551652729511,1.0357142686843872,0.9340000152587891,0.6788889169692993,25.428571701049805,26.133333206176758,23.55555534362793,15.699999809265137,16.39555549621582,296.5428466796875,297.739990234375,292.42889404296875,41.983333587646484,41.5444450378418,0.019999999552965164,0.05000000074505806,0.5199999809265137,0.7300000190734863
-79.77301,33.689026,0,-2,3,2019,69,20,0.31477028131484985,0.03,0,0,0,0,0,0,1,0.5737,0.2675,7.799999892711639,41.29999965429306,64.69999942183495,124.49999985098839,273.9999986588955,809.0999997854233,1596.1000010669231,0.5557142496109009,0.5270000100135803,0.5182222127914429,18.85714340209961,20.133333206176758,18.933332443237305,17.72333335876465,17.538888931274414,288.9285583496094,290.5666809082031,289.5555419921875,48.52666473388672,45.3477783203125,3.119999885559082,3.809999942779541,3.359999895095825,2.0399999618530273
-87.566,33.701,0,-2,2,2016,42,151,0.05315081775188446,0.12,1,0,0,0,0,0,0,0.5314,0.2424,0.0,29.200000762939453,107.00000238418579,307.93634831905365,462.5651971101761,759.5801167488098,1520.6783878803253,0.4471428692340851,0.41200000047683716,0.45057594776153564,17.14285659790039,18.0,17.09528160095215,17.829999923706055,18.290178298950195,283.24285888671875,284.8999938964844,288.052734375,42.76333236694336,45.78685760498047,0.7599999904632568,-0.5400000214576721,-1.4700000286102295,-1.2599999904632568
-80.470497,33.149635,0,-2,3,2016,74,33,0.1102222129702568,0.0,0,0,0,0,0,0,1,0.6426000000000001,0.277,2.200000047683716,26.500000715255737,93.30000108480453,248.60000023245811,303.5734713971615,877.0642323195934,1590.6184664964676,1.0028570890426636,0.71833336353302,0.6009363532066345,28.571428298950195,29.33333396911621,25.616655349731445,15.433333396911621,16.035808563232422,300.3428649902344,293.6266784667969,290.4813232421875,39.143333435058594,43.1914176940918,3.5999999046325684,3.0299999713897705,3.430000066757202,0.6299999952316284
-79.422854,35.164167,0,-2,5,2016,148,142,0.0,0.0,0,0,0,0,0,0,1,0.5121,0.3165,29.000000715255737,45.100000858306885,113.29999959468842,166.10000026226044,204.20000118017197,551.7837502360344,1383.789662271738,1.1100000143051147,0.984666645526886,0.981333315372467,27.14285659790039,28.299999237060547,33.56666564941406,15.180000305175781,13.754444122314453,300.6571350097656,298.8800048828125,296.5944519042969,45.073333740234375,38.34111022949219,1.440000057220459,1.600000023841858,2.9100000858306885,1.809999942779541
-81.90311944,32.59177222,0,-2,1,2017,30,75,0.07736664265394211,0.03,0,0,0,0,0,0,1,0.5982000000000001,0.2808,1.0,101.99999761581421,147.0999974310398,319.69999608397484,333.0999959409237,658.6999917328358,1527.5999964177608,0.6842857003211975,0.6200000047683716,0.6384444236755371,23.0,20.233333587646484,24.4777774810791,18.239999771118164,17.568889617919922,290.0,292.4533386230469,292.5199890136719,43.55666732788086,42.502220153808594,1.350000023841858,1.4199999570846558,1.6299999952316284,2.2100000381469727
-87.346,32.05,0,-2,8,2018,213,75,0.1541091799736023,0.03,0,1,0,0,0,0,0,0.7451,0.5424,60.30000019073486,114.09999895095825,215.99999767541885,376.599995970726,515.3999954760075,940.4999949336052,1546.499993443489,1.2342857122421265,1.1239999532699585,1.1193333864212036,16.85714340209961,15.433333396911621,19.622222900390625,18.30666732788086,17.36888885498047,305.3285827636719,305.8399963378906,305.2177734375,48.40666580200195,47.77555465698242,1.649999976158142,1.4500000476837158,1.090000033378601,1.1100000143051147
-84.566533,35.297483,0,-2,5,2017,129,272,1.1811562776565552,0.03,0,0,0,0,0,0,1,0.8357,0.6322,66.09999895095825,92.59999918937683,234.8000010550022,400.5000022351742,500.200001090765,902.2999994158745,1344.8000002801418,0.6442856788635254,0.9003333449363708,0.7275555729866028,14.714285850524902,17.5,19.72222137451172,17.373332977294922,16.83888816833496,294.5714111328125,298.3833312988281,293.61444091796875,45.84000015258789,41.12111282348633,-2.6600000858306885,-3.75,-3.930000066757202,-3.5399999618530273
-78.017688,35.191216,0,-2,3,2017,79,34,0.1311015635728836,0.0,0,0,0,0,1,0,0,0.46790000000000004,0.2369,9.599999904632568,38.0999995470047,50.99999916553497,108.19999825954437,177.79999923706055,635.1000042259693,1392.9000055789948,0.4771428406238556,0.6850000023841858,0.6041111350059509,31.428571701049805,34.400001525878906,25.755556106567383,13.813333511352539,16.0,285.5,291.0533447265625,289.73443603515625,34.36666488647461,38.932220458984375,1.7999999523162842,2.7300000190734863,3.450000047683716,2.5799999237060547
-78.402457,33.945233,0,-2,3,2016,81,10,3.2224159240722656,0.03,0,0,0,0,0,0,1,0.604,0.33290000000000003,6.899999916553497,6.899999916553497,53.29999953508377,325.99999994039536,427.3223406970501,1035.8092911839485,1848.6932698786259,0.8971428871154785,0.6526666879653931,0.5289151668548584,25.571428298950195,22.733333587646484,20.979637145996094,17.023332595825195,17.207725524902344,294.8428649902344,293.0133361816406,288.8875732421875,45.53333282470703,46.84322738647461,4.230000019073486,3.8299999237060547,3.5799999237060547,2.0
-93.1345,32.5376,0,-2,4,2017,104,73,0.0042506917379796505,0.09,0,0,0,0,0,0,1,0.7387,0.43420000000000003,23.399999618530273,64.30000114440918,74.30000114440918,161.59999978542328,272.2000002861023,480.39999958872795,1357.7000004947186,0.8885714411735535,1.0526666641235352,0.8276666402816772,30.85714340209961,34.599998474121094,28.03333282470703,14.210000038146973,15.356666564941406,299.71429443359375,299.5666809082031,295.2633361816406,40.7400016784668,41.5,-2.0,1.0399999618530273,2.3399999141693115,4.210000038146973
-81.9632,26.917,0,-2,3,2019,59,11,0.24152463674545288,0.0,0,0,0,0,0,0,1,0.48710000000000003,0.39640000000000003,23.399999618530273,25.899999618530273,73.29999828338623,179.80000019073486,264.7999995946884,566.700002014637,1804.2999927401543,0.9614285826683044,0.9039999842643738,0.765333354473114,21.571428298950195,23.899999618530273,21.566667556762695,16.3799991607666,17.968889236450195,301.528564453125,300.5533447265625,298.2166748046875,47.23666763305664,48.09222412109375,3.359999895095825,2.880000114440918,2.950000047683716,3.450000047683716
-85.688,33.891,0,-2,9,2018,255,235,0.07472293078899384,0.03,0,0,1,0,0,0,0,0.8496,0.43,12.800000309944153,15.500000357627869,92.59999912977219,262.10000216960907,422.9000020325184,721.500003784895,1286.500002592802,0.9528571367263794,0.9486666917800903,0.9214444756507874,18.0,19.53333282470703,17.399999618530273,17.59000015258789,17.852222442626953,304.27142333984375,304.28668212890625,304.49444580078125,51.31666564941406,52.282222747802734,1.340000033378601,0.6299999952316284,0.029999999329447746,1.2100000381469727
-85.269,32.453,0,-2,12,2017,357,150,0.7851994037628174,0.10816653826391967,0,0,0,1,0,0,0,0.5348,0.3123,18.49999988079071,18.49999988079071,83.60000002384186,121.09999966621399,257.39999747276306,755.9000043869019,1642.0000064074993,0.42571428418159485,0.49166667461395264,0.6732222437858582,16.714284896850586,20.799999237060547,22.566667556762695,18.350000381469727,17.775554656982422,292.3143005371094,289.52667236328125,294.46112060546875,47.290000915527344,45.7933349609375,2.890000104904175,3.4600000381469727,2.9000000953674316,-1.1699999570846558
-80.16135,36.129,0,-2,2,2016,56,271,1.2227160930633545,0.0,0,0,0,0,0,0,1,0.4198,0.1811,37.99999952316284,68.49999952316284,108.70000123977661,238.2551388144493,395.25577014684677,778.0782897472382,1316.858223438263,0.4757142961025238,0.4386666715145111,0.40764325857162476,23.85714340209961,26.33333396911621,20.37860870361328,15.239999771118164,16.82032012939453,287.3571472167969,283.4800109863281,284.631103515625,42.63999938964844,45.43842315673828,3.049999952316284,2.859999895095825,-0.949999988079071,-2.7300000190734863
-79.429544,35.943709,0,-2,3,2017,71,280,0.33410507440567017,0.03,0,0,0,0,0,0,1,0.4243,0.21000000000000002,1.6000000536441803,24.399999648332596,31.199999541044235,78.50000017881393,169.3000012934208,478.4999939799309,1181.5999941527843,0.8299999833106995,0.7866666913032532,0.5757777690887451,39.57143020629883,35.900001525878906,26.044445037841797,12.40333366394043,15.300000190734863,290.44287109375,291.3399963378906,287.3677673339844,28.09666633605957,37.2488899230957,-1.7400000095367432,-1.1200000047683716,0.949999988079071,1.3300000429153442
-91.13083333,31.12472222,0,-2,8,2019,234,122,7.484406814910471E-4,0.03,1,0,0,0,0,0,0,0.8358,0.5267000000000001,53.70000076293945,54.00000077486038,105.6000003516674,298.900001257658,395.70000126957893,883.6000021100044,1630.900000602007,1.235714316368103,1.1230000257492065,1.0915555953979492,22.0,19.96666717529297,21.399999618530273,17.329999923706055,16.860000610351562,306.9857177734375,306.4599914550781,305.75665283203125,49.22666549682617,49.94333267211914,1.7300000190734863,1.0399999618530273,-0.800000011920929,-1.7100000381469727
-79.748943,35.066459,0,-2,9,2016,273,143,0.3751446306705475,0.0,0,0,0,0,0,0,1,0.8180000000000001,0.4186,90.90000134706497,211.70000153779984,287.0000002980232,306.80000028014183,397.90000054240227,672.900004863739,1460.331643462181,0.5857142806053162,0.9079999923706055,1.1455554962158203,11.857142448425293,21.600000381469727,23.711111068725586,18.143333435058594,16.796667098999023,301.3285827636719,302.41998291015625,305.10888671875,51.77333450317383,47.4466667175293,-2.140000104904175,-2.0199999809265137,1.0800000429153442,2.200000047683716
-81.755249,33.361362,0,-2,10,2016,275,125,1.4881325960159302,0.03,0,0,0,0,0,0,1,0.7582,0.4146,0.30000001192092896,2.9000000059604645,108.4999968111515,201.09999814629555,358.499995470047,607.6999946832657,1316.9672876894474,1.3342857360839844,1.1916667222976685,1.3494443893432617,29.428571701049805,25.366666793823242,24.100000381469727,16.66666603088379,16.39555549621582,304.1142883300781,304.26666259765625,306.631103515625,43.05666732788086,41.905555725097656,0.009999999776482582,-0.07000000029802322,1.3700000047683716,0.8399999737739563
-89.28861111,33.39277778,0,-2,6,2017,158,156,0.0035256007686257362,0.0670820393249937,1,0,0,0,0,0,0,0.728,0.42860000000000004,92.20000123977661,122.9000015258789,218.8000030517578,288.80000281333923,447.2000005841255,838.7000015676022,1445.3999963700771,0.5614286065101624,0.8050000071525574,0.8877778053283691,11.285714149475098,20.03333282470703,25.700000762939453,17.709999084472656,16.03444480895996,300.4285583496094,301.0899963378906,298.6011047363281,54.36333465576172,46.46444320678711,-2.009999990463257,-2.2200000286102295,-2.259999990463257,-2.0899999141693115
-85.935,34.562,0,-2,3,2018,85,395,0.44589290022850037,0.042426406871192854,0,0,0,1,0,0,0,0.5803,0.3562,5.4999998807907104,21.100000023841858,168.50000250339508,348.10000082850456,381.6000004708767,720.499997407198,1627.8999959528446,0.40142858028411865,0.47999998927116394,0.4162222146987915,20.14285659790039,15.633333206176758,19.299999237060547,17.47333335876465,17.3799991607666,287.1142883300781,288.3133239746094,285.977783203125,46.856666564941406,45.46555709838867,0.6399999856948853,-0.9800000190734863,1.2699999809265137,1.7400000095367432
-84.6141,35.970667,0,-2,4,2019,98,359,1.9569612741470337,0.0,0,0,0,0,0,0,1,0.6562,0.3184,47.20000123977661,59.100000858306885,75.60000085830688,498.6000027656555,669.6000080704689,1122.2000060081482,2077.300008147955,0.6671428680419922,0.637666642665863,0.3974444568157196,23.14285659790039,24.83333396911621,16.511110305786133,13.720000267028809,16.964445114135742,293.0428466796875,290.29998779296875,284.8655700683594,37.893333435058594,47.823333740234375,5.46999979019165,5.130000114440918,3.640000104904175,2.569999933242798
-87.052,33.397,0,-2,9,2018,246,152,0.20643623173236847,0.10816653826391967,1,0,0,0,0,0,0,0.5836,0.4263,13.799999713897705,13.799999713897705,44.49999988079071,184.19999864697456,305.3999981880188,720.1999993920326,1344.3000006079674,1.1699999570846558,1.1749999523162842,1.1631110906600952,24.714284896850586,23.399999618530273,21.377777099609375,16.49333381652832,16.6200008392334,305.77142333984375,305.7633361816406,305.70001220703125,47.66999816894531,48.86000061035156,1.5299999713897705,1.7000000476837158,1.4900000095367432,1.7400000095367432
-81.061,28.8533,0,-2,5,2019,140,11,0.4506193995475769,0.042426406871192854,1,0,0,0,0,0,0,0.7723,0.5422,2.899999976158142,28.5,64.7000002861023,132.20000064373016,185.0000001490116,469.00000128149986,1484.300000578165,0.9957143068313599,1.1119999885559082,1.0038888454437256,25.14285659790039,28.96666717529297,27.633333206176758,15.519999504089355,15.927777290344238,302.6142883300781,302.8399963378906,300.6600036621094,43.563331604003906,43.46888732910156,-0.8199999928474426,0.6200000047683716,1.1699999570846558,0.7900000214576721
-79.922188,33.333717,0,-2,3,2017,59,14,0.11194201558828354,0.09,0,0,0,0,0,0,1,0.5579000000000001,0.2642,0.0,16.0,34.80000054836273,127.2999995648861,238.4999981224537,606.1000046730042,1349.900002926588,0.9214285612106323,0.8306666612625122,0.6372222304344177,35.57143020629883,29.366666793823242,21.35555648803711,14.523333549499512,17.2277774810791,297.21429443359375,294.2933349609375,291.7311096191406,33.233333587646484,42.21888732910156,1.7999999523162842,2.3399999141693115,2.3299999237060547,2.0199999809265137
-82.571,29.4129,0,-2,4,2017,99,22,0.6021387577056885,0.03,0,0,0,1,0,0,0,0.5649000000000001,0.3397,97.00000303983688,97.00000303983688,113.00000286102295,126.1000024676323,154.40000182390213,218.90000289678574,1545.4999854266644,1.1942857503890991,1.2296667098999023,1.0564444065093994,36.42856979370117,37.63333511352539,31.811111450195312,13.769999504089355,15.042222023010254,300.0428466796875,299.9700012207031,298.82000732421875,32.71333312988281,36.217777252197266,-3.4600000381469727,-3.0999999046325684,-1.7899999618530273,1.7799999713897705
-85.4278,30.7922,0,-2,9,2018,272,42,0.7788138389587402,0.03,0,0,0,0,0,1,0,0.7013,0.44070000000000004,61.89999848604202,87.49999937415123,183.89999929070473,361.499997317791,596.4999951124191,1022.9999977648258,1678.0999951958656,1.0042856931686401,1.1380000114440918,1.0654444694519043,10.285714149475098,11.066666603088379,11.755555152893066,19.309999465942383,18.987777709960938,305.4285583496094,306.2933349609375,306.03887939453125,49.45333480834961,50.75222396850586,2.490000009536743,2.130000114440918,1.4500000476837158,-0.6899999976158142
-81.853832,35.188931,0,-2,4,2017,90,265,0.0726081132888794,0.09486832980505139,0,0,0,1,0,0,0,0.4989,0.23750000000000002,49.6999996304512,55.1999996304512,81.80000025033951,129.89999997615814,253.29999914765358,366.5999996960163,849.4999957978725,0.9342857003211975,0.7993333339691162,0.6804444193840027,25.0,31.899999618530273,26.33333396911621,14.24666690826416,15.65999984741211,296.78570556640625,291.0,289.9166564941406,29.713333129882812,34.86888885498047,-4.46999979019165,-4.010000228881836,-3.799999952316284,-2.2799999713897705
-88.702083,36.300583,0,-2,11,2016,328,125,0.06526423245668411,0.15,0,0,0,0,0,0,1,0.5329,0.2864,29.0,29.400000005960464,33.300000101327896,47.900000005960464,101.09999948740005,404.9999966919422,1291.2270505726337,0.6857143044471741,0.8506666421890259,1.003666639328003,31.571428298950195,32.86666488647461,28.211111068725586,14.986666679382324,15.883333206176758,288.6000061035156,293.9766540527344,298.94110107421875,32.7066650390625,40.0433349609375,-1.7599999904632568,-0.7599999904632568,-1.100000023841858,1.190000057220459
-82.3684,30.0174,0,-2,2,2019,37,41,0.6041796803474426,0.042426406871192854,0,0,0,0,0,0,1,0.5823,0.3159,9.0,39.50000038743019,120.00000110268593,291.90000227093697,428.10000267624855,768.8000048696995,1696.2000039219856,0.6414285898208618,0.5833333134651184,0.5767777562141418,24.428571701049805,20.700000762939453,16.933332443237305,17.1299991607666,18.747777938842773,294.32855224609375,291.59332275390625,293.17999267578125,43.746665954589844,47.27000045776367,4.590000152587891,4.480000019073486,2.859999895095825,3.5299999713897705
-81.782181,34.542023,0,-2,10,2018,282,177,0.037760548293590546,0.0,0,0,0,0,0,0,1,0.8147000000000001,0.4222,8.399999856948853,21.399999856948853,95.90000015497208,133.2999992966652,340.30000072717667,791.2000026702881,1214.0000021457672,1.0757142305374146,0.903333306312561,0.9888888597488403,20.428571701049805,19.133333206176758,18.4777774810791,18.476667404174805,17.97333335876465,304.27142333984375,303.3699951171875,304.50445556640625,51.7066650390625,48.959999084472656,2.9100000858306885,2.75,1.4700000286102295,-2.5199999809265137
-81.290688,35.758164,0,-2,2,2016,54,336,1.4803906679153442,0.0,0,0,0,0,0,0,1,0.4685,0.2702,39.200000405311584,60.10000079870224,114.09999984502792,252.4027115702629,434.25300401449203,964.1067699790001,1534.2218662500381,0.33714285492897034,0.39133334159851074,0.38852643966674805,23.714284896850586,24.366666793823242,18.36736297607422,15.640000343322754,17.363075256347656,286.72857666015625,283.6966552734375,285.27642822265625,42.61333465576172,45.5721321105957,3.700000047683716,3.880000114440918,2.1500000953674316,-2.619999885559082
-82.05083333,30.61102778,0,-2,8,2016,229,27,0.0,0.0670820393249937,1,0,0,0,0,0,0,0.7681,0.4682,36.79999926686287,63.39999929070473,132.39999851584435,292.09999999403954,451.8999964892864,689.8999971747398,1271.0612677931786,1.174285650253296,1.3079999685287476,1.386888861656189,15.285714149475098,20.46666717529297,23.22222137451172,17.1200008392334,16.494443893432617,307.3714294433594,307.51666259765625,307.3188781738281,44.52333450317383,42.22999954223633,-1.8799999952316284,-1.309999942779541,-1.409999966621399,-1.1100000143051147
-80.3802,27.3971,0,-2,7,2019,182,7,6.156210438348353E-4,0.1341640786499874,0,0,0,0,1,0,0,0.41950000000000004,0.25880000000000003,6.300000190734863,19.90000009536743,117.89999955892563,262.8000006079674,352.399999499321,572.6999975144863,1164.499997884035,0.8642857074737549,0.8679999709129333,0.8732222318649292,19.714284896850586,17.0,19.544445037841797,17.976667404174805,17.648889541625977,305.3571472167969,305.2533264160156,303.2611083984375,56.83000183105469,53.54666519165039,-0.6800000071525574,-0.6499999761581421,-1.2699999809265137,0.7900000214576721
-80.381996,33.486546,0,-2,3,2016,77,30,0.13353176414966583,0.042426406871192854,0,0,0,0,0,1,0,0.5834,0.2851,6.800000190734863,6.800000190734863,73.10000085830688,236.40000116825104,310.7964174747467,1121.6924648582935,1678.3444625139236,1.3042857646942139,0.7903333306312561,0.5995768308639526,30.285715103149414,28.899999618530273,25.193788528442383,15.6899995803833,16.01603889465332,301.1714172363281,294.4266662597656,290.0457763671875,38.439998626708984,43.05399703979492,4.659999847412109,3.940000057220459,4.21999979019165,-1.690000057220459
-82.23269444,33.21683333,0,-2,12,2019,360,110,0.0,0.06,0,0,1,0,0,0,0,0.7873,0.3457,63.70000195503235,141.60000205039978,203.40000236034393,319.8000037074089,414.00000190734863,672.4000006020069,1273.1999988257885,0.488571435213089,0.5460000038146973,0.7581111192703247,16.714284896850586,20.46666717529297,25.077777862548828,17.75,16.95222282409668,289.4285583496094,290.1433410644531,294.457763671875,42.58000183105469,41.3477783203125,0.9300000071525574,-0.5899999737739563,0.949999988079071,1.8700000047683716
-80.124956,35.341443,0,-2,5,2017,132,146,0.0,0.06,0,0,0,0,0,0,1,0.7839,0.5001,17.200000405311584,62.90000230073929,144.4000043272972,221.40000560879707,278.8000051379204,522.6000042259693,1238.3000027239323,0.8799999952316284,0.9413333535194397,0.8567777872085571,25.428571701049805,27.133333206176758,29.22222137451172,15.239999771118164,14.397777557373047,296.70001220703125,298.1966552734375,294.7799987792969,46.80666732788086,36.91444396972656,-2.109999895095825,-2.4100000858306885,-1.7200000286102295,-1.159999966621399
-85.49106111,34.89973333,0,-2,1,2016,26,231,0.5268053412437439,0.03,0,0,0,0,0,0,1,0.5662,0.2545,61.90000009536743,68.0,127.5791916847229,455.36833184957504,551.6373829245567,941.4866945147514,1646.2328204512596,0.17000000178813934,0.24539397656917572,0.36574047803878784,11.571428298950195,13.734121322631836,14.789862632751465,18.288179397583008,18.601503372192383,278.3714294433594,280.5081481933594,286.50653076171875,53.379634857177734,54.037662506103516,2.2799999713897705,1.409999966621399,0.7099999785423279,0.009999999776482582
-83.0318,30.5983,0,-2,1,2018,5,45,0.6540195345878601,0.0670820393249937,0,0,0,0,0,0,1,0.6176,0.27740000000000004,19.699999570846558,28.699999570846558,62.200000524520874,107.50000083446503,144.90000122785568,601.40000385046,1167.7999977469444,0.43142858147621155,0.4973333179950714,0.6422222256660461,21.14285659790039,20.200000762939453,22.155555725097656,17.843334197998047,18.077777862548828,281.8714294433594,288.09332275390625,294.51220703125,46.68000030517578,46.08000183105469,-1.190000057220459,-1.2300000190734863,-1.0499999523162842,-2.569999933242798
-85.03911111,34.23752778,0,-2,10,2018,292,201,0.047891151160001755,0.24,0,0,0,1,0,0,0,0.7023,0.3204,11.199999809265137,80.79999828338623,174.09999990463257,207.19999971985817,361.800003439188,728.1000036001205,1343.5000062286854,0.7342857122421265,0.9796666502952576,1.0520000457763672,25.571428298950195,22.799999237060547,21.16666603088379,16.950000762939453,17.165555953979492,295.9285583496094,301.27667236328125,303.45556640625,47.996665954589844,48.445556640625,1.4800000190734863,1.2999999523162842,0.9599999785423279,-0.7300000190734863
-80.810139,35.698988,0,-2,12,2016,364,277,0.8659501671791077,0.0,0,0,0,0,0,0,1,0.47840000000000005,0.2262,8.400000095367432,15.400000095367432,78.20000052452087,95.50000041723251,169.5999988913536,420.0999967455864,866.2999977469444,0.522857129573822,0.468666672706604,0.6727777719497681,23.85714340209961,22.66666603088379,27.03333282470703,17.376667022705078,16.530000686645508,288.4571533203125,284.989990234375,291.2633361816406,41.13666534423828,36.67555618286133,-2.0899999141693115,-1.909999966621399,-1.159999966621399,1.2000000476837158
-85.12,31.521,0,-2,3,2018,82,110,0.0038741135504096746,0.10816653826391967,1,0,0,0,0,0,0,0.655,0.4405,18.699999570846558,33.69999957084656,65.90000009536743,292.1000016927719,364.20000046491623,522.0000022053719,1279.4000042676926,0.8357142806053162,0.7770000100135803,0.6247777938842773,28.85714340209961,28.566667556762695,26.66666603088379,14.783333778381348,15.477777481079102,295.78570556640625,294.6233215332031,291.2844543457031,37.310001373291016,40.411109924316406,-1.399999976158142,-1.4700000286102295,-1.0099999904632568,1.0499999523162842
-76.205675,35.897498,0,-2,8,2018,231,4,0.5190476775169373,0.06,0,0,0,0,0,1,0,0.7638,0.4757,36.29999998211861,75.79999902844429,346.500003606081,483.70000264048576,629.1000020802021,940.1000004708767,1464.599999397993,0.9042856693267822,0.8326666355133057,0.8933333158493042,6.5714287757873535,4.666666507720947,13.433333396911621,20.753334045410156,18.690000534057617,304.9428405761719,303.9433288574219,303.7755432128906,57.276668548583984,54.21444320678711,4.110000133514404,2.940000057220459,2.6600000858306885,2.4800000190734863
-92.6912,30.9115,0,-2,2,2017,31,50,0.0045818123035132885,0.03,1,0,0,0,0,0,0,0.6923,0.2748,3.5999999046325684,61.19999951124191,102.49999910593033,374.29999563097954,476.59999561309814,775.99999833107,1507.5000003576279,0.7214285731315613,0.5929999947547913,0.5902222394943237,24.428571701049805,16.566667556762695,17.922222137451172,17.59000015258789,18.246665954589844,291.4857177734375,292.0299987792969,292.8077697753906,49.78666687011719,50.39555740356445,0.5600000023841858,0.6399999856948853,1.0800000429153442,0.029999999329447746
-86.134,32.077,0,-2,3,2016,63,124,0.009494246914982796,0.3,1,0,0,0,0,0,0,0.6232,0.31870000000000004,41.19999885559082,69.19999885559082,108.39999866485596,246.10000151395798,647.1685819923878,983.5099386870861,1663.248946249485,0.5885714292526245,0.6399999856948853,0.53556889295578,20.85714340209961,23.566667556762695,19.43244743347168,15.866666793823242,17.49349021911621,292.1428527832031,290.8399963378906,290.4212951660156,39.37333297729492,45.88764953613281,2.5399999618530273,2.740000009536743,-0.7400000095367432,-1.590000033378601
-86.225,32.87,0,-2,2,2016,43,221,0.22750438749790192,0.042426406871192854,0,0,0,1,0,0,0,0.5715,0.2401,0.0,43.500000953674316,173.20000100135803,371.77517795562744,487.47125267982483,727.4844904541969,1451.8938437104225,0.6114285588264465,0.5410000085830688,0.49897322058677673,21.85714340209961,16.799999237060547,17.641307830810547,17.293333053588867,17.97614288330078,286.05712890625,286.8066711425781,289.2265625,40.21666717529297,46.02383804321289,1.059999942779541,-1.059999942779541,-1.8700000047683716,-1.3899999856948853
-80.668823,33.034252,0,-2,5,2018,146,36,0.7745950222015381,0.0,0,0,0,0,0,0,1,0.7553000000000001,0.3553,43.900000631809235,144.60000091791153,144.60000091791153,271.10000091791153,326.900001347065,553.1999989449978,1400.1999987661839,0.8714285492897034,1.1663333177566528,0.9345555305480957,15.142857551574707,30.100000381469727,31.811111450195312,15.273333549499512,14.635555267333984,302.0,301.8766784667969,296.7066650390625,40.62666702270508,38.024444580078125,1.309999942779541,1.0,1.9700000286102295,2.700000047683716
-90.073,29.9915,0,-2,9,2018,251,6,1.3896573781967163,0.0,0,0,0,0,0,0,1,0.38670000000000004,0.2605,85.49999809265137,135.6999984383583,224.99999713897705,311.89999800920486,418.8999988436699,767.0999988913536,1360.1999988853931,1.028571367263794,1.1153333187103271,1.1884444952011108,13.571428298950195,17.366666793823242,22.122222900390625,17.530000686645508,16.397777557373047,303.9857177734375,304.95001220703125,305.6377868652344,54.3466682434082,52.695556640625,-1.7899999618530273,-1.649999976158142,0.7300000190734863,1.659999966621399
-83.9589,35.508,0,-2,11,2016,307,505,0.0,0.0,0,0,0,0,0,0,1,0.6065,0.35150000000000003,2.0999999046325684,17.00000011920929,17.400000125169754,54.09999993443489,103.80000022053719,405.3999984264374,1206.010803937912,1.059999942779541,0.9750000238418579,1.0172221660614014,30.285715103149414,31.0,25.66666603088379,15.616666793823242,16.591110229492188,298.8857116699219,297.91998291015625,301.3399963378906,34.720001220703125,42.65444564819336,-4.489999771118164,-3.759999990463257,-2.490000009536743,-1.0499999523162842
-80.15551,33.367043,0,-2,4,2016,110,34,0.2836731970310211,0.03,0,0,0,0,0,0,1,0.7442000000000001,0.406,1.399999976158142,13.899999976158142,76.200000166893,134.5999994277954,302.40000236034393,617.9994541704655,1715.0257634222507,0.9457142949104309,0.8190000057220459,0.7035555839538574,31.714284896850586,29.233333587646484,27.066667556762695,15.323333740234375,15.885555267333984,296.3428649902344,295.72332763671875,292.5966796875,39.77000045776367,41.68333435058594,3.75,4.260000228881836,3.9700000286102295,2.240000009536743
-81.84697222,33.11736111,0,-2,9,2017,250,90,0.08296006172895432,0.03,0,0,0,0,0,1,0,0.6322,0.4126,1.9000000357627869,7.900000035762787,45.89999985694885,165.5999991595745,264.89999732375145,560.39999589324,1119.3000003397465,1.322857141494751,1.193666696548462,1.1864444017410278,26.285715103149414,21.83333396911621,21.344444274902344,16.816667556762695,16.827777862548828,304.8143005371094,305.4166564941406,305.5433349609375,44.599998474121094,45.43777847290039,-0.9900000095367432,-0.75,-0.6000000238418579,-0.5099999904632568
-81.4352,26.9434,0,-2,11,2017,325,18,0.0,0.08485281374238571,0,0,0,1,0,0,0,0.6632,0.4485,9.100000381469727,13.900000244379044,96.79999977350235,262.69999861717224,632.0999985337257,1415.8000002503395,1631.8999988138676,0.7557142972946167,0.8163333535194397,1.0102221965789795,22.714284896850586,21.96666717529297,16.133333206176758,17.56999969482422,17.76555633544922,300.0714416503906,300.32666015625,303.42889404296875,49.16666793823242,51.56888961791992,3.390000104904175,3.200000047683716,-1.2000000476837158,-3.2200000286102295
-86.1981,30.3519,0,-2,7,2018,211,17,0.0,0.10816653826391967,0,0,0,0,1,0,0,0.6991,0.45890000000000003,18.000000417232513,48.800001084804535,179.60000330209732,304.60000294446945,490.5000053048134,965.4000057578087,1549.1000038981438,0.8157142996788025,0.8489999771118164,0.8645555377006531,14.0,13.066666603088379,17.600000381469727,18.649999618530273,18.011110305786133,304.8428649902344,305.0299987792969,304.2133483886719,57.03666687011719,55.4033317565918,-0.03999999910593033,0.5600000023841858,0.5799999833106995,-1.809999942779541
-83.21784444,32.95126667,0,-2,12,2018,341,117,0.005181416403502226,0.30886890422961005,0,0,1,0,0,0,0,0.6314000000000001,0.2735,28.599999606609344,37.19999969005585,164.20000445842743,417.50000512599945,438.70000499486923,762.900004029274,1408.1000018715858,0.488571435213089,0.4189999997615814,0.8571110963821411,19.14285659790039,15.833333015441895,22.266666412353516,18.670000076293945,17.350000381469727,288.94287109375,288.3733215332031,297.2177734375,50.63666534423828,46.003334045410156,2.2300000190734863,0.8600000143051147,1.1100000143051147,-1.309999942779541
-83.832465,35.171328,0,-2,3,2018,84,626,0.7042419910430908,0.03,1,0,0,0,0,0,0,0.5739000000000001,0.2584,35.49999964237213,48.89999997615814,162.9999996125698,388.09999999403954,443.3999988734722,776.9999952614307,1755.000000745058,0.3285714089870453,0.4336666762828827,0.38411110639572144,13.857142448425293,13.699999809265137,16.688888549804688,17.760000228881836,17.897777557373047,283.1571350097656,285.4433288574219,283.9366760253906,44.90999984741211,42.25,-0.7300000190734863,-1.2400000095367432,-1.1399999856948853,-1.3300000429153442
-79.395543,35.65754,0,-2,10,2016,303,154,0.3929845988750458,0.0,0,0,0,0,0,0,1,0.3801,0.1892,0.0,0.0,130.80000352859497,322.7000021934509,373.0000011920929,788.1000018417835,1494.2063118815422,0.7157142758369446,0.734000027179718,0.8894444704055786,25.428571701049805,18.16666603088379,20.0222225189209,18.203332901000977,17.9233341217041,295.44287109375,296.45001220703125,301.14666748046875,45.02000045776367,48.442222595214844,2.140000104904175,1.309999942779541,2.450000047683716,1.9500000476837158
-80.849998,33.216667,0,-2,4,2016,94,35,0.006349882110953331,0.10816653826391967,1,0,0,0,0,0,0,0.6001000000000001,0.2962,33.69999980926514,68.90000057220459,74.3000003695488,198.19999903440475,341.2999983429909,635.6067602038383,1512.8439660966396,0.9157142639160156,0.9390000104904175,0.6881111264228821,28.428571701049805,31.399999618530273,28.188888549804688,14.869999885559082,15.164444923400879,297.1571350097656,297.27667236328125,291.3177795410156,40.459999084472656,40.241111755371094,3.7899999618530273,4.190000057220459,3.2899999618530273,0.4300000071525574
-85.563,32.129,0,-2,10,2018,280,176,0.027166765183210373,0.03,0,1,0,0,0,0,0,0.7813,0.3552,0.0,28.50000038743019,39.20000037550926,168.00000229477882,253.20000234246254,716.2000009417534,1181.0999977886677,1.1085714101791382,1.0913333892822266,0.9624444246292114,24.285715103149414,21.66666603088379,18.200000762939453,17.536666870117188,17.89444351196289,304.5428466796875,305.2799987792969,304.74554443359375,48.29999923706055,51.70777893066406,2.069999933242798,2.069999933242798,1.309999942779541,-1.5199999809265137
-87.4354,30.7115,0,-2,3,2019,65,41,0.501813530921936,0.03,0,0,0,1,0,0,0,0.516,0.2984,55.999998807907104,76.29999899864197,116.19999831914902,176.5999974012375,467.599996984005,965.2999912798405,1972.1999878585339,0.5314285755157471,0.6993333101272583,0.5761110782623291,20.571428298950195,27.399999618530273,20.9777774810791,15.353333473205566,16.729999542236328,290.8999938964844,293.75,291.2533264160156,46.98666763305664,46.95333480834961,2.569999933242798,3.4800000190734863,2.609999895095825,-0.6600000262260437
-80.357384,33.808353,0,-2,12,2016,364,59,1.0453944206237793,0.042426406871192854,0,0,0,0,0,0,1,0.466,0.261,5.800000190734863,31.299999713897705,125.30000114440918,135.6000013947487,360.6999953389168,901.6999995708466,1539.8999955952168,0.5785714387893677,0.5256666541099548,0.7184444665908813,17.285715103149414,19.066667556762695,25.933332443237305,18.5766658782959,16.763334274291992,291.8857116699219,288.5833435058594,293.5255432128906,48.939998626708984,41.295555114746094,3.869999885559082,3.819999933242798,4.050000190734863,3.990000009536743
-78.824863,34.712118,0,-2,3,2016,82,41,0.3055785894393921,0.0,0,0,0,0,0,0,1,0.6172000000000001,0.33290000000000003,4.199999809265137,11.09999966621399,86.0000011920929,232.69999885559082,322.7529509663582,802.4546908736229,1488.5611224770546,1.1157143115997314,0.8656666874885559,0.6130145788192749,36.85714340209961,31.53333282470703,26.526588439941406,14.363333702087402,15.279465675354004,294.9142761230469,293.9700012207031,288.8934631347656,37.14666748046875,42.43922805786133,4.239999771118164,3.5299999713897705,2.299999952316284,1.100000023841858
-81.99169444,30.96397222,0,-2,1,2017,24,32,0.0,0.042426406871192854,0,0,0,0,0,0,1,0.5257000000000001,0.26180000000000003,112.6000007390976,113.30000072717667,168.10000059008598,261.8000018298626,263.3000018298626,701.8000030815601,1266.4000017642975,0.9200000166893005,0.7929999828338623,0.7737777829170227,18.571428298950195,18.233333587646484,23.600000381469727,18.016666412353516,17.790000915527344,297.3999938964844,295.30999755859375,295.8477783203125,42.709999084472656,40.983333587646484,-1.2300000190734863,-1.3600000143051147,-1.0199999809265137,-0.17000000178813934
-89.31988164,34.50371329,0,-2,12,2016,345,104,0.019209248945116997,0.042426406871192854,0,0,0,0,0,1,0,0.43860000000000005,0.1739,18.30000001192093,117.80000191926956,137.9000023305416,197.70000359416008,227.3000039756298,494.2000039219856,1374.9785659313202,0.2928571403026581,0.5590000152587891,0.9833333492279053,15.714285850524902,24.266666412353516,28.03333282470703,17.80666732788086,16.505556106567383,281.5857238769531,288.6000061035156,297.1166687011719,41.79666519165039,38.282222747802734,-3.259999990463257,-2.7200000286102295,-1.5099999904632568,0.949999988079071
-84.27628333,32.37796389,0,-2,9,2018,270,135,0.0,0.21,1,0,0,0,0,0,0,0.7348,0.4048,9.10000005364418,19.299999862909317,58.20000007748604,155.6999998986721,313.7000000476837,812.1999940276146,1225.4999965429306,1.1514285802841187,1.2113332748413086,1.0355556011199951,24.14285659790039,22.266666412353516,17.866666793823242,16.753334045410156,17.63222312927246,305.9285888671875,306.10333251953125,305.3455505371094,46.223331451416016,50.4466667175293,1.7200000286102295,2.190000057220459,2.0299999713897705,-2.009999990463257
-79.695423,36.212517,0,-2,1,2017,3,255,0.2968474328517914,0.0,0,0,0,0,0,0,1,0.22060000000000002,0.1494,44.50000077486038,46.400000751018524,70.1000004708767,94.30000028014183,211.79999741911888,492.0999971330166,1075.099993109703,0.42000001668930054,0.4266666769981384,0.6363333463668823,20.14285659790039,26.66666603088379,28.077777862548828,16.219999313354492,15.902222633361816,284.3999938964844,284.1533203125,289.98223876953125,42.4566650390625,39.063331604003906,-1.2599999904632568,0.6299999952316284,1.340000033378601,2.2899999618530273
-84.806133,35.478633,0,-2,2,2018,55,242,0.040035318583250046,0.12369316876852982,1,0,0,0,0,0,0,0.48360000000000003,0.19820000000000002,18.799999594688416,50.99999928474426,197.9000015258789,226.30000174045563,312.30000230669975,646.6000051498413,1484.0000032782555,0.5785714387893677,0.3266666531562805,0.3073333203792572,8.714285850524902,9.800000190734863,15.833333015441895,21.260000228881836,19.30555534362793,296.5142822265625,288.1000061035156,284.3788757324219,56.27000045776367,49.08444595336914,-1.6100000143051147,-1.6799999475479126,-0.6700000166893005,-1.1299999952316284
-80.9215,28.6849,0,-2,5,2018,134,4,0.004388934001326561,0.4883646178829912,0,0,0,0,1,0,0,0.7416,0.44870000000000004,62.0,64.00000005960464,106.40000087022781,229.00000089406967,232.90000092983246,373.2000017762184,1828.0000051259995,1.0085713863372803,1.034333348274231,0.981333315372467,28.714284896850586,30.133333206176758,30.788888931274414,14.773333549499512,15.027777671813965,301.25714111328125,300.989990234375,299.5877685546875,43.6533317565918,41.53888702392578,0.7799999713897705,0.8899999856948853,2.1600000858306885,3.2300000190734863
-78.017744,34.745291,0,-2,7,2019,202,23,0.3325594365596771,0.03,0,0,0,0,0,0,1,0.7531,0.517,8.700000077486038,44.30000099539757,76.30000087618828,135.10000109672546,166.1000012755394,447.00000235438347,1652.300011575222,1.6685714721679688,1.5216666460037231,1.383888840675354,26.285715103149414,27.66666603088379,30.83333396911621,15.513333320617676,14.75777816772461,309.1285705566406,307.8066711425781,305.2477722167969,41.540000915527344,40.766666412353516,1.3300000429153442,2.4000000953674316,3.990000009536743,5.409999847412109
-80.536892,35.610687,0,-2,9,2018,267,245,0.22494135797023773,0.0,0,0,1,0,0,0,0,0.7617,0.4988,0.0,160.90000438690186,208.40000420808792,435.7000012397766,614.6999976634979,919.4999969601631,1357.5999954342842,0.6614285707473755,0.7786666750907898,0.9013333320617676,15.285714149475098,14.633333206176758,16.488889694213867,18.81999969482422,18.3477783203125,301.8571472167969,303.0400085449219,303.663330078125,56.119998931884766,51.22666549682617,3.069999933242798,2.109999895095825,0.8500000238418579,-0.8700000047683716
-92.733,30.678,0,-2,9,2018,266,32,0.02797505632042885,0.03,0,1,0,0,0,0,0,0.7294,0.5009,36.30000066757202,87.69999957084656,187.50000020861626,270.19999918341637,378.5999963581562,627.7999988794327,1228.1000043153763,0.927142858505249,0.9909999966621399,1.138777732849121,13.142857551574707,17.299999237060547,21.066667556762695,18.579999923706055,17.315555572509766,305.6714172363281,305.2166748046875,306.0877685546875,54.1533317565918,50.0099983215332,-1.8300000429153442,-1.899999976158142,-1.4700000286102295,1.0199999809265137
-79.737066,35.158672,0,-2,11,2016,332,172,0.14686159789562225,0.0,0,0,0,1,0,0,0,0.4141,0.2386,0.0,0.0,8.199999809265137,173.80000352859497,442.4000015258789,697.7000041007996,1308.6924227774143,0.5514285564422607,0.7223333120346069,0.8013333082199097,36.85714340209961,32.266666412353516,23.85555648803711,14.619999885559082,16.770000457763672,289.5571594238281,292.0433349609375,297.1600036621094,34.76333236694336,43.98777770996094,0.7599999904632568,1.090000033378601,0.6399999856948853,1.9700000286102295
-82.42656667,33.41351389,0,-2,1,2017,4,162,0.7153306603431702,0.042426406871192854,0,0,0,1,0,0,0,0.3729,0.1822,158.79999923706055,160.79999923706055,216.79999923706055,306.8000013232231,331.1000012755394,558.3000010848045,1051.8000037968159,0.46142855286598206,0.4736666679382324,0.7601110935211182,16.85714340209961,19.700000762939453,28.9777774810791,18.48666763305664,16.4022216796875,289.1571350097656,288.6966552734375,293.45556640625,49.29666519165039,37.727779388427734,-2.5399999618530273,-2.880000114440918,-1.690000057220459,0.6000000238418579
-81.6867,28.2478,0,-2,6,2016,179,40,0.009585808031260967,0.24,0,0,0,0,1,0,0,0.8376,0.46830000000000005,36.79999989271164,60.500000298023224,237.39999967813492,388.5999956727028,435.3999955058098,775.9999958276749,1533.6143725514412,1.3742856979370117,1.2510000467300415,1.2318888902664185,21.285715103149414,18.53333282470703,25.488889694213867,17.46666717529297,16.053333282470703,307.5428466796875,306.5400085449219,304.39111328125,47.24333190917969,43.2488899230957,3.5899999141693115,3.559999942779541,2.890000104904175,2.259999990463257
-79.553681,36.511697,0,-2,11,2016,320,192,0.31143513321876526,0.042426406871192854,1,0,0,0,0,0,0,0.7179,0.3551,0.6000000238418579,1.2000000476837158,1.5000000596046448,257.5999980568886,282.499998152256,710.5000004172325,1431.3099747300148,0.6342856884002686,0.7776666879653931,0.8258888721466064,27.571428298950195,24.96666717529297,21.05555534362793,17.066667556762695,17.782222747802734,289.6856994628906,294.3299865722656,298.6622314453125,35.86666488647461,45.253334045410156,2.2300000190734863,2.2100000381469727,2.640000104904175,2.309999942779541
-79.966353,34.963006,0,-2,8,2018,228,146,0.0,0.0,0,0,0,0,0,0,1,0.8232,0.5253,48.89999920129776,71.49999940395355,175.79999965429306,250.69999903440475,344.1000003218651,629.0000025033951,1068.4000028073788,1.0014286041259766,0.9639999866485596,1.1472221612930298,15.428571701049805,16.766666412353516,21.77777862548828,18.553333282470703,16.639999389648438,304.8000183105469,304.57000732421875,304.6600036621094,50.70333480834961,47.27000045776367,-0.7300000190734863,-1.0199999809265137,-1.6200000047683716,-2.059999942779541
-83.42836111,31.36733611,0,-2,10,2018,278,86,0.14052601158618927,0.12727922061357855,1,0,0,0,0,0,0,0.7653000000000001,0.39490000000000003,2.100000023841858,13.700000286102295,30.30000051856041,120.79999986290932,289.6999986767769,784.39999589324,1173.99999538064,1.0571428537368774,1.1543333530426025,1.0117777585983276,22.571428298950195,21.899999618530273,15.966666221618652,17.149999618530273,18.004444122314453,304.971435546875,306.1000061035156,305.6611022949219,46.836666107177734,50.52333450317383,2.009999990463257,2.4700000286102295,-0.6100000143051147,-2.0299999713897705
-78.835261,34.98601,0,-2,8,2019,224,29,0.21060337126255035,0.0,1,0,0,0,0,0,0,0.6346,0.3783,6.900000095367432,39.69999948143959,75.3999995291233,167.29999896883965,262.29999873042107,576.9999988377094,1541.3000068366528,1.3757143020629883,1.3876667022705078,1.4539999961853027,24.714284896850586,27.299999237060547,31.155555725097656,15.796667098999023,14.677777290344238,307.0428466796875,306.7866516113281,306.1700134277344,41.483333587646484,40.81888961791992,2.7899999618530273,3.25,4.269999980926514,4.570000171661377
-87.622,31.038,0,-2,7,2018,185,75,0.9307777285575867,0.0,1,0,0,0,0,0,0,0.7859,0.3486,48.59999990463257,94.40000039339066,226.70000153779984,385.8000003695488,486.799997985363,807.2999970316887,1646.1999980509281,1.1428571939468384,1.0893332958221436,1.0146666765213013,12.714285850524902,13.666666984558105,22.211111068725586,18.299999237060547,16.931110382080078,306.3285827636719,305.2866516113281,302.522216796875,50.38666534423828,46.46111297607422,1.5399999618530273,1.1699999570846558,1.850000023841858,3.3399999141693115
-84.6651,29.8516,0,-2,5,2019,124,5,0.0,0.0,0,0,0,0,0,0,1,0.4796,0.3456,10.199999809265137,50.499999046325684,95.99999898672104,141.50000008940697,245.70000126957893,682.7999992072582,1959.9000002741814,1.0057142972946167,0.840666651725769,0.7411110997200012,25.428571701049805,24.100000381469727,26.188888549804688,16.953332901000977,16.288888931274414,301.9571533203125,299.60333251953125,296.67889404296875,46.970001220703125,46.01444625854492,2.140000104904175,2.380000114440918,3.8499999046325684,2.880000114440918
-84.52580833,30.90521667,0,-2,5,2018,137,50,3.385645866394043,0.03,0,0,0,0,0,0,1,0.6783,0.4466,46.39999985694885,46.39999985694885,76.19999986886978,162.80000042915344,231.5000021457672,551.000005453825,1146.2000060975552,1.5299999713897705,1.3289999961853027,0.9965555667877197,33.28571319580078,34.766666412353516,29.677778244018555,13.233333587646484,14.75,304.74285888671875,302.3666687011719,298.67889404296875,37.21333312988281,40.06222152709961,-2.8299999237060547,-2.809999942779541,-2.990000009536743,-2.3399999141693115
-80.5094,25.4032,0,-2,3,2017,73,8,0.08131232112646103,0.03,0,0,0,0,0,0,1,0.673,0.4303,24.000000715255737,25.900000751018524,64.50000149011612,78.50000149011612,110.00000113248825,465.09999972581863,1411.6000072956085,0.8514285683631897,0.8133333325386047,0.7566666603088379,23.285715103149414,23.133333206176758,20.622222900390625,17.81333351135254,18.327777862548828,302.21429443359375,301.3800048828125,300.6933288574219,47.84666442871094,49.774444580078125,-1.4199999570846558,0.5799999833106995,0.9599999785423279,1.6399999856948853
-83.43369444,30.87390278,0,-2,7,2019,200,68,0.08664021641016006,0.18248287590894657,1,0,0,0,0,0,0,0.8129000000000001,0.6156,4.900000035762787,82.29999852180481,171.69999635219574,269.89999705553055,330.29999673366547,611.9999959468842,1534.8999904096127,1.2885714769363403,1.283666729927063,1.3651111125946045,18.428571701049805,19.866666793823242,27.600000381469727,17.426666259765625,15.736666679382324,307.5,307.1933288574219,305.89776611328125,45.51000213623047,41.067779541015625,2.2200000286102295,2.4600000381469727,3.490000009536743,5.050000190734863
-77.926058,35.184436,0,-2,3,2016,83,46,0.9097933173179626,0.06,0,1,0,0,0,0,0,0.5331,0.41050000000000003,8.400000214576721,15.00000011920929,63.70000088214874,228.20000052452087,355.58920580148697,825.9809395074844,1652.8397886157036,0.854285717010498,0.7670000195503235,0.543910801410675,33.0,29.83333396911621,24.589242935180664,14.853333473205566,15.805072784423828,292.8571472167969,293.1833190917969,288.076171875,38.90666580200195,44.606380462646484,5.75,5.170000076293945,4.010000228881836,2.9000000953674316
-82.4636,27.4406,0,-2,2,2018,48,11,0.0,0.0,0,0,0,0,0,0,1,0.38480000000000003,0.1807,3.0,20.700000762939453,65.80000230669975,88.50000184774399,121.900001257658,721.7000052630901,1540.1000090837479,0.9628571271896362,0.8396666646003723,0.7183333039283752,25.714284896850586,24.799999237060547,23.288888931274414,17.25,18.128889083862305,301.1000061035156,298.3699951171875,296.9322204589844,43.996665954589844,46.47888946533203,0.5400000214576721,0.9599999785423279,2.069999933242798,-1.0800000429153442
-80.113617,35.6726,0,-2,12,2016,364,202,0.06932645291090012,0.0,0,0,0,0,0,0,1,0.49400000000000005,0.2485,7.999999821186066,14.599999725818634,64.09999924898148,74.89999908208847,182.79999965429306,527.9999969303608,1055.599994033575,0.5285714268684387,0.46833333373069763,0.652555525302887,27.0,25.0,27.4777774810791,17.10333251953125,16.30555534362793,288.75714111328125,285.1766662597656,291.04443359375,42.06666564941406,37.79999923706055,-1.0800000429153442,0.7799999713897705,1.4299999475479126,2.1600000858306885
-79.436331,35.09117,0,-2,3,2017,79,127,1.6397125720977783,0.0,0,1,0,0,0,0,0,0.4854,0.2908,7.300000071525574,29.900000274181366,43.20000046491623,95.4000009894371,193.6000016927719,673.0999991893768,1447.2000032961369,0.6700000166893005,0.7583333253860474,0.632444441318512,34.42856979370117,34.900001525878906,25.633333206176758,13.136666297912598,15.720000267028809,287.5428466796875,291.2466735839844,289.46221923828125,30.753334045410156,36.94888687133789,1.2100000381469727,2.2100000381469727,2.8499999046325684,1.2799999713897705
-79.752122,34.86339,0,-2,1,2016,23,95,0.09998141974210739,0.06,0,0,0,1,0,0,0,0.5327000000000001,0.23850000000000002,25.499999165534973,39.69999897480011,97.64666599035263,230.09288170933723,496.8552018404007,901.5158988535404,1444.330824881792,0.30142855644226074,0.40697285532951355,0.44875413179397583,20.428571701049805,17.60210609436035,14.739354133605957,16.850509643554688,18.798120498657227,277.4428405761719,285.218017578125,289.66845703125,48.469810485839844,50.7408561706543,3.4700000286102295,2.490000009536743,0.6800000071525574,-0.05999999865889549
-83.53305556,34.71611111,0,-2,3,2017,71,515,0.46662265062332153,0.03,1,0,0,0,0,0,0,0.6068,0.24080000000000001,32.500000953674316,57.50000059604645,74.80000054836273,169.19999822974205,277.6999977529049,448.99999809265137,1090.6999980509281,0.6657142639160156,0.6726666688919067,0.5346666574478149,30.714284896850586,31.633333206176758,24.399999618530273,13.136666297912598,15.710000038146973,288.81427001953125,289.9466552734375,287.22332763671875,32.676666259765625,38.91222381591797,-5.619999885559082,-5.199999809265137,-4.690000057220459,-2.4700000286102295
-82.69458056,31.72152778,0,-2,4,2017,101,87,12.74035930633545,0.03,1,0,0,0,0,0,0,0.5919,0.4142,56.099998474121094,70.49999848008156,89.09999886155128,105.39999887347221,310.3999967575073,576.300000578165,1283.2000000178814,0.9800000190734863,1.0323333740234375,0.8820000290870667,35.28571319580078,37.20000076293945,30.58888816833496,13.74666690826416,15.008889198303223,297.70001220703125,297.5666809082031,296.2300109863281,36.47666549682617,38.163333892822266,-0.9700000286102295,0.8700000047683716,0.8100000023841858,-0.03999999910593033
-92.4036,32.3303,0,-2,4,2019,99,58,0.0083019332960248,0.0,0,0,0,0,0,0,1,0.8407,0.4408,127.6000018119812,133.20000171661377,170.2000012397766,347.2000010609627,489.200002014637,1223.400005042553,1990.200004607439,0.5614286065101624,0.746999979019165,0.5322222113609314,14.714285850524902,25.33333396911621,18.9777774810791,16.116666793823242,17.21666717529297,296.5,295.0033264160156,290.685546875,41.1533317565918,47.11000061035156,3.6500000953674316,4.230000019073486,3.759999990463257,1.190000057220459
-80.464313,35.488705,0,-2,3,2016,71,225,0.05002742260694504,0.03,1,0,0,0,0,0,0,0.5439,0.2495,1.2000000476837158,5.299999952316284,76.89999955892563,134.99999964237213,342.8340651988983,856.921836078167,1314.1653500199318,0.7742856740951538,0.5289999842643738,0.4409787654876709,29.571428298950195,26.933332443237305,19.96535873413086,14.866666793823242,16.91843605041504,294.6714172363281,287.49334716796875,286.1761169433594,36.3033332824707,43.479549407958984,3.4600000381469727,3.819999933242798,2.609999895095825,-3.0
-79.068033,34.977417,0,-2,2,2018,53,55,2.0483782291412354,0.0,0,0,0,0,0,0,1,0.595,0.2285,3.0,9.699999928474426,108.10000169277191,145.00000190734863,231.90000301599503,451.1999988555908,1216.89999589324,0.7871428728103638,0.6240000128746033,0.5454444289207458,26.571428298950195,25.633333206176758,27.44444465637207,16.51333236694336,15.975555419921875,295.1571350097656,290.5666809082031,287.4044494628906,40.51000213623047,37.08000183105469,-1.4900000095367432,-1.6200000047683716,1.0399999618530273,2.5199999809265137
-79.211738,35.363508,0,-2,1,2018,3,126,1.6240732669830322,0.042426406871192854,0,0,0,0,0,0,1,0.4914,0.25020000000000003,6.800000190734863,6.800000190734863,77.6999985575676,109.69999784231186,177.59999573230743,371.69999873638153,896.9000013768673,0.41428571939468384,0.41733333468437195,0.5669999718666077,37.42856979370117,26.200000762939453,25.83333396911621,15.960000038146973,16.60333251953125,276.9428405761719,283.260009765625,289.85888671875,37.00666809082031,40.80555725097656,-2.700000047683716,-2.559999942779541,-1.809999942779541,-0.6399999856948853
-79.699997,34.716667,0,-2,11,2016,330,75,0.7075909376144409,0.0,0,0,0,0,0,1,0,0.6069,0.3064,0.4000000059604645,30.69999924302101,30.69999924302101,289.99999621510506,449.69999608397484,917.5999943614006,1514.9576695859432,0.7285714149475098,0.7839999794960022,0.9183333516120911,33.28571319580078,29.399999618530273,24.100000381469727,15.970000267028809,16.948888778686523,291.55712890625,293.74334716796875,298.6488952636719,35.11333465576172,42.51777648925781,2.119999885559082,2.259999990463257,1.9900000095367432,1.8799999952316284
-84.24695,35.117333,0,-2,3,2017,85,540,0.4375707805156708,0.0,1,0,0,0,0,0,0,0.5787,0.2964,29.600000143051147,45.80000042915344,121.80000066757202,182.3000013232231,309.90000218153,449.8000037372112,1011.4000026583672,0.8614286184310913,0.6006666421890259,0.5054444670677185,22.85714340209961,22.96666717529297,19.322221755981445,16.0,17.40999984741211,294.4142761230469,288.6233215332031,287.727783203125,35.2599983215332,40.83777618408203,-5.510000228881836,-5.550000190734863,-5.159999847412109,-3.2699999809265137
-78.962535,36.337907,0,-2,4,2017,93,187,0.13870453834533691,0.03,0,1,0,0,0,0,0,0.5491,0.3311,45.59999918937683,51.29999905824661,70.29999926686287,103.69999966025352,176.89999976754189,408.39999997615814,1218.7000031471252,0.7942857146263123,0.7333333492279053,0.6107777953147888,28.714284896850586,35.66666793823242,27.08888816833496,13.24666690826416,15.326666831970215,294.0714416503906,289.8933410644531,287.9422302246094,31.713333129882812,34.75777816772461,-1.7300000190734863,1.2999999523162842,2.0399999618530273,2.569999933242798
-79.695009,34.858428,0,-2,6,2018,151,105,0.5231929421424866,0.0,0,0,0,0,0,0,1,0.6862,0.3598,21.299999594688416,74.1000007390976,93.60000109672546,196.10000252723694,256.60000199079514,515.5999988615513,918.8999941051006,1.0542857646942139,1.2943333387374878,0.9803333282470703,21.0,32.099998474121094,32.82222366333008,14.393333435058594,13.703332901000977,302.8857116699219,303.1099853515625,296.0633239746094,43.246665954589844,38.17555618286133,-2.6500000953674316,-2.680000066757202,-2.680000066757202,-2.619999885559082
-86.866,34.462,0,-2,1,2018,29,219,0.748427152633667,0.03,0,0,0,0,0,0,1,0.3789,0.2159,10.399999737739563,13.599999785423279,42.700000286102295,176.09999865293503,203.09999877214432,654.0999995470047,1471.499998986721,0.4457142651081085,0.38966667652130127,0.4479999840259552,27.0,28.899999618530273,25.011110305786133,14.766666412353516,16.613332748413086,286.8428649902344,281.8466796875,286.0755615234375,37.733333587646484,42.36555480957031,1.6299999952316284,2.140000104904175,2.680000066757202,1.4199999570846558
-87.013,32.485,0,-2,7,2018,190,62,0.9097188711166382,0.0,1,0,0,0,0,0,0,0.8482000000000001,0.6439,19.19999998807907,63.40000003576279,163.69999980926514,478.20000156760216,601.9999985694885,979.4000020623207,1587.7000034153461,1.028571367263794,1.037333369255066,1.0466666221618652,15.857142448425293,15.533333778381348,22.299999237060547,17.696666717529297,16.54111099243164,305.6571350097656,305.6666564941406,303.0211181640625,51.630001068115234,46.67777633666992,3.7300000190734863,2.7200000286102295,1.7899999618530273,2.390000104904175
-83.89955556,32.83586111,0,-2,1,2016,12,147,0.0,0.0,0,0,0,0,0,0,1,0.5597,0.2121,4.899999976158142,34.6605418920517,336.58636248111725,391.05878150463104,533.5531148612499,842.5057029426098,1387.4463788568974,0.37857142090797424,0.48804667592048645,0.6353379487991333,20.285715103149414,13.782145500183105,18.658784866333008,18.595975875854492,17.842206954956055,285.3714294433594,290.3500671386719,293.65948486328125,51.09169387817383,46.969730377197266,1.2999999523162842,0.5400000214576721,-1.0399999618530273,0.6399999856948853
-76.920687,35.505461,0,-2,3,2019,88,6,0.06263060122728348,0.0,1,0,0,0,0,0,0,0.6849000000000001,0.3824,19.100000381469727,52.80000138282776,95.60000279545784,208.3000033199787,283.80000296235085,656.8000005185604,1580.3999922275543,0.7928571105003357,0.5519999861717224,0.46122223138809204,25.428571701049805,21.433332443237305,18.94444465637207,16.309999465942383,17.21666717529297,292.32855224609375,289.28668212890625,287.8288879394531,43.88333511352539,46.95777893066406,4.429999828338623,4.510000228881836,4.53000020980835,3.4200000762939453
-79.452153,34.704852,0,-2,2,2019,58,60,0.047506798058748245,0.06,0,0,0,0,0,1,0,0.5165000000000001,0.27140000000000003,14.999999910593033,40.89999929070473,53.39999929070473,135.99999868869781,331.89999985694885,1102.399996459484,1799.5000001192093,0.48428571224212646,0.5643333196640015,0.4716666638851166,19.285715103149414,24.03333282470703,18.41111183166504,16.190000534057617,17.565555572509766,290.05712890625,289.76666259765625,288.1499938964844,45.28666687011719,47.00777816772461,4.960000038146973,5.619999885559082,3.9100000858306885,-1.559999942779541
-83.31010833,34.40725,0,-2,12,2018,336,253,0.7791172862052917,0.03,0,0,0,0,0,0,1,0.5246000000000001,0.2581,61.000000059604645,84.29999923706055,251.49999505281448,359.2999964058399,432.2999959886074,767.4999950230122,1634.2999964356422,0.36714285612106323,0.33500000834465027,0.69477778673172,14.857142448425293,11.600000381469727,18.433332443237305,19.90333366394043,18.101110458374023,286.1142883300781,287.1533203125,295.8900146484375,52.8033332824707,49.5099983215332,2.9800000190734863,2.180000066757202,2.8299999237060547,1.6699999570846558
-86.8,30.791,0,-2,2,2017,44,55,0.0,0.03,1,0,0,0,0,0,0,0.6315000000000001,0.2712,31.399999618530273,31.399999618530273,124.5,439.09999242424965,696.8999975025654,863.7999984622002,1961.600004464388,0.8328571319580078,0.79666668176651,0.7435555458068848,20.285715103149414,19.566667556762695,21.700000762939453,17.286666870117188,17.447778701782227,296.78570556640625,295.4166564941406,294.36334228515625,40.0533332824707,41.380001068115234,2.25,1.7999999523162842,-1.1200000047683716,1.4500000476837158
-85.99415024,33.32978112,0,-2,6,2019,170,322,0.008978065103292465,0.08485281374238571,1,0,0,0,0,0,0,0.8448,0.5848,48.90000057220459,118.7000013589859,122.40000140666962,202.3000002503395,330.9999997615814,898.800000667572,1737.200003772974,0.895714282989502,0.984666645526886,0.859666645526886,16.14285659790039,21.433332443237305,22.08888816833496,17.239999771118164,17.11888885498047,302.1428527832031,303.4033203125,299.651123046875,49.83333206176758,46.377777099609375,1.75,2.2300000190734863,3.1700000762939453,1.7999999523162842
-79.167529,36.01748,0,-2,2,2016,55,218,0.10839871317148209,0.10816653826391967,1,0,0,0,0,0,0,0.47740000000000005,0.19870000000000002,51.49999886751175,89.19999951124191,108.79999989271164,206.89554461836815,374.3084320127964,812.685923576355,1381.974350899458,0.4242857098579407,0.4180000126361847,0.38589218258857727,26.85714340209961,25.066667556762695,19.315656661987305,16.049999237060547,17.503698348999023,287.3999938964844,284.0400085449219,285.1895446777344,44.64666748046875,47.28882598876953,3.380000114440918,3.2799999713897705,1.5299999713897705,-0.5799999833106995
-87.185,33.896,0,-2,7,2019,199,148,0.00977187231183052,0.27,1,0,0,0,0,0,0,0.8589,0.6092000000000001,44.19999980926514,69.59999942779541,127.1999993622303,193.90000012516975,332.79999908804893,985.6000058948994,1921.9000072777271,0.895714282989502,1.0413333177566528,0.9888888597488403,15.0,17.766666412353516,20.677778244018555,17.520000457763672,16.931110382080078,304.3143005371094,305.3466796875,302.7966613769531,51.72666549682617,48.81444549560547,3.1700000762939453,3.7200000286102295,4.349999904632568,3.5299999713897705
-81.87972222,33.05155556,0,-2,10,2016,288,80,0.0020254834089428186,0.19209372712298545,0,0,0,0,0,1,0,0.7994,0.39690000000000003,4.699999809265137,120.39999675750732,122.59999671578407,307.200001090765,389.9000022113323,763.9000034034252,1335.0349066853523,0.9099999666213989,1.0076667070388794,1.2103333473205566,27.0,26.5,24.377777099609375,16.503334045410156,16.621110916137695,298.81427001953125,301.9633483886719,305.1400146484375,42.913333892822266,43.338890075683594,1.190000057220459,0.9800000190734863,1.8899999856948853,1.0099999904632568
-82.67571389,31.27289444,0,-2,1,2017,1,52,0.025009119883179665,0.03,0,0,0,0,0,1,0,0.6181,0.2844,8.799999833106995,25.399999856948853,124.89999949932098,130.69999969005585,190.0000011920929,494.0999968647957,1219.9999934136868,0.8171428442001343,0.625,0.879444420337677,20.571428298950195,22.600000381469727,29.455554962158203,18.236665725708008,16.414443969726562,294.4428405761719,293.913330078125,297.1433410644531,48.20000076293945,39.49333190917969,-1.7599999904632568,-2.0899999141693115,-1.2200000286102295,0.6600000262260437
-78.63252,36.063838,0,-2,11,2019,323,117,0.40445834398269653,0.0,0,0,0,0,0,0,1,0.7507,0.306,14.999999523162842,37.49999886751175,66.19999906420708,129.70000019669533,183.60000106692314,519.0000022053719,1149.6000036895275,0.2728571593761444,0.41366666555404663,0.7848888635635376,19.0,19.433332443237305,23.311111450195312,18.483333587646484,17.204444885253906,281.24285888671875,289.5899963378906,297.22222900390625,48.723331451416016,47.163333892822266,0.7900000214576721,1.0800000429153442,2.680000066757202,4.099999904632568
-88.80972222,31.72083333,0,-2,10,2019,274,91,0.03337350860238075,0.03,0,0,0,0,0,0,1,0.6665,0.33790000000000003,0.0,0.0,17.600000023841858,114.70000052452087,227.40000042319298,695.0999982655048,1647.3999960422516,1.5028572082519531,1.46833336353302,1.2389999628067017,30.428571701049805,29.16666603088379,24.177778244018555,16.143333435058594,16.778888702392578,308.1428527832031,307.7166748046875,306.5888977050781,39.7400016784668,46.38333511352539,1.1799999475479126,1.9800000190734863,2.6500000953674316,2.490000009536743
-83.1296,30.3592,0,-2,2,2019,51,30,0.03738413378596306,0.06,1,0,0,0,0,0,0,0.7389,0.4868,0.0,6.300000190734863,81.90000033378601,157.99999976158142,375.2999985218048,726.4999981820583,1669.1999969482422,0.7657142877578735,0.6256666779518127,0.5565555691719055,35.0,26.433332443237305,19.044445037841797,15.170000076293945,17.795555114746094,297.5,293.63665771484375,292.5677795410156,45.45333480834961,47.95111083984375,3.9700000286102295,4.489999771118164,2.740000009536743,2.680000066757202
-86.858,32.986,0,-2,12,2019,362,160,0.035540513694286346,0.03,0,0,0,1,0,0,0,0.4798,0.2358,46.09999918937683,99.39999842643738,142.7999986410141,247.79999774694443,389.5999970138073,591.7999978363514,1450.1999911665916,0.44857144355773926,0.4856666624546051,0.6861110925674438,12.571428298950195,17.399999618530273,22.211111068725586,17.623332977294922,17.36111068725586,291.528564453125,289.2933349609375,293.1766662597656,48.880001068115234,44.70111083984375,-1.6699999570846558,-1.7100000381469727,1.100000023841858,3.2100000381469727
-83.4361,30.4872,0,-2,7,2016,211,38,0.0959622859954834,0.03,0,0,1,0,0,0,0,0.6905,0.40940000000000004,13.399999618530273,53.899999141693115,128.49999791383743,264.8999971151352,297.3999972641468,638.5999978780746,1260.6512180566788,1.3971428871154785,1.3456666469573975,1.3305555582046509,23.714284896850586,24.933332443237305,30.311111450195312,16.6733341217041,15.39555549621582,307.81427001953125,307.64666748046875,306.03778076171875,45.233333587646484,43.114444732666016,-0.7300000190734863,-0.05999999865889549,0.6200000047683716,1.059999942779541
-84.49805556,30.28972222,0,-2,5,2018,148,29,0.0,0.10816653826391967,1,0,0,0,0,0,0,0.7292000000000001,0.40940000000000004,80.69999995827675,155.2000004351139,168.30000081658363,274.89999905228615,421.6999973356724,663.0000007450581,1602.9000000059605,0.9099999666213989,1.2756667137145996,1.0,17.0,29.100000381469727,28.233333587646484,14.90666675567627,15.424444198608398,302.0428466796875,303.17333984375,298.9044494628906,42.016666412353516,40.15444564819336,-1.090000033378601,-1.3300000429153442,-1.4800000190734863,0.75
-93.6117,31.6637,0,-2,3,2018,74,86,0.6090354323387146,0.042426406871192854,1,0,0,0,0,0,0,0.618,0.3075,17.299999713897705,29.90000009536743,314.89999705553055,449.199998319149,558.5999992787838,650.2999995648861,1845.7999946177006,0.758571445941925,0.721666693687439,0.512333333492279,24.428571701049805,17.133333206176758,21.55555534362793,17.643333435058594,17.389999389648438,293.8428649902344,295.0966796875,289.1422119140625,44.630001068115234,45.47666549682617,2.9000000953674316,1.7899999618530273,2.9800000190734863,4.139999866485596
-82.1243,30.0224,0,-2,8,2017,216,49,0.30334794521331787,0.06,0,0,0,1,0,0,0,0.7398,0.523,99.19999837875366,121.19999814033508,245.09999957680702,575.1000030338764,674.5000044703484,808.0000048279762,1399.500010997057,0.7471428513526917,1.0083333253860474,1.153666615486145,10.0,12.866666793823242,19.55555534362793,18.35333251953125,17.4022216796875,303.29998779296875,305.5,305.07110595703125,52.28333282470703,47.086666107177734,-1.5099999904632568,-2.059999942779541,-3.059999942779541,-1.690000057220459
-79.242764,34.650794,0,-2,3,2017,89,44,0.46299704909324646,0.03,0,0,0,0,0,1,0,0.5940000000000001,0.3171,10.90000033378601,37.30000114440918,91.20000147819519,121.80000066757202,195.59999975562096,684.5999964773655,1479.7999939024448,1.0785714387893677,0.8366666436195374,0.7385555505752563,32.0,31.33333396911621,26.94444465637207,14.263333320617676,15.341111183166504,298.8714294433594,292.59332275390625,291.5577697753906,32.47999954223633,36.06666564941406,2.3299999237060547,3.0199999809265137,4.150000095367432,2.740000009536743
-89.84350311,33.75663681,0,-2,1,2016,9,101,0.31873929500579834,0.042426406871192854,1,0,0,0,0,0,0,0.4979,0.22510000000000002,14.500000357627869,34.91116511821747,137.80351316928864,269.64940536022186,429.0218300819397,516.7484902143478,1358.1431436538696,0.38285714387893677,0.4518975615501404,0.6020715832710266,19.285715103149414,14.947272300720215,20.33765983581543,18.522172927856445,18.108325958251953,284.6142883300781,289.2711486816406,292.3228454589844,51.635353088378906,48.2266731262207,-1.3200000524520874,-1.2699999809265137,-1.6799999475479126,2.009999990463257
-88.8798,36.472917,0,-2,12,2016,336,130,0.0274257380515337,0.06,0,0,0,1,0,0,0,0.42610000000000003,0.2647,40.099998474121094,64.29999876022339,65.79999876022339,97.3999993801117,129.50000017881393,415.9999979734421,1257.320985764265,0.34857141971588135,0.6536666750907898,0.9205555319786072,22.85714340209961,29.933332443237305,28.35555648803711,16.170000076293945,16.182222366333008,285.6714172363281,290.086669921875,297.25,37.83333206176758,39.648887634277344,-2.059999942779541,-1.149999976158142,1.2699999809265137,1.4600000381469727
-82.1735,27.081,0,-2,2,2017,53,12,3.616727590560913,0.0,0,0,0,0,0,0,1,0.5074000000000001,0.3044,17.500000476837158,17.500000476837158,31.000000953674316,51.90000119805336,58.20000144839287,647.5000004768372,1730.4000003039837,0.9142857193946838,0.9223333597183228,0.9072222113609314,27.714284896850586,27.133333206176758,25.16666603088379,16.530000686645508,17.296667098999023,299.5428466796875,298.9700012207031,299.7189025878906,40.02000045776367,43.768890380859375,-1.9299999475479126,1.1799999475479126,2.75,1.350000023841858
-79.331511,34.786158,0,-2,2,2019,35,60,0.2842971682548523,0.03,0,0,0,0,0,0,1,0.4778,0.2504,4.599999904632568,25.600000619888306,62.000001668930054,220.3000046312809,387.70000234246254,994.6000066697598,1648.3000068068504,0.5900000333786011,0.4749999940395355,0.4273333251476288,29.0,21.899999618530273,16.299999237060547,15.983333587646484,18.229999542236328,288.24285888671875,286.0733337402344,287.34112548828125,38.663333892822266,47.21555709838867,4.75,4.900000095367432,2.819999933242798,-1.9600000381469727
-87.425,33.789,0,-2,11,2018,308,202,0.2720082700252533,0.0670820393249937,1,0,0,0,0,0,0,0.6990000000000001,0.3526,26.799999713897705,43.49999934434891,100.80000096559525,181.90000116825104,232.90000113844872,877.8000010848045,1643.2999999821186,0.6385714411735535,0.7649999856948853,1.0154443979263306,20.571428298950195,23.700000762939453,22.700000762939453,16.89666748046875,17.016666412353516,293.9857177734375,295.7633361816406,301.8355712890625,45.45000076293945,47.46888732910156,2.009999990463257,2.3499999046325684,2.9100000858306885,0.14000000059604645
-83.12153889,32.02941111,0,-2,5,2019,126,106,0.019849523901939392,0.042426406871192854,0,0,0,0,0,1,0,0.3874,0.2826,2.5,2.5,74.20000100135803,120.80000108480453,180.70000046491623,656.699999153614,1586.4999980032444,1.1228570938110352,1.0633333921432495,0.8366666436195374,34.42856979370117,30.5,30.200000762939453,15.073332786560059,14.937777519226074,303.5428466796875,300.88665771484375,296.564453125,40.61333465576172,41.75,2.609999895095825,2.940000057220459,4.510000228881836,2.4100000858306885
-78.937254,35.250037,0,-2,6,2018,175,91,2.168628692626953,0.03,1,0,0,0,0,0,0,0.6233000000000001,0.44670000000000004,31.999999344348907,46.5999995470047,109.89999973773956,163.19999888539314,262.79999831318855,535.8999992311001,978.6000002622604,1.7757142782211304,1.2946666479110718,1.13100004196167,29.428571701049805,26.299999237060547,30.399999618530273,15.479999542236328,14.173333168029785,308.29998779296875,304.8466796875,300.4144592285156,45.25666809082031,40.723331451416016,-1.3899999856948853,-1.4199999570846558,-1.4199999570846558,-1.3300000429153442
-80.339111,33.770096,0,-2,2,2017,43,55,0.12764836847782135,0.03,0,0,0,0,0,1,0,0.5112,0.2417,16.09999990463257,18.99999988079071,58.499999672174454,155.79999813437462,250.8999981880188,763.2999868094921,1503.5999883711338,0.8271428346633911,0.7316666841506958,0.6097777485847473,23.0,22.366666793823242,21.5222225189209,16.483333587646484,17.405555725097656,294.1142883300781,292.2099914550781,290.3822326660156,37.63999938964844,41.313331604003906,3.880000114440918,4.210000038146973,4.610000133514404,4.039999961853027
-84.22175,32.50905556,0,-2,2,2016,43,194,0.006216542795300484,0.08485281374238571,1,0,0,0,0,0,0,0.6401,0.3332,0.0,54.90000140666962,120.20000231266022,480.3174866139889,559.373845666647,909.0011448860168,1571.9604765176773,0.5899999737739563,0.5223333239555359,0.6235508322715759,31.14285659790039,25.100000381469727,23.13386344909668,15.433333396911621,16.174177169799805,286.24285888671875,287.8133239746094,291.09979248046875,38.77000045776367,41.72937774658203,2.0399999618530273,1.7999999523162842,-0.7400000095367432,-1.100000023841858
-81.78044167,31.29558333,0,-2,3,2016,78,24,0.9817536473274231,0.03,1,0,0,0,0,0,0,0.5875,0.2992,19.699999570846558,19.699999570846558,32.99999928474426,138.30000114440918,237.70328569412231,414.08172276616096,1241.9443806409836,1.0514285564422607,0.7749999761581421,0.6262508630752563,24.85714340209961,25.766666412353516,22.475223541259766,16.67333221435547,17.47538948059082,300.6285705566406,296.760009765625,293.2745361328125,39.5533332824707,43.03048324584961,-0.5699999928474426,-0.029999999329447746,0.30000001192092896,0.9200000166893005
-83.42416667,31.52416667,0,-2,2,2016,41,90,0.2706768214702606,0.03,0,0,0,0,0,1,0,0.4451,0.22,7.199999988079071,91.99999684095383,150.299997985363,240.05161449313164,312.3862650692463,623.0119032561779,1284.9674195349216,0.4957142770290375,0.4659999907016754,0.5346741676330566,23.285715103149414,21.299999237060547,20.40607452392578,17.420000076293945,17.676916122436523,284.8428649902344,288.0799865722656,291.32977294921875,44.92000198364258,48.728389739990234,1.2100000381469727,1.3899999856948853,1.5299999713897705,1.8799999952316284
-80.199748,35.340402,0,-2,3,2019,89,140,0.0,0.0,0,0,0,0,0,0,1,0.378,0.1927,13.200000166893005,25.00000011920929,86.60000002384186,228.6999985575676,354.0999987125397,977.7999995052814,1912.5000076591969,0.8671428561210632,0.5786666870117188,0.4704444408416748,27.0,19.799999237060547,16.155555725097656,15.83666706085205,17.364444732666016,293.471435546875,289.2266540527344,287.3988952636719,41.5,44.81222152709961,5.820000171661377,5.820000171661377,5.389999866485596,2.0
-90.20601295,31.51205832,0,-2,10,2016,297,130,0.07790602743625641,0.0,1,0,0,0,0,0,0,0.785,0.3996,17.5,17.5,22.700000166893005,117.69999891519547,356.899997651577,700.1999991238117,1865.7840004563332,1.0928571224212646,1.1323332786560059,1.056666612625122,27.0,28.433332443237305,20.94444465637207,16.1733341217041,17.31333351135254,300.5714416503906,302.4433288574219,304.5344543457031,38.96666717529297,46.47444534301758,1.1200000047683716,1.5499999523162842,1.190000057220459,1.8600000143051147
-82.6132,29.8627,0,-2,3,2016,61,18,0.3044760525226593,0.03,0,0,0,1,0,0,0,0.45740000000000003,0.24300000000000002,3.9000000953674316,11.600000143051147,104.10000014305115,174.39999955892563,221.61202836036682,389.6449063718319,1349.4617020487785,0.9314285516738892,0.8326666355133057,0.7408540844917297,35.71428680419922,27.299999237060547,25.10237693786621,15.703332901000977,16.749792098999023,295.05712890625,295.21331787109375,294.8153991699219,37.88666534423828,43.39318084716797,-1.0,-1.149999976158142,0.9200000166893005,1.7599999904632568
-83.0347,35.7028,0,-2,3,2017,72,714,0.0,0.03,0,0,0,0,0,0,1,0.5445,0.1179,28.59999942779541,46.89999961853027,77.09999907016754,186.7000008225441,241.20000132918358,395.3000014126301,848.5000046789646,0.49142858386039734,0.5419999957084656,0.46133333444595337,25.571428298950195,26.933332443237305,20.88888931274414,14.203332901000977,16.274444580078125,284.9571533203125,287.1333312988281,285.1722106933594,32.18000030517578,37.45222091674805,-5.260000228881836,-5.119999885559082,-5.369999885559082,-3.5
-86.00615,35.563733,0,-2,3,2016,82,349,0.2439572960138321,0.09,0,0,0,0,0,0,1,0.629,0.4212,0.0,19.399999618530273,82.79999876022339,258.49999648332596,466.95708560943604,896.1623494923115,1719.0354037582874,0.7057142853736877,0.6159999966621399,0.4114516079425812,27.571428298950195,17.66666603088379,14.606087684631348,17.25666618347168,18.24640655517578,290.82855224609375,290.84332275390625,285.6419982910156,44.41666793823242,47.40980911254883,3.200000047683716,3.390000104904175,2.7200000286102295,2.1600000858306885
-83.71371944,32.06946111,0,-2,9,2018,267,114,0.012675972655415535,0.0,0,0,0,0,0,0,1,0.765,0.4228,0.0,16.100000202655792,62.500001072883606,197.30000284314156,394.9000028669834,781.4000037908554,1185.4000021219254,1.309999942779541,1.1516666412353516,0.9869999885559082,27.714284896850586,21.233333587646484,17.03333282470703,16.996665954589844,17.982221603393555,306.71429443359375,305.99334716796875,305.4800109863281,47.66666793823242,51.55555725097656,1.6799999475479126,1.7699999809265137,-1.059999942779541,-1.7599999904632568
-81.3269,29.5046,0,-2,7,2016,187,11,0.30194583535194397,0.042426406871192854,0,0,1,0,0,0,0,0.8167000000000001,0.433,29.100000858306885,53.20000088214874,221.10000520944595,326.0000062584877,418.300005286932,695.8000031709671,1400.0741618573666,1.1828571557998657,1.1706666946411133,1.1319999694824219,18.14285659790039,20.366666793823242,27.633333206176758,17.15333366394043,15.744444847106934,307.0714416503906,306.1333312988281,303.72222900390625,49.00666809082031,45.599998474121094,-0.949999988079071,-1.149999976158142,-0.8100000023841858,-1.2000000476837158
-84.139525,31.94007222,0,-2,6,2019,172,105,0.10004211217164993,0.03,0,0,0,0,0,0,1,0.6852,0.42600000000000005,40.699999153614044,101.89999723434448,159.39999705553055,213.3999980688095,333.3999990224838,614.8999975025654,1589.4999912381172,1.1799999475479126,1.4559999704360962,1.167555570602417,21.0,29.5,28.299999237060547,15.146666526794434,15.387778282165527,306.3571472167969,306.48333740234375,302.5010986328125,42.28666687011719,42.436668395996094,2.799999952316284,3.200000047683716,3.9700000286102295,4.429999828338623
-82.0784,27.0633,0,-2,4,2016,97,12,0.0,0.0,0,0,0,0,0,0,1,0.6944,0.3582,26.100000381469727,50.80000066757202,75.10000145435333,146.10000336170197,352.9000028371811,488.47167617082596,1522.266640484333,1.0628571510314941,1.030666708946228,0.8286666870117188,25.428571701049805,28.066667556762695,23.366666793823242,16.10333251953125,16.946666717529297,302.24285888671875,301.989990234375,298.0522155761719,44.02333450317383,44.738887786865234,2.2300000190734863,2.25,-0.05999999865889549,-0.009999999776482582
-90.31305556,32.06611111,0,-2,2,2018,44,105,0.3724313974380493,0.03,0,0,0,1,0,0,0,0.4993,0.22590000000000002,36.69999921321869,134.80000007152557,190.50000071525574,321.5000016987324,363.80000108480453,585.9000004827976,1821.599997639656,0.37714284658432007,0.4690000116825104,0.49077779054641724,11.0,20.33333396911621,22.64444351196289,18.136667251586914,17.46555519104004,290.028564453125,288.34332275390625,288.1344299316406,43.31999969482422,42.279998779296875,1.7899999618530273,2.119999885559082,3.690000057220459,3.2200000286102295
-79.696859,34.833012,0,-2,3,2019,69,100,0.08048399537801743,0.09,0,0,1,0,0,0,0,0.5316000000000001,0.25780000000000003,21.700000762939453,65.90000057220459,124.70000058412552,198.49999862909317,328.599996984005,1089.9999895691872,1641.799990683794,0.4471428692340851,0.4103333353996277,0.4399999976158142,19.571428298950195,18.399999618530273,15.95555591583252,17.713333129882812,18.231111526489258,286.20001220703125,287.316650390625,287.7255554199219,53.38333511352539,48.27555465698242,3.990000009536743,4.46999979019165,3.7200000286102295,-3.119999885559082
-80.764626,33.456772,0,-2,4,2017,90,52,0.015991495922207832,0.1341640786499874,0,0,0,0,0,1,0,0.2716,0.1602,13.899999618530273,24.399999618530273,50.800000071525574,96.60000088810921,228.40000221133232,586.2000039815903,1397.100000411272,1.2585715055465698,0.9476666450500488,0.8328889012336731,40.42856979370117,38.03333282470703,31.811111450195312,12.940000534057617,14.372221946716309,300.5428466796875,294.07000732421875,293.18890380859375,31.600000381469727,35.189998626708984,2.200000047683716,3.0299999713897705,3.559999942779541,3.059999942779541
-80.5099,25.4582,0,-2,4,2017,112,6,0.346612811088562,0.0,0,0,0,0,0,1,0,0.5840000000000001,0.40040000000000003,43.40000158548355,54.70000168681145,72.30000123381615,162.00000351667404,174.3000037074089,334.20000272989273,1453.3000042140484,0.9785714149475098,0.9626666307449341,0.8204444646835327,24.285715103149414,23.866666793823242,22.922222137451172,16.809999465942383,17.68000030517578,301.55712890625,302.0033264160156,300.8511047363281,46.526668548583984,46.97444534301758,-1.0399999618530273,-1.149999976158142,0.7400000095367432,1.2699999809265137
-78.637574,35.425248,0,-2,3,2016,84,67,0.15607964992523193,0.042426406871192854,0,1,0,0,0,0,0,0.7138,0.42350000000000004,4.499999940395355,12.200000047683716,34.49999964237213,161.8999987244606,245.36720842123032,685.4964775443077,1243.94947129488,0.7785714268684387,0.8533333539962769,0.5649718642234802,36.14285659790039,31.600000381469727,25.854019165039062,14.206666946411133,15.444609642028809,292.24285888671875,293.5666809082031,287.7625732421875,36.15999984741211,42.30142593383789,2.299999952316284,2.5899999141693115,1.7699999809265137,-1.3899999856948853
-81.9432,29.7585,0,-2,3,2017,74,37,0.666059136390686,0.0,1,0,0,0,0,0,0,0.6833,0.4041,15.600000381469727,20.800000190734863,33.69999986886978,75.39999967813492,117.59999996423721,384.9999980330467,1226.700004428625,0.75,0.9003333449363708,0.8267777562141418,28.14285659790039,30.700000762939453,25.27777862548828,15.59666633605957,16.843334197998047,295.471435546875,297.5899963378906,296.727783203125,38.2933349609375,40.557777404785156,-2.759999990463257,-2.2200000286102295,-1.5399999618530273,-1.9800000190734863
-80.419768,36.54579,0,-2,2,2016,55,343,0.0,0.16155494421403513,0,0,0,1,0,0,0,0.46240000000000003,0.1975,46.5,97.79999923706055,147.70000064373016,251.2001772224903,417.91431936621666,831.8850216567516,1488.6639240682125,0.3871428668498993,0.36933332681655884,0.3856841027736664,24.14285659790039,25.866666793823242,20.76505470275879,15.396666526794434,16.870615005493164,285.8285827636719,281.6833190917969,283.589111328125,41.96333312988281,42.63589859008789,2.4200000762939453,2.240000009536743,-1.5399999618530273,-2.890000104904175
-85.7288,30.7465,0,-2,7,2018,205,42,1.9768811464309692,0.03,1,0,0,0,0,0,0,0.8291000000000001,0.5863,53.10000002384186,80.60000041127205,194.10000252723694,382.9000042080879,525.9000049829483,1116.2000043392181,1617.6000065803528,1.0385714769363403,1.1436666250228882,1.1385555267333984,14.285714149475098,17.16666603088379,20.844444274902344,17.696666717529297,16.795555114746094,306.3999938964844,306.760009765625,304.90667724609375,48.38666534423828,46.60222244262695,1.5499999523162842,1.75,0.05000000074505806,-1.3200000524520874
-93.4707,30.7632,0,-2,5,2017,129,66,0.0,0.09,1,0,0,0,0,0,0,0.7807000000000001,0.4073,143.0,186.89999961853027,233.6999996304512,398.79999351501465,488.3999952375889,891.8999941051006,1622.6999970972538,0.8671428561210632,0.8523333072662354,0.8866666555404663,25.85714340209961,26.866666793823242,29.577777862548828,16.33333396911621,15.065555572509766,299.0,299.9166564941406,298.12554931640625,49.163333892822266,46.38111114501953,-0.8799999952316284,-1.659999966621399,0.800000011920929,1.4700000286102295
-89.23319444,31.89675,0,-2,1,2019,4,124,0.06532706320285797,0.1341640786499874,0,0,0,1,0,0,0,0.7077,0.2901,104.90000057220459,250.89999747276306,328.99999809265137,502.99999698996544,619.7999996244907,1022.3000004887581,1865.7000045478344,0.19857142865657806,0.3619999885559082,0.5191110968589783,4.142857074737549,13.033333778381348,16.044445037841797,19.979999542236328,19.08333396911621,287.68572998046875,288.2099914550781,291.71331787109375,57.436668395996094,51.807777404785156,2.190000057220459,1.5299999713897705,0.7699999809265137,-0.7799999713897705
-79.823044,33.685169,0,-2,2,2016,34,18,1.031313180923462,0.0,0,0,0,0,0,0,1,0.4984,0.2368,68.10000038146973,96.799999833107,121.1000006198883,203.04974102973938,296.7304916381836,1332.6611207425594,2033.9627572894096,0.5671428442001343,0.4320000112056732,0.5392272472381592,17.571428298950195,23.133333206176758,18.271800994873047,16.613332748413086,17.878854751586914,291.971435546875,286.22332763671875,290.7126159667969,46.21333312988281,47.60750198364258,5.389999866485596,5.940000057220459,5.179999828338623,0.9900000095367432
-89.98531037,34.4679782,0,-2,1,2018,30,98,0.002898708451539278,0.03,0,0,0,1,0,0,0,0.5374,0.276,19.499999523162842,39.89999997615814,103.09999972581863,273.5000013411045,326.5000028908253,669.9000030755997,1310.3000000715256,0.4242857098579407,0.3269999921321869,0.42355555295944214,20.0,22.866666793823242,22.622222900390625,16.729999542236328,17.504444122314453,286.21429443359375,280.760009765625,285.4700012207031,43.143333435058594,44.008888244628906,-1.659999966621399,-1.659999966621399,-1.1399999856948853,-2.619999885559082
-82.472252,35.076817,0,-2,2,2016,42,331,0.11975297331809998,0.03,0,0,0,0,0,0,1,0.5288,0.2167,0.0,56.099998474121094,139.60000157356262,396.41620123386383,545.3271669745445,1142.5653358697891,1609.906162917614,0.44428572058677673,0.4256666600704193,0.4539547562599182,23.428571701049805,20.133333206176758,16.064790725708008,16.183332443237305,17.6623477935791,280.6571350097656,283.1300048828125,286.7989501953125,41.733333587646484,44.31293487548828,2.9200000762939453,2.700000047683716,-1.149999976158142,-2.0999999046325684
-81.790908,35.864485,0,-2,2,2016,54,356,0.026777125895023346,0.03,0,0,0,0,0,0,1,0.5141,0.2151,51.59999895095825,78.89999973773956,147.39999788999557,274.3109563589096,488.48056972026825,1037.2200783491135,1667.5451620519161,0.334285706281662,0.3733333349227905,0.3899455964565277,22.85714340209961,22.633333206176758,17.152074813842773,16.116666793823242,17.797500610351562,286.72857666015625,283.3733215332031,285.1250915527344,43.73666763305664,44.36171340942383,4.03000020980835,4.079999923706055,2.4100000858306885,-1.090000033378601
-81.5291,29.6428,0,-2,5,2019,142,10,0.004624832887202501,0.17492855684535902,0,0,0,0,1,0,0,0.7781,0.3549,0.0,3.099999964237213,65.09999853372574,212.99999737739563,237.29999792575836,646.7999967634678,1755.6999990344048,1.2442857027053833,1.121333360671997,0.9756666421890259,32.71428680419922,29.5,28.399999618530273,14.766666412353516,15.527777671813965,304.3571472167969,302.8333435058594,299.6433410644531,44.79999923706055,44.054443359375,5.269999980926514,5.21999979019165,6.489999771118164,5.150000095367432
-80.6809,28.1041,0,-2,4,2017,100,14,0.0715804174542427,0.042426406871192854,0,0,0,0,1,0,0,0.4264,0.2558,18.399999618530273,18.399999618530273,34.399999380111694,89.90000095963478,134.3000001013279,193.70000022649765,1137.1000042557716,1.2385714054107666,1.0086666345596313,0.8673333525657654,34.0,32.900001525878906,27.922222137451172,14.856666564941406,15.945555686950684,300.9857177734375,299.69000244140625,298.60223388671875,40.349998474121094,43.905555725097656,-2.7799999713897705,-2.490000009536743,-2.0199999809265137,0.9300000071525574
-85.10041111,33.30794444,0,-2,3,2017,89,227,0.46395623683929443,0.03,0,0,1,0,0,0,0,0.5995,0.23820000000000002,21.699999809265137,26.699999809265137,66.20000010728836,166.60000023245811,402.49999698996544,554.0999972522259,1020.9999931752682,1.1128571033477783,0.8613333106040955,0.6932222247123718,31.14285659790039,30.100000381469727,22.544445037841797,14.033333778381348,16.20222282409668,300.0714416503906,293.96331787109375,292.25555419921875,36.03333282470703,39.608890533447266,-2.869999885559082,-2.549999952316284,-3.5899999141693115,-2.3499999046325684
-83.80937222,31.08888056,0,-2,8,2019,213,94,1.0204039812088013,0.0,0,0,0,0,0,0,1,0.7094,0.4889,14.400000095367432,35.0,86.89999979734421,202.30000054836273,233.99999964237213,517.49999833107,1412.6000039577484,1.3585714101791382,1.246666669845581,1.3927778005599976,28.285715103149414,24.33333396911621,31.322221755981445,16.31333351135254,14.795555114746094,305.77142333984375,305.90667724609375,305.49334716796875,46.01333236694336,42.522220611572266,1.8700000047683716,2.5799999237060547,3.5299999713897705,4.5
-80.402736,34.878219,0,-2,2,2018,33,148,0.8502634167671204,0.0,0,0,0,1,0,0,0,0.4182,0.2286,48.799999833106995,64.30000019073486,103.40000048279762,182.29999819397926,204.8999978005886,403.0999979376793,1042.1000001430511,0.404285728931427,0.4426666796207428,0.46877777576446533,20.714284896850586,29.899999618530273,27.27777862548828,15.693333625793457,16.3700008392334,286.471435546875,284.77667236328125,286.3766784667969,35.04666519165039,38.557777404785156,-2.5899999141693115,-2.319999933242798,-1.7699999809265137,-0.7900000214576721
-84.842825,34.82533056,0,-2,5,2016,134,226,0.3596181273460388,0.06,1,0,0,0,0,0,0,0.8015,0.5968,3.4000000953674316,57.09999918937683,83.19999924302101,166.3999980390072,323.5999943912029,908.8289535343647,1819.4975747168064,1.0157142877578735,0.9819999933242798,0.7059999704360962,25.85714340209961,25.266666412353516,21.5,15.953332901000977,16.852222442626953,301.4857177734375,299.72332763671875,294.3233337402344,43.753334045410156,45.35555648803711,2.309999942779541,2.880000114440918,3.700000047683716,1.9900000095367432
-90.08493132,31.37377164,0,-2,3,2018,75,126,0.023975923657417297,0.042426406871192854,1,0,0,0,0,0,0,0.681,0.35300000000000004,50.0999995470047,71.20000031590462,150.2000004351139,345.70000141859055,496.80000096559525,715.4000014364719,1874.1999949216843,0.604285717010498,0.8056666851043701,0.5649999976158142,19.285715103149414,19.16666603088379,18.299999237060547,16.809999465942383,17.60333251953125,292.75714111328125,296.2633361816406,290.7366638183594,44.60333251953125,45.81444549560547,1.840000033378601,1.940000057220459,2.049999952316284,3.509999990463257
-84.74373056,31.513875,0,-2,6,2018,151,87,0.0,0.33541019662496846,0,0,0,0,0,1,0,0.5927,0.3754,60.600000858306885,126.79999923706055,173.99999916553497,304.7999975681305,402.9999985694885,709.6999984383583,1191.1999965310097,0.9328571557998657,1.2200000286102295,0.9534444212913513,12.0,26.766666412353516,28.188888549804688,15.483333587646484,15.113333702087402,302.9285583496094,303.4666748046875,298.5022277832031,44.53333282470703,41.369998931884766,-1.5099999904632568,-1.9800000190734863,-1.9800000190734863,-0.9800000190734863
-84.73167222,30.95010556,0,-2,3,2016,77,45,0.0,0.12369316876852982,0,0,0,0,0,1,0,0.4652,0.35200000000000004,11.699999809265137,11.699999809265137,61.79999941587448,217.30000191926956,366.51790821552277,642.8264167904854,1421.1078580319881,1.0600000619888306,0.8083333373069763,0.6276712417602539,29.428571701049805,25.899999618530273,22.1892032623291,16.046667098999023,16.735143661499023,301.1999816894531,296.42999267578125,292.57257080078125,42.869998931884766,46.9883918762207,-0.03999999910593033,-0.029999999329447746,-0.029999999329447746,0.5600000023841858
-77.095724,35.49924,0,-2,3,2018,72,17,2.455803632736206,0.0,0,0,0,0,0,0,1,0.5805,0.2655,23.299999237060547,67.69999885559082,80.89999890327454,176.79999953508377,248.69999891519547,467.6999973356724,1459.499993622303,0.404285728931427,0.562666654586792,0.47744444012641907,26.714284896850586,24.83333396911621,24.211111068725586,15.680000305175781,16.19333267211914,284.1285705566406,290.0533447265625,286.63446044921875,47.33333206176758,43.29222106933594,2.690000057220459,2.9200000762939453,2.940000057220459,4.110000133514404
-83.89838889,31.25788611,0,-2,2,2016,54,121,0.13320009410381317,0.0670820393249937,0,0,0,0,0,1,0,0.5139,0.27590000000000003,29.100000381469727,54.0,160.39999854564667,260.98534086346626,344.2046299278736,573.5792629420757,1116.8272069990635,0.6485714316368103,0.5389999747276306,0.5292543172836304,23.571428298950195,23.600000381469727,20.93678092956543,16.606666564941406,17.497241973876953,294.6714172363281,291.3733215332031,291.54290771484375,47.900001525878906,49.82667541503906,-1.0199999809265137,-1.0299999713897705,-1.340000033378601,-1.059999942779541
-81.820133,35.700834,0,-2,3,2016,82,373,0.4038946330547333,0.042426406871192854,0,0,1,0,0,0,0,0.5344,0.2753,2.8000000715255737,6.800000071525574,85.90000063180923,200.19999927282333,380.0599831342697,1040.9624880254269,1515.9304609894753,1.0257142782211304,0.7720000147819519,0.5150551199913025,32.14285659790039,22.100000381469727,19.27195167541504,16.446666717529297,16.775249481201172,293.18572998046875,291.82666015625,286.47052001953125,38.1966667175293,40.59254455566406,4.0,3.740000009536743,2.630000114440918,-2.25
-93.7798,31.9232,0,-2,9,2018,255,89,0.004432119429111481,0.09,1,0,0,0,0,0,0,0.8086,0.5157,75.40000188350677,85.70000231266022,102.60000216960907,181.2000024318695,302.3000030517578,654.8000039458275,1246.6000015735626,0.8414285778999329,1.4513332843780518,1.5907777547836304,16.714284896850586,30.433332443237305,30.744443893432617,15.24333381652832,14.814444541931152,302.8999938964844,306.54998779296875,307.5755615234375,44.02666473388672,42.03444290161133,-0.9900000095367432,-0.8899999856948853,1.0199999809265137,0.8999999761581421
-80.3953,25.5514,0,-2,3,2017,85,8,3.3436243534088135,0.0,0,0,0,0,0,0,1,0.5700000000000001,0.39180000000000004,44.699998676776886,75.29999905824661,85.79999905824661,128.69999915361404,174.49999904632568,458.69999930262566,1437.100005954504,0.8971428871154785,0.8786666393280029,0.7921110987663269,21.285715103149414,24.03333282470703,21.755556106567383,17.3266658782959,17.729999542236328,300.0,300.07000732421875,299.74334716796875,46.689998626708984,48.932220458984375,-1.3700000047683716,-1.4700000286102295,0.949999988079071,1.7400000095367432
-82.050644,35.188446,0,-2,2,2016,40,282,0.09474492818117142,0.0,0,0,0,0,0,0,1,0.5253,0.2723,19.899999618530273,39.39999961853027,114.59999924898148,339.5215493440628,467.84420508146286,1071.8040851652622,1557.9420972466469,0.5928571224212646,0.43700000643730164,0.45761457085609436,14.571428298950195,17.866666793823242,14.506667137145996,17.03333282470703,18.416278839111328,285.0,283.8933410644531,287.61993408203125,41.16999816894531,44.18511962890625,4.179999828338623,3.9000000953674316,2.0799999237060547,-1.2999999523162842
-93.5623,32.687,0,-2,6,2017,180,62,0.05420491099357605,0.08485281374238571,0,0,1,0,0,0,0,0.8752000000000001,0.5085000000000001,8.700000166893005,59.00000011920929,101.00000083446503,261.10000360012054,399.10000145435333,639.300000846386,1322.0000024437904,1.0885714292526245,1.0756666660308838,0.9705555438995361,25.571428298950195,23.66666603088379,27.399999618530273,15.733333587646484,15.522222518920898,304.0714416503906,303.97332763671875,301.2166748046875,50.18333435058594,47.94333267211914,-1.6200000047683716,-1.8600000143051147,-1.940000057220459,1.6799999475479126
-83.87341944,30.94517222,0,-2,4,2016,110,93,0.6217597126960754,0.03,1,0,0,0,0,0,0,0.44880000000000003,0.23820000000000002,11.700000286102295,16.700000405311584,261.6999981403351,341.19999772310257,473.5999954342842,762.00256934762,1205.9306038022041,0.8828571438789368,0.8196666836738586,0.7599999904632568,24.571428298950195,23.200000762939453,25.58888816833496,16.34666633605957,15.914443969726562,296.6428527832031,296.85333251953125,294.7044372558594,44.38666534423828,43.182220458984375,-0.8399999737739563,-1.7400000095367432,-1.850000023841858,-1.8799999952316284
-92.1804,32.3731,0,-2,5,2018,149,35,0.16720899939537048,0.19209372712298545,0,0,0,0,1,0,0,0.8177000000000001,0.6393,27.200000047683716,61.69999980926514,82.69999980926514,185.99999928474426,345.99999928474426,790.5999990999699,1313.7999992966652,1.1842857599258423,1.2923333644866943,0.9573333263397217,23.14285659790039,31.066667556762695,27.622222900390625,14.90333366394043,15.024444580078125,305.71429443359375,304.7733459472656,298.6700134277344,42.58333206176758,42.045555114746094,-1.0800000429153442,-0.7400000095367432,-1.6299999952316284,0.6399999856948853
-86.111,31.134,0,-2,4,2019,90,60,0.03374330699443817,0.0670820393249937,0,0,0,0,0,1,0,0.6055,0.38720000000000004,5.0,5.0,81.39999914169312,144.6999985575676,278.39999663829803,878.5,1928.9999949336052,0.7657142877578735,0.7850000262260437,0.6641111373901367,32.85714340209961,30.233333587646484,24.866666793823242,14.623332977294922,15.684444427490234,295.3428649902344,294.5299987792969,292.7644348144531,38.19333267211914,42.717777252197266,3.0299999713897705,3.6600000858306885,4.340000152587891,2.3499999046325684
-92.454,31.007,0,-2,5,2017,143,36,0.006419339682906866,0.2716615541441225,1,0,0,0,0,0,0,0.7854,0.4076,44.09999918937683,65.9999991953373,262.5999976694584,468.49999395012856,562.0999943315983,1049.1999880671501,1910.8999894559383,0.7671428322792053,0.8216666579246521,0.8441110849380493,21.428571701049805,26.399999618530273,29.122222900390625,16.479999542236328,15.34333324432373,301.6142883300781,300.3333435058594,298.78668212890625,51.2400016784668,48.96444320678711,2.0799999237060547,1.3300000429153442,1.850000023841858,2.380000114440918
-83.1418,29.3327,0,-2,3,2016,66,8,0.24528276920318604,0.03,0,0,0,0,0,0,1,0.4269,0.21300000000000002,3.299999952316284,7.599999815225601,25.799999624490738,142.00000259280205,221.55297720432281,352.31629449129105,1493.796417593956,0.5099999904632568,0.47999998927116394,0.5023937225341797,28.428571701049805,23.566667556762695,20.63365364074707,16.53999900817871,17.947481155395508,294.4142761230469,292.3066711425781,292.92242431640625,44.20333480834961,52.732017517089844,-1.100000023841858,-1.0399999618530273,0.800000011920929,1.8700000047683716
-89.8059118,31.6535853,0,-2,3,2016,77,127,0.005296669434756041,0.21213203435596426,1,0,0,0,0,0,0,0.6092000000000001,0.3085,63.700000047683716,237.69999384880066,313.09999430179596,472.2999958395958,579.6824868321419,972.1889842748642,1579.652393847704,0.9542856812477112,0.7116666436195374,0.5798932909965515,19.14285659790039,19.0,19.814395904541016,17.66666603088379,17.262269973754883,298.27142333984375,295.21331787109375,291.34906005859375,46.503334045410156,46.30922317504883,-0.6200000047683716,-1.2000000476837158,-1.159999966621399,-1.8200000524520874
-79.42222,35.261253,0,-2,4,2019,91,135,0.1744910478591919,0.03,1,0,0,0,0,0,0,0.6343,0.2922,1.199999988079071,26.899999678134918,59.69999897480011,172.59999817609787,276.899997651577,788.7000021338463,1919.3999944329262,0.8114285469055176,0.6639999747276306,0.5294444561004639,35.42856979370117,26.733333587646484,21.733333587646484,14.210000038146973,16.13222312927246,291.71429443359375,289.816650390625,287.8188781738281,37.650001525878906,42.15444564819336,5.429999828338623,5.75,6.400000095367432,4.059999942779541
-82.11013889,30.95113889,0,-2,3,2016,75,37,0.0,0.0,0,0,0,0,0,0,1,0.6592,0.38430000000000003,6.900000095367432,17.40000009536743,30.50000023841858,157.00000131130219,238.43079581856728,347.70038828253746,1182.009190261364,1.2057143449783325,0.9333333373069763,0.7318753600120544,31.14285659790039,31.66666603088379,27.249113082885742,15.100000381469727,15.904412269592285,302.20001220703125,297.11334228515625,293.7243957519531,36.26333236694336,41.006954193115234,-1.1100000143051147,-0.9300000071525574,-0.7699999809265137,0.5899999737739563
-84.86671944,31.7647,0,-2,1,2016,29,154,0.0022771479561924934,0.24186773244895649,1,0,0,0,0,0,0,0.5461,0.22690000000000002,14.299999594688416,74.09999769926071,119.59999799728394,405.8188673853874,582.8862157464027,818.5790577530861,1626.3258037567139,0.3271428644657135,0.390666663646698,0.5121279954910278,17.571428298950195,16.41111183166504,16.51597023010254,16.939537048339844,18.51642608642578,287.0142822265625,286.396728515625,292.0990295410156,42.995967864990234,49.12489700317383,3.3399999141693115,2.299999952316284,1.059999942779541,1.399999976158142
-83.91613333,30.85763333,0,-2,1,2017,22,92,0.649493932723999,0.0,1,0,0,0,0,0,0,0.5776,0.2615,180.70000040531158,180.70000040531158,263.0999985933304,424.9999951720238,424.9999951720238,743.5999965965748,1622.1999941468239,0.7842857241630554,0.7226666808128357,0.8054444193840027,13.571428298950195,16.16666603088379,25.266666412353516,18.520000457763672,17.212223052978516,298.74285888671875,295.413330078125,295.99334716796875,45.38999938964844,41.0,-0.7799999713897705,-0.9599999785423279,1.7200000286102295,1.8799999952316284
-83.04163056,32.65439167,0,-2,1,2019,25,115,0.9600992202758789,0.03,1,0,0,0,0,0,0,0.3643,0.18430000000000002,74.99999848008156,81.89999857544899,162.3000004887581,309.7999995648861,527.1999963223934,840.4999930560589,1575.1999891102314,0.42000001668930054,0.45633333921432495,0.4448888897895813,17.428571701049805,15.033333778381348,15.100000381469727,18.486665725708008,19.074443817138672,287.6714172363281,289.5233459472656,289.7200012207031,50.86000061035156,50.93111038208008,3.9000000953674316,3.4800000190734863,1.340000033378601,1.6200000047683716
-92.807,31.1198,0,-2,3,2019,76,64,0.006816308479756117,0.042426406871192854,1,0,0,0,0,0,0,0.7233,0.37510000000000004,4.299999952316284,6.9999998807907104,77.59999987483025,197.00000116229057,517.7000053226948,964.9000050723553,1826.9000119268894,0.6742857098579407,0.45366665720939636,0.460999995470047,28.285715103149414,19.133333206176758,15.922222137451172,17.196666717529297,18.22222137451172,293.4142761230469,291.0566711425781,290.2733459472656,57.59666442871094,54.03888702392578,2.0399999618530273,2.5999999046325684,1.3700000047683716,1.0099999904632568
-81.2826,29.0439,0,-2,1,2016,3,29,0.0,0.0,0,0,0,0,0,0,1,0.4284,0.25980000000000003,16.90000057220459,17.844778776168823,34.014275550842285,66.19580441713333,117.84372317790985,671.4252026379108,1158.2914917171001,0.9444531798362732,0.8630693554878235,0.9021095633506775,25.56422996520996,25.528888702392578,23.518051147460938,16.92845916748047,16.922752380371094,298.4082946777344,298.9768371582031,300.2115783691406,49.139549255371094,49.16680145263672,-2.059999942779541,-1.7899999618530273,-1.6799999475479126,-1.3799999952316284
-84.77058333,33.86903889,0,-2,5,2017,125,311,0.35264453291893005,0.0,1,0,0,0,0,0,0,0.7782,0.5033,38.59999942779541,73.49999943375587,74.69999948143959,263.40000358223915,330.8000047504902,660.2000068426132,1002.2000080943108,0.8157142996788025,1.0096666812896729,0.8243333101272583,20.85714340209961,27.66666603088379,26.399999618530273,14.946666717529297,15.206666946411133,297.4571533203125,298.5400085449219,294.6766662597656,42.52333450317383,40.3922233581543,-3.940000057220459,-4.550000190734863,-4.320000171661377,-4.260000228881836
-80.758659,33.530624,0,-2,5,2019,123,62,0.06934706121683121,0.0,0,0,0,0,0,0,1,0.5476,0.32580000000000003,15.399999618530273,15.399999618530273,74.09999924898148,137.60000053048134,224.29999962449074,620.5000002086163,1398.6000013649464,1.409999966621399,1.090000033378601,0.8553333282470703,39.14285659790039,30.0,30.011110305786133,14.34666633605957,14.4622220993042,302.971435546875,299.8500061035156,295.14556884765625,40.03666687011719,39.511112213134766,1.7799999713897705,1.5700000524520874,2.309999942779541,0.029999999329447746
-77.164873,36.049357,0,-2,11,2018,323,17,2.369313955307007,0.03,0,0,0,0,0,1,0,0.5274,0.2849,24.49999988079071,61.200000643730164,107.80000078678131,186.70000186562538,296.3000032007694,852.3000084459782,1485.7000042200089,0.24285714328289032,0.42100000381469727,0.6647777557373047,11.0,16.899999618530273,16.988889694213867,18.696666717529297,18.435556411743164,286.27142333984375,290.20001220703125,298.1933288574219,52.766666412353516,54.02888870239258,3.190000057220459,3.369999885559082,3.5899999141693115,1.4900000095367432
-78.9815,34.962833,0,-2,10,2018,282,46,0.3859083652496338,0.03,1,0,0,0,0,0,0,0.5846,0.276,0.0,11.0,478.8999899029732,573.8999916315079,813.5999893844128,1103.2999883890152,1510.599987745285,1.159999966621399,0.9636666774749756,1.0771111249923706,22.714284896850586,15.633333206176758,16.05555534362793,18.78333282470703,18.287776947021484,304.72857666015625,303.8699951171875,305.15777587890625,52.39666748046875,48.88666534423828,2.7300000190734863,-1.4500000476837158,-2.509999990463257,-2.0
-79.107044,34.55593,0,-2,3,2017,73,41,0.5796160697937012,0.03,0,0,0,0,0,0,1,0.561,0.2921,42.80000054836273,51.700000166893005,72.09999978542328,106.10000064969063,220.00000086426735,738.7000152170658,1620.5000181496143,0.631428599357605,0.7990000247955322,0.6480000019073486,28.285715103149414,33.96666717529297,24.233333587646484,13.463333129882812,16.318889617919922,289.0571594238281,292.7966613769531,290.44110107421875,32.87666702270508,38.942222595214844,3.5199999809265137,4.610000133514404,5.03000020980835,3.5
-78.245005,36.127348,0,-2,11,2018,311,106,0.2116403728723526,0.10816653826391967,0,0,0,0,0,0,1,0.7124,0.37410000000000004,28.299999952316284,69.29999923706055,146.0000005364418,235.10000091791153,313.5000016093254,772.6000031530857,1257.3999990820885,0.41285714507102966,0.4573333263397217,0.6903333067893982,11.428571701049805,14.666666984558105,14.177778244018555,19.65333366394043,19.08888816833496,293.55712890625,292.7833251953125,299.7322082519531,50.96666717529297,53.258888244628906,1.399999976158142,1.1799999475479126,1.0800000429153442,-1.2200000286102295
-82.53994,34.847023,0,-2,4,2016,94,285,0.4464578330516815,0.03,0,0,0,0,0,0,1,0.5824,0.3516,19.90000081062317,25.900000631809235,40.400000631809235,134.200000166893,258.2999992966652,819.4889403283596,1625.6905725598335,0.904285728931427,0.9039999842643738,0.6104444265365601,32.28571319580078,31.266666412353516,24.711111068725586,14.260000228881836,15.241110801696777,294.8714294433594,295.2866516113281,288.50665283203125,38.43000030517578,39.405555725097656,2.0799999237060547,3.0199999809265137,2.799999952316284,-0.7900000214576721
-79.386527,35.033916,0,-2,2,2019,56,102,0.7243455648422241,0.042426406871192854,0,0,1,0,0,0,0,0.42410000000000003,0.23900000000000002,32.799999475479126,62.6999990940094,74.79999935626984,211.89999824762344,361.69999581575394,1065.399985164404,1799.1999829113483,0.31142857670783997,0.5220000147819519,0.4462222158908844,13.428571701049805,21.233333587646484,16.38888931274414,16.476667404174805,17.93000030517578,284.9571533203125,288.09332275390625,286.9977722167969,43.99333190917969,45.46888732910156,4.880000114440918,5.369999885559082,3.690000057220459,1.0199999809265137
-86.683,33.337,0,-2,8,2019,228,231,0.0,0.042426406871192854,1,0,0,0,0,0,0,0.7307,0.5055000000000001,3.299999952316284,12.599999964237213,26.899999737739563,109.09999781847,187.2999962568283,710.6999992728233,1628.7999938130379,1.5157142877578735,1.3079999685287476,1.218000054359436,29.14285659790039,29.066667556762695,26.46666717529297,15.276666641235352,15.579999923706055,308.6000061035156,306.1066589355469,305.4322204589844,44.61333465576172,47.204444885253906,0.949999988079071,2.0,2.869999885559082,2.450000047683716
-81.39833333,31.48027778,0,-2,3,2016,78,21,0.05231597647070885,0.0,0,0,0,0,0,0,1,0.6834,0.3161,12.100000023841858,12.100000023841858,22.200000196695328,135.5000017285347,232.62305557727814,371.4071550965309,1151.2632184922695,1.1757142543792725,0.7973333597183228,0.6629029512405396,27.0,26.66666603088379,25.12523078918457,16.176666259765625,16.558963775634766,300.71429443359375,296.25,292.696044921875,41.82999801635742,43.317378997802734,-1.1299999952316284,-1.0299999713897705,-0.6600000262260437,0.10000000149011612
-79.48444444,33.13388889,0,-2,4,2016,97,20,0.0,0.0,0,0,0,0,0,0,1,0.8289000000000001,0.5433,27.100000262260437,84.40000027418137,87.80000013113022,181.19999891519547,377.39999920129776,692.8287191987038,1990.5516955554485,0.8157142996788025,0.8133333325386047,0.5979999899864197,20.0,24.299999237060547,23.200000762939453,17.366666793823242,17.15999984741211,296.4142761230469,297.260009765625,291.5355529785156,45.02000045776367,44.24555587768555,4.389999866485596,4.929999828338623,4.539999961853027,2.369999885559082
-79.288806,34.793232,0,-2,5,2016,137,65,0.1107402890920639,0.03,0,1,0,0,0,0,0,0.7043,0.4903,21.799999237060547,41.09999942779541,107.29999732971191,162.79999804496765,200.29999750852585,575.5053154826164,1359.8983040750027,1.1399999856948853,1.1506667137145996,0.9506666660308838,29.571428298950195,33.733333587646484,32.70000076293945,13.960000038146973,14.170000076293945,300.8428649902344,300.4866638183594,296.1777648925781,38.209999084472656,37.552223205566406,2.049999952316284,2.240000009536743,2.7699999809265137,1.0299999713897705
-83.397,34.82380556,0,-2,3,2016,80,642,0.22812220454216003,0.10816653826391967,1,0,0,0,0,0,0,0.5824,0.2636,8.5,27.800000190734863,156.69999766349792,299.7999989390373,648.7158967852592,1396.2625251710415,2066.4159549176693,1.1200000047683716,0.7046666741371155,0.5139431953430176,27.0,20.566667556762695,18.281980514526367,16.863332748413086,16.660980224609375,295.0,291.0633239746094,286.3377990722656,40.47666549682617,40.43378448486328,2.619999885559082,2.7799999713897705,1.909999966621399,-1.8799999952316284
-80.939931,36.217513,0,-2,9,2018,268,283,0.14088493585586548,0.03,0,0,0,0,0,0,1,0.6751,0.43960000000000005,1.2999999523162842,150.6000018119812,186.90000140666962,506.0000101029873,617.8000107705593,1092.9000069499016,1606.700011074543,0.6028571724891663,0.7739999890327454,0.8777777552604675,14.0,13.600000381469727,14.233333587646484,18.753334045410156,18.60333251953125,300.17144775390625,301.79998779296875,302.4222106933594,57.380001068115234,52.391109466552734,4.309999942779541,3.740000009536743,2.109999895095825,0.029999999329447746
-81.78483333,33.08958333,0,-2,10,2016,298,66,0.005061284638941288,0.03,0,1,0,0,0,0,0,0.5742,0.2962,0.0,0.30000001192092896,132.7000029683113,303.5000020265579,378.60000228881836,784.2999995648861,1377.2322822511196,1.2614285945892334,1.0603333711624146,1.1935555934906006,31.285715103149414,28.266666412353516,25.122222900390625,16.233333587646484,16.495555877685547,300.29998779296875,300.816650390625,304.33221435546875,38.496665954589844,42.37333297729492,1.3899999856948853,1.2899999618530273,1.649999976158142,1.1699999570846558
-80.2678,26.8217,0,-2,7,2019,183,11,0.0,0.03,0,0,0,0,1,0,0,0.6059,0.3568,104.50000190734863,138.7000018954277,333.0000041127205,505.1000053882599,735.5000021457672,1071.9000084102154,1909.0000095665455,1.1071428060531616,1.1269999742507935,1.0922222137451172,12.571428298950195,13.133333206176758,18.077777862548828,18.55666732788086,17.64444351196289,306.4857177734375,306.70001220703125,304.5944519042969,51.72999954223633,49.317779541015625,3.319999933242798,3.440000057220459,1.75,1.3600000143051147
-89.89016463,31.50570191,0,-2,5,2019,149,97,0.03106374479830265,0.042426406871192854,0,0,1,0,0,0,0,0.8863000000000001,0.4581,0.0,34.999999821186066,228.9000009894371,462.8999997973442,512.5999991297722,1072.5000000298023,1880.599997639656,1.381428599357605,1.0466666221618652,0.8345555663108826,27.285715103149414,20.66666603088379,23.700000762939453,16.93666648864746,16.434444427490234,306.21429443359375,303.32000732421875,298.1766662597656,48.883331298828125,46.7599983215332,2.799999952316284,1.909999966621399,2.259999990463257,1.350000023841858
-77.913044,35.816981,0,-2,8,2018,238,44,0.12484671175479889,0.042426406871192854,0,1,0,0,0,0,0,0.863,0.6498,4.399999976158142,37.100000739097595,266.9000029563904,426.5000021457672,501.40000239014626,850.300005286932,1306.1000074446201,0.631428599357605,0.7266666889190674,0.941777765750885,12.428571701049805,7.766666889190674,15.811111450195312,20.013334274291992,18.0766658782959,302.8428649902344,303.88665771484375,304.4466552734375,56.16999816894531,51.53111267089844,3.4200000762939453,1.9700000286102295,1.6699999570846558,1.659999966621399
-82.6085,29.1812,0,-2,6,2019,175,31,0.0,0.24186773244895649,1,0,0,0,0,0,0,0.7197,0.4389,20.800000190734863,99.7999997138977,213.8999988436699,293.69999864697456,372.99999979138374,570.6999989151955,1845.5999917387962,1.1257143020629883,1.2093333005905151,1.086111068725586,16.714284896850586,18.96666717529297,23.633333206176758,17.623332977294922,16.926666259765625,305.8571472167969,305.8066711425781,303.4033203125,48.290000915527344,45.04999923706055,2.7100000381469727,2.819999933242798,3.4800000190734863,3.7699999809265137
-87.262,33.738,0,-2,3,2019,64,136,0.8171542882919312,0.03,0,1,0,0,0,0,0,0.5828,0.22610000000000002,67.19999814033508,159.89999890327454,316.6000006198883,433.80000376701355,832.8000036180019,1222.6000020503998,2118.1000051796436,0.39000001549720764,0.4970000088214874,0.42711111903190613,11.0,16.233333587646484,13.133333206176758,17.59000015258789,18.53444480895996,286.8285827636719,289.4366760253906,287.12445068359375,49.15666580200195,48.90666580200195,4.699999809265137,4.329999923706055,2.2799999713897705,1.9700000286102295
-81.14881,35.989117,0,-2,10,2016,276,448,0.15984117984771729,0.0,0,0,0,0,0,0,1,0.8301000000000001,0.4017,42.69999980926514,44.39999979734421,55.599999845027924,115.49999970197678,283.8999993503094,635.0999962091446,1360.289539605379,0.8042857050895691,0.9823333621025085,1.0396666526794434,17.14285659790039,23.933332443237305,19.08888816833496,17.18666648864746,17.386667251586914,299.3571472167969,302.0,303.4100036621094,46.436668395996094,48.176666259765625,-1.8200000524520874,0.9599999785423279,1.0700000524520874,2.619999885559082
-81.292953,33.497604,0,-2,4,2016,102,86,0.7947807908058167,0.0,0,0,0,0,0,1,0,0.6318,0.3936,18.000000476837158,82.80000200867653,123.10000076889992,196.2000006735325,330.0000022649765,590.8478211164474,1433.5218674838543,0.800000011920929,0.9980000257492065,0.7356666922569275,30.285715103149414,31.600000381469727,28.211111068725586,14.25,15.151110649108887,294.3571472167969,296.7933349609375,291.96331787109375,36.62666702270508,37.65888977050781,2.450000047683716,2.7300000190734863,2.630000114440918,0.28999999165534973
-81.06964,35.59652,0,-2,5,2016,133,294,0.2780578136444092,0.20124611797498107,0,0,0,0,0,0,1,0.7048,0.4808,11.100000381469727,118.99999868869781,127.29999846220016,163.1999984383583,234.09999972581863,624.5332952141762,1208.4559581577778,1.018571376800537,1.0709999799728394,0.8612222075462341,30.85714340209961,36.83333206176758,34.72222137451172,13.489999771118164,13.29111099243164,299.81427001953125,298.32666015625,293.3333435058594,38.939998626708984,37.45000076293945,1.2300000190734863,1.8200000524520874,3.369999885559082,-2.1700000762939453
-79.748924,35.642828,0,-2,3,2017,73,180,0.00923585519194603,0.21213203435596426,0,1,0,0,0,0,0,0.6667000000000001,0.46530000000000005,15.099999904632568,36.79999911785126,49.69999921321869,104.39999914169312,212.09999960660934,501.59999853372574,1124.3999985158443,0.6857143044471741,0.7200000286102295,0.5631111264228821,37.42856979370117,35.16666793823242,25.27777862548828,12.693333625793457,15.637777328491211,287.3714294433594,290.4666748046875,287.7266540527344,30.389999389648438,38.14555740356445,-1.4199999570846558,0.949999988079071,1.309999942779541,1.7899999618530273
-82.4704,28.7223,0,-2,2,2016,39,45,0.014175951480865479,0.20124611797498107,1,0,0,0,0,0,0,0.5653,0.3516,42.10000133514404,72.60000067949295,132.60000044107437,204.43806174397469,284.7541263997555,607.8783986568451,1416.3041886091232,0.7214285731315613,0.5416666865348816,0.6811710596084595,15.285714149475098,16.46666717529297,19.2784481048584,19.68000030517578,18.765851974487305,294.4142761230469,292.5799865722656,296.77044677734375,49.643333435058594,50.97152328491211,1.8799999952316284,1.75,2.0399999618530273,2.25
-85.54367778,34.86655833,0,-2,3,2017,79,456,0.7456468939781189,0.03,1,0,0,0,0,0,0,0.47690000000000005,0.257,13.800000429153442,60.7000013589859,111.7000013589859,241.0000041127205,348.9000055193901,650.8000029325485,1109.4000039994717,0.5899999737739563,0.559333324432373,0.4511111080646515,24.571428298950195,23.799999237060547,19.244443893432617,15.273333549499512,17.290000915527344,286.4857177734375,288.6300048828125,287.15667724609375,41.33333206176758,46.49222183227539,-4.309999942779541,-4.25,-4.639999866485596,-3.369999885559082
-80.665376,36.109799,0,-2,3,2017,59,265,0.32967448234558105,0.03,0,0,0,1,0,0,0,0.45930000000000004,0.2575,2.700000047683716,11.5,34.40000057220459,178.89999896287918,222.29999887943268,314.9999997019768,962.2000009715557,0.6528571248054504,0.70333331823349,0.49433332681655884,30.428571701049805,25.96666717529297,21.133333206176758,14.4399995803833,17.0222225189209,292.4857177734375,290.0,285.88446044921875,29.18666648864746,38.79666519165039,-2.109999895095825,-2.109999895095825,-1.8300000429153442,2.5299999713897705
-80.773857,35.966947,0,-2,2,2016,39,300,1.6692864894866943,0.03,0,0,0,0,0,0,1,0.47640000000000005,0.2852,36.100000858306885,40.50000086426735,98.00000223517418,251.84535124897957,345.82134690880775,777.5657014548779,1328.7557100653648,0.46285712718963623,0.3946666717529297,0.43694832921028137,14.714285850524902,19.299999237060547,17.684267044067383,17.059999465942383,18.01985740661621,284.4428405761719,282.4333190917969,286.472412109375,41.92333221435547,43.64381408691406,2.890000104904175,2.5899999141693115,-0.6399999856948853,-2.0299999713897705
-90.56555556,31.6725,0,-2,9,2018,272,153,0.08575187623500824,0.09486832980505139,0,0,0,1,0,0,0,0.7785000000000001,0.5207,78.10000026226044,80.70000022649765,163.09999877214432,250.29999813437462,347.8999986946583,669.2999957203865,1390.0999951064587,0.6942857503890991,1.030333399772644,1.1299999952316284,11.571428298950195,16.633333206176758,20.03333282470703,18.363332748413086,17.54777717590332,301.75714111328125,304.86334228515625,305.91888427734375,52.7599983215332,49.51222229003906,-1.4900000095367432,-1.5800000429153442,-0.07000000029802322,1.1200000047683716
-84.2137,32.97374444,0,-2,10,2016,302,254,0.09331946820020676,0.0,0,0,0,1,0,0,0,0.5716,0.365,0.0,0.0,0.0,60.599998354911804,123.49999806284904,378.1000002026558,1332.1828804910183,1.1071428060531616,1.156000018119812,1.1653333902359009,43.28571319580078,38.599998474121094,29.83333396911621,13.59999942779541,15.390000343322754,298.9142761230469,300.2966613769531,303.76556396484375,32.18000030517578,40.119998931884766,-2.5899999141693115,-1.8300000429153442,1.059999942779541,2.5299999713897705
-88.90613889,31.94858333,0,-2,5,2019,124,100,0.5297354459762573,0.06,0,0,0,0,0,0,1,0.8606,0.5191,25.200000762939453,55.5,193.29999923706055,279.70000022649765,466.00000035762787,1113.499991774559,1996.3999891877174,1.041428565979004,0.8980000019073486,0.7253333330154419,25.14285659790039,22.200000762939453,23.38888931274414,16.8799991607666,16.10444450378418,301.74285888671875,299.07666015625,294.98443603515625,47.05666732788086,45.99444580078125,3.9000000953674316,3.9000000953674316,4.909999847412109,2.2100000381469727
-78.78739,34.724373,0,-2,5,2016,135,37,1.8623895645141602,0.0,0,0,0,0,0,1,0,0.6018,0.36410000000000003,14.600000202655792,75.40000003576279,118.39999842643738,173.79999816417694,288.00000071525574,674.6418403089046,1544.970372080803,1.3442857265472412,1.121000051498413,0.9160000085830688,33.28571319580078,34.03333282470703,32.511112213134766,13.856666564941406,14.115555763244629,303.3428649902344,300.1100158691406,295.8388977050781,39.99333190917969,39.63111114501953,3.3499999046325684,3.4700000286102295,3.2899999618530273,2.0999999046325684
-81.9384,29.4241,0,-2,5,2018,144,18,0.17398947477340698,0.0,1,0,0,0,0,0,0,0.7512000000000001,0.42600000000000005,80.80000114440918,146.60000109672546,146.9000011086464,397.000007212162,453.90000626444817,638.5000049173832,2041.8999910652637,1.0114285945892334,1.221333384513855,1.1228889226913452,12.714285850524902,27.933332443237305,30.14444351196289,16.110000610351562,15.506667137145996,303.28570556640625,303.2799987792969,300.7422180175781,41.1966667175293,37.37555694580078,4.25,3.430000066757202,3.299999952316284,3.5199999809265137
-80.165804,35.459423,0,-2,1,2016,24,202,0.03926929458975792,0.0,0,0,0,1,0,0,0,0.6047,0.2614,20.899999618530273,38.29999923706055,133.80349344015121,290.8434916138649,534.3110997676849,847.9777548015118,1263.7100422084332,0.23571428656578064,0.3424801826477051,0.4035557806491852,19.14285659790039,14.778671264648438,13.322781562805176,17.844871520996094,19.238237380981445,276.20001220703125,283.3466796875,288.3251647949219,47.58735275268555,49.92512130737305,3.609999895095825,2.3399999141693115,-2.319999933242798,-2.6500000953674316
-82.276039,34.366844,0,-2,9,2016,245,212,1.7207340002059937,0.0,0,0,0,0,0,0,1,0.7656000000000001,0.4898,30.700000286102295,64.60000085830688,121.80000162124634,184.4000016450882,214.40000066161156,439.9000047147274,1574.0444010794163,1.3485714197158813,1.2136666774749756,1.4434444904327393,22.714284896850586,21.366666793823242,29.133333206176758,17.136667251586914,15.154444694519043,306.3571472167969,305.8733215332031,306.7688903808594,45.026668548583984,41.612220764160156,0.7799999713897705,0.7699999809265137,2.4200000762939453,4.460000038146973
-81.0938,28.5784,0,-2,8,2017,217,25,3.715919256210327,0.042426406871192854,1,0,0,0,0,0,0,0.7704000000000001,0.45370000000000005,94.99999952316284,115.69999974966049,185.8000001013279,541.2999950945377,653.499996393919,790.8999975919724,1302.3999981582165,0.9314285516738892,1.0803333520889282,1.1945555210113525,10.428571701049805,13.266666412353516,21.077777862548828,18.136667251586914,17.136667251586914,304.6714172363281,305.9599914550781,305.5244445800781,51.83333206176758,47.51777648925781,-2.2899999618530273,-2.7300000190734863,-4.050000190734863,-3.259999990463257
-80.837074,33.471981,0,-2,1,2017,17,58,7.029119491577148,0.03,0,0,0,0,0,0,1,0.4716,0.23140000000000002,0.0,20.700000762939453,85.50000071525574,208.30000162124634,210.90000167489052,817.7999911606312,1456.7999883294106,0.8357142806053162,0.5856666564941406,0.7011111378669739,28.85714340209961,22.700000762939453,28.44444465637207,17.226667404174805,16.198888778686523,295.5428466796875,289.8733215332031,292.03778076171875,45.04666519165039,40.2511100769043,3.3299999237060547,3.0399999618530273,3.200000047683716,2.9700000286102295
-81.38040278,31.473925,0,-2,9,2018,265,22,0.9682445526123047,0.03,0,0,0,0,1,0,0,0.8027000000000001,0.4032,1.699999988079071,1.699999988079071,36.800000101327896,260.3000019490719,432.1000001132488,803.2999981343746,1174.800000101328,0.9399999976158142,0.9383333325386047,0.9807778000831604,24.428571701049805,22.233333587646484,17.344444274902344,16.979999542236328,17.745555877685547,305.3714294433594,304.67999267578125,305.2622375488281,56.150001525878906,55.356666564941406,1.7999999523162842,2.450000047683716,0.8100000023841858,-1.2899999618530273
-84.147983,35.065517,0,-2,2,2019,31,534,0.061236124485731125,0.03,0,0,0,0,0,0,1,0.5446,0.2607,14.399999976158142,80.09999769926071,147.59999948740005,355.5999993085861,548.5999970138073,942.0999991595745,2140.000000268221,0.28714287281036377,0.2633333206176758,0.285444438457489,14.285714149475098,9.933333396911621,9.266666412353516,19.81999969482422,20.516666412353516,279.6000061035156,281.77667236328125,283.8611145019531,49.13999938964844,50.90777587890625,5.170000076293945,4.650000095367432,3.819999933242798,2.140000104904175
-81.4554,28.7421,0,-2,5,2016,145,19,0.0685005784034729,0.9936297097007517,1,0,0,0,0,0,0,0.8708,0.5667,5.100000023841858,72.99999916553497,123.79999911785126,198.69999793171883,239.49999716877937,486.7078114748001,1355.5108844339848,1.2571429014205933,1.2996666431427002,1.1399999856948853,29.714284896850586,30.96666717529297,32.63333511352539,14.896666526794434,14.229999542236328,304.8571472167969,304.13665771484375,301.2911071777344,42.45333480834961,41.17000198364258,0.8500000238418579,0.6100000143051147,1.0700000524520874,-0.8799999952316284
-80.580467,33.304173,0,-2,11,2017,331,37,0.10628914088010788,0.042426406871192854,0,0,0,0,1,0,0,0.5,0.26280000000000003,11.300000190734863,11.300000190734863,33.90000057220459,105.80000042915344,271.8000031709671,651.3000048696995,1327.900007456541,0.49714285135269165,0.5596666932106018,0.8303333520889282,21.0,23.866666793823242,24.266666412353516,18.236665725708008,17.229999542236328,290.29998779296875,292.1966552734375,298.41888427734375,44.84000015258789,44.37888717651367,1.6799999475479126,1.8899999856948853,2.4000000953674316,2.7899999618530273
-87.108,32.404,0,-2,10,2018,274,36,1.1549452543258667,0.06,0,0,0,0,1,0,0,0.7688,0.3885,101.50000190734863,164.30000191926956,216.30000185966492,300.90000319480896,426.6000035107136,940.2000070512295,1635.6000126302242,0.8285714387893677,1.0256667137145996,1.062000036239624,7.714285850524902,15.100000381469727,18.266666412353516,19.233333587646484,18.04111099243164,303.5142822265625,305.5199890136719,305.7355651855469,50.67333221435547,49.421112060546875,3.3299999237060547,3.009999990463257,3.4800000190734863,2.440000057220459
-85.52584722,34.84453889,0,-2,8,2017,237,232,0.4441356062889099,0.03,0,0,0,0,0,0,1,0.7867000000000001,0.5118,0.0,22.200000762939453,120.60000014305115,310.3999984264374,484.49999687075615,1061.5999964475632,1625.2999998033047,1.028571367263794,0.8703333139419556,0.8492222428321838,21.14285659790039,15.833333015441895,15.277777671813965,18.06999969482422,18.068889617919922,304.28570556640625,302.9166564941406,302.6322326660156,53.86000061035156,55.014442443847656,3.0,2.6600000858306885,-2.319999933242798,-4.300000190734863
-78.248583,33.934534,0,-2,5,2018,143,12,4.345401287078857,0.03,0,1,0,0,0,0,0,0.6611,0.4071,86.4000015258789,96.0000017285347,120.60000139474869,259.20000395178795,334.900004029274,641.9000044763088,1420.800004452467,0.7471428513526917,0.856333315372467,0.6728888750076294,19.14285659790039,24.733333587646484,24.422222137451172,15.960000038146973,16.281110763549805,299.1000061035156,298.7533264160156,293.70220947265625,51.20333480834961,46.4555549621582,0.6600000262260437,-0.5299999713897705,1.100000023841858,0.8700000047683716
-88.39611111,34.64805556,0,-2,9,2018,269,149,0.041314251720905304,0.03,0,0,0,0,0,0,1,0.8331000000000001,0.4405,102.39999866485596,106.49999862909317,142.09999907016754,199.099999666214,258.7000004351139,759.1999953389168,1604.4999963641167,0.8914285898208618,1.1263333559036255,1.096666693687439,15.285714149475098,20.899999618530273,21.96666717529297,17.773332595825195,16.97888946533203,303.28570556640625,304.8900146484375,305.2510986328125,51.060001373291016,50.643333435058594,1.2200000286102295,1.4600000381469727,-0.9200000166893005,-2.25
-79.217007,34.582957,0,-2,3,2017,84,47,0.12073168903589249,0.0,0,0,0,0,0,0,1,0.5057,0.26430000000000003,11.899999618530273,53.0999995470047,73.09999942779541,109.2000002861023,204.3999995291233,746.3000121712685,1590.9000166654587,0.9157142639160156,0.7896666526794434,0.7078889012336731,34.57143020629883,32.96666717529297,26.35555648803711,13.979999542236328,15.6899995803833,294.3428649902344,291.95001220703125,291.0655517578125,31.8700008392334,36.434444427490234,2.75,3.569999933242798,4.420000076293945,2.9100000858306885
-79.657357,35.295946,0,-2,3,2016,68,196,0.13379940390586853,0.0670820393249937,0,0,0,1,0,0,0,0.4597,0.22360000000000002,2.800000011920929,19.60000044107437,88.29999893903732,168.09999972581863,371.20082837343216,909.5182491838932,1407.7612539827824,0.49000000953674316,0.48233333230018616,0.43305066227912903,27.0,25.766666412353516,19.972055435180664,15.026666641235352,16.855810165405273,288.21429443359375,286.0133361816406,286.3856506347656,37.52000045776367,45.62996292114258,3.8499999046325684,3.7799999713897705,2.7200000286102295,-1.1200000047683716
-81.5878,27.7047,0,-2,2,2019,41,53,0.3685939908027649,0.03,0,0,0,0,0,0,1,0.5925,0.3205,3.799999952316284,9.899999856948853,92.79999995231628,192.5999983549118,226.99999856948853,565.5000010430813,1724.6000073850155,0.9171428680419922,0.7093333601951599,0.7354444265365601,29.428571701049805,24.83333396911621,23.94444465637207,16.49333381652832,17.2722225189209,299.68572998046875,295.7966613769531,297.0666809082031,45.77000045776367,46.434444427490234,1.600000023841858,1.6399999856948853,1.7799999713897705,3.0199999809265137
-84.99626111,31.09201389,0,-2,8,2017,236,49,0.17050528526306152,0.03,0,0,0,0,0,0,1,0.4913,0.3447,2.700000047683716,41.69999933242798,88.99999934434891,193.39999890327454,401.20000118017197,653.3999962210655,1379.099995702505,1.295714259147644,1.0136666297912598,0.9707777500152588,23.571428298950195,19.600000381469727,19.55555534362793,17.503334045410156,17.23666763305664,307.6428527832031,305.6099853515625,304.6266784667969,52.150001525878906,53.071109771728516,0.8999999761581421,1.2999999523162842,0.8700000047683716,2.200000047683716
-83.6519,30.6298,0,-2,4,2018,117,47,0.01241992600262165,0.18,0,0,0,0,0,1,0,0.7684000000000001,0.49810000000000004,33.29999923706055,58.39999961853027,112.79999852180481,156.79999819397926,278.5999991595745,381.6999990940094,1267.4999987185001,0.8757143020629883,0.8849999904632568,0.7870000004768372,29.428571701049805,29.799999237060547,29.311111450195312,15.226666450500488,15.404444694519043,298.79998779296875,298.1199951171875,296.17333984375,43.0099983215332,43.48777770996094,-2.6500000953674316,-2.440000057220459,-1.6699999570846558,-0.75
-82.93700556,31.61694722,0,-2,10,2016,295,77,0.0,0.0,0,0,0,0,1,0,0,0.76,0.42660000000000003,0.4000000059604645,0.4000000059604645,19.100000768899918,204.2000040113926,296.8000053167343,586.600009649992,1336.9548007547855,1.1514285802841187,1.0533332824707031,1.1664444208145142,27.714284896850586,28.16666603088379,25.377777099609375,16.56999969482422,16.614444732666016,301.471435546875,301.90667724609375,304.6611022949219,42.81999969482422,43.872222900390625,-0.10999999940395355,0.9200000166893005,1.559999942779541,1.7000000476837158
-93.4006,31.0723,0,-2,6,2017,163,82,0.01182796061038971,0.17492855684535902,0,0,0,1,0,0,0,0.5878,0.4173,31.299999713897705,94.30000030994415,182.29999887943268,334.49999937415123,636.8000057637691,938.5000025629997,1589.2999984920025,1.1114286184310913,0.9203333258628845,0.9506666660308838,17.714284896850586,20.700000762939453,27.655555725097656,17.50666618347168,15.864444732666016,303.28570556640625,302.23333740234375,300.48333740234375,52.86666488647461,47.79888916015625,1.6100000143051147,1.2699999809265137,-1.2100000381469727,0.7300000190734863
-87.3566,30.5888,0,-2,2,2017,31,46,0.3682432472705841,0.09,0,0,0,1,0,0,0,0.7102,0.3425,2.4000000953674316,97.59999895095825,225.09999734163284,673.8999981284142,693.599998652935,1011.0999952554703,2150.499996036291,0.7257142663002014,0.7486666440963745,0.7841111421585083,20.571428298950195,15.333333015441895,22.44444465637207,17.899999618530273,17.237777709960938,291.75714111328125,293.7366638183594,294.6433410644531,41.83000183105469,42.39555740356445,3.569999933242798,1.6299999952316284,1.8899999856948853,1.7300000190734863
-84.624,30.85394722,0,-2,10,2018,277,34,1.2368154525756836,0.03,0,0,0,0,0,0,1,0.7752,0.4338,13.699999988079071,53.39999979734421,70.90000027418137,206.2999982535839,465.39999851584435,927.0999960899353,1459.7999944984913,0.9842857122421265,1.124333381652832,1.0081111192703247,17.571428298950195,18.700000762939453,13.777777671813965,17.77666664123535,18.586666107177734,304.8285827636719,306.4566650390625,305.76666259765625,49.15666580200195,52.37555694580078,1.7999999523162842,1.9500000476837158,-1.600000023841858,-2.319999933242798
-84.286417,36.474767,0,-2,4,2018,98,364,0.035295240581035614,0.03,0,0,0,0,0,0,1,0.643,0.39680000000000004,42.000001072883606,64.70000183582306,159.0000010728836,415.29999953508377,511.3000002503395,721.399997740984,1629.4999950230122,0.35285714268684387,0.4483333230018616,0.4153333306312561,10.571428298950195,15.166666984558105,16.200000762939453,17.440000534057617,18.011110305786133,285.6285705566406,286.4966735839844,285.0289001464844,46.130001068115234,45.198890686035156,2.1600000858306885,1.8700000047683716,1.340000033378601,2.119999885559082
-85.13618889,34.25465,0,-2,7,2018,210,216,4.090509414672852,0.0,0,0,0,0,0,0,1,0.7669,0.5273,9.0,63.30000162124634,122.50000086426735,252.89999982714653,357.8999997675419,779.2000001072884,1294.3000028431416,1.1714285612106323,1.0843333005905151,1.0752222537994385,19.85714340209961,17.100000381469727,20.877777099609375,17.77666664123535,16.925556182861328,304.4142761230469,305.09332275390625,304.1766662597656,49.36000061035156,48.27000045776367,1.0499999523162842,0.8299999833106995,0.0,-0.10999999940395355
-85.20138333,34.90416111,0,-2,3,2016,90,278,0.9641430974006653,0.042426406871192854,1,0,0,0,0,0,0,0.6335000000000001,0.398,32.90000057220459,32.90000057220459,84.30000048875809,271.29999828338623,349.2999987602234,888.4047308564186,1624.0628499388695,0.572857141494751,0.7196666598320007,0.5063333511352539,20.571428298950195,20.066667556762695,18.733333587646484,16.606666564941406,17.02666664123535,293.5,293.5299987792969,287.22222900390625,41.63666534423828,43.53111267089844,2.0399999618530273,2.2799999713897705,1.850000023841858,0.05999999865889549
-79.320218,34.760868,0,-2,10,2016,292,61,0.34566187858581543,0.042426406871192854,0,0,0,0,1,0,0,0.7051000000000001,0.4169,0.0,283.09999537467957,460.49999260902405,584.9999890327454,654.8999887704849,1075.6999903023243,1707.887841373682,0.8428571224212646,0.871666669845581,1.1749999523162842,23.85714340209961,19.733333587646484,22.33333396911621,17.97333335876465,16.872222900390625,299.3285827636719,299.94000244140625,304.4377746582031,49.41999816894531,46.2055549621582,1.909999966621399,0.9100000262260437,1.940000057220459,1.9600000381469727
-89.90916667,31.48916667,0,-2,9,2018,252,118,0.017306437715888023,0.12,1,0,0,0,0,0,0,0.8393,0.7169,22.699999928474426,65.30000007152557,166.09999972581863,270.2999974191189,425.19999796152115,787.7999956607819,1461.8999961912632,0.9985714554786682,1.065666675567627,1.136888861656189,15.0,16.5,19.0,18.139999389648438,17.41777801513672,304.8857116699219,305.6666564941406,306.3566589355469,50.16999816894531,49.44111251831055,1.3899999856948853,1.2699999809265137,1.5,2.309999942779541
-83.97303889,34.29076389,0,-2,5,2017,121,347,0.663362443447113,0.0,1,0,0,0,0,0,0,0.7996000000000001,0.5442,20.400000005960464,72.50000104308128,151.80000066757202,255.39999935030937,331.899999409914,659.2000026106834,1045.599999755621,0.9357143044471741,0.9643333554267883,0.8178889155387878,25.428571701049805,30.066667556762695,28.866666793823242,14.119999885559082,14.10111141204834,299.3857116699219,296.97332763671875,293.0522155761719,44.31999969482422,38.28444290161133,-4.579999923706055,-5.130000114440918,-4.340000152587891,-3.5299999713897705
-78.1501,36.414817,0,-2,4,2016,98,125,1.9403780698776245,0.0,0,0,0,0,0,0,1,0.46280000000000004,0.2919,17.40000009536743,36.69999933242798,55.499999314546585,138.89999958872795,222.7000000178814,522.1336768865585,1176.4522237181664,0.977142870426178,0.9153333306312561,0.616777777671814,26.428571701049805,28.399999618530273,25.33333396911621,14.569999694824219,15.501111030578613,292.8285827636719,294.44000244140625,287.69000244140625,39.323333740234375,40.024444580078125,3.0,3.569999933242798,2.9000000953674316,1.6699999570846558
-83.24666667,31.19,0,-2,5,2018,139,79,0.008937486447393894,0.042426406871192854,1,0,0,0,0,0,0,0.6556000000000001,0.378,33.200000286102295,34.50000023841858,60.000000953674316,119.90000140666962,162.00000244379044,417.5000034868717,1083.4000031352043,1.1614285707473755,1.2899999618530273,1.0067777633666992,31.0,36.20000076293945,34.655555725097656,13.083333015441895,13.762222290039062,302.72857666015625,301.7799987792969,298.08111572265625,35.51333236694336,37.698890686035156,-2.559999942779541,-2.299999952316284,-1.2599999904632568,-0.6700000166893005
-85.3525,30.5111,0,-2,4,2016,101,62,0.030362647026777267,0.03,0,0,1,0,0,0,0,0.5263,0.34490000000000004,2.5999999046325684,98.69999837875366,295.5999975204468,373.4999967813492,549.2999947071075,987.080117225647,1803.5955750346184,1.1428571939468384,0.9173333644866943,0.769777774810791,27.14285659790039,23.299999237060547,23.633333206176758,16.950000762939453,16.488889694213867,299.0857238769531,297.9033203125,294.5433349609375,43.88999938964844,40.418888092041016,1.4600000381469727,1.2999999523162842,0.9399999976158142,-1.3300000429153442
-79.713499,35.225519,0,-2,12,2018,359,187,0.016047276556491852,0.03,0,0,0,0,0,0,1,0.5733,0.2667,47.40000128746033,80.3000009059906,160.70000106096268,366.9000034034252,567.3000041246414,1363.8000125288963,1918.500009804964,0.3214285671710968,0.3543333411216736,0.4147777855396271,8.428571701049805,12.033333778381348,11.977777481079102,19.286666870117188,19.649999618530273,286.8999938964844,285.25665283203125,290.042236328125,47.83000183105469,53.68777847290039,6.260000228881836,5.119999885559082,2.4700000286102295,-1.5199999809265137
-78.570686,36.448801,0,-2,11,2016,319,144,4.305342674255371,0.0,0,0,0,0,0,0,1,0.5897,0.3039,8.099999785423279,9.399999737739563,9.399999737739563,327.2000005543232,348.6000007092953,637.4000028967857,1297.5187654793262,0.5857142806053162,0.7509999871253967,0.8306666612625122,27.85714340209961,25.766666412353516,22.422222137451172,16.46666717529297,17.447778701782227,288.75714111328125,293.9366760253906,298.5088806152344,37.5966682434082,46.459999084472656,2.5299999713897705,2.430000066757202,2.609999895095825,2.5199999809265137
-81.816353,33.506977,0,-2,5,2018,137,128,0.9492349028587341,0.0,0,0,0,0,0,0,1,0.674,0.4702,39.29999923706055,39.29999923706055,82.89999914169312,146.29999911785126,206.89999854564667,414.50000163912773,1085.100005954504,1.5700000524520874,1.3580000400543213,1.011222243309021,40.14285659790039,39.70000076293945,34.88888931274414,12.046667098999023,13.281110763549805,304.5857238769531,300.8833312988281,296.3077697753906,33.49333190917969,35.47444534301758,-2.5999999046325684,-2.4200000762939453,-1.5299999713897705,-0.6600000262260437
-92.988,31.9085,0,-2,3,2017,82,54,0.008102902211248875,0.03,0,0,0,0,0,0,1,0.6229,0.2451,0.0,6.499999821186066,30.199999511241913,68.20000070333481,242.4000016450882,468.60000082850456,1181.2000051140785,1.3057142496109009,0.890999972820282,0.7453333139419556,40.14285659790039,35.16666793823242,26.066667556762695,13.226666450500488,15.714444160461426,301.29998779296875,295.7099914550781,293.8444519042969,39.563331604003906,43.73777770996094,0.8799999952316284,1.7200000286102295,2.5299999713897705,4.199999809265137
-92.4533,30.9262,0,-2,3,2016,81,44,0.060641031712293625,0.06,0,0,0,0,0,0,1,0.6761,0.373,12.300000190734863,102.79999852180481,122.29999816417694,175.1999989748001,330.2252503335476,838.2310179173946,1534.5627124607563,0.8657143115997314,0.7609999775886536,0.6126747727394104,21.85714340209961,22.46666717529297,21.222566604614258,16.883333206176758,17.133501052856445,295.24285888671875,295.6300048828125,292.4147644042969,48.459999084472656,48.815208435058594,-0.8399999737739563,-1.100000023841858,-1.2799999713897705,-1.8300000429153442
-81.4824,29.6323,0,-2,3,2019,69,12,0.30693361163139343,0.0,0,0,0,0,0,0,1,0.7935,0.4252,0.0,14.700000077486038,43.00000002980232,135.99999967217445,342.7999966442585,652.2999946177006,1920.9999999403954,0.618571400642395,0.8243333101272583,0.7076666951179504,28.0,26.96666717529297,24.233333587646484,15.83666706085205,16.545555114746094,294.1856994628906,297.35333251953125,294.6744384765625,45.5533332824707,45.5444450378418,4.619999885559082,5.210000038146973,4.170000076293945,5.289999961853027
-81.86577778,31.646725,0,-2,3,2016,77,34,0.03812412545084953,0.09,1,0,0,0,0,0,0,0.7094,0.3387,13.799999713897705,13.799999713897705,36.39999973773956,154.50000083446503,255.48525178432465,452.8554897904396,1140.6546527445316,1.2999999523162842,0.90666663646698,0.728757917881012,31.85714340209961,29.433332443237305,26.99749183654785,15.363333702087402,15.54189395904541,301.8857116699219,296.94000244140625,293.22418212890625,36.313331604003906,39.61366653442383,-1.850000023841858,-1.8300000429153442,-1.9299999475479126,-1.3700000047683716
-81.6548,29.7311,0,-2,4,2016,100,24,0.022548548877239227,0.09,1,0,0,0,0,0,0,0.8373,0.4606,0.0,22.699999570846558,48.299999475479126,79.59999924898148,229.99999889731407,381.0327731668949,1297.6751220226288,1.25,1.1440000534057617,0.8713333606719971,39.42856979370117,32.599998474121094,30.177778244018555,14.316666603088379,15.077777862548828,299.5857238769531,300.2900085449219,295.6522216796875,40.97666549682617,40.13111114501953,-0.5699999928474426,-0.05999999865889549,-0.7699999809265137,1.7000000476837158
-89.80363698,31.84397924,0,-2,11,2019,326,172,0.1963793784379959,0.06,0,1,0,0,0,0,0,0.7247,0.3467,20.200000762939453,34.300000578165054,241.80000373721123,373.40000396966934,472.1000037789345,793.7000060975552,2018.9000116586685,0.6299999952316284,0.5196666717529297,0.9484444260597229,22.285715103149414,16.5,22.41111183166504,18.823333740234375,17.342222213745117,293.31427001953125,291.1833190917969,299.685546875,45.266666412353516,45.614444732666016,2.549999952316284,1.4299999475479126,2.1700000762939453,2.7200000286102295
-79.115625,34.977922,0,-2,2,2018,35,66,2.315189838409424,0.0,0,0,0,0,0,1,0,0.4645,0.23850000000000002,36.40000033378601,103.20000195503235,126.70000195503235,213.70000195503235,253.30000212788582,523.3000009953976,1234.5999995470047,0.4399999976158142,0.5080000162124634,0.4991111159324646,24.428571701049805,29.233333587646484,26.988889694213867,15.693333625793457,16.25111198425293,285.0857238769531,286.0433349609375,286.5666809082031,33.62333297729492,36.6533317565918,-1.5700000524520874,-1.2400000095367432,1.2599999904632568,2.4600000381469727
-80.5428,27.9033,0,-2,1,2018,18,13,0.403600811958313,0.03,0,0,0,0,1,0,0,0.7140000000000001,0.33440000000000003,4.199999809265137,17.899999737739563,59.499998807907104,190.59999725222588,329.8999981582165,1245.4000106751919,1983.100009649992,0.4657142758369446,0.5716666579246521,0.6587777733802795,20.571428298950195,19.0,18.05555534362793,18.6299991607666,18.285554885864258,293.0571594238281,294.23333740234375,296.94110107421875,52.29999923706055,53.28666687011719,3.890000104904175,3.950000047683716,2.640000104904175,-1.6100000143051147
-88.9936146,31.3028712,0,-2,3,2016,81,63,0.01533596497029066,0.042426406871192854,1,0,0,0,0,0,0,0.7537,0.37770000000000004,58.90000057220459,251.20000576972961,340.2000051140785,454.10000362992287,603.7666443288326,1082.5531483590603,1650.9952008128166,0.9671428799629211,0.8636666536331177,0.6764857769012451,20.428571701049805,20.200000762939453,19.89324188232422,17.020000457763672,17.010883331298828,295.6571350097656,295.6600036621094,292.34832763671875,42.869998931884766,42.93212890625,1.5299999713897705,-1.190000057220459,-1.7599999904632568,-2.950000047683716
-85.6192,30.3096,0,-2,5,2019,131,11,4.431414604187012,0.0,0,0,0,0,0,0,1,0.5055000000000001,0.34650000000000003,0.699999988079071,14.20000046491623,80.29999893903732,158.29999840259552,261.39999890327454,756.4999979734421,2447.600006878376,1.0571428537368774,1.0323333740234375,0.8331111073493958,28.85714340209961,27.700000762939453,28.08888816833496,15.729999542236328,15.547778129577637,303.471435546875,301.0333251953125,297.52777099609375,41.27666473388672,43.70222091674805,3.2799999713897705,3.609999895095825,5.460000038146973,4.610000133514404
-81.3999,26.2716,0,-2,4,2019,97,11,0.0,0.7805767098754612,0,0,0,0,1,0,0,0.4252,0.2968,1.4000000059604645,1.4000000059604645,57.9000001847744,163.69999977946281,273.3999981582165,368.4999989271164,1400.5999932587147,0.9814285635948181,0.8343333601951599,0.7474444508552551,24.14285659790039,21.766666412353516,20.433332443237305,17.77666664123535,18.407777786254883,303.4857177734375,301.7266540527344,300.0666809082031,47.33333206176758,48.31999969482422,1.1699999570846558,-0.5799999833106995,-1.7200000286102295,-1.159999966621399
-81.3872,27.8917,0,-2,10,2016,274,22,2.0834414958953857,0.0,0,0,0,0,0,0,1,0.7466,0.4184,30.5999998152256,49.999999076128006,168.59999865293503,424.59999644756317,575.3000006079674,1165.099997162819,1654.5375284552574,1.0700000524520874,1.0666667222976685,1.1613333225250244,12.428571701049805,11.166666984558105,14.144444465637207,19.3266658782959,18.343334197998047,305.5857238769531,305.7099914550781,306.5111083984375,51.663333892822266,50.20222091674805,5.079999923706055,4.659999847412109,5.25,3.880000114440918
-82.368,27.8388,0,-2,3,2017,83,8,1.8390865325927734,0.0,0,0,0,0,0,0,1,0.5418000000000001,0.3613,0.0,18.399999618530273,18.399999618530273,69.49999904632568,110.99999970197678,227.29999959468842,1424.9000008106232,1.0628571510314941,0.9653333425521851,0.8621110916137695,39.42856979370117,34.79999923706055,28.44444465637207,14.329999923706055,15.724444389343262,299.0142822265625,298.72332763671875,297.9811096191406,41.0433349609375,44.54999923706055,-2.4200000762939453,-2.0299999713897705,1.5700000524520874,3.859999895095825
-86.513,33.281,0,-2,3,2018,85,177,0.021616775542497635,0.09486832980505139,1,0,0,0,0,0,0,0.6686000000000001,0.3376,0.5,8.000000059604645,94.99999940395355,341.80000030994415,376.70000064373016,654.4000014364719,1633.3000012636185,0.6499999761581421,0.671999990940094,0.5735555291175842,30.14285659790039,22.299999237060547,23.677778244018555,15.553333282470703,15.881111145019531,291.75714111328125,292.05999755859375,289.31109619140625,39.936668395996094,40.5533332824707,1.2400000095367432,1.2699999809265137,1.9299999475479126,2.7899999618530273
-81.84869444,32.63352778,0,-2,3,2016,77,60,0.09543199092149734,0.0,0,0,0,0,0,0,1,0.6021000000000001,0.29150000000000004,2.399999976158142,2.399999976158142,53.69999957084656,212.60000050067902,284.6225564777851,718.1187026202679,1308.1922763586044,1.3057142496109009,0.815666675567627,0.6175938844680786,27.85714340209961,22.866666793823242,21.979928970336914,17.05666732788086,16.8815860748291,301.74285888671875,295.8766784667969,291.71490478515625,40.356666564941406,44.065086364746094,2.009999990463257,1.5499999523162842,1.6799999475479126,0.5199999809265137
-78.358667,36.122833,0,-2,4,2016,102,92,0.15237021446228027,0.0,1,0,0,0,0,0,0,0.6898000000000001,0.3463,9.900000095367432,20.500000476837158,75.7000002861023,178.20000171661377,255.70000261068344,594.0567142367363,1227.6098064780235,0.5985714197158813,0.8529999852180481,0.6174444556236267,30.428571701049805,29.46666717529297,26.211111068725586,14.543333053588867,15.491110801696777,289.81427001953125,293.2633361816406,288.0944519042969,36.47666549682617,38.741111755371094,2.2899999618530273,2.7899999618530273,2.1500000953674316,0.8999999761581421
-80.921235,35.77646,0,-2,2,2016,42,292,1.9124548435211182,0.0,0,0,0,0,0,0,1,0.496,0.2248,0.30000001192092896,29.599999248981476,85.1999990940094,246.5807800590992,334.3763464987278,701.757625669241,1178.0738808512688,0.4028571546077728,0.38333332538604736,0.41011369228363037,23.571428298950195,19.766666412353516,16.62343406677246,16.860000610351562,18.170541763305664,280.05712890625,282.25,286.1356201171875,41.459999084472656,44.68130874633789,2.5999999046325684,2.259999990463257,-1.7599999904632568,-2.1600000858306885
-80.861008,33.041855,0,-2,10,2017,275,30,0.31999871134757996,0.042426406871192854,0,0,0,0,0,0,1,0.7886000000000001,0.3536,0.0,0.800000011920929,147.8999940752983,373.9999951124191,528.9999930262566,922.3999874293804,1589.6999793350697,1.2657142877578735,1.124333381652832,1.1380000114440918,31.428571701049805,25.46666717529297,19.05555534362793,15.926666259765625,17.3266658782959,303.4285583496094,303.0433349609375,304.7633361816406,41.96333312988281,45.86000061035156,3.5899999141693115,3.2200000286102295,2.6500000953674316,2.25
-83.977,30.4258,0,-2,3,2019,87,71,0.005616715643554926,0.10816653826391967,1,0,0,0,0,0,0,0.5115000000000001,0.2616,0.699999988079071,5.899999797344208,69.89999842643738,91.6999980211258,196.79999899864197,800.1999938488007,2034.2000003755093,0.9971429109573364,0.762666642665863,0.6901111006736755,38.71428680419922,29.366666793823242,27.35555648803711,15.056666374206543,15.325555801391602,297.1856994628906,295.0799865722656,293.89666748046875,43.13333511352539,45.565555572509766,3.1600000858306885,3.940000057220459,4.28000020980835,2.7699999809265137
-82.20141667,32.17477778,0,-2,12,2019,344,48,0.014012307859957218,0.09486832980505139,1,0,0,0,0,0,0,0.5532,0.27890000000000004,0.0,11.800000369548798,90.70000118017197,248.00000125169754,248.7000012397766,637.300002425909,1190.7000016570091,0.6628571152687073,0.5929999947547913,1.0136666297912598,26.428571701049805,20.83333396911621,27.0,17.856666564941406,16.158889770507812,293.8714294433594,291.95001220703125,298.73223876953125,42.630001068115234,40.68333435058594,0.8899999856948853,-0.7400000095367432,1.190000057220459,1.3300000429153442
-88.81472222,31.44666667,0,-2,3,2017,81,82,0.0014975897502154112,0.0,0,0,0,0,0,0,1,0.7749,0.3483,0.0,13.400000393390656,105.60000121593475,157.00000023841858,430.59999844431877,649.1999962627888,1410.599996715784,1.162857174873352,0.8513333201408386,0.7638888955116272,34.0,29.83333396911621,22.122222900390625,14.350000381469727,16.38888931274414,298.70001220703125,295.3466796875,294.4022216796875,39.143333435058594,42.21555709838867,-1.7599999904632568,-1.3600000143051147,-1.7599999904632568,1.2200000286102295
-87.891717,35.622167,0,-2,1,2017,23,223,0.019657600671052933,0.16155494421403513,1,0,0,0,0,0,0,0.4344,0.1633,35.39999961853027,60.999999046325684,159.6000002026558,351.09999948740005,357.49999925494194,641.6000012457371,1317.9999998807907,0.43714284896850586,0.4716666638851166,0.5600000023841858,15.285714149475098,16.633333206176758,23.177778244018555,18.670000076293945,17.447778701782227,289.5428466796875,286.7933349609375,288.23333740234375,49.28666687011719,42.59555435180664,-1.8799999952316284,-2.180000066757202,-0.1599999964237213,-1.590000033378601
-80.357124,34.225529,0,-2,5,2018,142,71,0.5009937882423401,0.0,0,0,0,0,0,0,1,0.535,0.3049,52.89999866485596,67.19999885559082,142.40000200271606,197.60000216960907,278.9000017642975,472.200001090765,1043.9999985396862,0.9114285707473755,1.2206666469573975,0.9254444241523743,21.428571701049805,35.733333587646484,33.07777786254883,13.666666984558105,14.012222290039062,301.24285888671875,301.1433410644531,295.62554931640625,39.266666412353516,37.11000061035156,-1.7899999618530273,-2.119999885559082,-1.6100000143051147,-0.8500000238418579
-78.180483,34.319715,0,-2,4,2017,118,15,0.0,0.0670820393249937,1,0,0,0,0,0,0,0.7282000000000001,0.4791,75.20000115036964,76.50000110268593,158.199999243021,209.69999930262566,252.09999895095825,480.59999829530716,1695.7999958992004,0.9485714435577393,0.9649999737739563,0.8247777819633484,26.14285659790039,28.566667556762695,29.46666717529297,15.300000190734863,14.95888900756836,299.25714111328125,298.67999267578125,294.5788879394531,42.790000915527344,37.47111129760742,1.5,1.5700000524520874,3.299999952316284,4.269999980926514
-84.57416667,32.153675,0,-2,3,2019,87,184,0.2741309702396393,0.0,0,0,0,0,0,0,1,0.5304,0.3125,28.600000023841858,28.600000023841858,95.90000009536743,136.10000017285347,282.8000012934208,756.9999978542328,1574.4999997913837,0.8657143115997314,0.6930000185966492,0.5644444227218628,34.0,28.799999237060547,24.41111183166504,15.036666870117188,16.086666107177734,295.21429443359375,293.13665771484375,291.3077697753906,40.266666412353516,45.02555465698242,2.609999895095825,3.309999942779541,3.3499999046325684,1.7799999713897705
-84.28916667,35.16611111,0,-2,7,2016,191,396,0.0,0.16970562748477142,0,0,0,0,0,0,0,0.5611,0.096,83.19999915361404,86.69999921321869,104.29999935626984,169.00000002980232,259.0000005066395,603.600001335144,1396.8768578767776,1.0114285945892334,1.0456666946411133,0.9617777466773987,20.571428298950195,25.33333396911621,25.64444351196289,16.226667404174805,16.030000686645508,304.72857666015625,304.60333251953125,300.792236328125,46.56666564941406,43.92444610595703,-2.259999990463257,-1.559999942779541,0.8799999952316284,1.409999966621399
-79.800635,35.849269,0,-2,3,2016,82,229,0.7760371565818787,0.0670820393249937,0,0,1,0,0,0,0,0.5666,0.28350000000000003,3.1999999284744263,13.999999552965164,64.40000060200691,118.99999985098839,222.84830948710442,704.85294932127,1243.1604880690575,1.01285719871521,0.7860000133514404,0.5101629495620728,39.0,32.0,24.649513244628906,13.766666412353516,15.314711570739746,291.471435546875,291.2166748046875,285.99224853515625,36.936668395996094,41.56888198852539,2.240000009536743,2.680000066757202,1.399999976158142,-2.450000047683716
-93.6746,30.428,0,-2,11,2019,316,26,0.0461716391146183,0.10816653826391967,0,0,0,0,0,0,1,0.6769000000000001,0.33,4.899999976158142,17.59999978542328,188.4999970793724,444.999997317791,558.2999966144562,1189.0999870300293,2055.6999940872192,0.4357142746448517,0.5076666474342346,0.8333333134651184,18.0,16.566667556762695,16.811111450195312,18.940000534057617,18.564443588256836,292.1285705566406,295.0899963378906,301.9111022949219,52.09000015258789,52.148887634277344,4.679999828338623,4.360000133514404,3.259999990463257,2.0999999046325684
-92.5143,32.4813,0,-2,1,2016,27,59,0.13516581058502197,0.03,1,0,0,0,0,0,0,0.6143000000000001,0.2843,65.4000004529953,68.80000042915344,112.00000101327896,268.70539170503616,503.17791736125946,735.406587511301,1555.602766931057,0.4057143032550812,0.3958233892917633,0.5245856046676636,13.857142448425293,17.484373092651367,17.33233642578125,18.558544158935547,18.94170379638672,284.6285705566406,285.65863037109375,291.28375244140625,45.893550872802734,48.024349212646484,1.3799999952316284,-0.550000011920929,-2.140000104904175,1.4600000381469727
-77.007417,35.905179,0,-2,3,2019,71,8,0.007617135997861624,0.09,0,0,0,0,0,1,0,0.4556,0.21450000000000002,3.5000001192092896,39.39999917149544,137.30000028014183,211.30000016093254,285.5000010430813,621.9000017642975,1650.8000063300133,0.5128571391105652,0.36033332347869873,0.382999986410141,22.14285659790039,15.266666412353516,16.288888931274414,18.47333335876465,18.266666412353516,287.0857238769531,286.1166687011719,286.4689025878906,56.619998931884766,50.22444534301758,4.210000038146973,4.170000076293945,4.0,3.8399999141693115
-82.6878,29.589,0,-2,4,2016,110,26,0.027506187558174133,0.08485281374238571,0,0,0,1,0,0,0,0.6046,0.38820000000000005,10.800000190734863,14.600000143051147,71.80000007152557,144.00000083446503,253.40000131726265,448.64087441563606,1609.2232432365417,1.0842857360839844,1.0176666975021362,0.8967777490615845,29.85714340209961,28.933332443237305,28.58888816833496,15.173333168029785,15.717778205871582,299.5428466796875,299.836669921875,297.1199951171875,40.28666687011719,40.81666564941406,1.0800000429153442,1.350000023841858,1.8700000047683716,2.890000104904175
-83.27040556,31.70551389,0,-2,10,2018,273,112,1.87884521484375,0.0,0,0,0,0,0,0,1,0.7113,0.3624,43.90000158548355,43.90000158548355,84.7000013589859,232.10000121593475,439.80000138282776,853.1000013649464,1295.8000008165836,1.1271429061889648,1.2266666889190674,1.0305556058883667,20.85714340209961,21.33333396911621,15.477777481079102,16.706666946411133,18.01555633544922,306.1000061035156,306.42333984375,305.7789001464844,46.83333206176758,51.04888916015625,2.880000114440918,3.119999885559082,1.190000057220459,-1.059999942779541
-81.315742,34.482777,0,-2,8,2016,233,141,0.850908100605011,0.0670820393249937,0,0,0,0,0,0,1,0.8784000000000001,0.4385,22.700000286102295,40.00000077486038,62.00000071525574,153.80000126361847,210.50000131130219,477.69999969005585,1466.133222669363,1.4485714435577393,1.4190000295639038,1.432111144065857,20.85714340209961,24.899999618530273,27.288888931274414,15.829999923706055,15.239999771118164,307.528564453125,307.433349609375,306.6611022949219,42.63666534423828,40.65999984741211,0.949999988079071,1.6699999570846558,2.5,4.28000020980835
-79.305252,33.296669,0,-2,4,2016,102,9,4.010998249053955,0.0,0,0,0,0,0,0,1,0.6521,0.4038,7.699999809265137,20.800000190734863,81.59999942779541,145.39999967813492,348.60000091791153,608.6972350478172,2032.6072978973389,0.6471428871154785,0.8433333039283752,0.6106666922569275,26.714284896850586,26.0,24.88888931274414,16.100000381469727,16.446666717529297,293.471435546875,295.97332763671875,291.2699890136719,43.15999984741211,43.551109313964844,3.8399999141693115,4.389999866485596,4.190000057220459,2.859999895095825
-77.405933,34.8221,0,-2,3,2019,76,17,0.0,0.03,1,0,0,0,0,0,0,0.47940000000000005,0.22130000000000002,0.0,11.400000274181366,78.69999995827675,168.50000101327896,267.4000012278557,604.2000012993813,2494.19998896122,0.7142857313156128,0.5376666784286499,0.5424444675445557,28.85714340209961,19.066667556762695,18.955554962158203,17.34666633605957,17.218889236450195,293.22857666015625,290.6099853515625,289.5655517578125,43.753334045410156,41.885555267333984,5.53000020980835,6.199999809265137,6.570000171661377,4.849999904632568
-78.108187,35.932695,0,-2,3,2018,83,83,4.416047096252441,0.0,0,0,0,0,0,0,1,0.49870000000000003,0.2582,59.30000042915344,94.29999947547913,125.49999994039536,222.00000154972076,273.10000136494637,449.70000156760216,1319.5999974012375,0.4285714328289032,0.5043333172798157,0.4628888964653015,20.714284896850586,23.866666793823242,24.66666603088379,15.609999656677246,16.164443969726562,284.8285827636719,286.49334716796875,285.3133239746094,42.323333740234375,39.48555374145508,1.100000023841858,1.399999976158142,1.9600000381469727,3.4600000381469727
-81.60225556,32.70232222,0,-2,3,2017,65,63,0.030634384602308273,0.03,0,1,0,0,0,0,0,0.5532,0.3446,3.0,9.79999977350235,28.099999964237213,131.09999924898148,196.39999854564667,486.60000079870224,1299.9000005722046,0.7685714364051819,0.7490000128746033,0.6085555553436279,32.14285659790039,29.46666717529297,22.566667556762695,15.09333324432373,17.530000686645508,294.3714294433594,294.8466796875,292.46221923828125,36.939998626708984,43.72888946533203,0.6600000262260437,1.059999942779541,0.8600000143051147,0.5899999737739563
-82.2712,30.4512,0,-2,1,2016,0,28,0.20953109860420227,0.0,0,0,0,0,0,0,1,0.775,0.35710000000000003,10.898188591003418,25.168289184570312,40.658727049827576,89.22627389431,107.84629115462303,668.6218647658825,1241.0694004893303,0.8233744502067566,0.7605116367340088,0.8211656212806702,26.648359298706055,25.207704544067383,24.34764862060547,16.994503021240234,17.109426498413086,300.41400146484375,297.532958984375,299.00518798828125,49.36478805541992,48.60585021972656,-1.1799999475479126,0.7099999785423279,1.7400000095367432,1.3300000429153442
-85.53592778,34.74034722,0,-2,11,2016,328,244,0.0,0.03,0,0,0,0,0,0,1,0.5228,0.273,2.0,2.0,5.099999904632568,25.700000286102295,72.59999942779541,377.49999794363976,1240.7872975170612,0.7657142877578735,0.9549999833106995,1.1254444122314453,42.42856979370117,42.13333511352539,35.06666564941406,12.789999961853027,14.202221870422363,289.79998779296875,294.1400146484375,299.336669921875,27.360000610351562,35.38111114501953,-5.079999923706055,-4.159999847412109,-3.119999885559082,-1.309999942779541
-80.739052,32.398716,0,-2,12,2018,357,6,0.0630929097533226,0.042426406871192854,0,0,0,0,0,0,1,0.5674,0.30870000000000003,2.5,55.00000113248825,191.19999641180038,321.3999979197979,454.299999833107,915.7999964952469,1332.699996381998,0.5,0.4519999921321869,0.6192222237586975,17.285715103149414,16.299999237060547,18.544445037841797,18.206666946411133,18.122222900390625,289.8714294433594,289.02667236328125,294.695556640625,47.12333297729492,50.57777786254883,2.2699999809265137,0.9700000286102295,1.0,-1.5800000429153442
-81.83759444,32.90913611,0,-2,9,2016,263,88,0.02223980240523815,0.08485281374238571,1,0,0,0,0,0,0,0.8114,0.4098,4.499999940395355,32.60000032186508,159.89999908208847,224.79999873042107,352.9999992251396,772.7999973297119,1468.7905742824078,0.8999999761581421,1.219333291053772,1.3474444150924683,21.428571701049805,23.933332443237305,24.38888931274414,16.850000381469727,16.352222442626953,304.0714416503906,305.48333740234375,307.1199951171875,43.936668395996094,43.282222747802734,2.0199999809265137,2.1600000858306885,2.880000114440918,2.240000009536743
-78.89735,34.58435,0,-2,10,2018,274,31,4.3272247314453125,0.03,1,0,0,0,0,0,0,0.6361,0.3623,23.699999570846558,23.699999570846558,564.7999920845032,685.1999908685684,863.499991774559,1208.5999916791916,1602.1999925971031,0.9071428775787354,1.0676666498184204,1.066666603088379,14.142857551574707,18.399999618530273,17.066667556762695,18.453332901000977,18.074443817138672,303.9285583496094,304.7533264160156,304.9766540527344,50.34333419799805,49.220001220703125,2.3299999237060547,-1.0399999618530273,-1.2400000095367432,-1.5399999618530273
-82.622284,35.239264,0,-2,1,2018,30,675,0.7163060307502747,0.0,0,0,0,0,0,0,1,0.4888,0.24860000000000002,27.899999618530273,62.1999996304512,184.59999850392342,261.5999985039234,297.7999978363514,883.4999903738499,1957.2999916374683,0.3557142913341522,0.3243333399295807,0.38511112332344055,23.571428298950195,27.133333206176758,23.433332443237305,15.420000076293945,16.897777557373047,282.4142761230469,279.4766540527344,283.4966735839844,36.310001373291016,39.81333541870117,1.5,1.7200000286102295,2.190000057220459,-0.7300000190734863
-79.727627,35.200808,0,-2,2,2019,44,187,0.2863651216030121,0.0,0,0,0,0,0,0,1,0.3709,0.1859,11.800000369548798,11.800000369548798,58.89999955892563,198.20000195503235,329.09999948740005,1196.3000093698502,1847.6000133156776,0.48571428656578064,0.4699999988079071,0.39411112666130066,26.85714340209961,23.5,15.833333015441895,15.15999984741211,17.77777862548828,287.71429443359375,286.4100036621094,285.98333740234375,39.939998626708984,47.02666473388672,6.139999866485596,6.699999809265137,4.670000076293945,-1.0299999713897705
-87.7412,35.218733,0,-2,2,2016,53,326,0.04237447306513786,0.03,1,0,0,0,0,0,0,0.4752,0.2501,12.0,48.69999924302101,147.69999727606773,279.5246820151806,487.5335505604744,759.9054768979549,1571.3427645266056,0.3557142913341522,0.37933334708213806,0.3501134514808655,14.0,14.633333206176758,14.326998710632324,18.260000228881836,18.878787994384766,287.3285827636719,283.9166564941406,284.6985168457031,46.18000030517578,48.792877197265625,-0.5799999833106995,-0.8399999737739563,-1.149999976158142,-0.6700000166893005
-88.033,34.692,0,-2,3,2017,71,222,0.01065392792224884,0.042426406871192854,0,0,1,0,0,0,0,0.43560000000000004,0.19340000000000002,60.70000219345093,90.70000267028809,115.20000204443932,232.90000322461128,324.10000267624855,560.9000013172626,1163.399998575449,0.662857174873352,0.7146666646003723,0.5487777590751648,24.571428298950195,26.96666717529297,21.46666717529297,14.303333282470703,16.66666603088379,290.1571350097656,291.48333740234375,288.5344543457031,36.46666717529297,43.36888885498047,-3.940000057220459,-3.799999952316284,-3.7200000286102295,-1.8899999856948853
-85.009,32.303,0,-2,4,2016,109,74,0.34956181049346924,0.03,0,0,0,0,0,1,0,0.6437,0.3926,38.60000020265579,67.30000096559525,141.09999984502792,226.59999975562096,374.700001090765,1067.7238503098488,1571.458379238844,0.6842857003211975,0.7256666421890259,0.6751111149787903,16.14285659790039,20.399999618530273,19.96666717529297,17.56999969482422,17.651111602783203,295.528564453125,295.9100036621094,293.7311096191406,44.22666549682617,42.13666534423828,3.0799999237060547,3.5,3.859999895095825,1.059999942779541
-79.424123,34.75821,0,-2,8,2016,226,62,0.0,0.0,0,0,0,0,0,0,1,0.4666,0.2378,4.699999958276749,45.399999022483826,90.19999945163727,163.60000014305115,332.59999895095825,531.7000017166138,1365.947064191103,1.191428542137146,1.2680000066757202,1.2626667022705078,23.428571701049805,21.53333282470703,23.11111068725586,16.55666732788086,16.0977783203125,307.4142761230469,307.3666687011719,305.43890380859375,46.279998779296875,44.23222351074219,2.1500000953674316,2.4200000762939453,1.9600000381469727,2.609999895095825
-81.92055556,29.15277778,0,-2,5,2016,126,32,0.019305609166622162,0.042426406871192854,1,0,0,0,0,0,0,0.8288000000000001,0.5174,27.90000057220459,41.80000019073486,58.300000071525574,125.1000006198883,164.89999985694885,456.16019526124,1228.723717957735,1.4257142543792725,1.246666669845581,1.0521111488342285,32.14285659790039,32.599998474121094,29.77777862548828,14.579999923706055,14.980000495910645,304.3571472167969,302.5799865722656,299.6977844238281,39.41666793823242,38.20222091674805,-0.009999999776482582,-0.05000000074505806,-0.5600000023841858,0.6600000262260437
-77.685376,35.788122,0,-2,4,2018,90,40,0.6498535871505737,0.12369316876852982,0,0,1,0,0,0,0,0.5271,0.2571,2.899999976158142,59.5999995470047,105.50000035762787,170.59999984502792,285.8999996781349,457.2999969422817,1358.4000019431114,0.5699999928474426,0.5023333430290222,0.4771111011505127,24.571428298950195,25.5,23.35555648803711,15.293333053588867,16.487777709960938,290.5,286.5400085449219,286.54998779296875,41.50666809082031,41.921112060546875,1.809999942779541,1.9900000095367432,2.4800000190734863,4.119999885559082
-90.49277778,31.92361111,0,-2,1,2019,6,100,0.0,0.042426406871192854,1,0,0,0,0,0,0,0.5649000000000001,0.2056,134.30000114440918,251.70000302791595,325.7000015974045,519.3999975919724,668.1999975442886,1155.3000010848045,1998.600001245737,0.27571427822113037,0.35899999737739563,0.5224444270133972,4.4285712242126465,11.533333778381348,16.08888816833496,20.8700008392334,19.044445037841797,287.9142761230469,288.23333740234375,291.3177795410156,57.856666564941406,50.87333297729492,3.2899999618530273,2.880000114440918,1.6699999570846558,0.6600000262260437
-79.300446,33.647076,0,-2,3,2019,68,14,0.0991891399025917,0.042426406871192854,0,0,0,0,1,0,0,0.6602,0.3376,30.699999809265137,36.39999961853027,66.89999946951866,97.69999954104424,258.8999964892864,1083.0999871194363,2013.699982225895,0.415714293718338,0.5059999823570251,0.5002222061157227,18.0,21.066667556762695,19.544445037841797,17.816665649414062,17.600000381469727,287.74285888671875,290.7799987792969,289.5177917480469,48.95333480834961,46.13333511352539,4.289999961853027,5.380000114440918,4.820000171661377,3.549999952316284
-82.21380556,33.00888889,0,-2,10,2016,300,100,0.005883495323359966,0.03,0,1,0,0,0,0,0,0.6977,0.35950000000000004,0.0,3.800000011920929,74.99999862909317,203.5999988913536,251.0999988913536,605.2999986708164,1240.286603242159,1.0800000429153442,1.025333285331726,1.1723333597183228,33.85714340209961,29.96666717529297,27.188888549804688,15.943333625793457,16.182222366333008,298.6428527832031,300.3766784667969,304.098876953125,36.913333892822266,41.61666488647461,-0.8999999761581421,0.6399999856948853,1.340000033378601,0.8899999856948853
-79.820564,32.997547,0,-2,10,2018,303,12,0.2010917067527771,0.0,0,0,0,0,0,0,1,0.7795000000000001,0.44120000000000004,5.799999833106995,8.199999928474426,75.89999973773956,199.10000079870224,295.30000177025795,921.8000036776066,1294.9000028073788,0.6242856979370117,0.8863333463668823,0.9245555400848389,22.571428298950195,20.16666603088379,14.51111125946045,17.14666748046875,18.108888626098633,294.31427001953125,299.9333190917969,303.1211242675781,46.28666687011719,51.49222183227539,1.7599999904632568,2.180000066757202,1.5499999523162842,0.7699999809265137
-83.40847222,31.513,0,-2,1,2017,16,99,0.0,0.03,0,0,0,0,0,0,1,0.5181,0.2421,0.0,18.800000429153442,102.99999895691872,307.49999168515205,307.49999168515205,591.49998909235,1328.3999831676483,0.6985714435577393,0.5740000009536743,0.7868888974189758,20.571428298950195,17.200000762939453,29.4777774810791,19.003334045410156,16.456666946411133,296.3999938964844,292.25,294.7533264160156,49.5533332824707,39.93777847290039,-0.6399999856948853,-1.2899999618530273,0.7799999713897705,1.600000023841858
-83.241833,36.435667,0,-2,3,2016,82,550,0.019365951418876648,0.16155494421403513,1,0,0,0,0,0,0,0.41850000000000004,0.20980000000000001,0.4000000059604645,16.799999862909317,63.49999961256981,191.10000011324883,301.6759757399559,698.8177988231182,1379.1177710592747,0.7514286041259766,0.5833333134651184,0.3761073648929596,27.285715103149414,17.16666603088379,15.392477035522461,18.290000915527344,18.666399002075195,290.78570556640625,289.6966552734375,284.0654602050781,43.150001525878906,46.69027328491211,2.259999990463257,2.3399999141693115,2.190000057220459,1.2100000381469727
-80.0475,35.43027778,0,-2,7,2017,199,159,0.0,0.03,1,0,0,0,0,0,0,0.8578,0.5902000000000001,9.800000131130219,30.700000047683716,103.80000066757202,261.10000291466713,407.80000135302544,607.1000012457371,1212.2000016272068,1.23714280128479,1.100000023841858,1.0446666479110718,21.571428298950195,19.566667556762695,22.322221755981445,16.683332443237305,16.341110229492188,306.3143005371094,304.4466552734375,301.88446044921875,46.27666473388672,45.87444305419922,1.0700000524520874,-0.6299999952316284,-2.0399999618530273,-1.2899999618530273
-78.645128,34.29226,0,-2,3,2016,61,24,0.02014056034386158,0.24186773244895649,0,1,0,0,0,0,0,0.5924,0.3286,20.09999966621399,27.299999475479126,195.9999976158142,254.59999680519104,375.21678841114044,953.5692222118378,1585.0260828137398,0.7757142782211304,0.5613333582878113,0.5397955775260925,31.0,26.03333282470703,24.40081214904785,15.58666706085205,15.84650993347168,290.9571533203125,287.76666259765625,288.213623046875,41.4033317565918,44.24816131591797,4.150000095367432,3.380000114440918,3.3499999046325684,1.1200000047683716
-78.951874,34.092712,0,-2,1,2016,28,22,0.031138950958848,0.03,0,0,0,0,0,0,1,0.6423,0.2944,23.799999237060547,52.999999046325684,75.16129982471466,206.42654287815094,356.8137229681015,889.0294282734394,1445.238567352295,0.331428587436676,0.3928307294845581,0.5224695205688477,21.85714340209961,22.24604606628418,17.300626754760742,16.026622772216797,17.784006118774414,283.0428466796875,284.0479736328125,290.1492614746094,46.64967346191406,48.89573287963867,2.619999885559082,2.2899999618530273,1.0499999523162842,0.5799999833106995
-82.65403056,32.52930556,0,-2,9,2018,272,119,0.14769773185253143,0.06,0,0,1,0,0,0,0,0.7231000000000001,0.3758,37.100000619888306,38.700000643730164,54.800000458955765,163.19999966025352,406.5000033080578,879.6000080704689,1253.3000065684319,1.159999966621399,1.309333324432373,1.116777777671814,22.285715103149414,23.03333282470703,14.95555591583252,16.31999969482422,18.017778396606445,305.5714416503906,306.5299987792969,305.9655456542969,43.59000015258789,47.459999084472656,2.200000047683716,2.6500000953674316,-0.7099999785423279,-1.809999942779541
-82.0942,29.2778,0,-2,9,2016,265,20,0.303251177072525,0.09,0,0,0,1,0,0,0,0.7304,0.2531,30.899999618530273,90.19999885559082,188.0999994277954,405.0999999642372,504.50000017881393,917.3000040352345,1378.5818887352943,1.0014286041259766,1.006333351135254,1.193222165107727,12.142857551574707,14.333333015441895,17.133333206176758,18.41666603088379,17.788888931274414,305.4428405761719,305.0666809082031,306.57000732421875,52.72666549682617,48.43888854980469,0.6600000262260437,-0.9100000262260437,0.5400000214576721,0.75
-82.70968889,32.59105278,0,-2,2,2017,51,103,0.01118825376033783,0.0670820393249937,1,0,0,0,0,0,0,0.6045,0.2587,3.700000047683716,34.50000023841858,62.00000023841858,269.5999979376793,413.49999994039536,556.3000011444092,1131.1000040769577,0.8257142901420593,0.7076666355133057,0.6251111030578613,32.71428680419922,22.46666717529297,21.577777862548828,16.329999923706055,17.56222152709961,294.6714172363281,292.8033447265625,292.1644592285156,37.380001068115234,43.67444610595703,-0.6700000166893005,-1.1699999570846558,-1.9199999570846558,0.8600000143051147
-92.4526,30.928,0,-2,1,2017,3,45,0.0417865552008152,0.03,0,0,0,0,0,0,1,0.7108,0.3164,56.800000578165054,60.40000048279762,171.0000021457672,364.1000027656555,366.50000274181366,921.50000166893,1691.7000030875206,0.572857141494751,0.4633333384990692,0.6916666626930237,15.142857551574707,13.366666793823242,21.16666603088379,19.146665573120117,18.191110610961914,293.0428466796875,291.3566589355469,295.8733215332031,57.01333236694336,48.58777618408203,2.5,2.109999895095825,3.4100000858306885,1.340000033378601
-78.690542,34.723996,0,-2,3,2017,71,21,0.7049764394760132,0.03,0,0,0,0,0,1,0,0.4953,0.2944,11.699999809265137,23.0,41.20000076293945,70.40000057220459,171.5000001490116,804.4000052511692,1642.5000013113022,0.8399999737739563,0.8656666874885559,0.6700000166893005,34.42856979370117,35.79999923706055,24.755556106567383,12.936666488647461,16.004444122314453,292.22857666015625,293.59332275390625,290.3788757324219,30.600000381469727,38.54999923706055,3.3399999141693115,4.449999809265137,5.179999828338623,2.6700000762939453
-82.188245,35.837047,0,-2,2,2019,57,859,0.8931443095207214,0.03,0,0,0,0,0,0,1,0.5422,0.29810000000000003,81.80000114440918,122.80000185966492,158.70000165700912,278.60000002384186,565.1999997496605,1286.4000034630299,2489.0000126361847,0.477142870426178,0.46133333444595337,0.37833333015441895,12.714285850524902,22.700000762939453,18.46666717529297,15.460000038146973,16.412221908569336,285.0571594238281,284.1533203125,282.05889892578125,36.63666534423828,39.815555572509766,6.739999771118164,7.46999979019165,6.650000095367432,5.03000020980835
-81.032145,35.823251,0,-2,1,2017,28,316,1.9557937383651733,0.03,0,0,0,1,0,0,0,0.5446,0.23720000000000002,40.500001430511475,59.80000126361847,117.80000203847885,199.5000011920929,214.80000114440918,391.50000244379044,985.0000053048134,0.47857144474983215,0.37166666984558105,0.5386666655540466,15.571428298950195,16.96666717529297,25.755556106567383,18.483333587646484,16.496665954589844,287.3857116699219,284.3766784667969,286.92999267578125,49.12333297729492,39.20111083984375,-3.1700000762939453,-3.130000114440918,-2.119999885559082,0.9800000190734863
-81.75372222,33.04672222,0,-2,1,2019,23,83,0.06371929496526718,0.03,0,0,0,0,0,1,0,0.46040000000000003,0.2833,53.20000076293945,57.600000739097595,120.20000091195107,254.7999993264675,397.49999806284904,689.2000016868114,1426.600001335144,0.5257142782211304,0.5103333592414856,0.4676666557788849,18.0,16.46666717529297,15.288888931274414,17.793333053588867,18.91777801513672,289.27142333984375,289.9566650390625,290.10223388671875,47.57666778564453,49.545555114746094,2.8299999237060547,2.430000066757202,1.399999976158142,-0.5199999809265137
-83.0736,30.4569,0,-2,3,2017,59,25,0.013812278397381306,0.03,0,1,0,0,0,0,0,0.5289,0.3093,0.8999999761581421,2.799999952316284,16.199999570846558,139.20000129938126,201.40000146627426,290.2000023126602,1138.100006788969,1.0014286041259766,0.8553333282470703,0.737333357334137,32.14285659790039,28.33333396911621,23.38888931274414,15.65333366394043,17.364444732666016,299.29998779296875,297.163330078125,295.5533447265625,37.65999984741211,42.3577766418457,-1.659999966621399,-1.25,-1.0499999523162842,-0.9300000071525574
-78.841023,36.032639,0,-2,5,2018,125,114,0.0,0.0,0,0,0,0,0,0,1,0.6535000000000001,0.44930000000000003,0.0,44.00000113248825,150.7999969124794,236.99999716877937,293.7999963462353,491.399994045496,1058.2999960184097,1.3785713911056519,0.9926666617393494,0.7361111044883728,40.71428680419922,33.46666717529297,28.344444274902344,13.046667098999023,14.465555191040039,299.81427001953125,295.2033386230469,291.01666259765625,35.0099983215332,39.06999969482422,-1.6100000143051147,-2.180000066757202,-2.299999952316284,0.7200000286102295
-81.034317,34.102959,0,-2,11,2016,328,92,0.7080100178718567,0.0,0,0,0,0,0,0,1,0.5931000000000001,0.2969,0.0,21.399999618530273,21.399999618530273,136.79999941587448,298.599996894598,600.3999990820885,1104.9691942632198,0.8028571605682373,0.8516666889190674,1.0693333148956299,36.71428680419922,33.29999923706055,28.44444465637207,15.059999465942383,15.800000190734863,292.4571533203125,294.6766662597656,299.7955627441406,30.469999313354492,37.4022216796875,1.0499999523162842,1.5399999618530273,1.2699999809265137,2.8499999046325684
-79.459857,36.532039,0,-2,3,2016,68,226,3.79872727394104,0.0,0,0,0,0,0,0,1,0.3713,0.17250000000000001,2.9000000953674316,36.09999990463257,117.79999977350235,216.49999749660492,359.33430248498917,828.3580728173256,1379.695691883564,0.488571435213089,0.45866668224334717,0.39652204513549805,22.571428298950195,23.100000381469727,17.69886589050293,15.763333320617676,17.5233154296875,287.3428649902344,284.5233459472656,284.6824645996094,36.2400016784668,45.2218132019043,3.390000104904175,2.9100000858306885,1.8799999952316284,-1.7000000476837158
-83.17472778,31.65628333,0,-2,5,2017,124,113,0.05772402510046959,0.0,0,0,0,0,0,0,1,0.3181,0.2434,22.899999618530273,29.999999523162842,120.30000257492065,169.9000023007393,223.30000153183937,652.8999997377396,1183.6000022292137,1.340000033378601,1.2096666097640991,0.991777777671814,37.0,37.06666564941406,33.21111297607422,13.376667022705078,14.203332901000977,303.471435546875,301.2099914550781,297.8511047363281,36.97999954223633,37.97222137451172,-0.7900000214576721,0.009999999776482582,1.0800000429153442,-0.7599999904632568
-82.86432222,32.57494444,0,-2,6,2019,152,67,0.32336825132369995,0.12,0,0,1,0,0,0,0,0.603,0.4274,0.0,0.0,47.69999980926514,170.90000176429749,200.90000128746033,508.9000019133091,1174.4000004827976,2.114285707473755,1.4666666984558105,1.1001111268997192,40.85714340209961,32.13333511352539,29.733333587646484,14.710000038146973,15.146666526794434,309.6000061035156,305.65667724609375,299.8922119140625,38.84333419799805,38.04111099243164,1.2899999618530273,1.2799999713897705,1.7400000095367432,-0.6200000047683716
-82.667,33.20016667,0,-2,5,2018,143,152,0.008199790492653847,0.21213203435596426,0,0,1,0,0,0,0,0.8240000000000001,0.6186,52.200000524520874,99.29999899864197,106.29999881982803,247.70000132918358,337.50000005960464,553.6000053584576,1207.200006276369,0.7942857146263123,1.2133333683013916,0.9614444375038147,19.714284896850586,33.233333587646484,32.14444351196289,13.823332786560059,13.801111221313477,301.25714111328125,301.2266540527344,296.3155517578125,38.79666519165039,37.16555404663086,-1.9800000190734863,-2.1700000762939453,-1.4800000190734863,-0.5400000214576721
-78.617045,34.485987,0,-2,5,2018,132,26,0.002361817518249154,0.33541019662496846,1,0,0,0,0,0,0,0.7782,0.5396000000000001,0.699999988079071,9.800000369548798,95.40000170469284,165.60000175237656,222.50000220537186,439.0000006854534,1140.1000000834465,1.235714316368103,1.128333330154419,0.8736666440963745,37.57143020629883,36.20000076293945,33.55555725097656,12.973333358764648,13.628889083862305,301.77142333984375,298.79998779296875,294.260009765625,35.82666778564453,37.45777893066406,-1.6399999856948853,-1.7999999523162842,-1.100000023841858,1.4600000381469727
-82.87849722,32.94009444,0,-2,2,2016,55,122,0.00903576985001564,0.22847319317591727,1,0,0,0,0,0,0,0.42260000000000003,0.196,19.299999594688416,35.89999997615814,103.69999995827675,197.0020458996296,382.3657422363758,666.2324804365635,1225.581048041582,0.6714285612106323,0.5680000185966492,0.5117864608764648,21.714284896850586,22.233333587646484,18.995460510253906,16.690000534057617,17.637393951416016,293.8428649902344,289.64666748046875,289.8839111328125,44.686668395996094,46.3892936706543,0.9800000190734863,1.1100000143051147,0.09000000357627869,-0.7699999809265137
-79.766266,34.686172,0,-2,4,2019,94,60,0.9883565902709961,0.0,0,0,0,0,0,0,1,0.5171,0.31220000000000003,33.40000081062317,40.3000009059906,91.39999985694885,192.49999856948853,264.6999982893467,850.4999981820583,1889.3999937176704,0.7714285850524902,0.6846666932106018,0.5164444446563721,27.14285659790039,24.600000381469727,19.711111068725586,14.99666690826416,16.89555549621582,292.1285705566406,291.0299987792969,288.4788818359375,37.31999969482422,44.473331451416016,5.769999980926514,5.789999961853027,6.610000133514404,2.9800000190734863
-79.226924,36.128797,0,-2,2,2016,56,210,0.5891951322555542,0.042426406871192854,1,0,0,0,0,0,0,0.4793,0.2111,32.49999988079071,71.70000147819519,96.8000009059906,179.734630048275,352.5996788740158,758.9334108829498,1363.3656524121761,0.4585714340209961,0.4233333468437195,0.38988664746284485,26.285715103149414,24.700000762939453,18.886423110961914,16.110000610351562,17.514236450195312,287.6999816894531,283.89666748046875,284.9906005859375,43.68333435058594,46.77123260498047,3.0,2.9000000953674316,1.3600000143051147,-0.07000000029802322
-82.43475278,33.46518056,0,-2,3,2016,61,144,0.21008062362670898,0.08485281374238571,1,0,0,0,0,0,0,0.5650000000000001,0.2891,17.900000751018524,38.10000056028366,95.69999903440475,162.3999987244606,368.47009921073914,754.6879092752934,1357.6537694334984,0.8114285469055176,0.6203333139419556,0.5240684747695923,24.85714340209961,22.700000762939453,17.482284545898438,15.926666259765625,17.769367218017578,292.1714172363281,289.4366760253906,289.20928955078125,39.26333236694336,43.32316207885742,1.8600000143051147,2.109999895095825,1.3899999856948853,-1.2300000190734863
-87.1611,30.5859,0,-2,3,2018,88,18,1.8110686540603638,0.0,0,0,0,0,0,0,1,,,4.199999809265137,16.39999982714653,44.40000095963478,224.5000029206276,306.2000033557415,673.3000052571297,2269.800014644861,0.6942856907844543,0.687333345413208,0.6745555400848389,31.14285659790039,29.16666603088379,26.41111183166504,15.436666488647461,15.772222518920898,296.1285705566406,294.4333190917969,292.7322082519531,44.07666778564453,43.11000061035156,2.509999990463257,2.9600000381469727,3.5299999713897705,4.579999923706055
-87.126,33.82,0,-2,9,2017,262,117,1.1455833911895752,0.0,0,0,0,1,0,0,0,0.7833,0.4617,18.900000393390656,65.90000182390213,110.30000147223473,215.30000033974648,506.6000006496906,941.5000012516975,1480.0000029206276,0.8785714507102966,0.9366666674613953,1.0013333559036255,20.428571701049805,22.299999237060547,18.711111068725586,16.889999389648438,17.324443817138672,302.22857666015625,301.17999267578125,303.304443359375,47.09000015258789,50.078887939453125,2.369999885559082,2.2100000381469727,-2.6700000762939453,-3.5399999618530273
-77.431283,34.817867,0,-2,6,2018,176,17,0.4923018515110016,0.15,0,0,0,0,1,0,0,0.7718,0.4822,24.999999940395355,63.79999965429306,256.0999962091446,357.899994969368,523.2999949455261,832.199992865324,1629.6999988555908,1.1985714435577393,0.9850000143051147,0.9207777976989746,15.428571701049805,14.366666793823242,22.55555534362793,17.989999771118164,16.414443969726562,307.78570556640625,304.5666809082031,300.32666015625,51.52333450317383,45.62555694580078,3.809999942779541,2.4800000190734863,1.8200000524520874,1.899999976158142
-88.83385066,32.29343077,0,-2,5,2019,124,141,0.010184889659285545,0.0670820393249937,1,0,0,0,0,0,0,0.8270000000000001,0.4333,21.999999523162842,74.40000104904175,257.09999588131905,351.6999969780445,551.6999970972538,1121.4000006616116,1870.9999978542328,1.0928571224212646,0.925000011920929,0.7501111030578613,25.285715103149414,22.233333587646484,24.455554962158203,17.0,15.84666633605957,302.44287109375,299.40667724609375,295.03778076171875,45.883331298828125,44.73777770996094,3.359999895095825,3.0899999141693115,3.740000009536743,1.9199999570846558
-78.056942,35.939195,0,-2,3,2018,65,65,0.0,0.0,0,0,0,0,0,0,1,0.5206000000000001,0.24300000000000002,26.59999990463257,31.499999821186066,53.69999986886978,168.89999723434448,227.79999712109566,365.29999697208405,1295.8000022768974,0.4642857015132904,0.5253333449363708,0.44377776980400085,23.571428298950195,20.0,23.9777774810791,17.440000534057617,16.719999313354492,285.6856994628906,290.1766662597656,285.336669921875,47.07999801635742,40.092220306396484,1.559999942779541,1.690000057220459,2.509999990463257,3.819999933242798
-82.76277778,31.05888889,0,-2,6,2018,168,57,1.0619672536849976,0.03,0,0,0,0,0,0,1,0.6777000000000001,0.48460000000000003,26.799999684095383,49.99999949336052,159.29999873042107,293.3999984562397,366.79999807477,551.7999979555607,1330.3000060021877,0.9014285802841187,0.9629999995231628,1.0031111240386963,15.0,15.466666221618652,25.877777099609375,18.34000015258789,16.211111068725586,304.1571350097656,303.7866516113281,300.4689025878906,51.060001373291016,42.93888854980469,-0.5299999713897705,-1.7799999713897705,0.6299999952316284,2.299999952316284
-82.48458333,32.47102778,0,-2,7,2019,207,71,0.011707233265042305,0.06,1,0,0,0,0,0,0,0.8145,0.42310000000000003,3.3999999165534973,51.60000067949295,88.90000042319298,252.60000386834145,302.00000444054604,439.40000453591347,1218.6000071167946,1.399999976158142,1.6143333911895752,1.5344444513320923,28.571428298950195,26.700000762939453,30.96666717529297,14.65666675567627,14.486666679382324,306.1856994628906,307.86334228515625,306.38665771484375,38.746665954589844,39.10333251953125,0.7699999809265137,0.8199999928474426,1.4800000190734863,3.4000000953674316
-84.30148611,32.31823333,0,-2,2,2019,51,133,0.026354001834988594,0.12727922061357855,1,0,0,0,0,0,0,0.528,0.2558,6.8000001311302185,25.00000089406967,78.00000232458115,218.30000165104866,394.90000185370445,722.1000036895275,1568.200000822544,0.4942857325077057,0.4963333308696747,0.45177778601646423,30.714284896850586,27.299999237060547,19.799999237060547,14.696666717529297,17.086666107177734,291.6285705566406,290.1233215332031,289.1155700683594,45.119998931884766,48.7944450378418,3.3399999141693115,3.569999933242798,2.4700000286102295,2.3299999237060547
-88.152,31.299,0,-2,2,2019,56,38,0.0,0.03,0,0,0,0,1,0,0,0.6906,0.2999,32.50000047683716,49.00000086426735,73.50000074505806,237.3000012934208,437.700001090765,915.8999983072281,1903.3999990522861,0.7799999713897705,0.6903333067893982,0.5551111102104187,20.0,25.100000381469727,19.27777862548828,14.783333778381348,17.217777252197266,296.4857177734375,293.38665771484375,291.05889892578125,43.46666717529297,45.77111053466797,2.990000009536743,3.5399999618530273,2.859999895095825,0.9700000286102295
-79.24959,34.63248,0,-2,2,2017,51,58,0.5143954157829285,0.03,0,0,0,0,0,0,1,0.48190000000000005,0.2506,22.100000381469727,30.000000476837158,44.5000005364418,126.50000002980232,217.10000082850456,799.5999916791916,1492.0999898910522,0.9071428775787354,0.7883333563804626,0.5926666855812073,35.71428680419922,27.299999237060547,22.788888931274414,15.293333053588867,16.954444885253906,293.3999938964844,291.8500061035156,289.4544372558594,31.649999618530273,41.34222412109375,3.390000104904175,4.150000095367432,4.460000038146973,3.0199999809265137
-79.173131,35.824723,0,-2,4,2016,105,147,0.23552048206329346,0.0,0,0,0,1,0,0,0,0.7439,0.3527,14.300000190734863,26.700000643730164,86.10000157356262,206.79999935626984,276.00000071525574,699.6690080165863,1391.1980799138546,0.6600000262260437,0.8410000205039978,0.6284444332122803,31.85714340209961,30.366666793823242,26.744443893432617,14.116666793823242,15.224444389343262,290.6142883300781,292.78668212890625,288.36553955078125,36.5,39.516666412353516,2.559999942779541,3.2699999809265137,3.0199999809265137,0.6499999761581421
-82.9512,30.0712,0,-2,5,2018,134,14,0.3939722180366516,0.03,0,0,0,0,0,1,0,0.3382,0.2374,14.100000023841858,14.100000023841858,93.10000288486481,258.6000012755394,271.50000151991844,553.2000054419041,1626.7000035643578,1.4285714626312256,1.184999942779541,0.9741110801696777,34.42856979370117,30.933332443237305,29.03333282470703,14.350000381469727,15.474444389343262,304.28570556640625,301.4866638183594,298.804443359375,37.31999969482422,39.606666564941406,1.7200000286102295,1.340000033378601,2.0399999618530273,2.740000009536743
-88.219,33.754,0,-2,9,2019,256,85,0.043303232640028,0.042426406871192854,0,0,0,0,0,0,1,0.8365,0.47550000000000003,0.0,0.0,146.500001847744,261.90000170469284,405.10000187158585,921.5000003576279,2034.2000079154968,1.6671428680419922,1.41266667842865,1.2225555181503296,29.285715103149414,21.866666793823242,20.899999618530273,16.823333740234375,16.97888946533203,308.6285705566406,306.82000732421875,306.2144470214844,42.0433349609375,47.369998931884766,3.299999952316284,2.5899999141693115,3.2799999713897705,2.859999895095825
-81.057587,33.292282,0,-2,3,2016,76,55,0.024845486506819725,0.0,1,0,0,0,0,0,0,0.5796,0.249,0.0,33.20000076293945,69.20000171661377,186.90000289678574,276.49948662519455,864.7130556702614,1367.7094723284245,1.3242857456207275,0.8473333120346069,0.6178955435752869,35.71428680419922,31.399999618530273,26.779390335083008,14.713333129882812,15.397492408752441,301.6285705566406,294.96331787109375,290.3070068359375,38.106666564941406,43.00917434692383,3.0999999046325684,2.890000104904175,3.3299999237060547,-1.7799999713897705
-80.144798,34.607975,0,-2,3,2016,87,88,0.02629304863512516,0.0670820393249937,0,0,0,0,0,0,1,0.6443,0.30610000000000004,21.499999195337296,32.89999958872795,46.49999913573265,143.49999979138374,206.0971683561802,721.9957640469074,1252.932067811489,0.8142856955528259,0.934666633605957,0.6167274117469788,36.57143020629883,33.16666793823242,26.02043342590332,13.703332901000977,15.376749992370605,294.8999938964844,295.1933288574219,288.8355407714844,35.81666564941406,40.877647399902344,1.8600000143051147,2.509999990463257,2.309999942779541,-1.6699999570846558
-84.6148,36.32935,0,-2,12,2016,337,438,0.18909847736358643,0.0,0,0,0,0,0,0,1,0.4958,0.2149,107.70000267028809,107.70000267028809,113.90000247955322,134.70000326633453,195.20000222325325,521.799999922514,1199.8672129809856,0.39714285731315613,0.6380000114440918,0.8813333511352539,22.428571701049805,31.100000381469727,28.044445037841797,16.113332748413086,16.398889541625977,286.8571472167969,289.4366760253906,296.3011169433594,31.613332748413086,36.2511100769043,-3.4800000190734863,-2.630000114440918,-1.3700000047683716,-1.100000023841858
-84.09407778,34.97941944,0,-2,2,2016,53,499,0.0,0.0,0,0,0,0,0,0,1,0.5127,0.336,25.599999576807022,40.899999529123306,77.20000019669533,218.25920596718788,515.6284357607365,931.8921996951103,1707.624699473381,0.24857142567634583,0.3243333399295807,0.3295510709285736,16.85714340209961,15.866666793823242,13.179963111877441,18.066667556762695,19.388896942138672,286.8571472167969,283.92999267578125,285.2552490234375,47.40999984741211,48.56758499145508,2.5799999237060547,3.2100000381469727,1.1299999952316284,0.550000011920929
-82.4353,28.5849,0,-2,5,2016,124,37,0.02635055035352707,0.03,0,0,0,0,0,0,0,0.2431,0.1724,56.89999842643738,79.09999871253967,97.99999886751175,192.3000015616417,266.60000175237656,494.60877418518066,1620.8838586509228,1.0299999713897705,0.8989999890327454,0.7795555591583252,26.14285659790039,25.066667556762695,23.311111450195312,16.65333366394043,17.049999237060547,304.94287109375,301.8233337402344,298.8999938964844,45.49333190917969,45.62333297729492,1.9900000095367432,2.0999999046325684,2.4100000858306885,3.0199999809265137
-85.0345,33.68133333,0,-2,10,2018,277,328,0.3445672392845154,0.042426406871192854,0,0,0,1,0,0,0,0.7296,0.4471,1.600000023841858,128.60000002384186,148.70000031590462,252.30000069737434,482.80000123381615,897.700003951788,1586.3000034689903,0.8700000047683716,0.987666666507721,0.9301111102104187,16.285715103149414,18.366666793823242,16.211111068725586,18.350000381469727,18.314443588256836,302.5857238769531,303.9433288574219,303.9033203125,49.75666809082031,51.32777786254883,3.440000057220459,3.5399999618530273,2.2699999809265137,2.1700000762939453
-80.507,35.262367,0,-2,5,2019,133,162,0.038985855877399445,0.06,0,0,0,0,0,1,0,0.6371,0.43420000000000003,66.2000002861023,90.40000057220459,104.00000059604645,217.6999997496605,385.29999804496765,740.8999983072281,1656.9999946653843,0.6414285898208618,0.9150000214576721,0.7053333520889282,19.285715103149414,25.03333282470703,21.733333587646484,15.646666526794434,16.27111053466797,299.20001220703125,299.11334228515625,293.1488952636719,44.5433349609375,44.05666732788086,3.5899999141693115,3.5399999618530273,3.6600000858306885,1.6100000143051147
-89.20703422,31.86561354,0,-2,2,2018,52,111,0.23425067961215973,0.03,0,0,0,0,0,0,1,0.4837,0.2858,5.999999821186066,35.3999999165535,156.39999812841415,239.09999698400497,329.09999656677246,496.5999979674816,1579.200002193451,0.9514285922050476,0.5923333168029785,0.5065555572509766,18.571428298950195,17.766666412353516,20.27777862548828,18.56999969482422,17.782222747802734,299.3999938964844,292.336669921875,288.7466735839844,46.97666549682617,44.426666259765625,-1.2699999809265137,0.7099999785423279,2.059999942779541,2.759999990463257
-84.97658056,33.16795833,0,-2,3,2018,81,251,0.10362745821475983,0.03,0,0,0,0,0,0,1,0.6067,0.30360000000000004,12.199999928474426,45.30000030994415,98.60000002384186,292.40000051259995,329.2000000476837,552.9000003933907,1346.800004094839,0.7485713958740234,0.7293333411216736,0.5789999961853027,27.0,24.866666793823242,26.0222225189209,15.279999732971191,15.489999771118164,293.75714111328125,293.0233154296875,289.1277770996094,38.06999969482422,39.467777252197266,-1.649999976158142,-1.4299999475479126,-1.090000033378601,-1.059999942779541
-80.569283,34.452259,0,-2,7,2018,198,131,0.17274698615074158,0.0,0,0,0,1,0,0,0,0.7138,0.4117,9.599999815225601,47.19999912381172,116.79999938607216,207.59999883174896,319.4999984204769,563.0999968647957,1067.199994802475,1.458571434020996,1.49399995803833,1.2822222709655762,28.428571701049805,24.66666603088379,28.14444351196289,15.630000114440918,15.04444408416748,306.5714416503906,306.9599914550781,303.6388854980469,39.459999084472656,40.57555389404297,-1.2999999523162842,-1.2400000095367432,-1.7100000381469727,-1.4800000190734863
-81.7143,26.6053,0,-2,6,2018,154,13,0.9783547520637512,0.0,0,0,0,0,0,0,1,0.5528000000000001,0.3662,24.399999678134918,77.70000022649765,207.29999965429306,242.9999991953373,259.09999907016754,344.29999911785126,2127.4000087082386,0.9200000166893005,1.0546666383743286,1.1779999732971191,15.285714149475098,21.700000762939453,32.377777099609375,17.203332901000977,15.039999961853027,303.9285888671875,303.4466552734375,302.5244445800781,51.310001373291016,40.92444610595703,1.3799999952316284,0.7400000095367432,2.4800000190734863,4.369999885559082
-79.756802,34.895344,0,-2,1,2016,29,111,0.9502214193344116,0.0,0,0,0,1,0,0,0,0.30610000000000004,0.1731,7.4999998807907104,28.90000021457672,49.200000792741776,227.28101620078087,444.4522722661495,877.9582455456257,1412.2307948172092,0.3914285898208618,0.3790000081062317,0.4399026334285736,23.85714340209961,20.33757209777832,15.482061386108398,16.033098220825195,18.564226150512695,284.1000061035156,283.091064453125,289.092529296875,44.48191452026367,50.16014099121094,3.009999990463257,2.5,0.6899999976158142,-0.6200000047683716
-77.045742,36.305079,0,-2,5,2019,128,18,0.4095304012298584,0.03,0,0,0,0,0,1,0,0.5778,0.4172,13.300000190734863,38.30000019073486,97.0999992787838,172.89999881386757,345.2999958097935,631.3999946415424,1479.8000003099442,0.7771428823471069,0.8399999737739563,0.5806666612625122,24.85714340209961,23.266666412353516,19.11111068725586,16.010000228881836,17.244443893432617,300.22857666015625,298.02667236328125,290.8800048828125,46.86333465576172,47.92444610595703,3.569999933242798,3.5899999141693115,3.549999952316284,2.859999895095825
-82.54481389,32.13490556,0,-2,2,2017,43,68,0.03365892544388771,0.03,0,0,0,1,0,0,0,0.5215000000000001,0.2657,28.299999237060547,28.299999237060547,124.7000016272068,203.6000013947487,394.69999545812607,604.6999958455563,1170.4999931156635,0.8157142996788025,0.7883333563804626,0.7317777872085571,22.14285659790039,22.96666717529297,26.755556106567383,16.78333282470703,16.405555725097656,295.9285583496094,294.61334228515625,293.45556640625,39.63999938964844,40.385555267333984,-0.6299999952316284,-0.8799999952316284,-1.6699999570846558,-0.8899999856948853
-79.919849,36.497361,0,-2,12,2018,336,298,0.10829120129346848,0.0,1,0,0,0,0,0,0,0.5465,0.2972,7.89999994635582,25.80000004172325,153.40000316500664,375.59999909996986,616.099995136261,1077.5000005066395,1659.0999994874,0.25,0.28466665744781494,0.43700000643730164,11.571428298950195,8.699999809265137,9.5,20.469999313354492,20.35555648803711,283.5857238769531,284.663330078125,292.82000732421875,54.099998474121094,56.567779541015625,5.380000114440918,4.489999771118164,2.2200000286102295,-0.5799999833106995
-91.397,32.982,0,-2,12,2016,341,39,0.23215045034885406,0.08485281374238571,0,0,0,0,0,1,0,0.5064000000000001,0.2533,82.30000114440918,153.90000176429749,180.80000180006027,184.5000017285347,232.80000191926956,760.2000000476837,1953.9638344943523,0.36142855882644653,0.6616666913032532,1.129888892173767,16.85714340209961,29.16666603088379,30.899999618530273,16.46000099182129,15.245555877685547,286.22857666015625,291.80999755859375,299.3666687011719,43.02000045776367,37.47888946533203,2.630000114440918,3.450000047683716,4.179999828338623,2.680000066757202
-81.143906,34.304607,0,-2,4,2018,115,126,0.8470260500907898,0.03,0,0,0,0,0,0,1,0.7953,0.41200000000000003,49.39999985694885,64.09999966621399,78.49999958276749,159.1000002026558,271.10000056028366,437.1000034213066,934.5000026226044,0.8642857074737549,0.8643333315849304,0.7086666822433472,33.14285659790039,34.96666717529297,30.322221755981445,13.90666675567627,14.845555305480957,295.1714172363281,294.9166564941406,291.8899841308594,37.35333251953125,38.48444366455078,-2.5199999809265137,-2.200000047683716,-2.359999895095825,-1.3799999952316284
-82.0316,27.4898,0,-2,4,2016,96,26,0.0014057037187740207,0.1341640786499874,0,0,0,1,0,0,0,0.5868,0.38620000000000004,14.800000011920929,43.80000001192093,64.30000001192093,108.8000003695488,299.39999771118164,540.0802147090435,1524.8155537843704,1.1471428871154785,1.08733332157135,0.8434444665908813,27.285715103149414,29.899999618530273,25.64444351196289,15.75666618347168,16.44444465637207,301.81427001953125,301.7066650390625,297.57110595703125,41.71666717529297,42.836666107177734,1.850000023841858,2.049999952316284,-0.019999999552965164,-0.75
-83.12861111,31.875,0,-2,3,2018,77,65,0.1681780070066452,0.03,1,0,0,0,0,0,0,0.6545000000000001,0.3468,14.200000047683716,42.700000047683716,67.2999997138977,210.7999970316887,263.49999698996544,396.8999970257282,1163.5000009536743,0.8671428561210632,0.824999988079071,0.63355553150177,33.14285659790039,30.066667556762695,28.755556106567383,14.136666297912598,15.102222442626953,293.24285888671875,295.1233215332031,291.32000732421875,38.04666519165039,40.088890075683594,-1.2899999618530273,-1.149999976158142,-0.8199999928474426,0.23000000417232513
-79.761312,34.911978,0,-2,12,2016,348,84,0.7905631065368652,0.0,0,0,0,0,0,0,1,0.47550000000000003,0.2626,3.200000047683716,37.50000011920929,47.5,63.70000076293945,418.7000034749508,865.2000074088573,1504.519294977188,0.3685714304447174,0.5336666703224182,0.737333357334137,19.714284896850586,22.96666717529297,21.72222137451172,17.5766658782959,17.809999465942383,284.028564453125,288.78668212890625,294.9633483886719,42.08000183105469,43.66777801513672,1.059999942779541,1.659999966621399,0.5699999928474426,1.3899999856948853
-78.293087,35.691,0,-2,10,2018,273,81,0.016093868762254715,0.08485281374238571,1,0,0,0,0,0,0,0.6569,0.34390000000000004,14.0,14.699999988079071,233.8999988436699,401.3999982178211,566.4999965131283,828.1999962031841,1306.0999983549118,0.49142855405807495,0.7846666574478149,0.898888885974884,13.714285850524902,13.666666984558105,16.788888931274414,19.363332748413086,18.392221450805664,301.4142761230469,303.1966552734375,303.9989013671875,56.77666473388672,52.36000061035156,1.4600000381469727,0.9700000286102295,0.550000011920929,0.699999988079071
-83.76645,36.100567,0,-2,3,2018,86,343,0.15496355295181274,0.0,0,0,0,1,0,0,0,0.5396000000000001,0.29500000000000004,36.10000005364418,69.39999988675117,137.20000034570694,366.90000253915787,388.90000265836716,666.2000052630901,1428.5000080764294,0.3799999952316284,0.4726666808128357,0.3878888785839081,16.85714340209961,15.066666603088379,16.988889694213867,17.086666107177734,18.06999969482422,284.4285583496094,286.4166564941406,284.1199951171875,43.9466667175293,44.62888717651367,1.059999942779541,-0.8199999928474426,0.7900000214576721,1.4500000476837158
-83.816033,35.874333,0,-2,3,2016,82,335,0.25663837790489197,0.0,0,0,0,0,0,0,1,0.5551,0.29910000000000003,1.2000000476837158,24.700000524520874,86.19999974966049,220.9999984204769,352.27718770504,778.5989192426205,1451.2225718200207,0.7942857146263123,0.6523333191871643,0.4340544641017914,26.285715103149414,18.233333587646484,16.601734161376953,17.760000228881836,18.011537551879883,291.3999938964844,290.8500061035156,285.3538513183594,42.54999923706055,46.237911224365234,1.5299999713897705,1.590000033378601,1.100000023841858,0.6499999761581421
-76.683804,35.90335,0,-2,10,2018,275,3,0.21498654782772064,0.03,0,0,0,0,0,1,0,0.7774000000000001,0.403,0.6000000238418579,3.5000000298023224,176.1000027358532,304.1000031530857,622.3999995291233,1084.099996894598,1576.299996137619,0.6842857003211975,0.768666684627533,0.7796666622161865,18.14285659790039,14.266666412353516,13.122221946716309,18.799999237060547,18.95777702331543,302.4142761230469,303.46331787109375,303.8377685546875,57.323333740234375,56.45222091674805,4.079999923706055,4.199999809265137,2.569999933242798,1.7200000286102295
-81.762875,32.65591944,0,-2,7,2018,202,66,0.0705457255244255,0.03,0,0,1,0,0,0,0,0.7774000000000001,0.4434,59.39999973773956,88.69999897480011,163.19999945163727,331.59999895095825,512.4999999403954,721.4000039994717,1311.700005799532,0.6871428489685059,0.9856666922569275,1.0587778091430664,9.285714149475098,15.366666793823242,19.200000762939453,18.25,17.433332443237305,304.1142883300781,306.0466613769531,304.35333251953125,50.53666687011719,46.220001220703125,1.3300000429153442,1.2899999618530273,-1.4600000381469727,0.550000011920929
-81.200678,35.540678,0,-2,1,2017,2,273,3.313469886779785,0.03,0,0,0,1,0,0,0,0.4466,0.2417,50.09999966621399,51.59999966621399,101.00000071525574,135.80000066757202,161.10000085830688,435.69999983906746,976.4000000357628,0.5414285659790039,0.43799999356269836,0.6854444742202759,20.0,22.700000762939453,28.35555648803711,17.143333435058594,16.21666717529297,285.6428527832031,284.3233337402344,290.5977783203125,43.26333236694336,36.2933349609375,-2.569999933242798,-2.309999942779541,-1.0700000524520874,1.2200000286102295
-83.71481944,33.40452222,0,-2,3,2018,78,208,0.01933905854821205,0.2765863337187866,1,0,0,0,0,0,0,0.5002,0.219,28.600000381469727,60.80000019073486,93.00000017881393,225.99999994039536,298.20000141859055,496.90000277757645,1234.0000077784061,0.8500000238418579,0.7293333411216736,0.5805555582046509,31.571428298950195,25.566667556762695,27.61111068725586,15.00333309173584,15.098889350891113,292.3999938964844,292.75665283203125,288.8222351074219,40.42000198364258,39.88888931274414,-2.130000114440918,-1.8300000429153442,-1.440000057220459,-1.649999976158142
-89.8535,30.3007,0,-2,4,2019,95,7,1.3032960891723633,0.03,0,0,0,0,0,0,1,0.7351000000000001,0.3426,60.49999964237213,62.09999966621399,80.39999929070473,253.09999829530716,310.69999796152115,859.9999984204769,1636.600007802248,0.4957142770290375,0.6206666827201843,0.5591111183166504,21.0,24.96666717529297,21.0,16.156665802001953,17.03444480895996,294.1714172363281,295.1300048828125,292.9811096191406,47.086666107177734,48.551109313964844,1.5700000524520874,1.8799999952316284,2.2899999618530273,-1.0700000524520874
-84.2568,32.62499722,0,-2,10,2019,293,156,0.016216440126299858,0.10816653826391967,1,0,0,0,0,0,0,0.7232000000000001,0.3687,81.40000057220459,92.60000038146973,99.40000057220459,129.49999982118607,192.60000011324883,544.8999971151352,1243.699996471405,0.6257143020629883,1.5216666460037231,1.4673333168029785,26.428571701049805,39.5,33.4555549621582,13.270000457763672,14.448888778686523,295.6571350097656,303.67999267578125,305.67889404296875,36.34000015258789,39.442222595214844,-2.3499999046325684,1.100000023841858,3.0,3.6600000858306885
-79.73951,34.71814,0,-2,5,2017,128,73,0.10267779976129532,0.0,0,0,0,0,1,0,0,0.7797000000000001,0.45730000000000004,34.80000150203705,65.40000116825104,142.80000293254852,259.1000036597252,310.30000376701355,546.2000021636486,1523.5999954938889,1.0571428537368774,1.09333336353302,0.9157778024673462,27.571428298950195,29.33333396911621,29.91111183166504,14.260000228881836,14.314444541931152,297.6142883300781,299.2833251953125,295.3722229003906,41.849998474121094,36.40777587890625,1.2599999904632568,0.9900000095367432,2.180000066757202,2.559999942779541
-79.26585,34.478383,0,-2,8,2018,238,44,0.0,0.09,1,0,0,0,0,0,0,0.8523000000000001,0.5780000000000001,0.6000000238418579,26.399999618530273,134.90000155568123,206.80000147223473,371.80000281333923,630.7000019848347,1133.0000048577785,0.918571412563324,0.9229999780654907,1.1306666135787964,18.85714340209961,14.233333587646484,19.266666412353516,18.696666717529297,17.183332443237305,304.1571350097656,304.7466735839844,305.2510986328125,52.163333892822266,47.554443359375,-0.800000011920929,-0.8199999928474426,-1.2300000190734863,1.4600000381469727
-83.2918,30.5302,0,-2,2,2017,46,51,0.0017096081282943487,0.09,0,0,0,0,0,0,1,0.3637,0.20120000000000002,0.0,19.899999618530273,134.8000031709671,237.20000249147415,339.40000319480896,746.1000061035156,1483.7000013291836,0.8642857074737549,0.7606666684150696,0.734333336353302,27.0,21.866666793823242,22.899999618530273,17.170000076293945,17.51333236694336,297.028564453125,295.57666015625,295.0877685546875,42.08333206176758,43.06888961791992,0.8600000143051147,0.6499999761581421,1.0399999618530273,-0.019999999552965164
-81.6257,29.7608,0,-2,7,2018,197,19,0.038509007543325424,0.042426406871192854,0,0,0,0,1,0,0,0.8828,0.4524,20.49999988079071,58.40000033378601,270.3999996781349,518.6000039279461,640.9000038206577,918.5000022947788,1989.7999925017357,1.222857117652893,1.13100004196167,1.0657777786254883,12.714285850524902,9.699999809265137,17.94444465637207,18.649999618530273,17.281110763549805,306.471435546875,305.82666015625,303.4811096191406,50.3466682434082,48.93000030517578,5.369999885559082,4.639999866485596,3.619999885559082,4.610000133514404
-89.39546131,30.4812687,0,-2,1,2016,27,33,0.4713064134120941,0.042426406871192854,0,1,0,0,0,0,0,0.5904,0.3143,101.5,132.50000077486038,181.87980437278748,431.1932339668274,571.3059440553188,874.5505056679249,1920.8146076202393,0.4357143044471741,0.3658945560455322,0.47554704546928406,11.142857551574707,12.123539924621582,13.829864501953125,19.831266403198242,19.969409942626953,287.81427001953125,288.1473388671875,293.10943603515625,52.52044677734375,54.53661346435547,1.2200000286102295,-0.5899999737739563,-1.3300000429153442,1.0099999904632568
-79.97583,34.702221,0,-2,12,2016,348,69,1.2238160371780396,0.03,1,0,0,0,0,0,0,0.6043000000000001,0.3166,8.800000071525574,45.399999141693115,66.49999904632568,81.99999940395355,347.8999978005886,864.2999968528748,1572.4042819440365,0.3499999940395355,0.5273333191871643,0.7202222347259521,17.14285659790039,22.299999237060547,21.58888816833496,18.0,17.942222595214844,283.79998779296875,288.8133239746094,294.9877624511719,42.38333511352539,43.77555465698242,2.319999933242798,2.8399999141693115,2.119999885559082,1.5299999713897705
-83.03980833,32.47331944,0,-2,9,2018,265,65,0.03837567940354347,0.0670820393249937,0,0,0,0,1,0,0,0.7929,0.3919,3.6999999284744263,7.100000023841858,12.10000005364418,172.5999975502491,370.5000031590462,746.2000056505203,1120.300005465746,1.468571424484253,1.25,1.0892221927642822,28.428571701049805,25.399999618530273,18.577777862548828,16.293333053588867,17.622222900390625,307.25714111328125,306.61334228515625,306.03778076171875,44.05666732788086,48.051109313964844,1.9299999475479126,2.559999942779541,-0.7799999713897705,-2.259999990463257
-80.9914,28.54,0,-2,5,2016,142,10,0.16921626031398773,0.09,0,0,0,0,1,0,0,0.5816,0.3645,56.399999260902405,57.29999923706055,98.29999923706055,208.5999982059002,224.69999822974205,462.6766027510166,1368.4343129396439,1.0428571701049805,1.1333333253860474,1.0770000219345093,26.571428298950195,29.33333396911621,31.11111068725586,15.739999771118164,14.967778205871582,304.74285888671875,303.4666748046875,301.2933349609375,44.32666778564453,42.524444580078125,1.0199999809265137,1.159999966621399,0.9100000262260437,-1.0499999523162842
-85.01574167,31.38042778,0,-2,3,2018,78,89,0.03521209582686424,0.12369316876852982,0,0,1,0,0,0,0,0.6389,0.2721,34.60000115633011,64.60000115633011,84.90000087022781,339.79999858140945,402.8999987244606,532.6999993622303,1282.2999992072582,0.822857141494751,0.8366666436195374,0.6458888649940491,27.285715103149414,26.799999237060547,25.66666603088379,15.263333320617676,15.954444885253906,295.0857238769531,296.00665283203125,291.8766784667969,38.893333435058594,40.934444427490234,-1.649999976158142,-1.8200000524520874,-1.100000023841858,0.11999999731779099
-82.91460833,32.05781667,0,-2,1,2017,1,71,0.8009569048881531,0.03,0,0,0,0,1,0,0,0.67,0.3012,32.8999999165535,39.30000001192093,222.99999636411667,242.89999598264694,259.6999952197075,539.4999971687794,1054.6000017225742,0.6885714530944824,0.5383333563804626,0.8831111192703247,18.714284896850586,20.733333587646484,31.622222900390625,18.739999771118164,15.760000228881836,291.971435546875,291.7066650390625,296.10888671875,49.970001220703125,37.496665954589844,-1.4199999570846558,-2.380000114440918,-1.25,-0.07999999821186066
-82.744547,35.230923,0,-2,3,2017,88,689,14.367866516113281,0.0,0,0,0,0,0,0,1,0.4753,0.2354,24.40000009536743,51.700000524520874,98.10000079870224,117.60000059008598,223.20000115036964,381.49999955296516,1080.9000025391579,0.7771428227424622,0.6340000033378601,0.543666660785675,25.14285659790039,27.899999618530273,24.755556106567383,15.529999732971191,16.219999313354492,293.72857666015625,288.94000244140625,287.57110595703125,33.36000061035156,37.03555679321289,-4.510000228881836,-3.880000114440918,-3.140000104904175,-1.5299999713897705
-81.4586,27.3628,0,-2,3,2017,64,38,1.87349534034729,0.0,0,0,0,0,0,0,1,0.47100000000000003,0.29250000000000004,1.899999976158142,17.59999978542328,23.899999648332596,49.89999970793724,79.99999991059303,325.40000227093697,1435.600001424551,1.0642857551574707,1.0886666774749756,0.9864444136619568,31.428571701049805,32.16666793823242,28.03333282470703,15.383333206176758,16.407777786254883,301.0428466796875,300.7066650390625,299.6388854980469,37.57666778564453,41.037776947021484,1.2400000095367432,2.1500000953674316,3.6700000762939453,5.21999979019165
-82.3359,28.4858,0,-2,1,2016,2,68,0.20214109122753143,0.0,0,0,0,0,0,0,1,0.6319,0.34850000000000003,7.618848443031311,7.618848443031311,20.80638825893402,105.69872409105301,114.07379597425461,989.539567232132,1550.0592654049397,0.9651924967765808,0.8166784048080444,0.817084550857544,20.661338806152344,23.37554168701172,21.752254486083984,18.03595733642578,18.02141761779785,301.9680480957031,300.53729248046875,301.4656982421875,50.8328742980957,52.214237213134766,2.130000114440918,2.569999933242798,3.2699999809265137,1.6799999475479126
-88.05,32.831,0,-2,4,2016,110,48,1.6816301345825195,0.0,0,1,0,0,0,0,0,0.674,0.4587,3.1000000834465027,78.29999846220016,166.69999957084656,443.1000039577484,582.0000070035458,1030.2449715435505,1408.3927765488625,0.8214285969734192,0.765666663646698,0.6713333129882812,25.571428298950195,24.53333282470703,21.211111068725586,15.329999923706055,16.58222198486328,296.4285583496094,295.7099914550781,292.6277770996094,44.46333312988281,44.66555404663086,1.7799999713897705,1.4600000381469727,-0.8600000143051147,-2.3499999046325684
-86.993,32.47,0,-2,7,2018,185,85,0.46417227387428284,0.12369316876852982,0,1,0,0,0,0,0,0.7198,0.5464,45.90000003576279,50.20000010728836,159.30000019073486,460.70000156760216,603.8999989628792,980.6000024080276,1576.3000034093857,0.9828571677207947,1.1009999513626099,1.0247777700424194,15.0,16.933332443237305,22.733333587646484,17.266666412353516,16.474443435668945,306.1285705566406,305.7099914550781,302.3722229003906,49.866668701171875,46.5011100769043,3.690000057220459,2.4200000762939453,1.899999976158142,2.490000009536743
-88.6778,34.3597,0,-2,1,2017,2,92,0.9974703788757324,0.0670820393249937,0,0,0,0,1,0,0,0.4192,0.2248,55.00000023841858,58.00000023841858,130.40000069141388,244.90000027418137,262.0000004172325,425.00000062584877,1113.899998575449,0.488571435213089,0.4230000078678131,0.8272222280502319,16.14285659790039,19.16666603088379,30.72222137451172,18.149999618530273,15.934444427490234,289.22857666015625,286.739990234375,293.54998779296875,49.54666519165039,38.393333435058594,-3.809999942779541,-3.809999942779541,-2.190000057220459,-1.0199999809265137
-77.512846,35.926767,0,-2,10,2019,277,23,0.0,0.15,0,0,0,1,0,0,0,0.6747000000000001,0.30860000000000004,0.0,0.0,134.69999527931213,226.0999956727028,364.5999954342842,657.399999499321,1209.5000009834766,1.3171428442001343,1.0369999408721924,1.0734444856643677,28.714284896850586,21.366666793823242,21.155555725097656,17.203332901000977,17.2277774810791,305.1571350097656,303.1233215332031,304.5310974121094,46.58333206176758,47.364444732666016,2.380000114440918,2.359999895095825,2.690000057220459,3.5399999618530273
-82.31705833,31.47690833,0,-2,7,2018,195,55,0.0,0.2765863337187866,1,0,0,0,0,0,0,0.8686,0.12150000000000001,29.69999933242798,62.09999895095825,140.3999988436699,291.89999917149544,388.09999826550484,545.4999987781048,1206.200001269579,1.2585713863372803,1.1920000314712524,1.1621111631393433,20.714284896850586,20.066667556762695,25.266666412353516,16.99333381652832,15.884444236755371,306.8428649902344,306.53668212890625,303.8155517578125,47.0533332824707,43.53889083862305,-1.2300000190734863,-1.409999966621399,-2.190000057220459,-0.7300000190734863
-79.244138,35.378255,0,-2,12,2019,360,129,0.1271398365497589,0.03,1,0,0,0,0,0,0,0.5752,0.2419,20.399999618530273,80.90000134706497,121.10000166296959,226.50000166893005,341.40000173449516,604.4999994635582,1266.4000028669834,0.4399999976158142,0.41499999165534973,0.6008889079093933,17.571428298950195,18.266666412353516,20.899999618530273,18.219999313354492,17.834444046020508,286.3999938964844,286.7099914550781,291.5411071777344,43.07666778564453,44.16444396972656,2.130000114440918,1.8899999856948853,2.7300000190734863,4.949999809265137
-93.6707,30.4926,0,-2,8,2019,213,29,0.0,0.09486832980505139,1,0,0,0,0,0,0,0.4259,0.1666,27.000000059604645,33.30000001192093,140.10000225901604,393.7000001370907,595.6999960839748,857.1999980211258,1882.7999952733517,0.8157142996788025,0.8853333592414856,0.7998889088630676,15.857142448425293,17.100000381469727,17.600000381469727,17.873332977294922,18.065555572509766,305.4285583496094,305.7566833496094,304.54443359375,54.51333236694336,56.101112365722656,2.9000000953674316,2.569999933242798,1.940000057220459,3.4800000190734863
-89.07583333,30.71,0,-2,11,2019,316,65,0.03395843133330345,0.06,0,0,0,0,0,0,1,0.7074,0.338,24.899999618530273,109.29999828338623,262.69999796152115,272.39999797940254,380.0999974310398,859.8000014424324,1965.1000164151192,0.5271428823471069,0.5556666851043701,0.9191111326217651,16.571428298950195,16.66666603088379,19.05555534362793,19.270000457763672,18.004444122314453,293.6000061035156,295.4333190917969,302.40667724609375,50.143333435058594,49.032222747802734,1.690000057220459,1.1200000047683716,2.3399999141693115,2.390000104904175
-79.048531,33.563934,0,-2,10,2018,283,8,0.6535943746566772,0.0,0,0,0,0,0,0,1,0.6451,0.3945,31.600000858306885,73.69999933242798,359.10000133514404,411.5000017285347,835.6000014543533,1208.9000018239021,1584.5000014603138,1.218571424484253,0.9850000143051147,0.9193333387374878,20.571428298950195,17.03333282470703,14.600000381469727,17.856666564941406,18.567777633666992,303.4428405761719,302.97332763671875,303.7900085449219,53.6533317565918,55.25222396850586,3.559999942779541,2.6500000953674316,1.149999976158142,-1.7400000095367432
-80.713135,33.109417,0,-2,5,2018,150,38,0.0799366682767868,0.03,0,0,0,0,0,0,1,0.8251000000000001,0.4258,74.30000078678131,169.9000000357628,198.30000060796738,312.20000141859055,368.9000011384487,619.5000000298023,1407.200004607439,0.8914285898208618,1.1319999694824219,0.9470000267028809,13.714285850524902,28.299999237060547,32.21111297607422,15.75333309173584,14.504444122314453,302.29998779296875,302.4433288574219,297.0188903808594,44.62333297729492,38.60444641113281,1.9700000286102295,1.5800000429153442,2.450000047683716,3.190000057220459
-86.405,31.2,0,-2,6,2018,161,83,0.005457044579088688,0.06,0,0,0,0,1,0,0,0.7822,0.5531,46.999999433755875,161.19999906420708,257.1000001132488,331.6999989449978,407.19999822974205,701.3000005483627,1681.499993532896,1.25,1.1996666193008423,1.079888939857483,22.0,22.16666603088379,27.566667556762695,16.729999542236328,15.592222213745117,305.5857238769531,304.92333984375,300.7477722167969,47.03333282470703,40.795555114746094,-1.0199999809265137,-1.3899999856948853,0.6600000262260437,1.7999999523162842
-85.556,34.037,0,-2,9,2018,245,300,0.025288088247179985,0.0,0,0,0,0,0,0,1,0.8403,0.49100000000000005,7.599999904632568,9.49999988079071,68.40000075101852,275.3000059723854,486.0000070333481,810.5000086128712,1403.0000081658363,1.1528570652008057,1.0796666145324707,1.0266666412353516,20.85714340209961,18.799999237060547,17.455554962158203,17.56333351135254,17.73666763305664,306.1428527832031,305.17333984375,304.99334716796875,48.4466667175293,50.12444305419922,2.009999990463257,0.9900000095367432,-1.2899999618530273,-1.2000000476837158
-79.097076,35.323382,0,-2,12,2018,335,83,0.8306106925010681,0.0,0,0,0,0,0,0,1,0.6504,0.2881,19.79999965429306,49.20000046491623,209.40000385046005,323.60000547766685,710.2000015079975,1215.7000016272068,1871.700001269579,0.47857141494750977,0.3580000102519989,0.5975555777549744,16.571428298950195,11.933333396911621,14.255555152893066,19.633333206176758,19.141111373901367,286.8285827636719,287.47332763671875,295.4377746582031,54.21333312988281,53.03666687011719,6.0,5.199999809265137,3.119999885559082,1.2200000286102295
-89.50171322,32.95065066,0,-2,3,2016,90,138,0.01716648042201996,0.18,1,0,0,0,0,0,0,0.6977,0.3058,44.19999980926514,83.09999942779541,269.0000030994415,452.1000003814697,546.4000001549721,1030.245002180338,1494.5251617729664,0.5542857050895691,0.7009999752044678,0.5658888816833496,20.85714340209961,19.899999618530273,20.33333396911621,16.77666664123535,17.181110382080078,295.20001220703125,294.5566711425781,290.0677795410156,44.676666259765625,43.54999923706055,1.4600000381469727,-0.8500000238418579,-1.340000033378601,-2.0
-78.792405,35.533025,0,-2,12,2019,336,98,0.1524266004562378,0.03,1,0,0,0,0,0,0,0.6794,0.28390000000000004,24.59999990463257,46.59999990463257,97.60000014305115,216.90000212192535,305.40000218153,741.4000051617622,1376.0000006854534,0.4771428406238556,0.4569999873638153,0.7933333516120911,19.714284896850586,20.933332443237305,23.188888549804688,17.463333129882812,16.997777938842773,287.5714416503906,287.1966552734375,295.989990234375,44.96666717529297,45.04999923706055,2.5399999618530273,2.690000057220459,3.740000009536743,4.230000019073486
-81.5016,27.6095,0,-2,1,2017,23,43,0.41438522934913635,0.03,0,0,1,0,0,0,0,0.3478,0.202,12.5,12.5,39.90000009536743,51.30000042915344,57.9000004529953,673.2000009417534,1587.5999945104122,1.0242856740951538,0.8996666669845581,0.8464444279670715,25.0,23.233333587646484,25.188888549804688,17.41666603088379,17.487777709960938,300.6428527832031,298.9466552734375,299.5555419921875,44.266666412353516,46.32222366333008,0.6899999976158142,1.2400000095367432,2.950000047683716,3.7699999809265137
-90.729,30.8145,0,-2,3,2017,59,83,2.2442312240600586,0.042426406871192854,0,0,0,0,0,0,1,0.664,0.2672,14.599999785423279,46.50000047683716,59.20000031590462,381.6000008881092,541.1999998986721,755.9000014364719,2396.1999924480915,0.8728571534156799,0.7943333387374878,0.6355555653572083,31.85714340209961,24.366666793823242,18.11111068725586,15.699999809265137,17.600000381469727,297.28570556640625,296.2266540527344,293.3944396972656,43.23666763305664,48.08555603027344,2.5199999809265137,3.0799999237060547,2.9100000858306885,4.460000038146973
-80.70321,35.628415,0,-2,6,2018,164,244,0.09116797149181366,0.03,0,0,0,1,0,0,0,0.758,0.4995,3.899999976158142,23.300000220537186,133.59999868273735,294.39999982714653,374.30000028014183,610.7000002264977,1125.0999946296215,0.9814285635948181,0.9679999947547913,0.9034444689750671,23.0,17.33333396911621,26.03333282470703,17.18000030517578,15.016666412353516,302.6999816894531,301.9700012207031,296.8788757324219,50.52666473388672,41.77111053466797,1.3600000143051147,0.8100000023841858,-1.2200000286102295,0.8399999737739563
-85.887,33.018,0,-2,4,2016,97,191,0.17193622887134552,0.12,0,0,0,1,0,0,0,0.6629,0.38430000000000003,102.80000162124634,120.30000114440918,147.00000095367432,315.0000047683716,505.80000454187393,872.4038115441799,1477.6036863923073,0.7985714077949524,0.7046666741371155,0.5457777976989746,20.571428298950195,20.799999237060547,17.64444351196289,17.03999900817871,17.704444885253906,295.5857238769531,296.1399841308594,290.62445068359375,45.92333221435547,44.98444366455078,0.8399999737739563,1.2599999904632568,-1.659999966621399,-1.7899999618530273
-84.81164722,34.38958889,0,-2,4,2019,115,233,0.08114159852266312,0.1341640786499874,0,1,0,0,0,0,0,0.7856000000000001,0.5321,20.300000071525574,69.79999893903732,130.19999846816063,263.7999974191189,522.1999959349632,1156.5999923050404,1991.8999962508678,0.9114285707473755,0.8690000176429749,0.6243333220481873,20.285715103149414,22.399999618530273,19.27777862548828,16.476667404174805,16.61222267150879,296.4142761230469,296.5133361816406,291.10888671875,41.13999938964844,44.18333435058594,5.840000152587891,6.489999771118164,5.429999828338623,2.799999952316284
-82.2693,27.3823,0,-2,6,2019,171,31,0.1544111669063568,0.03,1,0,0,0,0,0,0,0.6591,0.3653,91.50000059604645,191.50000137090683,237.3000013232231,360.000001758337,414.3000018596649,564.3000029325485,1933.3000039458275,0.895714282989502,1.1346666812896729,1.0546666383743286,11.142857551574707,20.799999237060547,23.844444274902344,17.476667404174805,17.114444732666016,305.25714111328125,306.739990234375,304.5233459472656,47.07666778564453,45.14666748046875,3.0,3.0799999237060547,3.680000066757202,3.5299999713897705
-79.875141,34.901759,0,-2,3,2017,87,92,0.00152075313962996,0.03,0,0,1,0,0,0,0,0.6433,0.3155,6.5,31.09999990463257,68.79999953508377,100.2999995648861,203.49999889731407,492.00000232458115,1288.29999807477,0.9514285326004028,0.8149999976158142,0.7118889093399048,34.42856979370117,31.700000762939453,26.66666603088379,13.963333129882812,15.420000076293945,296.29998779296875,292.1666564941406,291.0088806152344,31.89666748046875,36.2400016784668,-1.4299999475479126,0.5199999809265137,1.0499999523162842,1.0399999618530273
-84.361433,35.546233,0,-2,3,2016,78,272,0.7987490296363831,0.042426406871192854,0,0,0,0,0,0,1,0.656,0.44830000000000003,34.000001192092896,34.800001204013824,106.09999939799309,264.99999582767487,429.32604202628136,832.1267029047012,1486.209055453539,0.9671428203582764,0.5720000267028809,0.4020780324935913,15.285714149475098,14.066666603088379,13.113874435424805,19.020000457763672,18.9034481048584,297.1428527832031,290.9433288574219,285.4549560546875,46.279998779296875,48.2320442199707,1.75,1.7699999809265137,1.4700000286102295,0.9800000190734863
-84.15697222,34.37580556,0,-2,2,2016,54,370,0.0,0.34205262752974136,1,0,0,0,0,0,0,0.5367000000000001,0.2192,81.39999961853027,101.49999952316284,133.1999996304512,310.1729183793068,518.644330739975,1012.2914055287838,1768.5772068500519,0.38428571820259094,0.44699999690055847,0.42362385988235474,19.14285659790039,20.0,17.773967742919922,16.489999771118164,17.286827087402344,288.74285888671875,285.5533447265625,286.19219970703125,45.14666748046875,47.379600524902344,2.9600000381469727,3.0,1.5499999523162842,-1.0
-86.23185,35.521483,0,-2,1,2017,4,332,0.055243223905563354,0.17492855684535902,1,0,0,0,0,0,0,0.4022,0.23650000000000002,23.40000009536743,107.89999723434448,180.9999978542328,372.0000002980232,387.8999999165535,640.6999958157539,1436.0999931395054,0.2800000011920929,0.33000001311302185,0.6620000004768372,12.857142448425293,14.5,26.922222137451172,19.363332748413086,16.658889770507812,284.25714111328125,283.57000732421875,290.22332763671875,52.459999084472656,40.813331604003906,-1.840000033378601,-2.0199999809265137,0.6200000047683716,-0.8799999952316284
-83.3075,31.99666667,0,-2,10,2016,291,74,0.0,0.0,0,0,0,0,0,0,1,0.6122000000000001,0.3361,0.0,8.800000190734863,14.700000196695328,175.69999846816063,314.99999836087227,556.5999993085861,1189.9563474953175,0.9257143139839172,1.2053333520889282,1.2848888635635376,32.0,31.33333396911621,29.58888816833496,15.49666690826416,15.554444313049316,301.29998779296875,303.2099914550781,305.4766540527344,38.31666564941406,40.3466682434082,-0.12999999523162842,0.5299999713897705,0.550000011920929,0.9399999976158142
-89.44166667,30.795,0,-2,2,2019,57,69,0.009082539938390255,0.24186773244895649,0,0,0,0,1,0,0,0.6187,0.28900000000000003,81.79999709129333,111.69999670982361,152.49999636411667,295.69999438524246,538.1999989151955,980.4000005424023,1904.2999889552593,0.6399999856948853,0.6116666793823242,0.48911112546920776,16.14285659790039,22.766666412353516,18.0222225189209,15.633333206176758,17.93000030517578,295.4285888671875,293.3766784667969,291.0455627441406,48.21666717529297,51.02555465698242,2.740000009536743,3.200000047683716,2.2300000190734863,1.5299999713897705
-82.22083333,33.565,0,-2,3,2018,76,107,0.060540396720170975,0.0,0,0,0,0,0,0,1,0.5489,0.2222,26.299999713897705,44.69999897480011,64.59999883174896,169.400000333786,237.09999892115593,362.90000024437904,1076.60000115633,0.7300000190734863,0.7889999747276306,0.620888888835907,30.714284896850586,29.53333282470703,30.46666717529297,14.329999923706055,14.74666690826416,290.1714172363281,293.2966613769531,289.3677673339844,36.33333206176758,36.03111267089844,-2.0999999046325684,-1.690000057220459,-1.1699999570846558,0.8100000023841858
-81.919579,33.353508,0,-2,12,2018,336,34,0.0,0.10816653826391967,0,0,0,0,0,1,0,0.6891,0.3904,22.59999942779541,29.49999925494194,170.40000000596046,292.89999893307686,417.09999921917915,812.1999977529049,1479.89999756217,0.5742856860160828,0.421999990940094,0.8227777481079102,19.428571701049805,13.466666221618652,17.922222137451172,19.69333267211914,18.360000610351562,290.028564453125,290.2200012207031,298.33111572265625,52.189998626708984,47.387779235839844,2.9100000858306885,2.0799999237060547,2.130000114440918,-1.2799999713897705
-81.4192,27.4439,0,-2,11,2017,328,37,0.0,0.03,0,0,0,0,0,0,1,0.49470000000000003,0.2999,5.8999998569488525,22.199999570846558,56.60000044107437,222.00000128149986,675.600006878376,1469.9000089168549,1629.5000101327896,0.6271428465843201,0.8186666965484619,1.0605555772781372,21.571428298950195,23.066667556762695,17.744443893432617,17.260000228881836,17.413333892822266,298.8428649902344,299.82000732421875,303.40777587890625,49.616668701171875,50.287776947021484,3.950000047683716,3.9200000762939453,-1.25,-3.369999885559082
-81.643173,33.675995,0,-2,9,2018,249,145,0.2426985502243042,0.03,0,0,0,0,0,0,1,0.6638000000000001,0.32830000000000004,0.0,0.0,26.29999977350235,249.39999896287918,341.19999957084656,652.2999981343746,1060.9999994933605,1.5528571605682373,1.2236666679382324,1.1973333358764648,29.428571701049805,22.66666603088379,20.41111183166504,16.43666648864746,16.940000534057617,307.70001220703125,306.23333740234375,306.0299987792969,43.79666519165039,45.32555389404297,1.2799999713897705,-0.5400000214576721,-1.6399999856948853,-1.9299999475479126
-81.5773,26.1525,0,-2,9,2017,250,7,0.06288129836320877,0.03,0,0,0,0,1,0,0,0.6461,0.3785,91.30000066757202,220.60000038146973,385.7000004053116,637.6000017225742,946.8000021874905,1471.0999993085861,1903.5999995172024,1.058571457862854,1.0213333368301392,1.0223333835601807,4.4285712242126465,8.300000190734863,7.455555438995361,19.55666732788086,19.244443893432617,306.6571350097656,306.3500061035156,306.0688781738281,56.310001373291016,55.91666793823242,3.740000009536743,2.930000066757202,-1.5399999618530273,0.6399999856948853
-76.448104,35.492443,0,-2,2,2016,56,7,0.4971295893192291,0.03,0,0,0,0,0,1,0,0.3391,0.1839,12.399999856948853,38.80000042915344,173.09999921917915,314.91187956929207,469.9245438873768,1072.9002789258957,1816.2347447276115,0.5028571486473083,0.4413333237171173,0.45218798518180847,21.428571701049805,19.366666793823242,18.15795135498047,17.469999313354492,17.611778259277344,290.1285705566406,286.1666564941406,287.8546447753906,49.143333435058594,49.96858215332031,5.139999866485596,4.489999771118164,3.1600000858306885,1.7100000381469727
-77.869662,36.18494,0,-2,1,2016,25,57,0.003730041440576315,0.12369316876852982,0,0,1,0,0,0,0,0.5461,0.2346,25.19999921321869,42.299999594688416,91.63708508014679,186.498804718256,321.7203097939491,652.5898149907589,1204.1931518912315,0.2142857164144516,0.3340531885623932,0.41009607911109924,25.285715103149414,19.302024841308594,15.016995429992676,16.765417098999023,18.949155807495117,276.8428649902344,282.67254638671875,288.20013427734375,44.22858428955078,49.66529846191406,2.369999885559082,1.940000057220459,1.559999942779541,2.0399999618530273
-79.295367,34.727326,0,-2,6,2018,166,60,0.1508481204509735,0.0,0,0,0,0,0,1,0,0.6415000000000001,0.48560000000000003,69.40000188350677,71.30000185966492,175.10000151395798,242.70000252127647,330.90000307559967,521.0000038146973,1139.5000032186508,1.1200000047683716,1.1823333501815796,1.0975555181503296,19.285715103149414,23.566667556762695,31.700000762939453,16.1299991607666,14.095555305480957,304.3714294433594,303.739990234375,299.1288757324219,47.1533317565918,39.11333465576172,-2.2300000190734863,-2.509999990463257,-2.430000066757202,-1.600000023841858
-81.83361667,32.93947222,0,-2,3,2016,85,77,0.01416751742362976,0.15,1,0,0,0,0,0,0,0.686,0.3154,4.299999952316284,4.299999952316284,38.40000033378601,197.10000294446945,246.97704461216927,636.1177703142166,1228.553298830986,0.7942857146263123,0.893666684627533,0.6638408303260803,31.428571701049805,28.0,24.57758903503418,15.319999694824219,16.1434383392334,295.81427001953125,296.3699951171875,291.6339111328125,35.16999816894531,40.819950103759766,1.850000023841858,2.009999990463257,2.119999885559082,0.7900000214576721
-81.238908,35.8403,0,-2,4,2019,91,316,0.46035680174827576,0.06,1,0,0,0,0,0,0,0.5704,0.3138,1.5,9.899999976158142,44.70000007748604,202.40000024437904,316.40000218153,879.1999979615211,1876.8999999761581,0.6442856788635254,0.5713333487510681,0.4628888964653015,33.42856979370117,25.53333282470703,20.044445037841797,14.196666717529297,16.192222595214844,289.5,287.4966735839844,285.457763671875,38.62333297729492,42.90888977050781,6.190000057220459,6.409999847412109,6.139999866485596,4.139999866485596
-89.2375,33.04777778,0,-2,9,2018,269,184,0.09548945724964142,0.042426406871192854,1,0,0,0,0,0,0,0.7647,0.3929,95.39999771118164,95.69999772310257,215.09999823570251,280.49999845027924,411.799999833107,716.2999992668629,1364.0000011324883,0.9185714721679688,1.0073333978652954,1.0456666946411133,12.428571701049805,15.399999618530273,19.14444351196289,18.99333381652832,17.844444274902344,304.471435546875,305.22332763671875,305.6666564941406,52.560001373291016,51.08222198486328,-0.6200000047683716,-1.190000057220459,-1.0299999713897705,-1.350000023841858
-90.0223049,33.29158891,0,-2,11,2016,329,102,0.05697030574083328,0.12369316876852982,1,0,0,0,0,0,0,0.627,0.3115,11.600000381469727,16.300000190734863,20.600000381469727,24.00000035762787,34.200000524520874,361.29999724030495,1153.1656896471977,0.7357142567634583,1.0130000114440918,1.2920000553131104,35.0,37.43333435058594,34.5,14.350000381469727,14.536666870117188,291.8999938964844,296.7833251953125,301.901123046875,29.98666763305664,34.28889083862305,-2.0399999618530273,-1.059999942779541,-0.5899999737739563,0.8299999833106995
-80.9237,28.0967,0,-2,4,2016,107,21,0.0,0.2954657340538831,0,0,0,0,1,0,0,0.8580000000000001,0.44520000000000004,53.300000339746475,54.000000327825546,163.6000016629696,170.00000151991844,283.2000021636486,503.16685140132904,1321.3258217573166,0.9200000166893005,0.9309999942779541,0.8034444451332092,24.85714340209961,25.66666603088379,25.922222137451172,16.299999237060547,16.336666107177734,300.3857116699219,300.0400085449219,297.3833312988281,45.56666564941406,43.83444595336914,1.2200000286102295,1.059999942779541,-1.7300000190734863,0.949999988079071
-81.218872,33.959587,0,-2,7,2017,189,131,2.9315407276153564,0.0,0,0,0,0,0,0,1,0.6978000000000001,0.43570000000000003,15.69999948143959,38.099999487400055,142.80000028014183,261.8999997675419,391.1999962925911,701.499996215105,1437.0999989807606,1.398571491241455,1.2586666345596313,1.242444396018982,23.428571701049805,25.399999618530273,29.0222225189209,15.783333778381348,14.695555686950684,307.5142822265625,305.14666748046875,302.69000244140625,44.64666748046875,42.290000915527344,1.6799999475479126,1.590000033378601,0.10000000149011612,-1.090000033378601
-85.178783,35.225917,0,-2,4,2019,96,264,0.691095769405365,0.09486832980505139,0,0,0,1,0,0,0,0.4944,0.2566,36.099999129772186,61.29999876022339,166.20000058412552,499.39999708533287,620.2999966442585,1149.5999982655048,2270.5999967455864,0.7257142663002014,0.7086666822433472,0.46744444966316223,25.571428298950195,24.799999237060547,17.72222137451172,13.90999984741211,16.72222137451172,292.3857116699219,291.510009765625,286.81109619140625,36.18333435058594,45.73222351074219,6.860000133514404,6.320000171661377,5.679999828338623,3.9100000858306885
-77.237352,34.722354,0,-2,1,2016,27,7,3.1214284896850586,0.0,0,0,0,0,0,0,1,0.5038,0.2837,50.70000076293945,88.10000085830688,102.71416619420052,196.16855865716934,397.2392065823078,953.153128772974,1746.019606769085,0.36142855882644653,0.43936610221862793,0.604957103729248,30.428571701049805,26.802339553833008,20.964599609375,14.699103355407715,16.6721248626709,284.1571350097656,285.1172790527344,291.4407043457031,41.10159683227539,44.236412048339844,3.3499999046325684,3.6700000762939453,2.759999990463257,2.390000104904175
-77.586717,34.9153,0,-2,4,2019,105,21,0.8542003035545349,0.0,1,0,0,0,0,0,0,0.6745,0.4177,29.09999990463257,74.79999822378159,105.19999840855598,182.59999823570251,250.89999940991402,593.0999988019466,2207.899993032217,0.8642857074737549,0.8029999732971191,0.667888879776001,24.714284896850586,28.03333282470703,25.366666793823242,15.24333381652832,15.976666450500488,298.6000061035156,294.433349609375,291.5555419921875,37.66666793823242,37.87888717651367,4.25,4.639999866485596,5.800000190734863,5.869999885559082
-81.7427,27.8553,0,-2,2,2016,50,54,0.5119739770889282,0.042426406871192854,0,0,0,0,0,1,0,0.47650000000000003,0.3088,40.20000076293945,62.0,132.80000257492065,265.79081735014915,306.22932800650597,683.2552253007889,1663.542251855135,0.6642857193946838,0.6470000147819519,0.7550337314605713,24.85714340209961,22.933332443237305,24.42469596862793,17.106666564941406,16.787736892700195,296.9285583496094,294.8699951171875,297.1892395019531,46.223331451416016,48.34739685058594,3.069999933242798,2.0199999809265137,2.0299999713897705,1.9700000286102295
-86.919,31.296,0,-2,5,2019,124,101,0.030064396560192108,0.09,1,0,0,0,0,0,0,0.8079000000000001,0.5883,20.5,71.5,240.59999811649323,309.5999978482723,423.29999670386314,973.9999975860119,2166.799995213747,1.164285659790039,1.0233333110809326,0.871222198009491,26.571428298950195,25.733333587646484,28.55555534362793,16.299999237060547,14.9622220993042,303.5142822265625,300.51666259765625,296.90887451171875,42.77000045776367,42.398887634277344,2.940000057220459,2.799999952316284,4.429999828338623,3.450000047683716
-83.68766667,32.09850278,0,-2,9,2018,268,146,0.027579132467508316,0.09,0,0,0,0,0,0,1,0.7684000000000001,0.532,0.0,25.5,64.79999923706055,203.80000072717667,364.5999997854233,742.8000023365021,1163.4000030457973,1.2799999713897705,1.1519999504089355,0.9693333506584167,27.14285659790039,21.96666717529297,17.788888931274414,17.079999923706055,17.921112060546875,306.25714111328125,305.8999938964844,305.3277893066406,47.75,51.80888748168945,1.6799999475479126,1.7699999809265137,-1.059999942779541,-1.7599999904632568
-83.05842222,32.58184444,0,-2,4,2017,92,109,0.4970204830169678,0.09,1,0,0,0,0,0,0,0.6181,0.2827,1.7000000476837158,1.7000000476837158,24.40000006556511,84.49999937415123,198.799999833107,511.49999833106995,967.2999975979328,1.3285714387893677,0.9653333425521851,0.7649999856948853,38.42856979370117,34.56666564941406,25.955554962158203,14.026666641235352,16.139999389648438,302.1000061035156,295.7799987792969,294.1266784667969,35.5533332824707,39.15444564819336,-1.6100000143051147,-1.0499999523162842,-2.2699999809265137,-1.1299999952316284
-87.333,32.62,0,-2,9,2017,257,101,5.72821569442749,0.03,0,1,0,0,0,0,0,0.7080000000000001,0.42350000000000004,21.100000768899918,46.30000153183937,92.40000155568123,215.90000113844872,570.9999975860119,1063.9999932348728,1651.6999933421612,0.8285714387893677,0.9943333268165588,1.0086666345596313,22.714284896850586,20.799999237060547,16.03333282470703,17.239999771118164,17.831111907958984,297.78570556640625,302.6099853515625,304.1499938964844,47.31999969482422,50.10444259643555,3.299999952316284,3.2300000190734863,-1.3300000429153442,-2.25
-82.89256944,32.83749722,0,-2,2,2017,31,113,3.124456270597875E-4,0.15297058540778355,0,0,1,0,0,0,0,0.684,0.2514,4.099999904632568,94.2999977171421,186.29999580979347,409.69999834895134,430.7999979555607,603.2999963760376,1073.8999994397163,0.6757142543792725,0.6073333024978638,0.6816666722297668,21.428571701049805,16.600000381469727,25.244443893432617,18.600000381469727,17.0,289.6856994628906,291.60333251953125,291.89776611328125,43.52000045776367,40.23666763305664,-1.309999942779541,-2.5799999237060547,-2.2899999618530273,-1.0499999523162842
-82.5779,28.8598,0,-2,1,2016,3,11,0.17731018364429474,0.042426406871192854,0,0,0,0,1,0,0,0.7529,0.3407,29.439407229423523,29.99052745103836,40.94405859708786,98.49684956669807,110.60183098912239,985.014563113451,1476.2012630999088,0.7215819358825684,0.7346318364143372,0.7403384447097778,18.21964454650879,20.983139038085938,19.986894607543945,18.52342414855957,18.70138168334961,298.0331115722656,299.4784851074219,300.92242431640625,52.121299743652344,53.242210388183594,1.600000023841858,2.2200000286102295,3.0199999809265137,1.6299999952316284
-83.26310278,33.06638889,0,-2,3,2017,78,116,1.8509304523468018,0.03,0,0,0,0,0,0,1,0.5288,0.2102,8.899999856948853,20.0,38.20000010728836,199.39999914169312,362.0999980568886,524.7999966144562,1105.299995392561,0.6128571629524231,0.7850000262260437,0.6767777800559998,31.571428298950195,30.566667556762695,22.788888931274414,14.186666488647461,16.866666793823242,287.6142883300781,293.21331787109375,292.14556884765625,34.96666717529297,39.3922233581543,-1.600000023841858,-1.350000023841858,-3.0799999237060547,-1.5
-82.736933,35.785833,0,-2,4,2017,107,532,0.25428783893585205,0.03,0,0,0,0,0,0,1,0.5975,0.2514,2.599999964237213,16.19999986886978,79.50000065565109,156.70000052452087,249.60000106692314,391.50000190734863,812.9000005126,1.2300000190734863,0.8443333506584167,0.6268888711929321,28.85714340209961,23.299999237060547,22.811111450195312,16.360000610351562,16.535554885864258,299.9142761230469,294.5433349609375,289.66778564453125,37.38999938964844,36.65999984741211,-3.5899999141693115,-3.819999933242798,-3.619999885559082,-2.5799999237060547
-82.897425,33.87167778,0,-2,1,2016,17,158,0.0,0.042426406871192854,0,1,0,0,0,0,0,0.7442000000000001,0.27340000000000003,29.600000143051147,34.700000047683716,319.91503977775574,395.73356223106384,630.9343509674072,1072.7563540637493,1744.3269640803337,0.572857141494751,0.49965694546699524,0.5414255857467651,21.14285659790039,13.552817344665527,15.382444381713867,17.831878662109375,18.526330947875977,286.3428649902344,288.60064697265625,291.7465515136719,46.55487823486328,47.216732025146484,4.599999904632568,2.809999942779541,1.4500000476837158,0.7900000214576721
-81.91206944,32.52371944,0,-2,2,2016,49,92,0.31324243545532227,0.042426406871192854,0,0,0,0,0,0,1,0.5756,0.2997,21.299999237060547,29.899999022483826,172.90000131726265,239.3945715725422,298.8369216620922,634.666511029005,1250.6821239888668,0.5557143092155457,0.4986666738986969,0.5256761908531189,29.14285659790039,23.133333206176758,21.236371994018555,16.84000015258789,17.316173553466797,289.1571350097656,288.7133483886719,290.9497985839844,43.253334045410156,46.306304931640625,0.7300000190734863,0.800000011920929,0.20000000298023224,0.6299999952316284
-82.611844,35.851294,0,-2,3,2017,89,691,1.030873417854309,0.042426406871192854,1,0,0,0,0,0,0,0.5441,0.27040000000000003,34.69999945163727,80.1999980211258,123.49999785423279,167.19999754428864,281.6999981999397,438.5999990105629,969.0999982953072,0.7614285349845886,0.5839999914169312,0.507444441318512,23.85714340209961,25.16666603088379,22.83333396911621,15.670000076293945,16.421112060546875,293.6142883300781,287.2900085449219,286.1722106933594,33.503334045410156,37.11888885498047,-3.5899999141693115,-3.509999990463257,-3.450000047683716,-2.2100000381469727
-81.92847329,29.17609548,0,-2,5,2019,127,23,0.08520154654979706,0.09486832980505139,0,0,0,0,1,0,0,0.656,0.3814,77.70000147819519,89.70000147819519,145.700002014637,185.60000213980675,227.00000193715096,637.7000009119511,1703.999996393919,1.1100000143051147,1.1896666288375854,1.011888861656189,27.428571701049805,28.100000381469727,28.399999618530273,15.456666946411133,15.482222557067871,304.0428466796875,302.99334716796875,300.3666687011719,40.25,41.88888931274414,2.950000047683716,3.0999999046325684,4.150000095367432,3.1700000762939453
-87.705,30.984,0,-2,3,2017,59,68,0.07103904336690903,0.03,1,0,0,0,0,0,0,0.6255000000000001,0.2864,8.0,41.899999141693115,71.0999983549118,390.3999961614609,565.6999962627888,741.6999969184399,1886.300002783537,0.8142856955528259,0.6916666626930237,0.6204444169998169,32.0,24.66666603088379,20.322221755981445,15.75333309173584,17.031110763549805,296.22857666015625,294.7033386230469,292.7489013671875,43.84000015258789,46.25777816772461,1.3899999856948853,2.130000114440918,0.9200000166893005,2.609999895095825
-83.07060833,32.18110278,0,-2,1,2018,14,93,0.0,0.06,0,0,0,0,0,1,0,0.43560000000000004,0.2359,27.29999977350235,27.29999977350235,40.599999845027924,123.7000008225441,170.70000004768372,459.9999997317791,1088.8000003099442,0.46142858266830444,0.5053333044052124,0.6386666893959045,30.14285659790039,30.433332443237305,26.755556106567383,14.233333587646484,16.371110916137695,289.8857116699219,287.6099853515625,291.804443359375,39.686668395996094,40.470001220703125,-1.9600000381469727,-1.6799999475479126,-1.1699999570846558,-1.1200000047683716
-79.197313,35.748475,0,-2,3,2019,85,165,0.5221837759017944,0.03,0,0,0,0,0,0,1,0.5812,0.2973,42.19999933242798,49.899999141693115,106.99999850988388,233.9000001847744,352.1000013053417,808.2000015377998,1934.90001013875,0.6714285612106323,0.5173333287239075,0.4556666612625122,23.428571701049805,19.96666717529297,18.811111450195312,16.316667556762695,17.197778701782227,290.5857238769531,287.989990234375,286.66888427734375,43.0966682434082,44.58000183105469,6.099999904632568,5.960000038146973,6.170000076293945,3.3499999046325684
-79.97715,34.206718,0,-2,8,2017,225,52,0.19608832895755768,0.0,0,0,0,0,0,0,1,0.7240000000000001,0.4539,54.900001525878906,89.50000214576721,198.8000009059906,425.80000227689743,549.1000002920628,794.2000027000904,1532.0000048577785,0.9014285802841187,1.037333369255066,1.1524444818496704,9.428571701049805,14.5,19.655555725097656,18.226667404174805,17.04222297668457,303.5571594238281,304.75,304.6099853515625,49.18000030517578,45.947776794433594,3.9600000381469727,3.569999933242798,2.7699999809265137,4.179999828338623
-79.42906,35.128598,0,-2,2,2016,46,100,0.0,0.0,0,0,0,0,0,0,1,0.3776,0.20670000000000002,36.500001549720764,93.80000233650208,128.1000018119812,277.2503211200237,372.1612487733364,819.4354133307934,1434.407842516899,0.3142857253551483,0.4099999964237213,0.44546517729759216,33.0,24.366666793823242,19.607805252075195,15.733333587646484,17.2919921875,278.55712890625,282.8699951171875,287.2702941894531,40.70333480834961,45.74123001098633,2.619999885559082,2.7899999618530273,1.2100000381469727,-0.8700000047683716
-76.601351,35.477474,0,-2,2,2017,43,8,0.20956966280937195,0.0,0,0,0,0,0,0,1,0.4319,0.18050000000000002,19.90000009536743,20.20000010728836,48.79999953508377,173.10000148415565,240.20000019669533,1065.4000058472157,1848.1000028848648,0.7457142472267151,0.5256666541099548,0.45811110734939575,18.85714340209961,19.266666412353516,19.96666717529297,17.376667022705078,17.778888702392578,292.3143005371094,288.94000244140625,287.7033386230469,44.7933349609375,48.35444259643555,4.820000171661377,4.949999809265137,5.920000076293945,3.8299999237060547
-79.111556,35.29212,0,-2,4,2017,101,109,0.35634398460388184,0.0,1,0,0,0,0,0,0,0.6839000000000001,0.4398,14.400000214576721,57.200000405311584,90.80000001192093,114.90000021457672,141.10000044107437,307.8999993503094,1396.700001358986,0.9985714554786682,0.8703333139419556,0.7674444317817688,30.428571701049805,31.83333396911621,29.700000762939453,14.25,14.655555725097656,295.71429443359375,293.74334716796875,292.16888427734375,34.47333526611328,34.33222198486328,1.159999966621399,1.7999999523162842,3.3499999046325684,2.7100000381469727
-89.22598427,32.05847795,0,-2,11,2016,329,130,0.9176270961761475,0.0,1,0,0,0,0,0,0,0.7299,0.3755,0.0,0.0,4.799999952316284,17.600000143051147,67.2000005543232,418.4000007212162,1331.9429643154144,0.837142825126648,0.9753333330154419,1.1574444770812988,35.14285659790039,32.733333587646484,29.766666412353516,15.946666717529297,16.032222747802734,293.6428527832031,297.4966735839844,302.08221435546875,31.073333740234375,36.086666107177734,-2.309999942779541,-1.4900000095367432,0.9800000190734863,1.909999966621399
-80.5503,27.7081,0,-2,3,2017,77,10,0.0,0.24186773244895649,0,0,0,0,1,0,0,0.7209,0.4549,29.100000858306885,30.500000834465027,55.90000116825104,93.2000005543232,114.20000040531158,378.09999921917915,1441.3999952375889,0.7571428418159485,0.8613333106040955,0.8379999995231628,24.571428298950195,26.200000762939453,22.94444465637207,16.513334274291992,17.48555564880371,296.3571472167969,298.9200134277344,298.8888854980469,42.85333251953125,43.411109924316406,-2.2899999618530273,-1.9600000381469727,1.1299999952316284,2.5
-81.76783333,33.12544444,0,-2,3,2016,77,73,0.0,0.0,0,0,0,0,0,0,1,0.3261,0.1578,0.0,0.0,68.10000020265579,193.90000134706497,283.4713310599327,650.3900685310364,1199.3755906820297,1.4385714530944824,0.8963333368301392,0.6559370756149292,34.14285659790039,28.0,24.149118423461914,15.766666412353516,16.311731338500977,302.1000061035156,295.7066650390625,291.1991271972656,36.42333221435547,41.28041076660156,1.4299999475479126,1.090000033378601,1.440000057220459,-1.3799999952316284
-89.33727778,32.72777778,0,-2,9,2016,271,158,0.18832039833068848,0.03,0,0,0,1,0,0,0,0.6833,0.3977,3.1999999284744263,3.1999999284744263,3.799999952316284,132.90000063180923,299.5000016093254,499.6000036895275,1588.4628105461597,1.6557142734527588,1.433333396911621,1.2914444208145142,29.571428298950195,29.46666717529297,24.08888816833496,15.739999771118164,16.532222747802734,307.4285583496094,306.836669921875,306.89776611328125,40.02000045776367,45.122222900390625,-0.14000000059604645,0.949999988079071,1.100000023841858,2.130000114440918
-81.989,30.063,0,-2,1,2016,29,30,0.0,0.12,0,1,0,0,0,0,0,0.7788,0.3608,8.800000190734863,39.00000101327896,77.7728824019432,110.86966919898987,233.3957046866417,675.945963203907,1398.721626162529,0.4942857325077057,0.5163333415985107,0.7330078482627869,22.714284896850586,22.415767669677734,23.50129508972168,17.497453689575195,17.173940658569336,289.6285705566406,289.9556579589844,295.782958984375,45.5404167175293,47.36107635498047,1.6200000047683716,1.8300000429153442,1.4900000095367432,0.7900000214576721
-81.471878,33.415257,0,-2,9,2018,266,113,0.09743528813123703,0.0,0,0,0,0,0,0,1,0.7187,0.4113,44.400000751018524,86.50000154972076,86.8000015616417,291.79999712109566,507.6999956071377,985.2999942302704,1366.899994134903,1.1871428489685059,1.2023333311080933,1.108888864517212,19.14285659790039,22.33333396911621,16.877777099609375,17.079999923706055,17.956666946411133,306.1571350097656,306.1966552734375,305.9322204589844,45.72333526611328,47.48444366455078,2.9200000762939453,3.2899999618530273,1.3799999952316284,-1.6799999475479126
-82.76579722,30.72901944,0,-2,4,2016,113,40,0.0,0.042426406871192854,0,0,0,0,1,0,0,0.7026,0.387,8.299999952316284,34.800000071525574,146.09999775886536,193.39999783039093,278.69999611377716,469.10070326924324,1154.6756880879402,1.072857141494751,0.9070000052452087,0.8343333601951599,29.714284896850586,25.766666412353516,28.266666412353516,16.003334045410156,15.667778015136719,300.1428527832031,298.6266784667969,296.304443359375,43.143333435058594,40.22333526611328,-1.6699999570846558,-1.909999966621399,-1.690000057220459,1.0499999523162842
-84.59219722,34.42211944,0,-2,11,2019,319,380,0.0728481337428093,0.03,1,0,0,0,0,0,0,0.6608,0.3166,29.600000023841858,40.799999833106995,237.6999967098236,260.1999965310097,320.9999974966049,626.3999984264374,1656.1000001430511,0.46857142448425293,0.5550000071525574,1.0954444408416748,21.85714340209961,23.733333587646484,29.35555648803711,17.200000762939453,15.363333702087402,284.5142822265625,290.4800109863281,299.2789001464844,41.88999938964844,39.87111282348633,-1.0,0.5699999928474426,2.5199999809265137,3.7100000381469727
-81.420864,35.786495,0,-2,4,2017,117,339,2.9235970973968506,0.0,0,0,0,0,0,0,1,0.6904,0.45630000000000004,147.90000474452972,160.70000484585762,236.00000450015068,328.20000436902046,353.3000046312809,576.3000053465366,1128.6000097095966,0.645714282989502,0.8853333592414856,0.7931110858917236,14.428571701049805,27.633333206176758,32.11111068725586,15.069999694824219,13.637777328491211,294.471435546875,295.2733459472656,291.68890380859375,45.8033332824707,35.04888916015625,-3.130000114440918,-3.609999895095825,-2.9100000858306885,-1.590000033378601
-92.7304,30.9068,0,-2,6,2019,162,52,0.0013269498012959957,0.03,1,0,0,0,0,0,0,0.8504,0.4535,44.29999923706055,62.099999487400055,140.0999979674816,434.7000043094158,652.8000000417233,1028.2000018060207,1814.3000014424324,0.8028571605682373,0.9919999837875366,0.8256666660308838,21.285715103149414,22.600000381469727,22.933332443237305,16.633333206176758,16.843334197998047,303.8285827636719,304.3233337402344,299.8299865722656,52.119998931884766,50.018890380859375,2.1600000858306885,1.3899999856948853,0.6200000047683716,0.7200000286102295
-85.761683,35.347483,0,-2,4,2017,99,586,7.661498384550214E-4,0.0670820393249937,0,0,0,0,0,0,1,0.5033,0.2093,31.299999952316284,88.49999976158142,154.7000002861023,298.80000042915344,454.2000006735325,819.1000024676323,1257.5000041127205,0.6371428370475769,0.5706666707992554,0.4363333284854889,14.857142448425293,17.433332443237305,16.011110305786133,17.393333435058594,18.0222225189209,292.1000061035156,289.7733459472656,287.70001220703125,43.453330993652344,48.619998931884766,-3.549999952316284,-3.940000057220459,-4.690000057220459,-3.369999885559082
-93.4947,30.5419,0,-2,3,2016,80,33,0.006231576204299927,0.21,1,0,0,0,0,0,0,0.77,0.4157,6.199999809265137,75.60000109672546,95.30000111460686,163.70000144839287,284.13643714785576,837.8852569460869,1518.539516568184,0.9871428608894348,0.7916666865348816,0.6312970519065857,24.428571701049805,23.266666412353516,22.077594757080078,16.863332748413086,17.11870574951172,297.5142822265625,296.49334716796875,292.92498779296875,48.03666687011719,48.086483001708984,0.05999999865889549,-0.09000000357627869,-0.6100000143051147,-1.4299999475479126
-82.6927,28.382,0,-2,4,2016,100,2,1.8224964141845703,0.03,0,0,0,0,0,0,0,0.5898,0.3183,23.00000038743019,58.300000578165054,126.40000131726265,153.8000012934208,303.3000014126301,415.17615407705307,1631.2347799241543,0.704285740852356,0.7693333625793457,0.6259999871253967,17.14285659790039,17.133333206176758,16.91111183166504,19.183332443237305,19.25111198425293,297.3999938964844,298.9866638183594,295.59332275390625,64.93333435058594,61.45333480834961,3.890000104904175,4.28000020980835,4.630000114440918,6.320000171661377
-82.47944444,31.55861111,0,-2,5,2018,142,64,0.08082873374223709,0.0,0,0,0,0,0,0,1,0.42850000000000005,0.2893,40.79999914765358,102.39999762177467,107.29999762773514,194.0999967455864,257.6999953389168,452.29999697208405,1184.1999978721142,0.8571428656578064,1.2596666812896729,0.9791111350059509,21.14285659790039,34.06666564941406,33.66666793823242,14.033332824707031,14.095555305480957,302.27142333984375,302.1833190917969,297.9200134277344,38.11000061035156,38.85333251953125,-1.8300000429153442,-1.850000023841858,-0.8600000143051147,1.059999942779541
-80.88432,35.98833,0,-2,2,2016,46,306,0.5643738508224487,0.10816653826391967,1,0,0,0,0,0,0,0.5867,0.3398,19.799999952316284,58.299999952316284,91.29999977350235,251.57321909070015,377.7602768242359,772.7566630244255,1353.2544961869717,0.2800000011920929,0.36133334040641785,0.3969614803791046,32.0,22.733333587646484,18.26516342163086,15.373332977294922,17.546072006225586,275.20001220703125,280.4766540527344,285.0858459472656,37.96666717529297,43.01522445678711,3.0,2.9200000762939453,-0.7300000190734863,-1.899999976158142
-80.467308,33.73819,0,-2,1,2016,26,57,0.8793123364448547,0.0,0,0,0,0,0,0,1,0.4978,0.27540000000000003,26.600000381469727,48.50000113248825,69.30350857973099,163.13187882304192,274.9701001942158,1157.2264907062054,1645.7658205628395,0.3199999928474426,0.44385433197021484,0.5347402691841125,26.0,24.00507354736328,20.216772079467773,15.433526039123535,17.24032211303711,283.24285888671875,285.8051452636719,290.8214111328125,43.430885314941406,47.66185760498047,4.429999828338623,4.570000171661377,3.880000114440918,-0.9399999976158142
-80.759022,35.56316,0,-2,3,2018,76,240,0.6356485486030579,0.03,0,0,0,0,0,0,1,0.4043,0.2107,28.199999809265137,50.19999980926514,77.09999978542328,195.79999923706055,230.49999952316284,363.6000006198883,1221.700006812811,0.5757142901420593,0.5483333468437195,0.4483333230018616,23.714284896850586,22.53333282470703,25.299999237060547,16.09666633605957,16.102222442626953,286.0857238769531,288.5833435058594,285.2099914550781,43.95000076293945,39.33777618408203,-1.440000057220459,-1.600000023841858,0.6299999952316284,2.0199999809265137
-78.620818,36.233615,0,-2,7,2016,203,127,0.0,0.03,0,0,0,1,0,0,0,0.8269000000000001,0.5713,32.39999961853027,59.89999961853027,206.9999991953373,318.20000115036964,472.1000021100044,693.1000009179115,1385.4571644067764,0.9885714054107666,0.8926666378974915,0.8466666340827942,14.428571701049805,15.100000381469727,20.177778244018555,18.386667251586914,16.91666603088379,304.9142761230469,303.7200012207031,300.52777099609375,53.03666687011719,49.893333435058594,3.0999999046325684,2.2699999809265137,1.6399999856948853,2.319999933242798
-80.365026,35.71458,0,-2,9,2016,261,214,0.15680991113185883,0.21633307652783934,0,1,0,0,0,0,0,0.8124,0.3881,0.0,0.0,28.799999713897705,127.29999873042107,220.89999824762344,515.0999981462955,1280.7725073993206,1.0242857933044434,1.1943333148956299,1.1575555801391602,32.0,26.866666793823242,24.16666603088379,15.863333702087402,16.309999465942383,303.81427001953125,304.4033203125,305.2288818359375,42.85333251953125,45.813331604003906,1.0,1.5,1.940000057220459,2.640000104904175
-80.602623,35.797205,0,-2,4,2017,108,203,0.31349483132362366,0.03,1,0,0,0,0,0,0,0.7124,0.4954,1.699999988079071,20.80000075697899,75.20000120997429,127.30000054836273,213.69999885559082,363.9000020623207,1016.4999992847443,1.2114286422729492,0.9463333487510681,0.7450000047683716,36.71428680419922,31.299999237060547,28.744443893432617,14.356666564941406,14.896666526794434,299.5714416503906,295.92999267578125,291.5755615234375,35.96333312988281,33.106666564941406,-2.609999895095825,-2.4100000858306885,-2.0799999237060547,-1.090000033378601
-82.600109,35.613399,0,-2,5,2018,144,652,1.5265469551086426,0.0,0,0,0,0,0,0,1,0.7284,0.5174,55.20000019669533,139.40000215172768,165.70000210404396,248.60000202059746,341.20000156760216,546.6000011861324,1107.7000035643578,0.8514285683631897,0.9126666784286499,0.6846666932106018,16.85714340209961,26.366666793823242,27.077777862548828,15.966666221618652,15.053333282470703,300.1428527832031,298.53668212890625,291.6977844238281,44.676666259765625,42.82222366333008,0.9100000262260437,0.699999988079071,0.9399999976158142,1.6299999952316284
-80.229034,34.206379,0,-2,10,2018,273,62,0.587010383605957,0.0,0,0,0,0,0,0,1,0.5574,0.35400000000000004,73.8999992609024,75.19999921321869,258.00000178813934,325.40000158548355,408.3000004887581,751.4000001549721,1124.7000008523464,0.6585714221000671,1.034333348274231,1.0743333101272583,12.142857551574707,17.399999618530273,19.96666717529297,19.046667098999023,17.729999542236328,303.028564453125,304.9200134277344,305.348876953125,49.98999786376953,47.891109466552734,-1.6299999952316284,-1.909999966621399,-1.8200000524520874,-2.0799999237060547
-88.447667,35.829433,0,-2,3,2018,75,156,0.016511578112840652,0.12369316876852982,1,0,0,0,0,0,0,0.47850000000000004,0.2601,16.799999713897705,32.09999942779541,267.3999938964844,436.4999923110008,663.4999927282333,857.7999916374683,1728.1999866962433,0.5671428442001343,0.5233333110809326,0.3737777769565582,19.571428298950195,11.133333206176758,16.688888549804688,18.736665725708008,18.226667404174805,288.22857666015625,289.5133361816406,283.4800109863281,45.90999984741211,46.0977783203125,3.890000104904175,2.5999999046325684,1.9700000286102295,2.5299999713897705
-77.754112,36.211261,0,-2,3,2016,67,43,0.0,0.03,0,0,0,0,0,0,1,0.4917,0.2559,13.199999749660492,38.39999979734421,96.29999965429306,234.80000123381615,355.08218771219254,694.6023228168488,1260.5446557998657,0.4414285719394684,0.43533334136009216,0.42266571521759033,21.714284896850586,24.16666603088379,19.59170150756836,15.643333435058594,17.413511276245117,286.25714111328125,284.7099914550781,286.00494384765625,38.619998931884766,46.310665130615234,2.759999990463257,2.2899999618530273,1.9900000095367432,1.350000023841858
-90.50291121,31.77599913,0,-2,8,2019,218,110,0.0,0.042426406871192854,0,0,0,1,0,0,0,0.7588,0.4938,18.400000274181366,28.900000274181366,253.899997651577,358.29999750852585,540.299997985363,966.5999976694584,1916.2999974191189,1.0714285373687744,1.035333275794983,1.059999942779541,15.0,14.333333015441895,18.91111183166504,18.510000228881836,17.399999618530273,306.4571533203125,305.6766662597656,304.97222900390625,52.163333892822266,50.689998626708984,2.7799999713897705,2.0899999141693115,1.5499999523162842,2.380000114440918
-82.411728,34.380306,0,-2,1,2017,17,211,0.06975505501031876,0.0,0,0,0,0,0,0,1,0.46340000000000003,0.2524,0.4000000059604645,14.699999839067459,76.89999875426292,172.2999982535839,184.19999834895134,373.0999982357025,837.5999984443188,0.6871428489685059,0.4636666774749756,0.6785555481910706,24.428571701049805,20.933332443237305,29.366666793823242,17.626667022705078,15.917778015136719,293.3571472167969,287.20001220703125,290.2799987792969,47.39666748046875,37.36777877807617,-3.359999895095825,-3.2799999713897705,-2.2200000286102295,1.2999999523162842
-81.5574,30.5886,0,-2,4,2016,93,5,0.9854386448860168,0.03,0,0,0,0,1,0,0,0.6359,0.3536,53.69999980926514,66.09999990463257,111.49999976158142,257.40000212192535,319.70000237226486,467.5187629163265,1512.6018785834312,1.1428571939468384,0.9160000085830688,0.7335555553436279,25.285715103149414,30.100000381469727,30.322221755981445,15.520000457763672,15.264444351196289,300.24285888671875,298.413330078125,293.78887939453125,45.869998931884766,42.98555374145508,1.6100000143051147,1.8200000524520874,2.190000057220459,2.5899999141693115
-90.13,30.7894,0,-2,2,2016,45,48,0.06594342738389969,0.1341640786499874,1,0,0,0,0,0,0,-0.0082,-0.0059,0.6000000238418579,21.49999964237213,94.99999964237213,339.69869697093964,509.7589349746704,919.3895609974861,1908.1599183380604,0.645714282989502,0.6043333411216736,0.5896879434585571,33.71428680419922,22.5,18.877609252929688,16.469999313354492,17.921276092529297,291.79998779296875,290.9100036621094,292.3208312988281,38.72333526611328,45.23598861694336,1.4900000095367432,1.7699999809265137,-1.0099999904632568,-0.8100000023841858
-81.458282,33.217098,0,-2,2,2016,54,77,0.17239268124103546,0.0,0,0,0,0,0,0,1,0.4601,0.21760000000000002,34.5,69.79999923706055,169.29999762773514,228.45528388023376,287.0611091554165,750.0028586685658,1395.7888667285442,0.6528571248054504,0.5910000205039978,0.5965858101844788,24.571428298950195,24.933332443237305,23.837547302246094,16.309999465942383,16.477102279663086,293.31427001953125,289.9333190917969,290.74932861328125,40.91999816894531,43.14253234863281,1.7400000095367432,1.6200000047683716,2.0299999713897705,-1.350000023841858
-75.880983,35.689583,0,-2,2,2017,43,5,0.0,0.03,0,0,0,0,1,0,0,0.5516,0.2617,23.899999856948853,28.49999988079071,72.70000022649765,170.60000044107437,226.79999977350235,953.799997985363,1884.3999990820885,0.7785714268684387,0.5426666736602783,0.4771111011505127,13.571428298950195,12.966666221618652,13.644444465637207,18.21666717529297,19.165555953979492,292.4571533203125,288.6966552734375,287.8599853515625,42.5533332824707,45.82222366333008,5.659999847412109,5.800000190734863,6.78000020980835,4.980000019073486
-82.448,31.14947222,0,-2,5,2019,124,46,0.1847294121980667,0.03,0,0,0,0,1,0,0,0.6308,0.3427,12.000000238418579,14.100000143051147,42.20000022649765,85.3999993801117,162.49999749660492,681.0000069141388,1740.500007212162,1.3285714387893677,1.1059999465942383,0.8576666712760925,35.57143020629883,30.266666412353516,27.66666603088379,14.703332901000977,15.448888778686523,303.81427001953125,301.36334228515625,297.4033203125,39.66666793823242,42.502220153808594,3.4600000381469727,4.039999961853027,5.150000095367432,2.930000066757202
-82.550203,35.860518,0,-2,3,2018,80,846,0.03672782704234123,0.0670820393249937,1,0,0,0,0,0,0,0.5346000000000001,0.2444,15.300000190734863,33.60000056028366,84.90000027418137,186.40000095963478,244.500000923872,573.8000006377697,1398.9000090956688,0.5771428346633911,0.4703333377838135,0.38100001215934753,22.14285659790039,19.133333206176758,21.077777862548828,15.949999809265137,16.670000076293945,287.6571350097656,285.5033264160156,282.4533386230469,42.266666412353516,39.31111145019531,2.2100000381469727,2.369999885559082,2.7200000286102295,2.1500000953674316
-82.11808611,32.319225,0,-2,1,2017,18,67,0.06412497907876968,0.06,0,0,0,0,1,0,0,0.558,0.2601,0.0,11.899999618530273,53.799998462200165,223.99999821186066,223.99999821186066,691.2999940812588,1416.6999941766262,0.918571412563324,0.640999972820282,0.7599999904632568,26.428571701049805,23.299999237060547,29.899999618530273,17.27666664123535,15.998888969421387,298.1856994628906,292.3566589355469,293.8699951171875,45.39666748046875,39.225555419921875,0.5199999809265137,0.15000000596046448,-0.550000011920929,0.5600000023841858
-77.580546,34.832597,0,-2,11,2018,323,28,2.331521987915039,0.03,0,0,0,0,0,0,1,0.6396000000000001,0.3416,22.399999380111694,110.49999922513962,171.49999850988388,223.9999983906746,875.6999979019165,1701.2999974787235,2391.7000022232533,0.39714285731315613,0.5400000214576721,0.8274444341659546,9.714285850524902,15.199999809265137,15.833333015441895,19.40333366394043,18.397777557373047,289.971435546875,292.88665771484375,300.064453125,48.393333435058594,49.768890380859375,6.849999904632568,7.409999847412109,4.610000133514404,1.3300000429153442
-76.967138,35.722897,0,-2,4,2016,103,15,0.13902553915977478,0.12,0,0,0,0,1,0,0,0.6617000000000001,0.3104,23.899999916553497,40.39999955892563,83.09999892115593,141.09999871253967,347.29999497532845,645.3064364492893,1502.5359835922718,0.6085714101791382,0.7736666798591614,0.5745555758476257,29.714284896850586,28.566667556762695,24.955554962158203,15.016666412353516,15.727777481079102,291.1856994628906,293.40667724609375,288.618896484375,42.779998779296875,44.27333450317383,2.890000104904175,3.740000009536743,2.5899999141693115,1.4600000381469727
-89.50226505,31.06520154,0,-2,1,2017,20,113,0.02183029241859913,0.0670820393249937,1,0,0,0,0,0,0,0.7615000000000001,0.32380000000000003,81.79999935626984,84.8999992609024,271.2000007927418,453.30000004172325,472.2000001370907,804.3999995291233,1843.2999977767467,0.8928571343421936,0.637666642665863,0.7210000157356262,16.85714340209961,16.0,22.766666412353516,17.60333251953125,17.237777709960938,298.21429443359375,293.6233215332031,294.522216796875,51.276668548583984,44.34000015258789,1.4700000286102295,1.2599999904632568,2.5199999809265137,1.7799999713897705
-81.1614,26.0267,0,-2,8,2018,225,9,5.1303730288054794E-5,3.085190431723786,0,0,0,0,1,0,0,0.4908,0.25880000000000003,36.50000041723251,60.60000014305115,149.4000005722046,328.399999499321,686.5000021457672,775.8000032901764,1633.2000128626823,0.8628571629524231,0.9246666431427002,0.8147777915000916,11.428571701049805,11.933333396911621,9.477777481079102,18.219999313354492,19.27111053466797,306.5142822265625,306.5133361816406,305.5411071777344,57.336666107177734,58.42555618286133,-1.659999966621399,-1.4600000381469727,-2.9700000286102295,2.940000057220459
-80.5162,27.047,0,-2,5,2016,141,15,0.0,0.03,0,0,0,0,1,0,0,0.3153,0.19820000000000002,129.50000166893005,129.50000166893005,159.4000019133091,222.70000186562538,260.7000018656254,739.2979280650616,1534.1424973011017,0.9714285731315613,0.9803333282470703,0.9872221946716309,17.571428298950195,24.5,26.233333587646484,16.906665802001953,16.37444496154785,304.9571533203125,303.2799987792969,301.51666259765625,45.939998626708984,44.36000061035156,3.2799999713897705,3.359999895095825,3.1600000858306885,-2.299999952316284
-80.694633,34.731575,0,-2,4,2017,109,183,4.198855876922607,0.0,0,0,0,0,0,0,1,0.6713,0.3881,9.300000190734863,9.300000190734863,79.80000150203705,129.30000260472298,218.40000107884407,379.2000021636486,1043.5000019669533,1.0657142400741577,0.996999979019165,0.8038889169692993,34.57143020629883,32.86666488647461,30.011110305786133,13.766666412353516,14.551111221313477,299.4285583496094,297.3500061035156,293.1300048828125,38.073333740234375,34.78333282470703,-2.7799999713897705,-2.6600000858306885,-2.059999942779541,-0.949999988079071
-80.7983,25.2619,0,-2,6,2017,157,7,0.010719278827309608,0.06,0,0,0,0,0,0,1,0.5820000000000001,0.3462,101.19999933242798,111.99999928474426,126.89999890327454,247.2999970316887,302.2999962568283,397.29999631643295,1404.9999984502792,0.6100000143051147,0.9240000247955322,0.8911111354827881,13.428571701049805,21.96666717529297,21.955554962158203,17.31333351135254,17.495555877685547,304.3143005371094,305.1333312988281,302.9466552734375,52.72666549682617,49.03555679321289,-0.8199999928474426,-0.7799999713897705,0.550000011920929,0.9900000095367432
-84.67022778,33.03961389,0,-2,4,2016,106,260,0.09647417068481445,0.03,1,0,0,0,0,0,0,0.7016,0.43220000000000003,34.09999942779541,43.79999923706055,181.20000115036964,285.8000023365021,419.0000050663948,1021.0758446455002,1645.2106650173664,0.6000000238418579,0.7856666445732117,0.6672222018241882,22.428571701049805,25.16666603088379,23.100000381469727,15.616666793823242,16.25777816772461,294.1142883300781,295.1866760253906,292.0022277832031,40.15666580200195,39.72666549682617,3.0799999237060547,3.5,3.009999990463257,0.6399999856948853
-83.14658611,31.67829722,0,-2,8,2019,216,112,0.019093794748187065,0.09486832980505139,0,0,0,0,0,0,1,0.7851,0.5813,5.400000095367432,20.100000381469727,101.89999902248383,216.99999883770943,274.39999786019325,457.7999964058399,1237.6999900639057,1.3442857265472412,1.2453333139419556,1.3855555057525635,26.428571701049805,23.933332443237305,28.866666793823242,16.510000228881836,15.30222225189209,306.5428466796875,306.5566711425781,306.39666748046875,44.86000061035156,42.32666778564453,1.409999966621399,1.840000033378601,2.9600000381469727,4.820000171661377
-79.526436,34.659004,0,-2,9,2018,269,51,0.44336777925491333,0.03,0,0,0,0,0,1,0,0.6126,0.35150000000000003,19.700000762939453,388.5999976992607,416.49999728798866,605.599993377924,648.6999933719635,1037.6999924778938,1427.199990928173,0.8728571534156799,1.153333306312561,1.1490000486373901,18.14285659790039,19.46666717529297,20.755556106567383,18.043333053588867,17.377777099609375,304.0142822265625,305.63665771484375,305.6933288574219,49.186668395996094,47.663333892822266,1.2999999523162842,-1.0099999904632568,-1.4700000286102295,-2.180000066757202
-81.530983,36.193967,0,-2,2,2016,56,520,0.15956580638885498,0.03,0,0,0,0,0,0,1,0.4761,0.1792,61.89999961853027,90.39999914169312,171.5999994277954,269.947969019413,445.7359274327755,1056.0632269382477,1728.8738377690315,0.4228571355342865,0.33799999952316284,0.3604719638824463,20.85714340209961,24.366666793823242,19.87612533569336,15.84000015258789,17.001283645629883,285.1714172363281,280.4333190917969,282.4709167480469,45.27333450317383,43.01835250854492,4.579999923706055,4.650000095367432,3.3299999237060547,-0.019999999552965164
-89.6475,34.40055556,0,-2,2,2016,48,120,0.1469583958387375,0.042426406871192854,0,0,1,0,0,0,0,0.4697,0.21830000000000002,69.0,69.0,155.79999870061874,330.15180176496506,425.66306406259537,633.8687425553799,1630.1874864697456,0.4028571546077728,0.4143333435058594,0.4203055202960968,24.428571701049805,17.766666412353516,16.850507736206055,17.34000015258789,18.46623992919922,285.3285827636719,284.5799865722656,286.7457580566406,45.12333297729492,47.503055572509766,1.399999976158142,1.309999942779541,1.1100000143051147,2.309999942779541
-90.8398,30.6781,0,-2,3,2016,60,39,0.31985417008399963,0.03,0,0,0,0,1,0,0,0.5653,0.30910000000000004,19.399999618530273,37.39999961853027,138.3000003695488,266.800001680851,454.64892905950546,1017.8652337789536,1869.6130922436714,0.6442857384681702,0.7206666469573975,0.6036351919174194,22.85714340209961,23.733333587646484,20.42009735107422,15.973333358764648,17.428787231445312,292.8571472167969,293.22332763671875,292.0075988769531,43.150001525878906,46.64862060546875,1.7300000190734863,1.9199999570846558,1.6799999475479126,-0.9900000095367432
-88.045,31.257,0,-2,5,2017,125,24,0.2307732105255127,0.042426406871192854,0,0,0,0,1,0,0,0.7446,0.5411,125.90000009536743,145.69999980926514,145.69999980926514,309.3999974131584,374.6999969482422,946.0999985039234,1490.8999960124493,0.8757143020629883,1.1069999933242798,0.9538888931274414,25.285715103149414,29.799999237060547,28.77777862548828,15.273333549499512,15.144444465637207,299.3857116699219,300.5533447265625,298.2210998535156,38.643333435058594,38.697776794433594,-1.5299999713897705,-1.5,-0.699999988079071,-1.6699999570846558
-78.721829,36.15756,0,-2,12,2019,357,109,0.0,0.09,0,0,0,1,0,0,0,0.6804,0.2702,14.90000033378601,59.90000095963478,92.10000005364418,178.79999935626984,255.69999873638153,498.0000000298023,1219.8000053167343,0.3471428453922272,0.4073333442211151,0.5929999947547913,20.428571701049805,18.5,21.85555648803711,17.73666763305664,17.45111083984375,283.4428405761719,285.60333251953125,291.0411071777344,42.08333206176758,44.11333465576172,1.4700000286102295,1.4800000190734863,3.0299999713897705,4.25
-83.79611111,34.30027778,0,-2,1,2016,29,379,0.31874918937683105,0.0,0,0,0,0,0,0,1,0.47400000000000003,0.164,6.5,67.09999990463257,122.80000057816505,386.98385682702065,627.9222142994404,1047.492698162794,1597.4525218307972,0.38428571820259094,0.3876666724681854,0.472438782453537,22.428571701049805,19.1943302154541,18.148042678833008,15.211738586425781,16.895957946777344,283.55712890625,282.03778076171875,287.51043701171875,42.194854736328125,47.86943054199219,3.0899999141693115,2.0799999237060547,-1.090000033378601,-1.75
-93.5279,30.3407,0,-2,6,2017,152,14,4.6111317351460457E-4,0.03,0,1,0,0,0,0,0,0.7832,0.6228,41.49999976158142,179.09999692440033,402.1999992132187,477.89999878406525,632.2999974489212,948.899999409914,1938.39999127388,0.6357142925262451,0.7443333268165588,0.7583333253860474,15.285714149475098,20.46666717529297,24.11111068725586,17.850000381469727,16.802221298217773,302.3428649902344,301.20001220703125,299.44110107421875,53.959999084472656,51.391109466552734,1.649999976158142,0.07000000029802322,0.8399999737739563,0.5199999809265137
-82.7333,29.356,0,-2,7,2016,204,47,0.0,0.0,0,0,0,0,0,0,1,0.8397,0.4354,53.900000870227814,77.4000015258789,165.7000014781952,502.8999950289726,565.9999943971634,795.9999950528145,1723.1213687062263,1.277142882347107,1.256666660308838,1.2416666746139526,17.428571701049805,20.399999618530273,25.08888816833496,17.036666870117188,16.385555267333984,307.72857666015625,307.5466613769531,305.9222106933594,46.19333267211914,43.385555267333984,0.75,-0.8100000023841858,-1.590000033378601,-1.1799999475479126
-83.27958889,32.12639444,0,-2,8,2016,237,81,0.006226494908332825,0.0,0,0,0,0,0,0,1,0.7163,0.4731,10.099999904632568,20.199999898672104,46.599999845027924,161.70000138878822,297.4000018835068,557.2000017762184,1226.6697289645672,1.518571376800537,1.4639999866485596,1.4763333797454834,29.14285659790039,27.399999618530273,27.377777099609375,14.946666717529297,15.270000457763672,307.8571472167969,307.6666564941406,307.5177917480469,41.60333251953125,40.844444274902344,0.9800000190734863,1.4800000190734863,1.5299999713897705,1.559999942779541
-80.395216,36.28456,0,-2,11,2019,330,306,1.0313576459884644,0.0,0,0,0,0,0,0,1,0.544,0.257,35.9000007212162,41.20000073313713,130.70000159740448,240.10000032186508,259.99999994039536,902.1999978423119,1605.5999968647957,0.45571428537368774,0.4869999885559082,0.8556666374206543,25.85714340209961,25.46666717529297,25.488889694213867,15.510000228881836,16.0222225189209,286.6428527832031,287.0299987792969,295.92333984375,40.106666564941406,40.932220458984375,5.420000076293945,5.21999979019165,6.71999979019165,5.079999923706055
-76.315859,36.214181,0,-2,6,2018,161,7,0.09386961907148361,0.10816653826391967,0,0,0,0,0,1,0,0.5644,0.4249,5.0,66.9000015258789,174.90000116825104,281.40000000596046,381.99999859929085,628.5999995172024,1355.2000005543232,0.8785714507102966,1.0069999694824219,0.8683333396911621,21.85714340209961,19.566667556762695,25.700000762939453,16.816665649414062,15.097777366638184,301.6714172363281,302.7266540527344,296.1977844238281,50.65999984741211,43.36777877807617,1.059999942779541,-0.5799999833106995,-1.25,0.6299999952316284
-81.24625299,26.04872473,0,-2,7,2019,187,8,4.2540767026366666E-5,0.54,1,0,0,0,0,0,0,0.45890000000000003,0.2479,27.600000381469727,110.40000087022781,282.30000030994415,367.19999983906746,425.60000056028366,673.8000017106533,1220.4000018537045,0.977142870426178,0.878333330154419,0.9758889079093933,11.571428298950195,12.433333396911621,19.5,19.356666564941406,17.807777404785156,307.3143005371094,306.79998779296875,305.8277893066406,56.60333251953125,50.56999969482422,-1.409999966621399,-1.3600000143051147,-1.350000023841858,-2.809999942779541
-82.4309,29.1306,0,-2,1,2019,27,24,0.5993434190750122,0.0,0,0,0,0,0,0,1,0.6916,0.3356,85.49999952316284,101.59999990463257,118.7000002861023,483.7999974489212,568.4999964237213,1110.7999989390373,2331.699996381998,0.5799999833106995,0.7103333473205566,0.7648888826370239,17.285715103149414,21.66666603088379,20.05555534362793,17.553333282470703,18.100000381469727,291.3571472167969,294.5366516113281,295.8999938964844,42.79999923706055,43.39777755737305,6.429999828338623,5.679999828338623,4.960000038146973,5.53000020980835
-80.619975,36.410725,0,-2,11,2019,320,388,0.5773838758468628,0.042426406871192854,1,0,0,0,0,0,0,0.6459,0.3215,11.0,14.799999952316284,142.49999970197678,181.69999939203262,207.0999990105629,678.3999975025654,1457.200001090765,0.5299999713897705,0.6043333411216736,0.9670000076293945,33.28571319580078,27.233333587646484,28.577777862548828,15.260000228881836,15.422222137451172,283.4142761230469,289.336669921875,297.41888427734375,36.11666488647461,39.79111099243164,3.2899999618530273,3.240000009536743,5.579999923706055,5.150000095367432
-84.95583333,34.52833333,0,-2,9,2016,258,212,7.274776935577393,0.0,0,0,0,0,0,0,1,0.6466000000000001,0.385,7.0,7.0,34.69999974966049,119.49999865889549,138.69999861717224,311.7999997138977,1248.6094108819962,1.7885714769363403,1.630666732788086,1.5406666994094849,39.28571319580078,33.46666717529297,32.411109924316406,13.833333015441895,14.466666221618652,307.0857238769531,306.739990234375,307.14556884765625,37.06666564941406,40.87555694580078,-3.190000057220459,-2.799999952316284,-1.5199999809265137,2.380000114440918
-80.463272,32.778759,0,-2,3,2016,67,12,0.4015839099884033,0.03,1,0,0,0,0,0,0,0.5123,0.29660000000000003,20.299999237060547,31.69999933242798,55.09999921917915,209.09999760985374,264.56079027056694,912.8760870099068,1613.036102592945,0.604285717010498,0.6613333225250244,0.6519814133644104,27.85714340209961,28.066667556762695,24.527156829833984,15.186666488647461,16.39155387878418,292.6714172363281,291.2133483886719,291.642822265625,33.52666473388672,40.70149230957031,3.700000047683716,3.2699999809265137,4.179999828338623,0.7699999809265137
-87.6637,35.24975,0,-2,10,2016,276,276,0.009114165790379047,0.0670820393249937,0,1,0,0,0,0,0,0.8532000000000001,0.4561,0.800000011920929,0.800000011920929,44.90000069141388,182.6999994814396,350.69999998807907,662.8000029921532,1497.279247790575,0.7699999809265137,1.0329999923706055,0.9938889145851135,25.571428298950195,22.66666603088379,17.844444274902344,17.290000915527344,17.94444465637207,296.6000061035156,302.4666748046875,303.814453125,42.459999084472656,49.32666778564453,-1.0099999904632568,-0.8700000047683716,-1.2599999904632568,-0.03999999910593033
-81.3056,27.7632,0,-2,5,2019,131,43,0.010896856896579266,0.0670820393249937,0,1,0,0,0,0,0,0.5621,0.37470000000000003,35.19999951124191,94.29999893903732,135.29999884963036,187.49999952316284,233.0000001490116,445.49999859929085,1422.9999997019768,1.2285714149475098,1.3209999799728394,1.082777738571167,22.714284896850586,28.633333206176758,26.61111068725586,14.893333435058594,15.938888549804688,305.25714111328125,304.0199890136719,301.6977844238281,39.56333541870117,42.503334045410156,-1.7599999904632568,-1.649999976158142,-1.8700000047683716,-2.299999952316284
-81.56481111,32.68718333,0,-2,9,2018,265,66,0.0,0.17492855684535902,0,0,1,0,0,0,0,0.6432,0.3264,2.700000047683716,16.69999998807907,48.899999022483826,207.8999983072281,353.6999968290329,741.499994456768,1096.2999946773052,1.1828571557998657,1.125666618347168,1.0378888845443726,24.428571701049805,20.0,15.633333206176758,17.110000610351562,18.064443588256836,305.971435546875,305.61334228515625,305.707763671875,47.83333206176758,49.90888977050781,0.6399999856948853,1.25,-1.059999942779541,-1.840000033378601
-81.87955,31.31997222,0,-2,1,2016,27,28,0.01852545514702797,0.10816653826391967,0,0,0,0,1,0,0,0.6681,0.2818,9.5,64.99999922513962,89.81741917133331,123.10119366645813,215.52224254608154,636.2343292832375,1294.8043852746487,0.5314285755157471,0.5028191208839417,0.6722897291183472,23.285715103149414,22.173900604248047,21.43975830078125,17.36647605895996,17.99380874633789,290.1714172363281,289.53082275390625,294.8614807128906,43.18458557128906,45.71165084838867,-0.5400000214576721,-0.09000000357627869,0.6899999976158142,0.05999999865889549
-86.148,33.355,0,-2,5,2017,126,201,0.4681433141231537,0.08485281374238571,1,0,0,0,0,0,0,0.7724000000000001,0.5760000000000001,60.19999861717224,68.89999866485596,77.49999904632568,272.2000015974045,424.4000024795532,842.000001758337,1218.5000031292439,0.7914285659790039,1.0203332901000977,0.8154444694519043,20.14285659790039,25.133333206176758,22.22222137451172,15.776666641235352,16.307777404785156,296.8714294433594,299.28668212890625,295.435546875,41.45000076293945,41.1077766418457,-2.5799999237060547,-3.0,-3.4000000953674316,-3.180000066757202
-83.697983,36.2454,0,-2,3,2016,62,402,0.18762709200382233,0.06,0,0,0,0,0,0,1,0.4158,0.1794,10.399999618530273,66.49999904632568,206.59999877214432,295.39999920129776,425.179186463356,853.4298375546932,1520.6603715717793,0.4000000059604645,0.34566667675971985,0.31795763969421387,10.142857551574707,13.466666221618652,13.503763198852539,18.889999389648438,19.57670021057129,284.971435546875,282.6933288574219,283.5057067871094,48.68000030517578,49.615943908691406,2.7100000381469727,2.369999885559082,1.7899999618530273,0.029999999329447746
-78.84648,34.485942,0,-2,12,2016,357,26,0.741844654083252,0.03,0,0,0,0,0,0,1,0.5406000000000001,0.31270000000000003,18.799999713897705,49.799999713897705,108.7000002861023,129.09999990463257,571.9000060558319,1175.9000135660172,1878.8328850269318,0.4357143044471741,0.4753333330154419,0.6901111006736755,16.85714340209961,22.366666793823242,22.788888931274414,17.979999542236328,17.373332977294922,286.0142822265625,287.6000061035156,293.3022155761719,47.87333297729492,43.612220764160156,5.190000057220459,5.679999828338623,3.5399999618530273,2.799999952316284
-82.3518,29.8692,0,-2,10,2017,300,26,0.2791605293750763,0.0,1,0,0,0,0,0,0,0.6395000000000001,0.3239,6.199999928474426,6.199999928474426,62.19999945163727,411.19999527931213,606.6999950408936,1323.799997150898,1636.799994468689,0.9128571152687073,1.000666618347168,0.9613333344459534,24.571428298950195,20.633333206176758,15.04444408416748,17.48666763305664,18.4233341217041,299.3285827636719,302.6199951171875,303.9989013671875,48.143333435058594,52.11888885498047,4.429999828338623,4.329999923706055,-0.949999988079071,-3.549999952316284
-80.760674,34.685963,0,-2,7,2017,198,169,1.5670231580734253,0.0,0,0,0,0,0,0,1,0.7403000000000001,0.5539000000000001,13.399999618530273,30.999999523162842,127.49999970197678,310.79999989271164,436.1000003218651,666.8000001311302,1079.600001603365,1.177142858505249,1.058666706085205,1.0377777814865112,24.285715103149414,19.200000762939453,24.5,17.06333351135254,16.00666618347168,306.3857116699219,304.61334228515625,301.99554443359375,47.959999084472656,46.57555389404297,-0.75,-1.4199999570846558,-2.859999895095825,-2.380000114440918
-78.54688,34.492096,0,-2,6,2018,177,39,0.010270328260958195,0.042426406871192854,0,0,0,0,0,1,0,0.8527,0.5508000000000001,59.60000079870224,68.00000101327896,189.60000085830688,283.80000269412994,410.40000158548355,610.2000029683113,1276.60000705719,1.3328571319580078,1.1976666450500488,1.087999939918518,19.428571701049805,18.933332443237305,27.94444465637207,16.706666946411133,14.852222442626953,306.9285888671875,304.7733459472656,300.5211181640625,47.49333190917969,42.76333236694336,0.7799999713897705,-1.149999976158142,-1.350000023841858,1.5099999904632568
-78.090605,35.779475,0,-2,9,2019,248,77,0.358312726020813,0.03,0,0,0,0,0,0,1,0.6163000000000001,0.44480000000000003,59.000001430511475,69.10000142455101,116.6000004708767,228.80000177025795,286.900001257658,584.7000034153461,1410.2999961972237,1.0842857360839844,0.8849999904632568,1.0533332824707031,22.428571701049805,20.299999237060547,22.822221755981445,17.793333053588867,16.79888916015625,303.8000183105469,303.82000732421875,304.4989013671875,51.893333435058594,48.65777587890625,1.4700000286102295,2.119999885559082,3.059999942779541,3.950000047683716
-80.275169,33.21664,0,-2,7,2019,196,31,0.08163970708847046,0.0,0,0,0,1,0,0,0,0.6974,0.46380000000000005,34.60000017285347,154.7000015079975,239.70000156760216,397.6000019609928,457.4000019133091,652.2999993562698,1521.299996972084,1.3199999332427979,1.3053333759307861,1.2646666765213013,15.857142448425293,16.600000381469727,25.44444465637207,17.440000534057617,15.974444389343262,306.6571350097656,306.57666015625,304.34332275390625,43.88999938964844,41.817779541015625,1.3200000524520874,0.7400000095367432,1.3200000524520874,2.7699999809265137
-88.86781631,34.67852207,0,-2,10,2016,277,197,0.2943827509880066,0.042426406871192854,0,1,0,0,0,0,0,0.7318,0.4192,0.0,0.0,16.399999976158142,103.70000144839287,219.60000255703926,586.600003272295,1473.4972950816154,1.0199999809265137,1.2513333559036255,1.0713332891464233,30.0,26.366666793823242,20.877777099609375,16.56999969482422,17.367778778076172,299.81427001953125,304.3299865722656,304.9866638183594,41.18666458129883,49.75666809082031,-1.2200000286102295,-0.7599999904632568,0.6200000047683716,1.7899999618530273
-83.363928,35.13061,0,-2,5,2017,133,681,0.9102256298065186,0.03,0,0,0,0,0,0,1,0.8142,0.5686,10.500000238418579,56.300000071525574,177.39999809861183,307.40000027418137,395.0000004172325,672.6999993920326,1081.4999995231628,1.01285719871521,0.9329999685287476,0.7848888635635376,26.285715103149414,22.266666412353516,24.96666717529297,15.289999961853027,14.974444389343262,298.0,296.50665283203125,292.6766662597656,42.043331146240234,36.668888092041016,-4.590000152587891,-5.309999942779541,-4.929999828338623,-4.0
-87.1064,30.7795,0,-2,4,2019,118,68,0.13767345249652863,0.10816653826391967,0,0,0,0,0,1,0,0.4383,0.3235,29.899999618530273,65.50000038743019,132.799998909235,201.8999983370304,242.399998575449,833.9999979436398,1931.6000002324581,0.9871428608894348,0.8826666474342346,0.777222216129303,30.14285659790039,30.33333396911621,31.511110305786133,15.569999694824219,14.465555191040039,299.4571533203125,297.6833190917969,294.9989013671875,44.26333236694336,44.28333282470703,1.399999976158142,1.9299999475479126,3.6500000953674316,1.75
-82.98335556,32.57773611,0,-2,1,2017,3,102,0.14640791714191437,0.06,0,0,0,1,0,0,0,0.5565,0.2661,149.8999997973442,149.8999997973442,274.2999981045723,297.69999808073044,313.9999985098839,493.00000101327896,1096.4000012278557,0.5600000023841858,0.5019999742507935,0.8471111059188843,14.0,18.233333587646484,29.44444465637207,19.383333206176758,16.64444351196289,290.8571472167969,290.75,295.3177795410156,52.36666488647461,38.22999954223633,-2.430000066757202,-2.759999990463257,-1.4700000286102295,1.5
-89.9101668,34.07085685,0,-2,1,2017,3,95,0.04853197932243347,0.06,0,0,0,1,0,0,0,0.4128,0.24330000000000002,57.10000038146973,59.10000038146973,122.00000041723251,279.200000166893,325.3999990224838,522.9000012278557,1337.7999985218048,0.4300000071525574,0.36899998784065247,0.7644444704055786,15.0,17.933332443237305,26.899999618530273,18.5766658782959,16.70111083984375,288.5857238769531,286.3666687011719,292.8666687011719,50.753334045410156,40.4988899230957,-2.4000000953674316,-2.5199999809265137,-1.4700000286102295,1.1200000047683716
-83.21094444,32.82036111,0,-2,2,2018,42,135,0.07583316415548325,0.042426406871192854,1,0,0,0,0,0,0,0.6229,0.32780000000000004,31.900000393390656,47.80000030994415,79.99999991059303,155.19999900460243,218.39999970793724,446.20000103116035,906.000003784895,0.5271428823471069,0.5696666836738586,0.5460000038146973,26.14285659790039,33.63333511352539,29.44444465637207,14.743332862854004,15.393333435058594,292.3714294433594,288.85333251953125,288.79779052734375,37.68333435058594,40.02111053466797,-2.2100000381469727,-2.0399999618530273,-1.6299999952316284,-1.6299999952316284
-79.536475,35.821554,0,-2,2,2018,37,209,0.6870036125183105,0.03,0,0,0,1,0,0,0,0.5019,0.30860000000000004,28.199999809265137,72.70000171661377,140.30000215768814,161.20000177621841,218.9000020325184,397.20000073313713,1034.900002270937,0.40714284777641296,0.41466665267944336,0.43166667222976685,23.0,25.866666793823242,27.03333282470703,16.93000030517578,16.30555534362793,282.3857116699219,284.2633361816406,284.1233215332031,36.29666519165039,35.27777862548828,-2.759999990463257,-2.4800000190734863,-1.8300000429153442,0.7400000095367432
-84.53270278,32.071725,0,-2,2,2017,34,173,0.7570249438285828,0.042426406871192854,0,0,0,0,0,1,0,0.5465,0.281,0.0,99.29999768733978,143.09999787807465,356.89999601244926,481.799997061491,599.8999974429607,1188.399995625019,0.6285714507102966,0.5773333311080933,0.6647777557373047,20.571428298950195,14.766666412353516,24.711111068725586,18.703332901000977,17.31333351135254,291.44287109375,292.0199890136719,292.64111328125,43.119998931884766,41.22444534301758,-0.5199999809265137,-1.7599999904632568,-1.5499999523162842,0.949999988079071
-81.95855556,33.15583333,0,-2,4,2016,119,92,0.01563078910112381,0.0670820393249937,0,0,0,0,0,1,0,0.6524,0.3753,10.899999618530273,10.899999618530273,93.59999990463257,166.39999961853027,271.00000008940697,563.995810598135,1125.371716350317,1.1542857885360718,0.9743333458900452,0.846666693687439,31.85714340209961,29.266666412353516,27.61111068725586,14.869999885559082,15.489999771118164,301.79998779296875,297.80999755859375,294.95220947265625,38.33333206176758,38.27111053466797,1.340000033378601,1.190000057220459,1.409999966621399,0.8500000238418579
-89.13130362,30.67854731,0,-2,1,2017,17,57,0.0,0.03,1,0,0,0,0,0,0,0.6994,0.3027,2.099999964237213,24.099999010562897,233.09999758005142,421.799995303154,449.49999606609344,992.7999977171421,2287.7999986708164,0.7157142758369446,0.5193333625793457,0.6472222208976746,16.571428298950195,15.399999618530273,20.244443893432617,18.266666412353516,18.163333892822266,297.70001220703125,292.8733215332031,294.8277893066406,50.68333435058594,45.76333236694336,2.119999885559082,1.8200000524520874,3.180000066757202,2.319999933242798
-88.61018658,30.78979096,0,-2,2,2017,44,46,0.5839963555335999,0.03,0,0,0,0,0,0,1,0.6302,0.3154,26.899999618530273,26.899999618530273,115.29999792575836,450.39999201893806,605.4999939501286,784.8999937474728,1863.4999977946281,0.7185714244842529,0.7093333601951599,0.6546666622161865,18.0,18.0,18.94444465637207,17.68666648864746,18.01555633544922,295.8714294433594,294.260009765625,293.131103515625,42.856666564941406,42.96444320678711,1.190000057220459,0.25,0.8399999737739563,1.8600000143051147
-81.4479,28.2029,0,-2,3,2016,61,26,0.2610352337360382,0.0670820393249937,0,0,0,0,1,0,0,0.5549000000000001,0.39840000000000003,11.300000190734863,17.700000286102295,69.70000070333481,253.2000009417534,271.8831219673157,468.2200044989586,1353.517357379198,0.9100000262260437,0.7513333559036255,0.7624284029006958,33.42856979370117,26.233333587646484,25.031646728515625,15.773333549499512,16.597068786621094,295.9857177734375,296.1000061035156,296.73980712890625,42.2933349609375,46.23842239379883,1.399999976158142,-0.6100000143051147,-0.9399999976158142,1.7200000286102295
-88.96277778,31.12861111,0,-2,3,2017,83,89,0.0,0.03,0,0,0,0,0,0,1,0.6438,0.2874,0.0,9.900000095367432,64.79999902844429,108.499999076128,425.4999989569187,711.4999974668026,1577.0999937355518,1.368571400642395,0.940333366394043,0.8396666646003723,36.71428680419922,31.600000381469727,23.311111450195312,14.34666633605957,16.032222747802734,301.9857177734375,296.336669921875,295.12445068359375,37.48666763305664,40.503334045410156,0.8899999856948853,1.7999999523162842,1.3899999856948853,2.4800000190734863
-81.5448,26.1521,0,-2,5,2018,133,7,0.0,0.03,0,0,0,0,1,0,0,0.6146,0.33540000000000003,43.30000162124634,56.400002002716064,129.40000128746033,143.60000157356262,153.20000159740448,199.80000254511833,2075.800009816885,1.1885714530944824,1.1673333644866943,1.0950000286102295,28.85714340209961,29.100000381469727,30.744443893432617,16.073333740234375,15.777777671813965,304.1428527832031,304.0466613769531,302.78668212890625,41.720001220703125,40.09555435180664,0.8999999761581421,1.1200000047683716,3.1600000858306885,5.21999979019165
-80.4046,25.5181,0,-2,1,2016,19,7,1.395086646080017,0.0,0,0,0,0,0,0,1,0.5336000000000001,0.49160000000000004,53.29999911785126,71.69999951124191,107.4529872238636,418.7872314751148,517.8118814527988,1275.4951845109463,1734.549539923668,0.6371428370475769,0.826405942440033,0.8283318877220154,17.0,19.787630081176758,16.568313598632812,16.832101821899414,17.552995681762695,295.8714294433594,298.85504150390625,300.5302429199219,55.78787612915039,57.94990158081055,4.429999828338623,3.2799999713897705,-1.399999976158142,-2.740000009536743
-76.322579,35.862496,0,-2,4,2016,98,17,0.013816406950354576,0.09486832980505139,0,0,0,0,1,0,0,0.5974,0.368,10.90000033378601,46.899999499320984,67.49999982118607,119.39999973773956,318.40000146627426,655.9592435061932,1637.9980541169643,0.8528571128845215,0.8799999952316284,0.6125555634498596,24.85714340209961,27.66666603088379,23.600000381469727,14.809999465942383,15.853333473205566,292.81427001953125,295.3133239746094,289.01556396484375,42.87666702270508,42.98222351074219,3.8399999141693115,4.599999904632568,3.369999885559082,2.0899999141693115
-81.431951,35.406644,0,-2,1,2018,29,311,0.8452991843223572,0.03,0,0,0,1,0,0,0,0.4581,0.27040000000000003,25.100000381469727,41.200000286102295,66.00000011920929,121.99999949336052,146.5999991595745,514.9000008702278,1128.2000029087067,0.46857142448425293,0.40666666626930237,0.441222220659256,26.571428298950195,32.400001525878906,26.655555725097656,14.436666488647461,16.21666717529297,286.8857116699219,282.0833435058594,285.32666015625,31.883333206176758,38.31222152709961,-2.9000000953674316,-2.450000047683716,-2.009999990463257,-2.609999895095825
-81.834,32.30272222,0,-2,3,2016,89,49,0.023385632783174515,0.06,0,1,0,0,0,0,0,0.7255,0.3914,38.99999940395355,40.799999356269836,56.69999933242798,216.60000085830688,295.7505882680416,597.9322709441185,1186.263889402151,0.7400000095367432,0.8623332977294922,0.6624444723129272,21.714284896850586,24.700000762939453,23.948888778686523,16.24333381652832,16.439159393310547,298.3428649902344,297.67333984375,292.27001953125,41.29666519165039,41.6080207824707,-0.009999999776482582,0.12999999523162842,0.75,-1.0199999809265137
-88.409,30.843,0,-2,8,2019,228,48,3.338886260986328,0.0,1,0,0,0,0,0,0,0.78,0.5507000000000001,48.40000009536743,86.10000038146973,190.60000050067902,366.0000001192093,449.50000071525574,953.8999957442284,1937.999992698431,1.1971428394317627,1.13100004196167,1.2059999704360962,14.0,16.633333206176758,21.03333282470703,18.233333587646484,17.094444274902344,308.3714294433594,306.8733215332031,306.5299987792969,46.10333251953125,45.50555419921875,1.5,1.5499999523162842,1.9600000381469727,2.8299999237060547
-82.020817,36.0281,0,-2,4,2016,105,981,0.03997340798377991,0.08485281374238571,1,0,0,0,0,0,0,0.5224,0.2403,7.299999952316284,20.90000009536743,53.99999928474426,181.89999842643738,289.199997484684,876.0709503591061,1693.9838838875294,0.5385714173316956,0.6116666793823242,0.4493333399295807,31.14285659790039,30.83333396911621,23.35555648803711,13.710000038146973,15.569999694824219,286.471435546875,287.8466796875,283.10223388671875,35.98666763305664,40.81999969482422,2.6500000953674316,3.6700000762939453,3.630000114440918,0.8600000143051147
-76.802268,36.452949,0,-2,3,2019,73,15,0.4858429729938507,0.0,0,0,0,0,0,0,1,0.37210000000000004,0.2205,12.100000202655792,42.20000058412552,153.89999932050705,219.99999868869781,319.39999824762344,580.8999980390072,1514.7999987006187,0.581428587436676,0.4046666622161865,0.39811110496520996,19.285715103149414,15.566666603088379,17.44444465637207,18.426666259765625,18.073333740234375,290.1714172363281,285.8766784667969,286.11553955078125,51.92333221435547,48.290000915527344,3.7899999618530273,3.450000047683716,3.0799999237060547,3.869999885559082
-81.323708,34.52747,0,-2,10,2016,275,180,0.13184234499931335,0.03,0,0,0,0,0,0,1,0.7882,0.3995,11.699999809265137,33.799999713897705,91.2999997138977,172.8999987244606,252.7000000178814,530.6000039577484,1386.7029230296612,1.1399999856948853,1.1433333158493042,1.3442221879959106,22.0,23.799999237060547,24.299999237060547,17.203332901000977,16.342222213745117,302.6142883300781,303.45001220703125,306.0411071777344,44.0533332824707,42.08444595336914,0.5199999809265137,0.8299999833106995,2.049999952316284,2.9600000381469727
-83.69222222,31.56472222,0,-2,3,2018,85,124,0.5404682755470276,0.12727922061357855,0,0,0,0,0,1,0,0.5465,0.36920000000000003,1.7999999523162842,37.600000619888306,76.30000048875809,242.09999841451645,271.2999983429909,419.69999769330025,1185.8999965190887,0.699999988079071,0.7020000219345093,0.5953333377838135,31.85714340209961,30.266666412353516,28.133333206176758,14.00333309173584,15.022222518920898,292.8857116699219,293.010009765625,291.04998779296875,39.56999969482422,42.295555114746094,-1.590000033378601,-1.2899999618530273,-0.6899999976158142,1.190000057220459
-82.57824,35.82495,0,-2,4,2017,106,701,0.5298055410385132,0.042426406871192854,0,0,0,0,0,0,1,0.5880000000000001,0.34640000000000004,1.7000000476837158,36.299999952316284,83.00000011920929,174.3000027835369,264.3000009357929,450.0000002384186,937.4000025987625,1.132857084274292,0.7433333396911621,0.5661110877990723,30.0,23.66666603088379,23.544445037841797,16.25666618347168,16.239999771118164,298.22857666015625,292.6266784667969,288.0344543457031,37.87333297729492,36.85444259643555,-3.2300000190734863,-3.6600000858306885,-3.4100000858306885,-2.4200000762939453
-86.9221,30.7064,0,-2,4,2016,107,23,0.44233518838882446,0.06,0,0,0,0,0,0,1,0.6335000000000001,0.4355,54.000000953674316,54.000000953674316,290.5000047683716,417.30000364780426,549.2000013589859,1214.347648113966,2025.2830080986023,0.4814285635948181,0.7250000238418579,0.675000011920929,18.14285659790039,20.200000762939453,22.655555725097656,17.020000457763672,16.47333335876465,294.9142761230469,295.7166748046875,293.6833190917969,49.06999969482422,45.99222183227539,2.190000057220459,1.6399999856948853,1.9500000476837158,-1.7100000381469727
-81.50679,35.459903,0,-2,3,2016,73,303,0.035689909011125565,0.10816653826391967,1,0,0,0,0,0,0,0.6096,0.28550000000000003,2.799999952316284,7.599999845027924,61.599999845027924,158.8999987244606,358.35417926311493,872.8552782833576,1359.7215701639652,0.8500000238418579,0.5526666641235352,0.4469336271286011,26.85714340209961,25.03333282470703,18.940689086914062,15.876667022705078,17.164400100708008,297.78570556640625,288.7799987792969,286.1455383300781,39.11000061035156,42.65963363647461,3.119999885559082,3.549999952316284,2.119999885559082,-2.430000066757202
-78.613332,34.58017,0,-2,6,2018,166,25,0.019035637378692627,0.09486832980505139,1,0,0,0,0,0,0,0.8753000000000001,0.5987,57.50000086426735,81.80000048875809,212.60000145435333,297.1000015735626,392.20000046491623,590.4999977946281,1195.099995791912,0.9742857217788696,1.1086666584014893,1.045111060142517,18.0,21.03333282470703,31.122222900390625,16.446666717529297,14.064444541931152,303.24285888671875,302.8933410644531,298.44110107421875,49.57666778564453,41.1422233581543,-0.949999988079071,-1.7100000381469727,-1.6699999570846558,0.7300000190734863
-81.050003,33.849998,0,-2,5,2019,123,84,0.09805644303560257,0.1341640786499874,0,1,0,0,0,0,0,0.6908000000000001,0.4692,3.4000000953674316,4.100000083446503,65.99999970197678,117.59999984502792,207.29999959468842,619.7000035047531,1395.4000078737736,1.4614286422729492,1.1676666736602783,0.8814444541931152,39.42856979370117,30.933332443237305,29.799999237060547,14.210000038146973,14.522222518920898,303.1571350097656,300.1099853515625,295.0188903808594,37.82666778564453,38.06222152709961,2.1600000858306885,2.3299999237060547,3.359999895095825,-1.0800000429153442
-78.468248,34.420579,0,-2,7,2018,182,23,0.9514398574829102,0.03,0,0,0,0,0,0,1,0.7927000000000001,0.45470000000000005,40.29999953508377,58.699999928474426,127.19999974966049,291.7000013887882,425.9000017940998,629.5000046491623,1317.9000017344952,1.1685714721679688,1.2400000095367432,1.0989999771118164,16.571428298950195,20.566667556762695,27.38888931274414,16.56999969482422,15.125555992126465,305.70001220703125,305.35333251953125,301.0066833496094,46.4466667175293,43.79888916015625,1.6799999475479126,1.0399999618530273,0.8299999833106995,2.0999999046325684
-84.5712,35.581383,0,-2,8,2016,234,342,0.6558638215065002,0.03,0,0,0,0,0,0,0,0.8253,0.6467,70.29999935626984,71.69999933242798,201.49999767541885,298.59999760985374,358.199997395277,573.4999982714653,1544.227768033743,1.0500000715255737,1.1486666202545166,1.0987777709960938,11.428571701049805,15.5,20.744443893432617,17.950000762939453,17.106666564941406,304.22857666015625,305.5966796875,305.0466613769531,49.186668395996094,47.274444580078125,-1.649999976158142,-1.9299999475479126,0.8999999761581421,2.4800000190734863
-77.490052,35.840641,0,-2,3,2016,60,21,1.4611287117004395,0.06,1,0,0,0,0,0,0,0.598,0.3119,30.799999713897705,55.499999046325684,155.39999771118164,226.69999739527702,350.8597149848938,753.4241725802422,1363.5054061114788,0.5671428442001343,0.47733333706855774,0.4310704469680786,27.0,22.600000381469727,19.491943359375,16.59666633605957,17.53898048400879,288.71429443359375,286.1233215332031,286.5968017578125,44.29999923706055,47.81106948852539,4.039999961853027,2.990000009536743,2.309999942779541,1.2400000095367432
-90.65222222,31.47055556,0,-2,6,2017,171,141,0.024100014939904213,0.0670820393249937,1,0,0,0,0,0,0,0.6051000000000001,0.3341,28.49999988079071,44.39999997615814,224.4000004529953,413.29999989271164,575.4000036120415,876.5000003576279,1612.4999981224537,0.7671428322792053,0.7723333239555359,0.9125555753707886,14.857142448425293,14.333333015441895,24.155555725097656,18.593334197998047,16.365554809570312,304.1714172363281,302.0199890136719,300.9700012207031,55.96333312988281,48.768890380859375,-0.550000011920929,-1.3799999952316284,-1.6699999570846558,-1.190000057220459
-79.465836,34.700606,0,-2,2,2017,31,61,0.04322942718863487,0.06,0,0,0,0,0,1,0,0.4597,0.26280000000000003,0.0,20.59999990463257,70.00000035762787,176.4999993443489,223.7999987900257,612.7000072300434,1299.4000065624714,0.7757142782211304,0.5443333387374878,0.5709999799728394,27.14285659790039,18.866666793823242,23.322221755981445,17.286666870117188,17.07111167907715,290.3714294433594,289.0433349609375,289.3155517578125,43.836666107177734,42.689998626708984,1.600000023841858,1.4900000095367432,2.1700000762939453,2.4200000762939453
-81.9892,30.6608,0,-2,3,2016,86,25,0.0,0.09,1,0,0,0,0,0,0,0.6974,0.31930000000000003,9.800000131130219,40.00000008940697,50.4000001847744,166.7999994456768,266.72379115223885,355.7790487110615,1259.2633879184723,0.8757143020629883,0.9900000095367432,0.7915521860122681,31.428571701049805,33.63333511352539,28.852243423461914,14.133333206176758,15.4794340133667,298.3428649902344,298.4033203125,294.3636474609375,34.77666473388672,39.011634826660156,-1.059999942779541,-0.8600000143051147,-0.800000011920929,1.0399999618530273
-81.4771,26.4308,0,-2,2,2017,56,10,5.119724273681641,0.03,0,0,0,0,0,0,1,0.6588,0.3773,32.49999964237213,35.99999964237213,51.99999964237213,91.59999859333038,99.19999861717224,361.29999804496765,1317.4000035226345,0.8442857265472412,0.8756666779518127,0.8221111297607422,24.428571701049805,24.600000381469727,22.877777099609375,17.40999984741211,18.16777801513672,300.4142761230469,299.7699890136719,300.1277770996094,40.7933349609375,46.06444549560547,0.9399999976158142,1.2899999618530273,2.609999895095825,3.559999942779541
-80.13253,33.168617,0,-2,7,2017,189,22,1.4928386211395264,0.042426406871192854,0,0,0,0,0,0,1,0.7997000000000001,0.634,58.90000057220459,129.6000016927719,248.70000073313713,412.2000037431717,488.0000056028366,686.9000080227852,1605.900008380413,1.231428623199463,1.0423333644866943,1.0801111459732056,14.142857551574707,17.46666717529297,26.122222900390625,17.99333381652832,16.038888931274414,307.3714294433594,304.62664794921875,302.6288757324219,49.15666580200195,45.321109771728516,1.440000057220459,0.8999999761581421,0.8299999833106995,2.690000057220459
-84.2918,30.6699,0,-2,6,2018,154,50,0.444241464138031,0.10816653826391967,0,0,0,0,1,0,0,0.9022,0.5726,91.0999984741211,184.69999933242798,281.10000053048134,365.60000267624855,456.40000250935555,733.3000009357929,1459.3000036776066,0.9814285635948181,1.2276666164398193,0.9916666746139526,13.571428298950195,24.633333206176758,28.066667556762695,16.093334197998047,15.307777404785156,303.9857177734375,303.7933349609375,299.3177795410156,46.53333282470703,42.45888900756836,-1.809999942779541,-2.3299999237060547,-2.109999895095825,-1.559999942779541
-93.92,32.1523,0,-2,11,2016,320,103,0.08199995011091232,0.0,1,0,0,0,0,0,0,0.7009000000000001,0.3856,0.0,9.200000286102295,11.100000262260437,13.900000274181366,206.60000091791153,608.3000009059906,1703.0944737195969,0.895714282989502,0.9633333086967468,1.0071110725402832,32.28571319580078,28.566667556762695,22.811111450195312,16.610000610351562,17.328887939453125,295.3857116699219,298.9599914550781,302.477783203125,39.11666488647461,44.04777908325195,2.2699999809265137,3.119999885559082,1.7400000095367432,2.390000104904175
-85.31719167,33.75971944,0,-2,9,2016,271,326,0.5450240969657898,0.06,1,0,0,0,0,0,0,0.8387,0.4315,0.0,3.200000047683716,11.300000190734863,93.70000138878822,220.00000190734863,434.4000003039837,1398.8525809049606,1.5114285945892334,1.3703333139419556,1.242444396018982,35.85714340209961,33.66666793823242,25.133333206176758,14.579999923706055,16.025554656982422,305.8428649902344,305.3733215332031,305.8766784667969,37.75,43.233333587646484,-2.799999952316284,-2.009999990463257,-1.649999976158142,1.8600000143051147
-79.218196,34.74414,0,-2,6,2018,177,58,1.2489410638809204,0.03,1,0,0,0,0,0,0,0.759,0.4888,98.7999997138977,115.49999976158142,196.6999996304512,298.1999993622303,392.6999989748001,585.1999980807304,1150.700001180172,1.5342857837677002,1.3539999723434448,1.2065556049346924,20.14285659790039,22.96666717529297,30.844444274902344,15.983333587646484,14.486666679382324,307.5428466796875,305.6099853515625,301.37554931640625,43.6533317565918,39.47444534301758,-2.1700000762939453,-2.549999952316284,-2.259999990463257,-1.4500000476837158
-82.2039,27.0572,0,-2,3,2017,60,12,5.426502704620361,0.0,0,0,0,0,0,0,1,0.5793,0.3215,11.899999618530273,31.299999952316284,36.299999952316284,63.70000010728836,70.20000010728836,502.59999990463257,1758.899994134903,1.0299999713897705,0.9599999785423279,0.8958888649940491,26.85714340209961,27.299999237060547,24.566667556762695,16.709999084472656,17.38888931274414,301.6428527832031,300.2300109863281,299.57666015625,41.2933349609375,44.76333236694336,1.059999942779541,1.840000033378601,3.7899999618530273,2.7799999713897705
-85.31582778,33.76073056,0,-2,3,2016,61,324,2.018073320388794,0.0,0,0,0,1,0,0,0,0.5700000000000001,0.24680000000000002,29.499999046325684,98.19999718666077,186.39999514818192,303.2999964952469,539.583345413208,934.3533762395382,1612.7933122217655,0.6614285707473755,0.565666675567627,0.4957635700702667,18.14285659790039,16.866666793823242,17.07925796508789,17.05666732788086,17.679916381835938,290.3285827636719,288.2833251953125,288.0386047363281,39.45000076293945,42.2627067565918,2.319999933242798,2.0899999141693115,0.8199999928474426,-0.8799999952316284
-82.72515,32.47083333,0,-2,6,2018,165,94,0.0,0.0,0,0,0,0,0,0,1,0.6857000000000001,0.3906,19.0,26.40000009536743,223.6000031232834,324.10000389814377,399.200003862381,593.8000028729439,1211.1000065803528,1.087142825126648,1.0149999856948853,1.0332221984863281,18.14285659790039,15.800000190734863,27.577777862548828,17.986665725708008,15.292222023010254,305.3000183105469,303.8466796875,299.9689025878906,50.00666809082031,41.78666687011719,-0.6899999976158142,-1.9299999475479126,-1.6399999856948853,-0.7400000095367432
-83.1116,30.5092,0,-2,3,2018,69,39,0.20056484639644623,0.042426406871192854,1,0,0,0,0,0,0,0.6349,0.37570000000000003,1.100000023841858,9.999999642372131,23.100000023841858,107.00000131130219,144.80000114440918,332.6000027358532,1174.8999992609024,0.7628571391105652,0.8230000138282776,0.6499999761581421,34.57143020629883,27.933332443237305,25.255556106567383,15.763333320617676,16.536666870117188,292.4857177734375,297.1300048828125,292.598876953125,42.813331604003906,42.32777786254883,-0.8500000238418579,0.800000011920929,1.4500000476837158,-1.3899999856948853
-80.5153,25.4537,0,-2,5,2016,136,8,0.0,0.06,0,0,0,0,0,1,0,0.7070000000000001,0.5343,0.30000001192092896,28.89999943971634,38.999999046325684,120.79999935626984,136.69999933242798,663.2723737359047,1685.3658605515957,0.9442856907844543,0.9760000109672546,0.9113333225250244,27.714284896850586,26.16666603088379,24.811111450195312,16.48666763305664,16.883333206176758,304.3143005371094,303.1766662597656,301.7699890136719,48.20000076293945,48.60555648803711,3.450000047683716,4.099999904632568,4.389999866485596,-1.4600000381469727
-85.272,31.71,0,-2,1,2017,29,161,0.08251653611660004,0.0670820393249937,0,0,0,1,0,0,0,0.43960000000000005,0.2169,2.200000047683716,123.59999680519104,312.9999945163727,488.8999966979027,513.9999963641167,630.4999971687794,1331.3999945223331,0.5785714387893677,0.550000011920929,0.7051111459732056,15.571428298950195,13.100000381469727,24.422222137451172,19.196666717529297,17.42888832092285,289.8999938964844,292.00665283203125,293.5255432128906,45.65666580200195,41.290000915527344,-1.559999942779541,-2.6500000953674316,-2.119999885559082,1.7300000190734863
-82.21702778,32.85025,0,-2,2,2016,58,70,0.005678446032106876,0.03,0,0,0,0,0,1,0,0.41090000000000004,0.19460000000000002,28.100000381469727,48.20000076293945,138.89999794960022,212.46757873892784,310.1931619346142,594.7684859335423,1162.551167577505,0.8128571510314941,0.6153333187103271,0.5585407614707947,20.85714340209961,22.899999618530273,21.420446395874023,16.85333251953125,17.146717071533203,292.9571533203125,290.26666259765625,290.3674011230469,41.74333190917969,45.67393493652344,0.8100000023841858,0.9599999785423279,1.25,1.0399999618530273
-80.716537,32.522278,0,-2,3,2016,83,8,1.52068293094635,0.0,0,0,0,0,0,0,1,0.5957,0.3507,7.400000095367432,8.700000047683716,39.20000100135803,141.59999883174896,203.10290509462357,636.9926978349686,1454.8466028273106,0.8242856860160828,0.8586666584014893,0.6726692914962769,33.71428680419922,31.46666717529297,29.602134704589844,14.623332977294922,14.757033348083496,294.8999938964844,295.42999267578125,291.466064453125,39.21333312988281,41.846221923828125,2.450000047683716,2.5799999237060547,3.259999990463257,1.3600000143051147
-83.69725833,34.63939722,0,-2,2,2016,32,487,0.5547054409980774,0.042426406871192854,1,0,0,0,0,0,0,0.5768,0.1698,10.100000143051147,65.09999823570251,135.099999666214,407.74750661849976,656.6082280278206,1277.0230104029179,2022.975280225277,0.37142857909202576,0.3310000002384186,0.4020977020263672,18.714284896850586,17.299999237060547,13.934131622314453,16.126667022705078,18.440534591674805,287.1000061035156,281.7833251953125,286.78021240234375,41.46333312988281,46.7183952331543,3.2899999618530273,2.640000104904175,1.090000033378601,0.5099999904632568
-81.3991,26.6037,0,-2,1,2016,3,12,0.0,0.24738633753705963,0,0,0,0,1,0,0,0.7077,0.3896,20.399999618530273,21.7482773065567,39.99432134628296,148.21089363098145,158.0129714012146,722.3216229081154,1314.5996858477592,0.9723239541053772,0.8403019905090332,0.8791057467460632,21.133142471313477,20.083833694458008,20.258577346801758,18.364639282226562,18.12346649169922,300.93426513671875,300.9851989746094,302.249755859375,53.64424514770508,52.91524124145508,-0.6600000262260437,-1.2000000476837158,-0.7699999809265137,-1.6100000143051147
-81.8025,26.4853,0,-2,12,2015,364,9,0.0,0.0,0,0,0,0,0,0,1,0.47290000000000004,0.2781,0.7282663583755493,8.69983971118927,67.08915293216705,145.13184303045273,191.7114154100418,1080.7878940105438,1629.1337156295776,1.1627099514007568,0.9707916378974915,1.0325829982757568,31.146528244018555,26.974294662475586,23.871740341186523,15.917572975158691,16.134111404418945,303.31048583984375,301.0505065917969,302.2644958496094,51.84123611450195,51.372562408447266,2.069999933242798,1.409999966621399,1.1699999570846558,-0.05000000074505806
-79.693481,33.59882,0,-2,3,2017,71,21,0.12087948620319366,0.03,0,0,0,0,0,0,1,0.6202000000000001,0.3603,11.600000143051147,16.000000178813934,28.19999998807907,90.30000078678131,142.30000188946724,662.3000000715256,1474.9999955296516,0.8085713982582092,0.8510000109672546,0.6693333387374878,34.71428680419922,34.53333282470703,23.5,13.426666259765625,16.65999984741211,293.25714111328125,294.4100036621094,291.6666564941406,31.64666748046875,39.92777633666992,2.369999885559082,3.359999895095825,4.03000020980835,3.1500000953674316
-80.9719,28.4196,0,-2,5,2018,150,12,5.971112987026572E-4,0.42107006542854597,0,0,0,0,1,0,0,0.8167000000000001,0.5285000000000001,67.70000171661377,136.40000200271606,269.99999982118607,349.59999972581863,389.29999977350235,485.49999979138374,1905.0999920368195,0.9342857003211975,1.0226666927337646,1.1207777261734009,12.571428298950195,23.600000381469727,32.78888702392578,16.963333129882812,14.557777404785156,303.21429443359375,302.3466796875,300.7699890136719,48.92333221435547,39.21888732910156,1.3899999856948853,0.6800000071525574,1.909999966621399,3.609999895095825
-81.472,29.0265,0,-2,2,2016,47,20,0.007839798927307129,0.18248287590894657,0,0,0,1,0,0,0,0.658,0.2446,8.600000381469727,54.90000057220459,153.50000286102295,228.10220956802368,298.1437925696373,578.8514190912247,1335.14705067873,0.5828571319580078,0.612666666507721,0.6854555010795593,29.14285659790039,21.16666603088379,22.27053451538086,17.690000534057617,17.420629501342773,293.79998779296875,292.6833190917969,295.4244689941406,42.36666488647461,47.48161315917969,0.6600000262260437,-1.059999942779541,-0.8899999856948853,-0.8199999928474426
-88.951883,35.323233,0,-2,4,2017,107,137,0.8333804607391357,0.03,0,0,0,1,0,0,0,0.5292,0.3388,11.200000286102295,13.500000238418579,81.69999995827675,228.8999991118908,305.1999988257885,661.6999989151955,1196.7999982237816,1.1414285898208618,0.9763333201408386,0.7191110849380493,32.0,26.566667556762695,22.866666793823242,14.609999656677246,15.807777404785156,300.05712890625,297.4633483886719,292.04888916015625,39.459999084472656,40.30666732788086,-2.130000114440918,-2.200000047683716,-2.009999990463257,-0.5699999928474426
-85.4206,30.7255,0,-2,3,2016,75,50,0.48474621772766113,0.03,0,0,0,0,0,1,0,0.4909,0.2389,0.0,12.199999809265137,64.799999833107,176.10000079870224,396.9868274331093,826.1822613179684,1742.726220548153,1.0628571510314941,0.8100000023841858,0.6273325085639954,33.42856979370117,27.700000762939453,20.86536979675293,15.473333358764648,16.87137222290039,300.6285705566406,295.8233337402344,292.3708190917969,40.72999954223633,44.33435821533203,1.600000023841858,1.9800000190734863,1.25,0.6399999856948853
-83.073033,35.431533,0,-2,5,2019,134,1099,0.048049695789813995,0.042426406871192854,0,0,0,0,0,0,1,0.8931,0.7024,91.80000138282776,138.10000053048134,240.1999994814396,381.50000062584877,729.5000045597553,1236.200001001358,2382.5000045895576,0.427142858505249,0.6273333430290222,0.5223333239555359,13.714285850524902,19.53333282470703,18.566667556762695,17.106666564941406,16.778888702392578,292.68572998046875,293.3033447265625,288.8399963378906,50.61333465576172,46.838890075683594,5.25,4.710000038146973,4.289999961853027,3.5999999046325684
-81.939704,35.311265,0,-2,12,2015,364,323,0.684015691280365,0.03,0,0,0,0,0,0,1,0.5857,0.272,103.65998286008835,162.84645575284958,219.88749235868454,457.6175343096256,622.6487899124622,893.3083000481129,1370.087108016014,0.4094507098197937,0.3777541518211365,0.5070632100105286,1.3494994640350342,8.793798446655273,11.939510345458984,21.563892364501953,19.8704833984375,294.0709533691406,290.135009765625,291.8271484375,51.09056091308594,48.03256607055664,2.690000057220459,2.009999990463257,-2.640000104904175,-1.5099999904632568
-93.3205,30.3167,0,-2,10,2016,290,16,0.38688844442367554,0.0670820393249937,1,0,0,0,0,0,0,0.7118,0.3665,0.0,3.799999952316284,38.80000030994415,250.69999998807907,565.4000044465065,1261.7000096738338,2054.4205937981606,0.8071428537368774,0.949999988079071,0.9153333306312561,24.85714340209961,19.633333206176758,13.822221755981445,17.523332595825195,18.802221298217773,302.971435546875,303.60333251953125,305.20556640625,47.20000076293945,52.59000015258789,2.490000009536743,2.940000057220459,1.7899999618530273,-1.3899999856948853
-77.936877,35.96231,0,-2,4,2017,118,56,0.07928892225027084,0.06,0,0,0,0,0,1,0,0.4446,0.3022,144.8000014424324,164.60000103712082,220.500001847744,299.4000032842159,324.5000029504299,482.9000032246113,1352.4000006616116,0.7885714173316956,0.9353333115577698,0.7649999856948853,21.14285659790039,26.766666412353516,29.177778244018555,15.380000114440918,14.968889236450195,297.1285705566406,297.260009765625,292.522216796875,42.93333435058594,37.00777816772461,1.190000057220459,1.2000000476837158,2.5,3.380000114440918
-87.511,33.728,0,-2,5,2017,129,127,0.01163268368691206,0.15297058540778355,0,0,0,0,1,0,0,0.8556,0.6795,14.900000095367432,67.30000162124634,86.90000122785568,200.40000146627426,284.4000019431114,687.300001502037,1195.300000935793,0.9114285707473755,1.0673333406448364,0.9052222371101379,26.571428298950195,31.566667556762695,29.0222225189209,14.633333206176758,14.434444427490234,296.9857177734375,299.42999267578125,295.5622253417969,40.52000045776367,37.46888732910156,-3.799999952316284,-3.759999990463257,-3.5299999713897705,-2.319999933242798
-85.4526,30.7537,0,-2,2,2017,31,50,0.09418799728155136,0.06,0,0,0,1,0,0,0,0.3926,0.1839,3.200000047683716,104.2000024318695,180.10000014305115,520.199993878603,539.5999934971333,863.6999934613705,1796.5999928712845,0.654285728931427,0.6636666655540466,0.7744444608688354,18.714284896850586,14.166666984558105,22.566667556762695,18.56999969482422,17.545555114746094,291.20001220703125,293.4766540527344,294.7300109863281,43.003334045410156,40.86888885498047,1.600000023841858,0.9399999976158142,1.4900000095367432,2.059999942779541
-78.02658,34.882996,0,-2,9,2018,265,30,0.35535722970962524,0.06,0,0,0,0,0,1,0,0.6944,0.42000000000000004,38.100000739097595,452.6999953985214,459.5999955534935,685.4999938309193,918.1999903619289,1363.6999882757664,1769.2999857068062,0.8799999952316284,0.9860000014305115,1.0025556087493896,10.285714149475098,15.766666412353516,14.166666984558105,18.40333366394043,18.503334045410156,303.1714172363281,304.46331787109375,304.6288757324219,52.09000015258789,51.87111282348633,3.8499999046325684,3.190000057220459,1.6100000143051147,-1.6399999856948853
-82.03632222,31.12814444,0,-2,5,2018,146,28,0.02807069569826126,0.18973665961010278,0,1,0,0,0,0,0,0.8201,0.30410000000000004,52.10000038146973,177.70000153779984,177.70000153779984,291.29999828338623,357.2999984920025,527.8999990820885,1493.8000029921532,0.9585714340209961,1.2096666097640991,0.9498888850212097,13.428571701049805,27.799999237060547,29.94444465637207,15.710000038146973,15.173333168029785,302.471435546875,302.7799987792969,298.22222900390625,40.2933349609375,39.697776794433594,-1.0099999904632568,-1.5,1.2100000381469727,2.450000047683716
-83.1262,30.594,0,-2,3,2017,78,49,0.040707290172576904,0.06,1,0,0,0,0,0,0,0.3304,0.19590000000000002,16.199999809265137,16.199999809265137,27.19999933242798,177.00000274181366,257.900003015995,401.70000475645065,1223.5999945700169,0.6642857193946838,0.8679999709129333,0.7748888731002808,31.0,32.83333206176758,24.955554962158203,14.65666675567627,16.774444580078125,290.528564453125,296.0733337402344,295.3477783203125,37.66666793823242,40.76444625854492,-1.850000023841858,-1.350000023841858,-1.8700000047683716,-0.6200000047683716
-81.565169,35.919708,0,-2,3,2019,64,367,0.8039827942848206,0.0,0,0,0,0,0,0,1,0.44630000000000003,0.1961,22.90000021457672,86.20000231266022,156.8000031709671,240.00000205636024,481.3000019788742,947.5000050663948,1845.0000050365925,0.2842857241630554,0.45899999141693115,0.40488889813423157,11.285714149475098,17.366666793823242,16.311111450195312,18.079999923706055,17.91666603088379,285.0,286.6099853515625,284.57666015625,47.926666259765625,44.43333435058594,6.309999942779541,6.519999980926514,5.210000038146973,3.6600000858306885
-93.6519,31.5044,0,-2,4,2019,94,85,0.2248327136039734,0.0,0,0,0,0,0,0,1,0.6792,0.34650000000000003,13.700000047683716,22.800000429153442,56.800001204013824,177.40000009536743,270.8999981880188,871.0999985337257,1594.299997985363,0.6285714507102966,0.7609999775886536,0.5566666722297668,25.571428298950195,28.366666793823242,20.899999618530273,14.84000015258789,16.816667556762695,292.72857666015625,294.64666748046875,291.14776611328125,40.23999786376953,46.51222229003906,4.239999771118164,4.889999866485596,4.789999961853027,3.930000066757202
-88.60083333,34.09888889,0,-2,10,2018,274,96,0.12913616001605988,0.0670820393249937,0,0,1,0,0,0,0,0.7133,0.42750000000000005,46.399999260902405,118.79999887943268,138.69999885559082,242.79999846220016,304.3999978899956,765.899999409914,1614.2999951541424,0.654285728931427,1.0049999952316284,1.1670000553131104,10.285714149475098,18.766666412353516,21.77777862548828,18.476667404174805,17.149999618530273,300.3285827636719,304.2900085449219,305.8577880859375,52.55666732788086,49.11000061035156,1.5,-0.6200000047683716,-0.9900000095367432,-2.259999990463257
-83.47297222,31.36480556,0,-2,4,2016,114,100,0.0,0.09,0,1,0,0,0,0,0,0.7524000000000001,0.6034,1.5,25.49999988079071,198.69999688863754,256.19999676942825,447.4999961555004,745.2739432752132,1332.6804781258106,1.0,0.7789999842643738,0.7035555243492126,28.0,22.133333206176758,23.955554962158203,16.68000030517578,16.455554962158203,299.75714111328125,296.89666748046875,294.5289001464844,48.21666717529297,45.32444381713867,1.2300000190734863,0.6800000071525574,0.6700000166893005,1.0499999523162842
-81.80227778,31.00917222,0,-2,2,2018,45,11,0.04646264761686325,0.08485281374238571,1,0,0,0,0,0,0,0.6234000000000001,0.3239,2.8000000417232513,30.70000061392784,61.30000099539757,115.500000923872,218.10000023245811,716.7999880611897,1384.8999851346016,0.5099999904632568,0.5363333225250244,0.47999998927116394,19.285715103149414,24.733333587646484,20.72222137451172,17.126667022705078,18.196666717529297,294.6142883300781,291.97332763671875,290.7900085449219,44.27000045776367,48.39666748046875,1.4600000381469727,1.809999942779541,1.9500000476837158,-1.850000023841858
-79.120903,33.972797,0,-2,2,2016,54,23,0.1813002973794937,0.0,0,0,0,0,0,0,1,0.5443,0.2582,14.699999809265137,46.40000057220459,175.89999985694885,250.9013786315918,358.8128627538681,1003.0931687355042,1606.2657012343407,0.4471428692340851,0.4466666579246521,0.48375001549720764,25.0,22.0,20.15920066833496,17.013334274291992,17.27512550354004,290.0714111328125,287.23333740234375,288.5971984863281,45.41666793823242,47.14411163330078,3.5799999237060547,3.1500000953674316,3.009999990463257,-1.4800000190734863
-80.409485,33.442932,0,-2,9,2018,244,34,0.5738703012466431,0.0,0,0,0,0,0,0,1,0.7247,0.40290000000000004,0.699999988079071,0.699999988079071,59.79999929666519,205.69999831914902,316.8999979496002,718.5999960899353,1248.299997150898,1.291428565979004,1.0529999732971191,1.1471110582351685,23.285715103149414,16.66666603088379,18.03333282470703,17.81999969482422,17.262222290039062,306.6571350097656,305.6066589355469,305.5244445800781,48.85333251953125,46.94111251831055,2.559999942779541,2.950000047683716,2.940000057220459,2.5799999237060547
-92.2092,31.9234,0,-2,9,2019,272,57,0.4935586154460907,0.0,1,0,0,0,0,0,0,0.7584000000000001,0.4456,0.0,21.90000009536743,56.2000016272068,103.00000137090683,256.8000006079674,830.3000019788742,1792.7000019848347,1.3128571510314941,1.5709999799728394,1.3018889427185059,29.14285659790039,29.96666717529297,24.255556106567383,15.706666946411133,16.5222225189209,306.6714172363281,307.9200134277344,307.1755676269531,39.643333435058594,46.31666564941406,1.7699999809265137,2.369999885559082,2.4200000762939453,1.5700000524520874
-76.946117,34.92405,0,-2,1,2016,25,12,0.0,0.0,0,0,0,0,0,0,1,0.5741,0.3027,66.69999694824219,107.59999656677246,131.4597105383873,199.16887214779854,381.63917794823647,1067.2732392251492,1741.599451303482,0.23000000417232513,0.4561278223991394,0.5888946652412415,29.85714340209961,25.906620025634766,20.839826583862305,15.080368995666504,16.646930694580078,279.74285888671875,285.70269775390625,290.93670654296875,44.31401443481445,47.56032180786133,2.940000057220459,3.0,2.569999933242798,1.5399999618530273
-82.858146,35.46347,0,-2,3,2018,86,833,2.573378801345825,0.0,0,0,0,0,0,0,1,0.5148,0.29910000000000003,13.300000190734863,28.200000047683716,101.69999825954437,260.0999989807606,337.4999977052212,697.6999990940094,1479.7000051140785,0.2785714268684387,0.39266666769981384,0.36500000953674316,23.85714340209961,20.899999618530273,21.633333206176758,16.163333892822266,16.683332443237305,280.8857116699219,283.5666809082031,282.3933410644531,42.38999938964844,40.69444274902344,2.0399999618530273,1.909999966621399,2.0,-0.9100000262260437
-85.901,33.688,0,-2,3,2019,76,243,0.0,0.03,1,0,0,0,0,0,0,0.41900000000000004,0.2034,8.400000095367432,15.200000166893005,215.99999871850014,359.599998742342,556.4000025093555,1010.799999922514,1766.3000028133392,0.7185714244842529,0.484333336353302,0.43711110949516296,25.0,14.300000190734863,14.744444847106934,17.899999618530273,17.99222183227539,292.3571472167969,289.2533264160156,287.76556396484375,51.4466667175293,49.900001525878906,4.559999942779541,4.019999980926514,2.859999895095825,1.9800000190734863
-79.97254,36.112867,0,-2,2,2016,47,289,0.06979731470346451,0.042426406871192854,1,0,0,0,0,0,0,0.396,0.1827,22.800000488758087,42.30000048875809,88.70000040531158,232.88240486383438,307.33296367526054,659.420628786087,1121.0731168687344,0.2928571403026581,0.3766666650772095,0.40689489245414734,35.14285659790039,27.0,21.43206214904785,14.463333129882812,16.73366355895996,276.77142333984375,280.7099914550781,285.0294494628906,40.560001373291016,45.0035400390625,2.369999885559082,2.200000047683716,-2.2300000190734863,-3.5799999237060547
-88.75083,30.43694,0,-2,9,2016,249,9,0.11130426824092865,0.08485281374238571,1,0,0,0,0,0,0,0.7982,0.3992,44.30000019073486,91.49999952316284,190.49999779462814,397.2999986112118,480.1999990642071,1021.5999956429005,1911.9120335280895,0.9200000166893005,0.8050000071525574,0.758222222328186,12.714285850524902,10.933333396911621,13.966666221618652,19.47333335876465,18.775554656982422,305.5,305.1233215332031,305.522216796875,59.78666687011719,59.421112060546875,1.090000033378601,0.800000011920929,1.2799999713897705,0.8199999928474426
-78.954154,36.258478,0,-2,12,2016,357,163,0.8346232175827026,0.042426406871192854,1,0,0,0,0,0,0,0.5551,0.2223,3.5000000596046448,4.300000071525574,40.200000286102295,49.30000054836273,265.7000036537647,694.9000018537045,1283.102262943983,0.43285712599754333,0.4286666512489319,0.5983333587646484,30.714284896850586,27.53333282470703,23.188888549804688,15.963333129882812,17.113332748413086,283.24285888671875,284.25665283203125,290.48333740234375,38.753334045410156,40.4033317565918,2.2100000381469727,2.9600000381469727,2.569999933242798,2.0899999141693115
-81.4199,27.6143,0,-2,2,2016,39,30,0.3708980083465576,0.03,0,0,0,0,0,0,1,0.63,0.4052,25.199999570846558,104.09999918937683,199.39999723434448,277.20503199100494,370.67911088466644,871.972981274128,1714.6273346245289,0.8185714483261108,0.6909999847412109,0.8218786716461182,19.285715103149414,20.266666412353516,23.17279815673828,17.85333251953125,17.102664947509766,295.8285827636719,294.3833312988281,298.2931823730469,46.6533317565918,49.861167907714844,3.559999942779541,2.200000047683716,2.109999895095825,1.7200000286102295
-87.2662,35.2707,0,-2,9,2018,267,296,0.08813059329986572,0.12,0,0,0,1,0,0,0,0.7303000000000001,0.45,135.29999923706055,148.19999933242798,181.09999907016754,248.49999916553497,399.09999883174896,872.8999937772751,1706.7999945282936,1.0985714197158813,1.0473333597183228,0.9486666917800903,18.0,20.299999237060547,18.0222225189209,17.639999389648438,17.711111068725586,303.8285827636719,303.8066711425781,303.6611022949219,50.68333435058594,51.947776794433594,2.130000114440918,2.4700000286102295,2.549999952316284,2.549999952316284
-83.88539167,32.82920833,0,-2,2,2019,57,130,0.46427634358406067,0.03,0,0,0,1,0,0,0,0.5916,0.2818,16.300000071525574,30.40000009536743,53.69999998807907,213.60000011324883,400.6000015437603,750.3000031411648,1639.7000102102757,0.48571428656578064,0.5206666588783264,0.464555561542511,16.714284896850586,24.633333206176758,18.66666603088379,15.553333282470703,17.358888626098633,293.22857666015625,291.0666809082031,289.1622314453125,47.31333541870117,48.91555404663086,3.2200000286102295,3.5899999141693115,2.0299999713897705,1.8799999952316284
-81.6679,26.5741,0,-2,4,2019,114,10,4.541440010070801,0.0,0,0,0,0,0,0,1,0.5194,0.3064,37.10000038146973,67.40000009536743,72.40000009536743,142.59999936819077,309.9000005722046,462.5999991297722,1653.7999940216541,1.0028572082519531,0.9903333187103271,0.9138888716697693,22.714284896850586,25.899999618530273,24.322221755981445,16.96666717529297,16.955554962158203,301.8857116699219,302.3166809082031,300.5199890136719,44.163333892822266,45.54999923706055,1.3899999856948853,1.3799999952316284,-1.1799999475479126,0.8799999952316284
-83.472803,35.435158,0,-2,2,2016,50,559,1.5612784624099731,0.042426406871192854,0,0,0,0,0,0,1,0.5032,0.26280000000000003,26.19999885559082,28.99999886751175,112.29999896883965,293.3282299041748,453.8619444966316,818.2612608969212,1506.9166068136692,0.23714286088943481,0.3243333399295807,0.34295615553855896,22.14285659790039,17.5,13.957236289978027,17.293333053588867,18.80218505859375,281.5571594238281,281.5466613769531,284.2405090332031,43.61666488647461,44.805519104003906,2.109999895095825,2.4000000953674316,1.0,-0.10999999940395355
-79.038714,34.958086,0,-2,5,2017,126,49,0.8875125646591187,0.0,0,0,0,0,0,0,1,0.6498,0.5219,23.200000196695328,141.29999867081642,147.8999987244606,254.09999892115593,306.9999986588955,509.1999997794628,1608.1999918818474,1.2014285326004028,1.1716666221618652,0.992555558681488,31.0,33.46666717529297,33.477779388427734,13.463333129882812,13.568888664245605,300.3428649902344,299.6166687011719,295.8166809082031,39.27333450317383,34.12333297729492,2.059999942779541,1.940000057220459,3.549999952316284,4.880000114440918
-78.249603,34.023391,0,-2,4,2019,98,10,3.1423323154449463,0.03,0,0,0,0,0,0,1,0.6159,0.4121,51.50000038743019,58.900000125169754,70.00000008940697,164.70000031590462,224.19999995827675,649.0999997854233,2576.9999877512455,0.6171428561210632,0.6463333368301392,0.5566666722297668,18.428571701049805,22.733333587646484,21.03333282470703,17.296667098999023,17.503334045410156,293.4142761230469,293.0899963378906,290.3677673339844,42.223331451416016,42.599998474121094,4.789999961853027,5.380000114440918,7.300000190734863,7.019999980926514
-82.5042,28.5108,0,-2,3,2018,85,27,0.5011258125305176,0.03,1,0,0,0,0,0,0,0.5745,0.3433,35.0,38.09999990463257,55.19999980926514,131.19999825954437,199.9999982714653,367.09999817609787,1564.6000075936317,0.6114285588264465,0.6453333497047424,0.6671110987663269,21.714284896850586,23.933332443237305,20.72222137451172,18.16666603088379,18.546667098999023,296.3999938964844,296.9666748046875,296.10223388671875,43.3466682434082,45.37333297729492,-0.05000000074505806,1.149999976158142,1.309999942779541,2.069999933242798
-85.645,33.977,0,-2,1,2016,30,246,0.03620077297091484,0.09,1,0,0,0,0,0,0,0.6209,0.3564,19.600000381469727,66.30000066757202,105.30000081658363,295.8009267151356,490.2777989208698,828.292185395956,1466.1951925456524,0.3857142925262451,0.3606666624546051,0.45152783393859863,19.14285659790039,18.700000762939453,16.361724853515625,16.68000030517578,18.175689697265625,286.77142333984375,283.0033264160156,288.67236328125,43.18000030517578,48.93874740600586,1.840000033378601,1.25,-1.0099999904632568,-0.6499999761581421
-81.2474,28.5289,0,-2,12,2015,364,23,0.25252047181129456,0.0,0,0,0,0,0,0,1,0.6591,0.4597,4.792783141136169,12.774196982383728,28.244951009750366,142.69115722179413,173.43583965301514,947.9184921681881,1542.8734226822853,1.0159889459609985,0.8563472032546997,0.9267866611480713,27.121978759765625,26.85868263244629,25.080541610717773,16.246253967285156,16.257034301757812,302.437744140625,299.91986083984375,301.1615295410156,52.738277435302734,52.0405387878418,2.0399999618530273,2.069999933242798,2.5,1.4900000095367432
-83.396117,36.535617,0,-2,3,2019,65,443,0.008843065239489079,0.0,0,0,0,0,0,0,1,0.5384,0.24180000000000001,51.40000104904175,150.39999914169312,413.39999651908875,514.3999972343445,713.5999987125397,1113.6000013649464,1885.000005632639,0.21000000834465027,0.2750000059604645,0.28155556321144104,6.285714149475098,7.166666507720947,9.911110877990723,20.959999084472656,19.9022216796875,279.3857116699219,283.9866638183594,282.20556640625,53.163333892822266,50.197776794433594,6.579999923706055,4.960000038146973,4.28000020980835,3.140000104904175
-83.5304,30.5017,0,-2,9,2016,258,38,0.0050044856034219265,0.042426406871192854,1,0,0,0,0,0,0,0.6599,0.4122,10.999999821186066,151.80000287294388,187.7000030875206,345.500000923872,433.0000012218952,825.6999987363815,1346.3820776343346,1.0928571224212646,1.118333339691162,1.2035555839538574,21.285715103149414,19.600000381469727,21.64444351196289,17.633333206176758,17.108888626098633,305.3999938964844,305.7033386230469,306.4966735839844,48.81666564941406,47.635555267333984,-0.8199999928474426,-0.949999988079071,0.05000000074505806,-0.6700000166893005
-82.9786,29.2319,0,-2,3,2016,79,11,0.06873130798339844,0.042426406871192854,0,0,0,0,0,0,1,0.6495000000000001,0.3403,39.09999966621399,39.09999966621399,47.69999980926514,108.19999939203262,199.1476771235466,359.7207489013672,1558.291101872921,0.772857129573822,0.6626666784286499,0.5323835015296936,21.714284896850586,25.33333396911621,21.468297958374023,16.586666107177734,17.724262237548828,298.28570556640625,296.0566711425781,293.43603515625,46.82666778564453,52.83144760131836,-1.5099999904632568,-1.190000057220459,-0.9800000190734863,1.6399999856948853
-81.76834722,31.25850556,0,-2,2,2018,50,20,0.5282309055328369,0.03,0,0,0,1,0,0,0,0.5619000000000001,0.3269,0.0,12.799999922513962,60.40000030398369,125.40000149607658,201.70000198483467,635.6999951303005,1354.699994713068,0.7971428632736206,0.6176666617393494,0.5087777972221375,23.0,22.566667556762695,19.91111183166504,17.97333335876465,18.53333282470703,297.6000061035156,294.61334228515625,291.314453125,45.82666778564453,47.2400016784668,0.8299999833106995,1.2899999618530273,1.5700000524520874,-0.6700000166893005
-81.488438,35.554324,0,-2,4,2019,100,386,0.30688631534576416,0.03,0,0,1,0,0,0,0,0.7286,0.4408,49.29999876022339,51.49999874830246,84.4999982714653,327.69999891519547,404.999999165535,988.0000002980232,1968.5999940633774,0.7285714149475098,0.7006666660308838,0.5059999823570251,21.285715103149414,25.233333587646484,19.744443893432617,14.470000267028809,16.3266658782959,295.1714172363281,291.3900146484375,286.8566589355469,36.00666809082031,41.87888717651367,6.059999942779541,6.289999961853027,5.739999771118164,2.490000009536743
